source,source_position,product_id,product_name,product_category_id,category_name,product_category,ingredient_id,ingredient_name,synonym,NAFDAC,form_id,form_name,route_id,route_name,strength,applicant_id,applicant_name,approval_date,expiry_date,status,product_description,pack_size,composition,smpc,atc,source_url,scraped_at
Greenbook NAFDAC,1001,3702,Beta-T Injection**,1,Drugs,"{'id': 1, 'name': 'Drugs', 'created_at': '-000001-11-30T00:00:00.000000Z', 'updated_at': '2022-03-17T16:53:12.000000Z', 'deleted_at': None}",551,α-β Arteether,Alpha Beta Arteether; Alfa Beta Arteether,B4-3396,107,Solution for injection,9,Intramuscular,150 mg/2 mL,306,Tamar &amp; Pharez Nig Ltd,2020-12-21,2025-12-20,Inactive,Oily solution for injection in 2-mL ampoule,,,,P01BE,https://greenbook.nafdac.gov.ng/products/details/3702,2026-09-27T21:50:58.439770+00:00
Greenbook NAFDAC,1002,7145,Betaceftran Injection**,1,Drugs,"{'id': 1, 'name': 'Drugs', 'created_at': '-000001-11-30T00:00:00.000000Z', 'updated_at': '2022-03-17T16:53:12.000000Z', 'deleted_at': None}",1541,Ceftriaxone (Ceftriaxone Sodium),,B4-3863,70,Powder for injection,12,Intravenous,1 g,211,LaBeta Drugs Limited,2024-02-28,2029-02-27,Active,"Powder for Solution for Injection or Infusion.
Almost white or yellowish, crystalline powder",1 g x 1&#039;s (in vial) + 10 mL SWFI (in ampoule),"Combipack:
A) Each vial contains: Ceftriaxone Sodium equivalent to 1 g of Ceftriaxone
B) Each ampoule contains: Water for Injection 10 mL

Excipients with known effect: Sodium 89 g",https://admin.greenbook.nafdac.gov.ng/uploadImage/smpc_files/2024/03/26/20240326c539ffac-a73b-5124-9434-ad95cacaf01c.pdf,J01DD04,https://greenbook.nafdac.gov.ng/products/details/7145,2026-09-27T21:50:58.439770+00:00
Greenbook NAFDAC,1003,7873,Betaclav 625 mg Tablets**,1,Drugs,"{'id': 1, 'name': 'Drugs', 'created_at': '-000001-11-30T00:00:00.000000Z', 'updated_at': '2022-03-17T16:53:12.000000Z', 'deleted_at': None}",423,Amoxicillin (Amoxicillin Trihydrate); Clavulanic Acid (Potassium Clavulanate),,A4-3486,1,Tablet,1,Oral,500 mg; 125 mg,210,Korlyns Pharmaceuticals Ltd,2021-02-25,2026-02-24,Inactive,Film-coated tablet,2 x 7&#039;s (in Aluminium PVC/PVdC blisters),"Each tablet contains: Amoxicillin (as Trihydrate) 500 mg, Clavulanic Acid (as Potassium Clavulanate) USP 125 mg",https://admin.greenbook.nafdac.gov.ng/uploadImage/smpc_files/2024/07/22/202407224f36a753-680d-5c9d-9370-20a1ad9d71d5.pdf,,https://greenbook.nafdac.gov.ng/products/details/7873,2026-09-27T21:50:58.439770+00:00
Greenbook NAFDAC,1004,5620,Betadine Germicide Gargle##,1,Drugs,"{'id': 1, 'name': 'Drugs', 'created_at': '-000001-11-30T00:00:00.000000Z', 'updated_at': '2022-03-17T16:53:12.000000Z', 'deleted_at': None}",955,Povidone-iodine,,04-4013,26,Gargle,1,Oral,2%,271,Phillips Pharmaceuticals (Nigeria) Limited,2023-08-31,2028-08-30,Active,"Solution

Betadine Germicide Gargle 2%-Mint	POVIDONE IODINE	Povidone Iodine,Citric Acid MonohydrateDibasic Sodium Phosphate,	Apr-13	Drugs	Imported Products	1*100ML,50ML	Prescription Only Medicine (POM)	17/10/2022	PHILLIPS PHARMACEUTICALS (NIGERIA) LIMITED, PLOT 122-123 AFRIPRINT ESTATE, ISOLO	8035493198	samson.omattah@phillipsnigeria.com	G.S PHARMBUTOR PVT, B-172 INDUSTRIAL AREA BEHROR 301701 RAJASTHAN INDIA, India","1 x 100 mL,1 x 50 mL (in amber PET bottles)","Betadine Germicide Gargle contains: Povidone Iodine 2%
Excipients q.s.",https://admin.greenbook.nafdac.gov.ng/uploadImage/smpc_files/2023/09/09/202309098bb90922-27c4-5389-9050-a4a4e5bb1e11.pdf,R02AA15,https://greenbook.nafdac.gov.ng/products/details/5620,2026-09-27T21:50:58.439770+00:00
Greenbook NAFDAC,1005,7141,Betadine Standardized Microbicidal Solution 10% w/v##,1,Drugs,"{'id': 1, 'name': 'Drugs', 'created_at': '-000001-11-30T00:00:00.000000Z', 'updated_at': '2022-03-17T16:53:12.000000Z', 'deleted_at': None}",955,Povidone-iodine,,A1-4924L,105,Solution,21,Topical,10%,271,Phillips Pharmaceuticals (Nigeria) Limited,2024-01-31,2029-01-30,Active,"Solution
Aqueous topical solution

64	RNW-PP-340141	Betadine Standardized Microbicidal Solution 10% w/v	Povidone Iodine (10%)	Povidone Iodine, Tabonic SE 305 Superamide Sodium Hydroxide	A1-4924L	Drugs	Imported Products	50 ml ,100 ml.&amp;500ML	Prescription Only Medicine (POM)	10/11/2023	PHILLIPS PHARMACEUTICALS (NIGERIA) LIMITED, PLOT 122-123 AFRIPRINT ESTATE, ISOLO	8035493198	samson.omattah@phillipsnigeria.com	G.S PHARMABUTOR PVT LTD, G.S PHARMBUTOR PVT LTD B 172 INDUSTRIAL AREA BEHROR 301701 RAJASTHAN , India","1 x 50 mL ,1 x 100 mL,1 x 500 mL (in amber PET bottles)","Betadine Standardized Microbicidal Solution 10% w/v contains: Povidone Iodine USP 10%
Excipients q.s.",https://admin.greenbook.nafdac.gov.ng/uploadImage/smpc_files/2024/02/17/202402177cf9bbea-610d-5634-94d3-117d56b74866.pdf,D08AG02,https://greenbook.nafdac.gov.ng/products/details/7141,2026-09-27T21:50:58.439770+00:00
Greenbook NAFDAC,1006,7144,Betadine Surgical Scrub##,1,Drugs,"{'id': 1, 'name': 'Drugs', 'created_at': '-000001-11-30T00:00:00.000000Z', 'updated_at': '2022-03-17T16:53:12.000000Z', 'deleted_at': None}",955,Povidone-iodine,,04-4018,105,Solution,21,Topical,7.5%,271,Phillips Pharmaceuticals (Nigeria) Limited,2024-01-31,2029-01-30,Active,"Cleansing Solution

67	RNW-PP-277349	BETADINE SURGICAL SCRUB	POVIDONE IODINE 7.5%	povidone iodine 10% Excipient:Citric Acid Monohydrate, Dibasic Sodium Phosphate, Glycerine, Hyoxyd AAO/Alphox -200, Potassium Iodate, Sodium Hydroxide, Purified Water	Apr-18	Drugs	Imported Products	1*50	Prescription Only Medicine (POM)	10/11/2023	PHILLIPS PHARMACEUTICALS (NIGERIA) LIMITED, PLOT 122-123 AFRIPRINT ESTATE, ISOLO	8035493198	samson.omattah@phillipsnigeria.com	G.S PHARMABUTOR PVT LTD, G.S PHARMBUTOR PVT LTD B 172 INDUSTRIAL AREA BEHROR 301701 RAJASTHAN , India","1 x 50 mL (in PET bottle), 1 x 500 mL (in HDPE bottle)","Betadine Surgical Scrub contains: Povidone Iodine USP 9.0% w/v
Excipients: Sodium Hydroxide, Superamide, SE 305 Tabonic",https://admin.greenbook.nafdac.gov.ng/uploadImage/smpc_files/2024/02/17/2024021716535cfb-03d0-5fa9-bdce-9095be9750f7.pdf,D08AG02,https://greenbook.nafdac.gov.ng/products/details/7144,2026-09-27T21:50:58.439770+00:00
Greenbook NAFDAC,1007,7874,Betaform 500 Tablet**,1,Drugs,"{'id': 1, 'name': 'Drugs', 'created_at': '-000001-11-30T00:00:00.000000Z', 'updated_at': '2022-03-17T16:53:12.000000Z', 'deleted_at': None}",625,Metformin Hydrochloride,,A4-6477,1,Tablet,1,Oral,500 mg,189,Greenlife Pharmaceutical Limited,2022-11-20,2027-11-19,Active,Tablet,6 x 14&#039;s; 10 x 10&#039;s,"Each tablet contains: Metformin Hydrochloride 500 mg.

Excipients:
Purified Talc, Dichloromethane, Isopropyl Alcohol, Wincoat-Wt-1001 White, Colloidal Anhydrous Silica, Microcrystalline, Cellulose, Maize Starch, Povidone (PVPK 30), Magnesium Stearate",https://admin.greenbook.nafdac.gov.ng/uploadImage/smpc_files/2024/11/17/2024111728c34ed0-17ba-5a25-928e-4b500f93586f.pdf,A10BA02,https://greenbook.nafdac.gov.ng/products/details/7874,2026-09-27T21:50:58.439770+00:00
Greenbook NAFDAC,1008,35,Betaglip Tablets##,1,Drugs,"{'id': 1, 'name': 'Drugs', 'created_at': '-000001-11-30T00:00:00.000000Z', 'updated_at': '2022-03-17T16:53:12.000000Z', 'deleted_at': None}",624,Glipizide,,A4-9236,1,Tablet,1,Oral,5 mg,303,Swiss Pharma Nigeria Limited,2021-12-02,2026-12-01,Active,Tablet,3 x 10&#039;s,Each tablet contains: Glipizide 5 mg,,A10BB07,https://greenbook.nafdac.gov.ng/products/details/35,2026-09-27T21:50:58.439770+00:00
Greenbook NAFDAC,1009,11376,Betalarn Tablets**,1,Drugs,"{'id': 1, 'name': 'Drugs', 'created_at': '-000001-11-30T00:00:00.000000Z', 'updated_at': '2022-03-17T16:53:12.000000Z', 'deleted_at': None}",1594,Betamethasone (Betamethasone Sodium Phosphate),,A4-2002,1,Tablet,1,Oral,0.5 mg,1674,Barnaeto Pharmaceuticals Ltd,2025-05-27,2030-05-26,Active,"Uncoated tablet.
White colored, round shaped, flat, uncoated tablet, break-line on one side, plain on other side",50 x 10&#039;s,"Each uncoated tablet contains: Betamethasone BP 0.5 mg

Excipients with known effects: Lactose Monohydrate, Sodium Lauryl Sulfate",https://admin.greenbook.nafdac.gov.ng/uploadImage/smpc_files/2025/06/24/2025062421628785-6e85-546c-8c75-a03e6431e17f.pdf,H02AB01,https://greenbook.nafdac.gov.ng/products/details/11376,2026-09-27T21:50:58.439770+00:00
Greenbook NAFDAC,1010,7985,Betaloc ZOK 100 mg Tablets**,1,Drugs,"{'id': 1, 'name': 'Drugs', 'created_at': '-000001-11-30T00:00:00.000000Z', 'updated_at': '2022-03-17T16:53:12.000000Z', 'deleted_at': None}",1595,Metoprolol Tartrate (Metoprolol Succinate),,04-6204,1,Tablet,1,Oral,100 mg,347,AstraZeneca Nigeria Limited,2021-08-03,2026-08-02,Inactive,"Prolonged release tablets.
White, round with a diameter of 10 mm, bisected, marked A/mS.
The score mark is not intended to divide the tablet into two equal doses. It is only intended to facilitate swallowing",1 x 30&#039;s,Each tablet contains: Metoprolol Succinate 95 mg equiv. to Metoprolol Tartrate 100 mg,https://admin.greenbook.nafdac.gov.ng/uploadImage/smpc_files/2024/09/25/20240925fb66a9d2-ee51-52bb-84e8-e54475c4527f.pdf,C07AB02,https://greenbook.nafdac.gov.ng/products/details/7985,2026-09-27T21:50:58.439770+00:00
Greenbook NAFDAC,1011,7325,Betaloc ZOK 25 Tablets**,1,Drugs,"{'id': 1, 'name': 'Drugs', 'created_at': '-000001-11-30T00:00:00.000000Z', 'updated_at': '2022-03-17T16:53:12.000000Z', 'deleted_at': None}",1595,Metoprolol Tartrate (Metoprolol Succinate),,A4-6203,1,Tablet,1,Oral,25 mg,347,AstraZeneca Nigeria Limited,2024-04-30,2029-05-01,Active,"Prolonged release tablets.
White, oval with a size of 5.5 mm x 10.5 mm, bisected, marked A/B",1 x 30&#039;s,Each prolonged release tablet contains: 23.75 mg Metoprolol succinate corresponding to 25 mg Metoprolol tartrate,https://admin.greenbook.nafdac.gov.ng/uploadImage/smpc_files/2024/05/14/20240514356347ca-0eff-5f9d-986a-bbca1c00becb.pdf,C07AB02,https://greenbook.nafdac.gov.ng/products/details/7325,2026-09-27T21:50:58.439770+00:00
Greenbook NAFDAC,1012,7327,Betaloc ZOK 50 Tablets**,1,Drugs,"{'id': 1, 'name': 'Drugs', 'created_at': '-000001-11-30T00:00:00.000000Z', 'updated_at': '2022-03-17T16:53:12.000000Z', 'deleted_at': None}",1595,Metoprolol Tartrate (Metoprolol Succinate),,A4-6202,1,Tablet,1,Oral,50 mg,347,AstraZeneca Nigeria Limited,2024-04-30,2029-05-01,Active,"Prolonged Release Tablet.
White, round with a diameter of 9 mm, bisected, marked &quot;A/mO&quot;. The score mark is not intended to divide the tablet into two equal doses. It is only intended to facilitate swallowing",1 x 30&#039;s (in PVC-Alu blisters),"Each prolonged release tablet contains: Metoprolol Succinate 47.5 mg equivalent to Metoprolol Tartrate 50 mg, Excipients q.s.",https://admin.greenbook.nafdac.gov.ng/uploadImage/smpc_files/2024/05/14/202405144868bbe8-ceff-5164-a58e-483e06ca9e98.pdf,C07AB02,https://greenbook.nafdac.gov.ng/products/details/7327,2026-09-27T21:50:58.439770+00:00
Greenbook NAFDAC,1013,7879,Betamycin Capsules**,1,Drugs,"{'id': 1, 'name': 'Drugs', 'created_at': '-000001-11-30T00:00:00.000000Z', 'updated_at': '2022-03-17T16:53:12.000000Z', 'deleted_at': None}",495,Lincomycin (Lincomycin Hydrochloride),, B4-1352,2,Capsule,1,Oral,500 mg,664,Hanbet Pharmaceuticals Limited,2021-05-27,2026-05-26,Inactive,Hard gelatin capsules,3 x 4&#039;s (in PVC/Aluminum foil blisters),Each capsule contains: lincomycin Hydrochloride equiv. to Lincomycin 500 mg,https://admin.greenbook.nafdac.gov.ng/uploadImage/smpc_files/2024/09/12/20240912448fc135-ab00-5497-aee5-6589d3064ef0.pdf,,https://greenbook.nafdac.gov.ng/products/details/7879,2026-09-27T21:50:58.439770+00:00
Greenbook NAFDAC,1014,7880,Betanem Tablets**,1,Drugs,"{'id': 1, 'name': 'Drugs', 'created_at': '-000001-11-30T00:00:00.000000Z', 'updated_at': '2022-03-17T16:53:12.000000Z', 'deleted_at': None}",864,Betamethasone (Betamethasone Valerate),,A4-4261,1,Tablet,1,Oral,0.5 mg,406,Life - Line Pharmaceuticals Ltd,2021-05-07,2026-05-06,Inactive,Tablet,50 x 10&#039;s,,,,https://greenbook.nafdac.gov.ng/products/details/7880,2026-09-27T21:50:58.439770+00:00
Greenbook NAFDAC,1015,36,Betaren Dexcel 100 Retard Tablet##,1,Drugs,"{'id': 1, 'name': 'Drugs', 'created_at': '-000001-11-30T00:00:00.000000Z', 'updated_at': '2022-03-17T16:53:12.000000Z', 'deleted_at': None}",77,Diclofenac Sodium,,04-3877,1,Tablet,1,Oral,100 mg,1042,Perth Pharmaceuticals Ltd,2021-12-16,2026-12-15,Active,Extended Release Tablet,,Each tablet contains: Diclofenac Sodium 100 mg,,M01AB05,https://greenbook.nafdac.gov.ng/products/details/36,2026-09-27T21:50:58.439770+00:00
Greenbook NAFDAC,1016,5011,Betas Gripe Water**,1,Drugs,"{'id': 1, 'name': 'Drugs', 'created_at': '-000001-11-30T00:00:00.000000Z', 'updated_at': '2022-03-17T16:53:12.000000Z', 'deleted_at': None}",1086,Sodium bicarbonate; Dill oil,,B4-6839,101,Liquid,1,Oral,50 mg/5 mL; 2.15 mg/5 mL,129,Aspen Pharmacare Nigeria Limited,2023-07-27,2028-07-26,Active,"Oral Liquid.
A colorless to pale straw liquid odor and taste of dill seed oil",1 x 60 mL (in amber PET bottle),"Each 5 mL contains: Sodium Bicarbonate 50 mg, Terpenless Dill Seed Oil 2.15 mg",https://admin.greenbook.nafdac.gov.ng/uploadImage/smpc_files/2023/08/22/20230822f0ace95f-9294-5349-97c6-eea1ca585822.pdf,A02AH,https://greenbook.nafdac.gov.ng/products/details/5011,2026-09-27T21:50:58.439770+00:00
Greenbook NAFDAC,1017,12140,Betasalic Lotion_,1,Drugs,"{'id': 1, 'name': 'Drugs', 'created_at': '-000001-11-30T00:00:00.000000Z', 'updated_at': '2022-03-17T16:53:12.000000Z', 'deleted_at': None}",866,Betamethasone; Salicylic acid,,A11-100984,110,Lotion,21,Topical,0.1%; 3%,162,Drugfield Pharmaceuticals Limited,2025-09-24,2030-09-23,Active,"Lotion.
A clear and colorless liquid",1 x 30 mL (in bottle),"Each gram contains: Betamethasone 0.1% w/v, and Salicylic Acid 3% w/v
Excipients q.s.",https://admin.greenbook.nafdac.gov.ng/uploadImage/smpc_files/2025/11/18/202511189990ed7e-8fa9-5ac3-a63e-9d75ea544e83.pdf,D07XC01,https://greenbook.nafdac.gov.ng/products/details/12140,2026-09-27T21:50:58.439770+00:00
Greenbook NAFDAC,1018,11955,Betasalic Ointment_,1,Drugs,"{'id': 1, 'name': 'Drugs', 'created_at': '-000001-11-30T00:00:00.000000Z', 'updated_at': '2022-03-17T16:53:12.000000Z', 'deleted_at': None}",866,Betamethasone; Salicylic acid,,A11-100981,58,Ointment,21,Topical,0.1%; 0.3%,162,Drugfield Pharmaceuticals Limited,2025-09-24,2030-09-23,Active,"Ointment.
Smooth white, translucent homogenous ointment",1 x 30 g (in Alu tube),"Each gram contains: Betamethasone 0.1% w/w, and Salicylic Acid 3% w/w
Excipients q.s.",https://admin.greenbook.nafdac.gov.ng/uploadImage/smpc_files/2025/11/19/20251119b35f050e-3a31-5b94-aa25-e8d6579f5c18.pdf,D07XC01,https://greenbook.nafdac.gov.ng/products/details/11955,2026-09-27T21:50:58.439770+00:00
Greenbook NAFDAC,1019,5012,Betasol Lotion	Clobetasol Propionate##,1,Drugs,"{'id': 1, 'name': 'Drugs', 'created_at': '-000001-11-30T00:00:00.000000Z', 'updated_at': '2022-03-17T16:53:12.000000Z', 'deleted_at': None}",868,Clobetasol Propionate,,A4-7774,110,Lotion,21,Topical,0.05%,289,Shalina Healthcare Nigeria Limited,2023-07-27,2028-07-26,Active,"Lotion (Topical Preparation)

77	RNW-PP-338072	BETASOL LOTION	CLOBETASOL PROPIONATE	Clobetasol propionate USP 0.05% (Excipients: Glycerin BP, Methyl Hydroxybenzoate BP (Methyl Paraben), Propyl Hydroxybenzoate BP (Propyl Paraben), Propylene Glycol BP, Citric acid, Monohydrate BP, Sodium Citrate BP, Purified Water BP)	A4-7774	Drugs	Imported Products	1x30ml	POM 1	6/16/2023	SHALINA HEALTHCARE NIGERIA LIMITED, 19 Fatai Atere Way, Matori, Mushin	18183973	theophilus.adimoha@shalina.com	Shalina Laboratories Pvt Ltd. , Plot No E-2 &amp; E-3, MIDC Jejuri, Tal Purandar, Pune 412303 Maharashtra State, India, India",1 x 30 mL (in LDPE and HDPE bottle),"Each 30 mL contains: Clobetasol Propionate USP 15.00 mg
Excipients: Glycerin BP, Methyl Hydroxybenzoate BP (Methyl Paraben), Propyl Hydroxybenzoate BP (Propyl Paraben), Propylene Glycol BP, Citric Acid, Monohydrate BP, Sodium Citrate BP, Purified Water BP",https://admin.greenbook.nafdac.gov.ng/uploadImage/smpc_files/2023/08/27/2023082741a3e40b-4f91-5b6a-bfff-878cd6b258ec.pdf,D07AD01,https://greenbook.nafdac.gov.ng/products/details/5012,2026-09-27T21:50:58.439770+00:00
Greenbook NAFDAC,1020,7140,Betasol Plus Cream## (strength and strength format),1,Drugs,"{'id': 1, 'name': 'Drugs', 'created_at': '-000001-11-30T00:00:00.000000Z', 'updated_at': '2022-03-17T16:53:12.000000Z', 'deleted_at': None}",1112,Clobetasol; Ketoconazole; Neomycin,,B4-9264,4,Cream,21,Topical,0.25mg; 10mg; 5000IU,289,Shalina Healthcare Nigeria Limited,2024-02-28,2029-02-27,Active,"Cream

43	RNW-PP-339620	BETASOL PLUS CREAM	CLOBETASOL PROPIONATE, KETOCONAZOLE, NEOMYCIN SULPHATE	Clobetasol Propionate USP 0.25mg, Ketoconazole USP 10mg, Neomycin Sulfate BP 5000IU (EXCIPIENTS: Cetomacrogol 1000 BP, Cetostearyl Alcohol BP, Methyl Hydroxy Benzoate BP, Propyl Hydroxy Benzoate BP, White Soft Paraffin BP (White Petroleum Jelly), Parachloro Meta Cresol (Chlorocresol) BP, Propylene Glycol BP, Anhydrous Sodium Sulphite BP, Sodium Dihydrogen Phosphate Dihydrate BP, Carrot Fragrance 120314 IH, Purified Water (q.s.) BP)	B4-9264	Drugs	Imported Products	1X30G,1X15G	Prescription Only Medicine (POM)	7/5/2023	SHALINA HEALTHCARE NIGERIA LIMITED, 19 Fatai Atere Way, Matori, Mushin Lagos	18183973	theophilus.adimoha@shalina.com	Shalina Laboratories Pvt Ltd. , Plot No E-2 &amp; E-3, MIDC Jejuri, Tal Purandar, Pune 412303 Maharashtra State, India, India","1 x 30 g, 1 x 15 g (in Alu tubes)","Each 15 g tube contains: Clobetasol Propionate USP 3.75 mg, Ketoconazole (micronized) USP 150 mg, Neomycin Sulphate BP 141.8 mg
Each 30 g tube contains: Clobetasol Propionate USP 7.5 mg, Ketoconazole (micronized) USP 300 mg, Neomycin Sulphate BP 283.6 mg
Excipients: Clobetasol Propionate USP, Ketoconazole USP, Neomycin Sulfate BP, Cetomacrogol 1000 BP, Cetostearyl Alcohol BP, Methyl Hydroxy Benzoate BP, Propyl Hydroxy Benzoate BP, White Soft Paraffin BP (White Petroleum Jelly), Parachloro Meta Cresol (Chlorocresol) BP, Propylene Glycol BP, Anhydrous Sodium Sulphite BP, Sodium Dihydrogen Phosphate Dihydrate BP, Carrot Fragrance 120314 IH, Purified Water q.s. BP",https://admin.greenbook.nafdac.gov.ng/uploadImage/smpc_files/2024/03/26/20240326095e4f1b-4f1d-5dd7-8841-a9c458afcd74.pdf,D07CD01,https://greenbook.nafdac.gov.ng/products/details/7140,2026-09-27T21:50:58.439770+00:00
Greenbook NAFDAC,1021,4739,Betasol-N##,1,Drugs,"{'id': 1, 'name': 'Drugs', 'created_at': '-000001-11-30T00:00:00.000000Z', 'updated_at': '2022-03-17T16:53:12.000000Z', 'deleted_at': None}",769,Betamethasone (Betamethasone Sodium Phosphate); Neomycin sulfate,,04-9770,16,Ear/eye drops,15,Ophthalmic,0.1%; 0.5%,1190,TGZ Pharma Ltd,2023-07-06,2028-07-05,Active,"18	RNW-PP-303390	BETASOL-N	BETAMETHASONE/NEOMYCIN	BETAMETHANSONE SODIUM PHOSPHATE BP 0.1%W/V NEOMYCIN SULPHATE BP 0.5% W/V	Apr-70	Drugs	Imported Products	1pack*7.5ML	Prescription Only Medicine (POM)	12/14/2022	TGZ PHARMA LTD, ELEGANZA PLAZA, 1ST LAGOS ------- Select State -------	8034099059	hassan@aliabass.com	MBL PHARMA LTD, PLOT NO. B-77/A, HUB INDUSTRIAL TRADING ESTATE, BALUCHISTAN, PAKISTAN., Pakistan",1 x 7.5 mL,"Betasol-N contains: Betamethasone Sodium Phosphate BP 0.1% w/v, Neomycin Sulphate BP 0.5% w/v",,S03CA06,https://greenbook.nafdac.gov.ng/products/details/4739,2026-09-27T21:50:58.439770+00:00
Greenbook NAFDAC,1022,37,Betavate C Cream##,1,Drugs,"{'id': 1, 'name': 'Drugs', 'created_at': '-000001-11-30T00:00:00.000000Z', 'updated_at': '2022-03-17T16:53:12.000000Z', 'deleted_at': None}",864,Betamethasone (Betamethasone Valerate),,A4-5126,4,Cream,21,Topical,0.1%,1044,La-Lid Pharmaceutical Company Limited,2021-12-02,2026-12-01,Active,Cream,,Each cream contains: Betamethasone Valerate equivalent to Betamethasone 0.1%,,A07AA51,https://greenbook.nafdac.gov.ng/products/details/37,2026-09-27T21:50:58.439770+00:00
Greenbook NAFDAC,1023,38,Betavate N##,1,Drugs,"{'id': 1, 'name': 'Drugs', 'created_at': '-000001-11-30T00:00:00.000000Z', 'updated_at': '2022-03-17T16:53:12.000000Z', 'deleted_at': None}",769,Betamethasone (Betamethasone Sodium Phosphate); Neomycin sulfate,,A4-5162,4,Cream,21,Topical,0.1%; 0.5%,1044,La-Lid Pharmaceutical Company Limited,2021-12-02,2026-12-01,Active,Cream,,"Betavate N contains: Betamethasone Sodium equivalent to Betamethasone 0.1%, Neomycin Sulfate 0.5%",,D07CC01,https://greenbook.nafdac.gov.ng/products/details/38,2026-09-27T21:50:58.439770+00:00
Greenbook NAFDAC,1024,4363,Betazee-N Eye/Ear Drop##,1,Drugs,"{'id': 1, 'name': 'Drugs', 'created_at': '-000001-11-30T00:00:00.000000Z', 'updated_at': '2022-03-17T16:53:12.000000Z', 'deleted_at': None}",769,Betamethasone (Betamethasone Sodium Phosphate); Neomycin sulfate,,B4-3406,16,Ear/eye drops,28,Ophthalmic/Otic,0.1%; 0.5%,331,Zeenat Nigeria Ltd,2022-12-15,2027-12-14,Active,Ear/Eye Drops,1 x 10 mL,"Betazee-N Eye/Ear Drop contains: Betamethasone Sodium Phosphate equivalent to Betamethasone 0.1%, Neomycin Sulfate 0.5%",,S03CA06,https://greenbook.nafdac.gov.ng/products/details/4363,2026-09-27T21:50:58.439770+00:00
Greenbook NAFDAC,1025,7875,Betglowsol-N Eye/Ear Drops**,1,Drugs,"{'id': 1, 'name': 'Drugs', 'created_at': '-000001-11-30T00:00:00.000000Z', 'updated_at': '2022-03-17T16:53:12.000000Z', 'deleted_at': None}",769,Betamethasone (Betamethasone Sodium Phosphate); Neomycin sulfate,,A4-6543,104,Solution/Drops,28,Ophthalmic/Otic,0.1%; 0.5%,431,Mayglow Pharmaceutical Limited,2021-01-28,2026-01-27,Inactive,Ophthalmic/Otic Solution,7.5 mL x 1&#039;s,"Betamethasone Sodium Phosphate BP 0.1% w/w, Neomycin Sulphate BP 0.5% w/w",,S03CA06,https://greenbook.nafdac.gov.ng/products/details/7875,2026-09-27T21:50:58.439770+00:00
Greenbook NAFDAC,1026,8589,Betham Tablets**,1,Drugs,"{'id': 1, 'name': 'Drugs', 'created_at': '-000001-11-30T00:00:00.000000Z', 'updated_at': '2022-03-17T16:53:12.000000Z', 'deleted_at': None}",1594,Betamethasone (Betamethasone Sodium Phosphate),,A4-101054,1,Tablet,1,Oral,2 mg,170,Expharlab Limited,2024-10-31,2029-10-30,Active,"Scored, Uncoated Tablet.
White to off white, round, flat bevel edged tablet having a break line on one side",2 x 10&#039;s (in PVC-PVDC/Alu blisters),"Each tablet contains: Betamethasone sodium phosphate 2.632 mg equiv. to Betamethasone 2 mg.

Excipients with known effects: Lactose, Sucrose",https://admin.greenbook.nafdac.gov.ng/uploadImage/smpc_files/2024/11/22/202411226961b67e-e840-559d-9be0-182a872fb6dd.pdf,,https://greenbook.nafdac.gov.ng/products/details/8589,2026-09-27T21:50:58.439770+00:00
Greenbook NAFDAC,1027,4736,Betix 2 mg##,1,Drugs,"{'id': 1, 'name': 'Drugs', 'created_at': '-000001-11-30T00:00:00.000000Z', 'updated_at': '2022-03-17T16:53:12.000000Z', 'deleted_at': None}",623,Glimepiride,,B4-7578,1,Tablet,1,Oral,2 mg,835,Takki Healthcare Limited,2023-05-25,2028-05-24,Active,"Tablet

28	RNW-PP-292728	Betix 2mg	GLIMEPIRIDE	Glimepiride 2mg , Excipients -Microcrystalline Cellulose PH 102 Talcum Powder Magnesium Stearate Cross Carmellose Sodium Colloidal Anhydrous Silica Sodium Starch Glycolate Colour Coat FC4S-H Iso Propyl Alcohol Methylene Chloride	B4-7578	Drugs	Imported Products	3*10	Prescription Only Medicine (POM)	10/29/2022	TAKKI HEALTHCARE LIMITED, MAZADO PLAZA SHETIMA MUNGONO CRESCENT OFF NGOZI IWEALA STREET, UTAKO ABUJA FCT	0	takihealth@gmail.com	ALCHEMY MEDICINE PVT LTD&gt;16636, KHASRA NO. 44, VILLAGE KHELPUR, NASRULLA CHUDIYALA ROAD, BHAGWANPUR, ROOKEE, HARIDWAR UTTARAKHAND , INDIA, India
",3 x 10&#039;s (in PVC-Alu blisters),"Each tablet contains: Glimepiride 2 mg
Excipients q.s.",https://admin.greenbook.nafdac.gov.ng/uploadImage/smpc_files/2023/08/22/20230822b2bf652d-c600-536b-b31d-05226e9186eb.pdf,A10BB12,https://greenbook.nafdac.gov.ng/products/details/4736,2026-09-27T21:50:58.439770+00:00
Greenbook NAFDAC,1028,7818,Betix 4 mg Tablets**,1,Drugs,"{'id': 1, 'name': 'Drugs', 'created_at': '-000001-11-30T00:00:00.000000Z', 'updated_at': '2022-03-17T16:53:12.000000Z', 'deleted_at': None}",623,Glimepiride,,A4-100968,1,Tablet,1,Oral,4 mg,835,Takki Healthcare Limited,2024-07-31,2029-07-30,Active,Film-coated tablet,10 x 10&#039;s (in blisters),"Glimepiride Tablets USP 4 mg.
Each film coated tablet contains: Glimepiride USP 4 mg",https://admin.greenbook.nafdac.gov.ng/uploadImage/smpc_files/2024/09/15/2024091522924f4d-eb11-58f5-8048-cc157c8f6fed.pdf,,https://greenbook.nafdac.gov.ng/products/details/7818,2026-09-27T21:50:58.439770+00:00
Greenbook NAFDAC,1029,5625,Betnacin-EEN Eye/Ear/Nose Drops##,1,Drugs,"{'id': 1, 'name': 'Drugs', 'created_at': '-000001-11-30T00:00:00.000000Z', 'updated_at': '2022-03-17T16:53:12.000000Z', 'deleted_at': None}",769,Betamethasone (Betamethasone Sodium Phosphate); Neomycin sulfate,,B4-8181,18,Ear/eye/nose drops,30,Ophthalmic/Otic/Nasal,0.1%; 0.5%,210,Korlyns Pharmaceuticals Ltd,2023-04-26,2028-04-25,Active,"Eye/Ear/Nasal Drops

BETNACIN-EEN EYE/EAR/NOSE DROPS	BETAMETHASONE SODIUM PHOSPHATE 0.1 %W/V + NEOMYCIN SULPHATE 0.5%W/V	BETAMETHASONE SODIUM PHOSPHATE 0.1 %W/V + NEOMYCIN SULPHATE 0.5%W/V Sodium starch glycolate (type A) Calcium hydrogen phosphate, anhydrous Cellulose, microcrystalline Magnesium stearate	B4-8181	Drugs	Imported Products	1*10ML	Prescription Only Medicine (POM)	26/10/2022	KORLYNS PHARMACEUTICALS LIMITED, 7, JAIYE OYEDOTUN STREET, MAGODO LAGOS LAGOS	8123173544	hardeybeecee77@yahoo.com	INDIANA OPTHALMICS, Plot No.136-137,Wadwan City-363 035,Surendranagar.Gujarat.Indian, India",1 x 10 mL (in LDPE bottle),"Betnacin-EEN Eye/Ear/Nose Drops contains: Betamethasone Sodium Phosphate USP 0.1% w/v, Neomycin Sulfate USP 0.5% w/v, Methyl Paraben (As Preservative) NF 0.02% w/v, Propyl Paraben (As Preservative) NF 0.005% w/v, Sterile aqueous base q.s.
Excipients: Methyl Paraben (sodium Salt) NF, Propyl Paraben (sodium Salt) NF, Sodium Chloride BP/USP NF, Edetate Disodium NF, Sodium Metabisulphite NF, Sodium Dihydrogen Phosphate BP, Anhydrous Disodium Hydrogen Phosphate BP, Polyethylene Glycol 400 (peg-400) NF, Sodium Hydroxide Pellets NF, Purified Water BP/IH",https://admin.greenbook.nafdac.gov.ng/uploadImage/smpc_files/2023/09/25/202309259537ffdd-18c9-5d63-a8e2-63569c5c8e60.pdf,S03CA06,https://greenbook.nafdac.gov.ng/products/details/5625,2026-09-27T21:50:58.439770+00:00
Greenbook NAFDAC,1030,39,Betnew Eye/Ear Drops##,1,Drugs,"{'id': 1, 'name': 'Drugs', 'created_at': '-000001-11-30T00:00:00.000000Z', 'updated_at': '2022-03-17T16:53:12.000000Z', 'deleted_at': None}",769,Betamethasone (Betamethasone Sodium Phosphate); Neomycin sulfate,,A4-0291,104,Solution/Drops,28,Ophthalmic/Otic,0.1%; 0.5%,383,Kenbarth Pharmaceuticals Limited,2021-12-16,2026-12-15,Active,Solution/Drops,,"Betnew Eye/Ear Drops contains: Betamethasone Sodium Phosphate equivalent Betamethasone 0.1%, Neomycin Sulfate 0.5%",,S03CA06,https://greenbook.nafdac.gov.ng/products/details/39,2026-09-27T21:50:58.439770+00:00
Greenbook NAFDAC,1031,5626,Betoptic Eye Drop**,1,Drugs,"{'id': 1, 'name': 'Drugs', 'created_at': '-000001-11-30T00:00:00.000000Z', 'updated_at': '2022-03-17T16:53:12.000000Z', 'deleted_at': None}",786,Betaxolol (Betaxolol Hydrochloride),,04-1568,104,Solution/Drops,15,Ophthalmic,0.5%,250,Novartis Nigeria Limited,2023-03-28,2028-03-27,Active,"Eye drops, Solution",1 x 5 mL (in LDPE bottle),"Each mL of solution contains 5.6 mg Betaxolol hydrochloride, equivalent to 5 mg Betaxolol.

Excipients:
Sodium chloride, benzalkonium chloride, disodium edetate, sodium hydroxide and/or hydrochloric acid (to adjust pH), purified water",https://admin.greenbook.nafdac.gov.ng/uploadImage/smpc_files/2023/09/24/20230924cd3672bc-efed-59bb-b8bb-aeda408cdf0e.pdf,S01ED02,https://greenbook.nafdac.gov.ng/products/details/5626,2026-09-27T21:50:58.439770+00:00
Greenbook NAFDAC,1032,4293,Betrosil Cream##,1,Drugs,"{'id': 1, 'name': 'Drugs', 'created_at': '-000001-11-30T00:00:00.000000Z', 'updated_at': '2022-03-17T16:53:12.000000Z', 'deleted_at': None}",674,Tioconazole,,04-2652,4,Cream,21,Topical,1%,162,Drugfield Pharmaceuticals Limited,2021-03-29,2026-03-28,Inactive,Cream,1 x 20 g (in Alu tube),"Betrosil Cream contains: Tioconazole 1% w/w
Excipients q.s.",https://admin.greenbook.nafdac.gov.ng/uploadImage/smpc_files/2024/06/25/202406258dfe273d-59a3-5fb9-a7d8-1146d7d23f2a.pdf,D01AC07,https://greenbook.nafdac.gov.ng/products/details/4293,2026-09-27T21:50:58.439770+00:00
Greenbook NAFDAC,1033,6005,Bexbact Cream##,1,Drugs,"{'id': 1, 'name': 'Drugs', 'created_at': '-000001-11-30T00:00:00.000000Z', 'updated_at': '2022-03-17T16:53:12.000000Z', 'deleted_at': None}",1106,Betamethasone; Clotrimazole; Neomycin sulfate,,A4-100384,4,Cream,21,Topical,0.05%; 1%; 0.5%,734,Top Ugolife Pharmaceutical Company Ltd,2023-04-26,2028-04-25,Active,"Cream

BEXBACT CREAM	CLOTRIMAZOLE USP 1%W/W, BETAMETHASONE DIPROPIONATE USP 0.05%W/W, NEOMYCIN SULFATE USP 0.5%W/W	ACTIVE INGREDIENTS:CLOTRIMAZOLE USP 1%W/W, BETAMETHASONE DIPROPIONATE USP 0.05%W/W, NEOMYCIN SULFATE USP 0.5%W/W LIST OF EXCIPIENTS: (1) Chlorocresol (2) Petrolium Jelly (3) Cetostearyl Alcohol (4) C.M. -1000 (5) Light Liquid Paraffin (6) Propylene Glycol (7) Di.Sodium EDTA (8) Tween 80 (9) Purified Water		Drugs	Imported Products	1X30GX10TUBES	Prescription Only Medicine (POM)	21/03/2023	TOP UGOLIFE PHARMACEUTICAL CO LTD, 13, JOSEPH ADEBAYOR STREET, AGO PALACE, OKOTA , LAGOS STATE.	8063125746	eugo37@yahoo.com	ASTAMED HEALTHCARE (I) PVT LTD, Plot No. 2 &amp; 3, Pase II, Genesis Ind. Complex, Kolgaon, Palghar - 401405, Maharashtra, India, India",1 x 10 x 30 g (in tubes),"Bexbact Cream contains: Clotrimazole USP 1% w/w, Betamethasone Dipropionate USP 0.05% w/w, Neomycin Sulfate USP 0.5% w/w
Excipients: Chlorocresol, Petrolium Jelly, Cetostearyl Alcohol, C.M.-1000, Light Liquid Paraffin, Propylene Glycol, Disodium EDTA ,Tween 80, Purified Water",,D07CC01,https://greenbook.nafdac.gov.ng/products/details/6005,2026-09-27T21:50:58.439770+00:00
Greenbook NAFDAC,1034,7817,Bexilin HFA Inhaler##,1,Drugs,"{'id': 1, 'name': 'Drugs', 'created_at': '-000001-11-30T00:00:00.000000Z', 'updated_at': '2022-03-17T16:53:12.000000Z', 'deleted_at': None}",385,Salbutamol (Salbutamol Sulfate),,B4-7197,117,"Aerosol, Metered-Dose",32,"Inhalation, Oral",100 mcg/Metered-Dose,299,Standard Generics Limited,2024-07-31,2029-07-30,Active,Inhalation Aerosol,1 x 200&#039;s Metered Doses (in Alu cannister),Each metered dose contains: Salbutamol Sulfate BP equivalent to Salbutamol 100 ,https://admin.greenbook.nafdac.gov.ng/uploadImage/smpc_files/2024/11/28/20241128e6272402-80a0-5fc9-bfcf-df25fdf08b7d.pdf,,https://greenbook.nafdac.gov.ng/products/details/7817,2026-09-27T21:50:58.439770+00:00
Greenbook NAFDAC,1035,5905,Bexkin Cream##,1,Drugs,"{'id': 1, 'name': 'Drugs', 'created_at': '-000001-11-30T00:00:00.000000Z', 'updated_at': '2022-03-17T16:53:12.000000Z', 'deleted_at': None}",522,Ketoconazole,,A4-100385,4,Cream,21,Topical,2%,734,Top Ugolife Pharmaceutical Company Ltd,2023-04-26,2028-04-25,Active,"Cream

BEXKIN CREAM	KETOCONAZOLE BP 2%W/W	KETOCONAZOLE BP 2%W/W		Drugs	Imported Products	1X30GX10TUBES	OTC	21/03/2023	TOP UGOLIFE PHARMACEUTICAL CO LTD, 13, JOSEPH ADEBAYOR STREET, AGO PALACE, OKOTA , LAGOS STATE.	8063125746	eugo37@yahoo.com	ASTAMED HEALTHCARE (I) PVT LTD, Plot No. 2 &amp; 3, Pase II, Genesis Ind. Complex, Kolgaon, Palghar - 401405, Maharashtra, India, India",1 x 10 x 30 g (in tubes),Each 30 g contains: Ketoconazole BP 2% w/w,,D01AC08,https://greenbook.nafdac.gov.ng/products/details/5905,2026-09-27T21:50:58.439770+00:00
Greenbook NAFDAC,1036,12404,Bfifcy Carbamazepine Tablets 200 mg_,1,Drugs,"{'id': 1, 'name': 'Drugs', 'created_at': '-000001-11-30T00:00:00.000000Z', 'updated_at': '2022-03-17T16:53:12.000000Z', 'deleted_at': None}",25,Carbamazepine,,C4-0935,1,Tablet,1,Oral,200 mg,1021,Bfifcy Pharmaceuticals Ltd,2025-11-26,2030-11-25,Active,Tablet,10 x 10&#039;s (in Alu-PVC blisters),"Each tablet contains: Carbamazepine 200 mg
Excipients q.s.",https://admin.greenbook.nafdac.gov.ng/uploadImage/smpc_files/2025/12/31/202512319ffe71fa-eca5-5eea-a66e-036923cf93c2.pdf,N03AF01,https://greenbook.nafdac.gov.ng/products/details/12404,2026-09-27T21:50:58.439770+00:00
Greenbook NAFDAC,1037,12142,Bfifcy Omeprazole for Injection 40 mg**,1,Drugs,"{'id': 1, 'name': 'Drugs', 'created_at': '-000001-11-30T00:00:00.000000Z', 'updated_at': '2022-03-17T16:53:12.000000Z', 'deleted_at': None}",2327,Omeprazole (Omeprazole Sodium),,A4-101601,70,Powder for injection,12,Intravenous,40 mg,1021,Bfifcy Pharmaceuticals Ltd,2025-10-29,2030-10-28,Active,Lyophilized Powder for Injection,1 x 1 (in vial) + 10 mL ampoule of 0.9% Sodium Chloride,"Each combipack contains: 
A. Omeprazole for Injection 40 mg. Each vial contains: Omeprazole Sodium (Lyophilized) equiv. to Omeprazole base 40 mg
B. Sodium Chloride BP 0.9% w/v (10 mL ampoule). Each ampoule contains: Sodium Chloride BP 0.9% w/v, Water for Injection q.s. ",https://admin.greenbook.nafdac.gov.ng/uploadImage/smpc_files/2025/12/10/2025121096e43754-9225-5450-b832-cbc31b90019c.pdf,A02BC01,https://greenbook.nafdac.gov.ng/products/details/12142,2026-09-27T21:50:58.439770+00:00
Greenbook NAFDAC,1038,5628,BG Artemether Injection##,1,Drugs,"{'id': 1, 'name': 'Drugs', 'created_at': '-000001-11-30T00:00:00.000000Z', 'updated_at': '2022-03-17T16:53:12.000000Z', 'deleted_at': None}",542,Artemether,,B4-4898,40,Injection,9,Intramuscular,80 mg/mL,108,BG Pharma &amp; Healthcare Limited,2023-04-26,2028-04-25,Active,"Injection
A clear, colorless to light yellow, oily liquid

BG ARTEMETHER INJECTION	ARTEMETHER 80MG/ML	EACH ML CONTAINS ARTEMETHER 80MG EXCIPIENTS FRACTIONATED COCONUT OIL	B4-4898	Drugs	Imported Products	1MLX6AMP	Prescription Only Medicine (POM)	30/01/2022	BG PHARMA &amp; HEALTHCARE LIMITED, DANSVILLE PLAZA, OPP APO LEGISLATIVE QUARTERS, ABUJA FCT FCT	8063803298	stevebg2019@gmail.com	GUIZHOU TIANDI PHARMACEUTICAL COMPANY LIMITED, NO 6 BAOKANG ROAD, YILONG HONGXING PHARMACEUTICAL PARK, QIANXI&#039;NAN BUYI AND MIAO AUTONOMOUS PREFECTURE, GUIZHOU PROVINCE CHINA, China",6 x 1 mL (in ampoules),"Each 1 mL ampoule contains: Artemether 80 mg
Excipients: Soybean Oil for injection",https://admin.greenbook.nafdac.gov.ng/uploadImage/smpc_files/2024/12/26/20241226055bb0f8-8fff-5c0b-a93f-c3b949326044.pdf,P01BE02,https://greenbook.nafdac.gov.ng/products/details/5628,2026-09-27T21:50:58.439770+00:00
Greenbook NAFDAC,1039,3998,BG Cream##,1,Drugs,"{'id': 1, 'name': 'Drugs', 'created_at': '-000001-11-30T00:00:00.000000Z', 'updated_at': '2022-03-17T16:53:12.000000Z', 'deleted_at': None}",1119,Clobetasol; Miconazole; Gentamicin,,A4-3340,4,Cream,21,Topical,0.05%; 2%; 0.1%,108,BG Pharma &amp; Healthcare Limited,2021-09-28,2026-09-27,Active,Topical Cream,1 x 15 g (in Lami tube),"BG Cream contains: Clobetasol Propionate BP 0.05% w/w, Gentamicin Sulfate BP equivalent to Gentamicin 0.1% w/w, Miconazole Nitrate BP 2% w/w, Chlorocresol (as preservative) BP 0.10% w/w
Excipients q.s.",https://admin.greenbook.nafdac.gov.ng/uploadImage/smpc_files/2024/09/13/202409138dd66250-adf3-5ead-882d-0fef1891ab3c.pdf,D07CD01,https://greenbook.nafdac.gov.ng/products/details/3998,2026-09-27T21:50:58.439770+00:00
Greenbook NAFDAC,1040,7138,BG Diclofenac Injection##,1,Drugs,"{'id': 1, 'name': 'Drugs', 'created_at': '-000001-11-30T00:00:00.000000Z', 'updated_at': '2022-03-17T16:53:12.000000Z', 'deleted_at': None}",77,Diclofenac Sodium,,B4-9143,40,Injection,9,Intramuscular,75 mg/3 mL,108,BG Pharma &amp; Healthcare Limited,2024-02-28,2029-02-27,Active,"Injection
A clear, colorless or almost colorless solution

69	RNW-PP-369419	BG DICLOFENAC INJECTION	DICLOFENAC 75MG/3ML	EACH AMPOULE CONTAINS DICLOFENAC SODIUM 75MG excipients Propylene glycol Ethanol Polysorbate 80 Disodium edetate Anhydrous sodium sulfite Water for injection	B4-9143	Drugs	Imported Products	3MLX10 AMPOULES	Prescription Only Medicine (POM)	12/9/2023	BG PHARMA &amp; HEALTHCARE LIMITED, DANSVILLE PLAZA, OPP APO LEGISLATIVE QUARTERS, ABUJA FCT FCT	8063803298	stevebg2019@gmail.com	SHANXI ZHONGBAO SHUGUANG PHARMACEUTICAL CO. LTD., NO. 1, KANGLE STREET, QI COUNTY, JINZHONG CITY, SHANXI PROVINCE, P.R. OF CHINA., China",10 x 3 mL (in ampoules),"Each ampoule contains: Diclofenac Sodium 75 mg
Excipients: Propylene Glycol, Ethanol, Polysorbate 80, Disodium Edetate, Anhydrous Sodium Sulfite, Water for Injection",https://admin.greenbook.nafdac.gov.ng/uploadImage/smpc_files/2024/03/26/20240326f355fa0f-849b-59dd-bb02-27e164803ed2.pdf,M01AB05,https://greenbook.nafdac.gov.ng/products/details/7138,2026-09-27T21:50:58.439770+00:00
Greenbook NAFDAC,1041,3402,BG Fluconazole Capsules## (duplicate),1,Drugs,"{'id': 1, 'name': 'Drugs', 'created_at': '-000001-11-30T00:00:00.000000Z', 'updated_at': '2022-03-17T16:53:12.000000Z', 'deleted_at': None}",513,Fluconazole,,A4-4024,2,Capsule,1,Oral,50 mg,108,BG Pharma &amp; Healthcare Limited,2021-05-28,2026-05-27,Inactive,Capsule,,Each capsule contains: Fluconazole 50 mg,,J02AC01,https://greenbook.nafdac.gov.ng/products/details/3402,2026-09-27T21:50:58.439770+00:00
Greenbook NAFDAC,1042,497,BG Lophage Tablets##,1,Drugs,"{'id': 1, 'name': 'Drugs', 'created_at': '-000001-11-30T00:00:00.000000Z', 'updated_at': '2022-03-17T16:53:12.000000Z', 'deleted_at': None}",625,Metformin Hydrochloride,,A4-3122,1,Tablet,1,Oral,500 mg,108,BG Pharma &amp; Healthcare Limited,2021-05-28,2026-05-27,Inactive,Tablet,,Each tablet contains: Metformin Hydrochloride BP 500 mg,,A10BA02,https://greenbook.nafdac.gov.ng/products/details/497,2026-09-27T21:50:58.439770+00:00
Greenbook NAFDAC,1043,7876,BG Mal Tablets**,1,Drugs,"{'id': 1, 'name': 'Drugs', 'created_at': '-000001-11-30T00:00:00.000000Z', 'updated_at': '2022-03-17T16:53:12.000000Z', 'deleted_at': None}",528,Artemether; Lumefantrine,,A4-3752,1,Tablet,1,Oral,20 mg; 120 mg,108,BG Pharma &amp; Healthcare Limited,2021-02-25,2026-02-24,Inactive,Tablet,1 x 24&#039;s,"Each tablet contains: Artemether 20 mg, Lumefantrine 120 mg",,P01BF01,https://greenbook.nafdac.gov.ng/products/details/7876,2026-09-27T21:50:58.439770+00:00
Greenbook NAFDAC,1044,40,BG Mal-560 Tablets##,1,Drugs,"{'id': 1, 'name': 'Drugs', 'created_at': '-000001-11-30T00:00:00.000000Z', 'updated_at': '2022-03-17T16:53:12.000000Z', 'deleted_at': None}",528,Artemether; Lumefantrine,,A4-3751,1,Tablet,1,Oral,80 mg; 480 mg,108,BG Pharma &amp; Healthcare Limited,2021-12-02,2026-12-01,Active,Tablet,1 x 24&#039;s (in PVC-Alu blister),"Each tablet contains: Artemether 80 mg, Lumefantrine 480 mg
Excipients q.s.",https://admin.greenbook.nafdac.gov.ng/uploadImage/smpc_files/2023/05/29/202305296947dfb0-3774-5115-bb8c-b58182f82343.pdf,P01BF01,https://greenbook.nafdac.gov.ng/products/details/40,2026-09-27T21:50:58.439770+00:00
Greenbook NAFDAC,1045,6163,BG NAT Powder for Oral Suspension##,1,Drugs,"{'id': 1, 'name': 'Drugs', 'created_at': '-000001-11-30T00:00:00.000000Z', 'updated_at': '2022-03-17T16:53:12.000000Z', 'deleted_at': None}",456,Cefuroxime (Cefuroxime Axetil),,B4-7271,72,Powder for suspension,1,Oral,125 mg/5 mL,108,BG Pharma &amp; Healthcare Limited,2023-09-28,2028-09-27,Active,"Oral suspension

47	CMS-PP-340334	BGNAT POWDER FOR ORAL SUSPENSION	CEFUROXIME 125MG/5ML	EACH 5ML RECONSTITUTED SUSPENSION CONTAINS CEFUROXIME AXETIL BP EQ TO CEFUROXIME 125MG	B4-7271	Drugs	Imported Products	1X100ml	Prescription Only Medicine (POM)	7/7/2023	BG PHARMA &amp; HEALTHCARE LIMITED, DANSVILLE PLAZA, OPP APO LEGISLATIVE QUARTERS, ABUJA FCT FCT	8063803298	stevebg2019@gmail.com	JIANGXI XIER KANGTAI PHARMACEUTICAL CO. LTD , NORTH ZONE, HIGH-NEW TECHNOLOGY INDUSTRIAL ZONE, PINGXIANG. JIANGXI, CHINA, China",1 x 100 mL (in PET bottle),"Each 5 mL contains: Cefuroxime Axetil equivalent to cefuroxime 125 mg
Excipients; Sucrose, Xanthan Gum, Sodium Carboxymethyl Cellulose, Microcrystalline Cellulose, Povidone K-30, Stearic Acid, Aspartame, Menthol",https://admin.greenbook.nafdac.gov.ng/uploadImage/smpc_files/2023/10/09/20231009bf1dd0a4-79b6-5b4f-84ed-d4a3234ab19a.pdf,J01DC02,https://greenbook.nafdac.gov.ng/products/details/6163,2026-09-27T21:50:58.439770+00:00
Greenbook NAFDAC,1046,6164,BG NAT Tablets##,1,Drugs,"{'id': 1, 'name': 'Drugs', 'created_at': '-000001-11-30T00:00:00.000000Z', 'updated_at': '2022-03-17T16:53:12.000000Z', 'deleted_at': None}",456,Cefuroxime (Cefuroxime Axetil),,B4-7442,1,Tablet,1,Oral,500 mg,108,BG Pharma &amp; Healthcare Limited,2023-09-28,2028-09-27,Active,"Film Coated Tablet

46	CMS-PP-340333	BGNAT TABLETS	CEFUROXIME AXETIL 500MG	EACH FILM COATED TABLET CONTAINS CEFUROXIME AXETIL BP EQ TO CEFUROXIME 500MG EXCIPIENTS colloidal silicon dioxide, croscarmellose sodium, hydrogenated vegetable oil	B4-7442	Drugs	Imported Products	1X10	Prescription Only Medicine (POM)	7/7/2023	BG PHARMA &amp; HEALTHCARE LIMITED, DANSVILLE PLAZA, OPP APO LEGISLATIVE QUARTERS, ABUJA FCT FCT	8063803298	stevebg2019@gmail.com	JIANGXI XIER KANGTAI PHARMACEUTICAL CO. LTD , NORTH ZONE, HIGH-NEW TECHNOLOGY INDUSTRIAL ZONE, PINGXIANG. JIANGXI, CHINA, China
														",1 x 10&#039;s (in Alu-Alu blister),"Each tablet contains: Cefuroxime Axetil equivalent to cefuroxime 500 mg
Excipients; Microcrystalline Cellulose, Lactose, Talc, Silicon Dioxide, Croscamellose Sodium, Sodium Lauryl Sulfate, 3% PVP, Magnesium Stearate, White Film-Coated Powder",https://admin.greenbook.nafdac.gov.ng/uploadImage/smpc_files/2023/10/09/202310095b22740b-ef45-5d3b-b857-cd0788d9933c.pdf,J01DC02,https://greenbook.nafdac.gov.ng/products/details/6164,2026-09-27T21:50:58.439770+00:00
Greenbook NAFDAC,1047,7146,BG Paracetamol Injection##,1,Drugs,"{'id': 1, 'name': 'Drugs', 'created_at': '-000001-11-30T00:00:00.000000Z', 'updated_at': '2022-03-17T16:53:12.000000Z', 'deleted_at': None}",1529,Paracetamol,Acetaminophen,B4-9089,40,Injection,29,Intravenous; Intramuscular,300 mg/2 mL,108,BG Pharma &amp; Healthcare Limited,2024-02-28,2029-02-27,Active,"Injection
A colorless or almost colorless slightly viscous clear liquid

59	RNW-PP-369448	BG PARACETAMOL INJECTION	PARACETAMOL 300MG/2ML	EACH 2ML AMPOULE CONTAINS PARACETAMOL 300MG EXCIPIENTS Propylene glycol Polyethylene glycol 400 Benzyl alcohol Sodium bisulfite Water for injection	B4-9089	Drugs	Imported Products	2MLX10	Prescription Only Medicine (POM)	12/9/2023	BG PHARMA &amp; HEALTHCARE LIMITED, DANSVILLE PLAZA, OPP APO LEGISLATIVE QUARTERS, ABUJA FCT FCT	8063803298	stevebg2019@gmail.com	SHANXI ZHONGBAO SHUGUANG PHARMACEUTICAL CO.,LTD, N0. 1, KANGLE ST., QI COUNTY, JINZHONG CITY, SHANXI PROVINCE, P.R. CHINA., China",10 x 2 mL (in ampoules),"Each 2 mL ampoule contains: Paracetamol 300 mg
Excipients: Propylene Glycol, Polyethylene Glycol 400, Benzyl Alcohol, Sodium Bisulfite, Water for Injection",https://admin.greenbook.nafdac.gov.ng/uploadImage/smpc_files/2024/03/26/20240326794fd411-9526-5eca-bf88-3c879846c093.pdf,N02BE01,https://greenbook.nafdac.gov.ng/products/details/7146,2026-09-27T21:50:58.439770+00:00
Greenbook NAFDAC,1048,2659,BG Vascol-10 Tablet##,1,Drugs,"{'id': 1, 'name': 'Drugs', 'created_at': '-000001-11-30T00:00:00.000000Z', 'updated_at': '2022-03-17T16:53:12.000000Z', 'deleted_at': None}",272,Amlodipine (Amlodipine Besilate),Amlodipine (Amlodipine Besylate),A4-3103,1,Tablet,1,Oral,10 mg,108,BG Pharma &amp; Healthcare Limited,2021-05-28,2026-05-27,Inactive,Tablet,,Each tablet contains: Amlodipine 10 mg,,C08CA01,https://greenbook.nafdac.gov.ng/products/details/2659,2026-09-27T21:50:58.439770+00:00
Greenbook NAFDAC,1049,2660,BG Vascol-5 Tablets##,1,Drugs,"{'id': 1, 'name': 'Drugs', 'created_at': '-000001-11-30T00:00:00.000000Z', 'updated_at': '2022-03-17T16:53:12.000000Z', 'deleted_at': None}",272,Amlodipine (Amlodipine Besilate),Amlodipine (Amlodipine Besylate),A4-3096,1,Tablet,1,Oral,5 mg,108,BG Pharma &amp; Healthcare Limited,2021-05-28,2026-05-27,Inactive,Tablet,,Each tablet contains: Amlodipine 5 mg,,C08CA01,https://greenbook.nafdac.gov.ng/products/details/2660,2026-09-27T21:50:58.439770+00:00
Greenbook NAFDAC,1050,7214,BGCef Injection**,1,Drugs,"{'id': 1, 'name': 'Drugs', 'created_at': '-000001-11-30T00:00:00.000000Z', 'updated_at': '2022-03-17T16:53:12.000000Z', 'deleted_at': None}",1541,Ceftriaxone (Ceftriaxone Sodium),,A4-4193,70,Powder for injection,12,Intravenous,1 g,108,BG Pharma &amp; Healthcare Limited,2024-03-27,2029-03-26,Active,Powder and Solvent for Solution for Injection,1 g x 1&#039;s (in vial) + 10 mL SWFI (in ampoule),"Combipack:
A) Each vial contains: Ceftriaxone Sodium USP equiv. to Ceftriaxone 1000 mg, and
B) Each ampoule contains: Sterile Water for Injection 10 mL",https://admin.greenbook.nafdac.gov.ng/uploadImage/smpc_files/2024/11/28/20241128f6ff1526-1115-5104-b73a-fd2b89161c0d.pdf,J01DD04,https://greenbook.nafdac.gov.ng/products/details/7214,2026-09-27T21:50:58.439770+00:00
Greenbook NAFDAC,1051,12405,Bgvid 400 Tablet_,1,Drugs,"{'id': 1, 'name': 'Drugs', 'created_at': '-000001-11-30T00:00:00.000000Z', 'updated_at': '2022-03-17T16:53:12.000000Z', 'deleted_at': None}",761,Ofloxacin,,C4-0270,1,Tablet,1,Oral,400 mg,108,BG Pharma &amp; Healthcare Limited,2025-11-26,2030-11-25,Active,"Tablet.
An off-white, colored, capsule-shaped, biconvex, film-coated tablet, break line on one side, plain on the other side",1 x 10&#039;s (in Alu-Alu blister),"Each tablet contains: Ofloxacin USP 400 mg
Excipients q.s.",https://admin.greenbook.nafdac.gov.ng/uploadImage/smpc_files/2025/12/31/20251231ae03e949-1663-5b98-a31a-ad8bd0b3c814.pdf,J01MA01,https://greenbook.nafdac.gov.ng/products/details/12405,2026-09-27T21:50:58.439770+00:00
Greenbook NAFDAC,1052,3639,Bgvid Tablets##,1,Drugs,"{'id': 1, 'name': 'Drugs', 'created_at': '-000001-11-30T00:00:00.000000Z', 'updated_at': '2022-03-17T16:53:12.000000Z', 'deleted_at': None}",761,Ofloxacin,,A4-2783,1,Tablet,1,Oral,200 mg,108,BG Pharma &amp; Healthcare Limited,2021-05-28,2026-05-27,Inactive,Tablet,,Each tablet contains: Ofloxacin USP 200 mg,,J01MA01,https://greenbook.nafdac.gov.ng/products/details/3639,2026-09-27T21:50:58.439770+00:00
Greenbook NAFDAC,1053,7877,Biatra Capsule**,1,Drugs,"{'id': 1, 'name': 'Drugs', 'created_at': '-000001-11-30T00:00:00.000000Z', 'updated_at': '2022-03-17T16:53:12.000000Z', 'deleted_at': None}",521,Itraconazole,,B4-5596,2,Capsule,1,Oral,100 mg,878,Peak Pharm Nig Ltd,2024-06-27,2029-06-26,Active,Hard gelatin capsule,1 x 10&#039;s (in blister),"Each capsule contains: Itraconazole BP 100 mg, Excipients q.s.",https://admin.greenbook.nafdac.gov.ng/uploadImage/smpc_files/2024/11/28/20241128d195137b-8e5d-5a95-8edf-38b1b5e894bf.pdf,,https://greenbook.nafdac.gov.ng/products/details/7877,2026-09-27T21:50:58.439770+00:00
Greenbook NAFDAC,1054,6839,Bicatero 50 Bicalutamide Tablets 50 mg##,1,Drugs,"{'id': 1, 'name': 'Drugs', 'created_at': '-000001-11-30T00:00:00.000000Z', 'updated_at': '2022-03-17T16:53:12.000000Z', 'deleted_at': None}",740,Bicalutamide,,B4-7380,1,Tablet,1,Oral,50 mg,1063,Hetero Labs Nigeria Limited,2023-12-21,2028-12-20,Active,"Film-coated tablet
White colored, round shaped, biconvex film coated tablets, debossed with 2 on one side and H on the other side

124	RNW-PP-286529	BICATERO 50	BICALUTAMIDE TABLETS 50MG	BICALUTAMIDE 50MG LACTOSE MONOHYDRATE 61.000MG	B4-7380	Drugs	Imported Products	1*30	Prescription Only Medicine (POM)	6/20/2023	HETERO LABS NIGERIA LIMITED, NO. 8B, WOLE OGUNJIMI STREET, AGBAOKU ESTATE, OFF OPEBI ROAD, IKEJA, LAGOS. 	8060878739	heteronig@yahoo.com	M/S. HETERO LABS LIMITED, UNIT VI, SY.NO.410-411, TSIIC FORMULATION SEZ, POLEPALLY VILLAGE, JADCHERLA MANDAL, MAHABOOBNAGAR DISTRICT, TELANGANA STATE, INDIA., India","1 x 30&#039;s (in HDPE container), 3 x 10&#039;s (in PVC-Alu blister)","Each tablet contains: Bicalutamide 50 mg
Excipients: Lactose Monohydrate, Povidone, Crospovidone (type A), Magnesium Stearate, Opadry white-Y-1-7000",https://admin.greenbook.nafdac.gov.ng/uploadImage/smpc_files/2024/01/01/20240101fc58fd24-6af8-537c-87a9-0c16be8a2fef.pdf,L02BB03,https://greenbook.nafdac.gov.ng/products/details/6839,2026-09-27T21:50:58.439770+00:00
Greenbook NAFDAC,1055,6829,Bicillin Injection## (strength format),1,Drugs,"{'id': 1, 'name': 'Drugs', 'created_at': '-000001-11-30T00:00:00.000000Z', 'updated_at': '2022-03-17T16:53:12.000000Z', 'deleted_at': None}",434,Procaine Benzylpenicillin; Benzylpenicillin Sodium,Procaine Penicillin Fortified,04-3787,40,Injection,9,Intramuscular,3000000IU+1000000UI,351,Clarion Medicals Limited,2023-12-21,2028-12-20,Active,"Powder for Injection

75	CMS-PP-128968	BICILLIN INJECTION	FORTIFIED PROCAINE PENICILLIN INJECTION 4 MEGA	FORTIFIED PROCAINE PENICILLIN BP 3.0G (3000000)BENZYL PENICILLIN SDIUM 0.6G(1000000I.U)	Apr-87	Drugs	Imported Products	1X10VIALS	Prescription Only Medicine (POM)	9/16/2021	CLARION MEDICALS LTD, AFOLABI LESHI STREET, ILUPEJU ILUPEJU LAGOS	18043564	clarionorder@yahoo.com	CSPC ZHONGNUO PHARMACEUTICAL(SHIJIAZHUANG) CO. LTD., 88, YANGZI ROAD,HIGH INDUSTRY ZONE OF SHIJIAZHUANG, China",1 x 18 mL (in vial),Each vial contains: Benzylpenicillin 3.0 mega. Benzylpenicillin Sodium 1.0 mega,https://admin.greenbook.nafdac.gov.ng/uploadImage/smpc_files/2023/12/31/2023123115386a70-65a3-5a02-ac55-31d785b6f7d9.pdf,J01CE09,https://greenbook.nafdac.gov.ng/products/details/6829,2026-09-27T21:50:58.439770+00:00
Greenbook NAFDAC,1056,7902,Bifril 30 mg Tablets**,1,Drugs,"{'id': 1, 'name': 'Drugs', 'created_at': '-000001-11-30T00:00:00.000000Z', 'updated_at': '2022-03-17T16:53:12.000000Z', 'deleted_at': None}",1883,Zofenopril calcium,,C4-1665,1,Tablet,1,Oral,30 mg,271,Phillips Pharmaceuticals (Nigeria) Limited,2021-03-29,2026-03-28,Inactive,"Film-coated tablets.
White oblong film coated tablets with a breakline. The tablet can be divided into equal doses",2 x 14&#039;s (in blisters),Each,https://admin.greenbook.nafdac.gov.ng/uploadImage/smpc_files/2024/09/22/20240922959b7047-c12b-54fb-a124-664b675f88bd.pdf,C09AA15,https://greenbook.nafdac.gov.ng/products/details/7902,2026-09-27T21:50:58.439770+00:00
Greenbook NAFDAC,1057,8590,Bifril Plus Film Coated Tablet**,1,Drugs,"{'id': 1, 'name': 'Drugs', 'created_at': '-000001-11-30T00:00:00.000000Z', 'updated_at': '2022-03-17T16:53:12.000000Z', 'deleted_at': None}",1980,Zofenopril calcium; Hydrochlorothiazide,,C4-1656,1,Tablet,1,Oral,30 mg; 12.5 mg,271,Phillips Pharmaceuticals (Nigeria) Limited,2021-08-26,2026-08-25,Inactive,"Film-coated tablet.
Pastel-red, round, slightly bi-convex tablets of 9 mm with a score line on one side.
The score line is only to facilitate breaking for ease of swallowing and not to divide into equal doses",2 x 14&#039;s (in PVC/PVDC/Aluminium blisters),"Each film-coated tablet contains 28.7 mg of Zofenopril as 30 mg of Zofenopril calcium and 12.5 mg of Hydrochlorothiazide.

Excipients with known effect:
Each film-coated tablet contains 56.20 mg of Lactose monohydrate",https://admin.greenbook.nafdac.gov.ng/uploadImage/smpc_files/2024/11/23/2024112349c3055b-1d79-5242-a9e7-6cf794e7ef22.pdf,C09BA15,https://greenbook.nafdac.gov.ng/products/details/8590,2026-09-27T21:50:58.439770+00:00
Greenbook NAFDAC,1058,12143,Bikatab Tablet_,1,Drugs,"{'id': 1, 'name': 'Drugs', 'created_at': '-000001-11-30T00:00:00.000000Z', 'updated_at': '2022-03-17T16:53:12.000000Z', 'deleted_at': None}",740,Bicalutamide,,C4-0850,1,Tablet,1,Oral,50 mg,506,AnnyGod Pharmaceutical Company Ltd,2025-10-29,2030-10-28,Active,"Tablet.
White, round, biconvex, film-coated tablet",2 x 14&#039;s (in PVC-Alu blisters),"Each tablet contains: Bicalutamide 50 mg
Excipients q.s.",https://admin.greenbook.nafdac.gov.ng/uploadImage/smpc_files/2025/12/02/202512024119b63b-93d0-559c-bbc6-ed38c1485ac5.pdf,L02BB03,https://greenbook.nafdac.gov.ng/products/details/12143,2026-09-27T21:50:58.439770+00:00
Greenbook NAFDAC,1059,11377,Bilaxten 20 mg Tablet**,1,Drugs,"{'id': 1, 'name': 'Drugs', 'created_at': '-000001-11-30T00:00:00.000000Z', 'updated_at': '2022-03-17T16:53:12.000000Z', 'deleted_at': None}",2215,Bilastine,,C4-0657,1,Tablet,1,Oral,20 mg,173,Faes Farma Nigeria Limited,2025-05-27,2030-05-26,Active,"Tablet 
Oval biconvex scored white table (length 10mm, width 5 mm).
The score line is only to facilitate breaking for ease of swallowing and not to divide into equal doses",1 x 10&#039;s (in Alu-PVC blister),"Each tablet contains: Bilastine 20 mg, Excipients q.s.",https://admin.greenbook.nafdac.gov.ng/uploadImage/smpc_files/2025/06/24/20250624f77ef0d5-79c3-5037-90b6-d2e767ab6867.pdf,R06AX29,https://greenbook.nafdac.gov.ng/products/details/11377,2026-09-27T21:50:58.439770+00:00
Greenbook NAFDAC,1060,7878,Bilify Capsules 20 mg**,1,Drugs,"{'id': 1, 'name': 'Drugs', 'created_at': '-000001-11-30T00:00:00.000000Z', 'updated_at': '2022-03-17T16:53:12.000000Z', 'deleted_at': None}",21,Fluoxetine (Fluoxetine Hydrochloride),,C4-1608,2,Capsule,1,Oral,20 mg,354,Leotetra Healthcare Ltd,2021-02-25,2026-02-24,Inactive,Hard gelatin capsule,1 x 30&#039;s,Each capsule contains: Fluoxetine Hydrochloride USP equiv. to Fluoxetine 20 mg,,N06AB03,https://greenbook.nafdac.gov.ng/products/details/7878,2026-09-27T21:50:58.439770+00:00
Greenbook NAFDAC,1061,11115,Binart Tablets##,1,Drugs,"{'id': 1, 'name': 'Drugs', 'created_at': '-000001-11-30T00:00:00.000000Z', 'updated_at': '2022-03-17T16:53:12.000000Z', 'deleted_at': None}",528,Artemether; Lumefantrine,,B4-1696,1,Tablet,1,Oral,80 mg; 480 mg,1653,Bina Pharma and Healthcare Ltd,2025-01-30,2030-01-29,Active,"Tablet
Yellow-colored biconvex-shaped uncoated tablets
",1 x 6&#039;s (in PVC-Alu blister),"Each uncoated tablet contains: Artemether 80 mg, Lumefantrine 480 mg
Excipients q.s.",https://admin.greenbook.nafdac.gov.ng/uploadImage/smpc_files/2025/05/25/20250525d0591c35-358c-598d-807e-e6fb4133511a.pdf,P01BF01,https://greenbook.nafdac.gov.ng/products/details/11115,2026-09-27T21:50:58.439770+00:00
Greenbook NAFDAC,1062,2760,Bioasth Syrup##,1,Drugs,"{'id': 1, 'name': 'Drugs', 'created_at': '-000001-11-30T00:00:00.000000Z', 'updated_at': '2022-03-17T16:53:12.000000Z', 'deleted_at': None}",385,Salbutamol (Salbutamol Sulfate),,A11-100058,103,Syrup,1,Oral,2 mg/5 mL,537,Biomedical Limited,2021-03-29,2026-03-28,Inactive,Syrup,1 x 100 mL,Each 5 mL contains: Salbutamol Sulfate equivalent to Salbutamol 2 mg,,R03CC02,https://greenbook.nafdac.gov.ng/products/details/2760,2026-09-27T21:50:58.439770+00:00
Greenbook NAFDAC,1063,11954,Biobacta Tablet_,1,Drugs,"{'id': 1, 'name': 'Drugs', 'created_at': '-000001-11-30T00:00:00.000000Z', 'updated_at': '2022-03-17T16:53:12.000000Z', 'deleted_at': None}",1535,Erythromycin (Erythromycin Stearate),,A11-100985,1,Tablet,1,Oral,500 mg,58,Bioraj Pharmaceuticals Limited,2025-09-24,2030-09-23,Active,Tablet,1 x 10&#039;s (in blister),"Each tablet contains: Erythromycin Stearate BP 500 mg
Excipients q.s.",https://admin.greenbook.nafdac.gov.ng/uploadImage/smpc_files/2025/11/18/202511183050e07d-4250-5a4d-98b4-9958b74f65e6.pdf,J01FA01,https://greenbook.nafdac.gov.ng/products/details/11954,2026-09-27T21:50:58.439770+00:00
Greenbook NAFDAC,1064,4750,Biobucap Capsules##,1,Drugs,"{'id': 1, 'name': 'Drugs', 'created_at': '-000001-11-30T00:00:00.000000Z', 'updated_at': '2022-03-17T16:53:12.000000Z', 'deleted_at': None}",1012,Ibuprofen; Paracetamol; Caffeine,,A11-0306,2,Capsule,1,Oral,200 mg; 325 mg; 30 mg,58,Bioraj Pharmaceuticals Limited,2023-01-26,2028-01-25,Active,"Capsule
A light blue/dark blue hard gelatin capsules of size “0” containing white colored powder

BIOBUCAP CAPSULES	A11-0306	BIOBUCAP	Paracetamol, Ibuprofen, Caffeine	Analgesic			Capsules	OTC	Relief of pain and feverish conditions	Bioraj Pharmaceuticals Limited	No. 405, Kaiama Road, Ilorin, Kwara State	Same as applicant	Same as applicant	26/01/2023	25/01/2028
",2 x 10&#039;s (in PVC-Alu blisters) ,"Each hard gelatin capsules contains: Ibuprofen BP 200 mg, Paracetamol BP 325 mg, Caffeine (Anhydrous) BP 30 mg
Excipients q.s.
Approved color used in capsule shell",https://admin.greenbook.nafdac.gov.ng/uploadImage/smpc_files/2023/10/05/20231005db93b402-e9ed-554b-b003-5277d4ba7a21.pdf,M01AE51,https://greenbook.nafdac.gov.ng/products/details/4750,2026-09-27T21:50:58.439770+00:00
Greenbook NAFDAC,1065,7881,Biocifene Tablet**,1,Drugs,"{'id': 1, 'name': 'Drugs', 'created_at': '-000001-11-30T00:00:00.000000Z', 'updated_at': '2022-03-17T16:53:12.000000Z', 'deleted_at': None}",1125,Diclofenac Potassium,,A11-100752,108,Caplet,1,Oral,50 mg,58,Bioraj Pharmaceuticals Limited,2024-07-31,2029-07-30,Active,Uncoated caplet,10 x 10&#039;s (in Alu/PVC Blisters),"Each uncoated caplet contains: Diclofenac Potassium BP 50 mg, Excipients q.s.
Colour: Tartrazine yellow",https://admin.greenbook.nafdac.gov.ng/uploadImage/smpc_files/2024/09/16/20240916ebdd62f8-5ad6-53d7-88e9-3784593dfb4c.pdf,M01AB05,https://greenbook.nafdac.gov.ng/products/details/7881,2026-09-27T21:50:58.439770+00:00
Greenbook NAFDAC,1066,4092,Biocine Capsules##,1,Drugs,"{'id': 1, 'name': 'Drugs', 'created_at': '-000001-11-30T00:00:00.000000Z', 'updated_at': '2022-03-17T16:53:12.000000Z', 'deleted_at': None}",495,Lincomycin (Lincomycin Hydrochloride),,04-5587,2,Capsule,1,Oral,500 mg,162,Drugfield Pharmaceuticals Limited,2021-05-07,2026-05-06,Inactive,Capsule,2 x 10&#039;s (in PVC-Alu blisters),"Each capsule contains: Lincomycin Hydrochloride equivalent to Lincomycin base 500 mg
Excipients q.s.",https://admin.greenbook.nafdac.gov.ng/uploadImage/smpc_files/2024/06/25/20240625519034d5-4862-53c4-8a53-a15c0372e2a2.pdf,J01FF02,https://greenbook.nafdac.gov.ng/products/details/4092,2026-09-27T21:50:58.439770+00:00
Greenbook NAFDAC,1067,7148,Biocipro Tablet**,1,Drugs,"{'id': 1, 'name': 'Drugs', 'created_at': '-000001-11-30T00:00:00.000000Z', 'updated_at': '2022-03-17T16:53:12.000000Z', 'deleted_at': None}",752,Ciprofloxacin,,B4-2452,1,Tablet,1,Oral,500 mg,635,Cacy Pharmacy &amp; Variety Stores Ltd,2024-02-28,2029-02-27,Active,Tablet,1 x 10&#039;s (in blister),Ciprofloxacin 500 mg,https://admin.greenbook.nafdac.gov.ng/uploadImage/smpc_files/2024/11/28/20241128fa03d76b-9759-5e3c-a460-a6d4838981da.pdf,J01MA02,https://greenbook.nafdac.gov.ng/products/details/7148,2026-09-27T21:50:58.439770+00:00
Greenbook NAFDAC,1068,3040,Bioclav 1000 Tablets##,1,Drugs,"{'id': 1, 'name': 'Drugs', 'created_at': '-000001-11-30T00:00:00.000000Z', 'updated_at': '2022-03-17T16:53:12.000000Z', 'deleted_at': None}",423,Amoxicillin (Amoxicillin Trihydrate); Clavulanic Acid (Potassium Clavulanate),,C4-1167,1,Tablet,1,Oral,875 mg; 125 mg,1026,Fatcon Pharmaceuticals (Nigeria) Limited,2020-11-10,2025-11-09,Inactive,Tablet,,"Each tablet contains: Amoxicillin Trihydrate USP equivalent to Amoxicillin 875 mg, Diluted Potassium Clavulanate USP equivalent to Clavulanic Acid 125 mg",,J01CR02,https://greenbook.nafdac.gov.ng/products/details/3040,2026-09-27T21:50:58.439770+00:00
Greenbook NAFDAC,1069,3022,Bioclav 228.5 for Suspension##,1,Drugs,"{'id': 1, 'name': 'Drugs', 'created_at': '-000001-11-30T00:00:00.000000Z', 'updated_at': '2022-03-17T16:53:12.000000Z', 'deleted_at': None}",423,Amoxicillin (Amoxicillin Trihydrate); Clavulanic Acid (Potassium Clavulanate),,C4-1168,72,Powder for suspension,1,Oral,200 mg/5 mL; 28.5 mg/5 mL,1026,Fatcon Pharmaceuticals (Nigeria) Limited,2020-11-10,2025-11-09,Inactive,"Powder for Oral Suspension
",,"Each 5 mL reconstituted suspension contains: Amoxicillin Trihydrate USP equivalent to Amoxicillin 200 mg, Potassium Clavulanate USP equivalent to Clavulanic Acid 28.5 mg",,J01CR02,https://greenbook.nafdac.gov.ng/products/details/3022,2026-09-27T21:50:58.439770+00:00
Greenbook NAFDAC,1070,3041,Bioclav 625 Tablets##,1,Drugs,"{'id': 1, 'name': 'Drugs', 'created_at': '-000001-11-30T00:00:00.000000Z', 'updated_at': '2022-03-17T16:53:12.000000Z', 'deleted_at': None}",423,Amoxicillin (Amoxicillin Trihydrate); Clavulanic Acid (Potassium Clavulanate),,C4-1166,1,Tablet,1,Oral,500 mg; 125 mg,1026,Fatcon Pharmaceuticals (Nigeria) Limited,2020-11-10,2025-11-09,Inactive,Tablet,,"Each tablet contains: Amoxicillin Trihydrate USP equivalent to Amoxicillin 500 mg, Diluted Potassium Clavulanate USP equivalent to Clavulanic Acid 125 mg",,J01CR02,https://greenbook.nafdac.gov.ng/products/details/3041,2026-09-27T21:50:58.439770+00:00
Greenbook NAFDAC,1071,12144,Biocombi Injection_,1,Drugs,"{'id': 1, 'name': 'Drugs', 'created_at': '-000001-11-30T00:00:00.000000Z', 'updated_at': '2022-03-17T16:53:12.000000Z', 'deleted_at': None}",359,Vitamin B Complex,,A4-0926,40,Injection,29,Intravenous; Intramuscular,see Composition,1661,Lorah Pharm Limited,2025-10-29,2030-10-28,Active,"Injection.
Small volume parenteral",1 x 50 x 10 mL vials,"Each vial contains: Thiamine Hydrochloride (Vitamin B1) 10 mg, Vitamin B2 0.1 mg, Vitamin B6 0.2 mg, Vitamin B12 1.5 mcg, Nicotinamide 1 mg, Phenol, Water for Injection
Excipients q.s",https://admin.greenbook.nafdac.gov.ng/uploadImage/smpc_files/2025/12/09/202512092e9febcb-9229-517b-985d-25c61747be42.pdf,A11EA,https://greenbook.nafdac.gov.ng/products/details/12144,2026-09-27T21:50:58.439770+00:00
Greenbook NAFDAC,1072,6514,Bioedic Injection**,1,Drugs,"{'id': 1, 'name': 'Drugs', 'created_at': '-000001-11-30T00:00:00.000000Z', 'updated_at': '2022-03-17T16:53:12.000000Z', 'deleted_at': None}",434,Procaine Benzylpenicillin; Benzylpenicillin Sodium,Procaine Penicillin Fortified,A4-4482,70,Powder for injection,9,Intramuscular,3 MU; 1 MU (4 MU),351,Clarion Medicals Limited,2023-11-30,2028-11-29,Active,Powder for solution for injection in a vial,1 x 10&#039;s (in vials),"Fortified Procaine Penicillin Injection 4 Mega.
Each vial contains: Procaine Penicillin BP 3 g (3,000,000 IU), Benzylpenicillin Sodium BP 0.6 g (1,000,000)",https://admin.greenbook.nafdac.gov.ng/uploadImage/smpc_files/2023/12/17/202312176a50b1ee-00bb-5669-b0f3-26b18f154f7a.pdf,J01CE30,https://greenbook.nafdac.gov.ng/products/details/6514,2026-09-27T21:50:58.439770+00:00
Greenbook NAFDAC,1073,3306,Biofenac 50 Tablet##,1,Drugs,"{'id': 1, 'name': 'Drugs', 'created_at': '-000001-11-30T00:00:00.000000Z', 'updated_at': '2022-03-17T16:53:12.000000Z', 'deleted_at': None}",1125,Diclofenac Potassium,,A4-9611,1,Tablet,1,Oral,50 mg,428,MaxCare Pharmaceuticals Limited,2020-11-30,2025-11-29,Inactive,Tablet,,Each tablet contains: Diclofenac Potassium 50 mg,,M01AB05,https://greenbook.nafdac.gov.ng/products/details/3306,2026-09-27T21:50:58.439770+00:00
Greenbook NAFDAC,1074,4145,Bioflex Dexrose 4.3% in Sodium Chloride 0.18% Inf.**,1,Drugs,"{'id': 1, 'name': 'Drugs', 'created_at': '-000001-11-30T00:00:00.000000Z', 'updated_at': '2022-03-17T16:53:12.000000Z', 'deleted_at': None}",372,Glucose; Sodium Chloride,Dextrose; Sodium chloride,04-4896,114,Solution for infusion,12,Intravenous,4.3%; 0.18%,537,Biomedical Limited,2021-05-27,2026-05-26,Inactive,Solution for Infusion,,"Each 100 mL solution contains: Dextrose Anhydrous 4.30 g, Sodium Chloride 0.18 g",,B05BB02,https://greenbook.nafdac.gov.ng/products/details/4145,2026-09-27T21:50:58.439770+00:00
Greenbook NAFDAC,1075,261,Bioflex Dextrose 10% in Water**,1,Drugs,"{'id': 1, 'name': 'Drugs', 'created_at': '-000001-11-30T00:00:00.000000Z', 'updated_at': '2022-03-17T16:53:12.000000Z', 'deleted_at': None}",638,Glucose,Dextrose,04-4895,114,Solution for infusion,12,Intravenous,10%,537,Biomedical Limited,2021-08-03,2026-08-02,Inactive,Solution for Infusion,,Each mL solution contains: Dextrose Anhydrous 100 mg (10 g/100 mL),,B05BA03,https://greenbook.nafdac.gov.ng/products/details/261,2026-09-27T21:50:58.439770+00:00
Greenbook NAFDAC,1076,4146,Bioflex Dextrose 5% in Sodium Chloride 0.9% Infusion**,1,Drugs,"{'id': 1, 'name': 'Drugs', 'created_at': '-000001-11-30T00:00:00.000000Z', 'updated_at': '2022-03-17T16:53:12.000000Z', 'deleted_at': None}",372,Glucose; Sodium Chloride,Dextrose; Sodium chloride,04-1342,114,Solution for infusion,25,Pending,5%; 0.9%,537,Biomedical Limited,2021-05-27,2026-05-26,Inactive,Solution for Infusion,,"Each 100 mL solution contains: Dextrose Anhydrous 5 g, Sodium Chloride 0.9 g",,B05BB02,https://greenbook.nafdac.gov.ng/products/details/4146,2026-09-27T21:50:58.439770+00:00
Greenbook NAFDAC,1077,622,Bioflex Dextrose 5% in Water**,1,Drugs,"{'id': 1, 'name': 'Drugs', 'created_at': '-000001-11-30T00:00:00.000000Z', 'updated_at': '2022-03-17T16:53:12.000000Z', 'deleted_at': None}",638,Glucose,Dextrose,04-4894,114,Solution for infusion,12,Intravenous,5%,537,Biomedical Limited,2021-05-27,2026-05-26,Inactive,Solution for infusion,,Each 100 mL solution contains: Dextrose Anhydrous 5 g,,B05BA03,https://greenbook.nafdac.gov.ng/products/details/622,2026-09-27T21:50:58.439770+00:00
Greenbook NAFDAC,1078,7882,Bioflex Isoplasma**,1,Drugs,"{'id': 1, 'name': 'Drugs', 'created_at': '-000001-11-30T00:00:00.000000Z', 'updated_at': '2022-03-17T16:53:12.000000Z', 'deleted_at': None}",1869,Plasma Volume Substitute (Isoplasma),Polyvinylpyrrolidone (PVP); K30,04-1334,85,Solution for injection/infusion,12,Intravenous,100%,537,Biomedical Limited,2021-08-03,2026-08-02,Inactive,Solution for Injection/Infusion,100 mL,"Each 100 mL solution contains: Polyvinylpyrrolidone (PVP) or K30 4 g, Na(+) 14.40 meq, K(+) 0.67 meq, Cl(-) 15.07 meq",,B05AA,https://greenbook.nafdac.gov.ng/products/details/7882,2026-09-27T21:50:58.439770+00:00
Greenbook NAFDAC,1079,498,Bioflex Mannitol 10%##,1,Drugs,"{'id': 1, 'name': 'Drugs', 'created_at': '-000001-11-30T00:00:00.000000Z', 'updated_at': '2022-03-17T16:53:12.000000Z', 'deleted_at': None}",236,Mannitol,,04-1333,114,Solution for infusion,12,Intravenous,10%,537,Biomedical Limited,2021-05-27,2026-05-26,Inactive,"Solution for Infusion
",,Each mL contains: D-Mannitol 100 mg (10 g/100 mL),,B05BC01,https://greenbook.nafdac.gov.ng/products/details/498,2026-09-27T21:50:58.439770+00:00
Greenbook NAFDAC,1080,262,Bioflex Mannitol 20%##,1,Drugs,"{'id': 1, 'name': 'Drugs', 'created_at': '-000001-11-30T00:00:00.000000Z', 'updated_at': '2022-03-17T16:53:12.000000Z', 'deleted_at': None}",236,Mannitol,,A11-0134,114,Solution for infusion,12,Intravenous,20%,537,Biomedical Limited,2021-08-03,2026-08-02,Inactive,Solution for Infusion,,Each mL contains: D-Mannitol 200 mg (20 g/100 mL),,B05BC01,https://greenbook.nafdac.gov.ng/products/details/262,2026-09-27T21:50:58.439770+00:00
Greenbook NAFDAC,1081,623,Bioflex Normal Saline Infusion##,1,Drugs,"{'id': 1, 'name': 'Drugs', 'created_at': '-000001-11-30T00:00:00.000000Z', 'updated_at': '2022-03-17T16:53:12.000000Z', 'deleted_at': None}",374,Sodium Chloride,,04-4893,114,Solution for infusion,12,Intravenous,0.9%,537,Biomedical Limited,2021-05-27,2026-05-26,Inactive,Solution for Infusion,,Each 100 mL solution contains: Sodium Chloride 0.9 g,,B05XA03,https://greenbook.nafdac.gov.ng/products/details/623,2026-09-27T21:50:58.439770+00:00
Greenbook NAFDAC,1082,6515,Bioflor 100 mg Powder for Oral Solution##,1,Drugs,"{'id': 1, 'name': 'Drugs', 'created_at': '-000001-11-30T00:00:00.000000Z', 'updated_at': '2022-03-17T16:53:12.000000Z', 'deleted_at': None}",199,Saccharomyces boulardii,,A4-5491,71,Powder for solution,1,Oral,100 mg,444,Merit Healthcare Limited,2023-11-30,2028-11-29,Active,"Powder for Solution

64	RNW-PP-263255	BIOFLOR 100MG POWDER FOR ORAL SOLUTION.	SACCHAROMYCES BOULARDII 100MG	LYOPHILIZED SACCHAROMYCES BOULARDII .............113.00 MG (MIXTURE OF 100 MG OF LYOPHILIZED YEAST CELLS AND 13 MG OF LACTOSE). EXCIPIENTS: FRUCTOSE, ANHYDROUS COLLOIDAL SILICA, TUTTI FRUTTI AROMA. TO ONE SACHET OF 306.00 MG	A4-5491	Drugs	Imported Products	1x,20Sachets	Over The Counter (OTC)	6/15/2022	MERIT HEALTHCARE LIMITED, DELE ASHIRU STREET, IRE-AKARI ESTATE ISOLO LAGOS	8171273639	casmolar1@yahoo.com	Biocodex, 1, avenue Blaise Pascal 60 000 Beauvais France., France",1 x 20 (in sachet),"Lyophilized Saccharomyces Boulardii 113.00 mg (mixture of 100 mg of Lyophilized Yeast Cells and 13 mg of Lactose)
Excipients: Fructose, Anhydrous Colloidal Silica, Tutti Frutti Aroma",https://admin.greenbook.nafdac.gov.ng/uploadImage/smpc_files/2025/01/16/202501163544e615-27dd-550e-b7b0-8b6e5000ccd4.pdf,A07FA02,https://greenbook.nafdac.gov.ng/products/details/6515,2026-09-27T21:50:58.439770+00:00
Greenbook NAFDAC,1083,10620,Bioflor 250 mg Sachet##,1,Drugs,"{'id': 1, 'name': 'Drugs', 'created_at': '-000001-11-30T00:00:00.000000Z', 'updated_at': '2022-03-17T16:53:12.000000Z', 'deleted_at': None}",199,Saccharomyces boulardii,,A4-101188,72,Powder for suspension,1,Oral,250 mg,444,Merit Healthcare Limited,2025-01-30,2030-01-29,Active,"Powder for Oral Suspension

NF-PP-322375	BIOFLOR 250MG SACHET	SACCHAROMYCES BOULARDII 250MG	SACCHAROMYCES BOULARDII 250MG		Drugs	Imported Products	1*10 Sachets	Over The Counter (OTC)	7/13/2023	MERIT HEALTHCARE LIMITED, DELE ASHIRU STREET, IRE-AKARI ESTATE ISOLO LAGOS	8171273639	casmolar1@yahoo.com	Biocodex, 1, avenue Blaise Pascal 60 000 Beauvais France., France	",1 x 10&#039;s (in sachets),"Each gram contains: Lyophilized Saccharomyces boulardii CNCM I-745 282.50 mg equivalent to Lyophilized yeast cells 250 mg
Excipients with known effect: Lactose, Fructose and Sorbitol
Excipients q.s.",https://admin.greenbook.nafdac.gov.ng/uploadImage/smpc_files/2025/03/20/202503209447210f-a52d-5792-8212-5f9050037801.pdf,A07FA02,https://greenbook.nafdac.gov.ng/products/details/10620,2026-09-27T21:50:58.439770+00:00
Greenbook NAFDAC,1084,624,Biogyl Injection## (check composition),1,Drugs,"{'id': 1, 'name': 'Drugs', 'created_at': '-000001-11-30T00:00:00.000000Z', 'updated_at': '2022-03-17T16:53:12.000000Z', 'deleted_at': None}",485,Metronidazole,,04-1343,114,Solution for infusion,12,Intravenous,500 mg/100 mL,537,Biomedical Limited,2021-05-27,2026-05-26,Inactive,"Solution for Infusion
A bright-yellow colored suspension with orange and lemon flavor in 60 mL amber PET bottle with pilfer proof cap and a graduated dose measurement cap to facilitate easy dosing",1 x 100 mL (in amber PET bottle),"Each 5 mL of the suspension contains: Metronidazole Benzoate BP equivalent to Metronidazole BP 200 mg
Excipients q.s.",https://admin.greenbook.nafdac.gov.ng/uploadImage/smpc_files/2024/11/16/20241116dd65d7ce-c890-5bdf-848d-b23795652188.pdf,J01XD01,https://greenbook.nafdac.gov.ng/products/details/624,2026-09-27T21:50:58.439770+00:00
Greenbook NAFDAC,1085,4753,Biolin Expectorant Syrup##,1,Drugs,"{'id': 1, 'name': 'Drugs', 'created_at': '-000001-11-30T00:00:00.000000Z', 'updated_at': '2022-03-17T16:53:12.000000Z', 'deleted_at': None}",1054,Diphenhydramine; Ammonium chloride; Sodium citrate; Menthol,,04-9089,103,Syrup,1,Oral,14 mg/5 mL; 140 mg/5 mL; 59 mg/5 mL; 1.1 mg/5 mL,58,Bioraj Pharmaceuticals Limited,2023-05-25,2028-05-24,Active,"Oral syrup
A deep brown viscous syrup

8	RNW-PP-316500	BIOLIN EXPECTORANT SYRUP	DIPHENHYDRAMINE HYDROCHLORIDE ,AMMONIUM CHLORIDE ,SODIUM CITRATE &amp; MENTHOL CRYSTAL	Diphenhydramine Hydrochloride BP…………………….14mg Ammonium Chloride BP…………………………………140mg Sodium Citrate BP………………………………………..59mg Menthol Crystal BP…........................................................1.1mg	Apr-89	Drugs	Nigerian Products	100ML	OTC	2/18/2023	BIORAJ PHARMACEUTICALS LIMITED, 405, KAIAMA ROAD, IIORIN KWARA STATE	8038099594	biorajpharmaceuticalltd@gmail.com	BIORAJ PHARMACEUTICAL LTD, P. O. Box 791 Ilorin, Kwara State, Nigeria",1 x 100 mL (in bottle),"Each 5 mL contains: Diphenhydramine HCL BP 14 mg, Sodium Citrate BP 59 mg, Ammonium Chloride BP 140 mg, Menthol BP 1.1 mg
Excipients: Propylene Glycol, Sucrose, Ethanol 96%, Sodium Citrate, Citric Acid, Sodium Benzoate, Carmosine Red, Purified water, Sodium CMC",https://admin.greenbook.nafdac.gov.ng/uploadImage/smpc_files/2023/09/20/202309207a7cf337-396b-53fc-840d-da457b3ccd75.pdf,R06AA52,https://greenbook.nafdac.gov.ng/products/details/4753,2026-09-27T21:50:58.439770+00:00
Greenbook NAFDAC,1086,5524,"Biomag Chewable Antacid Tablet## (duplicate, different active ingredients and strength format)",1,Drugs,"{'id': 1, 'name': 'Drugs', 'created_at': '-000001-11-30T00:00:00.000000Z', 'updated_at': '2022-03-17T16:53:12.000000Z', 'deleted_at': None}",1635,Magnesium trisilicate; Dried Aluminium hydroxide,,A4-6609,1,Tablet,1,Oral,250mg; 120mg,58,Bioraj Pharmaceuticals Limited,2023-08-31,2028-08-30,Active,"Tablet

BIOMAG CHEWABLE ANTACID TABLET	MAGNESIUM TRISILICATE AND DRIED ALUMINIUM HYDROXIDE	Dried Aluminum Hydroxide Gel BP………………………………120mg Magnesium Trisilicate BP………………………………………….250mg Excipient.............qs	A4-6609	Drugs	Nigerian Products	500,12*8	OTC	14/09/2022	BIORAJ PHARMACEUTICALS LIMITED, 405, KAIAMA ROAD, IIORIN KWARA STATE	8038099594	biorajpharmaceuticalltd@gmail.com	BIORAJ PHARMACEUTICALS LTD., No. 405 Kaiama Road Ilorin,Kwara State, Nigeria",12 x 8&#039;s (in PVC-Alu blisters),"Each tablet contains: Dried Aluminum Hydroxide Gel BP 120 mg, Magnesium Trisilicate BP 250 mg
Excipients: Sucrose (Micro Milling), Sodium Methyl Paraben, Starch Sodium Propyl Paraben, Sucrose for Syrup, Magnesium Stearate, Talcum Powder, Peppermint Powder, Peppermint Oil
",https://admin.greenbook.nafdac.gov.ng/uploadImage/smpc_files/2023/09/22/20230922cb1ac432-657d-5e19-ba59-f15915e629b8.pdf,A02A,https://greenbook.nafdac.gov.ng/products/details/5524,2026-09-27T21:50:58.439770+00:00
Greenbook NAFDAC,1087,4995,Biomag Chewable Tablets##,1,Drugs,"{'id': 1, 'name': 'Drugs', 'created_at': '-000001-11-30T00:00:00.000000Z', 'updated_at': '2022-03-17T16:53:12.000000Z', 'deleted_at': None}",160,Aluminium hydroxide; Magnesium trisilicate,,A4-6609,6,Chewable tablet,1,Oral,120 mg; 250 mg,58,Bioraj Pharmaceuticals Limited,2023-01-26,2028-01-25,Active,"Chewable Tablet

BIOMAG CHEWABLE TABLETS	A4-6609	BIOMAG	Magnesium Trisilicate 250mg, Dried Aluminium Hydroxide 150mg,  Peppermint flavour	Antacid			Tablet	OTC	Relief from heart burn, stomach ulcer and flatulence	Bioraj Pharmaceuticals Limited	No. 405, Kaiama Road, Ilorin, Kwara State	Same as applicant	Same as applicant	26/01/2023	25/01/2028
",12 x 8&#039;s (in PVC-Alu blisters),"Each tablet contains: Dried Aluminum Hydroxide Gel BP 120 mg, Magnesium Trisilicate BP 250 mg
Excipients q.s.",https://admin.greenbook.nafdac.gov.ng/uploadImage/smpc_files/2023/10/05/2023100560871820-f910-5026-927f-c570d99b672e.pdf,A02A,https://greenbook.nafdac.gov.ng/products/details/4995,2026-09-27T21:50:58.439770+00:00
Greenbook NAFDAC,1088,7320,"Biomag Suspension Magnesium Trisilicate, Light Magnesium Carbonate and Sodium Bicarbonate##",1,Drugs,"{'id': 1, 'name': 'Drugs', 'created_at': '-000001-11-30T00:00:00.000000Z', 'updated_at': '2022-03-17T16:53:12.000000Z', 'deleted_at': None}",167,Magnesium trisilicate; Magnesium carbonate; Sodium bicarbonate,,A4-0959,102,Suspension,1,Oral,250 mg; 250 mg; 250 mg,58,Bioraj Pharmaceuticals Limited,2024-03-27,2029-03-26,Active,"Oral Suspension

5	RNW-PP-349194	BIOMAG SUSPENSION	MAGNESIUM TRISILICATE, LIGHT MAGNESIUM CARBONATE AND SODIUM BICARBONATE	Each 5ml of the suspension contains Magnesium Trisilicate BP………………………………………….250mg Light Magnesium Carbonate BP…………………………………...250mg Sodium Bicarbonate BP……………………………………………250mg	A4-0959	Drugs	Nigerian Products	100ml,200ml	OTC	1/12/2024	BIORAJ PHARMACEUTICALS LIMITED, 405, KAIAMA ROAD, IIORIN KWARA STATE	8038099594	biorajpharmaceuticalltd@gmail.com	BIORAJ PHARMACEUTICALS LTD., No. 405 Kaiama Road Ilorin,Kwara State, Nigeria","1 x 100 mL, 1 x 200 mL (in plasitc containers)","Each 5 mL contains: Magnesium Trisilicate BP 250 mg, Light Magnesium Carbonate BP 250 mg, Sodium Bicarbonate BP 250 mg
Excipients: Sucrose, Methyl paraben, Ethanol 96%, Peppermint Oil, Sodium CMC",https://admin.greenbook.nafdac.gov.ng/uploadImage/smpc_files/2024/04/18/20240418567c6e36-6df0-508e-9c37-d54f4c5f14d1.pdf,A02A,https://greenbook.nafdac.gov.ng/products/details/7320,2026-09-27T21:50:58.439770+00:00
Greenbook NAFDAC,1089,499,Biomeclarocin Tablets##,1,Drugs,"{'id': 1, 'name': 'Drugs', 'created_at': '-000001-11-30T00:00:00.000000Z', 'updated_at': '2022-03-17T16:53:12.000000Z', 'deleted_at': None}",477,Clarithromycin,,B4-6348,1,Tablet,1,Oral,500 mg,37,Biomedicine Sckivs Pharmaceutical Nigeria Limited,2021-08-03,2026-08-02,Inactive,Film Coated Tablet,,Each tablet contains: Clarithromycin USP 500 mg,,J01FA09,https://greenbook.nafdac.gov.ng/products/details/499,2026-09-27T21:50:58.439770+00:00
Greenbook NAFDAC,1090,7883,Biomecoloxin 25 mg/50 mg Tablet**,1,Drugs,"{'id': 1, 'name': 'Drugs', 'created_at': '-000001-11-30T00:00:00.000000Z', 'updated_at': '2022-03-17T16:53:12.000000Z', 'deleted_at': None}",1842,Meclozine Hydrochloride; Pyridoxine Hydrochloride,,04-5371,1,Tablet,1,Oral,25 mg; 50 mg,37,Biomedicine Sckivs Pharmaceutical Nigeria Limited,2021-01-28,2026-01-27,Inactive,Film-coated tablet,1 x 250&#039;s (in jars),"Each tablet contains: Meclozine Hydrochloride 25 mg, Pyridoxine Hydrochloride 50 mg",,R06AE55,https://greenbook.nafdac.gov.ng/products/details/7883,2026-09-27T21:50:58.439770+00:00
Greenbook NAFDAC,1091,3207,Biomedical Co-Trimoxazole Suspension**,1,Drugs,"{'id': 1, 'name': 'Drugs', 'created_at': '-000001-11-30T00:00:00.000000Z', 'updated_at': '2022-03-17T16:53:12.000000Z', 'deleted_at': None}",488,Sulfamethoxazole; Trimethoprim,Co-trimoxazole; Cotrimoxazole,A11-100108,102,Suspension,1,Oral,200 mg/5 mL; 40 mg/5 mL,537,Biomedical Limited,2021-05-07,2026-05-06,Inactive,Oral Suspension,,"Each 5 mL suspension contains: Sulfamethoxazole 200 mg, Trimethoprim 40 mg",,J01EE01,https://greenbook.nafdac.gov.ng/products/details/3207,2026-09-27T21:50:58.439770+00:00
Greenbook NAFDAC,1092,4768,Biomedical Vitamin C Drops## (check pack size),1,Drugs,"{'id': 1, 'name': 'Drugs', 'created_at': '-000001-11-30T00:00:00.000000Z', 'updated_at': '2022-03-17T16:53:12.000000Z', 'deleted_at': None}",346,Ascorbic Acid,Vitamin C,A11-1310,60,Drops,1,Oral,100 mg,537,Biomedical Limited,2022-09-29,2027-09-28,Active,"Drops
Light yellow colored syrup packed in amber colored PET bottle

Biomedical Vitamin C Drops	A11-1310	Biomedical	ASCORBIC ACID		NUTRITIONAL SUPPLEMENT	ASCORBIC ACID 100MG 	DROPS	X 15MLS	OVER THE COUNTER	TREATMENT OF VITAMIN C DEFICIENCY  AND SCURVY	BIOMEDICAL LIMITED	NIGERIA	BIOMEDICAL LIMITED	NIGERIA	09/29/2022	09/28/2027
",1 x 15 mL (in amber PET bottle),"Each 1 mL contains: Vitamin C 100 mg
",https://admin.greenbook.nafdac.gov.ng/uploadImage/smpc_files/2023/10/20/202310206123a777-450a-546e-9255-618d52918425.pdf,A11GA,https://greenbook.nafdac.gov.ng/products/details/4768,2026-09-27T21:50:58.439770+00:00
Greenbook NAFDAC,1093,3730,Biomestatin Suspension##,1,Drugs,"{'id': 1, 'name': 'Drugs', 'created_at': '-000001-11-30T00:00:00.000000Z', 'updated_at': '2022-03-17T16:53:12.000000Z', 'deleted_at': None}",672,Nystatin,,A4-3246,102,Suspension,1,Oral,"100,000 IU/mL",37,Biomedicine Sckivs Pharmaceutical Nigeria Limited,2021-03-29,2026-03-28,Inactive,Suspension,,"Each mL of oral suspension contains: Nystatin USP 100,000 IU",,A07AA02,https://greenbook.nafdac.gov.ng/products/details/3730,2026-09-27T21:50:58.439770+00:00
Greenbook NAFDAC,1094,7885,"Biomestatine 100,000 IU Tablet**",1,Drugs,"{'id': 1, 'name': 'Drugs', 'created_at': '-000001-11-30T00:00:00.000000Z', 'updated_at': '2022-03-17T16:53:12.000000Z', 'deleted_at': None}",672,Nystatin,,A4-8889,68,Pessary,24,Vaginal,"100,000 IU",37,Biomedicine Sckivs Pharmaceutical Nigeria Limited,2021-01-28,2026-01-27,Inactive,Vaginal tablet,1 x 15’s (with applicator),"Each vaginal tablet contains: Nystatin USP 100,000 IU",,,https://greenbook.nafdac.gov.ng/products/details/7885,2026-09-27T21:50:58.439770+00:00
Greenbook NAFDAC,1095,3733,Biomestatine Tablets## (check pack size),1,Drugs,"{'id': 1, 'name': 'Drugs', 'created_at': '-000001-11-30T00:00:00.000000Z', 'updated_at': '2022-03-17T16:53:12.000000Z', 'deleted_at': None}",672,Nystatin,,B4-2607,1,Tablet,1,Oral,"500,000 IU",37,Biomedicine Sckivs Pharmaceutical Nigeria Limited,2021-09-28,2026-09-27,Active,"Vaginal Tablet
A pale yellow colored oval shape, biconvex, uncoated tablet, having embossed &quot;Conical Flask B&quot; on one side of the tablets",,"Each tablet contains: Nystatin BP 500,00 IU
Excipients q.s.",https://admin.greenbook.nafdac.gov.ng/uploadImage/smpc_files/2023/05/27/202305279aae4dd1-b1ef-5c06-b3fe-be71b3714e2e.pdf,A07AA02,https://greenbook.nafdac.gov.ng/products/details/3733,2026-09-27T21:50:58.439770+00:00
Greenbook NAFDAC,1096,8103,Biomether Injection**,1,Drugs,"{'id': 1, 'name': 'Drugs', 'created_at': '-000001-11-30T00:00:00.000000Z', 'updated_at': '2022-03-17T16:53:12.000000Z', 'deleted_at': None}",551,α-β Arteether,Alpha Beta Arteether; Alfa Beta Arteether,B4-0934,107,Solution for injection,9,Intramuscular,150 mg/2 mL,37,Biomedicine Sckivs Pharmaceutical Nigeria Limited,2021-08-03,2026-08-02,Inactive,Oily solution for injection in 2-mL ampoule,2 mL x 3&#039;s (in ampoules),Alpha-beta Arteether 150 mg/2 mL,,,https://greenbook.nafdac.gov.ng/products/details/8103,2026-09-27T21:50:58.439770+00:00
Greenbook NAFDAC,1097,7886,Biomoral Tablet**,1,Drugs,"{'id': 1, 'name': 'Drugs', 'created_at': '-000001-11-30T00:00:00.000000Z', 'updated_at': '2022-03-17T16:53:12.000000Z', 'deleted_at': None}",127,Trypsin; Chymotrypsin,,04-3699,1,Tablet,1,Oral,"50,000 units (6:1)",37,Biomedicine Sckivs Pharmaceutical Nigeria Limited,2021-01-28,2026-01-27,Inactive,Tablet,5 x 10&#039;s,"Each tablet contains: Trypsin-Chymotrypsin (6:1 Approx.) equiv. to 50,000 USP units of proteolytic enzyme activity",,M09AB52,https://greenbook.nafdac.gov.ng/products/details/7886,2026-09-27T21:50:58.439770+00:00
Greenbook NAFDAC,1098,6513,Biomox Injection**,1,Drugs,"{'id': 1, 'name': 'Drugs', 'created_at': '-000001-11-30T00:00:00.000000Z', 'updated_at': '2022-03-17T16:53:12.000000Z', 'deleted_at': None}",422,Amoxicillin (Amoxicillin Sodium),Amoxycillin,B4-5441,70,Powder for injection,29,Intravenous; Intramuscular,500 mg,218,Malven Medics International Company Ltd,2023-11-30,2028-11-29,Active,Powder for solution for injection in a vial,500 mg x 1&#039;s (in vial),"Amoxicillin Sodium for Injection 500 mg.
Each vial contains: Amoxicillin Sodium equiv. to Amoxicillin 500 mg",https://admin.greenbook.nafdac.gov.ng/uploadImage/smpc_files/2024/11/17/20241117b86ca172-41cd-52e7-a10c-43ec87457492.pdf,J01CA04,https://greenbook.nafdac.gov.ng/products/details/6513,2026-09-27T21:50:58.439770+00:00
Greenbook NAFDAC,1099,10125,Biopentin Tablets##,1,Drugs,"{'id': 1, 'name': 'Drugs', 'created_at': '-000001-11-30T00:00:00.000000Z', 'updated_at': '2022-03-17T16:53:12.000000Z', 'deleted_at': None}",36,Gabapentin; Methylcobalamin,,A4-9606,1,Tablet,1,Oral,300 mg; 500 mcg,1080,Biofem Specialties Limited,2021-09-28,2026-09-27,Active,Tablet,"10 x 10&#039;s, 3 x 10&#039;s","Each tablet contains: Gabapentin 300 mg, Methyl Cobalamin 500 mcg",,N02BF01,https://greenbook.nafdac.gov.ng/products/details/10125,2026-09-27T21:50:58.439770+00:00
Greenbook NAFDAC,1100,11995,Biopentin Tablets_,1,Drugs,"{'id': 1, 'name': 'Drugs', 'created_at': '-000001-11-30T00:00:00.000000Z', 'updated_at': '2022-03-17T16:53:12.000000Z', 'deleted_at': None}",36,Gabapentin; Methylcobalamin,,A4-9606,1,Tablet,1,Oral,300 mg; 500 mcg,1080,Biofem Specialties Limited,2021-09-28,2026-09-27,Active,Tablet,"10 x 10&#039;s, 3 x 10&#039;s","Each tablet contains: Gabapentin 300 mg, and Methylcobalamin 500 mcg",,N02BF01,https://greenbook.nafdac.gov.ng/products/details/11995,2026-09-27T21:50:58.439770+00:00
Greenbook NAFDAC,1101,3153,Biophage 1000 mg Caplets##,1,Drugs,"{'id': 1, 'name': 'Drugs', 'created_at': '-000001-11-30T00:00:00.000000Z', 'updated_at': '2022-03-17T16:53:12.000000Z', 'deleted_at': None}",625,Metformin Hydrochloride,,A11-0122,108,Caplet,1,Oral,1000 mg,291,SKG - Pharma Ltd,2021-08-27,2026-08-26,Inactive,Caplet,,Each caplet contains: Metformin Hydrochloride 1000 mg,,A10BA02,https://greenbook.nafdac.gov.ng/products/details/3153,2026-09-27T21:50:58.439770+00:00
Greenbook NAFDAC,1102,3154,Biophage 500 mg Tablets##,1,Drugs,"{'id': 1, 'name': 'Drugs', 'created_at': '-000001-11-30T00:00:00.000000Z', 'updated_at': '2022-03-17T16:53:12.000000Z', 'deleted_at': None}",625,Metformin Hydrochloride,,A4-6597,1,Tablet,1,Oral,500 mg,291,SKG - Pharma Ltd,2021-08-27,2026-08-26,Inactive,Tablet,,Each tablet contains: Metformin Hydrochloride 500 mg,,A10BA02,https://greenbook.nafdac.gov.ng/products/details/3154,2026-09-27T21:50:58.439770+00:00
Greenbook NAFDAC,1103,3296,Biopharma Ciprofloxacin 500 Tablets##,1,Drugs,"{'id': 1, 'name': 'Drugs', 'created_at': '-000001-11-30T00:00:00.000000Z', 'updated_at': '2022-03-17T16:53:12.000000Z', 'deleted_at': None}",461,Ciprofloxacin (Ciprofloxacin Hydrochloride),,B4-6435,1,Tablet,1,Oral,500 mg,531,Biopharma Nigeria Limited,2021-08-26,2026-08-25,Inactive,Film Coated Tablet,,Each tablet contains: Ciprofloxacin (as Ciprofloxacin Hydrochloride) BP 500 mg,,J01MA02,https://greenbook.nafdac.gov.ng/products/details/3296,2026-09-27T21:50:58.439770+00:00
Greenbook NAFDAC,1104,3437,Biopharma Erythromycin 500 Tablets##,1,Drugs,"{'id': 1, 'name': 'Drugs', 'created_at': '-000001-11-30T00:00:00.000000Z', 'updated_at': '2022-03-17T16:53:12.000000Z', 'deleted_at': None}",1164,Erythromycin,,B4-6434,1,Tablet,1,Oral,500 mg,531,Biopharma Nigeria Limited,2021-08-26,2026-08-25,Inactive,Tablet,,Each tablet contains: Erythromycin 500 mg,,J01FA01,https://greenbook.nafdac.gov.ng/products/details/3437,2026-09-27T21:50:58.439770+00:00
Greenbook NAFDAC,1105,3779,Biopharma Levofloxacin Tablets##,1,Drugs,"{'id': 1, 'name': 'Drugs', 'created_at': '-000001-11-30T00:00:00.000000Z', 'updated_at': '2022-03-17T16:53:12.000000Z', 'deleted_at': None}",464,Levofloxacin (Levofloxacin Hemihydrate),,B4-6683,1,Tablet,1,Oral,500 mg,531,Biopharma Nigeria Limited,2021-08-26,2026-08-25,Inactive,Film Coated Tablet,,Each tablet contains: Levofloxacin (as Levofloxacin Hemihydrate) 500 mg,,J01MA12,https://greenbook.nafdac.gov.ng/products/details/3779,2026-09-27T21:50:58.439770+00:00
Greenbook NAFDAC,1106,3683,Biophin IM Injection 1 g**,1,Drugs,"{'id': 1, 'name': 'Drugs', 'created_at': '-000001-11-30T00:00:00.000000Z', 'updated_at': '2022-03-17T16:53:12.000000Z', 'deleted_at': None}",1541,Ceftriaxone (Ceftriaxone Sodium),,C4-1267,70,Powder for injection,9,Intramuscular,1 g,332,Zolon Healthcare Limited,2020-11-30,2025-11-29,Inactive,"Powder for solution for injection or infusion.
White to pale yellow crystalline powder",1 g x 1&#039;s (in glass vial) + 3.5 mL Lidocaine 1% (in ampoule),"Combipack:
A) Each vial contains: Ceftriaxone (as Ceftriaxone Sodium) 1 g
B) Each ampoule contains: Lidocaine HCl 1% 3.5 mL

Excipient with known effect:
Each gram of Biophin contains approximately 82 mg (3.6mmol) of Sodium",https://admin.greenbook.nafdac.gov.ng/uploadImage/smpc_files/2025/04/16/20250416882c5feb-86eb-50a6-8cce-0a3c12b60265.pdf,J01DD04,https://greenbook.nafdac.gov.ng/products/details/3683,2026-09-27T21:50:58.439770+00:00
Greenbook NAFDAC,1107,5493,Bioptan Eyedrops##,1,Drugs,"{'id': 1, 'name': 'Drugs', 'created_at': '-000001-11-30T00:00:00.000000Z', 'updated_at': '2022-03-17T16:53:12.000000Z', 'deleted_at': None}",1348,Bimatoprost,,B4-3909,24,Eye drops,15,Ophthalmic,0.03%,210,Korlyns Pharmaceuticals Ltd,2023-04-26,2028-04-25,Active,"Eye Drops
Clear colorless solution. Free from any type of visible particles

BIOPTAN EYEDROPS	BIMATOPROST OPHTHALMIC SOLUTION	Bimatoprost Ophthalmic Solution 0.03%W/V + BENZALKONIUM CHLORIDE SOLUTION NF 0.02%W/V	B4-3909	Drugs	Imported Products	1*3ML	Prescription Only Medicine (POM)	26/10/2022	KORLYNS PHARMACEUTICALS LIMITED, 7, JAIYE OYEDOTUN STREET, MAGODO LAGOS LAGOS	8123173544	hardeybeecee77@yahoo.com	INDIANA OPTHALMICS, Plot No.136-137,Wadwan City-363 035,Surendranagar.Gujarat.Indian, India",1 x 5 mL (in LDPE bottle),"Bioptan Eyedrops contains: Bimatoprost 0.03% w/v,  Benzalkonium Chloride Solution NF 0.02% w/v (as preservative), Sterile Aqeuous Base q.s.
Excipients q.s.",https://admin.greenbook.nafdac.gov.ng/uploadImage/smpc_files/2023/09/25/202309259c83fe04-53fa-5ac6-8455-2a8637f63e4d.pdf,S01EE03,https://greenbook.nafdac.gov.ng/products/details/5493,2026-09-27T21:50:58.439770+00:00
Greenbook NAFDAC,1108,5525,Bioracee Chewable Tablets##,1,Drugs,"{'id': 1, 'name': 'Drugs', 'created_at': '-000001-11-30T00:00:00.000000Z', 'updated_at': '2022-03-17T16:53:12.000000Z', 'deleted_at': None}",346,Ascorbic Acid,Vitamin C,04-9085,1,Tablet,1,Oral,100 mg,58,Bioraj Pharmaceuticals Limited,2023-05-25,2028-05-24,Active,"Oral solid
An orange circular tablet with BPL on one side and break line on the other side

BIORACEE CHEWABLE TABLETS	ASCORBIC ACID	Ascorbic acid powder 25kg Lactose powder 13kg Corn starch for bulk 36kg Corn starch for paste 6kg Methyl paraben 160grams Propyl paraben 20grams Gelatin 500grams Sunset supra 500grams Carmosine red 20grams Tartrazine yellow 160grams Aspartame 1kg Magnesium stearate 600grams Talcum powder 1kg	Apr-85	Drugs	Nigerian Products	X1000	OTC	19/09/2022	BIORAJ PHARMACEUTICALS LIMITED, 405, KAIAMA ROAD, IIORIN KWARA STATE	8038099594	biorajpharmaceuticalltd@gmail.com	BIORAJ PHARMACEUTICALS LIMITED, 405, KAIAMA ROAD, IIORIN KWARA STATE, Nigeria",1 x 1000&#039;s (in CC container),"Each tablet contains: Ascorbic Acid BP 100 mg
Excipients: Maize Starch, Methyl Paraben, Propyl Paraben, Carmosine Red, Gelatin, Tartrazine Yellow, Aspartame, Manesium Stearate, Purified Talc",https://admin.greenbook.nafdac.gov.ng/uploadImage/smpc_files/2023/09/20/20230920c49a6217-56d2-523f-9368-4e9f24c14cb2.pdf,A11GA01,https://greenbook.nafdac.gov.ng/products/details/5525,2026-09-27T21:50:58.439770+00:00
Greenbook NAFDAC,1109,5526,Bioracee Syrup##,1,Drugs,"{'id': 1, 'name': 'Drugs', 'created_at': '-000001-11-30T00:00:00.000000Z', 'updated_at': '2022-03-17T16:53:12.000000Z', 'deleted_at': None}",346,Ascorbic Acid,Vitamin C,04-9088,103,Syrup,1,Oral,100 mg/5 mL,58,Bioraj Pharmaceuticals Limited,2023-07-27,2028-07-26,Active,"Oral Liquid Syrup
A yellow viscous syrup

BIORACEE SYRUP	ASCORBIC ACID	Ascorbic acid powder 28.6kg Sucrose 455kg Sodium CMC 10kg Sodium benzoate 1.378kg Citric acid 3.25kg Propylene glycol 78litres Tartrazine yellow 104grams Orange flavor 975ml	Apr-88	Drugs	BLOOD AND BLOOD FORMING ORGANS	Nigerian Products	*1000	OTC	19/09/2022	BIORAJ PHARMACEUTICALS LIMITED, 405, KAIAMA ROAD, IIORIN KWARA STATE	8038099594	biorajpharmaceuticalltd@gmail.com	BIORAJ PHARMACEUTICAL LTD, P. O. Box 791 Ilorin, Kwara State, Nigeria",1 x 100 mL (in bottle),"Each 5 mL contains: Ascorbic Acid BP 100 mg
Excipients: Citric acid, Sodium Carboxymethyl Cellulose, Sucrose, Orange flavor, Propylene glycol, Sodium benzoate, Tartrazine Yellow",https://admin.greenbook.nafdac.gov.ng/uploadImage/smpc_files/2023/09/21/202309210d4384fd-628d-51c0-a5cc-612daa8259c7.pdf,A11GA01,https://greenbook.nafdac.gov.ng/products/details/5526,2026-09-27T21:50:58.439770+00:00
Greenbook NAFDAC,1110,5013,Bioracee Tablet##,1,Drugs,"{'id': 1, 'name': 'Drugs', 'created_at': '-000001-11-30T00:00:00.000000Z', 'updated_at': '2022-03-17T16:53:12.000000Z', 'deleted_at': None}",346,Ascorbic Acid,Vitamin C,A4-0955,1,Tablet,1,Oral,100 mg,58,Bioraj Pharmaceuticals Limited,2023-07-27,2028-07-26,Active,"Oral solid
An orange circular tablet with BPL on one side and break line on the other side

24	RNW-PP-316494	BIORACEE TABLET	ASCORBIC ACID	ASCORBIC ACID BP. 100mg	A4-0955	Drugs	VARIOUS	Nigerian Products	*1000	OTC	2/18/2023	BIORAJ PHARMACEUTICALS LIMITED, 405, KAIAMA ROAD, IIORIN KWARA STATE	8038099594	biorajpharmaceuticalltd@gmail.com	BIORAJ PHARMACEUTICAL LTD, P. O. Box 791 Ilorin, Kwara State, Nigeria",1 x 1000&#039;s (in CC container),"Each tablet contains: Ascorbic Acid BP 100 mg
Excipients;  Maize Starch, Methyl Paraben, Propyl Paraben, Carmosine Red, Gelatin, Tartrazine Yellow, Aspartame, Magnesium Stearate, Purified Talc
",https://admin.greenbook.nafdac.gov.ng/uploadImage/smpc_files/2023/10/03/20231003057e46b2-ccc1-57de-a975-b0aad6f7a592.pdf,A11GA01,https://greenbook.nafdac.gov.ng/products/details/5013,2026-09-27T21:50:58.439770+00:00
Greenbook NAFDAC,1111,5015,Bioragyl Paediatric Oral Suspension**,1,Drugs,"{'id': 1, 'name': 'Drugs', 'created_at': '-000001-11-30T00:00:00.000000Z', 'updated_at': '2022-03-17T16:53:12.000000Z', 'deleted_at': None}",1554,Metronidazole (Metronidazole Benzoate),,A4-1053,102,Suspension,1,Oral,200 mg/5 mL,58,Bioraj Pharmaceuticals Limited,2023-07-27,2028-07-26,Active,Oral suspension,60 mL (in PET bottle),Metronidazole Benzoate equivalent to Metronidazole BP 200 mg/5 mL,https://admin.greenbook.nafdac.gov.ng/uploadImage/smpc_files/2023/09/21/20230921f3d164bf-d303-5a14-ba61-fdaa32aa6b02.pdf,P01AB01,https://greenbook.nafdac.gov.ng/products/details/5015,2026-09-27T21:50:58.439770+00:00
Greenbook NAFDAC,1112,8403,Bioragyl Tablet**,1,Drugs,"{'id': 1, 'name': 'Drugs', 'created_at': '-000001-11-30T00:00:00.000000Z', 'updated_at': '2022-03-17T16:53:12.000000Z', 'deleted_at': None}",485,Metronidazole,,A11-100771,1,Tablet,1,Oral,400 mg,58,Bioraj Pharmaceuticals Limited,2024-09-25,2029-09-24,Active,Tablet,10 x 10&#039;s (in Alu-PVC blisters),Each tablet contains: Metronidazole BP 400 mg,https://admin.greenbook.nafdac.gov.ng/uploadImage/smpc_files/2024/11/06/202411068435b76d-eb0a-531b-a9b6-d17456a3f480.pdf,P01AB01,https://greenbook.nafdac.gov.ng/products/details/8403,2026-09-27T21:50:58.439770+00:00
Greenbook NAFDAC,1113,6801,Bioragyl Tablet**,1,Drugs,"{'id': 1, 'name': 'Drugs', 'created_at': '-000001-11-30T00:00:00.000000Z', 'updated_at': '2022-03-17T16:53:12.000000Z', 'deleted_at': None}",485,Metronidazole,,04-9084,1,Tablet,1,Oral,200 mg,58,Bioraj Pharmaceuticals Limited,2023-12-21,2028-12-20,Active,Tablet,1000&#039;s,Each tablet contains: Metronidazole BP 200 mg,https://admin.greenbook.nafdac.gov.ng/uploadImage/smpc_files/2024/11/18/202411180a2653be-e55a-5a1b-bac5-49c74cec6c9f.pdf,P01AB01,https://greenbook.nafdac.gov.ng/products/details/6801,2026-09-27T21:50:58.439770+00:00
Greenbook NAFDAC,1114,6713,Bioraj Ibuprofen 400 mg Caplet##,1,Drugs,"{'id': 1, 'name': 'Drugs', 'created_at': '-000001-11-30T00:00:00.000000Z', 'updated_at': '2022-03-17T16:53:12.000000Z', 'deleted_at': None}",57,Ibuprofen,, A11-0450,108,Caplet,1,Oral,400 mg,58,Bioraj Pharmaceuticals Limited,2023-12-21,2028-12-20,Active,"Caplet
An orange oval caplet

103	RNW-PP-253156	BIORAJ IBUPROFEN 400MG CAPLET	IBUPROFEN	IBUPROFEN..400mg EXCIPIENT....qs	A11-0450	Drugs	Nigerian Products	10X10mg	POM 1	9/14/2022	BIORAJ PHARMACEUTICALS LIMITED, 405, KAIAMA ROAD, IIORIN KWARA STATE	8038099594	biorajpharmaceuticalltd@gmail.com	BIORAJ PHARMACEUTICALS LTD., No. 405 Kaiama Road Ilorin,Kwara State, Nigeria",10 x 10&#039;s (in PVC-Alu blisters),"Each coated caplet contains: Ibuprofen 400 mg
Excipients q.s.",https://admin.greenbook.nafdac.gov.ng/uploadImage/smpc_files/2024/09/04/2024090466a49fb8-fdd4-58d1-9c53-1e2c3fe4500c.pdf,M01AE01,https://greenbook.nafdac.gov.ng/products/details/6713,2026-09-27T21:50:58.439770+00:00
Greenbook NAFDAC,1115,4756,Bioraj Ibuprofen Caplets## (duplicate),1,Drugs,"{'id': 1, 'name': 'Drugs', 'created_at': '-000001-11-30T00:00:00.000000Z', 'updated_at': '2022-03-17T16:53:12.000000Z', 'deleted_at': None}",57,Ibuprofen,,A11-0450,1,Tablet,1,Oral,400 mg,58,Bioraj Pharmaceuticals Limited,2023-01-26,2028-01-25,Active,"Caplet
An orange oval caplet

BIORAJ IBUPROFEN CAPLETS	A11-0450	BIORAJ	Ibuprofen 400mg	NSAID			Caplets 	POM	Relief of pains and feverish condition	Bioraj Pharmaceuticals Limited	No. 405, Kaiama Road, Ilorin, Kwara State	Same as applicant	Same as applicant	26/01/2023	25/01/2028
",1 x 10&#039;s (in PVC-Alu blister),"Each coated caplet contains: Ibuprofen 400 mg
Excipients q.s.",https://admin.greenbook.nafdac.gov.ng/uploadImage/smpc_files/2023/10/03/2023100328bb414c-68ff-5c7b-84c4-ed58ffbb7f4b.pdf,M01AE01,https://greenbook.nafdac.gov.ng/products/details/4756,2026-09-27T21:50:58.439770+00:00
Greenbook NAFDAC,1116,5507,Bioraj Ibuprofen Suspension##,1,Drugs,"{'id': 1, 'name': 'Drugs', 'created_at': '-000001-11-30T00:00:00.000000Z', 'updated_at': '2022-03-17T16:53:12.000000Z', 'deleted_at': None}",57,Ibuprofen,,A11-100565,102,Suspension,1,Oral,200 mg/5 mL,58,Bioraj Pharmaceuticals Limited,2023-08-31,2028-08-30,Active,"Oral Suspension

BIORAJ IBUPROFEN SUSPENSION	IBUPROFEN	IBUPROFEN BP. 100mg Excipient........qs		Drugs	Nigerian Products	100ml	OTC	13/09/2022	BIORAJ PHARMACEUTICALS LIMITED, 405, KAIAMA ROAD, IIORIN KWARA STATE	8038099594	biorajpharmaceuticalltd@gmail.com	BIORAJ PHARMACEUTICAL LTD, P. O. Box 791 Ilorin, Kwara State, Nigeria",1 x 100 mL (in bottle),"Each Suspension contains: Ibuprofen BP 100 mg /5 mL
Excipients q.s.",https://admin.greenbook.nafdac.gov.ng/uploadImage/smpc_files/2023/09/22/20230922e4fdd45f-c452-5b55-bd7f-46b2c6a7813b.pdf,M01AE01,https://greenbook.nafdac.gov.ng/products/details/5507,2026-09-27T21:50:58.439770+00:00
Greenbook NAFDAC,1117,4757,Bioraj Pain Powder##,1,Drugs,"{'id': 1, 'name': 'Drugs', 'created_at': '-000001-11-30T00:00:00.000000Z', 'updated_at': '2022-03-17T16:53:12.000000Z', 'deleted_at': None}",72,Acetylsalicylic acid; Caffeine,,A11-0447,111,Powder,1,Oral,760 mg; 60 mg,58,Bioraj Pharmaceuticals Limited,2023-01-26,2028-01-25,Active,"Powder

BIORAJ PAIN POWDER	A11-0447	BIORAJ	Acetylsalicylic Acid 760mg, Caffeine 60mg	NSAID			Powder 	OTC	Relief of pain, inflammation, fever and aches	Bioraj Pharmaceuticals Limited	No. 405, Kaiama Road, Ilorin, Kwara State	Same as applicant	Same as applicant	26/01/2023	25/01/2028
",1 x 10&#039;s (in sachets),"Bioraj Pain Powder contains: Acetylsalicylic Acid 760 mg, Caffeine 60 mg
Excipients q.s.",https://admin.greenbook.nafdac.gov.ng/uploadImage/smpc_files/2023/10/03/202310035e796323-bd6a-57dc-bab8-db8780c6fb1b.pdf,N02BA51,https://greenbook.nafdac.gov.ng/products/details/4757,2026-09-27T21:50:58.439770+00:00
Greenbook NAFDAC,1118,4758,Bioraj Paracetamol & Diclofenac Potassium Tablet##,1,Drugs,"{'id': 1, 'name': 'Drugs', 'created_at': '-000001-11-30T00:00:00.000000Z', 'updated_at': '2022-03-17T16:53:12.000000Z', 'deleted_at': None}",1550,Diclofenac Potassium; Paracetamol,,A11-0323,1,Tablet,1,Oral,50 mg; 500 mg,58,Bioraj Pharmaceuticals Limited,2023-05-25,2028-05-24,Active,"Oral tablet
A light green caplet with BPL on one side and break line on the other side

1	RNW-PP-208257	BIORAJ PARACETAMOL &amp; DICLOFENAC POTASSIUM TABLET	PARACETAMOL &amp; DICLOFENAC POTASSIUM	EACH TABLET CONTAINS PARACETAMOL 500mg DICLOFENAC POTASSIUM 50mg	A11-0323	Drugs	Nigerian Products	1*10	Over The Counter (OTC)	4/20/2021	BIORAJ PHARMACEUTICALS LIMITED, 405, KAIAMA ROAD, IIORIN KWARA STATE	8038099594	biorajpharmaceuticalltd@gmail.com	BIORAJ PHARMACEUTICAL LTD, P. O. Box 791 Ilorin, Kwara State, Nigeria",1 x 10&#039;s (in PVC-Alu blister),"Each uncoated tablet contains: Diclofenac Potassium B.P. 50 mg, Paracetamol B.P. 500 mg
Excipients: Maize Starch. Purified Talc. Methyl Paraben. Propyl Paraben, Gelatin, Magnesium Stearate, Fast green
",https://admin.greenbook.nafdac.gov.ng/uploadImage/smpc_files/2023/10/03/202310031548e117-6ea0-5f60-aeee-2e0be920f420.pdf,M01AB55,https://greenbook.nafdac.gov.ng/products/details/4758,2026-09-27T21:50:58.439770+00:00
Greenbook NAFDAC,1119,6651,Bioramol Caplet##,1,Drugs,"{'id': 1, 'name': 'Drugs', 'created_at': '-000001-11-30T00:00:00.000000Z', 'updated_at': '2022-03-17T16:53:12.000000Z', 'deleted_at': None}",1529,Paracetamol,Acetaminophen,A4-6611,108,Caplet,1,Oral,500 mg,58,Bioraj Pharmaceuticals Limited,2023-12-21,2028-12-20,Active,"Oral liquid

105	RNW-PP-208269	BIORAMOL CAPLET	PARACETAMOL	Paracetamol powder (Active API) 100kg Corn starch for bulk 1.33kg Corn starch for paste 8.67kg Methyl paraben 266.6 grams Propyl paraben 53.33 grams Gelatin 133.3 grams Magnesium stearate 800 grams Talcum powder 1.33kg Corn starch for blend 2kg	A4-6611	Drugs	Nigerian Products	*200,*1000	OTC	9/14/2022	BIORAJ PHARMACEUTICALS LIMITED, 405, KAIAMA ROAD, IIORIN KWARA STATE	8038099594	biorajpharmaceuticalltd@gmail.com	BIORAJ PHARMACEUTICAL LTD, P. O. Box 791 Ilorin, Kwara State, Nigeria","10 x 10&#039;s, 10 x 20&#039;s (in PVC-Alu blisters)","Each caplet contains: Paracetamol 500 mg, Caffeine Anhydrous 30 mg
Excipients: Corn Starch, Methyl Paraben, Propyl Paraben, Gelatin, Corn Starch, Magnesium Stearate, Talc",https://admin.greenbook.nafdac.gov.ng/uploadImage/smpc_files/2024/09/06/20240906ca6de753-3cd0-565c-ac74-dd36fc3d3693.pdf,N02BE01,https://greenbook.nafdac.gov.ng/products/details/6651,2026-09-27T21:50:58.439770+00:00
Greenbook NAFDAC,1120,4762,Bioramol Caplets## (duplicate),1,Drugs,"{'id': 1, 'name': 'Drugs', 'created_at': '-000001-11-30T00:00:00.000000Z', 'updated_at': '2022-03-17T16:53:12.000000Z', 'deleted_at': None}",1529,Paracetamol,Acetaminophen,A4-6611,1,Tablet,1,Oral,500 mg,58,Bioraj Pharmaceuticals Limited,2023-01-26,2028-01-25,Active,"BIORAMOL CAPLETS	A4-6611	BIORAMOL	Paracetamol 500mg	Analgesic			Caplets	OTC	Relief of pains and feverish condition	Bioraj Pharmaceuticals Limited	No. 405, Kaiama Road, Ilorin, Kwara State	Same as applicant	Same as applicant	26/01/2023	25/01/2028
",,,https://admin.greenbook.nafdac.gov.ng/uploadImage/smpc_files/2023/10/03/20231003ac3c30d9-0809-5710-95ca-72c14eacd72a.pdf,N02BE01,https://greenbook.nafdac.gov.ng/products/details/4762,2026-09-27T21:50:58.439770+00:00
Greenbook NAFDAC,1121,4764,Bioramol Drops## (duplicate),1,Drugs,"{'id': 1, 'name': 'Drugs', 'created_at': '-000001-11-30T00:00:00.000000Z', 'updated_at': '2022-03-17T16:53:12.000000Z', 'deleted_at': None}",1529,Paracetamol,Acetaminophen,A4-7094,60,Drops,1,Oral,100 mg/mL,58,Bioraj Pharmaceuticals Limited,2023-01-26,2028-01-25,Active,"Drops

BIORAMOL DROPS	A11-0448	BIORAMOL	Paracetamol 100mg/ml	Analgesic			Drops 	OTC	Relief of pains and feverish condition	Bioraj Pharmaceuticals Limited	No. 405, Kaiama Road, Ilorin, Kwara State	Same as applicant	Same as applicant	26/01/2023	25/01/2028
",1 x 15 mL (in amber glass bottle),"Each mL contains: Paracetamol 100 mg
Excipients q.s.",https://admin.greenbook.nafdac.gov.ng/uploadImage/smpc_files/2023/10/03/20231003bc4c40e9-8d26-5ae7-95d9-c0409fd4064c.pdf,N02BE01,https://greenbook.nafdac.gov.ng/products/details/4764,2026-09-27T21:50:58.439770+00:00
Greenbook NAFDAC,1122,5561,Bioramol Extra Caplet##,1,Drugs,"{'id': 1, 'name': 'Drugs', 'created_at': '-000001-11-30T00:00:00.000000Z', 'updated_at': '2022-03-17T16:53:12.000000Z', 'deleted_at': None}",983,Paracetamol; Caffeine,,A4-7738,108,Caplet,1,Oral,500 mg; 30 mg,58,Bioraj Pharmaceuticals Limited,2023-07-27,2028-07-26,Active,"Oral Solid

BIORAMOL EXTRA CAPLET	PARACETAMOL AND ANHYDROUS CAFEINE	Paracetamol powder 75kg Caffeine powder 4.5kg Corn starch for bulk 1kg Corn starch for paste 6.5kg Methyl paraben 200grams Propyl paraben 40grams Gelatin 100grams Magnesium stearate 600grams Talcum powder 1kg Corn starch for blend 1.5kg	A4-7738	Drugs	MUSCULO-SKELETAL SYSTEM	Nigerian Products	10*20CAPLET	OTC	19/09/2022	BIORAJ PHARMACEUTICALS LIMITED, 405, KAIAMA ROAD, IIORIN KWARA STATE	8038099594	biorajpharmaceuticalltd@gmail.com	BIORAJ PHARMACEUTICAL LTD, P. O. Box 791 Ilorin, Kwara State, Nigeria","10 x 10&#039;s, 10 x 20&#039;s (in PVC-Alu blisters) ","Each caplet contains: Paracetamol 500 mg, Caffeine Anhydrous 30 mg
Excipients: Corn Starch, Methyl Paraben, Propyl Paraben, Gelatin, Corn Starch, Magnesium Stearate, Talc",https://admin.greenbook.nafdac.gov.ng/uploadImage/smpc_files/2023/09/21/20230921e9e5f60a-b512-5b97-bc2c-6c95ba16444f.pdf,N02BE51,https://greenbook.nafdac.gov.ng/products/details/5561,2026-09-27T21:50:58.439770+00:00
Greenbook NAFDAC,1123,4765,Bioramol Night Caplets## (duplicate),1,Drugs,"{'id': 1, 'name': 'Drugs', 'created_at': '-000001-11-30T00:00:00.000000Z', 'updated_at': '2022-03-17T16:53:12.000000Z', 'deleted_at': None}",49,Paracetamol; Diphenhydramine HCl,,A11-0449,1,Tablet,1,Oral,500 mg; 25 mg,58,Bioraj Pharmaceuticals Limited,2023-01-26,2028-01-25,Active,"Tablet

BIORAMOL NIGHT CAPLETS 	A11-0449	BIORAMOL	Diphenhydramine Hydrochloride 25mg, Paracetamol 500mg	Antihistamine, Analgesic			Caplets 	OTC	Used to relieve pain, symptoms of allergy, hay fever, and the common cold.	Bioraj Pharmaceuticals Limited	No. 405, Kaiama Road, Ilorin, Kwara State	Same as applicant	Same as applicant	26/01/2023	25/01/2028
",2 x 10&#039;s (in PVC-Alu blisters),"Each tablet contains Paracetamol 500 mg, Diphenhydramine hydrochloride 25 mg
It also contains: Lactose Monohydrate
Excipients q.s.",https://admin.greenbook.nafdac.gov.ng/uploadImage/smpc_files/2024/09/06/20240906f88e93e0-27a5-5dcc-87bb-548ff66ff051.pdf,N02BE51,https://greenbook.nafdac.gov.ng/products/details/4765,2026-09-27T21:50:58.439770+00:00
Greenbook NAFDAC,1124,5016,Bioramol Night Tablet##,1,Drugs,"{'id': 1, 'name': 'Drugs', 'created_at': '-000001-11-30T00:00:00.000000Z', 'updated_at': '2022-03-17T16:53:12.000000Z', 'deleted_at': None}",49,Paracetamol; Diphenhydramine HCl,,A11-0449,1,Tablet,1,Oral,500 mg; 25 mg,58,Bioraj Pharmaceuticals Limited,2023-07-27,2028-07-26,Active,"Tablet

30	RNW-PP-253161	BIORAMOL NIGHT TABLET	DIPHENHYDRAMINE HYDROCHLORIDE AND PARACETAMOL	Paracetamol BP……………………………. 500mg Diphenhydramine HCL BP………………... 25mg	A11-0449	Drugs	MUSCULO-SKELETAL SYSTEM	Nigerian Products	2*10	OTC	9/14/2022	BIORAJ PHARMACEUTICALS LIMITED, 405, KAIAMA ROAD, IIORIN KWARA STATE	8038099594	biorajpharmaceuticalltd@gmail.com	BIORAJ PHARMACEUTICALS LTD., No. 405 Kaiama Road Ilorin,Kwara State, Nigeria",2 x 10&#039;s (in PVC-Alu blisters),"Each tablet contains: Paracetamol 500 mg and Diphenhydramine hydrochloride 25 mg
Excipients: Maize Starch, Purified Talc, Methyl Paraben, Propyl Paraben, Povidone, Magnesium Stearate, FD&amp;C Blue",https://admin.greenbook.nafdac.gov.ng/uploadImage/smpc_files/2023/09/21/202309213911f4aa-c360-5b58-b622-f82872779f93.pdf,N02BE51,https://greenbook.nafdac.gov.ng/products/details/5016,2026-09-27T21:50:58.439770+00:00
Greenbook NAFDAC,1125,5017,Bioramol Paracetamol Drops##,1,Drugs,"{'id': 1, 'name': 'Drugs', 'created_at': '-000001-11-30T00:00:00.000000Z', 'updated_at': '2022-03-17T16:53:12.000000Z', 'deleted_at': None}",1529,Paracetamol,Acetaminophen,A4-7094,60,Drops,1,Oral,100 mg,58,Bioraj Pharmaceuticals Limited,2023-07-27,2028-07-26,Active,"Oral Drop
Light pink viscous syrup

28	RNW-PP-252987	BIORAMOL PARACETAMOL DROPS	PARACETAMOL	Paracetamol..100mg Excipient..qs	A11-0448	Drugs	MUSCULO-SKELETAL SYSTEM	Nigerian Products	15ML	Over The Counter (OTC)	9/14/2022	BIORAJ PHARMACEUTICALS LIMITED, 405, KAIAMA ROAD, IIORIN KWARA STATE	8038099594	biorajpharmaceuticalltd@gmail.com	BIORAJ PHARMACEUTICALS LTD., No. 405 Kaiama Road Ilorin,Kwara State, Nigeria",1 x 15 mL (in amber glass bottle),"Each mL contains: Paracetamol 100 mg
Excipients: Propylene Glycol, Sucrose, Sodium CMC, Sodium Benzoate, Propylene Glycol, Ethanol 96%, Ponceau 4R, Strawberry Flavor, Purified water",https://admin.greenbook.nafdac.gov.ng/uploadImage/smpc_files/2023/09/21/20230921b4350204-db00-5047-b056-57122c569368.pdf,N02BE01,https://greenbook.nafdac.gov.ng/products/details/5017,2026-09-27T21:50:58.439770+00:00
Greenbook NAFDAC,1126,5562,Bioramol Syrup## (NRN format),1,Drugs,"{'id': 1, 'name': 'Drugs', 'created_at': '-000001-11-30T00:00:00.000000Z', 'updated_at': '2022-03-17T16:53:12.000000Z', 'deleted_at': None}",1529,Paracetamol,Acetaminophen,4/1/9086,103,Syrup,1,Oral,125 mg,58,Bioraj Pharmaceuticals Limited,2023-07-27,2028-07-26,Active,"Oral syrup 
Deep pink viscous syrup

29	RNW-PP-253012	BIORAMOL SYRUP	PARACETAMOL	Paracetamol...125mg Excipient..qs	Apr-86	Drugs	MUSCULO-SKELETAL SYSTEM	Nigerian Products	60ML	Over The Counter (OTC)	9/14/2022	BIORAJ PHARMACEUTICALS LIMITED, 405, KAIAMA ROAD, IIORIN KWARA STATE	8038099594	biorajpharmaceuticalltd@gmail.com	BIORAJ PHARMACEUTICALS LTD., No. 405 Kaiama Road Ilorin,Kwara State, Nigeria",1 x 60 mL (in amber glass bottle),"Each 5 mL contains: Paracetamol B.P. 125 mg
Excipients: Sucrose, Sodium carboxymethylcellulose, Sodium Benzoate, Citric Acid, Propylene Glycol, Ethanol, Ponceau 4R, Strawberry Flavor
",https://admin.greenbook.nafdac.gov.ng/uploadImage/smpc_files/2023/10/03/20231003bef84ec7-05a3-56e6-926a-fcaac0ad0e89.pdf,N02BE01,https://greenbook.nafdac.gov.ng/products/details/5562,2026-09-27T21:50:58.439770+00:00
Greenbook NAFDAC,1127,4766,Bioramol Tablet##,1,Drugs,"{'id': 1, 'name': 'Drugs', 'created_at': '-000001-11-30T00:00:00.000000Z', 'updated_at': '2022-03-17T16:53:12.000000Z', 'deleted_at': None}",1529,Paracetamol,Acetaminophen,04-9033,1,Tablet,1,Oral,500 mg,58,Bioraj Pharmaceuticals Limited,2023-05-25,2028-05-24,Active,"Oral tablet
White oval tablet with a break line on one side and &quot;BPL&quot; on the other side

6	RNW-PP-316335	BIORAMOL TABLET	PARACETAMOL	Paracetamol BP. 500mg	Apr-33	Drugs	Nigerian Products	X*1000	OTC	2/17/2023	BIORAJ PHARMACEUTICALS LIMITED, 405, KAIAMA ROAD, IIORIN KWARA STATE	8038099594	biorajpharmaceuticalltd@gmail.com	BIORAJ PHARMACEUTICAL LTD, P. O. Box 791 Ilorin, Kwara State, Nigeria",1 x 1000&#039;s (in CC container),"Each tablet contains: 500 mg of paracetamol BP
Excipients: Maize Starch, Purified Talc, Methyl Paraben, Propyl Paraben, Gelatin Magnesium Stearate",https://admin.greenbook.nafdac.gov.ng/uploadImage/smpc_files/2023/09/20/202309208c4ec966-3bfc-5e52-bacf-a07cebe9d47b.pdf,N02BE01,https://greenbook.nafdac.gov.ng/products/details/4766,2026-09-27T21:50:58.439770+00:00
Greenbook NAFDAC,1128,6025,Bioraquine Syrup**,1,Drugs,"{'id': 1, 'name': 'Drugs', 'created_at': '-000001-11-30T00:00:00.000000Z', 'updated_at': '2022-03-17T16:53:12.000000Z', 'deleted_at': None}",1572,Chloroquine (Chloroquine Phosphate),,04-9087,103,Syrup,1,Oral,50 mg/5 mL,58,Bioraj Pharmaceuticals Limited,2023-07-27,2028-07-26,Active,Oral Liquid,1 x 60 mL (in amber glass bottle),"Each 5 mL contains: Chloroquine Phosphate 80 mg equivalent to Chloroquine base 50 mg, Excipients q.s.",https://admin.greenbook.nafdac.gov.ng/uploadImage/smpc_files/2024/11/18/2024111883bf565c-d3df-5987-8f8a-f68715758eaa.pdf,P01BA01,https://greenbook.nafdac.gov.ng/products/details/6025,2026-09-27T21:50:58.439770+00:00
Greenbook NAFDAC,1129,7888,Biosphere Ciprofloxacin Eye/Ear Drops**,1,Drugs,"{'id': 1, 'name': 'Drugs', 'created_at': '-000001-11-30T00:00:00.000000Z', 'updated_at': '2022-03-17T16:53:12.000000Z', 'deleted_at': None}",752,Ciprofloxacin,,A4-9808,104,Solution/Drops,28,Ophthalmic/Otic,0.3%,136,Biosphere Pharmaceuticals Limited,2021-06-24,2026-06-23,Inactive,"Eye/Ear drops, Solution",10 mL (in LDPE white plastic bottle),"Ciprofloxacin Hydrochloride USP equiv. to Ciprofloxacin 0.3% w/v, Benzalkonium Chloride NF 0.01% w/v",https://admin.greenbook.nafdac.gov.ng/uploadImage/smpc_files/2024/09/18/202409189eccf198-2ccc-5211-b5b0-1f0d862b6a93.pdf,,https://greenbook.nafdac.gov.ng/products/details/7888,2026-09-27T21:50:58.439770+00:00
Greenbook NAFDAC,1130,4759,Bioszime Injection##,1,Drugs,"{'id': 1, 'name': 'Drugs', 'created_at': '-000001-11-30T00:00:00.000000Z', 'updated_at': '2022-03-17T16:53:12.000000Z', 'deleted_at': None}",452,Ceftazidime (Ceftazidime Pentahydrate),,B4-1336,40,Injection,12,Intravenous,1 g,145,Chez Resources Pharmaceutical Limited,2021-08-03,2026-08-02,Inactive,"Powder for Injection
A white crystalline powder filled in intactly sealed clear glass vials

139	CMS-PP-320355	BIOSZIME INJECTION	CEFTAZIDIME	Each vial contains sterile Ceftazidime Pentahydrate USP equivalent to Anhydrous Ceftazidime 1gm + one 20ml Ampoule of Sterilized water for Injection BP.	B4-1336	Drugs	Imported Products	1*1g	POM 1	5/10/2023	CHEZ RESOURCES PHARMACEUTICAL LIMITED, 7 CALABAR STREET FEGGE ONITSHA ANAMBRA	46485780	chezrespharm@gmail.com	BHARAT PARENTERALS LTD I, SURVEY NO. :144 &amp; 146, JAROD SAMLAYA ROAD, VILL. HARIPURA. TAL. SAVLI, DIST. VADODARA - 391520 , GUJARAT, INDIA., India",20 mL vial and 20 mL plastic ampoule,Each vial contains: Ceftazidime Pentahydrate USP eq. to. Anhydrous Ceftazidime 1 g,https://admin.greenbook.nafdac.gov.ng/uploadImage/smpc_files/2023/10/20/202310202e7af302-f54a-51fd-a760-61e5a6852532.pdf,J01DD02,https://greenbook.nafdac.gov.ng/products/details/4759,2026-09-27T21:50:58.439770+00:00
Greenbook NAFDAC,1131,7388,Biotol Antiseptic**,1,Drugs,"{'id': 1, 'name': 'Drugs', 'created_at': '-000001-11-30T00:00:00.000000Z', 'updated_at': '2022-03-17T16:53:12.000000Z', 'deleted_at': None}",1817,Castor oil; Pine oil; Dichloroxylenol,"Castor oil; Pine oil; 2,4-Dichloro-3,5-dimethylphenol",A11-100678,101,Liquid,21,Topical,1-10%; 1-10%; &amp;lt;1%,1297,Gongoni Company Limited,2024-04-30,2029-05-01,Active,"Composition: Castor Oil Soap, Pine Oil, 2,4-Dichloro-3,5-dimethylphenol (Dichloroxylenol), Denatured Spirit, Glycerine, Fragrance Om2045, EDTA, Dye Stuff PC001, Water",250 mL,,https://admin.greenbook.nafdac.gov.ng/uploadImage/smpc_files/2024/05/19/20240519fe002a70-dc94-5328-98b4-1425f99c4656.pdf,,https://greenbook.nafdac.gov.ng/products/details/7388,2026-09-27T21:50:58.439770+00:00
Greenbook NAFDAC,1132,5565,Biotonic Capsule##,1,Drugs,"{'id': 1, 'name': 'Drugs', 'created_at': '-000001-11-30T00:00:00.000000Z', 'updated_at': '2022-03-17T16:53:12.000000Z', 'deleted_at': None}",1661,Ferrous Fumarate; Folic Acid; Vitamin B12; Vitamin A; Vitamin C; Vitamin E; VitaminB1; Vitamin B2;Vitamin B6; Nicotinamide; Magnesium Oxide; Zinc Sulphate,,A11-0364,2,Capsule,1,Oral,see Composition,58,Bioraj Pharmaceuticals Limited,2023-01-26,2028-01-25,Active,"Capsule

BIOTONIC CAPSULE	A11-0364	BIOTONIC	Iron 16mg, Folic Acid 2mg, Vitamin B12 5mcg, Vitamin A 1000IU, Vitamin C 30mg, Vitamin E 3mg, Vitamin B1 1mg, Vitamin B2 1.5mg, Vitamin B6 1.5mg, Nicotinamide 10mg, Magnesium Oxide 50mg, Zinc Sulphate 5mg	Haematinic			Capsule	OTC	Used to treat Iron deficiency anaemia and megaloblastic anaemia 	Bioraj Pharmaceuticals Limited	No. 405, Kaiama Road, Ilorin, Kwara State	Same as applicant	Same as applicant	26/01/2023	25/01/2028",10 x 12&#039;s (in PVC-Alu blisters),"Each capsule contains: Ferrous Fumarate BP 50 mg (equivalent to elemental iron 16 mg), Folic Acid BP 2 mg, Vitamin B12 BP 5 mcg, Vitamin A USP 1000 IU, Vitamin C BP 30 mg, Vitamin E USP 3 mg, Vitamin B1 BP 1 mg, Vitamin B2 BP 1.5 mg, Vitamin B6 BP 1.5 mg, Nicotinamide BP 10 mg, Magnesium Oxide BP 50 mg, Zinc Sulfate BP 5 mg
Excipients q.s.
",https://admin.greenbook.nafdac.gov.ng/uploadImage/smpc_files/2023/10/05/20231005136142f5-f9a1-582e-a19c-6097ecc3d455.pdf,A11AA03,https://greenbook.nafdac.gov.ng/products/details/5565,2026-09-27T21:50:58.439770+00:00
Greenbook NAFDAC,1133,7406,Biotonic Syrup##,1,Drugs,"{'id': 1, 'name': 'Drugs', 'created_at': '-000001-11-30T00:00:00.000000Z', 'updated_at': '2022-03-17T16:53:12.000000Z', 'deleted_at': None}",322,Ferric ammonium citrate; Folic acid; Vitamin B12,,04-1553,103,Syrup,1,Oral,200 mg/5 mL; 0.5 mg/5 mL; 5 mcg/5 mL,58,Bioraj Pharmaceuticals Limited,2024-02-28,2029-02-27,Active,"Oral syrup

BIOTONIC SYRUP	FERRIC AMMONIUM CITRATE FOLIC ACID VITAMIN B12 (CYANOCOBALAMIN)	Each 5ml contains: Ferric Ammonium Citrate BP……………………….200mg (Equivalent to 41mg of elemental iron) Folic Acid BP………………………………………..0.5mg Vitamin B12 (Cyanocobalamin)…………………….5mcg	04-1553	Drugs	Nigerian Products	100ml,200ml	OTC	12/01/2024	BIORAJ PHARMACEUTICALS LIMITED, 405, KAIAMA ROAD, IIORIN KWARA STATE	8038099594	biorajpharmaceuticalltd@gmail.com	BIORAJ PHARMACEUTICALS LTD., No. 405 Kaiama Road Ilorin,Kwara State, Nigeria","1 x 100 mL, 1 x 200 mL (in amber bottles)","Each 5 mL contains: Ferrous Ammonium Citrate BP 200 mg (Equivalent to elemental iron 41 mg), Folic Acid BP 0.5 mg, Vitamin B12 BP 5.0 mcg
Excipients: Sodium CMC, Sucrose, Sodium Methyl Paraben, Sodium Propyl Paraben, Pineapple Flavor, Banana Flavor
",https://admin.greenbook.nafdac.gov.ng/uploadImage/smpc_files/2024/03/14/20240314c26d4d5e-a84a-5404-a668-b43eb97bd135.pdf,,https://greenbook.nafdac.gov.ng/products/details/7406,2026-09-27T21:50:58.439770+00:00
Greenbook NAFDAC,1134,7335,Biotux Cough Syrup (Expectorant)## (strength format),1,Drugs,"{'id': 1, 'name': 'Drugs', 'created_at': '-000001-11-30T00:00:00.000000Z', 'updated_at': '2022-03-17T16:53:12.000000Z', 'deleted_at': None}",1050,Diphenhydramine HCl; Ammonium chloride,,A11-100687,103,Syrup,1,Oral,20mg; 20mg,531,Biopharma Nigeria Limited,2024-04-30,2029-05-01,Active,"Liquid Expectorant
Yellow viscous liquid syrup presented in 100 mL PET bottle with customized metallic screw cap packed in an outer secondary pack, shrink-wrapped and shipped in a tertiary carton

3	NF-PP-213731	BIOTUX COUGH SYRUP(EXPECTORANT)	DIPHENHYDRAMINE HCL, AMMONIUM CHLORIDE	Diphenhydramine Hydrochloride BP 20mg Ammonium chloride BP 20mg	A11-100687	Drugs	RESPIRATORY SYSTEM	Nigerian Products	100ML	Over The Counter (OTC)	7/5/2021	BIO PHARMA NIGERIA LTD, 18, sakajojo street, Odogunyan, Ikorodu, Lagos	8060233328	damilolarapheal@gmail.com	BIOPHARMA NIGERIA LIMITED, 10, ODOGUNYAN PALACE ROAD, ODOGUNYA, IKORODU, LAGOS., Nigeria",1 x 100 mL (in PET bottle),"Each 5 mL contains: Diphenhydramine hydrochloride BP 14.0 mg, Ammonium Chloride B.P 135.0 mg, Sodium Citrate BP 57.0 mg, Menthol BP 1.1 mg
Excipients: Sucrose B.P 3.00 g, Sodium CMC 15.00 mg, Menthol Solution 0.00375 mL, Citric Acid 40.00 mg, Propyl Paraben 1.00 mg, Methyl Paraben 10.00 mg, Lemon flavor 0.0025 mL, Tetrazine Yellow 0.20 mg, Purified Water B.P. q.s.
",https://admin.greenbook.nafdac.gov.ng/uploadImage/smpc_files/2024/05/19/20240519e5360a4a-c9d5-5042-9f1f-0977a053b01b.pdf,R06AA52,https://greenbook.nafdac.gov.ng/products/details/7335,2026-09-27T21:50:58.439770+00:00
Greenbook NAFDAC,1135,7889,Bioviderm Cream**,1,Drugs,"{'id': 1, 'name': 'Drugs', 'created_at': '-000001-11-30T00:00:00.000000Z', 'updated_at': '2022-03-17T16:53:12.000000Z', 'deleted_at': None}",1114,Beclometasone; Miconazole; Neomycin,,A4-9754,4,Cream,21,Topical,0.025%; 2%; 0.5%,37,Biomedicine Sckivs Pharmaceutical Nigeria Limited,2021-01-28,2026-01-27,Inactive,"Topical cream.
A white coloured homogeneous semisolid mass",30 g (in Lami tube),"Each gram contains: Beclometasone Dipropionate BP equiv. to Beclometasone 0.25 mg, Neomycin Sulphate equiv. to Neomycin base BP 5.00 mg, Miconazole Nitrate BP 20.00 mg, and Chlorocresol (as Preservative) BP 0.1% w/w",https://admin.greenbook.nafdac.gov.ng/uploadImage/smpc_files/2024/09/22/20240922a1bceb4a-0b06-5e43-bbc5-9341a58641b6.pdf,,https://greenbook.nafdac.gov.ng/products/details/7889,2026-09-27T21:50:58.439770+00:00
Greenbook NAFDAC,1136,7890,Biovilol 3.125 Tablet**,1,Drugs,"{'id': 1, 'name': 'Drugs', 'created_at': '-000001-11-30T00:00:00.000000Z', 'updated_at': '2022-03-17T16:53:12.000000Z', 'deleted_at': None}",240,Carvedilol,,C4-1586,1,Tablet,1,Oral,3.125 mg,253,Onifam Laboratories Limited,2021-02-25,2026-02-24,Inactive,Uncoated tablet,2 x 14&#039;s (in blisters),"Each uncoated tablet contains: Carvedilol BP 3.125 mg, Excipients q.s.",https://admin.greenbook.nafdac.gov.ng/uploadImage/smpc_files/2024/07/22/202407226e452bf4-eca0-5278-a6ba-de2f26b19ac9.pdf,,https://greenbook.nafdac.gov.ng/products/details/7890,2026-09-27T21:50:58.439770+00:00
Greenbook NAFDAC,1137,7891,Biovilol 6.25 Tablet**,1,Drugs,"{'id': 1, 'name': 'Drugs', 'created_at': '-000001-11-30T00:00:00.000000Z', 'updated_at': '2022-03-17T16:53:12.000000Z', 'deleted_at': None}",240,Carvedilol,,C4-1587,1,Tablet,1,Oral,6.25 mg,253,Onifam Laboratories Limited,2021-02-25,2026-02-24,Inactive,Uncoated tablet,2 x 14&#039;s (in blisters),"Each uncoated tablet contains: Carvedilol BP 6.25 mg, Excipients q.s.",https://admin.greenbook.nafdac.gov.ng/uploadImage/smpc_files/2024/07/22/20240722c2657eb8-bffc-50d4-9406-f946ed60c9e8.pdf,,https://greenbook.nafdac.gov.ng/products/details/7891,2026-09-27T21:50:58.439770+00:00
Greenbook NAFDAC,1138,4295,Biovit Vitamin B Complex Syrup##,1,Drugs,"{'id': 1, 'name': 'Drugs', 'created_at': '-000001-11-30T00:00:00.000000Z', 'updated_at': '2022-03-17T16:53:12.000000Z', 'deleted_at': None}",1575,Vit B1; Vit B2; Vit B6; Nicotinamide,,04-1759,103,Syrup,1,Oral,1 mg/5 mL; 5 mg/5 mL; 2 mg/5 mL; 20 mg/5 mL,1067,Daily-Need Industries Limited,2020-11-10,2025-11-09,Inactive,Syrup,,"Each 5 mL syrup contains: Vitamin B1 (Thiamine Hydrochloride) 1 mg, Vitamin B2 (Riboflavin) 5 mg, Vitamin B6 (Pyridoxine Hydrochloride) 2 mg, Nicotinamide 20 mg",,A11EA,https://greenbook.nafdac.gov.ng/products/details/4295,2026-09-27T21:50:58.439770+00:00
Greenbook NAFDAC,1139,4147,Biozep Injection## (check composition),1,Drugs,"{'id': 1, 'name': 'Drugs', 'created_at': '-000001-11-30T00:00:00.000000Z', 'updated_at': '2022-03-17T16:53:12.000000Z', 'deleted_at': None}",4,Diazepam,,B4-6606,107,Solution for injection,29,Intravenous; Intramuscular,10 mg/2 mL,531,Biopharma Nigeria Limited,2021-08-26,2026-08-25,Inactive,"Solution for Injection
A clear colorless solution filled in amber colored sealed glass ampoule with blue dot at constriction",10 x 2 mL ampoules,"Each 2 mL contains: Diazepam 10 mg
Excipients q.s.",https://admin.greenbook.nafdac.gov.ng/uploadImage/smpc_files/2023/05/28/20230528f8eb850f-0d1f-5c17-81be-b8ec581818bc.pdf,N05BA01,https://greenbook.nafdac.gov.ng/products/details/4147,2026-09-27T21:50:58.439770+00:00
Greenbook NAFDAC,1140,4767,Biozink Tablet##,1,Drugs,"{'id': 1, 'name': 'Drugs', 'created_at': '-000001-11-30T00:00:00.000000Z', 'updated_at': '2022-03-17T16:53:12.000000Z', 'deleted_at': None}",808,Zinc (Zinc Sulfate),,A11-100525,1,Tablet,1,Oral,20 mg,58,Bioraj Pharmaceuticals Limited,2023-07-06,2028-07-05,Active,"Effervescent Tablet

2	NF-PP-209162	BIOZINK TABLET	ZINC SULPHATE	Zinc Sulphate......20mg Excipient		Drugs	BLOOD AND BLOOD FORMING ORGANS	Nigerian Products	10*10	POM 1	9/13/2022	BIORAJ PHARMACEUTICALS LIMITED, 405, KAIAMA ROAD, IIORIN KWARA STATE	8038099594	biorajpharmaceuticalltd@gmail.com	BIORAJ PHARMACEUTICAL LTD, P. O. Box 791 Ilorin, Kwara State, Nigeria",10 x 10&#039;s (in PVC-Alu blisters),"Each tablet contains: Zinc Sulphate USP (As Monohydrate) 54.9 mg equivalent to Elemental Zinc 20 mg
Excipients q.s. ",https://admin.greenbook.nafdac.gov.ng/uploadImage/smpc_files/2023/10/03/20231003e12cb095-74fa-59d5-b9dd-3e26eaebff71.pdf,A12CB01,https://greenbook.nafdac.gov.ng/products/details/4767,2026-09-27T21:50:58.439770+00:00
Greenbook NAFDAC,1141,3895,Bisacodyl 10 Tablets##,1,Drugs,"{'id': 1, 'name': 'Drugs', 'created_at': '-000001-11-30T00:00:00.000000Z', 'updated_at': '2022-03-17T16:53:12.000000Z', 'deleted_at': None}",200,Bisacodyl,,A11-100351,1,Tablet,1,Oral,10 mg,27,Fidson Healthcare PLC,2021-12-16,2026-12-15,Active,Tablet,10 x 10&#039;s (in blisters),Each tablet contains: Bisacodyl 10 mg,https://admin.greenbook.nafdac.gov.ng/uploadImage/smpc_files/2025/01/14/20250114e06105b3-2e86-581d-828d-d2a1e5b406e3.pdf,A06AB02,https://greenbook.nafdac.gov.ng/products/details/3895,2026-09-27T21:50:58.439770+00:00
Greenbook NAFDAC,1142,3896,Bisacodyl 5 Tablets##,1,Drugs,"{'id': 1, 'name': 'Drugs', 'created_at': '-000001-11-30T00:00:00.000000Z', 'updated_at': '2022-03-17T16:53:12.000000Z', 'deleted_at': None}",200,Bisacodyl,,A11-100350,1,Tablet,1,Oral,5 mg,27,Fidson Healthcare PLC,2021-12-16,2026-12-15,Active,Tablet,10 x 10s (in blisters),Each tablet contains: Bisacodyl 5 mg,https://admin.greenbook.nafdac.gov.ng/uploadImage/smpc_files/2025/01/14/2025011405b15758-b65b-5567-99c5-2ce4436b2160.pdf,A06AB02,https://greenbook.nafdac.gov.ng/products/details/3896,2026-09-27T21:50:58.439770+00:00
Greenbook NAFDAC,1143,3897,Bisacodyl Tablet##,1,Drugs,"{'id': 1, 'name': 'Drugs', 'created_at': '-000001-11-30T00:00:00.000000Z', 'updated_at': '2022-03-17T16:53:12.000000Z', 'deleted_at': None}",200,Bisacodyl,,C4-1359,1,Tablet,1,Oral,5 mg,760,Anyigold Global Services Nigeria Ltd,2020-12-21,2025-12-20,Inactive,Tablet,,Each tablet contains: Bisacodyl 5 mg,,A06AB02,https://greenbook.nafdac.gov.ng/products/details/3897,2026-09-27T21:50:58.439770+00:00
Greenbook NAFDAC,1144,3898,Bisacodyl Tablets##,1,Drugs,"{'id': 1, 'name': 'Drugs', 'created_at': '-000001-11-30T00:00:00.000000Z', 'updated_at': '2022-03-17T16:53:12.000000Z', 'deleted_at': None}",200,Bisacodyl,,C4-1171,1,Tablet,1,Oral,5 mg,722,SK Medicines Limited,2020-11-10,2025-11-09,Inactive,Tablet,,Each tablet contains: Bisacodyl 5 mg,,A06AB02,https://greenbook.nafdac.gov.ng/products/details/3898,2026-09-27T21:50:58.439770+00:00
Greenbook NAFDAC,1145,8026,Bisacure 5 mg Tablet**,1,Drugs,"{'id': 1, 'name': 'Drugs', 'created_at': '-000001-11-30T00:00:00.000000Z', 'updated_at': '2022-03-17T16:53:12.000000Z', 'deleted_at': None}",200,Bisacodyl,, A4-8553,1,Tablet,1,Oral,5 mg,742,Unicure Pharmaceuticals Limited,2024-08-28,2029-08-27,Active,"Gastro-resistant tablets for oral administration.
Circular, biconvex, yellow, sugar-coated and enteric-coated tablet",10 x 10&#039;s (in blisters),Each tablet contains: Bisacodyl 5 mg,https://admin.greenbook.nafdac.gov.ng/uploadImage/smpc_files/2024/10/01/20241001e5c9e51a-85b4-50a1-99b3-bf367a891fb3.pdf,A06AB02,https://greenbook.nafdac.gov.ng/products/details/8026,2026-09-27T21:50:58.439770+00:00
Greenbook NAFDAC,1146,6477,Bisoprolol 10 mg Tablet##,1,Drugs,"{'id': 1, 'name': 'Drugs', 'created_at': '-000001-11-30T00:00:00.000000Z', 'updated_at': '2022-03-17T16:53:12.000000Z', 'deleted_at': None}",239,Bisoprolol Fumarate,,B4-7694,1,Tablet,1,Oral,10 mg,250,Novartis Nigeria Limited,2023-11-30,2028-11-29,Active,"Tablet
Apricot colored, round, scored film-coated tablet with a one-sided embossment &quot;BIS 10&quot;. The tablet can be divided into four equal doses

85	RNW-PP-280665	Bisoprolol 10mg Tablet	BISOPROLOL	Bisoprolol fumarate 10mg Excipient: calcium hydrogen phosphate, anhydrous •• cellulose, microcrystalline •• maize starch, pregelatinised •• croscarmellose sodium •• silica, colloidal anhydrous •• magnesium stearate •• lactose monohydrate •• hypromellose •• macrogol 4000 •• titanium dioxide (E171) •• iron oxide, yellow (E172) •• iron oxide, red (E172)	B4-7694	Drugs	Imported Products	4*25	POM 1	9/16/2022	NOVARTIS NIGERIA LIMITED, LANDMARK BUILDING 52/54 ISAAC JOHN STREET IKEJA-GRA LAGOS LAGOS	2.34707E+12	arit.onwusah@novartis.com	LEK S.A, 16 PODLIPIE STREET 95-010 STRYKOW POLAND, Poland",4 x 25&#039;s (in PVC-Alu blisters),"Each tablet contains: Bisoprolol 10 mg
Excipient with known effect: Lactose (as Monohydrate) 2.4 mg
Excipients q.s.
",https://admin.greenbook.nafdac.gov.ng/uploadImage/smpc_files/2023/12/18/20231218ebee4123-35a5-58f3-9d8c-a791d982d932.pdf,C07AB07,https://greenbook.nafdac.gov.ng/products/details/6477,2026-09-27T21:50:58.439770+00:00
Greenbook NAFDAC,1147,6476,Bisoprolol 2.5 mg Tablet##,1,Drugs,"{'id': 1, 'name': 'Drugs', 'created_at': '-000001-11-30T00:00:00.000000Z', 'updated_at': '2022-03-17T16:53:12.000000Z', 'deleted_at': None}",239,Bisoprolol Fumarate,,B4-7692,1,Tablet,1,Oral,2.5 mg,250,Novartis Nigeria Limited,2023-11-30,2028-11-29,Active,"Tablet
White colored, round, scored film-coated tablets with a one-sided embossment &quot;BIS 2.5&quot;. The tablets can be divided into equal doses


66	RNW-PP-280663	Bisoprolol 2.5mg Tablet	Bisoprolol 2.5mg	Bisoprolol fumarate 2.5mg Excipients: calcium hydrogen phosphate, anhydrous, cellulose, microcrystalline, maize starch, pregelatinised, croscarmellose sodium, silica, colloidal anhydrous •• magnesium stearate, lactose monohydrate, hypromellose, macrogol 4000, titanium dioxide (E171), iron oxide, yellow (E172)	B4-7692	Drugs	Imported Products	2*15	Prescription Only Medicine (POM)	9/16/2022	NOVARTIS NIGERIA LIMITED, LANDMARK BUILDING 52/54 ISAAC JOHN STREET IKEJA-GRA LAGOS LAGOS	2.34707E+12	arit.onwusah@novartis.com	LEK S.A, 16 PODLIPIE STREET 95-010 STRYKOW POLAND, Poland",2 x 15&#039;s (in PVC-Alu blisters),"Each tablet contains: Bisoprolol Fumarate 2.5 mg
Excipient with known effect: Lactose (as Monohydrate) 1.2 mg
Excipients q.s.",https://admin.greenbook.nafdac.gov.ng/uploadImage/smpc_files/2023/12/17/20231217a9000550-d0f7-55bd-971f-eac316f9dc65.pdf,C07AB07,https://greenbook.nafdac.gov.ng/products/details/6476,2026-09-27T21:50:58.439770+00:00
Greenbook NAFDAC,1148,3201,Bisoprolol 2.5 mg Tablet##,1,Drugs,"{'id': 1, 'name': 'Drugs', 'created_at': '-000001-11-30T00:00:00.000000Z', 'updated_at': '2022-03-17T16:53:12.000000Z', 'deleted_at': None}",239,Bisoprolol Fumarate,,C4-1318,1,Tablet,1,Oral,2.5 mg,722,SK Medicines Limited,2020-11-30,2025-11-29,Inactive,Tablet,,Each tablet contains: Bisoprolol Fumarate 2.5 mg,,C07AB07,https://greenbook.nafdac.gov.ng/products/details/3201,2026-09-27T21:50:58.439770+00:00
Greenbook NAFDAC,1149,7213,Bisoprolol 5 mg Tablets**,1,Drugs,"{'id': 1, 'name': 'Drugs', 'created_at': '-000001-11-30T00:00:00.000000Z', 'updated_at': '2022-03-17T16:53:12.000000Z', 'deleted_at': None}",239,Bisoprolol Fumarate,,B4-7693,1,Tablet,1,Oral,5 mg,250,Novartis Nigeria Limited,2024-02-28,2029-02-27,Active,"Film-coated Tablet.
White colored, round, scored film-coated tablets with a one-sided embossment &quot;BIS 5&quot;. The tablets can be divided into equal doses",4 x 25&#039;s (in PVC-Alu blisters),"Each tablet contains: Bisoprolol Fumarate 5 mg, Excipients q.s.
Excipient with known effect: Lactose (as Monohydrate) 1.2 mg",https://admin.greenbook.nafdac.gov.ng/uploadImage/smpc_files/2024/03/26/2024032609122728-b336-54ad-ad89-51ec88f72929.pdf,C07AB07,https://greenbook.nafdac.gov.ng/products/details/7213,2026-09-27T21:50:58.439770+00:00
Greenbook NAFDAC,1150,3202,Bisoprolol 7.5 mg Tablet##,1,Drugs,"{'id': 1, 'name': 'Drugs', 'created_at': '-000001-11-30T00:00:00.000000Z', 'updated_at': '2022-03-17T16:53:12.000000Z', 'deleted_at': None}",239,Bisoprolol Fumarate,,C4-1317,1,Tablet,1,Oral,7.5 mg,722,SK Medicines Limited,2020-11-30,2025-11-29,Inactive,Tablet,,Each tablet contains: Bisoprolol Fumarate 7.5 mg,,C07AB07,https://greenbook.nafdac.gov.ng/products/details/3202,2026-09-27T21:50:58.439770+00:00
Greenbook NAFDAC,1151,9703,Bitalshin 100 mg/mL Injection**,1,Drugs,"{'id': 1, 'name': 'Drugs', 'created_at': '-000001-11-30T00:00:00.000000Z', 'updated_at': '2022-03-17T16:53:12.000000Z', 'deleted_at': None}",39,Phenobarbital,,A4-101140,107,Solution for injection,31,Intravenous; Intramuscular; Subcutaneous,100 mg/mL,1203,Shinfield Pharmaceuticals Limited,2024-12-18,2029-12-17,Active,"Sterile solution for injection in 1-mL amber glass ampoule.
A clear, colorless liquid",1 mL x 100&#039;s (in amber glass ampoules),"Phenobarbital Injection BP 100 mg/mL.
Each mL contains: Phenobarbital Sodium 100 mg, Water for Injection q.s.

Excipients:
Benzyl Alcohol, Propylene Glycol, Sodium Hydroxide, Water for injection",https://admin.greenbook.nafdac.gov.ng/uploadImage/smpc_files/2025/05/12/20250512d4f437a4-6abc-5b7c-acb0-946f76cce8ed.pdf,N03AA02,https://greenbook.nafdac.gov.ng/products/details/9703,2026-09-27T21:50:58.439770+00:00
Greenbook NAFDAC,1152,5504,Bitoplex Syrup## (check composition),1,Drugs,"{'id': 1, 'name': 'Drugs', 'created_at': '-000001-11-30T00:00:00.000000Z', 'updated_at': '2022-03-17T16:53:12.000000Z', 'deleted_at': None}",356,Thiamine,,A4-6865,103,Syrup,1,Oral,20 mg,96,Richygold International Limited,2020-11-10,2025-11-09,Inactive,"Syrup

Bitoplex Syrup	A4-6865	Thiamine HCl; Riboflavin; Sodium Phosphate; Pyridoxine HCl; Nicotinamide	Nutritional Supplement	Oral	20  mg	Syrup	Over The Counter (Otc)	Richy Gold International Ltd	Goldmoore International Ltd	Nigeria	2020-11-10	2025-11-09
",,Bitoplex Syrup contains: Thiamine 20 mg,,A11DA01,https://greenbook.nafdac.gov.ng/products/details/5504,2026-09-27T21:50:58.439770+00:00
Greenbook NAFDAC,1153,3889,Bitub Syrup##,1,Drugs,"{'id': 1, 'name': 'Drugs', 'created_at': '-000001-11-30T00:00:00.000000Z', 'updated_at': '2022-03-17T16:53:12.000000Z', 'deleted_at': None}",502,Isoniazid,,C4-1376,103,Syrup,1,Oral,100 mg/5 mL,859,Kleef &amp; Helixor Pharm Co Limited,2020-12-21,2025-12-20,Inactive,Syrup,,Each 5 mL contains: Isoniazid 100 mg,,J04AC01,https://greenbook.nafdac.gov.ng/products/details/3889,2026-09-27T21:50:58.439770+00:00
Greenbook NAFDAC,1154,5540,Bizoran Tablets##,1,Drugs,"{'id': 1, 'name': 'Drugs', 'created_at': '-000001-11-30T00:00:00.000000Z', 'updated_at': '2022-03-17T16:53:12.000000Z', 'deleted_at': None}",1088,Amlodipine (Amlodipine Besilate); Olmesartan Medoxomil,,B4-7629,1,Tablet,1,Oral,5 mg; 20 mg,299,Standard Generics Limited,2023-04-26,2028-04-25,Active,"Tablet

BIZORAN TABLETS	AMLODIPINE BESILATE BP EQUIVALENT TO AMLODIPINE 5MG, OLMESARTAN MEDOXOMIL BP 20MG	AMLODIPINE BESILATE BP EQUIVALENT TO AMLODIPINE 5MG, OLMESARTAN MEDOXOMIL BP 20MG, LUDIPRESS, CROSCARMELLOSE SODIUM, HYDROXYPROPYL CELLULOSE, MAGNESIUM STEARATE, OPADRY II (BLUE), CARNAUBA WAX, PURIFIED WATER	B4-7629	Drugs	Imported Products	3*10	POM 1	27/10/2022	STADARD GENERICE LTD, ABOR CLOSE, OFF FOLA AGORO ST, YABA LAGOS LAGOS	12799144	stdgenerics@yahoo.com	BEXIMCO PHARMACEUTICALS LTD, 19, DHANMONDI R/A, ROAD NO. 7, DHAKA-1205, BANGLADESH, Bangladesh",3 x 10&#039;s,"Each tablet contains: Amlodipine Besylate BP equivalent to Amlodipine 5 mg, Olmesartan Medoxomil BP 20 mg
Excipients: Ludipress, Croscarmellose Sodium, Hydroxypropyl Cellulose, Magnesium Stearate, Opadry II (Blue), Carnauba Wax, Purified Water",,C09DB02,https://greenbook.nafdac.gov.ng/products/details/5540,2026-09-27T21:50:58.439770+00:00
Greenbook NAFDAC,1155,4365,Blecam Capsule##,1,Drugs,"{'id': 1, 'name': 'Drugs', 'created_at': '-000001-11-30T00:00:00.000000Z', 'updated_at': '2022-03-17T16:53:12.000000Z', 'deleted_at': None}",91,Piroxicam,,04-4940,2,Capsule,1,Oral,20 mg,253,Onifam Laboratories Limited,2022-01-27,2027-01-26,Active,"Capsule
Red &amp; white color size &quot;2&quot; hard gelatin capsule of printing “BELCAM”

Blecam Capsule	04-4940	Blecam	PIROXICAM 		NSAID	PIROXICAM 20MG	CAPSULES	10 X 10	PRESCRIPTION ONLY MEDICINE	RELIEF OF MILD TO MODERATE PAIN	ONIFAM LABORATORIES LTD. 	NIGERIA	McCOY PHARMA PVT LTD	INDIA	01/27/2022	01/26/2027
",10 x 10&#039;s,"Each capsule contains: Piroxicam 20 mg
Excipients q.s.
Approved color used in hard gelatin capsule shells",https://admin.greenbook.nafdac.gov.ng/uploadImage/smpc_files/2023/05/28/202305287c3092c3-deea-57b2-ad22-7f67ff93aea3.pdf,M01AC01,https://greenbook.nafdac.gov.ng/products/details/4365,2026-09-27T21:50:58.439770+00:00
Greenbook NAFDAC,1156,6478,Bleor Dexamethasone Tablets 0.5 mg##,1,Drugs,"{'id': 1, 'name': 'Drugs', 'created_at': '-000001-11-30T00:00:00.000000Z', 'updated_at': '2022-03-17T16:53:12.000000Z', 'deleted_at': None}",770,Dexamethasone,,B4-7026,1,Tablet,1,Oral,0.5 mg,1046,Teka Pharmaceutical Co. Ltd,2023-11-30,2028-11-29,Active,"Tablet
Oblong, white, tablets

65	RNW-PP-271222	BLEOR DEXAMETHASONE TABLETS 0.5MG	DEXAMETHASONE TABLETS 0.5MG	DEXAMETHASONE BP 0.5MG, Croscarmellose, Magnesium stearate, etc	B4-7026	Drugs	Imported Products	10X10	Prescription Only Medicine (POM)	6/30/2022	TEKA PHARMACEUTICALCOMPANY LTD, ,ZUNGERU ROAD, NOMANSLAND KANO KANO	7066430624	tekapharmaceuticalco@outlook.com	KESAR PHARMA (P) LTD, PLOT NO,: 50-P/2, AT VILLAGE, VILESHWARPURA, POST CHHATRAL - 382729, TAL KALOL, DIST: GANDHINAGAR, GUJRAT, INDIA. , India",10 x 10&#039;s (in PVC-Alu blisters),"Each tablet contains: Dexamethasone EUR 500 mg
Excipient with known effect: Lactose Monohydrate
",https://admin.greenbook.nafdac.gov.ng/uploadImage/smpc_files/2023/12/17/2023121716914dab-92c9-5d35-a5de-0731a2675ebc.pdf,H02AB02,https://greenbook.nafdac.gov.ng/products/details/6478,2026-09-27T21:50:58.439770+00:00
Greenbook NAFDAC,1157,6475,Bleor Levofloxacin Tablets##,1,Drugs,"{'id': 1, 'name': 'Drugs', 'created_at': '-000001-11-30T00:00:00.000000Z', 'updated_at': '2022-03-17T16:53:12.000000Z', 'deleted_at': None}",464,Levofloxacin (Levofloxacin Hemihydrate),,B4-7282,1,Tablet,1,Oral,500 mg,1046,Teka Pharmaceutical Co. Ltd,2023-11-30,2028-11-29,Active,"Film Coated Tablet
Pink colored, capsule shaped, biconvex film coated tablets with a break line on both sides. The score line is only to facilitate breaking for ease of swallowing and not to divide into equal doses

57	RNW-PP-276744	BLEOR LEVOFLOXACIN TABLETS	LEVOFLOXACIN TABLETS USP 500MG	LEVOFLOXACIN (AS HEMIHYDRATE) USP 500MG, MAGNESIUM STEARATE, CORN STARCH	B4-7282	Drugs	Imported Products	1X10	POM 1	8/20/2022	TEKA PHARMACEUTICALCOMPANY LTD, ,ZUNGERU ROAD, NOMANSLAND KANO KANO	7066430624	tekapharmaceuticalco@outlook.com	KESAR PHARMA PVT. LTD, PLOT NO. 50 - P/2, AT BILESHWARPURA, CHHATRAL, TAL - KALOL DIST. GANDHINAGAR - 382729, GUJARAT STATE, INDIA. , India",1 x 10&#039;s (in Alu-Alu blister),"Each film-coated tablet contains: Levofloxacin hemihydrate equivalent to Levofloxacin 500 mg
Excipients: Microcrystalline Cellulose (Avicel PH101), Microcrystalline Cellulose (Avicel PH102), Crospovidone (Kollidone CL), Hypromellose, Sodium Stearyl Fumarate, Titanium Dioxide ( E 171), Purified Talc, Ferric Oxide Red (E 172), Ferric Oxide Yellow (E172), Polyethylene Glycol 400 (PEG 400)
",https://admin.greenbook.nafdac.gov.ng/uploadImage/smpc_files/2023/12/17/202312176305d719-f93a-5a50-a0e6-23e4ae362297.pdf,J01MA12,https://greenbook.nafdac.gov.ng/products/details/6475,2026-09-27T21:50:58.439770+00:00
Greenbook NAFDAC,1158,6474,Bleor Misoprostol Tablets##,1,Drugs,"{'id': 1, 'name': 'Drugs', 'created_at': '-000001-11-30T00:00:00.000000Z', 'updated_at': '2022-03-17T16:53:12.000000Z', 'deleted_at': None}",175,Misoprostol,,B4-8470,1,Tablet,1,Oral,200 mcg,1046,Teka Pharmaceutical Co. Ltd,2023-11-30,2028-11-29,Active,"Tablet
White to off-white hexagonal tablets scored both sides, engraved &quot;SEARLE 1461&quot; on one side for oral administration

34	RNW-PP-344125	BLEOR MISOPROSTOL TABLETS 200MCG	MISOPROSTOL TABLETS 200MCG	Misoprostol 200mcg, Starch, Microcrystalline Cellulose etc	B4-8470	Drugs	Imported Products	1X4	POM 1	7/24/2023	TEKA PHARMACEUTICALCOMPANY LTD, ,ZUNGERU ROAD, NOMANSLAND KANO KANO	7066430624	tekapharmaceuticalco@outlook.com	Kesar Pharma (P) Limited, Plot No 50 – P/2 at Village Bileshwarpura Po. Chhatral – 382729 Ta Kalol Dist. Gandhinagar Gujurat India , India",1 x 4&#039;s (in Alu blister),"Each tablet contains:  Misoprostol 200 mcg
Excipients: Microcrystalline Cellulose, Sodium Starch Glycolate (Type A), Hydrogenated Castor Oil, Hypromellose
",https://admin.greenbook.nafdac.gov.ng/uploadImage/smpc_files/2023/12/17/202312170193ceb5-bfbb-5e67-bebe-6b7cc393231c.pdf,A02BB01,https://greenbook.nafdac.gov.ng/products/details/6474,2026-09-27T21:50:58.439770+00:00
Greenbook NAFDAC,1159,7309,Bleorcefin for I.M Injection**,1,Drugs,"{'id': 1, 'name': 'Drugs', 'created_at': '-000001-11-30T00:00:00.000000Z', 'updated_at': '2022-03-17T16:53:12.000000Z', 'deleted_at': None}",1541,Ceftriaxone (Ceftriaxone Sodium),,A4-100786,70,Powder for injection,9,Intramuscular,1 g,1046,Teka Pharmaceutical Co. Ltd,2024-03-27,2029-03-26,Active,Powder and Solvent for Solution for Injection,1 g x 1&#039;s (in glass vial) + 5 mL Lidocaine 1% (in ampoule),"Combipack:
A) Each vial contains: Ceftriaxone Sodium equivalent to 1 g of Ceftriaxone
B) Each ampoule contains: Lidocaine HCl 1% 5 mL",https://admin.greenbook.nafdac.gov.ng/uploadImage/smpc_files/2024/11/28/20241128d9db1745-8cd4-5dc0-8b0b-5b3c7c20dff0.pdf,J01DD04,https://greenbook.nafdac.gov.ng/products/details/7309,2026-09-27T21:50:58.439770+00:00
Greenbook NAFDAC,1160,7249,Bleorcefin for I.V Injection**,1,Drugs,"{'id': 1, 'name': 'Drugs', 'created_at': '-000001-11-30T00:00:00.000000Z', 'updated_at': '2022-03-17T16:53:12.000000Z', 'deleted_at': None}",1541,Ceftriaxone (Ceftriaxone Sodium),,A4-100785,70,Powder for injection,12,Intravenous,1 g,1046,Teka Pharmaceutical Co. Ltd,2024-03-27,2029-03-26,Active,Powder and Solvent for Solution for Injection,1 g x 1&#039;s (in vial) + 10 mL SWFI (in ampoule),"Combipack:
A) Each vial contains: Ceftriaxone Sodium equivalent to 1 g of Ceftriaxone
B) Each ampoule contains: Sterile Water for Injection 10 mL",https://admin.greenbook.nafdac.gov.ng/uploadImage/smpc_files/2024/11/28/20241128b82a6f37-d0c5-5aac-94f0-d75209bd6b92.pdf,J01DD04,https://greenbook.nafdac.gov.ng/products/details/7249,2026-09-27T21:50:58.439770+00:00
Greenbook NAFDAC,1161,7893,Bleorderm-V Cream**,1,Drugs,"{'id': 1, 'name': 'Drugs', 'created_at': '-000001-11-30T00:00:00.000000Z', 'updated_at': '2022-03-17T16:53:12.000000Z', 'deleted_at': None}",677,Metronidazole; Clotrimazole,,C4-1645,4,Cream,24,Vaginal,10%; 2%,1046,Teka Pharmaceutical Co. Ltd,2021-03-29,2026-03-28,Inactive,Vaginal cream,20 g (in aluminium tube with applicator),"Metronidazole BP 10 % w/w, Clotrimazole BP 2 % w/w
In calcium lactate: lactic acid buffered base
Preservatives: Methylparaben BP 0.2 % w/w, Propylparaben BP 0.1 % w/w, Cream base q.s.",https://admin.greenbook.nafdac.gov.ng/uploadImage/smpc_files/2024/08/29/20240829918a4aeb-e634-57e5-8f25-7b60c87fac5d.pdf,,https://greenbook.nafdac.gov.ng/products/details/7893,2026-09-27T21:50:58.439770+00:00
Greenbook NAFDAC,1162,3335,Bleorfast Gel##,1,Drugs,"{'id': 1, 'name': 'Drugs', 'created_at': '-000001-11-30T00:00:00.000000Z', 'updated_at': '2022-03-17T16:53:12.000000Z', 'deleted_at': None}",1149,Diclofenac Sodium (Diclofenac Diethylamine); Methyl salicylate; Menthol; Linseed oil,,C4-1149,29,Gel,21,Topical,1%; 10%; 5%; 3%,1046,Teka Pharmaceutical Co. Ltd,2020-11-10,2025-11-09,Inactive,"Topical Gel
",,"Bleorfast Gel contains: Diclofenac Diethylamine BP 1.16% equivalent to Diclofenac Sodium 1% w/w, Methyl Salicylate BP 10% w/w, Menthol BP 5% w/w, Linseed Oil BP 3% w/w",,M02AA15,https://greenbook.nafdac.gov.ng/products/details/3335,2026-09-27T21:50:58.439770+00:00
Greenbook NAFDAC,1163,6128,Bleorheat Cream## (strength format),1,Drugs,"{'id': 1, 'name': 'Drugs', 'created_at': '-000001-11-30T00:00:00.000000Z', 'updated_at': '2022-03-17T16:53:12.000000Z', 'deleted_at': None}",1136,Methyl salicylate; Menthol; Camphor; Eucalyptus oil; Turpentine oil,,C4-1150,29,Gel,21,Topical,0.15%w/w; 0.10%w/w; 0.20%w/w; 2%w/w; 0.30%w/w,1046,Teka Pharmaceutical Co. Ltd,2020-11-10,2025-11-09,Inactive,"Gell

Bleorheat Cream	C4-1150	Methylsalicylate BP, Menthol BP, Turpentine Oil BP, Eucalyptus Oil BP, Camphor BP	Rubefacient	Topical	0.15% w/w, 0.10% w/w, 0.20% w/w, 2.0% w/w, 0.30% w/w	Gel	Over The Counter (Otc)	Teka Pharma Ltd	Kesar Pharma Pvt Ltd	India	2020-11-10	2025-11-09
",1 x 100 g,"Bleorheat Cream contains: Methylsalicylate BP, Menthol BP, Turpentine Oil BP, Eucalyptus Oil BP, Camphor BP",,M02AC,https://greenbook.nafdac.gov.ng/products/details/6128,2026-09-27T21:50:58.439770+00:00
Greenbook NAFDAC,1164,4148,Bleormine Tablet##,1,Drugs,"{'id': 1, 'name': 'Drugs', 'created_at': '-000001-11-30T00:00:00.000000Z', 'updated_at': '2022-03-17T16:53:12.000000Z', 'deleted_at': None}",1584,Promethazine Teoclate,,B4-5620,1,Tablet,1,Oral,25 mg,1046,Teka Pharmaceutical Co. Ltd,2021-03-02,2026-03-01,Inactive,Tablet,1 x 20&#039;s (in PVC-Alu blister),"Each uncoated tablet contains: Promethazine Theoclate BP 25 mg
Excipients q.s.",https://admin.greenbook.nafdac.gov.ng/uploadImage/smpc_files/2023/05/29/20230529bf79bf1e-dc94-5255-914f-a54033da149d.pdf,R06AD02,https://greenbook.nafdac.gov.ng/products/details/4148,2026-09-27T21:50:58.439770+00:00
Greenbook NAFDAC,1165,3999,Bleorskin Cream##,1,Drugs,"{'id': 1, 'name': 'Drugs', 'created_at': '-000001-11-30T00:00:00.000000Z', 'updated_at': '2022-03-17T16:53:12.000000Z', 'deleted_at': None}",1112,Clobetasol; Ketoconazole; Neomycin,,C4-1148,4,Cream,21,Topical,0.25 mg/g; 10 mg/g; 5000 IU/g,1046,Teka Pharmaceutical Co. Ltd,2020-11-10,2025-11-09,Inactive,Cream,,"Each gram contains: Clobetasol 0.25 mg, Ketoconazole 10 mg, Neomycin 5000 IU",,D07CD01,https://greenbook.nafdac.gov.ng/products/details/3999,2026-09-27T21:50:58.439770+00:00
Greenbook NAFDAC,1166,6354,Bleortem 80/480 Tablets##,1,Drugs,"{'id': 1, 'name': 'Drugs', 'created_at': '-000001-11-30T00:00:00.000000Z', 'updated_at': '2022-03-17T16:53:12.000000Z', 'deleted_at': None}",528,Artemether; Lumefantrine,,B4-7565,1,Tablet,1,Oral,80 mg; 480 mg,1046,Teka Pharmaceutical Co. Ltd,2023-10-31,2028-10-30,Active,"Uncoated tablet

9	RNW-PP-212487	BLEORTEM 80/480 TABLETS	ARTEMETHER 80MG AND LUMEFANTRINE 480MG	Each uncoated Tablets contains Artemether 80mg and Lumefantrine 480mg Excipients q. s	B4-7565	Drugs	Imported Products	1 X 6, 10 X1X6	Over The Counter (OTC)	5/6/2023	TEKA PHARMACEUTICALCOMPANY LTD, ,ZUNGERU ROAD, NOMANSLAND KANO KANO	7066430624	tekapharmaceuticalco@outlook.com	KESAR PHARMA PRIVATE LIMITED , PLOT N0. 50-P/2, AT; BILESHWARPURA, PO.CHHATRAL, TAL; KALOL, DIST; GANDHINAGAR, GUJARAT, INDIA., India",1 x 6&#039;s (in PVC-Alu blisters),"Each tablet contains: Artemether IH 80 mg, Lumefantrine USP 480 mg
Excipients q.s.",https://admin.greenbook.nafdac.gov.ng/uploadImage/smpc_files/2023/11/07/20231107248bfe29-c1c0-5acd-800c-945ca4ed7cd6.pdf,P01BF01,https://greenbook.nafdac.gov.ng/products/details/6354,2026-09-27T21:50:58.439770+00:00
Greenbook NAFDAC,1167,4760,Blinks Ciprofloxacin Infusion**,1,Drugs,"{'id': 1, 'name': 'Drugs', 'created_at': '-000001-11-30T00:00:00.000000Z', 'updated_at': '2022-03-17T16:53:12.000000Z', 'deleted_at': None}",752,Ciprofloxacin,,B4-8020,85,Solution for injection/infusion,12,Intravenous,200 mg/100 mL,492,Noski Pharmaceuticals Limited,2023-07-06,2028-07-05,Active,Solution for injection/infusion,1 x 100 mL,"Ciprofloxacin 0.2%.
Each bottle (100 mL) contains: 200 mg Ciprofloxacin, 900 mg Sodium Chloride, 1.65 mg Lactic Acid and Water for Injection q.s. to 100 mL",,J01MA02,https://greenbook.nafdac.gov.ng/products/details/4760,2026-09-27T21:50:58.439770+00:00
Greenbook NAFDAC,1168,4735,Blinks Metronidazole Infusion**,1,Drugs,"{'id': 1, 'name': 'Drugs', 'created_at': '-000001-11-30T00:00:00.000000Z', 'updated_at': '2022-03-17T16:53:12.000000Z', 'deleted_at': None}",485,Metronidazole,,B4-8049,114,Solution for infusion,12,Intravenous,500 mg/100 mL,492,Noski Pharmaceuticals Limited,2023-07-06,2028-07-05,Active,"Solution for intravenous infusion.
An almost colorless to pale yellow solution",1 x 100 mL,"Metronidazole Infusion 500 mg/100mL.
Each bottle (100 mL) contains?500 mg Metronidazole, 900 mg Sodium Chloride and Water for Injection q.s. to 100 mL",https://admin.greenbook.nafdac.gov.ng/uploadImage/smpc_files/2023/08/25/202308259c727452-2608-5c81-847d-507827fcb346.pdf,J01XD01,https://greenbook.nafdac.gov.ng/products/details/4735,2026-09-27T21:50:58.439770+00:00
Greenbook NAFDAC,1169,7895,Blokof Syrup**,1,Drugs,"{'id': 1, 'name': 'Drugs', 'created_at': '-000001-11-30T00:00:00.000000Z', 'updated_at': '2022-03-17T16:53:12.000000Z', 'deleted_at': None}",409,Guaifenesin,Glyceryl Guaiacolate,B4-8922,103,Syrup,1,Oral,50 mg/5 mL,177,GBGL Pharma Limited,2024-06-27,2029-06-26,Active,Orange coloured transparent syrupy liquid,150 mL (in amber PET bottle),"Guaifenesin Oral Solution USP.
Each 5 mL contains: Guaifenesin USP 50 mg, Flavoured syrupy base q.s.
Colour: Sunset Yellow",https://admin.greenbook.nafdac.gov.ng/uploadImage/smpc_files/2024/07/10/20240710051291f5-493b-5a80-80b0-1df35f6e9933.pdf,R05CA03,https://greenbook.nafdac.gov.ng/products/details/7895,2026-09-27T21:50:58.439770+00:00
Greenbook NAFDAC,1170,11422,Bonababe Gripe Water**,1,Drugs,"{'id': 1, 'name': 'Drugs', 'created_at': '-000001-11-30T00:00:00.000000Z', 'updated_at': '2022-03-17T16:53:12.000000Z', 'deleted_at': None}",2309,Sodium bicarbonate; Sodium citrate; Dill oil; Ginger tincture,,04-3015,101,Liquid,1,Oral,50 mg/5 mL; 0.05 mg/5 mL; 0.00239 mL/5 mL; 0.00215 mL/5 mL,59,Bond Chemical Industries Limited,2025-07-30,2030-07-29,Active,Oral Suspension,1 x 100 mL (in flint glass bottle),"Each 5 mL contains: Dill Oil 0.00239 mL, Sodium Bicarbonate 50 mg, Sodium Citrate 0.05 mg, Ginger Tincture 0.00215 mL",https://admin.greenbook.nafdac.gov.ng/uploadImage/smpc_files/2025/09/04/20250904fb50fe39-45e7-5932-93a6-4467c30736e7.pdf,,https://greenbook.nafdac.gov.ng/products/details/11422,2026-09-27T21:50:58.439770+00:00
Greenbook NAFDAC,1171,7896,Bonadol Caplet**,1,Drugs,"{'id': 1, 'name': 'Drugs', 'created_at': '-000001-11-30T00:00:00.000000Z', 'updated_at': '2022-03-17T16:53:12.000000Z', 'deleted_at': None}",1529,Paracetamol,Acetaminophen,04-5762,108,Caplet,1,Oral,500 mg,59,Bond Chemical Industries Limited,2024-06-27,2029-06-26,Active,"Each caplet is light orange-coloured, 16 x 7 mm caplet shaped embossed on one side with “BONADOL” and on the other side with Bond logo",10 x 10&#039;s (in Alu/PVC Blisters); 1000&#039;s (in plastic container),"Paracetamol Tablets BP 500 mg.
Each tablet contains: Paracetamol Ph Eur. 500 mg",https://admin.greenbook.nafdac.gov.ng/uploadImage/smpc_files/2024/08/28/20240828c71f1435-c846-5a28-b596-3a9be9d277ea.pdf,N02BE01,https://greenbook.nafdac.gov.ng/products/details/7896,2026-09-27T21:50:58.439770+00:00
Greenbook NAFDAC,1172,4151,Bonapet Caplets##,1,Drugs,"{'id': 1, 'name': 'Drugs', 'created_at': '-000001-11-30T00:00:00.000000Z', 'updated_at': '2022-03-17T16:53:12.000000Z', 'deleted_at': None}",414,Cyproheptadine Hydrochloride,,A4-0699,108,Caplet,1,Oral,4 mg,96,Richygold International Limited,2020-12-21,2025-12-20,Inactive,Caplet,,Each caplet contains: Cyproheptadine Hydrochloride 4 mg,,R06AX02,https://greenbook.nafdac.gov.ng/products/details/4151,2026-09-27T21:50:58.439770+00:00
Greenbook NAFDAC,1173,4749,Bonaquine Tablets**,1,Drugs,"{'id': 1, 'name': 'Drugs', 'created_at': '-000001-11-30T00:00:00.000000Z', 'updated_at': '2022-03-17T16:53:12.000000Z', 'deleted_at': None}",1572,Chloroquine (Chloroquine Phosphate),,04-2378,1,Tablet,1,Oral,155 mg,59,Bond Chemical Industries Limited,2022-01-27,2027-01-26,Active,Tablet,1 x 1000&#039;s (in a jar),"Each tablet contains: Chloroquine Phosphate 250 mg equivalent to Chloroquine base 155 mg, Excipients q.s.",https://admin.greenbook.nafdac.gov.ng/uploadImage/smpc_files/2023/10/02/202310020bc069bd-eebb-5f32-a95b-e0a9b0765830.pdf,P01BA01,https://greenbook.nafdac.gov.ng/products/details/4749,2026-09-27T21:50:58.439770+00:00
Greenbook NAFDAC,1174,4751,Bond CPM Tablets##,1,Drugs,"{'id': 1, 'name': 'Drugs', 'created_at': '-000001-11-30T00:00:00.000000Z', 'updated_at': '2022-03-17T16:53:12.000000Z', 'deleted_at': None}",413,Chlorphenamine Maleate,Chlorpheniramine Maleate,04-0490,1,Tablet,1,Oral,4 mg,59,Bond Chemical Industries Limited,2022-08-25,2027-08-24,Active,"Tablet
Each tablet is white, 7 mm round, flat, bevel-edged embossed on one side with break line and plain on the other side

Bond Cpm Tablets	04-0490	Bond	CHLORPHENIRAMINE MALEATE		ANTIHISTAMINE	CHLORPHENIRAMINE MALEATE 4MG	TABLETS	10 X 10, X 1000	PRESCRIPTION ONLY MEDICINE	USED TO TREAT SYMPTOMS OF ALLERGIES, INCLUDING SNEEZING, ITCHING, WATERY EYES, RUNNY NOSE	BOND CHEMICAL INDUSTRIES LTD	NIGERIA	BOND CHEMICAL INDUSTRIES LTD	NIGERIA	08/25/2022	08/24/2027","10 x 10&#039;s (in PVC-Alu blisters), 1 x 1000&#039;s (in plastic container)","Each tablet contains: Chlorpheniramine Maleate 4 mg
Excipients q.s.",https://admin.greenbook.nafdac.gov.ng/uploadImage/smpc_files/2023/10/02/202310020f065da3-3163-5874-819a-bc5c5138b0cf.pdf,R06AB04,https://greenbook.nafdac.gov.ng/products/details/4751,2026-09-27T21:50:58.439770+00:00
Greenbook NAFDAC,1175,7897,Bond Ibuprofen 200 mg Tablet**,1,Drugs,"{'id': 1, 'name': 'Drugs', 'created_at': '-000001-11-30T00:00:00.000000Z', 'updated_at': '2022-03-17T16:53:12.000000Z', 'deleted_at': None}",57,Ibuprofen,,A11-0650,1,Tablet,1,Oral,200 mg,59,Bond Chemical Industries Limited,2024-06-27,2029-06-26,Active,"Coated tablet.
Each tablet is pink, round and convex that is plain on both sides.
Final pack is a white and pink inner carton containing two blister packs of ten tablets each",2 x 10&#039;s (in blisters),Each tablet contains: Ibuprofen 200 mg,https://admin.greenbook.nafdac.gov.ng/uploadImage/smpc_files/2024/08/28/20240828e50e5196-bd0d-5dc7-9aab-7d4f410c577f.pdf,M01AE01,https://greenbook.nafdac.gov.ng/products/details/7897,2026-09-27T21:50:58.439770+00:00
Greenbook NAFDAC,1176,7898,Bond Ibuprofen 400 mg Tablet**,1,Drugs,"{'id': 1, 'name': 'Drugs', 'created_at': '-000001-11-30T00:00:00.000000Z', 'updated_at': '2022-03-17T16:53:12.000000Z', 'deleted_at': None}",57,Ibuprofen,,A11-0651,108,Caplet,1,Oral,400 mg,59,Bond Chemical Industries Limited,2024-06-27,2029-06-26,Active,"Film-coated caplet.
Each caplet is orange with breakline on one side while the other side is plain.
Final pack is a white and red inner carton containing one blister pack of ten caplets each",1 x 10&#039;s (in blister),Each film-coated tablet contains: Ibuprofen 400 mg,https://admin.greenbook.nafdac.gov.ng/uploadImage/smpc_files/2024/08/28/2024082806ca346d-5b6d-5a17-b5f1-1e8ca289904c.pdf,M01AE01,https://greenbook.nafdac.gov.ng/products/details/7898,2026-09-27T21:50:58.439770+00:00
Greenbook NAFDAC,1177,4752,Bondmodine Eye Drop##,1,Drugs,"{'id': 1, 'name': 'Drugs', 'created_at': '-000001-11-30T00:00:00.000000Z', 'updated_at': '2022-03-17T16:53:12.000000Z', 'deleted_at': None}",790,Brimonidine Tartrate,,B4-1642,24,Eye drops,15,Ophthalmic,2 mg/mL,59,Bond Chemical Industries Limited,2023-01-26,2028-01-25,Active,"Eye Drops

BONDMODINE EYE DROP	B4-1642	BONDMODINE EYE DROP	BRIMONIDINE TARTRATE 2MG/ML.				Eye Drops	Prescription Only Medicine (POM)		BOND CHEMICAL INDUSTRIES LIMITED, ASALU INDUSTRIAL ESTATE AWE. AWE OYO	Nigeria	DIVINE LABORATORIES PVT. LTD., BLOCK NO. 471, DABHASA, TALUKA PADRA, DIST. VADODARA- 391 440, GUJARAT, INDIA., India		1/26/2023	1/25/2028
",1 x 5 mL (in HDPE container),"Bondmodine Eye Drop contains: Brimonidine Tartrate  2 mg (equivalent to 1.32 mg of Brimonidine Base), Benzalkonium Chloride USP 0.005 % w/v
Excipients: Benzalkonium Chloride BP, Polyvinyl Alcohol BP, Sodium Chloride USP, Citric Acid (Monohydrate) BP, Sodium Citrate BP, Sodium Hydroxide BP, Water for Injection BP q.s.
",https://admin.greenbook.nafdac.gov.ng/uploadImage/smpc_files/2023/10/20/20231020bae9afb8-2b35-5aca-956d-57f49ad3e069.pdf,S01EA05,https://greenbook.nafdac.gov.ng/products/details/4752,2026-09-27T21:50:58.439770+00:00
Greenbook NAFDAC,1178,4769,Bondmoxacin Eye Drop##,1,Drugs,"{'id': 1, 'name': 'Drugs', 'created_at': '-000001-11-30T00:00:00.000000Z', 'updated_at': '2022-03-17T16:53:12.000000Z', 'deleted_at': None}",1542,Moxifloxacin (Moxifloxacin Hydrochloride),, B4-1641,24,Eye drops,15,Ophthalmic,5 mg/5 mL,59,Bond Chemical Industries Limited,2023-01-26,2028-01-25,Active,"Eye Drops

BONDMOXACIN EYE DROP	B4-1641	BONDMOXACIN EYE DROP	Active Ingredient- 5.45 mg moxifloxacin hydrochloride, equivalent to 5 mg moxifloxacin base. Excipient- Benzalkonium Chloride Solution BP- 0.01% and purified water				Eye Drops	Prescription Only Medicine (POM)		BOND CHEMICAL INDUSTRIES LIMITED, ASALU INDUSTRIAL ESTATE AWE. AWE OYO	Nigeria	DIVINE LABORATORIES PVT. LTD., BLOCK NO. 471, DABHASA, TALUKA PADRA, DIST. VADODARA- 391 440, GUJARAT, INDIA., India		1/26/2023	1/25/2028
",1 x 5 mL (in HDPE container),"Each mL contains: Moxifloxacin Hydrochloride BP Eq. to Moxifloxacin 5 mg, Sterile Aqueous Vehicle q.s.
Excipients: Boric Acid BP, Sodium Chloride BP, Hydrochloric Acid BP, Sodium Hydroxide BP, Water for Injection BP",https://admin.greenbook.nafdac.gov.ng/uploadImage/smpc_files/2023/10/20/20231020d269f065-129b-55fb-980b-2c72c14650a1.pdf,S01AE07,https://greenbook.nafdac.gov.ng/products/details/4769,2026-09-27T21:50:58.439770+00:00
Greenbook NAFDAC,1179,7899,Bondomet Tablet**,1,Drugs,"{'id': 1, 'name': 'Drugs', 'created_at': '-000001-11-30T00:00:00.000000Z', 'updated_at': '2022-03-17T16:53:12.000000Z', 'deleted_at': None}",248,Methyldopa,,04-8442,1,Tablet,1,Oral,250 mg,59,Bond Chemical Industries Limited,2024-06-27,2029-06-26,Active,"Yellowish, 10.7 mm, round and convex, embossed on one side with “B’DOMET” and on the other side with Bond logo",10 x 10&#039;s (in blisters),"Each tablet contains: Methyldopa Ph.Eur 281.960 mg equiv. to Methyldopa anhydrous 250 mg

Excipient(s) with known effect:
Each tablet contains 26.907 mg of lactose (as monohydrate)",https://admin.greenbook.nafdac.gov.ng/uploadImage/smpc_files/2024/08/01/20240801b337a5a7-e636-5c2e-8385-5b3f16c48861.pdf,,https://greenbook.nafdac.gov.ng/products/details/7899,2026-09-27T21:50:58.439770+00:00
Greenbook NAFDAC,1180,4748,Bondpatadine Eye Drop##,1,Drugs,"{'id': 1, 'name': 'Drugs', 'created_at': '-000001-11-30T00:00:00.000000Z', 'updated_at': '2022-03-17T16:53:12.000000Z', 'deleted_at': None}",777,Olopatadine (Olopatadine Hydrochloride),,B4-1604,24,Eye drops,15,Ophthalmic,5 mg/5 mL,59,Bond Chemical Industries Limited,2023-01-26,2028-01-25,Active,"Eye Drops

BONDPATADINE EYE DROP	B4-1604	BONDPATADINE EYE DROP	ACTIVE INGREDIENT-OLOPATADINE HYDROCHLORIDE 1.11mg EQUIVALENT TO OLOPATADINE- 1mg EXCIPIENT-BENZALKONIUM CHLORIDE SOLUTION BP- 0.01% W/V				Eye Drops	Prescription Only Medicine (POM)		BOND CHEMICAL INDUSTRIES LIMITED, ASALU INDUSTRIAL ESTATE AWE. AWE OYO	Nigeria	DIVINE LABORATORIES PVT LTD, B.NO. 471, DABHASA, TAL.PADRA, DIST. VADODARA-391440., India		1/26/2023	1/25/2028
",1 x 10&#039;s (in HDPE container),"Each mL contains: Olopatadine Hydrochloride equivalent to Olopatadine 1 mg, Benzalkonium Chloride BP 0.01 % w/v, Sterile Aqeous Vehicle q.s.
Excipients: Benzalkonium Chloride BP, Polyvinyl Alcohol BP, Sodium Chloride USP, Citric Acid (Monohydrate) BP, Sodium Citrate BP, Sodium Hydroxide BP, Water for Injection BP",https://admin.greenbook.nafdac.gov.ng/uploadImage/smpc_files/2023/10/20/20231020bd220cac-8a7b-505a-98ac-8d36d78c21de.pdf,S01GX09,https://greenbook.nafdac.gov.ng/products/details/4748,2026-09-27T21:50:58.439770+00:00
Greenbook NAFDAC,1181,7900,Bondpraz Capsule	Omeprazole**,1,Drugs,"{'id': 1, 'name': 'Drugs', 'created_at': '-000001-11-30T00:00:00.000000Z', 'updated_at': '2022-03-17T16:53:12.000000Z', 'deleted_at': None}",176,Omeprazole,,A11-0683,2,Capsule,1,Oral,20 mg,59,Bond Chemical Industries Limited,2024-06-27,2029-06-26,Active,"Capsule, hard.
The cap of the hard capsule is pink with “BONDPRAZ” printed on it and body transparent with “BONDPRAZ” printed on it. The capsules are filled with white pellets",2 x 7&#039;s (in strips),Each capsule contains: Omeprazole 20 mg,https://admin.greenbook.nafdac.gov.ng/uploadImage/smpc_files/2024/08/27/20240827d7049a9b-4d21-55a9-8643-d524860c4b07.pdf,A02BC01,https://greenbook.nafdac.gov.ng/products/details/7900,2026-09-27T21:50:58.439770+00:00
Greenbook NAFDAC,1182,9749,Boscold Tablet**,1,Drugs,"{'id': 1, 'name': 'Drugs', 'created_at': '-000001-11-30T00:00:00.000000Z', 'updated_at': '2022-03-17T16:53:12.000000Z', 'deleted_at': None}",1024,Paracetamol; Caffeine; Phenylephrine; Chlorphenamine,,A11-100710,1,Tablet,1,Oral,500 mg; 25 mg; 30 mg; 2 mg,368,KCH Consumer Healthcare Limited,2024-05-29,2029-05-28,Active,"Uncoated tablet.
White, circular/round shape, flat and has an embossing of letters ‘BOSCOLD’ on both the sides",1 x 4&#039;s (in blister),"Each uncoated tablet contains: Paracetamol BP 500 mg, Pseudoephedrine HCL BP 30 mg, Chlorphenamine Maleate BP 2 mg, Caffeine (Anhydrous) BP 25 mg

Excipients:
Maize Starch, Gelatin, Povidone, Sodium Methylparaben, Sodium Propylparaben, Purified Water, Magnesium Stearate, Sodium Starch Glycolate, Aerosil",https://admin.greenbook.nafdac.gov.ng/uploadImage/smpc_files/2025/02/03/202502031a7ef8bc-3be0-5b03-a008-7e98ce97e989.pdf,N02BE51,https://greenbook.nafdac.gov.ng/products/details/9749,2026-09-27T21:50:58.439770+00:00
Greenbook NAFDAC,1183,10625,Bosstotec Tablets##,1,Drugs,"{'id': 1, 'name': 'Drugs', 'created_at': '-000001-11-30T00:00:00.000000Z', 'updated_at': '2022-03-17T16:53:12.000000Z', 'deleted_at': None}",79,Diclofenac Sodium; Misoprostol,,A4-101217,1,Tablet,1,Oral,75 mg; 200 mcg,751,ZMC International Limited,2025-03-27,2030-03-26,Active,"Tablet
White colored round shaped tablet with embossed on one side and plain on another side

A4-101217 Drugs	Imported Product	10X10	17-10-2024	ZMC INT&#039;L LIMITED, NO 6 DAMATTA WAY AIR-PORT ROAD KANO                 , KANO                                      	576768789	zmcinternational18@gmail.com	 HEALTH CARE FORMULATIONS PVT LTD, C/8, SARDAR ESTATE, AJWA ROAD, VADODARA- 390 019. (INDIA)",10 x 10&#039;s (in Alu-Alu blisters),"Each tablet contains: Diclofenac Sodium BP 75 mg, Misoprostol USP 200 mcg
Excipients q.s.
Color: Titanium Dioxide BP",https://admin.greenbook.nafdac.gov.ng/uploadImage/smpc_files/2025/05/27/202505271acd72b0-61f3-5227-b1d5-bef92c3453d6.pdf,M01AB55,https://greenbook.nafdac.gov.ng/products/details/10625,2026-09-27T21:50:58.439770+00:00
Greenbook NAFDAC,1184,8733,Botigo Ointment**,1,Drugs,"{'id': 1, 'name': 'Drugs', 'created_at': '-000001-11-30T00:00:00.000000Z', 'updated_at': '2022-03-17T16:53:12.000000Z', 'deleted_at': None}",834,Mupirocin,,A4-101101,58,Ointment,21,Topical,2%,595,Basic Pharmaceutical &amp; Herbal Healthcare Limited,2024-11-22,2029-11-21,Active,Off white coloured smooth ointment,15 g (in lami tube),Mupirocin Ointment USP 2 % w/w,https://admin.greenbook.nafdac.gov.ng/uploadImage/smpc_files/2024/12/10/20241210b42166e2-47f1-5dac-9027-fe8ecd134b48.pdf,D06AX09,https://greenbook.nafdac.gov.ng/products/details/8733,2026-09-27T21:50:58.439770+00:00
Greenbook NAFDAC,1185,12145,Bpcon-5 Tablet_,1,Drugs,"{'id': 1, 'name': 'Drugs', 'created_at': '-000001-11-30T00:00:00.000000Z', 'updated_at': '2022-03-17T16:53:12.000000Z', 'deleted_at': None}",272,Amlodipine (Amlodipine Besilate),Amlodipine (Amlodipine Besylate),B4-9681,1,Tablet,1,Oral,5 mg,824,Kaiser Pharmaceuticals Limited,2025-09-24,2030-09-23,Active,"Tablet.
The tablets are white, circular, biconvex and plain on both sides",2 x 15&#039;s (in PVC-Alu blisters),"Each tablet contains: Amlodipine Besylate USP equiv. to Amlodipine 5 mg

Excipients q.s.",https://admin.greenbook.nafdac.gov.ng/uploadImage/smpc_files/2025/11/28/20251128172ab92a-05cb-53c2-8438-49dbc5fe64b1.pdf,C08CA01,https://greenbook.nafdac.gov.ng/products/details/12145,2026-09-27T21:50:58.439770+00:00
Greenbook NAFDAC,1186,5542,Bradvite - M Multivitamin Drops## (strength format),1,Drugs,"{'id': 1, 'name': 'Drugs', 'created_at': '-000001-11-30T00:00:00.000000Z', 'updated_at': '2022-03-17T16:53:12.000000Z', 'deleted_at': None}",1660,Vit A; Vit B1; Vit B2; Vit B6; Vit C; Vit D; Nicotinamide,,A11-1311,60,Drops,1,Oral,2000iu; 1mg; 0.5mg; 500mcg; 40mg; 200iu; 2.5mg,537,Biomedical Limited,2022-09-29,2027-09-28,Active,"Drops
A brown syrupy viscous liquid with orange and pineapple flavor in 100 mL amber PET bottle with pilfer proof cap and graduated dose measurement cap to facilitate easy dosing

Bradvite - M Multivitamin Drops	A11-1311	Bradvite - M	VITAMIN A, VITAMIN B1, VITAMIN B2, VITAMIN B6, VITAMIN C, VITAMIN D, NICOTINAMIDE 		MULTIVITAMIN	VITAMIN A 2000 I.U, VITAMIN B1 1MG, VITAMIN B2 0.5MG, VITAMIN B6 500MCG, VITAMIN C  40MG, VITAMIN D 200 I.U, NICOTINAMIDE 2.5MG	DROPS	X 15MLS	OVER THE COUNTER	TREATMENT OF VITAMIN  DEFICIENCY 	BIOMEDICAL LIMITED	NIGERIA	BIOMEDICAL LIMITED	NIGERIA	09/29/2022	09/28/2027",1 x 15 mL (in PET bottle),"Each 5 mL of the syrup contains: Vitamin A BP 1000 IU, Vitamin B1 BP 1500 mcg, Vitamin B2 BP 1500 mcg, Vitamin B12 BP 2500 mcg, Vitamin C BP 40 mg, Vitamin D BP 200 IU, Nicotinamide BP 10 mg
Excipients q.s.",https://admin.greenbook.nafdac.gov.ng/uploadImage/smpc_files/2024/11/16/20241116ff74b31b-66e1-5782-9aa9-6d191cef9447.pdf,A11BA,https://greenbook.nafdac.gov.ng/products/details/5542,2026-09-27T21:50:58.439770+00:00
Greenbook NAFDAC,1187,11996,Bradvite-M_,1,Drugs,"{'id': 1, 'name': 'Drugs', 'created_at': '-000001-11-30T00:00:00.000000Z', 'updated_at': '2022-03-17T16:53:12.000000Z', 'deleted_at': None}",1925,Vitamins,Multivitamin,A11-100048,103,Syrup,1,Oral,see Composition,537,Biomedical Limited,2021-03-29,2026-03-28,Inactive,A brown syrupy viscous liquid with orange and pineapple flavour,100 mL (in amber PET bottle),"Each 5 mL syrup contains: Vitamin A 1000 IU, Vitamin B1 1500 mcg, Vitamin B2 1500 mcg, Vitamin B12 2500 mcg, Vitamin C 40 mg, Vitamin D 200 IU, and Nicotinamide 10 mg",https://admin.greenbook.nafdac.gov.ng/uploadImage/smpc_files/2025/01/30/20250130dc3258c1-48a1-5705-95b7-0ec694b0ac57.pdf,A11A,https://greenbook.nafdac.gov.ng/products/details/11996,2026-09-27T21:50:58.439770+00:00
Greenbook NAFDAC,1188,5543,Braftovi 50 mg Capsules**,1,Drugs,"{'id': 1, 'name': 'Drugs', 'created_at': '-000001-11-30T00:00:00.000000Z', 'updated_at': '2022-03-17T16:53:12.000000Z', 'deleted_at': None}",1676,Encorafenib,,A4-100330,2,Capsule,1,Oral,50 mg,260,Pfizer Specialties Ltd,2023-01-26,2028-01-25,Active,"Hard capsule (capsule).
Orange opaque cap and flesh opaque body, printed with a stylised “A” on the cap and “LGX 50mg” on the body.
The length of the capsule is approximately 22 mm",28&#039;s (in polyamide/aluminium/PVC/aluminium/ PET/paper perforated unit dose blisters),"Each hard capsule contains: Encorafenib 50 mg.

Excipients:
Capsule content - Copovidone (E1208) Poloxamer 188 Cellulose microcrystalline (E460i) Succinic acid (E363) Crospovidone (E1202) Silica colloidal anhydrous (E551) Magnesium stearate (E470b)
Capsule shell - Gelatin (E441) Titanium dioxide (E171) Iron oxide red (E172) Iron oxide yellow (E172) Iron oxide black (E172)",https://admin.greenbook.nafdac.gov.ng/uploadImage/smpc_files/2024/10/11/2024101158be6dbe-5162-524a-9f07-d203d738ad79.pdf,L01EC03,https://greenbook.nafdac.gov.ng/products/details/5543,2026-09-27T21:50:58.439770+00:00
Greenbook NAFDAC,1189,5544,Braftovi 75 mg Capsules**,1,Drugs,"{'id': 1, 'name': 'Drugs', 'created_at': '-000001-11-30T00:00:00.000000Z', 'updated_at': '2022-03-17T16:53:12.000000Z', 'deleted_at': None}",1676,Encorafenib,,A4-100331,2,Capsule,1,Oral,75 mg,260,Pfizer Specialties Ltd,2023-01-26,2028-01-25,Active,"Hard capsule (capsule).
Flesh coloured opaque cap and white opaque body, printed with a stylised “A” on the cap and “LGX 75mg” on the body.
The length of the capsule is approximately 23 mm",42&#039;s (in polyamide/aluminium/PVC/aluminium/ PET/paper perforated unit dose blisters),"Each hard capsule contains: Encorafenib 75 mg.

Excipients:
Capsule content - Copovidone (E1208) Poloxamer 188 Cellulose microcrystalline (E460i) Succinic acid (E363) Crospovidone (E1202) Silica colloidal anhydrous (E551) Magnesium stearate (E470b)
Capsule shell - Gelatin (E441) Titanium dioxide (E171) Iron oxide red (E172) Iron oxide yellow (E172) Iron oxide black (E172)",https://admin.greenbook.nafdac.gov.ng/uploadImage/smpc_files/2024/10/11/2024101135b50e08-cd28-55dd-be7e-502c487670ee.pdf,L01EC03,https://greenbook.nafdac.gov.ng/products/details/5544,2026-09-27T21:50:58.439770+00:00
Greenbook NAFDAC,1190,11423,Brands Artemether 80 mg & Lumefantrine 480 mg Tablets_,1,Drugs,"{'id': 1, 'name': 'Drugs', 'created_at': '-000001-11-30T00:00:00.000000Z', 'updated_at': '2022-03-17T16:53:12.000000Z', 'deleted_at': None}",528,Artemether; Lumefantrine,,A4-7487,1,Tablet,1,Oral,80 mg; 480 mg,1273,Brands Pharma &amp; General Enterprises,2025-07-30,2030-07-29,Active,Tablet for oral use.,1 x 6&#039;s (in Alu-PVC blister),"Each uncoated tablet contains: Artemether 80 mg, and Lumefantrine 480 mg
Excipients q.s.",https://admin.greenbook.nafdac.gov.ng/uploadImage/smpc_files/2025/09/04/20250904f0a47d50-b719-5e83-a362-a13890f8e40e.pdf,P01BF01,https://greenbook.nafdac.gov.ng/products/details/11423,2026-09-27T21:50:58.439770+00:00
Greenbook NAFDAC,1191,11424,Brands Ofloxacin 200 mg Tablet_,1,Drugs,"{'id': 1, 'name': 'Drugs', 'created_at': '-000001-11-30T00:00:00.000000Z', 'updated_at': '2022-03-17T16:53:12.000000Z', 'deleted_at': None}",761,Ofloxacin,,B4-1887,1,Tablet,1,Oral,200 mg,1273,Brands Pharma &amp; General Enterprises,2025-07-30,2030-07-29,Active,"Tablet.
White-colored, round-shaped, biconvex, film-coated tablet, plain on both sides
",10 x 10&#039;s (in Alu-Alu blisters),"Each tablet contains: Ofloxacin USP 200 mg
Excipients q.s.",https://admin.greenbook.nafdac.gov.ng/uploadImage/smpc_files/2025/09/04/20250904783856af-29ac-5e24-989f-79491b4baaff.pdf,J01MA01,https://greenbook.nafdac.gov.ng/products/details/11424,2026-09-27T21:50:58.439770+00:00
Greenbook NAFDAC,1192,3572,Breclomol Tablets##,1,Drugs,"{'id': 1, 'name': 'Drugs', 'created_at': '-000001-11-30T00:00:00.000000Z', 'updated_at': '2022-03-17T16:53:12.000000Z', 'deleted_at': None}",1011,Aceclofenac; Paracetamol,,B4-6953,1,Tablet,1,Oral,100 mg; 500 mg,583,Breadfruit Pharmaceuticals Nig Ltd,2021-12-16,2026-12-15,Active,Tablet,,"Each tablet contains: Aceclofenac BP 100 mg, Paracetamol BP 500 mg
Excipients q.s.",,N02BE51,https://greenbook.nafdac.gov.ng/products/details/3572,2026-09-27T21:50:58.439770+00:00
Greenbook NAFDAC,1193,3167,Breformide Tablet##,1,Drugs,"{'id': 1, 'name': 'Drugs', 'created_at': '-000001-11-30T00:00:00.000000Z', 'updated_at': '2022-03-17T16:53:12.000000Z', 'deleted_at': None}",626,Metformin Hydrochloride; Glibenclamide,,B4-6591,1,Tablet,1,Oral,500 mg; 5 mg,583,Breadfruit Pharmaceuticals Nig Ltd,2021-12-16,2026-12-15,Active,Tablet,,"Each tablet contains: Glibenclamide BP 5 mg, Metformin Hydrochloride BP 500 mg
Excipients q.s.",,A10BD02,https://greenbook.nafdac.gov.ng/products/details/3167,2026-09-27T21:50:58.439770+00:00
Greenbook NAFDAC,1194,7901,Brenalyte Combipack of Oral Rehydration Salt & Zinc Sulphate Tablets**,1,Drugs,"{'id': 1, 'name': 'Drugs', 'created_at': '-000001-11-30T00:00:00.000000Z', 'updated_at': '2022-03-17T16:53:12.000000Z', 'deleted_at': None}",193,Oral Rehydration Salts; Zinc (Zinc Sulfate),ORS; Zinc,C4-1601,118,Kit,1,Oral,20.5 g; 20 mg,358,Brent Cross Pharmaceutical Co. Limited,2021-02-25,2026-02-24,Inactive,"Powder for oral administration.
Uncoated dispersible tablet for oral administration",1&#039;s (Combikit of 10 Zinc Dispersible Tablets in Alu/PVC blister + 20.5 g ORS Powder in laminated sachets),"Combikit containing Oral Rehydration Salts BP and Zinc Sulfate Tablets USP.
Each Combikit contains:
A. Oral Rehydration Salts BP
Each sachet of 20.5 gm contains Sodium Chloride BP 2.6 g, Potassium Chloride BP 1.5 g, Sodium Citrate BP 2.9 g, Glucose (Anhydrous) BP 13.5 g.

B. Zinc Sulfate Tablets US
 Each uncoated dispersible tablet contains Zinc Sulfate Monohydrate USP equivalent to elemental Zinc 20 mg, Excipients Q.S.",https://admin.greenbook.nafdac.gov.ng/uploadImage/smpc_files/2024/09/22/20240922fe2132b0-6e04-53a6-833b-f09b5d9c749c.pdf,A07CA,https://greenbook.nafdac.gov.ng/products/details/7901,2026-09-27T21:50:58.439770+00:00
Greenbook NAFDAC,1195,11956,Brentcross Pentazocine_,1,Drugs,"{'id': 1, 'name': 'Drugs', 'created_at': '-000001-11-30T00:00:00.000000Z', 'updated_at': '2022-03-17T16:53:12.000000Z', 'deleted_at': None}",54,Pentazocine (Pentazocine Lactate),,A4-101672,40,Injection,31,Intravenous; Intramuscular; Subcutaneous,30 mg/mL,1713,BRENTCROSS PHARMACEUTICALS LIMITED,2025-10-29,2030-10-28,Active,"Injection
",10 x 1 mL ampoules,"Each mL contains: Pentazocine BP 30 mg

Excipients: Sodium Chloride 2.8 mg, and Water for Injection BP q.s.",https://admin.greenbook.nafdac.gov.ng/uploadImage/smpc_files/2025/11/20/20251120337d3e6d-7714-519d-b4cc-2006ccc304d6.pdf,N02AD01,https://greenbook.nafdac.gov.ng/products/details/11956,2026-09-27T21:50:58.439770+00:00
Greenbook NAFDAC,1196,3297,Breprodazole Tablet##,1,Drugs,"{'id': 1, 'name': 'Drugs', 'created_at': '-000001-11-30T00:00:00.000000Z', 'updated_at': '2022-03-17T16:53:12.000000Z', 'deleted_at': None}",462,Ciprofloxacin (Ciprofloxacin Hydrochloride); Tinidazole,,B4-6731,1,Tablet,1,Oral,500 mg; 600 mg,583,Breadfruit Pharmaceuticals Nig Ltd,2021-12-16,2026-12-15,Active,Tablet,,"Each tablet contains: Ciprofloxacin 500 mg, Tinidazole BP 600 mg
Excipients q.s.",,J01RA11,https://greenbook.nafdac.gov.ng/products/details/3297,2026-09-27T21:50:58.439770+00:00
Greenbook NAFDAC,1197,7903,Brimopress Eye Drops**,1,Drugs,"{'id': 1, 'name': 'Drugs', 'created_at': '-000001-11-30T00:00:00.000000Z', 'updated_at': '2022-03-17T16:53:12.000000Z', 'deleted_at': None}",790,Brimonidine Tartrate,,B4-3082,104,Solution/Drops,15,Ophthalmic,0.2%,127,Al-Tinez Pharmaceuticals Limited,2021-05-27,2026-05-26,Inactive,"Eye drops, Solution",5 mL,Brimonidine Tartrate 0.2% w/v,,,https://greenbook.nafdac.gov.ng/products/details/7903,2026-09-27T21:50:58.439770+00:00
Greenbook NAFDAC,1198,10077,Brimosopt 0.2% Eye Drop##,1,Drugs,"{'id': 1, 'name': 'Drugs', 'created_at': '-000001-11-30T00:00:00.000000Z', 'updated_at': '2022-03-17T16:53:12.000000Z', 'deleted_at': None}",790,Brimonidine Tartrate,,A4-101222,24,Eye drops,15,Ophthalmic,0.2%,236,NCI PharmChem Industries Limited,2025-03-27,2030-03-26,Active,"Ophthalmic Solution

BRIMOSOPT 0.2% EYE DROP	BRIMONIDINE TARTARATE 0.2% W/V STABLIZED OXYCHLOR COMPLEX 0.005% W/V AS PRESERVATIVE STERILE AQUEOUS VEHICLE Q.S	A4-101222	Drugs	Imported Product	1X10ML	16-07-2024	NCI PHARMCHEM INDUSTRIES LIMITED, NO 208/210, OSHODI APAPA EXPRESS WAY LAGOS, LAGOS, , LAGOS	07066643820	ncipharmltd@gmail.com	M/S HANUCHEM LABORATORIES, PLOT NO:13, IND AREA,SEC-5 PARWANOO,DIST.SOLAN(H.P)INDIA",1 x 10 mL (in sterile plastic vial),"Brimosopt 0.2% contains: Brimonidine Tartarate 0.2% w/v
Excipients q.s.",https://admin.greenbook.nafdac.gov.ng/uploadImage/smpc_files/2025/05/27/20250527c7ed39f2-ce87-525d-8f10-8733346bc23c.pdf,S01EA05,https://greenbook.nafdac.gov.ng/products/details/10077,2026-09-27T21:50:58.439770+00:00
Greenbook NAFDAC,1199,4297,Brinfen Tablets##,1,Drugs,"{'id': 1, 'name': 'Drugs', 'created_at': '-000001-11-30T00:00:00.000000Z', 'updated_at': '2022-03-17T16:53:12.000000Z', 'deleted_at': None}",76,Dexketoprofen (Dexketoprofen Trometamol),,C4-1417,1,Tablet,1,Oral,25 mg,997,Brite Aid Pharmaceutical Co. Ltd,2020-12-21,2025-12-20,Inactive,Tablet,,Each tablet contains: Dexketoprofen (as Dexketoprofen Trometamol) 25 mg,,M01AE17,https://greenbook.nafdac.gov.ng/products/details/4297,2026-09-27T21:50:58.439770+00:00
Greenbook NAFDAC,1200,2821,Brite Aid Artemether & Lumefantrine Powder For Oral Suspension##,1,Drugs,"{'id': 1, 'name': 'Drugs', 'created_at': '-000001-11-30T00:00:00.000000Z', 'updated_at': '2022-03-17T16:53:12.000000Z', 'deleted_at': None}",528,Artemether; Lumefantrine,,C4-1416,72,Powder for suspension,1,Oral,20 mg/5 mL; 120 mg/5 mL,997,Brite Aid Pharmaceutical Co. Ltd,2020-12-21,2025-12-20,Inactive,"Powder For Oral Suspension
",,"Each 5 mL reconstituted suspension contains: Artemether 20 mg, Lumefantrine 120 mg",,P01BF01,https://greenbook.nafdac.gov.ng/products/details/2821,2026-09-27T21:50:58.439770+00:00
Greenbook NAFDAC,1201,3298,Brite Aid Ciprofloxacin Tablets##,1,Drugs,"{'id': 1, 'name': 'Drugs', 'created_at': '-000001-11-30T00:00:00.000000Z', 'updated_at': '2022-03-17T16:53:12.000000Z', 'deleted_at': None}",461,Ciprofloxacin (Ciprofloxacin Hydrochloride),,C4-1418,1,Tablet,1,Oral,500 mg,997,Brite Aid Pharmaceutical Co. Ltd,2020-12-21,2025-12-20,Inactive,Tablet,,Each tablet contains: Ciprofloxacin (as Ciprofloxacin Hydrochloride) 500 mg,,J01MA02,https://greenbook.nafdac.gov.ng/products/details/3298,2026-09-27T21:50:58.439770+00:00
Greenbook NAFDAC,1202,12146,Bro-Zedex Cough Syrup_,1,Drugs,"{'id': 1, 'name': 'Drugs', 'created_at': '-000001-11-30T00:00:00.000000Z', 'updated_at': '2022-03-17T16:53:12.000000Z', 'deleted_at': None}",405,Bromhexine (Bromhexine Hydrochloride); Guaifenesin; Terbutaline; Menthol,,B4-0453,103,Syrup,1,Oral,2.5 mg; 8 mg; 100 mg; 5 mg,865,Maxwell Lifecare Limited,2025-10-29,2030-10-28,Active,"Syrup.
Orange-colored solution having menthol flavor with sweet mentholated taste in a 100 mL transparent PET bottle
",1 x 100 mL (in PET bottle),"Each 10 mL contains: Terbutaline Sulphate 2.5 mg, Bromhexine Hydrochloride 8 mg, Guaifenesin 100 mg, and Menthol 5 mg
Excipients q.s.",https://admin.greenbook.nafdac.gov.ng/uploadImage/smpc_files/2025/12/05/20251205cf6b030f-aaa9-5b3a-abf5-a406b0890fd6.pdf,R05CA10,https://greenbook.nafdac.gov.ng/products/details/12146,2026-09-27T21:50:58.439770+00:00
Greenbook NAFDAC,1203,4740,Brodcef 200 Tablet**,1,Drugs,"{'id': 1, 'name': 'Drugs', 'created_at': '-000001-11-30T00:00:00.000000Z', 'updated_at': '2022-03-17T16:53:12.000000Z', 'deleted_at': None}",441,Cefixime (Cefixime Trihydrate),,A4-5062,1,Tablet,1,Oral,200 mg,729,Sam Pharmaceutical Limited,2023-07-27,2028-07-26,Active,"BROCEF 200 TABLET	CEFIXIME	CEFIXIME TRIHYDRATE(EQV. TO CEFIXIME ANHYDROUS 200MG), SODIUM CMC, SODIUM BENZOATE, SODIUM CITRATE, COLLOIDAL SILICON DIOXIDE, FLAVOUR:MANGO, CITRIC ACID, ANHYDROUS SODIUM SACCHARINE, SUGAR PHARMA GRADE, COLOUR: QUINOLINE YELLOW.	A4-5062	Drugs	Imported Products	1x10	Prescription Only Medicine (POM)	3/29/2022	SAM PHARMACEUTICALS LIMITED, BLOCK A, FLAT A5, EKO COURT COMPLEX, KOFO ABAYOMI STREET, VICTORIA ISLAND	17753455	sampharm18@yahoo.com	VAPI CARE PHARMA PVT LIMITED, PLOT NO. 225/3 G.I.D.C. NEAR MORARJI CIRCLE, VAPI - 396 195, DIST. VALSAD, GUJARAT, INDIA., India	9.09714E+11	info@vepicarepharma.com	
",1 x 10&#039;s (in blister),,https://admin.greenbook.nafdac.gov.ng/uploadImage/smpc_files/2023/08/22/20230822c5281252-7fa5-5e9b-b74c-9ba5c76a1ea6.pdf,J01DD08,https://greenbook.nafdac.gov.ng/products/details/4740,2026-09-27T21:50:58.439770+00:00
Greenbook NAFDAC,1204,4741,Brodcef 400 Tablets##,1,Drugs,"{'id': 1, 'name': 'Drugs', 'created_at': '-000001-11-30T00:00:00.000000Z', 'updated_at': '2022-03-17T16:53:12.000000Z', 'deleted_at': None}",441,Cefixime (Cefixime Trihydrate),,A4-5106,1,Tablet,1,Oral,400 mg,729,Sam Pharmaceutical Limited,2023-07-06,2028-07-05,Active,"Film coated tablets

94	RNW-PP-258876	BRODCEF 400 TABLETS	CEFIXIME	Cefixime USP as Trihydrate (Equivalent to Cefixime Anhydrous 400mg) Lactose Monohydrate, Microcrystalline Cellulose, Sodium Lauryl Sulphate, Sodium Starch Glycolate, Povidone, Magnesium Stearate, Purified Talc, Croscarmellose Sodium, Hypromellose, Titanium Dioxide, Sunset Yellow Lake, Isopropyl Alcohol, Dichloromethane	A4-5106	Drugs	Imported Products	1x10	Prescription Only Medicine (POM)	4/1/2022	SAM PHARMACEUTICALS LIMITED, BLOCK A, FLAT A5, EKO COURT COMPLEX, KOFO ABAYOMI STREET, VICTORIA ISLAND	17753455	sampharm18@yahoo.com	VAPI CARE PHARMA PVT LIMITED, PLOT NO. 225/3 G.I.D.C. NEAR MORARJI CIRCLE, VAPI - 396 195, DIST. VALSAD, GUJARAT, INDIA., India",1 x 10&#039;s (in Alu-Alu strip),"Each film coated tablet contains: Cefixime Trihydrate USP equivalent to Cefixime anhydrous 400 mg
Excipients q.s.",https://admin.greenbook.nafdac.gov.ng/uploadImage/smpc_files/2023/08/23/20230823c2a7e3db-75c7-5f4d-8965-2d672e71f23a.pdf,J01DD08,https://greenbook.nafdac.gov.ng/products/details/4741,2026-09-27T21:50:58.439770+00:00
Greenbook NAFDAC,1205,11425,Brodcef 400 Tablets_,1,Drugs,"{'id': 1, 'name': 'Drugs', 'created_at': '-000001-11-30T00:00:00.000000Z', 'updated_at': '2022-03-17T16:53:12.000000Z', 'deleted_at': None}",441,Cefixime (Cefixime Trihydrate),,A4-5106,1,Tablet,1,Oral,400 mg,729,Sam Pharmaceutical Limited,2025-07-30,2030-07-29,Active,Film-coated Tablet,1 x 10&#039;s (in Alu-Alu blister),"Each tablet contains: Cefixime Trihydrate USP equiv. to Cefixime 400 mg
Excipients q.s.",https://admin.greenbook.nafdac.gov.ng/uploadImage/smpc_files/2025/08/26/20250826d280dd5c-69a5-58d4-af36-e72de59d5d88.pdf,J01DD08,https://greenbook.nafdac.gov.ng/products/details/11425,2026-09-27T21:50:58.439770+00:00
Greenbook NAFDAC,1206,4742,Brodcef Powder for Oral Suspension 100 mg/5 mL##,1,Drugs,"{'id': 1, 'name': 'Drugs', 'created_at': '-000001-11-30T00:00:00.000000Z', 'updated_at': '2022-03-17T16:53:12.000000Z', 'deleted_at': None}",441,Cefixime (Cefixime Trihydrate),,A4-5035,102,Suspension,1,Oral,100 mg/5 mL,729,Sam Pharmaceutical Limited,2023-07-06,2028-07-05,Active,"Powder for Oral Suspension

25	RNW-PP-258597	BRODCEF POWDER FOR ORAL SUSPENSION 100mg/5ml	CEFIXIME TRIHYDRATE U.S.P.	CEFIXIME TRIHYDRATE (EQV. TO ANHTDROUS 100MG), SODIUM CMC, SODIUM BENZOATE, SODIUM CITRATE, COLLOIDAL SILICON DIOXIDE, FLAVOUR MANGO, CITRIC ACID ANHYDROUS, SODIUM SACCHARINE, SUGAR PHARMA GRADE, COLOUR: QUINOLINE YELLOW	A4-5035	Drugs	Imported Products	1x60ML	Prescription Only Medicine (POM)	3/28/2022	SAM PHARMACEUTICALS LIMITED, BLOCK A, FLAT A5, EKO COURT COMPLEX, KOFO ABAYOMI STREET, VICTORIA ISLAND	17753455	sampharm18@yahoo.com	VAPI CARE PHARMA PVT LIMITED, PLOT NO. 225/3 G.I.D.C. NEAR MORARJI CIRCLE, VAPI - 396 195, DIST. VALSAD, GUJARAT, INDIA., India",1 x 100 mL (in HDPE bottle),"Each 5 mL contains: Cefixime Trihydrate USP equivalent to Cefixime 100 mg
Excipients q.s.
",https://admin.greenbook.nafdac.gov.ng/uploadImage/smpc_files/2023/08/23/2023082307e5f858-732a-5951-903e-a64836ea3da6.pdf,J01DD08,https://greenbook.nafdac.gov.ng/products/details/4742,2026-09-27T21:50:58.439770+00:00
Greenbook NAFDAC,1207,4376,Bromatan 1.5 mg**,1,Drugs,"{'id': 1, 'name': 'Drugs', 'created_at': '-000001-11-30T00:00:00.000000Z', 'updated_at': '2022-03-17T16:53:12.000000Z', 'deleted_at': None}",3,Bromazepam,,A4-2663,1,Tablet,1,Oral,1.5 mg,221,May &amp; Baker Nigeria PLC,2021-05-07,2026-05-06,Inactive,Tablet,,Each tablet contains: Bromazepam 1.5 mg,,N05BA08,https://greenbook.nafdac.gov.ng/products/details/4376,2026-09-27T21:50:58.439770+00:00
Greenbook NAFDAC,1208,3352,Bromatan 3 mg**,1,Drugs,"{'id': 1, 'name': 'Drugs', 'created_at': '-000001-11-30T00:00:00.000000Z', 'updated_at': '2022-03-17T16:53:12.000000Z', 'deleted_at': None}",3,Bromazepam,,A4-2662,1,Tablet,1,Oral,3 mg,221,May &amp; Baker Nigeria PLC,2021-05-07,2026-05-06,Inactive,Tablet,,Each tablet contains: Bromazepam 3 mg,,N05BA08,https://greenbook.nafdac.gov.ng/products/details/3352,2026-09-27T21:50:58.439770+00:00
Greenbook NAFDAC,1209,4310,Bromdex Syrup##,1,Drugs,"{'id': 1, 'name': 'Drugs', 'created_at': '-000001-11-30T00:00:00.000000Z', 'updated_at': '2022-03-17T16:53:12.000000Z', 'deleted_at': None}",1016,Salbutamol (Salbutamol Sulfate); Bromhexine (Bromhexine Hydrochloride); Guaifenesin; Menthol,,B4-8546,103,Syrup,1,Oral,1 mg/5 mL; 2 mg/5 mL; 50 mg/5 mL; 0.5 mg/5 mL,218,Malven Medics International Company Ltd,2020-11-30,2025-11-29,Inactive,Syrup,,"Each 5 mL syrup contains: Salbutamol Sulfate BP equivalent to Salbutamol 1 mg, Bromhexine Hydrochloride BP equivalent to Bromhexine 2 mg, Guaifenesin BP 50 mg, Menthol BP 0.5 mg",,R03CK,https://greenbook.nafdac.gov.ng/products/details/4310,2026-09-27T21:50:58.439770+00:00
Greenbook NAFDAC,1210,11957,Bromocriptine 2.5 mg Tablet_,1,Drugs,"{'id': 1, 'name': 'Drugs', 'created_at': '-000001-11-30T00:00:00.000000Z', 'updated_at': '2022-03-17T16:53:12.000000Z', 'deleted_at': None}",32,Bromocriptine,,A4-101660,1,Tablet,1,Oral,2.5 mg,1150,Smart Way Pharma Ltd Ikeja,2025-10-29,2030-10-28,Active,"Tablet.
White, round, flat tablets plain on both sides",3 x 10&#039;s (in Alu-PVC strips),"Each tablet contains: Bromocriptine 2.5 mg
Excipients q.s.",https://admin.greenbook.nafdac.gov.ng/uploadImage/smpc_files/2025/11/19/20251119373447d8-3965-52f0-b60f-0032c9c9a829.pdf,G02CB01,https://greenbook.nafdac.gov.ng/products/details/11957,2026-09-27T21:50:58.439770+00:00
Greenbook NAFDAC,1211,6165,Broncholyte Elixir##,1,Drugs,"{'id': 1, 'name': 'Drugs', 'created_at': '-000001-11-30T00:00:00.000000Z', 'updated_at': '2022-03-17T16:53:12.000000Z', 'deleted_at': None}",401,Bromhexine (Bromhexine Hydrochloride),,04-2904,103,Syrup,1,Oral,4 mg/5 mL,1198,Sygen Pharmaceuticals Limited,2023-02-23,2028-02-22,Active,"Syrup
A clear to almost clear, colorless to almost colorless solution with a fruity aromatic odor

9	Broncholyte Elixir 	Broncholyte 	Bromhexine Hydrochloride	Mucolytic agent	Bromhexine Hydrochloride 4mg/5ml	Elixir x 100mls	 Treatment of chronic inflammatory pulmonary conditions, bronchitis with broncho spasm and asthma	OTC	Sygen Pharmaceuticals Ltd. 	Km 38, Lagos-Abeokuta Expressway, Sango-Ota, Ogun State, Nigeria	same as applicant	same as applicant		04-2904",1 x 100 mL (in amber PET bottle),"Each 5 mL contains: Bromhexine Hydrochloride 4 mg
Excipients with known effect: Contains Sorbitol Liquid
Excipients q.s.",https://admin.greenbook.nafdac.gov.ng/uploadImage/smpc_files/2024/12/24/2024122447c05435-5dd6-50a1-b8f8-c522158e2203.pdf,R05CB02,https://greenbook.nafdac.gov.ng/products/details/6165,2026-09-27T21:50:58.439770+00:00
Greenbook NAFDAC,1212,7245,Bronquidiazina C.R. Suspension 150 mL**,1,Drugs,"{'id': 1, 'name': 'Drugs', 'created_at': '-000001-11-30T00:00:00.000000Z', 'updated_at': '2022-03-17T16:53:12.000000Z', 'deleted_at': None}",402,Bromhexine (Bromhexine Hydrochloride); Sulfamethoxazole; Trimethoprim,,B4-2538,102,Suspension,1,Oral,4 mg/7.5 mL; 400 mg/7.5 mL; 80 mg/7.5 mL,173,Faes Farma Nigeria Limited,2024-03-27,2029-03-26,Active,"Oral Suspension
White homogeneous suspension with an anisette odor",1 x 150 mL (in glass bottle),"Every 7.5 mL of suspension contains: Trimethoprim 80 mg, Sulfamethoxazole 400 mg, Bromhexine Hydrochloride 4 mg, Sodium Benzoate 250 mg, Balsamic Syrup of Tolu 325 mg

Excipients:
Glycerol (E-422), Sucrose, Xanthan Gum, Sodium Saccharin, Methyl Parahydroxybenzoate (E-218), Polysorbate 80, Propyl Parahydroxybenzoate (E-216), Dimethicone Anti-foaming Agent, Anisette Essence, Water",https://admin.greenbook.nafdac.gov.ng/uploadImage/smpc_files/2024/11/28/2024112855b00798-13f2-56c0-8b9b-957d62c92a22.pdf,J01EE01,https://greenbook.nafdac.gov.ng/products/details/7245,2026-09-27T21:50:58.439770+00:00
Greenbook NAFDAC,1213,4311,Broxydex Cough Syrup##,1,Drugs,"{'id': 1, 'name': 'Drugs', 'created_at': '-000001-11-30T00:00:00.000000Z', 'updated_at': '2022-03-17T16:53:12.000000Z', 'deleted_at': None}",1620,Bromhexine (Bromhexine Hydrochloride); Dextromethorphan; Ammonium chloride,,A4-6011,103,Syrup,1,Oral,8 mg/5 mL; 10 mg/5 mL; 100 mg/5 mL,252,Olpharm Nigeria Limited,2021-08-26,2026-08-25,Inactive,Syrup,1 x 100 mL (in PET bottle),"Each 5 mL syrup contains: Bromhexine Hydrochloride 8 mg, Dextromethorphan Hydrobromide 10 mg, Ammonium Chloride 100 mg, Menthol BP 5 mg
Excipients q.s.
",https://admin.greenbook.nafdac.gov.ng/uploadImage/smpc_files/2025/01/15/20250115af2165c3-fd1c-5109-b9bf-56369b32d05f.pdf,R05FB02,https://greenbook.nafdac.gov.ng/products/details/4311,2026-09-27T21:50:58.439770+00:00
Greenbook NAFDAC,1214,5764,Brozelin Syrup##,1,Drugs,"{'id': 1, 'name': 'Drugs', 'created_at': '-000001-11-30T00:00:00.000000Z', 'updated_at': '2022-03-17T16:53:12.000000Z', 'deleted_at': None}",410,Salbutamol (Salbutamol Sulfate); Ambroxol Hydrochloride; Guaifenesin; Menthol,,A4-3215,103,Syrup,1,Oral,2 mg/5 mL; 30 mg/5 mL; 50 mg/5 mL; 1 mg/5 mL,271,Phillips Pharmaceuticals (Nigeria) Limited,2023-04-26,2028-04-25,Active,"Syrup
Orange colored, flavored clear viscous syrupy liquid

BROZELIN SYRUP	AMBROXOL HCL BP 30MG, SALBUTAMOL 2MG &amp; GUAIFENESIN BP 50MG	Ambroxol Hydrochloride BP 30 mg,Salbutamol Sulfate BP Equivalent to Salbutamol 2 mg Guaifenesin BP 50 mg,In Active Ingredients:Menthol1MG,Methyl hydroxybenzoatePropyl hydroxybenzoate,Sodium benzoateDisodium edetateSucrose,Sorbitol 70% (Non, crystallising),GlycerolPropylene GLYCOL,Citric acid anhydrousSunset yellow supra	A4-3215	Drugs	Imported Products	1*100ML	Prescription Only Medicine (POM)	20/12/2022	PHILLIPS PHARMACEUTICALS (NIGERIA) LTD, APAPA-OSHODI EXPRESSWAY, IYANA-ISOLO LAGOS LAGOS	8035493198	samson.omattah@phillipsnigeria.com	THE MADRAS PHARMACEUTICALS , 137B OLD MAHABALI PURAM ROAD KARAPAKKAM CHENNAI 600096 TAMILANADU ,INDIA, India",1 x 100 mL (in bottle),"Each 5 ml contains: Ambroxol Hydrochloride BP 30 mg, Salbutamol Sulfate BP equivalent to Salbutamol 2 mg, Guaifenesin BP 50 mg
Excipients q.s.",https://admin.greenbook.nafdac.gov.ng/uploadImage/smpc_files/2023/09/25/202309253a0351ee-ac01-5534-b3e2-4efbfabf8e45.pdf,R03CK,https://greenbook.nafdac.gov.ng/products/details/5764,2026-09-27T21:50:58.439770+00:00
Greenbook NAFDAC,1215,5545,Brustan Extra Capsules##,1,Drugs,"{'id': 1, 'name': 'Drugs', 'created_at': '-000001-11-30T00:00:00.000000Z', 'updated_at': '2022-03-17T16:53:12.000000Z', 'deleted_at': None}",1012,Ibuprofen; Paracetamol; Caffeine,,B4-7465,2,Capsule,1,Oral,200 mg; 325 mg; 30 mg,276,Ranbaxy Nigeria Limited,2023-03-28,2028-03-27,Active,"Capsule
Pink color oval shaped opaque soft gelatin capsules containing white color oily mass

87	RNW-PP-243194	Brustan Extra Capsules	PARACETAMOL 325MG, IBUPROFEN 200MG &amp; CAFFEINE 30MG CAPSULES	Paracetamol 325mg, Caffeine 30mg, Ibuprofen 200mg	B4-7465	Drugs	MUSCULO-SKELETAL SYSTEM	Imported Products	1*10,2*10packs	OTC	12/17/2021	RANBAXY NIGERIA LIMITED, ABIMBOLA STREET, ILASAMAJA, ISOLO LAGOS LAGOS	17932744	rosanna.iwuala@sunpharma.com	Softgel Healthcare Pvt. Ltd, Survey No: 20/1, Vandalur , Kelambakkam Road, Pudupakkam Village, Kancheepuram District, Tamil Nadu -603103 INDIA, India
															
															
","1 x 10&#039;s, 2 x 10&#039;s (in blisters)","Each Soft gelatin capsule contains: Paracetamol BP 325 mg, Ibuprofen BP 200 mg, Caffeine BP 30 mg
Excipients q.s.",https://admin.greenbook.nafdac.gov.ng/uploadImage/smpc_files/2024/12/18/20241218d34dedeb-d3a9-5751-ae30-1c91ecafd5c4.pdf,M01AE51,https://greenbook.nafdac.gov.ng/products/details/5545,2026-09-27T21:50:58.439770+00:00
Greenbook NAFDAC,1216,4743,Brustan Plus Tablets##,1,Drugs,"{'id': 1, 'name': 'Drugs', 'created_at': '-000001-11-30T00:00:00.000000Z', 'updated_at': '2022-03-17T16:53:12.000000Z', 'deleted_at': None}",82,Ibuprofen; Paracetamol,,B4-6109,1,Tablet,1,Oral,400 mg; 325 mg,276,Ranbaxy Nigeria Limited,2023-01-26,2028-01-25,Active,"Tablet

BRUSTAN PLUS TABLETS	B4-6109	BRUSTAN PLUS TABLETS	Ibuprofen 400mg, Paracetamol 325mg, Calcium Hydrogen Phosphate, Maize Starch, Povidone, Isopropyl Alcohol, Purified Water, Purified Talc, Opadry Orange				Tablet	Prescription Only Medicine (POM)		RANBAXY NIGERIA LIMITED, ABIMBOLA STREET, ILASAMAJA, ISOLO LAGOS LAGOS	Nigeria	Sun Pharma Ind. Ltd, INDUSTRIAL AREA-3, DEWAS - 455001, INDIA, India		26/01/2023	25/01/2028","1 x 10&#039;s, 2 x 10&#039;s (in blisters)","Each film coated tablet contains: Ibuprofen BP 400 mg, Paracetamol BP 325 mg
Excipients q.s.",https://admin.greenbook.nafdac.gov.ng/uploadImage/smpc_files/2024/12/18/20241218726b8f1a-b9be-54b5-9bbb-3ee66e53c4d1.pdf,M01AE51,https://greenbook.nafdac.gov.ng/products/details/4743,2026-09-27T21:50:58.439770+00:00
Greenbook NAFDAC,1217,6052,Brustan-N Suspension##,1,Drugs,"{'id': 1, 'name': 'Drugs', 'created_at': '-000001-11-30T00:00:00.000000Z', 'updated_at': '2022-03-17T16:53:12.000000Z', 'deleted_at': None}",57,Ibuprofen,,A4-0488,102,Suspension,1,Oral,100 mg/5 mL,276,Ranbaxy Nigeria Limited,2023-09-28,2028-09-27,Active,"Suspension

23	RNW-PP-263336	Brustan-N Suspension	IBUPROFEN ORAL SUSPENSION 100 MG/5ML	Ibuprofen 100mg, Acesulfame Potassium, Glycerine, Sucrose, Instant Cleargel, Xanthan Gum, Polysorbate-80, Quinoline Yellow Supra, Lychee Flavour, Bubble Gum Flavour, Citric Acid Monohydrate, Sodium Citrate, Sodium Benzoate	A4-0488	Drugs	Nigerian Products	60ml,100ml	OTC	5/18/2022	RANBAXY NIGERIA LIMITED, ABIMBOLA STREET, ILASAMAJA, ISOLO, LAGOS	17932744	rosanna.iwuala@sunpharma.com	Ranbaxy Nigeria Ltd, KM 30, LAGOS IBADAN EXPRESSWAY, MAGBORO, OGUN STATE, Nigeria","1 x 60 mL, 1 x 100 mL (in amber glass bottles)","Each 5 mL contains: Ibuprofen 100 mg
Excipients q.s.",https://admin.greenbook.nafdac.gov.ng/uploadImage/smpc_files/2023/10/07/202310075a844673-c314-5c60-a8e2-2c071c25d75c.pdf,M01AE01,https://greenbook.nafdac.gov.ng/products/details/6052,2026-09-27T21:50:58.439770+00:00
Greenbook NAFDAC,1218,6053,Brustan-N Tablets 400 mg##,1,Drugs,"{'id': 1, 'name': 'Drugs', 'created_at': '-000001-11-30T00:00:00.000000Z', 'updated_at': '2022-03-17T16:53:12.000000Z', 'deleted_at': None}",57,Ibuprofen,,04-0694,1,Tablet,1,Oral,400 mg,276,Ranbaxy Nigeria Limited,2023-09-28,2028-09-27,Active,"Film Coated Tablet
 
22	RNW-PP-277456	Brustan-N Tablets 400mg	IBUPROFEN TABLETS BP 400MG	Ibuprofen BP 400mg, Maize Starch, Calcium Hydrogen Phosphate, Microcrystalline Cellulose, Tartrazine Lake, Sunset Yellow Lake, Purified Water, Gelatin, Purified Talc, Colloidal Anhydrous Silica, Hypromellose, Macrogol, Titanium Dioxide, Sodum Lauryl Sulphate, Opacode Black, Isopropyl Alcohol.	04-0694	Drugs	Nigerian Products	24*10packs	POM 1	9/16/2022	RANBAXY NIGERIA LIMITED, ABIMBOLA STREET, ILASAMAJA, ISOLO, LAGOS	17932744	rosanna.iwuala@sunpharma.com	Ranbaxy Nigeria Ltd, KM 30, LAGOS IBADAN EXPRESSWAY, MAGBORO, OGUN STATE, Nigeria",24 x 10&#039;s (in PVC blisters),"Each film coated tablet contains: Ibuprofen BP 400 mg
Excipients q.s.",https://admin.greenbook.nafdac.gov.ng/uploadImage/smpc_files/2023/10/07/202310073da152c5-3f9e-5276-b9d3-8d1515ca50fb.pdf,M01AE01,https://greenbook.nafdac.gov.ng/products/details/6053,2026-09-27T21:50:58.439770+00:00
Greenbook NAFDAC,1219,5546,BSC cream##,1,Drugs,"{'id': 1, 'name': 'Drugs', 'created_at': '-000001-11-30T00:00:00.000000Z', 'updated_at': '2022-03-17T16:53:12.000000Z', 'deleted_at': None}",1120,Clobetasol Propionate; Clotrimazole,,A4-100513,4,Cream,21,Topical,0.05%; 1%,1100,Everdestiny Pharmaceutical Ltd,2023-08-31,2028-08-30,Active,"Topical Cream

BSC CREAM 30G	CLOBETASOL PROPIONATE USP 0.05% w/w, CLOTRIMAZOLE BP. 1.00% w/w CREAM BASE Qs	CLOBETASOL PROPIONATE USP 0.05% w/w, CLOTRIMAZOLE Bp 1.00% w/w , CREAM BASE Qs		Drugs	Imported Products	1x30G	Over The Counter (OTC)	13/12/2022	EVERDESTINY PHARMACEUTICAL LTD, 20, Osunfolarin street, ilaje, Barig, Lagos state	8108293328	Everdestinypharma@gmail.com	ASTAMED HEALTHCARE (I) PVT.LTD., PLOT NO.2&amp;3, PHASE II,GENESIS INDUSTRIAL COMPLEX, KOTGAON, PALGHAR, THANE 401404. MAHARASHTRA. INDIA., India",1 X 30 g (in a tube),"BSC cream contains: Clobetasol Propionate BP 0.05% w/w, Clotrimazole BP 1% w/w, Cream Base q.s.
Excipients q.s.",https://admin.greenbook.nafdac.gov.ng/uploadImage/smpc_files/2023/09/09/202309094b5793f9-dff9-529f-996b-19942d6ad490.pdf,D07CD01,https://greenbook.nafdac.gov.ng/products/details/5546,2026-09-27T21:50:58.439770+00:00
Greenbook NAFDAC,1220,11426,Bshop Extra Capsules Paracetamol 500 mg and Caffeine 30 mg_,1,Drugs,"{'id': 1, 'name': 'Drugs', 'created_at': '-000001-11-30T00:00:00.000000Z', 'updated_at': '2022-03-17T16:53:12.000000Z', 'deleted_at': None}",983,Paracetamol; Caffeine,,B4-1466,2,Capsule,1,Oral,500 mg; 30 mg,702,Pharmamax Nigeria Limited,2025-07-30,2030-07-29,Active,"Capsule.
Blue/light blue EHG capsule shell size &quot;0&quot; with imprints of &quot;KCH&quot; on the cap and body
","1 x 10&#039;s, 2 x 12&#039;s (in Alu-PVC blisters)","Each capsule contains: Paracetamol 500 mg, Caffeine 30 mg
Excipients q.s.",https://admin.greenbook.nafdac.gov.ng/uploadImage/smpc_files/2025/09/04/20250904f590e4c4-ac87-58d0-bec9-025686c687ad.pdf,N02BE51,https://greenbook.nafdac.gov.ng/products/details/11426,2026-09-27T21:50:58.439770+00:00
Greenbook NAFDAC,1221,3357,Bsmith Diazepam Injection##,1,Drugs,"{'id': 1, 'name': 'Drugs', 'created_at': '-000001-11-30T00:00:00.000000Z', 'updated_at': '2022-03-17T16:53:12.000000Z', 'deleted_at': None}",4,Diazepam,,C4-1487,107,Solution for injection,29,Intravenous; Intramuscular,10 mg/2 mL,585,Blue Summith Healthcare Limited,2020-12-21,2025-12-20,Inactive,Solution for injection,1 x 2 mL ampoule,Each 2 mL contains: Diazepam 10 mg,,N05BA01,https://greenbook.nafdac.gov.ng/products/details/3357,2026-09-27T21:50:58.439770+00:00
Greenbook NAFDAC,1222,4265,Budesone-100 Inhaler## (check composition),1,Drugs,"{'id': 1, 'name': 'Drugs', 'created_at': '-000001-11-30T00:00:00.000000Z', 'updated_at': '2022-03-17T16:53:12.000000Z', 'deleted_at': None}",1486,Budesonide,,C4-1503,117,"Aerosol, Metered-Dose",32,"Inhalation, Oral",100 mcg/Inhalation,189,Greenlife Pharmaceutical Limited,2020-12-21,2025-12-20,Inactive,Inhaler,,Each actuation contains: Budesonide 100 mcg,,R03BA02,https://greenbook.nafdac.gov.ng/products/details/4265,2026-09-27T21:50:58.439770+00:00
Greenbook NAFDAC,1223,4266,Budesone-200 Inhaler## (check composition),1,Drugs,"{'id': 1, 'name': 'Drugs', 'created_at': '-000001-11-30T00:00:00.000000Z', 'updated_at': '2022-03-17T16:53:12.000000Z', 'deleted_at': None}",1486,Budesonide,,C4-1504,117,"Aerosol, Metered-Dose",32,"Inhalation, Oral",200 mcg/Inhalation,189,Greenlife Pharmaceutical Limited,2020-12-21,2025-12-20,Inactive,Inhaler,,Each actuation contains: Budesonide 200 mcg,,R03BA02,https://greenbook.nafdac.gov.ng/products/details/4266,2026-09-27T21:50:58.439770+00:00
Greenbook NAFDAC,1224,4738,BUDEX Tablet##,1,Drugs,"{'id': 1, 'name': 'Drugs', 'created_at': '-000001-11-30T00:00:00.000000Z', 'updated_at': '2022-03-17T16:53:12.000000Z', 'deleted_at': None}",770,Dexamethasone,,B4-6678,1,Tablet,1,Oral,0.5 mg,1181,NEXTPHARMA DRUG COMPANY LTD,2023-07-06,2028-07-05,Active,"Tablet

101	RNW-PP-310061	BHUDEX TABLET.	DEXAMETHASONE BP 0.5MG	EACH TABLET CONTAINS DEXAMETHASONE BP 0.5MG EXCIPIENTS starch, propylene glycol, magnesium stearate and lactose.	B4-6678	Drugs	Imported Products	1x100	Prescription Only Medicine (POM)	3/5/2023	NEXTPHARMA DRUG COMPANY LTD, 20 FARAYOLA STREET, ALAPERE KETU LAGOS STATE	8063803298	stevenext2019@gmail.com	IMPULSE PHARMA PVT LTD, Plot No. J-201 J-20/1, M.I.D.C. Tarapur,Dist-Palghar, Biosar- 401 504, Maharashira, INDIA, India",1 x 100&#039;s,"Each tablet contains: Dexamethasone BP 0.5 mg
Excipients: Starch, Propylene Glycol, Magnesium Stearate and Lactose",https://admin.greenbook.nafdac.gov.ng/uploadImage/smpc_files/2025/05/06/2025050676b2a9de-fbd8-57c3-9f2d-0d7934b5cd39.pdf,H02AB02,https://greenbook.nafdac.gov.ng/products/details/4738,2026-09-27T21:50:58.439770+00:00
Greenbook NAFDAC,1225,2725,Bugyl##,1,Drugs,"{'id': 1, 'name': 'Drugs', 'created_at': '-000001-11-30T00:00:00.000000Z', 'updated_at': '2022-03-17T16:53:12.000000Z', 'deleted_at': None}",485,Metronidazole,,A11-100220,1,Tablet,1,Oral,200 mg,1068,"Blueworld Pharmaceuticals, Foods and Cosmetics Ltd",2021-09-28,2026-09-27,Active,Tablet,,Each tablet contains: Metronidazole BP 200 mg,,P01AB01,https://greenbook.nafdac.gov.ng/products/details/2725,2026-09-27T21:50:58.439770+00:00
Greenbook NAFDAC,1226,6479,Bulmethazine Injection 25 mg/mL##,1,Drugs,"{'id': 1, 'name': 'Drugs', 'created_at': '-000001-11-30T00:00:00.000000Z', 'updated_at': '2022-03-17T16:53:12.000000Z', 'deleted_at': None}",1585,Promethazine Hydrochloride,,A4-7775,40,Injection,9,Intramuscular,50 mg/2 mL,437,Mednoral Pharmaceutical Limited,2023-11-30,2028-11-29,Active,"Injection
A colorless, or almost colorless solution

50	RNW-PP-270614	BULMETHAZINE INJECTION 25MG/ML	PROMETHAZINE HCL	PROMETHAZINE HCL BP 50MG/2ML	A4-7775	Drugs	Imported Products	2MLX10AMPOULES	Prescription Only Medicine (POM)	7/6/2022	MEDNORAL PHARMACEUTICAL LIMITED, NO.12, CHRIS EBIE STREET, OFF AGO PALACE WAY, OKOTA, LAGOS STATE.	33283730	mednoraln@gmail.com	JIANGSU RUINIAN QIANJIN PHARMACEUTICAL CO., LIMITED, CHUANBU VILLAGE, YIXING ECONOMIC DEVELOPMENT ZONE, JIANGSU PROVINCE, CHINA., China",10 x 2 mL ampoules,"Each 2 mL ampoule contains: Promethazine HCl BP 50 mg
Excipients: Sodium Chloride. Sodium Sulfite Anhydrous, Sodium Bisulfite, Vitamin C, Water for Injection",https://admin.greenbook.nafdac.gov.ng/uploadImage/smpc_files/2023/12/17/20231217e1658de1-c6ee-57d5-9190-86885fdb2c85.pdf,R06AD02,https://greenbook.nafdac.gov.ng/products/details/6479,2026-09-27T21:50:58.439770+00:00
Greenbook NAFDAC,1227,6396,Bultamin Injection##,1,Drugs,"{'id': 1, 'name': 'Drugs', 'created_at': '-000001-11-30T00:00:00.000000Z', 'updated_at': '2022-03-17T16:53:12.000000Z', 'deleted_at': None}",359,Vitamin B Complex,,A4-7936,40,Injection,1,Oral,10 mg,437,Mednoral Pharmaceutical Limited,2023-10-31,2028-10-30,Active,"Solution for Injection
Clear solution

87	RNW-PP-270611	BULTAMIN INJECTION	VITAMIN B-COMPLEX	Vitamin B1(Thiamine Hydrochloride).......10mg Vitamin B2(Ribofavin Sodium Phosphate)...1.37mg Vitamin B6 (PyridoxineHydrochloride).......1mg Sodium-D-Pantothenate..............................0.5mg	A4-7936	Drugs	Imported Products	2MLX10AMPOULES	POM 1	7/6/2022	MEDNORAL PHARMACEUTICAL LIMITED, NO. 12, CHRIS EBIE STREET, OFF AGO PALACE WAY, OKOTA, LAGOS STATE.	33283730	mednoraln@gmail.com	JIANGSU RUINIAN QIANJIN PHARMACEUTICAL CO., LIMITED, CHUANBU VILLAGE, YIXING ECONOMIC DEVELOPMENT ZONE, JIANGSU PROVINCE, CHINA., China",10 x 2 mL ampoules,"Bultamin Injection contains: Vitamin B1 (Thiamine Hydrochloride) 10 mg, Vitamin B2 (Riboflavin Sodium Phosphate) 1.37 mg, Vitamin B6 (Pyridoxine Hydrochloride) 1 mg, Sodium-D-Pantothenate 0.5 mg
Excipients: Benzyl Alcohol, Sodium Hydroxide (for PH adjustment), Sodium Triphosphate Penta Basic, Potassium Hexacyanoferrate (II), Water for Injection
",https://admin.greenbook.nafdac.gov.ng/uploadImage/smpc_files/2023/11/11/20231111f0346570-2b78-5b22-bb73-dc8fad8166c9.pdf,A11EA,https://greenbook.nafdac.gov.ng/products/details/6396,2026-09-27T21:50:58.439770+00:00
Greenbook NAFDAC,1228,3307,Bumacaps Capsules 100 mg##,1,Drugs,"{'id': 1, 'name': 'Drugs', 'created_at': '-000001-11-30T00:00:00.000000Z', 'updated_at': '2022-03-17T16:53:12.000000Z', 'deleted_at': None}",77,Diclofenac Sodium,,B4-5186,2,Capsule,1,Oral,100 mg,433,Medicrown Nigeria Limited,2020-11-30,2025-11-29,Inactive,Capsule,,Each capsule contains: Diclofenac Sodium 100 mg,,M01AB05,https://greenbook.nafdac.gov.ng/products/details/3307,2026-09-27T21:50:58.439770+00:00
Greenbook NAFDAC,1229,6847,Bunto Blood Tonic##,1,Drugs,"{'id': 1, 'name': 'Drugs', 'created_at': '-000001-11-30T00:00:00.000000Z', 'updated_at': '2022-03-17T16:53:12.000000Z', 'deleted_at': None}",1668,"Ferric ammonium citrate; Folic acid; Vitamin B12; Vitamin B1; Vitamin B2; Vitamin B6; Zinc; Copper, Nicotinamide",,04-9723,101,Liquid,1,Oral,85 mg; 250 mcg; 5 mcg; 2 mg; 2 mg; 2 mg; 5 mg; 0.4 mg; 5 mg,559,Tuyil Pharmaceutical Industries Ltd,2023-12-21,2028-12-20,Active,"A dark brown syrup with a characteristic odor in an amber bottle

25	RNW-PP-369187	BUNTO BLOOD TONIC	FERRIC AMMONIUM CITRATE + VITAMINS B12 + B1 + B2 + B6 + ZINC+ COPPER + NICOTINAMIDE	FERRIC AMMONIUM CITRATE 85mg + FOLIC ACID 250MCG + VITAMIN B12 5MCG + VITAMIN B1 2MG + VITAMIN B2 2MG + VITAMIN B6 2MG + ZINC 5MG+ COPPER 0.4MG + NICOTINAMIDE 5MG	Apr-23	Drugs	Nigerian Products	300ML	Over The Counter (OTC)	10/4/2023	TUYIL PHARMACEUTICAL INDUSTRIES LTD, , M.M WAY ILORIN KWARA	8033565739	tuyilpharma18@gmail.com	Tuyil Pharmaceutical Industries Limited, 22, New Yidi Road, Ilorin, Kwara State., Nigeria",1 x 300 mL (in amber bottle),"Each 5 mL contains: Ferric Ammonium Citrate 85.00 mg equivalent to 17 mg Iron, Folic Acid 250 mcg, Vitamin B12 5.00 mcg, Vitamin B1 2.00 mg, Vitamin B6 2.00 mg, Vitamin B2 2.00 mg, Nicotinamide 5.00 mg, Zinc Sulphate 5.00 mg and Copper Sulphate 0.40 mg
Excipients: Granulated Sugar 2500.00 mg, Methylparaben 10.00 mg and Propylparaben 1.00 mg, Citric Acid 5.00 mg, Pineapple Flavor 0.0075 mg and Liquid Glucose 1500.00 mg
",https://admin.greenbook.nafdac.gov.ng/uploadImage/smpc_files/2025/01/07/20250107d2ef0239-1400-51d8-95e5-2bbb9ea79c1b.pdf,B03AE02,https://greenbook.nafdac.gov.ng/products/details/6847,2026-09-27T21:50:58.439770+00:00
Greenbook NAFDAC,1230,8591,Bupivacaine Hydrochloride Injection**,1,Drugs,"{'id': 1, 'name': 'Drugs', 'created_at': '-000001-11-30T00:00:00.000000Z', 'updated_at': '2022-03-17T16:53:12.000000Z', 'deleted_at': None}",145,Bupivacaine hydrochloride,,C4-1813 ,107,Solution for injection,35,Block/Infiltration,0.5%,271,Phillips Pharmaceuticals (Nigeria) Limited,2021-08-26,2026-08-25,Inactive,"Solution for Injection.
A colourless or almost colourless solution",1 x 20 mL (in clear glass vial),"Bupivacaine Hydrochloride Injection BP 5 mg/mL.
Each mL contains: Bupivacaine Hydrochloride BP equiv. to Anhydrous Bupivacaine Hydrochloride 5.0 mg, Methyl Paraben BP 0.8 mg (as Preservative), Propyl Paraben BP 0.2 mg. (as Preservative), Water for Injection BP q.s.",https://admin.greenbook.nafdac.gov.ng/uploadImage/smpc_files/2024/11/22/20241122aba30dbc-7720-5c03-956f-7c7e98842fda.pdf,N01BB01,https://greenbook.nafdac.gov.ng/products/details/8591,2026-09-27T21:50:58.439770+00:00
Greenbook NAFDAC,1231,8592,Bupivacaine Hydrochloride with Dextrose Injection**,1,Drugs,"{'id': 1, 'name': 'Drugs', 'created_at': '-000001-11-30T00:00:00.000000Z', 'updated_at': '2022-03-17T16:53:12.000000Z', 'deleted_at': None}",997,Bupivacaine hydrochloride; Dextrose,,C4-1812,107,Solution for injection,47,Intraspinal,0.5%; 8%,271,Phillips Pharmaceuticals (Nigeria) Limited,2021-08-26,2026-08-25,Inactive,"Solution for injection.
A clear, colourless solution",4 mL x 5&#039;s (in vials),"Bupivacaine Hydrochloride with Dextrose Injection USP 5 mg/mL.
Each mL contains Bupivacaine Hydrochloride BP equivalent to Anhydrous Bupivacaine Hydrochloride 5.0 mg, Dextrose Anhydrous USP 80 mg, Water for Injection BP q.s.",https://admin.greenbook.nafdac.gov.ng/uploadImage/smpc_files/2024/11/22/2024112241d367ed-7909-5f26-9e6d-961935932344.pdf,N01BB01,https://greenbook.nafdac.gov.ng/products/details/8592,2026-09-27T21:50:58.439770+00:00
Greenbook NAFDAC,1232,7904,Buroxim Tablet**,1,Drugs,"{'id': 1, 'name': 'Drugs', 'created_at': '-000001-11-30T00:00:00.000000Z', 'updated_at': '2022-03-17T16:53:12.000000Z', 'deleted_at': None}",456,Cefuroxime (Cefuroxime Axetil),,B4-1502,1,Tablet,1,Oral,500 mg,202,JB Pharmaceuticals Limited,2021-06-24,2026-06-23,Inactive,"Film-coated tablet.
White to off white colour, oblong shape, biconvex, film coated tablet having break line on one side &amp; other side plain",1 x 10&#039;s (in Alu-Alu blister),"Cefuroxime Axetil Tablets USP 500 mg.
Each film coated tablet contains: Cefuroxime Axetil (Amorphous) USP equiv. to Cefuroxime 500 mg, Excipients q.s.
Approved colour added",https://admin.greenbook.nafdac.gov.ng/uploadImage/smpc_files/2024/09/19/202409191f81dc55-f4e4-59ea-983a-4385e9edb819.pdf,,https://greenbook.nafdac.gov.ng/products/details/7904,2026-09-27T21:50:58.439770+00:00
Greenbook NAFDAC,1233,4225,Buscokris Tablet##,1,Drugs,"{'id': 1, 'name': 'Drugs', 'created_at': '-000001-11-30T00:00:00.000000Z', 'updated_at': '2022-03-17T16:53:12.000000Z', 'deleted_at': None}",185,Hyoscine Butylbromide,Hyoscine-N-butyl Bromide; Butylscopolamine,A11-1113,1,Tablet,1,Oral,10 mg,370,Krishat Pharma Industries Limited,2020-11-10,2025-11-09,Inactive,"Tablet
White to off white colored, round film coated tablet, both sides plain",10 x 10&#039;s (in PVC-Alu blisters),"Each film coated tablet contains: Hyoscine Butyl Bromide BP 10 mg
Excipients q.s.",https://admin.greenbook.nafdac.gov.ng/uploadImage/smpc_files/2025/01/08/20250108acf2ce40-8412-5b25-821c-30272d4f3de2.pdf,A03BB01,https://greenbook.nafdac.gov.ng/products/details/4225,2026-09-27T21:50:58.439770+00:00
Greenbook NAFDAC,1234,4299,Buscomin Paediatric Drops**,1,Drugs,"{'id': 1, 'name': 'Drugs', 'created_at': '-000001-11-30T00:00:00.000000Z', 'updated_at': '2022-03-17T16:53:12.000000Z', 'deleted_at': None}",184,Homatropine Methylbromide,,04-7723,104,Solution/Drops,1,Oral,2 mg/mL,162,Drugfield Pharmaceuticals Limited,2021-05-07,2026-05-06,Inactive,"Oral drops, Solution",15 mL bottle with dropper,"Homatropine Methyl Bromide 0.2%.
Each mL contains: Homatropine methylbromide 2 mg

Excipients: Methyl Paraben, Propyl Paraben, Sorbitol Citric Acid, Sodium Citrate, Aspartame, Strawberry, Essence Aniseed Oil, Water q.s.",https://admin.greenbook.nafdac.gov.ng/uploadImage/smpc_files/2024/11/16/202411169cec4e33-b156-5859-ab96-64fa31af4c9e.pdf,A03BB06,https://greenbook.nafdac.gov.ng/products/details/4299,2026-09-27T21:50:58.439770+00:00
Greenbook NAFDAC,1235,6652,Buskakris Tablets##,1,Drugs,"{'id': 1, 'name': 'Drugs', 'created_at': '-000001-11-30T00:00:00.000000Z', 'updated_at': '2022-03-17T16:53:12.000000Z', 'deleted_at': None}",983,Paracetamol; Caffeine,,A4-9422,1,Tablet,1,Oral,500 mg; 30 mg,370,Krishat Pharma Industries Limited,2023-12-21,2028-12-20,Active,"Oral Tablet
White color, round, uncoated coated tablet one side star mark and other side embossed with &quot;KRISHAT&quot; and star mark

65	RNW-PP-370282	BUSKAKRIS TABLETS	PARACETAMOL BP 500MG + CAFFEINE 30MG	PARACETAMOL BP 500MG + CAFFEINE 30MG	A4-9422	Drugs	Nigerian Products	2X10	Over The Counter (OTC)	10/4/2023	KRISHAT PHARMA INDUSTRIES LIMITED, KM 15, LAGOS IBADAN EXPRESSWAY, IBADAN, OYO STATE, NIGERIA	8083636904	operations@krishatpharma.com	KRISHAT PHARMA INDUSTRIES LTD, KM 15, LAGOS IBADAN EXPRESSWAY, OPP. ORIENTAL FOODS. IBADAN, OYO STATE, NIGERIA., Nigeria",2 x 10&#039;s (in PVC-Alu blisters),"Each uncoated tablet contains: Paracetamol BP 500 mg, Caffeine BP 30 mg
Excipients q.s.",https://admin.greenbook.nafdac.gov.ng/uploadImage/smpc_files/2024/12/30/2024123094a35c2f-8213-56ee-8938-514f852f98ef.pdf,N02BE01,https://greenbook.nafdac.gov.ng/products/details/6652,2026-09-27T21:50:58.439770+00:00
Greenbook NAFDAC,1236,501,Butrim Tablets##,1,Drugs,"{'id': 1, 'name': 'Drugs', 'created_at': '-000001-11-30T00:00:00.000000Z', 'updated_at': '2022-03-17T16:53:12.000000Z', 'deleted_at': None}",488,Sulfamethoxazole; Trimethoprim,Co-trimoxazole; Cotrimoxazole,A11-100207,1,Tablet,1,Oral,400 mg; 80 mg,1068,"Blueworld Pharmaceuticals, Foods and Cosmetics Ltd",2021-09-28,2026-09-27,Active,Tablet,,"Each tablet contains: Trimethoprim BP 80 mg, Sulfamethoxazole BP 400 mg",,J01EE01,https://greenbook.nafdac.gov.ng/products/details/501,2026-09-27T21:50:58.439770+00:00
Greenbook NAFDAC,1237,4744,Byzepol 20/120 Dispersible Tablets**,1,Drugs,"{'id': 1, 'name': 'Drugs', 'created_at': '-000001-11-30T00:00:00.000000Z', 'updated_at': '2022-03-17T16:53:12.000000Z', 'deleted_at': None}",528,Artemether; Lumefantrine,,A4-100426,13,Dispersible tablet,1,Oral,20 mg; 120 mg,701,PhillMichael &amp; Ashetoria Pharmaceutical Limited,2023-07-06,2028-07-05,Active,"Dispersible Tablet.
Yellow coloured capsule shape biconvex, uncoated tablet, plain on both side of each tablet",1 x 12&#039;s (in blister),"Artemether 20 mg and Lumefantrine 120 mg Dispersible Tablets.
Each uncoated dispersible tablet contains: Artemether 20 mg, Lumefantrine USP 120 mg, Excipients q.s.",https://admin.greenbook.nafdac.gov.ng/uploadImage/smpc_files/2023/08/23/20230823928f35ad-d714-5246-8d93-0eadb628e278.pdf,P01BF01,https://greenbook.nafdac.gov.ng/products/details/4744,2026-09-27T21:50:58.439770+00:00
Greenbook NAFDAC,1238,4745,Byzepol 80/480 mg Tablet**,1,Drugs,"{'id': 1, 'name': 'Drugs', 'created_at': '-000001-11-30T00:00:00.000000Z', 'updated_at': '2022-03-17T16:53:12.000000Z', 'deleted_at': None}",528,Artemether; Lumefantrine,,A4-100427,1,Tablet,1,Oral,80 mg; 480 mg,701,PhillMichael &amp; Ashetoria Pharmaceutical Limited,2023-07-06,2028-07-05,Active,"Film-coated Tablet.
Yellow coloured capsule shape biconvex, film coated tablet, break line on one side and plain on other side of each tablet",1 x 6&#039;s (in blister),"Artemether 80 mg and Lumefantrine 480 mg Tablets.
Each film coated tablet contains: Artemether 80 mg, Lumefantrine USP 480 mg, Excipients q.s.",https://admin.greenbook.nafdac.gov.ng/uploadImage/smpc_files/2023/08/23/202308238eea5460-9864-5a50-954a-b321d27f02d8.pdf,P01BF01,https://greenbook.nafdac.gov.ng/products/details/4745,2026-09-27T21:50:58.439770+00:00
Greenbook NAFDAC,1239,4746,C-Zocain Injection##,1,Drugs,"{'id': 1, 'name': 'Drugs', 'created_at': '-000001-11-30T00:00:00.000000Z', 'updated_at': '2022-03-17T16:53:12.000000Z', 'deleted_at': None}",146,Lidocaine Hydrochloride,Lignocaine,B4-2241,40,Injection,31,Intravenous; Intramuscular; Subcutaneous,2%,145,Chez Resources Pharmaceutical Limited,2023-07-06,2028-07-05,Active,"Liquid Injection
A clear and colorless solution filled in an intactly sealed amber glass vial

185	CMS-PP-337716	C-ZOCAIN INJECTION	LIDOCAINE INJECTION BP 2%W/V	Each ml contain: Lidocaine Hydrochloride Monohydrate BP 21.33mg eq. to Lidocaine Hydrochloride 20mg, Sodium Chloride BP 6.0mg, Methyl Paraben BP (as preservative) 1.0mg, Water for Injection BP q.s.	B4-2241	Drugs	Imported Products	10*1*50ml	Prescription Only Medicine (POM)	6/16/2023	CHEZ RESOURCES PHARMACEUTICAL LIMITED, 7 CALABAR STREET FEGGE ONITSHA ANAMBRA	46485780	chezrespharm@gmail.com	NITIN LIFESCIENCES LTD. , 92-93, Sector-3, H. S. I. D. C., INDUSTRIAL AREA, KARNAL-132001, HARYANA, INDIA, India",10 x 1 x 50 mL (in glass vials),"C-Zocain Injection contains: Lidocaine Hydrochloride Monohydrate BP 21.33 mg equivalent to Lidocaine Hydrochloride 20 mg
Excipients: Sodium Chloride BP 6.0 mg, Methyl Paraben BP (as preservative) 1.0 mg, Water for Injection BP q.s.",https://admin.greenbook.nafdac.gov.ng/uploadImage/smpc_files/2023/08/23/2023082327eb3743-1c8f-56e2-b2b3-343ba8ebe2f9.pdf,N01BB02,https://greenbook.nafdac.gov.ng/products/details/4746,2026-09-27T21:50:58.439770+00:00
Greenbook NAFDAC,1240,3376,Cadirax 100**,1,Drugs,"{'id': 1, 'name': 'Drugs', 'created_at': '-000001-11-30T00:00:00.000000Z', 'updated_at': '2022-03-17T16:53:12.000000Z', 'deleted_at': None}",56,Tramadol Hydrochloride,,A11-100094,2,Capsule,1,Oral,100 mg,240,Nemel Pharmaceuticals Limited,2021-05-07,2026-05-06,Inactive,Capsule,10 x 10&#039;s (in blisters),"Each capsule contains: Tramadol Hydrochloride 100 mg, Excipients q.s.",https://admin.greenbook.nafdac.gov.ng/uploadImage/smpc_files/2024/11/13/20241113d4f11a5d-c482-5bdb-8558-ac67a9ee5330.pdf,N02AX02,https://greenbook.nafdac.gov.ng/products/details/3376,2026-09-27T21:50:58.439770+00:00
Greenbook NAFDAC,1241,3377,Cadirax 50**,1,Drugs,"{'id': 1, 'name': 'Drugs', 'created_at': '-000001-11-30T00:00:00.000000Z', 'updated_at': '2022-03-17T16:53:12.000000Z', 'deleted_at': None}",56,Tramadol Hydrochloride,,A11-100093,2,Capsule,1,Oral,50 mg,240,Nemel Pharmaceuticals Limited,2021-05-07,2026-05-06,Inactive,Capsule,10 x 10&#039;s (in blisters),"Each capsule contains: Tramadol Hydrochloride 50 mg, Excipients q.s.",https://admin.greenbook.nafdac.gov.ng/uploadImage/smpc_files/2024/11/13/2024111317eff834-20c6-52c4-8297-1b13a6f0c67b.pdf,N02AX02,https://greenbook.nafdac.gov.ng/products/details/3377,2026-09-27T21:50:58.439770+00:00
Greenbook NAFDAC,1242,3232,Caditor 20 Tablets##,1,Drugs,"{'id': 1, 'name': 'Drugs', 'created_at': '-000001-11-30T00:00:00.000000Z', 'updated_at': '2022-03-17T16:53:12.000000Z', 'deleted_at': None}",300,Atorvastatin (Atorvastatin Calcium),,B4-3145,1,Tablet,1,Oral,20 mg,199,Interpharma Industries Limited,2021-12-16,2026-12-15,Active,"Film Coated Tablet
White to off white, oval, biconvex, film coated tablets, plain on both sides
",3 x 1 x 10&#039;s (in strips),"Each tablet contains: Atorvastatin USP 20 mg
Excipients q.s.",https://admin.greenbook.nafdac.gov.ng/uploadImage/smpc_files/2024/09/19/202409190fc62f4e-beb9-5d10-8493-51bd53d70477.pdf,C10AA05,https://greenbook.nafdac.gov.ng/products/details/3232,2026-09-27T21:50:58.439770+00:00
Greenbook NAFDAC,1243,6517,Caelyx Injection**,1,Drugs,"{'id': 1, 'name': 'Drugs', 'created_at': '-000001-11-30T00:00:00.000000Z', 'updated_at': '2022-03-17T16:53:12.000000Z', 'deleted_at': None}",714,Doxorubicin Hydrochloride,,B4-8252,107,Solution for injection,12,Intravenous,50 mg/25 mL,1244,PharmaSymbiosis Limited,2023-11-30,2028-11-29,Active,"Concentrate for solution for infusion in 25-mL vial.
The dispersion is sterile, translucent and red",1 x 1&#039;s (in vial),One mL of Caelyx pegylated liposomal contains 2 mg doxorubicin hydrochloride in a pegylated liposomal formulation (50 mg/25 mL),https://admin.greenbook.nafdac.gov.ng/uploadImage/smpc_files/2024/09/29/202409298109acf3-7d61-51cb-aebd-b750c6ed47be.pdf,L01DB01,https://greenbook.nafdac.gov.ng/products/details/6517,2026-09-27T21:50:58.439770+00:00
Greenbook NAFDAC,1244,42,Cafekris##,1,Drugs,"{'id': 1, 'name': 'Drugs', 'created_at': '-000001-11-30T00:00:00.000000Z', 'updated_at': '2022-03-17T16:53:12.000000Z', 'deleted_at': None}",72,Acetylsalicylic acid; Caffeine,,A11-100335,1,Tablet,1,Oral,375 mg; 25 mg,370,Krishat Pharma Industries Limited,2021-12-17,2026-12-16,Active,"Tablet
White to off-white colored, circular flat uncoated tablets with break-line on one side and plain on the other side",8 x 20&#039;s (in PVC-Alu blisters),"Each tablet contains: Acetylsalicylic Acid 375 mg, Caffeine 25 mg
Excipients q.s.",https://admin.greenbook.nafdac.gov.ng/uploadImage/smpc_files/2025/01/08/20250108de46502e-12d9-545f-8d02-e566fbbb3fbc.pdf,N02BA51,https://greenbook.nafdac.gov.ng/products/details/42,2026-09-27T21:50:58.439770+00:00
Greenbook NAFDAC,1245,7139,Cafenol Tablets**,1,Drugs,"{'id': 1, 'name': 'Drugs', 'created_at': '-000001-11-30T00:00:00.000000Z', 'updated_at': '2022-03-17T16:53:12.000000Z', 'deleted_at': None}",72,Acetylsalicylic acid; Caffeine,,04-0023,1,Tablet,1,Oral,375 mg; 25 mg,129,Aspen Pharmacare Nigeria Limited,2024-01-31,2029-01-30,Active,"Tablet.
A white, circular tablet with a break line on one side and &quot;Cafenol&quot; embossment on the other side. Free from foreign matter",8 x 20&#039;s (in PVC-Alu blisters),"Each tablet contains: Acetylsalicylic Acid BP 375 mg, Caffeine Anhydrous BP 25 mg, Excipients q.s.",https://admin.greenbook.nafdac.gov.ng/uploadImage/smpc_files/2025/11/21/2025112186195eb9-fbbc-5e4c-99d9-b73fe79d0656.pdf,N02BA51,https://greenbook.nafdac.gov.ng/products/details/7139,2026-09-27T21:50:58.439770+00:00
Greenbook NAFDAC,1246,7147,Cafergot Tablets##,1,Drugs,"{'id': 1, 'name': 'Drugs', 'created_at': '-000001-11-30T00:00:00.000000Z', 'updated_at': '2022-03-17T16:53:12.000000Z', 'deleted_at': None}",1165,Ergotamine; Caffeine,, 04-0461,1,Tablet,1,Oral,1 mg; 100 mg,1274,SEVEREIN PHARMACEUTICAL COMPANY LIMTED,2024-02-28,2029-02-27,Active,"Tablet

62	RNW-PP-340403	CAFERGOT TABLETS	ERGOTAMINE 1MG AND CAFFEINE 100MG	EACH TABLET CONTAINS ERGOTAMINE TARTRATE 1MG AND CAFFEINE ANHYDROUS GRANULER 100MG EXCIPIENTS IRON OXIDE YELLOW, TARTRIC ACID, MICROCRYSTALLINE CELLULOSE PH102, MAGNESSIUM STEARATE, TALC	04-0461	Drugs	Imported Products	1X20	Prescription Only Medicine (POM)	7/26/2023	SEVEREIN PHARMACEUTICAL COMPANY LIMTED, 129 PORT HARCOURT ROAD, FEGE ONITSHA ANAMBRA STATE	8063803298	steveseverein2019@gmail.com	CENEXI., 52 RUE MARCEL Et JACQUES GAUCHER, FONTENAY-SOUS-Bois, 94120 FRANCE, France",1 x 20&#039;s (in amber glass bottle),"Each tablet contains: Ergotamine Tartrate 1 mg and Caffeine Anhydrous Granular 100 mg
Excipients: Iron Oxide Yellow, Tartaric Acid, Microcrystalline Cellulose Ph102, Magnesium Stearate, Talc",https://admin.greenbook.nafdac.gov.ng/uploadImage/smpc_files/2024/03/26/2024032681315606-1127-592e-a820-34a98863ba1e.pdf,N02CA52,https://greenbook.nafdac.gov.ng/products/details/7147,2026-09-27T21:50:58.439770+00:00
Greenbook NAFDAC,1247,6830,Cainan Injection## (strength format),1,Drugs,"{'id': 1, 'name': 'Drugs', 'created_at': '-000001-11-30T00:00:00.000000Z', 'updated_at': '2022-03-17T16:53:12.000000Z', 'deleted_at': None}",434,Procaine Benzylpenicillin; Benzylpenicillin Sodium,Procaine Penicillin Fortified,A4-100686,40,Injection,9,Intramuscular,3000000IU+1000000UI,179,Geneith Pharmaceuticals Limited,2023-12-21,2028-12-20,Active,"Powder for Injection

156	NF-PP-354296	CAINAN INJECTION	FORTIFIED PROCAINE PENICILLIN BP 4 MEGA INJECTION	EACH VIAL CONTAINS: PROCAINE PENICILLIN BP 3.0G, BENZYLPENICILLIN SODIUM BP 0.6G EXCIPIENTS: STERILIZED WATER FOR INJECTION		Drugs	Imported Products	1X10	Prescription Only Medicine (POM)	8/24/2023	GENEITH PHARMACEUTICALS LIMITED, ADEWALE CRESCENT, OFF EWENLA STREET, OSHODI ISOLO LAGOS	8122912281	ngouzoamaka@yahoo.com	ANHUI CHENGSHI PHARMACEUTICAL CO. LTD, NO 5068,HUAISHANG ROAD,BENGBU,ANHUI PROVINCE CHINA., China",1 x 10&#039;s (in container),Fortified Procaine Penicillin for Injection contains: Fortified Procaine Penicillin Sodium 4 Mega (3:1),https://admin.greenbook.nafdac.gov.ng/uploadImage/smpc_files/2024/01/01/2024010131ee3b3a-a36e-500c-bfab-1f5f5fb6ff4e.pdf,J01CE09,https://greenbook.nafdac.gov.ng/products/details/6830,2026-09-27T21:50:58.439770+00:00
Greenbook NAFDAC,1248,12406,Caine Pen Injection 4 Mega_,1,Drugs,"{'id': 1, 'name': 'Drugs', 'created_at': '-000001-11-30T00:00:00.000000Z', 'updated_at': '2022-03-17T16:53:12.000000Z', 'deleted_at': None}",2328,"Procaine Penicillin, Benzyl Penicillin Potassium",,A4-3033,40,Injection,29,Intravenous; Intramuscular,"3,000,000 IU; 1,000,000 IU",1394,Chris Nelb Pharmaceutical Nigeria Limited,2025-08-27,2030-08-26,Active,Powder for Injection,1 x 10 x 18 mL vials,"Each vial contains: Procaine Benzylpenicillin BP 3,000,000 I.U., Benzylpenicillin Sodium BP 1,000,000 I.U. without excipients",https://admin.greenbook.nafdac.gov.ng/uploadImage/smpc_files/2026/01/07/202601074a331619-0436-5f17-8434-e110f06ba7f6.pdf,J01CE,https://greenbook.nafdac.gov.ng/products/details/12406,2026-09-27T21:50:58.439770+00:00
Greenbook NAFDAC,1249,5018,Cal D3 Tablet##,1,Drugs,"{'id': 1, 'name': 'Drugs', 'created_at': '-000001-11-30T00:00:00.000000Z', 'updated_at': '2022-03-17T16:53:12.000000Z', 'deleted_at': None}",362,Calcium Carbonate; Vitamin D,,04-5497,1,Tablet,1,Oral,1250 mg; 250 IU,166,Embassy Pharmaceutical and Chemicals Limited,2023-05-25,2028-05-24,Active,Film Coated Tablet,2 x 15&#039;s (in Alu-PVC blisters),"Each film coated tablet contains: Calcium Carbonate BP 1250 mg equivalent to elemental Calcium 500 mg, Cholecalciferol (Vitamin D3) BP 250 mg
Excipients q.s.",https://admin.greenbook.nafdac.gov.ng/uploadImage/smpc_files/2023/08/22/20230822b6fd0941-2234-5a68-b5b4-e8b8569c9215.pdf,A12AX,https://greenbook.nafdac.gov.ng/products/details/5018,2026-09-27T21:50:58.439770+00:00
Greenbook NAFDAC,1250,6166,Calamine Lotion##,1,Drugs,"{'id': 1, 'name': 'Drugs', 'created_at': '-000001-11-30T00:00:00.000000Z', 'updated_at': '2022-03-17T16:53:12.000000Z', 'deleted_at': None}",884,Calamine; Zinc oxide,,04-4727,110,Lotion,21,Topical,15%; 5%,360,Ugo Lab Productions (Nig). Ltd,2023-08-31,2028-08-30,Active,"Lotion

CALAMINE LOTION	CALAMINE POWDER + ZINC OXIDE	calamine powder, zinc oxide	Apr-27	Drugs	DERMATOLOGICALS	Nigerian Products	100ml*60	OTC	23/03/2021	UGO LAB PRODUCTIONS (NIG). LTD, , BURMA ROAD KANO KANO	64944047	ofodilechinedu@ymail.com	UGOLAB PRODUCTION NIGERIA LIMITED, 157/159 CLUB ROAD BOMPAI INDUSTRIAL LAYOUT KANO NIGERIA, Nigeria",60 x 100 mL (in amber glass bottles),"Calamine Lotion contains: Calamine Powder BP 15% w/v, Zinc Oxide BP 5% w/v
Excipients: Bentonite, Liquid Phenol, Sodium Citrate, Glycerin, Purified Water",https://admin.greenbook.nafdac.gov.ng/uploadImage/smpc_files/2024/12/23/20241223f656e287-7b3e-5f31-96af-d93666f8dab8.pdf,D02AB,https://greenbook.nafdac.gov.ng/products/details/6166,2026-09-27T21:50:58.439770+00:00
Greenbook NAFDAC,1251,5019,Cald3 Plus Tablet##,1,Drugs,"{'id': 1, 'name': 'Drugs', 'created_at': '-000001-11-30T00:00:00.000000Z', 'updated_at': '2022-03-17T16:53:12.000000Z', 'deleted_at': None}",1255,Calcium; Vitamin D3; Magnesium; Zinc,,B4-0665,1,Tablet,1,Oral,500 mg; 200 IU; 100 mg; 7.5 mg,166,Embassy Pharmaceutical and Chemicals Limited,2023-05-25,2028-05-24,Active,"Tablet

90	RNW-PP-236930	CALD3 PLUS TABLET	CALCIUM CARBONATE	EACH TABLET CONTAINS; CALCIUM CARBONATE 500MG, VITAMIN D3 200IU, MAGNESIUM OXIDE 100MG, ZINC SULPHATE MONOHYDRATE 7.5MG, EXCIPIENTS Q.S MAIZE STARCH BP 52MG GELATIN BP 10MG METHYL HYDROXYBENZOATE BP 1.4MG PROPYL HYDROXYBENZOATE BP 0.2MG PURIFIED WATER BP Q.S	B4-0665	Drugs	Imported Products	2X15	Prescription Only Medicine (POM)	11/3/2021	EMBASSY PHARMACEUTICAL AND CHEMICALS LIMITED, 41,ADEMOLA STREET S.W IKOYI	14630021	grasol2010@yahoo.com	M/S LABORATE PHARMACEUTICAL (INDIA),, E-11, IND. AREA PANIPAT HARYANA ( INDIA)., India",2 x 15&#039;s,"Each tablet contains: Calcium Carbonate 500 mg, Vitamin D3 200 IU, Magnesium Oxide 100 mg, Zinc Sulphate Monohydrate 7.5 mg
Excipients q.s.",https://admin.greenbook.nafdac.gov.ng/uploadImage/smpc_files/2023/08/22/20230822e7d03472-32a6-5f7e-a761-5ad05c157bee.pdf,A12AX,https://greenbook.nafdac.gov.ng/products/details/5019,2026-09-27T21:50:58.439770+00:00
Greenbook NAFDAC,1252,6121,Caldopa Tablet##,1,Drugs,"{'id': 1, 'name': 'Drugs', 'created_at': '-000001-11-30T00:00:00.000000Z', 'updated_at': '2022-03-17T16:53:12.000000Z', 'deleted_at': None}",248,Methyldopa,,04-8495,1,Tablet,1,Oral,250 mg,162,Drugfield Pharmaceuticals Limited,2023-09-28,2028-09-27,Active,"Tablet

26	RNW-PP-329830	CALDOPA TABLET	METHYLDOPA	METHYLDOPA (METHYLDOPA SEQUIHYDRATE 1.13G IS EQUIVALENT TO 1G ANHYDROUS METHYLDOPA) 70.625KG, CITRIC ACID ANHYDROUS 2.475KG, MICROCRYSTALLINE CELLULOSE (pH 101) 21.295KG, POLYVINYL PYRROLIDONE (K-30) 3.000KG, YELLOW IRON OXIDE 0.100KG, ISOPROPYL ALCOHOL (FOR GRANULATION) 20.498KG, SODIUM STARCH GLYCOLATE 1.505KG, MAGNESSIUM STEARATE 1.000KG	Apr-95	Drugs	Nigerian Products	10x10	POM 1	4/28/2023	DRUGFIELD PHARMACEUTICALS LIMITED., LYNSON CHEMICAL AVENUE, KM 38 LAGOS-ABEOKUTA EXPRESSWAY, SANGO-OTA,OGUN STATE	8029055002	info@drugfieldpharma.com	DRUGFIELD PHARMACEUTICALS LIMITED, 48, AKEJU STREET, PALMGROVE, SOMOLU, LAGOS STATE. P.O BOX 5831, IKEJA, LAGOS STATE., Nigeria",10 x 10&#039;s,"Each tablet contains: Methyldopa 250 mg
Excipients: Methyldopa Sequihydrate, Citric Acid Anhydrous, Microcrystalline Cellulose, Polyvinyl Pyrrolidone, Yellow Iron Oxide, Isopropyl Alcohol, Sodium Starch Glycolate, Magnesium Stearate
",https://admin.greenbook.nafdac.gov.ng/uploadImage/smpc_files/2023/10/07/202310079d8542b0-b24e-5b73-91ea-ea15c9f5cac8.pdf, C02AB,https://greenbook.nafdac.gov.ng/products/details/6121,2026-09-27T21:50:58.439770+00:00
Greenbook NAFDAC,1253,3884,Calyte Cream##,1,Drugs,"{'id': 1, 'name': 'Drugs', 'created_at': '-000001-11-30T00:00:00.000000Z', 'updated_at': '2022-03-17T16:53:12.000000Z', 'deleted_at': None}",522,Ketoconazole,,A4-100127,4,Cream,21,Topical,2%,1057,Deedoo Nigeria Limited,2021-10-28,2026-10-27,Active,Cream,,Calyte Cream contains: Ketoconazole Cream 2% w/w,,D01AC08,https://greenbook.nafdac.gov.ng/products/details/3884,2026-09-27T21:50:58.439770+00:00
Greenbook NAFDAC,1254,4367,Calzim Injection##,1,Drugs,"{'id': 1, 'name': 'Drugs', 'created_at': '-000001-11-30T00:00:00.000000Z', 'updated_at': '2022-03-17T16:53:12.000000Z', 'deleted_at': None}",10,Chlorpromazine (Chlorpromazine Hydrochloride),,A4-8733,40,Injection,29,Intravenous; Intramuscular,50 mg/2 mL,803,Chupet Pharmaceutical Company Limited,2022-10-22,2027-10-21,Active,"Injection

Calzim Injection	A4-8733	Calzim	CHLORPROMAZINE 50MG/2ML	DRUG	ANTIPSYCHOTIC	CHLORPROMAZINE 50MG/2ML	INJECTION	2ML X 10AMPOULES	PRESCRIPTION ONLY MEDICINE	TREATMENT OF SCHIZOPHRENIA, PSYCHOSIS, SEVERE ANXIETY	CHUPET PHARM CO LTD	NIGERIA	TIANJIN KINGYORK GROUP HUBEI TIANYO PHARMA. CO. LTD	CHINA	10/22/2022	21/10/2027",10 x 2 mL ampoules,"Each 2 mL contains: Chlorpromazine (as Chlorpromazine Hydrochloride) 50 mg
Excipients q.s.",https://admin.greenbook.nafdac.gov.ng/uploadImage/smpc_files/2023/05/26/20230526133a2ea3-3220-5d5d-92fa-13ef73afb630.pdf,N05AA01,https://greenbook.nafdac.gov.ng/products/details/4367,2026-09-27T21:50:58.439770+00:00
Greenbook NAFDAC,1255,4300,Camosunate Children Powder 50/150 mg## (check smpc),1,Drugs,"{'id': 1, 'name': 'Drugs', 'created_at': '-000001-11-30T00:00:00.000000Z', 'updated_at': '2022-03-17T16:53:12.000000Z', 'deleted_at': None}",530,Artesunate; Amodiaquine (Amodiaquine Hydrochloride),,04-7908,111,Powder,1,Oral,50 mg; 150 mg,179,Geneith Pharmaceuticals Limited,2020-11-30,2025-11-29,Inactive,Powder for Reconstitution in Sachets,,"Each sachet contains: Artesunate Powder 50 mg, Amodiaquine Base Powder 150 mg
Excipients q.s.",https://admin.greenbook.nafdac.gov.ng/uploadImage/smpc_files/2023/05/28/20230528fe39a9bb-ed5d-55aa-9351-a9bdd293816b.pdf,P01BF03,https://greenbook.nafdac.gov.ng/products/details/4300,2026-09-27T21:50:58.439770+00:00
Greenbook NAFDAC,1256,12407,Camosunate Children Powder_,1,Drugs,"{'id': 1, 'name': 'Drugs', 'created_at': '-000001-11-30T00:00:00.000000Z', 'updated_at': '2022-03-17T16:53:12.000000Z', 'deleted_at': None}",530,Artesunate; Amodiaquine (Amodiaquine Hydrochloride),,04-7908,64,Oral powder,1,Oral,50 mg; 150 mg,179,Geneith Pharmaceuticals Limited,2025-11-26,2030-11-25,Active,Oral Powder,1 x 6 x 10&#039;s (in sachets),"Each sachet of granules contains: Amodiaquine 150 mg,  Artesunate 50 mg
Excipients q.s.",https://admin.greenbook.nafdac.gov.ng/uploadImage/smpc_files/2025/12/24/20251224bdb87f7f-6af0-520a-ad1c-c21164341f01.pdf,P01BF03,https://greenbook.nafdac.gov.ng/products/details/12407,2026-09-27T21:50:58.439770+00:00
Greenbook NAFDAC,1257,10626,Camtaxone Injection**,1,Drugs,"{'id': 1, 'name': 'Drugs', 'created_at': '-000001-11-30T00:00:00.000000Z', 'updated_at': '2022-03-17T16:53:12.000000Z', 'deleted_at': None}",1541,Ceftriaxone (Ceftriaxone Sodium),, A4-7940,70,Powder for injection,29,Intravenous; Intramuscular,1 g,220,Mark Pharmaceutical Limited,2025-01-30,2030-01-29,Active,"Powder for Solution for Injection
Almost white or yellowish, crystalline powder",1 g x 1&#039;s (in vial),Each vial contains: Ceftriaxone Sodium equivalent to Ceftriaxone Base 1 g,https://admin.greenbook.nafdac.gov.ng/uploadImage/smpc_files/2025/05/27/202505270c02ea64-d9ad-57f3-a2cb-ce3a68c2daf9.pdf,J01DD04,https://greenbook.nafdac.gov.ng/products/details/10626,2026-09-27T21:50:58.439770+00:00
Greenbook NAFDAC,1258,4770,Canderm Powder##,1,Drugs,"{'id': 1, 'name': 'Drugs', 'created_at': '-000001-11-30T00:00:00.000000Z', 'updated_at': '2022-03-17T16:53:12.000000Z', 'deleted_at': None}",669,Clotrimazole,,B4-1526,111,Powder,21,Topical,1%,289,Shalina Healthcare Nigeria Limited,2023-01-26,2028-01-25,Active,"Powder

CANDERM POWDER	B4-1526	CANDERM POWDER	CLOTRIMAZOLE USP 1% W/W, ZINC OXIDE BP 1.75% W /W (EXCIPIENTS: Micro Talc BP, Maize Starch BP, Colloidal Anhydrous Silica BP)				Powder	Over The Counter (OTC)		SHALINA HEALTHCARE NIGERIA LIMITED, FATAI ATERE WAY, MATORI MUSHIN LAGOS LAGOS	Nigeria	GOPALDAS VISRAM &amp; CO. LTD., Plot No. A 327. TTC IND. AREA MIDC, Mahape Navi Mumbai, Thane 400701 Maharashtra State, India., India		26/01/2023	25/01/2028","1 x 50 g, 1 x 100 g","Canderm Powder contains: Clotrimazole 1%
Excipients q.s.",https://admin.greenbook.nafdac.gov.ng/uploadImage/smpc_files/2024/10/17/20241017338b5dc0-7382-57d4-9e3f-977e153395d0.pdf,D01AC01,https://greenbook.nafdac.gov.ng/products/details/4770,2026-09-27T21:50:58.439770+00:00
Greenbook NAFDAC,1259,44,Candesartan 16 mg Tablets##,1,Drugs,"{'id': 1, 'name': 'Drugs', 'created_at': '-000001-11-30T00:00:00.000000Z', 'updated_at': '2022-03-17T16:53:12.000000Z', 'deleted_at': None}",258,Candesartan Cilexetil,,B4-5707,1,Tablet,1,Oral,16 mg,210,Korlyns Pharmaceuticals Ltd,2021-12-16,2026-12-15,Active,Tablet,,"Each tablet contains: Candesartan Cilexetil 16 mg
Excipients q.s.",https://admin.greenbook.nafdac.gov.ng/uploadImage/smpc_files/2025/03/26/202503265946df70-6e85-5936-b879-fb77b82dc209.pdf,C09CA06,https://greenbook.nafdac.gov.ng/products/details/44,2026-09-27T21:50:58.439770+00:00
Greenbook NAFDAC,1260,45,Candesartan 8 mg Tablets##,1,Drugs,"{'id': 1, 'name': 'Drugs', 'created_at': '-000001-11-30T00:00:00.000000Z', 'updated_at': '2022-03-17T16:53:12.000000Z', 'deleted_at': None}",258,Candesartan Cilexetil,,B4-5705,1,Tablet,1,Oral,8 mg,210,Korlyns Pharmaceuticals Ltd,2021-12-16,2026-12-15,Active,Tablet,,Each tablet contains: Candesartan Cilexetil 8 mg,https://admin.greenbook.nafdac.gov.ng/uploadImage/smpc_files/2025/03/26/202503263e587298-ea34-518e-a0d3-65eb0917567a.pdf,C09CA06,https://greenbook.nafdac.gov.ng/products/details/45,2026-09-27T21:50:58.439770+00:00
Greenbook NAFDAC,1261,244,Candesartan/HCT Sandoz 16 mg/12.5 mg Tablets**,1,Drugs,"{'id': 1, 'name': 'Drugs', 'created_at': '-000001-11-30T00:00:00.000000Z', 'updated_at': '2022-03-17T16:53:12.000000Z', 'deleted_at': None}",259,Candesartan Cilexetil; Hydrochlorothiazide,,B4-3524,1,Tablet,1,Oral,16 mg; 12.5 mg,250,Novartis Nigeria Limited,2021-02-09,2026-02-08,Inactive,Tablet,,"Each tablet contains: Candesartan Cilexetil 16 mg, Hydrochlorothiazide 12.5 mg",https://admin.greenbook.nafdac.gov.ng/uploadImage/smpc_files/2025/05/24/20250524d389b79c-d381-50bf-898c-e85e9d6b86bc.pdf,C09DA06,https://greenbook.nafdac.gov.ng/products/details/244,2026-09-27T21:50:58.439770+00:00
Greenbook NAFDAC,1262,46,Candesartan/HCT Sandoz 8 mg/12.5 mg Tablets## (check pack size),1,Drugs,"{'id': 1, 'name': 'Drugs', 'created_at': '-000001-11-30T00:00:00.000000Z', 'updated_at': '2022-03-17T16:53:12.000000Z', 'deleted_at': None}",259,Candesartan Cilexetil; Hydrochlorothiazide,,B4-3523,1,Tablet,1,Oral,8 mg; 12.5 mg,250,Novartis Nigeria Limited,2021-12-02,2026-12-01,Active,"Tablet
White, oval biconvex tablet, scored on both sides",,"Each tablet contains; Candesartan Cilexetil 8 mg, Hydrochlorothiazide 12.5 mg
Excipient with known effect (per tablet): Lactose (as Lactose Monohydrate) 79.9 mg and Sodium 0.003 mg (0.0001 mmoL)
",https://admin.greenbook.nafdac.gov.ng/uploadImage/smpc_files/2023/05/28/20230528e3474120-8d04-526e-9eef-edc26c672254.pdf,C09DA06,https://greenbook.nafdac.gov.ng/products/details/46,2026-09-27T21:50:58.439770+00:00
Greenbook NAFDAC,1263,6487,Candid Dusting Powder##,1,Drugs,"{'id': 1, 'name': 'Drugs', 'created_at': '-000001-11-30T00:00:00.000000Z', 'updated_at': '2022-03-17T16:53:12.000000Z', 'deleted_at': None}",669,Clotrimazole,,04-6760,111,Powder,26,Cutaneous/Topical,1%,1062,Glenmark Pharmaceuticals Nigeria Limited,2023-11-30,2028-11-29,Active," Powder for Topical Application

29	RNW-PP-117670	CANDID DUSTING POWDER 100G, 30G	CLOTRIMAZOLE 1%	Maize starch, Colloidal Silicon Dioxide, Powder Perfume 7238, Purified talc	Apr-60	Drugs	Imported Products	100G,30G	Over The Counter (OTC)	1/24/2020	GLENMARK PHARMACEUTICALS NIGERIA LIMITED, 2EB, Opposite Aswani Market, Osolo Way, Oshodi-Isolo, Lagos, Nigeria	+234 812 630 3785	nigeriaglenmark@gmail.com	M/S GLENMARK PHARMACEUTICAL LTD, PLOT NO, E-37, 39, D-ROAD, M.I.D.C, INDUSTRIAL AREA, SATPUR, NASIK -422 007 MAHARASHTRA, INDIA, India","1 x 100 g, 1 x 30 g (in plastic bottles)","Candid Dusting Powder contains: Clotrimazole USP 1% w/w, Purified Talc base q.s.
Excipients: Maize Starch, Colloidal Silicon Dioxide, Powder Perfume , 7238, Purified Talc",https://admin.greenbook.nafdac.gov.ng/uploadImage/smpc_files/2023/12/17/20231217d458c538-5a56-599c-805a-4418d38ddbc9.pdf,D01AC01,https://greenbook.nafdac.gov.ng/products/details/6487,2026-09-27T21:50:58.439770+00:00
Greenbook NAFDAC,1264,3566,Candid Mouth Paint## (wrong smpc),1,Drugs,"{'id': 1, 'name': 'Drugs', 'created_at': '-000001-11-30T00:00:00.000000Z', 'updated_at': '2022-03-17T16:53:12.000000Z', 'deleted_at': None}",669,Clotrimazole,,A4-6761,101,Liquid,1,Oral,1%,1062,Glenmark Pharmaceuticals Nigeria Limited,2021-03-01,2026-02-28,Inactive,"Mouth Paint
",,Candid Mouth Paint contains: Clotrimazole USP 1% w/v,https://admin.greenbook.nafdac.gov.ng/uploadImage/smpc_files/2023/05/27/2023052739a67709-f7e4-5ff3-9b57-80e80eb38ef6.pdf,A01AB18,https://greenbook.nafdac.gov.ng/products/details/3566,2026-09-27T21:50:58.439770+00:00
Greenbook NAFDAC,1265,245,Candid V1 Tablet##,1,Drugs,"{'id': 1, 'name': 'Drugs', 'created_at': '-000001-11-30T00:00:00.000000Z', 'updated_at': '2022-03-17T16:53:12.000000Z', 'deleted_at': None}",669,Clotrimazole,,04-6758,97,Vaginal tablet,24,Vaginal,500 mg,1062,Glenmark Pharmaceuticals Nigeria Limited,2021-02-09,2026-02-08,Inactive,Vaginal Tablet,,Each tablet contains: Clotrimazole 500 mg,https://admin.greenbook.nafdac.gov.ng/uploadImage/smpc_files/2025/03/26/2025032676e553db-0cb5-5301-bcb4-c65194f1bef3.pdf,G01AF02,https://greenbook.nafdac.gov.ng/products/details/245,2026-09-27T21:50:58.439770+00:00
Greenbook NAFDAC,1266,246,Candid V6 Tablets##,1,Drugs,"{'id': 1, 'name': 'Drugs', 'created_at': '-000001-11-30T00:00:00.000000Z', 'updated_at': '2022-03-17T16:53:12.000000Z', 'deleted_at': None}",669,Clotrimazole,,04-6838,97,Vaginal tablet,24,Vaginal,100 mg,1062,Glenmark Pharmaceuticals Nigeria Limited,2021-02-09,2026-02-08,Inactive,Vaginal Tablet,1 x 6&#039;s (in Alu strips),"Each uncoated tablet contains: Clotrimazole 100 mg
Excipients q.s.
",https://admin.greenbook.nafdac.gov.ng/uploadImage/smpc_files/2023/05/27/2023052703a7f470-a0e2-59a4-961a-643f31fea98c.pdf,G01AF02,https://greenbook.nafdac.gov.ng/products/details/246,2026-09-27T21:50:58.439770+00:00
Greenbook NAFDAC,1267,7906,Canditral Capsules**,1,Drugs,"{'id': 1, 'name': 'Drugs', 'created_at': '-000001-11-30T00:00:00.000000Z', 'updated_at': '2022-03-17T16:53:12.000000Z', 'deleted_at': None}",521,Itraconazole,,A4-1892,2,Capsule,1,Oral,100 mg,1062,Glenmark Pharmaceuticals Nigeria Limited,2021-01-28,2026-01-27,Inactive,Capsule,1 x 4&#039;s,Each capsule contains: Itraconazole 100 mg,https://admin.greenbook.nafdac.gov.ng/uploadImage/smpc_files/2025/03/25/2025032594ec40f3-dd81-5530-8a18-005ddb6acaad.pdf,,https://greenbook.nafdac.gov.ng/products/details/7906,2026-09-27T21:50:58.439770+00:00
Greenbook NAFDAC,1268,4880,Canesten Gyn Ovules**,1,Drugs,"{'id': 1, 'name': 'Drugs', 'created_at': '-000001-11-30T00:00:00.000000Z', 'updated_at': '2022-03-17T16:53:12.000000Z', 'deleted_at': None}",669,Clotrimazole,,A11-100544,68,Pessary,24,Vaginal,500 mg,133,Bayer Nigeria Limited,2023-07-27,2028-07-26,Active,"Pessary.
White convex pessary",1 x 1&#039;s (in blister with applicator),Clotrimazole 500 mg,https://admin.greenbook.nafdac.gov.ng/uploadImage/smpc_files/2024/10/19/20241019d62425b3-9c98-5ead-960e-a4f70295160f.pdf,G01AF02,https://greenbook.nafdac.gov.ng/products/details/4880,2026-09-27T21:50:58.439770+00:00
Greenbook NAFDAC,1269,5672,Cantab-V Tablets##,1,Drugs,"{'id': 1, 'name': 'Drugs', 'created_at': '-000001-11-30T00:00:00.000000Z', 'updated_at': '2022-03-17T16:53:12.000000Z', 'deleted_at': None}",669,Clotrimazole,,A4-2382,1,Tablet,24,Vaginal,100 mg,431,Mayglow Pharmaceutical Limited,2023-04-26,2028-04-25,Active,"Tablet

CANTAB-V TABLETS	CLOTRIMAZOLE USP 100MG	EACH TABLET CONTAINS CLOTRIMAZOLE 100MG EXCIPIENTS Microcrystalline cellulose Pregelatinised maize starch Sodium hydrogen carbonate	A4-2382	Drugs	Imported Products	1X6	Prescription Only Medicine (POM)	19/01/2021	MAYGLOW PHARMACEUTICAL LIMITED, MBAUKWU STREET, FEGGE ONITSHA ANAMBRA	80331342	mayglowrange@yahoo.com	Dupen Laboratories PVT Ltd, C/1-49&amp;36, Degan Road Industrial Township-Vapi 396 195, India",1 x 6&#039;s,"Each tablet contains: Clotrimazole 100 mg 
Excipients q.s.",,G01AF02,https://greenbook.nafdac.gov.ng/products/details/5672,2026-09-27T21:50:58.439770+00:00
Greenbook NAFDAC,1270,7907,Capecitabine Tablets**,1,Drugs,"{'id': 1, 'name': 'Drugs', 'created_at': '-000001-11-30T00:00:00.000000Z', 'updated_at': '2022-03-17T16:53:12.000000Z', 'deleted_at': None}",1244,Capecitabine,,C4-1625,1,Tablet,1,Oral,500 mg,250,Novartis Nigeria Limited,2021-02-25,2026-02-24,Inactive,Tablet,10 x 12&#039;s,Each tablet contains: Capecitabine 500 mg,,L01BC06,https://greenbook.nafdac.gov.ng/products/details/7907,2026-09-27T21:50:58.439770+00:00
Greenbook NAFDAC,1271,4771,Capetero 500 Tablets**,1,Drugs,"{'id': 1, 'name': 'Drugs', 'created_at': '-000001-11-30T00:00:00.000000Z', 'updated_at': '2022-03-17T16:53:12.000000Z', 'deleted_at': None}",1244,Capecitabine,,B4-4343,1,Tablet,1,Oral,500 mg,1063,Hetero Labs Nigeria Limited,2023-07-06,2028-07-05,Active,"Film-coated tablet.
Peach colored, oval shaped, biconvex, film coated tablets debossed with &#039;3&#039; on one side and &#039;H&#039; on the other side",1 x 120&#039;s (in HDPE bottle),Each film coated tablet contains: Capecitabine USP 500 mg,https://admin.greenbook.nafdac.gov.ng/uploadImage/smpc_files/2023/08/23/2023082321477af9-42e6-5f70-b29e-77268b8874b0.pdf,L01BC06,https://greenbook.nafdac.gov.ng/products/details/4771,2026-09-27T21:50:58.439770+00:00
Greenbook NAFDAC,1272,6735,Capifen Tablets##,1,Drugs,"{'id': 1, 'name': 'Drugs', 'created_at': '-000001-11-30T00:00:00.000000Z', 'updated_at': '2022-03-17T16:53:12.000000Z', 'deleted_at': None}",1125,Diclofenac Potassium,,B4-4213,1,Tablet,1,Oral,50 mg,368,KCH Consumer Healthcare Limited,2023-12-21,2028-12-20,Active,"Film Coated Tablet

54	CMS-PP-383452	CAPIFEN TABLETS	DICLOFENAC POTASSIUM 50MG	Diclofenac Potassium 50mg, Methy Paraben, Corn Starch, Talc Powder, Magnesium Stearate.	B4-4213	Drugs	Nigerian Products	1*10 Tablets	OTC	11/23/2023	KCH CONSUMER HEALTHCARE LIMITED, 2B, KWAME NKRUMAH LANE, CROWN ESTATE LEKKI EPE EXPRESSWAY	8032317925	Kchconsumer@gmail.com	KCH Consumer Healthcare Ltd., Plot 1-6 KCH Close, Off Atlantic Hall Expressway, Poka, Lekki Free Trade Zone, Epe, Lagos., Nigeria",1 x 10&#039;s (in PVC-Alu blister),"Each film coated tablet contains: Diclofenac Potassium BP 50 mg
Excipients q.s.",https://admin.greenbook.nafdac.gov.ng/uploadImage/smpc_files/2024/01/02/20240102126a2eab-00a4-57b2-98ad-c322c4078b9d.pdf,M01AB05,https://greenbook.nafdac.gov.ng/products/details/6735,2026-09-27T21:50:58.439770+00:00
Greenbook NAFDAC,1273,5518,Captotab Tablets##,1,Drugs,"{'id': 1, 'name': 'Drugs', 'created_at': '-000001-11-30T00:00:00.000000Z', 'updated_at': '2022-03-17T16:53:12.000000Z', 'deleted_at': None}",222,Captopril,,A4-0809,1,Tablet,1,Oral,25 mg,1044,La-Lid Pharmaceutical Company Limited,2023-08-31,2028-08-30,Active,"Tablet
White, circular, uncoated tablet with embossed &quot;CP &amp; 50&quot; on one side and plain on the other side

CAPTOTAB TABLETS	CAPTOPRIL BP 25MG	CAPTOPRIL BP 25MG TABLETS Q.S	A4-0809	Drugs	Imported Products	10X10	Prescription Only Medicine (POM)	08/03/2023	LA-LID PHARMACEUTICAL COMPANY LIMITED, EZENWATA STREET IYIOWA ODEKPE ONITSHA ANAMBRA	7065688285	lalidp7@gmail.com	M/S. ALPA LABORATORIES LTD, 33/2, A.B. ROAD,PIGDAMBER - 453 446, INDORE(M.P.), INDIA, India",10 x 10&#039;s (in blisters),Each uncoated tablet contains: Captopril BP 25 mg,https://admin.greenbook.nafdac.gov.ng/uploadImage/smpc_files/2023/09/06/202309068de5c271-934d-5b93-801a-93e74fe25a05.pdf,C09AA01,https://greenbook.nafdac.gov.ng/products/details/5518,2026-09-27T21:50:58.439770+00:00
Greenbook NAFDAC,1274,3838,Car Eva Tablets##,1,Drugs,"{'id': 1, 'name': 'Drugs', 'created_at': '-000001-11-30T00:00:00.000000Z', 'updated_at': '2022-03-17T16:53:12.000000Z', 'deleted_at': None}",16,Risperidone,,C4-1482,1,Tablet,1,Oral,2 mg,676,Jonco Pharmaceutical Company Ltd,2020-12-21,2025-12-20,Inactive,Tablet,,Each tablet contains: Risperidone 2 mg,,N05AX08,https://greenbook.nafdac.gov.ng/products/details/3838,2026-09-27T21:50:58.439770+00:00
Greenbook NAFDAC,1275,8104,Carbamal 200-CR Tablet**,1,Drugs,"{'id': 1, 'name': 'Drugs', 'created_at': '-000001-11-30T00:00:00.000000Z', 'updated_at': '2022-03-17T16:53:12.000000Z', 'deleted_at': None}",25,Carbamazepine,,A4-1644,1,Tablet,1,Oral,200 mg,242,New Heights Pharmaceuticals Ltd,2021-08-03,2026-08-02,Inactive,Extended-release uncoated tablet,10 x 10&#039;s (in blisters),"Carbamazepine Extended-Release Tablets USP 200 mg.
Each extended-release uncoated tablet contains: Carbamazepine USP 200 mg, Excipients q.s.",https://admin.greenbook.nafdac.gov.ng/uploadImage/smpc_files/2024/10/04/202410048245a5b2-ef00-5559-a2ac-41bc295f863c.pdf,,https://greenbook.nafdac.gov.ng/products/details/8104,2026-09-27T21:50:58.439770+00:00
Greenbook NAFDAC,1276,12408,Carbamal 400- CR Tablet_,1,Drugs,"{'id': 1, 'name': 'Drugs', 'created_at': '-000001-11-30T00:00:00.000000Z', 'updated_at': '2022-03-17T16:53:12.000000Z', 'deleted_at': None}",25,Carbamazepine,,A4-0613,1,Tablet,1,Oral,400 mg,268,Pharmacy Plus Ltd,2025-11-26,2030-11-25,Active,Capsule,10 x 10&#039;s (in Alu-Alu blisters),"Each capsule contains: Carbamazepine 400 mg
Excipients q.s.",https://admin.greenbook.nafdac.gov.ng/uploadImage/smpc_files/2025/12/30/202512303b2be232-a82b-59f9-9eee-0a34541f43de.pdf,N03AF01,https://greenbook.nafdac.gov.ng/products/details/12408,2026-09-27T21:50:58.439770+00:00
Greenbook NAFDAC,1277,1021,Carbamazepine 200 mg Tablets##,1,Drugs,"{'id': 1, 'name': 'Drugs', 'created_at': '-000001-11-30T00:00:00.000000Z', 'updated_at': '2022-03-17T16:53:12.000000Z', 'deleted_at': None}",25,Carbamazepine,,B4-5055,1,Tablet,1,Oral,200 mg,424,Mankind Life-Sciences Limited,2021-09-28,2026-09-27,Active,"Tablet
White color, circular shaped, biconvex. Uncoated tablet with engraving “TEG 200” on one side and break line on the other side",10 x 10&#039;s (in blisters),"Each uncoated tablet contains: Carbamazepine BP 200 mg
Excipients q,s,",https://admin.greenbook.nafdac.gov.ng/uploadImage/smpc_files/2023/05/27/2023052712e82a63-f9c7-5ff3-a75d-de59a1825b49.pdf,N03AF01,https://greenbook.nafdac.gov.ng/products/details/1021,2026-09-27T21:50:58.439770+00:00
Greenbook NAFDAC,1278,12147,Carbamazepine Tablets BP 200 mg_,1,Drugs,"{'id': 1, 'name': 'Drugs', 'created_at': '-000001-11-30T00:00:00.000000Z', 'updated_at': '2022-03-17T16:53:12.000000Z', 'deleted_at': None}",25,Carbamazepine,,A4-101741,1,Tablet,1,Oral,200 mg,1725,"PURE GENERICS LIMITED,",2025-11-26,2030-11-25,Active,Tablet,10 x 10&#039;s (in Alu-PVC blisters),"Each tablet contains: Carbamazepine BP 200 mg
Excipients q.s.",https://admin.greenbook.nafdac.gov.ng/uploadImage/smpc_files/2025/12/10/20251210e2043f0b-dec8-5798-a26d-301aab9839c9.pdf,N03AF01,https://greenbook.nafdac.gov.ng/products/details/12147,2026-09-27T21:50:58.439770+00:00
Greenbook NAFDAC,1279,7908,Carbamazepine Tablets**,1,Drugs,"{'id': 1, 'name': 'Drugs', 'created_at': '-000001-11-30T00:00:00.000000Z', 'updated_at': '2022-03-17T16:53:12.000000Z', 'deleted_at': None}",25,Carbamazepine,,B4-2152,1,Tablet,1,Oral,200 mg,423,Manfes Pharmaceutical Company Limited,2021-06-24,2026-06-23,Inactive,Tablet,1 x 1000&#039;s,Carbamazepine BP 200 mg,,,https://greenbook.nafdac.gov.ng/products/details/7908,2026-09-27T21:50:58.439770+00:00
Greenbook NAFDAC,1280,4301,Carbiroid Tablets##,1,Drugs,"{'id': 1, 'name': 'Drugs', 'created_at': '-000001-11-30T00:00:00.000000Z', 'updated_at': '2022-03-17T16:53:12.000000Z', 'deleted_at': None}",640,Carbimazole,,04-0687,1,Tablet,1,Oral,5 mg,261,Phamatex Nigeria Limited,2020-12-21,2025-12-20,Inactive,Tablet,,Each tablet contains: Carbimazole 5 mg,,H03BB01,https://greenbook.nafdac.gov.ng/products/details/4301,2026-09-27T21:50:58.439770+00:00
Greenbook NAFDAC,1281,265,Carboplatin 150 mg/15 mL Intravenous Infusion**,1,Drugs,"{'id': 1, 'name': 'Drugs', 'created_at': '-000001-11-30T00:00:00.000000Z', 'updated_at': '2022-03-17T16:53:12.000000Z', 'deleted_at': None}",725,Carboplatin,,A4-100071,114,Solution for infusion,12,Intravenous,150 mg/15 mL,260,Pfizer Specialties Ltd,2021-08-03,2026-08-02,Inactive,"Clear colourless solution for infusion in 15-mL vial
Carboplatin is supplied in vials of 15 and 45 mL of carboplatin as a ready to use (RTU) solution, containing carboplatin 10 mg/mL in water for injection",15 mL x 1&#039;s (in clear glass vial),Each mL contains: Carboplatin 10 mg (150 mg/15 mL),https://admin.greenbook.nafdac.gov.ng/uploadImage/smpc_files/2024/10/11/20241011ae25b784-503b-5cf4-b1ae-9b4daab415b7.pdf,L01XA02,https://greenbook.nafdac.gov.ng/products/details/265,2026-09-27T21:50:58.439770+00:00
Greenbook NAFDAC,1282,264,Carboplatin 450 mg/45 mL Intravenous Infusion**,1,Drugs,"{'id': 1, 'name': 'Drugs', 'created_at': '-000001-11-30T00:00:00.000000Z', 'updated_at': '2022-03-17T16:53:12.000000Z', 'deleted_at': None}",725,Carboplatin,,A4-100072,114,Solution for infusion,12,Intravenous,450 mg/45 mL,260,Pfizer Specialties Ltd,2021-08-03,2026-08-02,Inactive,"Clear colourless solution for infusion in 45-mL vial.
Carboplatin is supplied in vials of 15 and 45 mL of carboplatin as a ready to use (RTU) solution, containing carboplatin 10 mg/mL in water for injection",45 mL x 1&#039;s (in clear glass vial),Each mL contains: Carboplatin 10 mg (450 mg/45 mL),https://admin.greenbook.nafdac.gov.ng/uploadImage/smpc_files/2024/10/11/20241011ee0cf5ae-10a1-525a-84c7-44e3b390413c.pdf,L01XA02,https://greenbook.nafdac.gov.ng/products/details/264,2026-09-27T21:50:58.439770+00:00
Greenbook NAFDAC,1283,291,Cardiotan 40/10 mg**,1,Drugs,"{'id': 1, 'name': 'Drugs', 'created_at': '-000001-11-30T00:00:00.000000Z', 'updated_at': '2022-03-17T16:53:12.000000Z', 'deleted_at': None}",269,Amlodipine (Amlodipine Besilate); Telmisartan,,A4-100067,1,Tablet,1,Oral,10 mg; 40 mg,303,Swiss Pharma Nigeria Limited,2021-06-24,2026-06-23,Inactive,Tablet,,"Each tablet contains: Amlodipine (as Amlodipine Besilate) 10 mg, Telmisartan 40 mg",,C09DB04,https://greenbook.nafdac.gov.ng/products/details/291,2026-09-27T21:50:58.439770+00:00
Greenbook NAFDAC,1284,292,Cardiotan 40/5 mg**,1,Drugs,"{'id': 1, 'name': 'Drugs', 'created_at': '-000001-11-30T00:00:00.000000Z', 'updated_at': '2022-03-17T16:53:12.000000Z', 'deleted_at': None}",269,Amlodipine (Amlodipine Besilate); Telmisartan,,A4-100065,1,Tablet,1,Oral,5 mg; 40 mg,303,Swiss Pharma Nigeria Limited,2021-06-24,2026-06-23,Inactive,Tablet,,"Each tablet contains: Amlodipine (as Amlodipine Besilate) 5 mg, Telmisartan 40 mg",,C09DB04,https://greenbook.nafdac.gov.ng/products/details/292,2026-09-27T21:50:58.439770+00:00
Greenbook NAFDAC,1285,4772,Cardiotan 80/10 mg Tablets**,1,Drugs,"{'id': 1, 'name': 'Drugs', 'created_at': '-000001-11-30T00:00:00.000000Z', 'updated_at': '2022-03-17T16:53:12.000000Z', 'deleted_at': None}",269,Amlodipine (Amlodipine Besilate); Telmisartan,,A4-100431,1,Tablet,1,Oral,10 mg; 80 mg,303,Swiss Pharma Nigeria Limited,2023-07-06,2028-07-05,Active,"Uncoated Tablet.
White and pink colored bilayered, round, biconvex tablets, both side plain",3 x 10&#039;s (in Alu-Alu blisters),"Each uncoated bilayered tablet contains: Telmisartan BP 80 mg, Amlodipine Besilate BP equivalent to Amlodipine 10 mg, Excipients q.s.
Color: Ponceau 4 R",https://admin.greenbook.nafdac.gov.ng/uploadImage/smpc_files/2023/08/23/20230823e2f18cf4-b3ed-529b-ad46-f432f50ca42a.pdf,C09DB04,https://greenbook.nafdac.gov.ng/products/details/4772,2026-09-27T21:50:58.439770+00:00
Greenbook NAFDAC,1286,293,Cardiotan 80/5 mg**,1,Drugs,"{'id': 1, 'name': 'Drugs', 'created_at': '-000001-11-30T00:00:00.000000Z', 'updated_at': '2022-03-17T16:53:12.000000Z', 'deleted_at': None}",269,Amlodipine (Amlodipine Besilate); Telmisartan,,A4-100066,1,Tablet,1,Oral,5 mg; 80 mg,303,Swiss Pharma Nigeria Limited,2021-06-24,2026-06-23,Inactive,Tablet,,"Each tablet contains: Amlodipine (as Amlodipine Besilate) 5 mg, Telmisartan 80 mg",,C09DB04,https://greenbook.nafdac.gov.ng/products/details/293,2026-09-27T21:50:58.439770+00:00
Greenbook NAFDAC,1287,7298,Cardiotan HCT Tablet 40/5/12.5 mg**,1,Drugs,"{'id': 1, 'name': 'Drugs', 'created_at': '-000001-11-30T00:00:00.000000Z', 'updated_at': '2022-03-17T16:53:12.000000Z', 'deleted_at': None}",1611,Amlodipine (Amlodipine Besilate); Telmisartan; Hydrochlorothiazide,,A4-100790,1,Tablet,1,Oral,5 mg; 40 mg; 12.5 mg,303,Swiss Pharma Nigeria Limited,2024-03-27,2029-03-26,Active,"Uncoated Tablet.
Pink and white colored bilayered, round, biconvex tablets, both sides plain",3 x 10&#039;s; 10 x 10&#039;s (in Alu-Alu blisters),"Each uncoated bilayered tablet contains: Telmisartan BP 40 mg, Amlodipine Besilate BP equivalent to Amlodipine 5 mg, Hydrochlorothiazide BP 12.5 mg, Excipients q.s.
Color: Ponceau 4 R",https://admin.greenbook.nafdac.gov.ng/uploadImage/smpc_files/2024/11/28/20241128716960d0-5142-52a0-87c1-40c44a58b38a.pdf,C09DX08,https://greenbook.nafdac.gov.ng/products/details/7298,2026-09-27T21:50:58.439770+00:00
Greenbook NAFDAC,1288,7297,Cardiotan HCT Tablet 80/10/12.5 mg**,1,Drugs,"{'id': 1, 'name': 'Drugs', 'created_at': '-000001-11-30T00:00:00.000000Z', 'updated_at': '2022-03-17T16:53:12.000000Z', 'deleted_at': None}",1611,Amlodipine (Amlodipine Besilate); Telmisartan; Hydrochlorothiazide,,A4-100789,1,Tablet,1,Oral,10 mg; 80 mg; 12.5 mg,303,Swiss Pharma Nigeria Limited,2024-03-27,2029-03-26,Active,"Uncoated Tablet.
Pink and white colored bilayered, round, biconvex tablet, having break line on one side and plain on other side",3 x 10&#039;s; 10 x 10&#039;s (in Alu-Alu blisters),"Each uncoated bilayered tablet contains: Telmisartan BP  80 mg, Amlodipine Besilate BP equivalent to Amlodipine 10 mg, Hydrochlorothiazide BP 12.5 mg, Excipients q.s.
Color: Ponceau 4 R",https://admin.greenbook.nafdac.gov.ng/uploadImage/smpc_files/2024/11/28/20241128d1fd6429-e8c4-516a-905a-d48854000ff2.pdf,C09DX08,https://greenbook.nafdac.gov.ng/products/details/7297,2026-09-27T21:50:58.439770+00:00
Greenbook NAFDAC,1289,4774,Caregyl## (check pack size),1,Drugs,"{'id': 1, 'name': 'Drugs', 'created_at': '-000001-11-30T00:00:00.000000Z', 'updated_at': '2022-03-17T16:53:12.000000Z', 'deleted_at': None}",485,Metronidazole,,04-2653,1,Tablet,1,Oral,200 mg,1188,DIZPHARM NIGERIA LIMITED,2023-05-25,2028-05-24,Active,"Tablet
Yellow, circular, biconcave, uncoated tablets debossed &quot;Caregyl 200&quot; on one side and &quot;Dizpharm&quot; on the other side, both impression in circular form

54	RNW-PP-311031	Caregyl	METRONIDAZOLE	Metronidazole 200mg	Apr-53	Drugs	Nigerian Products	200	POM 1	2/3/2023	DIZPHARM (NIGERIA) LIMITED, NO 21/23 WAREHOUSE ROAD APAPA	8187494741	hello@dizpharm.org	Dizpharm Nigeira Limited, KM 10, Ibusa-Asaba Expressway, Ibusa, Delta State, Nigeria
														
														
														
														
														
														
",1 x 200&#039;s (in polyethylene container),"Each uncoated tablet contains: Metronidazole 200 mg
Excipients q.s.",https://admin.greenbook.nafdac.gov.ng/uploadImage/smpc_files/2025/01/16/2025011647a748f3-6c08-54ae-bbd6-f5d480468c98.pdf,J01XD01,https://greenbook.nafdac.gov.ng/products/details/4774,2026-09-27T21:50:58.439770+00:00
Greenbook NAFDAC,1290,4773,Caretrim##,1,Drugs,"{'id': 1, 'name': 'Drugs', 'created_at': '-000001-11-30T00:00:00.000000Z', 'updated_at': '2022-03-17T16:53:12.000000Z', 'deleted_at': None}",488,Sulfamethoxazole; Trimethoprim,Co-trimoxazole; Cotrimoxazole, A4-0213,1,Tablet,1,Oral,400 mg; 80 mg,1188,DIZPHARM NIGERIA LIMITED,2023-05-25,2028-05-24,Active,"Tablet
White, circular, biconcave, uncoated tablet with an approximate diameter of 11.00 mm, debossed &quot;Breakline&quot; &quot;Caretrim 480&quot; on one side and &quot;Dizpharm&quot; on the other side, both impressions in circular form

53	RNW-PP-311109	Caretrim	CO-TRIMOXAZOLE	Trimethoprim 80mg/sulfamethoxazole400mg	A4-0213	Drugs	Nigerian Products	1000tablets	POM 1	4/17/2023	DIZPHARM (NIGERIA) LIMITED, NO 21/23 WAREHOUSE ROAD APAPA	8187494741	hello@dizpharm.org	Dizpharm Nigeira Limited, KM 10, Ibusa-Asaba Expressway, Ibusa, Delta State, Nigeria
														
														
														
														
														
														
",1 x 1000&#039;s (in PVC-Alu pack/HDPE container),"Each tablet contains: Trimethoprim BP 80 mg, Sulfamethoxazole BP 400 mg
Excipients q.s.",https://admin.greenbook.nafdac.gov.ng/uploadImage/smpc_files/2025/01/16/2025011644894a5a-4288-5a3d-af78-96acf74d9e50.pdf,J01EE01,https://greenbook.nafdac.gov.ng/products/details/4773,2026-09-27T21:50:58.439770+00:00
Greenbook NAFDAC,1291,10522,Carex Antiseptic Liquid (Original)##,1,Drugs,"{'id': 1, 'name': 'Drugs', 'created_at': '-000001-11-30T00:00:00.000000Z', 'updated_at': '2022-03-17T16:53:12.000000Z', 'deleted_at': None}",2097,Para-chloro-meta-xylenol,,A11-0422,101,Liquid,21,Topical,4%,685,PZ Cussons Nigeria PLC,2025-01-30,2030-01-29,Active,"Liquid
Clear light brown liquid

CAREX ANTISEPTIC LIQUID (ORIGINAL )	PARA-CHLORO-META-XYLENOL (4% W/W), PURIFIED WATER, ETHANOL, CASTOR SOAP, PINE OIL, CARAMEL, LIQUITINT ORANGE	Deionised Water - Purified 70.4387 Ethanol 9.400 Castor Soap Ricinus Communis (Castor) Seed Oil 6.038 Sodium Hydroxide - 47% w/w Solution 1.600 Para-chloro-m-xylenol 4.000 Pine oil 8.500 Burnt Caramel 0.0225 Liquitint Orange (Colour) 0.0008 Total 100.00	A11-0422	Drugs	VARIOUS	Nigerian Products	250*500*1000	OTC	11/25/2024	PZ CUSSONS NIGERIA PLC, TOWN PLANNING WAY ILUPEJU LAGOS	12717154	udoka.adegor@pzcussons.com	PZ CUSSONS NIG PLC487 SHAGAMU-IKORODU ROAD , P.M.B. 21132, IKEJA , Nigeria						",1 x 250 mL: 500 mL; 1000 L (in PET bottle),"Carex Antiseptic Liquid contains: Para-Chloro-Meta-Xylenol 4% w/w
Excipients q.s.",https://admin.greenbook.nafdac.gov.ng/uploadImage/smpc_files/2025/03/23/202503232f087e53-963e-51cc-a7e0-b663d9b938f9.pdf,D08AE05,https://greenbook.nafdac.gov.ng/products/details/10522,2026-09-27T21:50:58.439770+00:00
Greenbook NAFDAC,1292,11378,Carlos Artemether 20 mg + Lumefantrine 120 mg Tablet**,1,Drugs,"{'id': 1, 'name': 'Drugs', 'created_at': '-000001-11-30T00:00:00.000000Z', 'updated_at': '2022-03-17T16:53:12.000000Z', 'deleted_at': None}",528,Artemether; Lumefantrine,,A11-100914,1,Tablet,1,Oral,20 mg; 120 mg,1681,Carlos Pharmaceuticals Limited,2025-06-25,2030-06-24,Active,"Uncoated Tablet.
Yellow round biconvex uncoated tablets with CRS on one another and plain on other side",4 x 6&#039;s (in Alu/PVC blisters),"Each uncoated tablet contains: Artemether 20 mg, Lumefantrine 120 mg, Excipients q.s.",https://admin.greenbook.nafdac.gov.ng/uploadImage/smpc_files/2025/07/28/2025072851066bb2-724f-56ce-975e-e95266569bef.pdf,P01BF01,https://greenbook.nafdac.gov.ng/products/details/11378,2026-09-27T21:50:58.439770+00:00
Greenbook NAFDAC,1293,11427,Carlos Artemether 80 mg Lumefantrine 480 mg Tablet_,1,Drugs,"{'id': 1, 'name': 'Drugs', 'created_at': '-000001-11-30T00:00:00.000000Z', 'updated_at': '2022-03-17T16:53:12.000000Z', 'deleted_at': None}",528,Artemether; Lumefantrine,,A11-100933,1,Tablet,1,Oral,80 mg; 480 mg,1681,Carlos Pharmaceuticals Limited,2025-07-30,2030-07-29,Active,"Tablet.
Yellow, round, biconvex, uncoated tablets, with &quot;CRS&quot; on one another and plain on other side",1 x 6&#039;s (in Alu-PVC blister),"Each tablet contains: Artemether 80 mg, and Lumefantrine 480 mg
Excipients q.s.",https://admin.greenbook.nafdac.gov.ng/uploadImage/smpc_files/2025/09/04/20250904fe280a91-540e-56b7-99c1-050ccf20c5e9.pdf,P01BF01,https://greenbook.nafdac.gov.ng/products/details/11427,2026-09-27T21:50:58.439770+00:00
Greenbook NAFDAC,1294,11428,Carlos Ibuprofen Suspension 100 mg/5 mL_,1,Drugs,"{'id': 1, 'name': 'Drugs', 'created_at': '-000001-11-30T00:00:00.000000Z', 'updated_at': '2022-03-17T16:53:12.000000Z', 'deleted_at': None}",57,Ibuprofen,,A11-100938,102,Suspension,1,Oral,100 mg/5 mL,1681,Carlos Pharmaceuticals Limited,2025-07-30,2030-07-29,Active,"Suspension.
Light-pink suspension with orange flavor",1 x 100 mL (in PET bottle),"Each 5 mL contains: Ibuprofen 100 mg
Excipients q.s.",https://admin.greenbook.nafdac.gov.ng/uploadImage/smpc_files/2025/09/04/202509049ae5abce-f8f8-5875-b945-1510fd633121.pdf,M01AE01,https://greenbook.nafdac.gov.ng/products/details/11428,2026-09-27T21:50:58.439770+00:00
Greenbook NAFDAC,1295,11429,Carlos Tenoxicam 20 mg Capsule_,1,Drugs,"{'id': 1, 'name': 'Drugs', 'created_at': '-000001-11-30T00:00:00.000000Z', 'updated_at': '2022-03-17T16:53:12.000000Z', 'deleted_at': None}",92,Tenoxicam,,A11-100934,2,Capsule,1,Oral,20 mg,1681,Carlos Pharmaceuticals Limited,2025-07-30,2030-07-29,Active,"Capsule.
",1 x 10&#039;s (in blister),"Each capsule contains: Tenoxicam 20 mg
Excipients q.s.",https://admin.greenbook.nafdac.gov.ng/uploadImage/smpc_files/2025/09/04/20250904b38908bc-7cc0-5421-8ee2-b0ffa11a0ded.pdf,M01AC02,https://greenbook.nafdac.gov.ng/products/details/11429,2026-09-27T21:50:58.439770+00:00
Greenbook NAFDAC,1296,7909,Carnartem 80/480 Tablet**,1,Drugs,"{'id': 1, 'name': 'Drugs', 'created_at': '-000001-11-30T00:00:00.000000Z', 'updated_at': '2022-03-17T16:53:12.000000Z', 'deleted_at': None}",528,Artemether; Lumefantrine,,A4-100957,1,Tablet,1,Oral,80 mg; 480 mg,802,Carnauba Integrated Health Care Ltd,2024-07-31,2029-07-30,Active,Film-coated tablet,1 x 6&#039;s (in blister),"Artemether 80 mg and Lumefantrine 480 mg Tablets Ph. Int.
Each film coated tablet contains: Artemether Ph. Int. 80 mg, Lumefantrine Ph. Int. 480 mg, Excipients q.s.
Colour: Quinoline yellow",https://admin.greenbook.nafdac.gov.ng/uploadImage/smpc_files/2024/09/15/20240915f9d55075-75f7-591e-849c-d888972abdb8.pdf,P01BF01,https://greenbook.nafdac.gov.ng/products/details/7909,2026-09-27T21:50:58.439770+00:00
Greenbook NAFDAC,1297,12438,CARNAUBA FLUCONAZOLE CAPSULES 200,1,Drugs,"{'id': 1, 'name': 'Drugs', 'created_at': '-000001-11-30T00:00:00.000000Z', 'updated_at': '2022-03-17T16:53:12.000000Z', 'deleted_at': None}",513,Fluconazole,,A4-102088,2,Capsule,1,Oral,200 mg,802,Carnauba Integrated Health Care Ltd,2026-04-28,2031-04-27,Active,"CARNAUBA FLUCONAZOLE CAPSULES 200	Fluconazole Capsule BP 200 mg 	FLUCONAZOLE BP……………..200 MG 	A4-102088	Drugs	Imported Product	1X10	07-01-2026	CARNAUBA INTERGRATED HEALTH CARE LTD, BROAD STREET LAGOS ISLAND LAGOS LAGOS LAGOS	08034957131	carnaubaintergratedhealthcare@outlook.com	SURMOUNT LABOURATORIES PVT.LTD, A-2/4003,G.I.D.C. INDUSTRIAL ESTATE ANKLESHWAR,DIST.BHARUCH,GUJARAT,INDIA
",1X10 ,Fluconazole Capsule BP 200 mg  ,https://admin.greenbook.nafdac.gov.ng/uploadImage/smpc_files/2026/07/06/202607064f8d6dd2-073a-51b2-bd09-91939aba44b1.pdf,J02AC01,https://greenbook.nafdac.gov.ng/products/details/12438,2026-09-27T21:50:58.439770+00:00
Greenbook NAFDAC,1298,7910,Carstene 2% Syrup**,1,Drugs,"{'id': 1, 'name': 'Drugs', 'created_at': '-000001-11-30T00:00:00.000000Z', 'updated_at': '2022-03-17T16:53:12.000000Z', 'deleted_at': None}",406,Carbocisteine,,B4-8434,103,Syrup,1,Oral,100 mg/5 mL,177,GBGL Pharma Limited,2024-06-27,2029-06-26,Active,"Oral Liquid.
Orange coloured syrup",100 mL,"Carbocisteine Syrup 100 mg/5 mL.
Each 5 mL oral syrup contains: Carbocisteine BP 100 mg, Flavoured syrupy base q.s.
Colour: Sunset Yellow FCF",https://admin.greenbook.nafdac.gov.ng/uploadImage/smpc_files/2024/07/10/202407100a2e60d9-32d7-59e7-8406-5d40d761ee20.pdf,R05CB03,https://greenbook.nafdac.gov.ng/products/details/7910,2026-09-27T21:50:58.439770+00:00
Greenbook NAFDAC,1299,2822,Cartef 20/120 Powder For Oral Suspension##,1,Drugs,"{'id': 1, 'name': 'Drugs', 'created_at': '-000001-11-30T00:00:00.000000Z', 'updated_at': '2022-03-17T16:53:12.000000Z', 'deleted_at': None}",528,Artemether; Lumefantrine,,C4-1394,72,Powder for suspension,1,Oral,20 mg/5 mL; 120 mg/5 mL,177,GBGL Pharma Limited,2020-12-21,2025-12-20,Inactive,"Powder For Oral Suspension
",1 x 60 mL,"Each 60 mL reconstituted suspension contains: Artemether 240 mg, Lumefantrine 1440 mg",,P01BF01,https://greenbook.nafdac.gov.ng/products/details/2822,2026-09-27T21:50:58.439770+00:00
Greenbook NAFDAC,1300,6726,Cartef Tablet (80 mg/480 mg)##,1,Drugs,"{'id': 1, 'name': 'Drugs', 'created_at': '-000001-11-30T00:00:00.000000Z', 'updated_at': '2022-03-17T16:53:12.000000Z', 'deleted_at': None}",528,Artemether; Lumefantrine,,A4-7395,1,Tablet,1,Oral,80 mg; 480 mg,177,GBGL Pharma Limited,2023-12-21,2028-12-20,Active,"Uncoated Tablet
Yellow colored, round shape, flat, uncoated tablet, having break line on one side and plain on other side

90	CMS-PP-347824	CARTEF TABLET (80MG/480MG)	ARTEMETHER, LUMEFANTRINE	Artemether 80mg, Lumefantrine 480mg (Excipients: Betadex, Crospovidone, Maize Starch, Microcrystalline Cellulose, Povidone K-30, Polysorbate 80, Purified water, Sodium starch glycolate, Colloidal anhydrous Silica, Purified Talc, Magnesium Stearate)	A4-7395	Drugs	Imported Products	1X6TABLETS	POM 1	8/4/2023	GBGL PHARMA LIMITED, OGUNTONA CRESCENT GBAGADA PHASE 1 LAGOS LAGOS	25432112	gbglpharmaltd2018@outlook.com	RATNAMANI HEALTHCARE PVT.LTD, SURVEY NO. 750/1, AHMEDABAD-MEHSANA HIGHWAY, VILLAGE-INDRAD, CHHATRAL -382721, DIST, MEHSANA, INDIA., India",1 x 6&#039;s (in PVC-Alu blister),"Each uncoated tablet contains: Artemether 20 mg, Lumefantrine USP 120 mg
Excipients q.s.",https://admin.greenbook.nafdac.gov.ng/uploadImage/smpc_files/2024/01/01/202401012a24848b-dec3-514f-93b7-fb970f2ea215.pdf,P01BF01,https://greenbook.nafdac.gov.ng/products/details/6726,2026-09-27T21:50:58.439770+00:00
Greenbook NAFDAC,1301,6516,Cartef Tablets##,1,Drugs,"{'id': 1, 'name': 'Drugs', 'created_at': '-000001-11-30T00:00:00.000000Z', 'updated_at': '2022-03-17T16:53:12.000000Z', 'deleted_at': None}",528,Artemether; Lumefantrine,,A4-7396,1,Tablet,1,Oral,20 mg; 120 mg,177,GBGL Pharma Limited,2023-11-30,2028-11-29,Active,"Uncoated Tablet
Yellow colored, round shape, flat, uncoated tablet, having break line on one side and plain on other side

41	CMS-PP-347822	CARTEF TABLETS	ARTEMETHER, LUMEFANTRINE	Artemether 20mg, Lumefantrine 120mg (Excipients: Betadex, Crospovidone, Maize Starch, Microcrystalline Cellulose, Povidone K-30, Polysorbate 80, Purified water, Sodium starch glycolate, Colloidal anhydrous Silica, Purified Talc, Magnesium Stearate)	A4-7396	Drugs	Imported Products	1x24tablets	OTC	8/4/2023	GBGL PHARMA LIMITED, OGUNTONA CRESCENT GBAGADA PHASE 1 LAGOS LAGOS	25432112	gbglpharmaltd2018@outlook.com	RATNAMANI HEALTHCARE PVT.LTD, SURVEY NO. 750/1, AHMEDABAD-MEHSANA HIGHWAY, VILLAGE-INDRAD, CHHATRAL -382721, DIST, MEHSANA, INDIA., India",1 x 24&#039;s (in PVC-Alu blister),"Each uncoated tablet contains: Artemether 20 mg, Lumefantrine USP 120 mg
Excipients q.s.
",https://admin.greenbook.nafdac.gov.ng/uploadImage/smpc_files/2023/12/17/202312177ff104a7-5094-54c6-b2fe-82b6350135c6.pdf,P01BF01,https://greenbook.nafdac.gov.ng/products/details/6516,2026-09-27T21:50:58.439770+00:00
Greenbook NAFDAC,1302,5862,Cartinex Tablets##,1,Drugs,"{'id': 1, 'name': 'Drugs', 'created_at': '-000001-11-30T00:00:00.000000Z', 'updated_at': '2022-03-17T16:53:12.000000Z', 'deleted_at': None}",294,Ranolazine,,B4-2684,1,Tablet,1,Oral,500 mg,230,Micro Nova Pharmaceuticals Ind Ltd,2023-04-26,2028-04-25,Active,"Extended Release Tablets

CARTINEX Tablets	RANOLAZINE 500 MG	Ingredient: Ranolazine 500mg Excipients: 1. Microcrystalline Cellulose BP, 2. Lactose (Manohydrate) BP, 3. Povidone (K-30) BP, 4. Purified water BP, 5. Lactose (Pharmatose DCL-15) BP, 6.Hypermellose (Methocel K4M) BP, 7.Magnesium Stearate BP.	B4-2684	Drugs	Imported Products	3*10	Prescription Only Medicine (POM)	12/12/2019	MICRO NOVA PHARMACEUTICALS IND. LTD, PLOT 3, BILLINGS WAY, INDUSTRIAL ESTATE, IKEJA IKEJA LAGOS	81299901	solomonsemicrolabs@gmail.com	M/S Micro Labs Limited , 92, Sicpot ind. complex Hosur 635 126 India, India",3 x 10&#039;s (in Alu-Alu blisters),"Each film-coated extended-release tablet contains: Ranolazine 500 mg
Excipients: Microcrystalline Cellulose BP, Lactose (Manohydrate) BP, Povidone (K-30) BP, Purified water BP, Lactose (Pharmatose DCL-15) BP, Hypermellose (Methocel K4M) BP, Magnesium Stearate BP",https://admin.greenbook.nafdac.gov.ng/uploadImage/smpc_files/2023/09/26/20230926d00c551c-fc33-5466-9efa-cc130bdac573.pdf,C01EB18,https://greenbook.nafdac.gov.ng/products/details/5862,2026-09-27T21:50:58.439770+00:00
Greenbook NAFDAC,1303,5903,Carvals 160 Tablets**,1,Drugs,"{'id': 1, 'name': 'Drugs', 'created_at': '-000001-11-30T00:00:00.000000Z', 'updated_at': '2022-03-17T16:53:12.000000Z', 'deleted_at': None}",270,Valsartan,,A4-4999,1,Tablet,1,Oral,160 mg,276,Ranbaxy Nigeria Limited,2023-03-28,2028-03-27,Active,Film-coated tablet,3 x 10&#039;s (in blisters),Each film-coated tablet contains: Valsartan USP 160 mg,https://admin.greenbook.nafdac.gov.ng/uploadImage/smpc_files/2024/09/05/20240905bc489af9-994a-51e3-ba2f-70ba707b6893.pdf,C09CA03,https://greenbook.nafdac.gov.ng/products/details/5903,2026-09-27T21:50:58.439770+00:00
Greenbook NAFDAC,1304,5902,Carvals 80**,1,Drugs,"{'id': 1, 'name': 'Drugs', 'created_at': '-000001-11-30T00:00:00.000000Z', 'updated_at': '2022-03-17T16:53:12.000000Z', 'deleted_at': None}",270,Valsartan,,A4-5000 ,1,Tablet,1,Oral,80 mg,276,Ranbaxy Nigeria Limited,2023-04-26,2028-04-25,Active,Film-coated tablet,3 x 10&#039;s (in blisters),Each film-coated tablet contains: Valsartan USP 80 mg,https://admin.greenbook.nafdac.gov.ng/uploadImage/smpc_files/2023/09/28/2023092820849eb0-432f-5900-99a6-7a700300531f.pdf,C09CA03,https://greenbook.nafdac.gov.ng/products/details/5902,2026-09-27T21:50:58.439770+00:00
Greenbook NAFDAC,1305,1700,Carvals-AM Tablets 10/160 mg**,1,Drugs,"{'id': 1, 'name': 'Drugs', 'created_at': '-000001-11-30T00:00:00.000000Z', 'updated_at': '2022-03-17T16:53:12.000000Z', 'deleted_at': None}",279,Amlodipine (Amlodipine Besilate); Valsartan,,B4-4311,1,Tablet,1,Oral,10 mg; 160 mg,276,Ranbaxy Nigeria Limited,2021-05-07,2026-05-06,Inactive,Film-coated tablet,3 x 10&#039;s (in blisters),"Each tablet contains: Amlodipine Besylate equiv. to Amlodipine 10 mg, Valsartan 160 mg",https://admin.greenbook.nafdac.gov.ng/uploadImage/smpc_files/2025/01/16/2025011645de4307-577e-558c-bbae-812e251d2b34.pdf,C09DB01,https://greenbook.nafdac.gov.ng/products/details/1700,2026-09-27T21:50:58.439770+00:00
Greenbook NAFDAC,1306,1701,Carvals-AM Tablets 5/160 mg**,1,Drugs,"{'id': 1, 'name': 'Drugs', 'created_at': '-000001-11-30T00:00:00.000000Z', 'updated_at': '2022-03-17T16:53:12.000000Z', 'deleted_at': None}",279,Amlodipine (Amlodipine Besilate); Valsartan,,B4-3318,1,Tablet,1,Oral,5 mg; 160 mg,276,Ranbaxy Nigeria Limited,2021-05-07,2026-05-06,Inactive,Film-coated tablet,3 x 10&#039;s (in blisters),"Each tablet contains: Amlodipine Besylate equiv. to Amlodipine 5 mg, Valsartan 160 mg",https://admin.greenbook.nafdac.gov.ng/uploadImage/smpc_files/2025/01/16/20250116ade5792c-a52c-567b-afa4-1722064b0c1d.pdf,C09DB01,https://greenbook.nafdac.gov.ng/products/details/1701,2026-09-27T21:50:58.439770+00:00
Greenbook NAFDAC,1307,7911,Carvals-H 160/25 Tablets**,1,Drugs,"{'id': 1, 'name': 'Drugs', 'created_at': '-000001-11-30T00:00:00.000000Z', 'updated_at': '2022-03-17T16:53:12.000000Z', 'deleted_at': None}",271,Valsartan; Hydrochlorothiazide,,A4-4997,1,Tablet,1,Oral,160 mg; 25 mg,276,Ranbaxy Nigeria Limited,2021-05-07,2026-05-06,Inactive,Film-coated tablet,3 x 10&#039;s (in blisters),"Each tablet contains: Valsartan 160 mg, Hydrochlorothiazide 25 mg",https://admin.greenbook.nafdac.gov.ng/uploadImage/smpc_files/2025/01/16/20250116e57d2875-d4ea-53b2-9510-5ec94e768f46.pdf,,https://greenbook.nafdac.gov.ng/products/details/7911,2026-09-27T21:50:58.439770+00:00
Greenbook NAFDAC,1308,7912,Carvals-H 80/12.5 Tablets**,1,Drugs,"{'id': 1, 'name': 'Drugs', 'created_at': '-000001-11-30T00:00:00.000000Z', 'updated_at': '2022-03-17T16:53:12.000000Z', 'deleted_at': None}",271,Valsartan; Hydrochlorothiazide,,A4-4998,1,Tablet,1,Oral,80 mg; 12.5 mg,276,Ranbaxy Nigeria Limited,2021-05-07,2026-05-06,Inactive,Film-coated tablet,3 x 10&#039;s (in blisters),"Each tablet contains: Valsartan 80 mg, Hydrochlorothiazide 12.5 mg",https://admin.greenbook.nafdac.gov.ng/uploadImage/smpc_files/2025/01/16/20250116671b4e59-d429-55b0-a13a-2cf0aa78947a.pdf,,https://greenbook.nafdac.gov.ng/products/details/7912,2026-09-27T21:50:58.439770+00:00
Greenbook NAFDAC,1309,7319,Carvebloc - 3.125 Tablets## (smpc format),1,Drugs,"{'id': 1, 'name': 'Drugs', 'created_at': '-000001-11-30T00:00:00.000000Z', 'updated_at': '2022-03-17T16:53:12.000000Z', 'deleted_at': None}",240,Carvedilol,,A4-100636,1,Tablet,1,Oral,3.125 mg,306,Tamar &amp; Pharez Nig Ltd,2023-11-30,2028-11-29,Active,"Film Coated Tablet

27	NF-PP-387181	CARVEBLOC - 3.125 TABLETS.	CARVEDILOL TABLETS 3.125MG	CARVEDILOL 3.125, ( MICROCRYSTALLINE CELLULOSE PH-102, LACTOSE DC, COLLOIIDAL SILICON DIOXIDE, SODIUM STARCH GLYCOLATE,CROSS POVIDONE,SODIUM LAURYL SULPHATE, MAGNESIUM STEARATE, HYDROXY PROPYL METHYL CELLULOSE E-15, POLYETHYLENE GLYCOL 6000, TITANIUM DIOXIDE, PURIFIED TALE, QUINOLINE YELLOW LAKE, ISOPROPYLENE DICHLORIDE ETC. )	A4-100636	Drugs	Imported Products	2X14	Prescription Only Medicine (POM)	11/15/2023	TAMAR &amp; PHAREZ NIG LTD, NYERE STREET, NARAYI H/COST KADUNA KADUNA SOUTH KADUNA	8030524857	tamphar@gmail.com	Maxtar Bio-genics, Khasra No.705, Village Malku Majra, Nalagarh Road Baddi Teh. Nalagarh, Pradesh, India",2 x 14&#039;s (in Alu-Alu packs),"Each film coated tablet contains: Carvediol BP 3.125 mg
Excipients q.s.",https://admin.greenbook.nafdac.gov.ng/uploadImage/smpc_files/2023/12/17/202312173ca389db-22de-56df-90d8-7b78d815e81b.pdf,C07AG02,https://greenbook.nafdac.gov.ng/products/details/7319,2026-09-27T21:50:58.439770+00:00
Greenbook NAFDAC,1310,5966,Carvidon-Mr Tablets##,1,Drugs,"{'id': 1, 'name': 'Drugs', 'created_at': '-000001-11-30T00:00:00.000000Z', 'updated_at': '2022-03-17T16:53:12.000000Z', 'deleted_at': None}",295,Trimetazidine,,B4-4286,1,Tablet,1,Oral,35 mg,230,Micro Nova Pharmaceuticals Ind Ltd,2023-04-26,2028-04-25,Active,"Tablet

CARVIDON-MR TABLETS	TRIMETAZIDINE HYDROCHLORIDE	The fellowing are the excipients: 1. Hypromellose (Methocel K4M) 2. Hypromellose (Methocel K100 LV) 3. Lactose (Pharmatose DCL 15) 4. Croscarmellose Sodium (Primellose) 5. Talc 6. Magnesium Stearate 7. Colloidal Anhydrous silica (Aerosil200) 8. Hypromellose (HPMC 15cps) 9. Isopropyl Alcohol 10. Dichloromethane (Methylene Chloride) 11.Polysorbate 80 (Tween 80) 1Propylene Glycol2. Titanium Dioxide 13. Iron Oxide Red 14. Propylene Glycol	B4-4286	Drugs	Imported Products	3x10	Prescription Only Medicine (POM)	22/04/2021	MICRO NOVA PHARMACEUTICALS IND. LTD, PLOT 3, BILLINGS WAY, INDUSTRIAL ESTATE, IKEJA IKEJA LAGOS	81299901	solomonsemicrolabs@gmail.com	MICRO LABS LIMITED -UNIT III, R.S. NO. 63/3 &amp; 4, THIRUVANDAR KOIL, PONDICHERRY 605 102, INDIA, India							",3 x 10&#039;s,"Each tablet contains: Trimetazidine Hydrochloride 35 mg
Excipients q.s.",,C01EB15,https://greenbook.nafdac.gov.ng/products/details/5966,2026-09-27T21:50:58.439770+00:00
Greenbook NAFDAC,1311,7913,Carzepin Tablet 200 mg**,1,Drugs,"{'id': 1, 'name': 'Drugs', 'created_at': '-000001-11-30T00:00:00.000000Z', 'updated_at': '2022-03-17T16:53:12.000000Z', 'deleted_at': None}",25,Carbamazepine,, 04-0685,1,Tablet,1,Oral,200 mg,261,Phamatex Nigeria Limited,2024-07-31,2029-07-30,Active,"Round, white uncoated tablet, bevel-edged, flat-faces, “HOVID” embossed on one face and scored on the other",10 x 10&#039;s (in PVdC/PVC/Aluminium blister foil),Each uncoated tablet contains: Carbamazepine 200 mg,https://admin.greenbook.nafdac.gov.ng/uploadImage/smpc_files/2024/09/16/20240916c38dd14d-42c3-5d55-8651-280c55dff0ba.pdf,N03AF01,https://greenbook.nafdac.gov.ng/products/details/7913,2026-09-27T21:50:58.439770+00:00
Greenbook NAFDAC,1312,7303,Casodex 150 mg Tablet**,1,Drugs,"{'id': 1, 'name': 'Drugs', 'created_at': '-000001-11-30T00:00:00.000000Z', 'updated_at': '2022-03-17T16:53:12.000000Z', 'deleted_at': None}",740,Bicalutamide,,B4-0036,1,Tablet,1,Oral,150 mg,347,AstraZeneca Nigeria Limited,2024-04-30,2029-05-01,Active,Tablet,2 x 14&#039;s (in blisters),"Each tablet contains: Bicalutamide 150 mg

Excipients:
Lactose Monohydrate 183 mg, Magnesium Strearate 4.5 mg, Povidone 15 mg, Carboxymethylamylum Natricum 22.5 mg, Water Purified 75 mg, Industrial Methylated Spirit 0.8 mg, Macrogol 300 1.5 mg, Titanium Oxide 2.3 mg, Methylhydroxypropyl Cellulose 7.5 mg",https://admin.greenbook.nafdac.gov.ng/uploadImage/smpc_files/2025/11/19/202511192040e3b6-4a6c-52ab-9b67-81b68e9db80e.pdf,L02BB03,https://greenbook.nafdac.gov.ng/products/details/7303,2026-09-27T21:50:58.439770+00:00
Greenbook NAFDAC,1313,7268,Casodex 50 mg Tablets**,1,Drugs,"{'id': 1, 'name': 'Drugs', 'created_at': '-000001-11-30T00:00:00.000000Z', 'updated_at': '2022-03-17T16:53:12.000000Z', 'deleted_at': None}",740,Bicalutamide,,04-2737,1,Tablet,1,Oral,50 mg,347,AstraZeneca Nigeria Limited,2024-04-30,2029-05-01,Active,Tablet,2 x 14&#039;s (in blisters),"Each tablet contains: Bicalutamide 50 mg

Excipients:
Lactose Monohydrate 7.5 mg, Magnesium Stearate 1.5 mg, Povidone 5 mg, Hypromellose 2.5 mg, Macrogol 300 0.5 mg",https://admin.greenbook.nafdac.gov.ng/uploadImage/smpc_files/2025/11/19/2025111926d30801-bb77-54b6-8f50-506940bd5361.pdf,L02BB03,https://greenbook.nafdac.gov.ng/products/details/7268,2026-09-27T21:50:58.439770+00:00
Greenbook NAFDAC,1314,7914,Cataflam 50 mg Tablet**,1,Drugs,"{'id': 1, 'name': 'Drugs', 'created_at': '-000001-11-30T00:00:00.000000Z', 'updated_at': '2022-03-17T16:53:12.000000Z', 'deleted_at': None}",1125,Diclofenac Potassium,,04-0025,1,Tablet,1,Oral,50 mg,250,Novartis Nigeria Limited,2021-05-07,2026-05-06,Inactive,Sugar-coated tablet,10 x 10&#039;s (in blisters),Each sugar-coated tablet contains: Diclofenac Potassium USP 50 mg,https://admin.greenbook.nafdac.gov.ng/uploadImage/smpc_files/2024/09/22/202409225bfa3e80-1702-5afa-a293-9327f6cbaee6.pdf,,https://greenbook.nafdac.gov.ng/products/details/7914,2026-09-27T21:50:58.439770+00:00
Greenbook NAFDAC,1315,7915,Catarest Eye Drop**,1,Drugs,"{'id': 1, 'name': 'Drugs', 'created_at': '-000001-11-30T00:00:00.000000Z', 'updated_at': '2022-03-17T16:53:12.000000Z', 'deleted_at': None}",804,Potassium iodide; Sodium chloride; Calcium chloride,,A4-5725,104,Solution/Drops,15,Ophthalmic,3.3%; 0.83%; 1%,127,Al-Tinez Pharmaceuticals Limited,2021-05-07,2026-03-06,Inactive,"Topical ophthalmic solution containing Potassium Iodide IP 3.3 %, Sodium Chloride IP 0.83 % (0.83mg/100mL) and Calcium Chloride IP 1.0 %",10 mL (in Lupolen vial),"Potassium Iodide IP 3.3% w/v, Sodium Chloride IP 0.83% w/v, Calcium Chloride IP 1.0% w/v",https://admin.greenbook.nafdac.gov.ng/uploadImage/smpc_files/2024/09/22/2024092256e34cea-cdb8-5535-9c00-0511108bd8b7.pdf,,https://greenbook.nafdac.gov.ng/products/details/7915,2026-09-27T21:50:58.439770+00:00
Greenbook NAFDAC,1316,8105,Cedax Tablet**,1,Drugs,"{'id': 1, 'name': 'Drugs', 'created_at': '-000001-11-30T00:00:00.000000Z', 'updated_at': '2022-03-17T16:53:12.000000Z', 'deleted_at': None}",88,Naproxen,,A4-1785,1,Tablet,1,Oral,500 mg,329,Vixa Pharmaceutical Company Limited,2021-06-24,2026-06-23,Inactive,Tablet,2 x 10&#039;s (in blisters),Naproxen 500 mg,https://admin.greenbook.nafdac.gov.ng/uploadImage/smpc_files/2025/04/28/2025042804791e50-fb7f-5a34-a983-23378af8fc5e.pdf,,https://greenbook.nafdac.gov.ng/products/details/8105,2026-09-27T21:50:58.439770+00:00
Greenbook NAFDAC,1317,7293,Cedoclav 625 Tablets##,1,Drugs,"{'id': 1, 'name': 'Drugs', 'created_at': '-000001-11-30T00:00:00.000000Z', 'updated_at': '2022-03-17T16:53:12.000000Z', 'deleted_at': None}",449,Cefpodoxime (Cefpodoxime Proxetil); Clavulanic Acid (Clavulanate Potassium),,A4-100759,1,Tablet,1,Oral,500 mg; 125 mg,1268,DE - STILL PHARMACY LTD,2024-02-28,2029-02-27,Active,"Tablet
Off white, elongated, biconvex, film coated tablet

7	NF-PP-362170	CEDOCLAV 625 TABLETS	Cefpodoxime and Clavulanate Potassium  625 mg	Cefpodoxime Proxetil USP Tabets equivalent to Cefpodoxime................... 500 mg Clavulanate Potassium USP Equivalent to Clavulanic Acid …………… 125 mg Excipients………………………………….q.s	A4-100759	Drugs	Imported Products	1*10	Prescription Only Medicine (POM)	9/14/2023	DE - STILL PHARMACY LTD , 1A, ATINUKE STREET, NULL NULL, ILASAMAJA ,LAGOS. ILASAMAJA LAGOS	7064946450	destillrejoice@gmail.com	MAXMED LIFESCIENCES PVT LTD, PLOT NO 5 &amp; 54, SECTOR IIDC , SIDCUL RUDRAPUR (UTTRAKHAND), India",1 x 10&#039;s (in Alu-Alu blister),"Each film coated tablet contains: Cefpodoxime Proxetil USP Tablets equivalent to Cefpodoxime 500 mg, Clavulanate Potassium USP equivalent to Clavulanic Acid 125 mg
Excipients q.s.",https://admin.greenbook.nafdac.gov.ng/uploadImage/smpc_files/2024/03/23/2024032399ab38d1-3c83-564a-a782-e7a3c4630ac2.pdf,J01DD64,https://greenbook.nafdac.gov.ng/products/details/7293,2026-09-27T21:50:58.439770+00:00
Greenbook NAFDAC,1318,12149,Ceemacin Tablets_,1,Drugs,"{'id': 1, 'name': 'Drugs', 'created_at': '-000001-11-30T00:00:00.000000Z', 'updated_at': '2022-03-17T16:53:12.000000Z', 'deleted_at': None}",477,Clarithromycin,,B4-1496,1,Tablet,1,Oral,500 mg,272,Pinnacle Health Pharmaceutical &amp; Stores Ltd,2025-10-29,2030-10-28,Active,Tablet,"2 x 7&#039;s, 1 x 10&#039;s (in Alu-Alu blisters)","Each film-coated tablet: Clarithromycin USP 500 mg
Excipients q.s.",https://admin.greenbook.nafdac.gov.ng/uploadImage/smpc_files/2025/12/05/20251205a172f2bb-7bbb-5770-b281-64d707af2476.pdf,J01FA09,https://greenbook.nafdac.gov.ng/products/details/12149,2026-09-27T21:50:58.439770+00:00
Greenbook NAFDAC,1319,1704,Ceezex 1500 Powder for Injection**,1,Drugs,"{'id': 1, 'name': 'Drugs', 'created_at': '-000001-11-30T00:00:00.000000Z', 'updated_at': '2022-03-17T16:53:12.000000Z', 'deleted_at': None}",1543,Cefuroxime (Cefuroxime Sodium),,B4-5740,70,Powder for injection,29,Intravenous; Intramuscular,1500 mg,374,Aquatix Pharmaceuticals Limited,2021-05-07,2026-05-06,Inactive,"Powder for Solution for Injection
Vials containing off-white to slightly yellow sterile powder for solution for injection or infusion",1.5 g x 1&#039;s (in vial) + 2 x 10 mL sterilie water for injection (in ampoules),"Each Combipack contains:
1) Each vial contains: Sterile Cefuroxime Sodium USP equivalent to Anhydrous Cefuroxime 1500 mg
2) Two 10 mL ampoules of Sterilized Water for Injections BP",https://admin.greenbook.nafdac.gov.ng/uploadImage/smpc_files/2023/05/27/20230527ecd6c2f2-1c09-5c86-a30b-82d970b11bf5.pdf,J01DC02,https://greenbook.nafdac.gov.ng/products/details/1704,2026-09-27T21:50:58.439770+00:00
Greenbook NAFDAC,1320,1918,Ceezex 500 Tablet**,1,Drugs,"{'id': 1, 'name': 'Drugs', 'created_at': '-000001-11-30T00:00:00.000000Z', 'updated_at': '2022-03-17T16:53:12.000000Z', 'deleted_at': None}",456,Cefuroxime (Cefuroxime Axetil),,B4-5741,1,Tablet,1,Oral,500 mg,374,Aquatix Pharmaceuticals Limited,2021-05-07,2026-05-06,Inactive,Film-coated Tablet,1 x 10&#039;s (in Alu-Alu blisters),"Each film coated tablet contains: Cefuroxime Axetil (Amorphous) USP equivalent to Cefuroxime 500 mg, Excipients q.s.
Color: Approved color",https://admin.greenbook.nafdac.gov.ng/uploadImage/smpc_files/2023/05/27/20230527b7ff9605-3f38-587b-aded-101a5b6e184c.pdf,J01DC02,https://greenbook.nafdac.gov.ng/products/details/1918,2026-09-27T21:50:58.439770+00:00
Greenbook NAFDAC,1321,7916,Cefadox 100 Tablets**,1,Drugs,"{'id': 1, 'name': 'Drugs', 'created_at': '-000001-11-30T00:00:00.000000Z', 'updated_at': '2022-03-17T16:53:12.000000Z', 'deleted_at': None}",448,Cefpodoxime (Cefpodoxime Proxetil),,A4-6426,1,Tablet,1,Oral,100 mg,230,Micro Nova Pharmaceuticals Ind Ltd,2021-05-27,2026-05-26,Inactive,Film-coated tablet,1 x 10&#039;s (in blister),"Each film coated tablet contains: Cefpodoxime Proxetil USP equivalent to Cefpodoxime 100 mg.
Excipient(s) with known effect: 3.25 mg of Lactose monohydrate per tablet",,,https://greenbook.nafdac.gov.ng/products/details/7916,2026-09-27T21:50:58.439770+00:00
Greenbook NAFDAC,1322,8593,Cefadox-200 Tablets**,1,Drugs,"{'id': 1, 'name': 'Drugs', 'created_at': '-000001-11-30T00:00:00.000000Z', 'updated_at': '2022-03-17T16:53:12.000000Z', 'deleted_at': None}",448,Cefpodoxime (Cefpodoxime Proxetil),,A4-6502,1,Tablet,1,Oral,200 mg,230,Micro Nova Pharmaceuticals Ind Ltd,2021-08-26,2026-08-25,Inactive,"Film-coated tablet.
Blue coloured, oval shaped, film-coated tablets with 200 embossed on one side",1 x 10&#039;s (in Alu-Alu blister),"Cefpodoxime Proxetil USP 200 mg.
Each film coated tablet contains: Cefpodoxime Proxetil USP equivalent to Cefpodoxime 200 mg.

Excipient(s) with known effect:
Each tablet contains: 6.500 mg of lactose monohydrate",https://admin.greenbook.nafdac.gov.ng/uploadImage/smpc_files/2024/11/20/20241120113b1612-16ce-5df6-9fb7-06af5797f27a.pdf,J01DD13,https://greenbook.nafdac.gov.ng/products/details/8593,2026-09-27T21:50:58.439770+00:00
Greenbook NAFDAC,1323,8930,Cefakind 250 Tablets**,1,Drugs,"{'id': 1, 'name': 'Drugs', 'created_at': '-000001-11-30T00:00:00.000000Z', 'updated_at': '2022-03-17T16:53:12.000000Z', 'deleted_at': None}",456,Cefuroxime (Cefuroxime Axetil),,B4-1806,1,Tablet,1,Oral,250 mg,271,Phillips Pharmaceuticals (Nigeria) Limited,2021-10-28,2026-10-27,Active,Tablet,1 x 10&#039;s (in blister),Each tablet contains: Cefuroxime Axetil USP equiv. to Cefuroxime 250 mg,,J01DC02,https://greenbook.nafdac.gov.ng/products/details/8930,2026-09-27T21:50:58.439770+00:00
Greenbook NAFDAC,1324,8931,Cefakind 500 Tablets**,1,Drugs,"{'id': 1, 'name': 'Drugs', 'created_at': '-000001-11-30T00:00:00.000000Z', 'updated_at': '2022-03-17T16:53:12.000000Z', 'deleted_at': None}",456,Cefuroxime (Cefuroxime Axetil),,B4-1239,1,Tablet,1,Oral,500 mg,271,Phillips Pharmaceuticals (Nigeria) Limited,2021-10-28,2026-10-27,Active,Tablet,1 x 10&#039;s (in blister),Each tablet contains: Cefuroxime Axetil USP equiv. to Cefuroxime 500 mg,,J01DC02,https://greenbook.nafdac.gov.ng/products/details/8931,2026-09-27T21:50:58.439770+00:00
Greenbook NAFDAC,1325,7305,Cefdoclav 325 Tablet##,1,Drugs,"{'id': 1, 'name': 'Drugs', 'created_at': '-000001-11-30T00:00:00.000000Z', 'updated_at': '2022-03-17T16:53:12.000000Z', 'deleted_at': None}",449,Cefpodoxime (Cefpodoxime Proxetil); Clavulanic Acid (Clavulanate Potassium),,A4-100758,1,Tablet,1,Oral,200 mg; 125 mg,1268,DE - STILL PHARMACY LTD,2024-02-28,2029-02-27,Active,"Film Coated Tablet
Off white, elongated, biconvex film coated tablet

6	NF-PP-362126	CEFDOCLAV 325 TABLET	Cefpodoxime and Clavulanate Potassium 325 mg	Each film coated tablet contains: Cefpodoxime Proxetil USP equivalent to Cefpodoxime................... 200 mg Clavulanate Potassium USP Equivalent to Clavulanic Acid …………… 125 mg Excipients………………………………….q.s	A4-100758	Drugs	Imported Products	1*10	Prescription Only Medicine (POM)	9/13/2023	DE - STILL PHARMACY LTD , 1A, ATINUKE STREET, NULL NULL, ILASAMAJA ,LAGOS. ILASAMAJA LAGOS	7064946450	destillrejoice@gmail.com	MAXMED LIFESCIENCES PVT LTF, Plot No-54 &amp; 55, Sector-IIDC, SIDCUL, Rudrapur, Udhamsingh Nagar, Uttarakhand. India. , India",1 x 10&#039;s (in Alu-Alu blister),"Each film coated tablet contains: Cefpodoxime Proxetil USP equivalent to Cefpodoxime 200 mg, Clavulanate Potassium USP Equivalent to Clavulanic Acid 125 mg
Excipients q.s.",https://admin.greenbook.nafdac.gov.ng/uploadImage/smpc_files/2024/03/23/202403238288218f-b673-5b8a-852b-a2f0df1f2117.pdf,J01DD64,https://greenbook.nafdac.gov.ng/products/details/7305,2026-09-27T21:50:58.439770+00:00
Greenbook NAFDAC,1326,12409,Cefdoxim 200 Tablets_,1,Drugs,"{'id': 1, 'name': 'Drugs', 'created_at': '-000001-11-30T00:00:00.000000Z', 'updated_at': '2022-03-17T16:53:12.000000Z', 'deleted_at': None}",448,Cefpodoxime (Cefpodoxime Proxetil),,A4-8923,1,Tablet,1,Oral,200 mg,158,Digitall Healthcare Ltd,2025-11-26,2030-11-25,Active,Tablet,1 x 10&#039;s (in Alu-Alu blister),"Each film-coated tablet contains: Cefpodoxime Proxetil USP equiv. to Cefpodoxime base 200 mg
Excipients q.s.",https://admin.greenbook.nafdac.gov.ng/uploadImage/smpc_files/2025/12/31/2025123144fb0b53-5c51-53d9-93bf-c71d09f2bd85.pdf,J01DD13,https://greenbook.nafdac.gov.ng/products/details/12409,2026-09-27T21:50:58.439770+00:00
Greenbook NAFDAC,1327,47,Cefdoxim Powder##,1,Drugs,"{'id': 1, 'name': 'Drugs', 'created_at': '-000001-11-30T00:00:00.000000Z', 'updated_at': '2022-03-17T16:53:12.000000Z', 'deleted_at': None}",448,Cefpodoxime (Cefpodoxime Proxetil),,B4-6622,102,Suspension,1,Oral,40 mg/5 mL,158,Digitall Healthcare Ltd,2021-12-02,2026-12-01,Active,Powder for Oral Suspension,,Each 5 mL contains: Cefpodoxime (as Cefpodoxime Proxetil) 40 mg,,J01DD13,https://greenbook.nafdac.gov.ng/products/details/47,2026-09-27T21:50:58.439770+00:00
Greenbook NAFDAC,1328,12150,Cefest Tablets_,1,Drugs,"{'id': 1, 'name': 'Drugs', 'created_at': '-000001-11-30T00:00:00.000000Z', 'updated_at': '2022-03-17T16:53:12.000000Z', 'deleted_at': None}",441,Cefixime (Cefixime Trihydrate),,B4-6727,1,Tablet,1,Oral,400 mg,712,Synermed Nig Ltd,2025-10-29,2030-10-28,Active,Tablet,1 x 10&#039;s (in Alu-Alu blister),"Each film coated tablet contains: Cefixime Trihydrate USP equiv. to Cefixime Anhydrous base 400 mg
Excipients q.s.",https://admin.greenbook.nafdac.gov.ng/uploadImage/smpc_files/2025/12/03/2025120341f9fa80-5a28-506f-b458-dc9122b00d14.pdf,J01DD08,https://greenbook.nafdac.gov.ng/products/details/12150,2026-09-27T21:50:58.439770+00:00
Greenbook NAFDAC,1329,4775,Cefexiclav 325 Tablets##,1,Drugs,"{'id': 1, 'name': 'Drugs', 'created_at': '-000001-11-30T00:00:00.000000Z', 'updated_at': '2022-03-17T16:53:12.000000Z', 'deleted_at': None}",442,Cefixime; Clavulanic Acid (Clavulanate Potassium),,B4-6581,1,Tablet,1,Oral,200 mg; 125 mg,723,SJS Life Sciences Limited,2023-07-06,2028-07-05,Active,"Film Coated Tablet
White colored, capsule shaped, biconvex, with one side break line and other side plain film coated tablets

150	CMS-PP-233269	CEFEXICLAV 325 TABLETS	CEFIXIME 200MG, CLAVULANIC ACID 125MG	Cefixime BP (As Trihydrate Eq. to Anhydrous Cefixime 200 mg, Clavulanate Potassium BP Eq. to Anhydrous Clavulanic Acid 25 mg, Lactose Monohydrate, Microcrystalline Cellulose, Croscarmellose Sodium, Colloidal Anhydrous Silica (Aerosil), Pregelatinized Starch, Purified Talc, Magnesium Stearate	B4-6581	Drugs	Imported Products	1*10	Prescription Only Medicine (POM)	10/5/2021	SJS LIFE SCIENCES LIMITED, 11, OLU AKERELE STREET, IKEJA, LAGOS	8114441430	sjslifesciencesltd@gmail.com	GLOBELA LABORATORIES PRIVATE LIMITED, PLOT NO. 5536, ROAD NO. 55, G.I.D.C. ESTATE, SACHIN, SURAT – 394 230, INDIA, India",1 x 10&#039;s (in blister),"Each film coated tablet contains: Cefixime USP (As Trihydrate) equivalent to Anhydrous Cefixime 200 mg Clavulanate Potassium USP equivalent to anhydrous Clavulanic Acid 125 mg
Excipients q.s.",https://admin.greenbook.nafdac.gov.ng/uploadImage/smpc_files/2023/08/23/202308237091795d-c188-59c5-baeb-c85c7254206d.pdf,J01DD08,https://greenbook.nafdac.gov.ng/products/details/4775,2026-09-27T21:50:58.439770+00:00
Greenbook NAFDAC,1330,4776,Cefexiclav Powder for Oral Suspension 50 mg/31.25 mg/5 mL##,1,Drugs,"{'id': 1, 'name': 'Drugs', 'created_at': '-000001-11-30T00:00:00.000000Z', 'updated_at': '2022-03-17T16:53:12.000000Z', 'deleted_at': None}",442,Cefixime; Clavulanic Acid (Clavulanate Potassium),,B4-6583,102,Suspension,1,Oral,50 mg/5 mL; 31.25 mg/5 mL,723,SJS Life Sciences Limited,2023-07-06,2028-07-05,Active,"Powder for Oral Suspension

149	CMS-PP-233255	CEFEXICLAV POWDER FOR ORAL SUSPENSION 50MG/31.25MG/5ML	CEFIXIME 50MG + CLAVULANIC ACID 31.25MG	Cefixime Trihydrate Eq to Cefixime (A) 50mg, Diluted Potassium Clavulanate Eq. to Clavulanic Acid (A) 31.25mg, Sucrose (D)$ 937mg, Colloidal Anhydrous Silica 15mg, Carmellose Sodium (Sodium Carboxymethylcellulose) 25mg, Sodium Citrate 11.25mg, Sodium Benzoate 1.04mg, Essence Orange Powder (Firemenich) 13.10mg, Aspartame 6.360mg, Disodium Edetate 10mg	B4-6583	Drugs	Imported Products	1*100ML	Prescription Only Medicine (POM)	10/5/2021	SJS LIFE SCIENCES LIMITED, 11, OLU AKERELE STREET, IKEJA, LAGOS	8114441430	sjslifesciencesltd@gmail.com	GLOBELA LABORATORIES PRIVATE LIMITED, PLOT NO. 5536, ROAD NO. 55, G.I.D.C. ESTATE, SACHIN, SURAT – 394 230, INDIA, India
", 1 x 100 mL (in HDPE bottle),"Each 5 mL of reconstituted suspension contains: Cefixime BP (As Trihydrate) equivalent to Anhydrous Cefixime 50 mg, Clavulanate Potassium BP equivalent to Anhydrous Clavulanic Acid 31.25 mg
Excipients q.s.",https://admin.greenbook.nafdac.gov.ng/uploadImage/smpc_files/2023/08/23/202308239032f683-9625-54b4-9147-08015f031ee3.pdf,J01DD08,https://greenbook.nafdac.gov.ng/products/details/4776,2026-09-27T21:50:58.439770+00:00
Greenbook NAFDAC,1331,4777,Cefexitab 200 Tablet##,1,Drugs,"{'id': 1, 'name': 'Drugs', 'created_at': '-000001-11-30T00:00:00.000000Z', 'updated_at': '2022-03-17T16:53:12.000000Z', 'deleted_at': None}",441,Cefixime (Cefixime Trihydrate),,C4-0425,1,Tablet,1,Oral,200 mg,723,SJS Life Sciences Limited,2023-07-06,2028-07-05,Active,"Film Coated Tablets
Yellow colored, circular shaped biconvex plain on both side film coated tablets

154	CMS-PP-337115	CEFEXITAB 200 TABLET	CEFIXIME USP (AS TRIHYDRATE) EQ. TO ANHYDROUS CEFIXIME 200 MG	Cefixime trihydrate, Microcrystalline cellulose 102, Lactose monohydrate, Colloidal silicon dioxide (Aerosil), Talc, Croscarmellose sodium, Magnesium stearate, Color coat FC4S-I (Yellow), Isopropyl alcohol, Methylene chloride	C4-0425	Drugs	Imported Products	1*10	Prescription Only Medicine (POM)	6/7/2023	SJS LIFE SCIENCES LIMITED, 11, OLU AKERELE STREET, IKEJA, LAGOS	8114441430	sjslifesciencesltd@gmail.com	GLOBELA LABORATORIES PRIVATE LIMITED, PLOT NO. 5536, ROAD NO. 55, G.I.D.C. ESTATE, SACHIN, SURAT – 394 230, INDIA, India",1 x 10&#039;s (in Alu-Alu blister),"Each film coated tablet contains: Cefixime (As Trihydrate) USP equivalent to Anhydrous Cefixime 200 mg
Excipients q.s.",https://admin.greenbook.nafdac.gov.ng/uploadImage/smpc_files/2023/08/23/2023082300215cc8-c84f-52c4-90c4-7929c41cb944.pdf,J01DD08,https://greenbook.nafdac.gov.ng/products/details/4777,2026-09-27T21:50:58.439770+00:00
Greenbook NAFDAC,1332,10117,Ceficard 2000 Injection**,1,Drugs,"{'id': 1, 'name': 'Drugs', 'created_at': '-000001-11-30T00:00:00.000000Z', 'updated_at': '2022-03-17T16:53:12.000000Z', 'deleted_at': None}",440,Cefepime (Cefepime Hydrochloride),,A4-2394,70,Powder for injection,29,Intravenous; Intramuscular,2 g,199,Interpharma Industries Limited,2021-09-28,2026-09-27,Active,Powder for solution for injection in a vial,2 g x 1&#039;s (in vial),Each vial contains: Cefepime Hydrochloride equiv. to Cefepime base 2000 mg,,J01DE01,https://greenbook.nafdac.gov.ng/products/details/10117,2026-09-27T21:50:58.439770+00:00
Greenbook NAFDAC,1333,539,Cefirat Dispersible Tablet##,1,Drugs,"{'id': 1, 'name': 'Drugs', 'created_at': '-000001-11-30T00:00:00.000000Z', 'updated_at': '2022-03-17T16:53:12.000000Z', 'deleted_at': None}",441,Cefixime (Cefixime Trihydrate),,A11-0133,13,Dispersible tablet,1,Oral,200 mg,240,Nemel Pharmaceuticals Limited,2021-09-28,2026-09-27,Active,Dispersible Tablet,,Each tablet contains: Cefixime (as Cefixime Trihydrate) 200 mg,,J01DD08,https://greenbook.nafdac.gov.ng/products/details/539,2026-09-27T21:50:58.439770+00:00
Greenbook NAFDAC,1334,10627,Cefixime 200 Tablets##,1,Drugs,"{'id': 1, 'name': 'Drugs', 'created_at': '-000001-11-30T00:00:00.000000Z', 'updated_at': '2022-03-17T16:53:12.000000Z', 'deleted_at': None}",441,Cefixime (Cefixime Trihydrate),,B4-6997,1,Tablet,1,Oral,200 mg,924,Sedem Pharmaceuticals Nigeria Limited,2025-01-30,2030-01-29,Active,"Tablet
Orange colored, elongated, both sides plain, film coated tablets

CEFIXIME 200 TABLETS	CEFIXIME 200MG USP	CEFIXIME TRIHYDRATE 200MG, SODIUM LAURYL SULPHATE, MAGNESIUM STEARATE, TALCUM	B4-6997	Drugs	ANTIINFECTIVES FOR SYSTEMIC USE	Imported Products	1*10	POM 1	09/07/2024	SEDEM PHARMACEUTICALS NIGERIA LIMITED, SEDEM HOUSE,PALM STREET/TARGET ROAD,CALABAR,CROSS RIVER STATE	80377127	info@sedempharmacy.com	TUTON PHARMACEUTICAL LIMITED, 85, G.I.D.C. INDUSTRIAL, ESTATE, NARODA, AHMEDABAD - 382 330 GUJARAT, INDIA , India",1 x 10&#039;s (in Alu-Alu blister),"Each film coated tablet contains: Cefixime USP Trihydrate equivalent to Anhydrous Cefixime  200 mg
Excipients q.s",https://admin.greenbook.nafdac.gov.ng/uploadImage/smpc_files/2025/05/27/202505278f814877-b8b0-5998-9064-f23f54303f1c.pdf,J01DD08,https://greenbook.nafdac.gov.ng/products/details/10627,2026-09-27T21:50:58.439770+00:00
Greenbook NAFDAC,1335,10628,Cefixime 400 mg Tablets##,1,Drugs,"{'id': 1, 'name': 'Drugs', 'created_at': '-000001-11-30T00:00:00.000000Z', 'updated_at': '2022-03-17T16:53:12.000000Z', 'deleted_at': None}",441,Cefixime (Cefixime Trihydrate),,B4-6996,1,Tablet,1,Oral,400 mg,924,Sedem Pharmaceuticals Nigeria Limited,2025-01-30,2030-01-29,Active,"Tablet
Orange colored, elongated, both sides plain, film coated tablets

CEFIXIME 400MG TABLETS	CEFIXIME 400MG USP	CEFIXIME TRIHYDRATE 400MG, SODIUM LAURYL SULPHATE, MAGNESIUM STEARATE	B4-6996	Drugs	ANTIINFECTIVES FOR SYSTEMIC USE	Imported Products	1*10	POM 1	09/07/2024	SEDEM PHARMACEUTICALS NIGERIA LIMITED, SEDEM HOUSE,PALM STREET/TARGET ROAD,CALABAR,CROSS RIVER STATE	80377127	info@sedempharmacy.com	TUTON PHARMACEUTICAL LIMITED, 85, G.I.D.C. INDUSTRIAL, ESTATE, NARODA, AHMEDABAD - 382 330 GUJARAT, INDIA , India",1 x 10&#039;s (in Alu-Alu blister),"Each film coated tablet contains: Cefixime USP Trihydrate equivalent to Anhydrous Cefixime  400 mg
Excipients q.s",https://admin.greenbook.nafdac.gov.ng/uploadImage/smpc_files/2025/05/27/202505278acb76bb-c175-503d-81bf-aa073750b094.pdf,J01DD08,https://greenbook.nafdac.gov.ng/products/details/10628,2026-09-27T21:50:58.439770+00:00
Greenbook NAFDAC,1336,11389,Cefixime 400 mg Tablets**,1,Drugs,"{'id': 1, 'name': 'Drugs', 'created_at': '-000001-11-30T00:00:00.000000Z', 'updated_at': '2022-03-17T16:53:12.000000Z', 'deleted_at': None}",441,Cefixime (Cefixime Trihydrate),,A4-101345,1,Tablet,1,Oral,400 mg,687,Morehope Pharma Limited,2025-06-25,2030-06-24,Active,"Film-coated Tablet.
White to off white, oval shaped, biconvex film-coated tablet, plain on both sides",10 x 10&#039;s (in Alu-Alu blisters),"Cefixime Tablet 400 mg USP.
Each film-coated tablet contains: Cefixime USP as Trihydrate equiv. to Anhydrous Cefixime 400 mg, Excipients q.s.",https://admin.greenbook.nafdac.gov.ng/uploadImage/smpc_files/2025/07/25/20250725288ce464-f5a5-54f9-9f9b-ae8993b83827.pdf,J01DD08,https://greenbook.nafdac.gov.ng/products/details/11389,2026-09-27T21:50:58.439770+00:00
Greenbook NAFDAC,1337,2980,Cefixime Tablet 200 mg##,1,Drugs,"{'id': 1, 'name': 'Drugs', 'created_at': '-000001-11-30T00:00:00.000000Z', 'updated_at': '2022-03-17T16:53:12.000000Z', 'deleted_at': None}",441,Cefixime (Cefixime Trihydrate),,C4-1326,1,Tablet,1,Oral,200 mg,736,T.O.C Pharmaceuticals Nigeria Ltd,2020-11-30,2025-11-29,Inactive,Tablet,,Each tablet contains: Cefixime (as Cefixime Trihydrate) 200 mg,,J01DD08,https://greenbook.nafdac.gov.ng/products/details/2980,2026-09-27T21:50:58.439770+00:00
Greenbook NAFDAC,1338,6518,Cefixime Tablets USP 400 mg##,1,Drugs,"{'id': 1, 'name': 'Drugs', 'created_at': '-000001-11-30T00:00:00.000000Z', 'updated_at': '2022-03-17T16:53:12.000000Z', 'deleted_at': None}",441,Cefixime (Cefixime Trihydrate),,B4-7164,1,Tablet,1,Oral,400 mg,761,Anyi-Tex Pharmaceuticals Limited,2023-11-30,2028-11-29,Active,"Oral Tablet

72	RNW-PP-276788	CEFIXIME TABLETS USP 400MG	CEFIXIME USP AS TRIHYDTRATE EQ TO ANHYDROUS CEFIXIME 400MG	CEFIXIME USP AS TRIHYDRATE EQ TO ANYDROUS CEFIXIME 400MG EXCIPIENTS: q.s.	B4-7164	Drugs	Imported Products	10x1x10TAB ALU ALU	Prescription Only Medicine (POM)	8/11/2022	ANYI-TEX PHARMACEUTICALS LIMITED, ABAZUONU STREET ONITSHA ANAMBRA	9066116994	anyitexpharm@gmail.com	WEST COAST PHARMACEUTICAL WORKS LTD., NO 17 &amp; 16/5 MERDI ESTATE, B/S MELDI MATA TEMPLE, NR. GOTA RAILWAY CROSSING. AT: GOTA, AHMEDABAD - 382 481, GUJARAT, INDIA, India",10 x 1 x 10&#039;s (in Alu-Alu packs),"Each tablet contains: Cefixime USP as Trihydrate equivalent to anhydrous Cefixime 400 mg
Excipients: q.s.",https://admin.greenbook.nafdac.gov.ng/uploadImage/smpc_files/2023/12/18/202312188c44c5ae-2a52-52d1-89ee-d32c25367aeb.pdf,J01DD08,https://greenbook.nafdac.gov.ng/products/details/6518,2026-09-27T21:50:58.439770+00:00
Greenbook NAFDAC,1339,11430,Cefixime Tablets USP 400 mg_,1,Drugs,"{'id': 1, 'name': 'Drugs', 'created_at': '-000001-11-30T00:00:00.000000Z', 'updated_at': '2022-03-17T16:53:12.000000Z', 'deleted_at': None}",441,Cefixime (Cefixime Trihydrate),,A4-101403,1,Tablet,1,Oral,400 mg,1305,NOVAMED LIFE SCIENCES LTD,2025-07-30,2030-07-29,Active,"Tablet
",1 x 10&#039;s (in Alu-Alu blister),"Each tablet contains: Cefixime Trihydrate USP equiv. to Cefixime 400 mg
Excipients q.s.",https://admin.greenbook.nafdac.gov.ng/uploadImage/smpc_files/2025/08/27/20250827685639f2-ffd6-53ac-877e-e41614da5fdd.pdf,J01DD08,https://greenbook.nafdac.gov.ng/products/details/11430,2026-09-27T21:50:58.439770+00:00
Greenbook NAFDAC,1340,2981,Cefixime Tablets##,1,Drugs,"{'id': 1, 'name': 'Drugs', 'created_at': '-000001-11-30T00:00:00.000000Z', 'updated_at': '2022-03-17T16:53:12.000000Z', 'deleted_at': None}",441,Cefixime (Cefixime Trihydrate),,C4-1396,1,Tablet,1,Oral,400 mg,367,Excel Charis Pharmaceutical Chemical Limited,2020-12-21,2025-12-20,Inactive,Tablet,,Each tablet contains: Cefixime (as Cefixime Trihydrate) 400 mg,https://admin.greenbook.nafdac.gov.ng/uploadImage/smpc_files/2025/04/18/2025041864228577-b526-5236-932b-8143de0e3825.pdf,J01DD08,https://greenbook.nafdac.gov.ng/products/details/2981,2026-09-27T21:50:58.439770+00:00
Greenbook NAFDAC,1341,4839,Ceflonac Forte Tablets**,1,Drugs,"{'id': 1, 'name': 'Drugs', 'created_at': '-000001-11-30T00:00:00.000000Z', 'updated_at': '2022-03-17T16:53:12.000000Z', 'deleted_at': None}",1011,Aceclofenac; Paracetamol,,B4-7877,1,Tablet,1,Oral,100 mg; 500 mg,179,Geneith Pharmaceuticals Limited,2023-07-27,2028-07-26,Active,Film-coated tablet,10 x 1 x 10&#039;s (in blisters),"Each film coated tablet contains: Aceclofenac BP 100 mg, Paracetamol BP 500 mg",https://admin.greenbook.nafdac.gov.ng/uploadImage/smpc_files/2023/08/27/202308273f1e3ca5-9f57-5cf7-b3cf-0fc13776e3e8.pdf,N02BE51,https://greenbook.nafdac.gov.ng/products/details/4839,2026-09-27T21:50:58.439770+00:00
Greenbook NAFDAC,1342,6373,Ceflonac-ER 200 Tablets**,1,Drugs,"{'id': 1, 'name': 'Drugs', 'created_at': '-000001-11-30T00:00:00.000000Z', 'updated_at': '2022-03-17T16:53:12.000000Z', 'deleted_at': None}",74,Aceclofenac,,A4-100572,1,Tablet,1,Oral,200 mg,179,Geneith Pharmaceuticals Limited,2023-10-31,2028-10-30,Active,Film coated sustained release tablet.,1 x 10&#039;s (in Alu-Alu blister),"Aceclofenac Sustained Release Tablets 200 mg.
Each film coated sustained release tablet contains: Aceclofenac BP 200 mg, Excipients Q.S.
Colour: Titanium Dioxide BP",https://admin.greenbook.nafdac.gov.ng/uploadImage/smpc_files/2023/11/10/202311104116842a-d753-5df4-87f2-9572b65e0c8e.pdf,M01AB16,https://greenbook.nafdac.gov.ng/products/details/6373,2026-09-27T21:50:58.439770+00:00
Greenbook NAFDAC,1343,7917,Ceflonac-SP Tablets**,1,Drugs,"{'id': 1, 'name': 'Drugs', 'created_at': '-000001-11-30T00:00:00.000000Z', 'updated_at': '2022-03-17T16:53:12.000000Z', 'deleted_at': None}",124,Aceclofenac; Paracetamol; Serratiopeptidase,,B4-3760,1,Tablet,1,Oral,100 mg; 500 mg; 15 mg,179,Geneith Pharmaceuticals Limited,2021-05-07,2026-05-06,Inactive,Tablet,1 x 10&#039;s; 10 x 10&#039;s (in blisters),"Each tablet contains: Aceclofenac BP 100 mg, Paracetamol BP 500 mg, Serratiopeptidase 15 mg (30,000 IU)",,,https://greenbook.nafdac.gov.ng/products/details/7917,2026-09-27T21:50:58.439770+00:00
Greenbook NAFDAC,1344,8943,Cefogen 750 Injection**,1,Drugs,"{'id': 1, 'name': 'Drugs', 'created_at': '-000001-11-30T00:00:00.000000Z', 'updated_at': '2022-03-17T16:53:12.000000Z', 'deleted_at': None}",1543,Cefuroxime (Cefuroxime Sodium),,04-7422,70,Powder for injection,29,Intravenous; Intramuscular,750 mg,199,Interpharma Industries Limited,2021-09-28,2026-09-27,Active,Powder for solution for injection in a vial,750 mg x 1&#039;s (in vial),Each vial contains: Ceftriaxone Sodium USP equivalent to Ceftriaxone 750 mg,,J01DC02,https://greenbook.nafdac.gov.ng/products/details/8943,2026-09-27T21:50:58.439770+00:00
Greenbook NAFDAC,1345,8594,Cefomor Powder for Oral Suspension**,1,Drugs,"{'id': 1, 'name': 'Drugs', 'created_at': '-000001-11-30T00:00:00.000000Z', 'updated_at': '2022-03-17T16:53:12.000000Z', 'deleted_at': None}",437,Cefalexin,,04-2247,72,Powder for suspension,1,Oral,125 mg/5 mL,199,Interpharma Industries Limited,2021-08-26,2026-08-25,Inactive,Powder for Oral Suspension,1 x 100 mL,ANHYDROUS CEFALEXIN 125MG/5ML ,,,https://greenbook.nafdac.gov.ng/products/details/8594,2026-09-27T21:50:58.439770+00:00
Greenbook NAFDAC,1346,7918,Cefpodoxime Proxetil Sandoz Tablet**,1,Drugs,"{'id': 1, 'name': 'Drugs', 'created_at': '-000001-11-30T00:00:00.000000Z', 'updated_at': '2022-03-17T16:53:12.000000Z', 'deleted_at': None}",448,Cefpodoxime (Cefpodoxime Proxetil),,C4-1626,1,Tablet,1,Oral,200 mg,250,Novartis Nigeria Limited,2021-02-25,2026-02-24,Inactive,Tablet,1 x 10&#039;s (in blister),Cefpodoxime Proxetil 200 mg,,,https://greenbook.nafdac.gov.ng/products/details/7918,2026-09-27T21:50:58.439770+00:00
Greenbook NAFDAC,1347,3618,Cefpodoxime Proxetil USP 200 mg Tablets##,1,Drugs,"{'id': 1, 'name': 'Drugs', 'created_at': '-000001-11-30T00:00:00.000000Z', 'updated_at': '2022-03-17T16:53:12.000000Z', 'deleted_at': None}",448,Cefpodoxime (Cefpodoxime Proxetil),,C4-1522,1,Tablet,1,Oral,200 mg,108,BG Pharma &amp; Healthcare Limited,2020-12-21,2025-12-20,Inactive,Tablet,,Each tablet contains: Cefpodoxime (as Cefpodoxime Proxetil) 200 mg,,J01DD13,https://greenbook.nafdac.gov.ng/products/details/3618,2026-09-27T21:50:58.439770+00:00
Greenbook NAFDAC,1348,2983,Cefrite 200 Tablets##,1,Drugs,"{'id': 1, 'name': 'Drugs', 'created_at': '-000001-11-30T00:00:00.000000Z', 'updated_at': '2022-03-17T16:53:12.000000Z', 'deleted_at': None}",441,Cefixime (Cefixime Trihydrate),,C4-1190,1,Tablet,1,Oral,200 mg,726,Savocent Pharma Ltd,2020-11-10,2025-11-09,Inactive,Tablet,,Each tablet contains; Cefixime (as Cefixime Trihydrate) 200 mg,,J01DD08,https://greenbook.nafdac.gov.ng/products/details/2983,2026-09-27T21:50:58.439770+00:00
Greenbook NAFDAC,1349,11700,Cefrite Tablets 400_,1,Drugs,"{'id': 1, 'name': 'Drugs', 'created_at': '-000001-11-30T00:00:00.000000Z', 'updated_at': '2022-03-17T16:53:12.000000Z', 'deleted_at': None}",441,Cefixime (Cefixime Trihydrate),,C4-0402,1,Tablet,1,Oral,400 mg,726,Savocent Pharma Ltd,2025-08-27,2030-08-26,Active,"Uncoated Tablet.
Off-white to light-yellow colored, oblong-shape, biconvex, having a break line on one side of uncoated tablets",1 x 10&#039;s (in blisters),"Each uncoated tablet contains: Cefixime (as Trihydrate) USP equiv. to Anhydrous Cefixime base 400 mg
Excipients q.s.",https://admin.greenbook.nafdac.gov.ng/uploadImage/smpc_files/2025/10/09/20251009d6574e24-3dc6-5d7d-b1de-a30045f6fc00.pdf,J01DD08,https://greenbook.nafdac.gov.ng/products/details/11700,2026-09-27T21:50:58.439770+00:00
Greenbook NAFDAC,1350,11431,Ceftamak Injection_,1,Drugs,"{'id': 1, 'name': 'Drugs', 'created_at': '-000001-11-30T00:00:00.000000Z', 'updated_at': '2022-03-17T16:53:12.000000Z', 'deleted_at': None}",2276,Ceftriaxone Sodium; Lidocaine Hydrochloride,,B4-3595,40,Injection,12,Intravenous,1 g,1330,Eloka Pharmaceuticals Limited,2025-07-30,2030-07-29,Active,"Powder for Injection.
Almost white or yellowish, crystalline powder",1 x 1 vial + 10 mL sterile water for injection,"Each vial contains: Ceftriaxone Sodium 1 g,
with 1% Lidocaine Hydrochloride (3.5 mL)",https://admin.greenbook.nafdac.gov.ng/uploadImage/smpc_files/2025/08/22/20250822bd759795-acfc-5130-8198-05d484a9e962.pdf,J01DD04,https://greenbook.nafdac.gov.ng/products/details/11431,2026-09-27T21:50:58.439770+00:00
Greenbook NAFDAC,1351,4375,Ceftatime-1000 Powder for Injection**,1,Drugs,"{'id': 1, 'name': 'Drugs', 'created_at': '-000001-11-30T00:00:00.000000Z', 'updated_at': '2022-03-17T16:53:12.000000Z', 'deleted_at': None}",1541,Ceftriaxone (Ceftriaxone Sodium),,B4-3307,70,Powder for injection,12,Intravenous,1 g,271,Phillips Pharmaceuticals (Nigeria) Limited,2022-10-22,2027-10-21,Active,"Powder for Injection
White to yellowish orange crystalline powder",1 g x 1&#039;s (in vial) + 10 mL SWFI (in ampoule),Each vial contains: Ceftriaxone Sodium USP (Sterile) equivalent to Ceftriaxone 1000 mg,https://admin.greenbook.nafdac.gov.ng/uploadImage/smpc_files/2023/05/26/20230526dc57c7a3-2027-502a-8f63-d3c08e0f7647.pdf,J01DD04,https://greenbook.nafdac.gov.ng/products/details/4375,2026-09-27T21:50:58.439770+00:00
Greenbook NAFDAC,1352,4460,Ceftatime-SB 1.5 Powder for Injection**,1,Drugs,"{'id': 1, 'name': 'Drugs', 'created_at': '-000001-11-30T00:00:00.000000Z', 'updated_at': '2022-03-17T16:53:12.000000Z', 'deleted_at': None}",454,Ceftriaxone (Ceftriaxone Sodium); Sulbactam (Sulbactam Sodium),,B4-4230,70,Powder for injection,12,Intravenous,1000 mg; 500 mg,271,Phillips Pharmaceuticals (Nigeria) Limited,2022-10-22,2027-10-21,Active,"Powder for Injection
White to off white crystalline powder. After reconstitution with sterile water for injections, it forms colorless to pale yellow color solution",1.5 g x 1&#039;s (in glass vial),"Each vial contains: Ceftriaxone Sodium USP (Sterile) equivalent to Ceftriaxone 1000 mg, Sulbactam Sodium USP (Sterile) equivalent to Sulbactam 500 mg",https://admin.greenbook.nafdac.gov.ng/uploadImage/smpc_files/2023/05/26/20230526422e957e-d2b6-5e84-9acd-5c89d64e291f.pdf,J01DD54,https://greenbook.nafdac.gov.ng/products/details/4460,2026-09-27T21:50:58.439770+00:00
Greenbook NAFDAC,1353,48,Ceftran For Injection**,1,Drugs,"{'id': 1, 'name': 'Drugs', 'created_at': '-000001-11-30T00:00:00.000000Z', 'updated_at': '2022-03-17T16:53:12.000000Z', 'deleted_at': None}",1541,Ceftriaxone (Ceftriaxone Sodium),,B4-5204,70,Powder for injection,29,Intravenous; Intramuscular,1 g,299,Standard Generics Limited,2021-12-16,2026-12-15,Active,Powder for Solution for Injection,,"Ceftriaxone for Injection USP.
Each vial contains: Ceftriaxone Sodium USP equivalent to Ceftriaxone 1000 mg",,J01DD04,https://greenbook.nafdac.gov.ng/products/details/48,2026-09-27T21:50:58.439770+00:00
Greenbook NAFDAC,1354,4778,Ceftran Forte Powder for Injection 1 g/500 mg**,1,Drugs,"{'id': 1, 'name': 'Drugs', 'created_at': '-000001-11-30T00:00:00.000000Z', 'updated_at': '2022-03-17T16:53:12.000000Z', 'deleted_at': None}",454,Ceftriaxone (Ceftriaxone Sodium); Sulbactam (Sulbactam Sodium),,A4-8729,70,Powder for injection,12,Intravenous,1000 mg; 500 mg,299,Standard Generics Limited,2023-07-27,2028-07-26,Active,"Dry Powder for Injection
White or almost white powder in glass vial",1.5 g x 1&#039;s (in vial) + 10 mL SWFI (in ampoule),"Ceftriaxone 1000 mg &amp; Sulbactam 500 mg for Injection.
Each vial contains: Ceftriaxone Sodium USP (Sterile) equivalent to Ceftriaxone 1000 mg, Sulbactam Sodium USP (Sterile) equivalent to Sulbactam 500 mg",https://admin.greenbook.nafdac.gov.ng/uploadImage/smpc_files/2023/08/23/2023082393ac2d04-025d-536e-aa7a-d102a1c6ec82.pdf,J01DD63,https://greenbook.nafdac.gov.ng/products/details/4778,2026-09-27T21:50:58.439770+00:00
Greenbook NAFDAC,1355,4779,Ceftriavis Powder for Injection**,1,Drugs,"{'id': 1, 'name': 'Drugs', 'created_at': '-000001-11-30T00:00:00.000000Z', 'updated_at': '2022-03-17T16:53:12.000000Z', 'deleted_at': None}",1541,Ceftriaxone (Ceftriaxone Sodium),,B4-2856,70,Powder for injection,12,Intravenous,1 g,472,Nando Pharmacy Limited,2023-07-06,2028-07-05,Active,Sterilized Powder for Reconstitution,1 g x 1&#039;s (in vial) + 10 mL SWFI (in ampoule),Each vial contains: Ceftriaxone Sodium USP equivalent to Ceftriaxone 1 g,https://admin.greenbook.nafdac.gov.ng/uploadImage/smpc_files/2023/08/23/20230823629fec4e-7839-579b-b6cc-beefaf28e804.pdf,J01DD04,https://greenbook.nafdac.gov.ng/products/details/4779,2026-09-27T21:50:58.439770+00:00
Greenbook NAFDAC,1356,11392,Ceftriaxone  Injection 1 g USP**,1,Drugs,"{'id': 1, 'name': 'Drugs', 'created_at': '-000001-11-30T00:00:00.000000Z', 'updated_at': '2022-03-17T16:53:12.000000Z', 'deleted_at': None}",1541,Ceftriaxone (Ceftriaxone Sodium),,A4-5559,70,Powder for injection,12,Intravenous,1 g,1234,Patbless Pharmaceutical Limited,2025-05-27,2030-05-26,Active,"Powder for solution for injection in a vial.
White powder filled in to 10 mL flint glass vial plugged with grey butyl rubber stopper and sealed with blue flip off seal",1 g x 1&#039;s (in vial) + 10 mL SWFI (in ampoule),"Combipack of Ceftriaxone for Injection USP 1 g with Sterilised Water for Injection BP 10 mL.
Each vial contains: Ceftriaxone Sodium USP equiv. to Ceftriaxone 1 g",https://admin.greenbook.nafdac.gov.ng/uploadImage/smpc_files/2025/06/24/20250624b7128d98-55e1-51b9-8e5c-df7e079a206e.pdf,J01DD04,https://greenbook.nafdac.gov.ng/products/details/11392,2026-09-27T21:50:58.439770+00:00
Greenbook NAFDAC,1357,4461,Ceftriaxone & Sulbactam Injection**,1,Drugs,"{'id': 1, 'name': 'Drugs', 'created_at': '-000001-11-30T00:00:00.000000Z', 'updated_at': '2022-03-17T16:53:12.000000Z', 'deleted_at': None}",454,Ceftriaxone (Ceftriaxone Sodium); Sulbactam (Sulbactam Sodium),,B4-9538,70,Powder for injection,12,Intravenous,1000 mg; 500 mg,367,Excel Charis Pharmaceutical Chemical Limited,2022-04-28,2027-04-27,Active,Powder and Solvent for Solution for Injection,1.5 g x 1&#039;s (in vial) + 10 mL SWFI (in ampoule),"Combipack of Ceftriaxone and Sulbactam for Injection 1 g/500 mg and Sterilized water for injection BP 10 mL.
Each Combipack contains:
A) One vial of Ceftriaxone &amp; Sulbactam for Injection 1000 mg/ 500 mg
Each vial contains Sterile Ceftriaxone Sodium USP equiv. to Anhydrous Ceftriaxone 1000 mg, Sterile Sulbactam Sodium USP equiv. to Anhydrous Sulbactam 500 mg
B) One ampoule of Sterilized Water for Injections BP 10 mL",https://admin.greenbook.nafdac.gov.ng/uploadImage/smpc_files/2025/04/15/202504155e99c301-a7df-510a-96f1-97995daddc3a.pdf,J01DD63,https://greenbook.nafdac.gov.ng/products/details/4461,2026-09-27T21:50:58.439770+00:00
Greenbook NAFDAC,1358,12151,Ceftriaxone 1 g Injection with Lidocaine 3.5 mL Injection_,1,Drugs,"{'id': 1, 'name': 'Drugs', 'created_at': '-000001-11-30T00:00:00.000000Z', 'updated_at': '2022-03-17T16:53:12.000000Z', 'deleted_at': None}",2276,Ceftriaxone Sodium; Lidocaine Hydrochloride,,A4-101604,40,Injection,12,Intravenous,1 g; 1%,1143,Reavems Global Nig Ltd,2025-10-29,2030-10-28,Active,"Injection.
A white-colored powder",1 x 1 vial + 1 ampoule,"Each combipack contains:
A. Ceftriaxone for Injection BP 1 g. Each vial contains: Ceftriaxone Sodium BP (sterile) equiv. to Ceftriaxone base 1 g
B. Lidocaine Injection BP (3.5 mL). Each ampoule contains: Lidocaine Hydrochloride BP 1.0% w/v, Water for Injection q.s.

Excipients: Sodium Chloride 0.6 %, Citric Acid 0.1 %, Methyl Paraben 0.1 %",https://admin.greenbook.nafdac.gov.ng/uploadImage/smpc_files/2025/12/10/20251210fa82318c-7967-5c53-974d-cffeb238d5ae.pdf,J01DD04,https://greenbook.nafdac.gov.ng/products/details/12151,2026-09-27T21:50:58.439770+00:00
Greenbook NAFDAC,1359,8951,Ceftriaxone 1 g Injection**,1,Drugs,"{'id': 1, 'name': 'Drugs', 'created_at': '-000001-11-30T00:00:00.000000Z', 'updated_at': '2022-03-17T16:53:12.000000Z', 'deleted_at': None}",1541,Ceftriaxone (Ceftriaxone Sodium),,C4-1845,70,Powder for injection,29,Intravenous; Intramuscular,1 g,1018,IDA Foundation,2021-09-28,2026-09-27,Active,Powder for solution for injection in a vial,1 x 10&#039;s (in vials),Each vial contains: Ceftriaxone Sodium equiv. to Ceftriaxone 1 g,,J01DD04,https://greenbook.nafdac.gov.ng/products/details/8951,2026-09-27T21:50:58.439770+00:00
Greenbook NAFDAC,1360,11432,Ceftriaxone 1 g Injection_,1,Drugs,"{'id': 1, 'name': 'Drugs', 'created_at': '-000001-11-30T00:00:00.000000Z', 'updated_at': '2022-03-17T16:53:12.000000Z', 'deleted_at': None}",1541,Ceftriaxone (Ceftriaxone Sodium),,A4-101399,40,Injection,29,Intravenous; Intramuscular,1 g,513,Astranad Pharmaceuticals and Chemical Company Limited,2025-07-30,2030-07-29,Active,Powder for Injection,1 x 1 vial + 10 mL water for injection in ampoule,"Each vial contains: Ceftriaxone 1 g
Excipients q.s.",https://admin.greenbook.nafdac.gov.ng/uploadImage/smpc_files/2025/08/27/20250827b4ef950f-e50e-5e54-a146-d55a3daff665.pdf,J01DD04,https://greenbook.nafdac.gov.ng/products/details/11432,2026-09-27T21:50:58.439770+00:00
Greenbook NAFDAC,1361,11701,Ceftriaxone 1 g Injection_,1,Drugs,"{'id': 1, 'name': 'Drugs', 'created_at': '-000001-11-30T00:00:00.000000Z', 'updated_at': '2022-03-17T16:53:12.000000Z', 'deleted_at': None}",453,Ceftriaxone,,A4-9149,40,Injection,12,Intravenous,1 g,1688,Sifam Life Care Pharmaceutical Limited,2025-08-27,2030-08-26,Active,Injection,1 x 1 vial,Each vial contains: Ceftriaxone 1 g,https://admin.greenbook.nafdac.gov.ng/uploadImage/smpc_files/2025/10/22/2025102239b5f554-e013-5205-a6f5-66fb72297cee.pdf,J01DD04,https://greenbook.nafdac.gov.ng/products/details/11701,2026-09-27T21:50:58.439770+00:00
Greenbook NAFDAC,1362,5662,Ceftriaxone 1 g Powder for Solution for Injection**,1,Drugs,"{'id': 1, 'name': 'Drugs', 'created_at': '-000001-11-30T00:00:00.000000Z', 'updated_at': '2022-03-17T16:53:12.000000Z', 'deleted_at': None}",1541,Ceftriaxone (Ceftriaxone Sodium),,A4-9551,71,Powder for solution,12,Intravenous,1 g,489,Nkoyo Chemists Ltd,2023-03-28,2028-03-27,Active,Powder for Injection,1 g x 1&#039;s (in vial) + 10 mL SWFI (in ampoule),"Ceftriaxone for Intravenous Injection 1 g.
Each vial contains: Ceftriaxone Sodium equivalent to Ceftriaxone 1 g",https://admin.greenbook.nafdac.gov.ng/uploadImage/smpc_files/2025/08/11/20250811a9d96e64-04ce-51ef-aa8f-28c08124200e.pdf,J01DD04,https://greenbook.nafdac.gov.ng/products/details/5662,2026-09-27T21:50:58.439770+00:00
Greenbook NAFDAC,1363,10119,Ceftriaxone for Injection**,1,Drugs,"{'id': 1, 'name': 'Drugs', 'created_at': '-000001-11-30T00:00:00.000000Z', 'updated_at': '2022-03-17T16:53:12.000000Z', 'deleted_at': None}",1541,Ceftriaxone (Ceftriaxone Sodium),,C4-1872,70,Powder for injection,12,Intravenous,1 g,27,Fidson Healthcare PLC,2021-09-28,2026-09-27,Active,Powder for solution for injection plus water for injection as diluent,1 g x 1&#039;s (in vial) + 10 mL SWFI (in ampoule),Ceftriaxone 1000 mg and 10 mL Water for Injection,,J01DD04,https://greenbook.nafdac.gov.ng/products/details/10119,2026-09-27T21:50:58.439770+00:00
Greenbook NAFDAC,1364,6374,Ceftriaxone for Intravenous Injection**,1,Drugs,"{'id': 1, 'name': 'Drugs', 'created_at': '-000001-11-30T00:00:00.000000Z', 'updated_at': '2022-03-17T16:53:12.000000Z', 'deleted_at': None}",1541,Ceftriaxone (Ceftriaxone Sodium),,A4-100548,70,Powder for injection,12,Intravenous,1 g,1197,Sastek Mega Pharma &amp; Chemical Company Ltd,2023-10-31,2028-10-30,Active,"Powder for Injection

44	NF-PP-224554	CEFTRIAXONE FOR INTRAVENOUS INJECTION	CEFTRIAXONE FOR INTRAVENOUS INJECTION	Each vial contains: Ceftriaxone sodium USP Eq. to Ceftriaxone 1g	A4-100548	Drugs	Imported Products	Combipack of 1vial + 10ml SWFI	Prescription Only Medicine (POM)	8/8/2021	SASTEK MEGA PHARMA &amp; CHEMICAL COMPANY LTD, 10A ABAYOMI STREET, OFF OLARENWAJU STREET, OREGUN, IKEJA, LAGOS	8036857486	sastekmegapharmachem@gmail.com	MAKCUR LABORATORIES LIMITED, 46/5-5-7, VILLAGE-ZAK, TAL-DEHGAM, DIST: GANDHINAGAR- 30 GUJARAT, INDIA, India",1 g x 1&#039;s (in vial) + 10 mL SWFI (in ampoule),"Ceftriaxone for Injection USP 1 g.
Each vial contains: Ceftriaxone Sodium (Sterile) USP equiv. to Ceftriaxone 1000 mg",https://admin.greenbook.nafdac.gov.ng/uploadImage/smpc_files/2023/11/09/20231109616278fb-9377-5031-9b77-977e69c7aebc.pdf,J01DD04,https://greenbook.nafdac.gov.ng/products/details/6374,2026-09-27T21:50:58.439770+00:00
Greenbook NAFDAC,1365,4364,"Ceftriaxone Injection## (check description, pack size)",1,Drugs,"{'id': 1, 'name': 'Drugs', 'created_at': '-000001-11-30T00:00:00.000000Z', 'updated_at': '2022-03-17T16:53:12.000000Z', 'deleted_at': None}",453,Ceftriaxone,,C4-2045,40,Injection,12,Intravenous,1 g,734,Top Ugolife Pharmaceutical Company Ltd,2022-12-15,2027-12-14,Active,Dry Injection,1 x 15 mL vial + 10 mL sterile water for injection,Each vial contains: Ceftriaxone Sodium USP equivalent to Ceftriaxone 1 g,https://admin.greenbook.nafdac.gov.ng/uploadImage/smpc_files/2024/10/17/2024101740885141-6e1f-58a2-b366-53a964342e3c.pdf,J01DD04,https://greenbook.nafdac.gov.ng/products/details/4364,2026-09-27T21:50:58.439770+00:00
Greenbook NAFDAC,1366,8952,Ceftriaxone Injection**,1,Drugs,"{'id': 1, 'name': 'Drugs', 'created_at': '-000001-11-30T00:00:00.000000Z', 'updated_at': '2022-03-17T16:53:12.000000Z', 'deleted_at': None}",1541,Ceftriaxone (Ceftriaxone Sodium),,B4-3696,70,Powder for injection,9,Intramuscular,1 g,27,Fidson Healthcare PLC,2021-09-28,2026-09-27,Active,Powder for solution for injection in a vial plus Lidocaine Hydrochloride Injection (1% w/v) as diluent in ampoule,1 g x 1&#039;s (in vial) + 3.5 mL Lidocaine HCl 1% (in ampoule),"Each combipack contains:
A. One vial of Ceftriaxone Sodium equiv. to Ceftriaxone 1 g
B. One ampoule of Lidocaine Hydrochloride Injection (1% w/v), 3.5 mL",,J01DD04,https://greenbook.nafdac.gov.ng/products/details/8952,2026-09-27T21:50:58.439770+00:00
Greenbook NAFDAC,1367,12177,Ceftriaxone Powder for Injection 1 g_,1,Drugs,"{'id': 1, 'name': 'Drugs', 'created_at': '-000001-11-30T00:00:00.000000Z', 'updated_at': '2022-03-17T16:53:12.000000Z', 'deleted_at': None}",453,Ceftriaxone,,A4-101726,40,Injection,29,Intravenous; Intramuscular,1 g,1727,LUXE PHARMACY LIMITED,2025-11-26,2030-11-25,Active,Dry Injection,1 vial x 10 mL SWFI in ampoule,Each vial contains: Ceftriaxone Sodium USP equiv. to Ceftriaxone base 1 g,https://admin.greenbook.nafdac.gov.ng/uploadImage/smpc_files/2025/12/10/20251210030add89-7c66-571a-845f-bccc336ca1d1.pdf,J01DD04,https://greenbook.nafdac.gov.ng/products/details/12177,2026-09-27T21:50:58.439770+00:00
Greenbook NAFDAC,1368,5629,Ceftriaxone Powder for Injection##,1,Drugs,"{'id': 1, 'name': 'Drugs', 'created_at': '-000001-11-30T00:00:00.000000Z', 'updated_at': '2022-03-17T16:53:12.000000Z', 'deleted_at': None}",453,Ceftriaxone,,B4-7621,40,Injection,9,Intramuscular,1 g,1193,Yellow Pharmaceutical Company Limited,2023-08-31,2028-08-30,Active,"Powder for Injection

CEFTRIAXONE POWDER FOR INJECTION	CEFTRIAXONE SODIUM 1G	CEFTRIAXONE SODIUM USP 1G	B4-7621	Drugs	Imported Products	1VIAL + 10ML AMPOULE WFI	Prescription Only Medicine (POM)	03/11/2022	YELLOW PHARMACEUTICAL COMPANY LIMITED., , EKWULOBIA STREET WOLIWO LAYOUT, ONITSHA ANAMBRA	8149746846	sononah12@gmail.com	ANHUI CHENGSHI PHARMACEUTICAL CO., LTD , NO. 5068, HUAISHANG ROAD, BENGBU, ANHUI PROVINCE, CHINA., China",1 vial + 10 mL sterile water for injection,Each vial contains: Ceftriaxone Sodium equivalent to Ceftriaxone 1 g,https://admin.greenbook.nafdac.gov.ng/uploadImage/smpc_files/2023/09/06/202309068502725a-a125-54d9-87c1-525cb5e85404.pdf,J01DD04,https://greenbook.nafdac.gov.ng/products/details/5629,2026-09-27T21:50:58.439770+00:00
Greenbook NAFDAC,1369,8361,Ceftriaxone Powder for Injection**,1,Drugs,"{'id': 1, 'name': 'Drugs', 'created_at': '-000001-11-30T00:00:00.000000Z', 'updated_at': '2022-03-17T16:53:12.000000Z', 'deleted_at': None}",1541,Ceftriaxone (Ceftriaxone Sodium),,A4-6563,70,Powder for injection,29,Intravenous; Intramuscular,1000 mg,360,Ugo Lab Productions (Nig). Ltd,2021-08-03,2026-08-02,Inactive,Powder for solution for injection in vial + solvents in ampoules,1 g x 1&#039;s (in vial) + 10 mL SWFI (in ampoule) + 3.5 mL Lidocaine (in ampoule),Each vial contains: Ceftriaxone Sodium USP equiv. to Ceftriaxone 1000 mg,,,https://greenbook.nafdac.gov.ng/products/details/8361,2026-09-27T21:50:58.439770+00:00
Greenbook NAFDAC,1370,7919,Ceftriaxone Sodium 1 g + Sulbactam Sodium 500 mg Injection**,1,Drugs,"{'id': 1, 'name': 'Drugs', 'created_at': '-000001-11-30T00:00:00.000000Z', 'updated_at': '2022-03-17T16:53:12.000000Z', 'deleted_at': None}",454,Ceftriaxone (Ceftriaxone Sodium); Sulbactam (Sulbactam Sodium),,B4-2370,70,Powder for injection,29,Intravenous; Intramuscular,1000 mg; 500 mg,1330,Eloka Pharmaceuticals Limited,2024-08-28,2029-08-27,Active,"Powder for injection.
White or almost white powder",1.5 g x 1&#039;s (in glass vial),"Ceftriaxone Sodium and Sulbactam Sodium for Injection 1.5 g.
Each vial contains: Ceftriaxone Sodium equiv. to Ceftriaxone 1 g, Sulbactam Sodium equiv. to Sulbactam 0.5 g",https://admin.greenbook.nafdac.gov.ng/uploadImage/smpc_files/2024/09/17/20240917793378fd-acdb-55e8-b969-7bbeb58e0a80.pdf,,https://greenbook.nafdac.gov.ng/products/details/7919,2026-09-27T21:50:58.439770+00:00
Greenbook NAFDAC,1371,4780,Ceftriaxone Sodium for Injection##,1,Drugs,"{'id': 1, 'name': 'Drugs', 'created_at': '-000001-11-30T00:00:00.000000Z', 'updated_at': '2022-03-17T16:53:12.000000Z', 'deleted_at': None}",1541,Ceftriaxone (Ceftriaxone Sodium),,B4-7775,40,Injection,12,Intravenous,1 g,1182,Zenith Biotech Limited,2023-05-25,2028-05-24,Active,"Injection

CEFTRIAXONE SODIUM FOR INJECTION	CEFTRIAXONE SODIUM 1G	EACH COMBIPACK CONTAINS CEFTRIAXONE SODIUM 1G AND 10ML GLASS AMPOULE OF STERILE WATER FOR INJECTION	B4-7775	Drugs	Imported Products	1VIAL	POM 1	10/31/2022	ZENITH BIOTECH LIMITED, 20 PLASTIC ESTATE, OBA ANAMBRA STATE NIGERIA",1 vial + 10 mL sterile water for injection,Each combipack contains: Ceftriaxone Sodium 1 g and 10 mL  Glass Ampoule of Sterile Water for Injection,,J01DD04,https://greenbook.nafdac.gov.ng/products/details/4780,2026-09-27T21:50:58.439770+00:00
Greenbook NAFDAC,1372,11997,Cefujet Injection 750 mg_,1,Drugs,"{'id': 1, 'name': 'Drugs', 'created_at': '-000001-11-30T00:00:00.000000Z', 'updated_at': '2022-03-17T16:53:12.000000Z', 'deleted_at': None}",1543,Cefuroxime (Cefuroxime Sodium),,A4-3036,40,Injection,29,Intravenous; Intramuscular,750 mg,169,Evans Therapeutics Limited,2021-12-16,2026-12-15,Active,Powder for Injection,10 mL Vial,Each vial contains: Cefuroxime sodium USP equiv. to Cefuroxime 750 mg,https://admin.greenbook.nafdac.gov.ng/uploadImage/smpc_files/2025/07/14/2025071446481c09-c2ea-5153-b7fd-cba468079cab.pdf,J01DC0,https://greenbook.nafdac.gov.ng/products/details/11997,2026-09-27T21:50:58.439770+00:00
Greenbook NAFDAC,1373,294,Cefulvin Oral Suspension##,1,Drugs,"{'id': 1, 'name': 'Drugs', 'created_at': '-000001-11-30T00:00:00.000000Z', 'updated_at': '2022-03-17T16:53:12.000000Z', 'deleted_at': None}",520,Griseofulvin,,B4-3105,102,Suspension,1,Oral,125 mg/5 mL,145,Chez Resources Pharmaceutical Limited,2021-06-24,2026-06-23,Inactive,Suspension,,Each 5 mL suspension contains: Griseofulvin USP 125 mg,https://admin.greenbook.nafdac.gov.ng/uploadImage/smpc_files/2025/03/26/202503264e71e451-62b0-5b7c-b25a-c889227885e3.pdf,D01BA01,https://greenbook.nafdac.gov.ng/products/details/294,2026-09-27T21:50:58.439770+00:00
Greenbook NAFDAC,1374,8106,Cefulvin Tablets**,1,Drugs,"{'id': 1, 'name': 'Drugs', 'created_at': '-000001-11-30T00:00:00.000000Z', 'updated_at': '2022-03-17T16:53:12.000000Z', 'deleted_at': None}",520,Griseofulvin,,C4-1785,1,Tablet,1,Oral,500 mg,145,Chez Resources Pharmaceutical Limited,2021-08-03,2026-08-02,Inactive,Tablet,2 x 10&#039;s (in blisters),Griseofulvin BP 500 mg,https://admin.greenbook.nafdac.gov.ng/uploadImage/smpc_files/2025/03/26/2025032640764880-7183-5ba9-842e-4177f7474141.pdf,,https://greenbook.nafdac.gov.ng/products/details/8106,2026-09-27T21:50:58.439770+00:00
Greenbook NAFDAC,1375,2919,Cefunat 500 mg Tablets##,1,Drugs,"{'id': 1, 'name': 'Drugs', 'created_at': '-000001-11-30T00:00:00.000000Z', 'updated_at': '2022-03-17T16:53:12.000000Z', 'deleted_at': None}",456,Cefuroxime (Cefuroxime Axetil),,04-5299,1,Tablet,1,Oral,500 mg,169,Evans Therapeutics Limited,2021-12-16,2026-12-15,Active,"Tablet
A white colored, capsule shape, biconvex, film coated tablets, having embossed &quot;EMP&quot; on one side and mark &quot;CFT500&quot; on other side of the tablets
",10 x 10&#039;s (in Alu-Alu blisters),"Each film coated tablet contains: Cefuroxime (as Cefuroxime Axetil) USP 500 mg
Excipients q.s.
Color: Titanium Dioxide",https://admin.greenbook.nafdac.gov.ng/uploadImage/smpc_files/2024/09/19/20240919036e7e14-e65f-5eb5-ad85-03150c2bbb1c.pdf,J01DC02,https://greenbook.nafdac.gov.ng/products/details/2919,2026-09-27T21:50:58.439770+00:00
Greenbook NAFDAC,1376,2920,Cefunat Suspension##,1,Drugs,"{'id': 1, 'name': 'Drugs', 'created_at': '-000001-11-30T00:00:00.000000Z', 'updated_at': '2022-03-17T16:53:12.000000Z', 'deleted_at': None}",456,Cefuroxime (Cefuroxime Axetil),,A4-2979,102,Suspension,1,Oral,125 mg/5 mL,169,Evans Therapeutics Limited,2021-03-29,2026-03-28,Inactive,Suspension,,Each 5 mL contains: Cefuroxime (as Cefuroxime Axetil) 125 mg,,J01DC02,https://greenbook.nafdac.gov.ng/products/details/2920,2026-09-27T21:50:58.439770+00:00
Greenbook NAFDAC,1377,11433,Cefunat Suspension_,1,Drugs,"{'id': 1, 'name': 'Drugs', 'created_at': '-000001-11-30T00:00:00.000000Z', 'updated_at': '2022-03-17T16:53:12.000000Z', 'deleted_at': None}",456,Cefuroxime (Cefuroxime Axetil),,A4-2979,102,Suspension,1,Oral,125 mg,169,Evans Therapeutics Limited,2025-05-27,2030-05-26,Active,Powder for Oral Suspension,1 x 100 mL (in HDPE bottle),"Each 5 mL of reconstituted suspension contains: Cefuroxime Axetil USP equiv. to Cefuroxime 125 mg
Excipients q.s.",https://admin.greenbook.nafdac.gov.ng/uploadImage/smpc_files/2025/06/24/2025062453b2b769-b83e-5c6b-9d94-973eb1410e05.pdf,J01DC02,https://greenbook.nafdac.gov.ng/products/details/11433,2026-09-27T21:50:58.439770+00:00
Greenbook NAFDAC,1378,10629,Cefuraxe 500 Tablets##,1,Drugs,"{'id': 1, 'name': 'Drugs', 'created_at': '-000001-11-30T00:00:00.000000Z', 'updated_at': '2022-03-17T16:53:12.000000Z', 'deleted_at': None}",456,Cefuroxime (Cefuroxime Axetil),,B4-5636,1,Tablet,1,Oral,500 mg,209,Kingzy Pharmaceuticals Limited,2025-02-28,2030-02-27,Active,"Tablet

&quot;B4-5636	Drugs	Imported Product	1x10	23-09-2024	KINGZY PHARMACEUTICALS LIMITED, NO 100 EAST-WEST ROAD, RUMUODARA PHC, RIVERS STATE NIGERIA	08060786272		 HEALTH CARE FORMULATIONS PVT LTD, C/8, SARDAR ESTATE, AJWA ROAD, VADODARA- 390 019. (INDIA)",1 x 10&#039;s (in Alu-Alu blister),"Each film coated tablet contains: Cefuroxime Axetil USP equivalent to Cefuroxime 500 mg
Excipients q.s.
Color: Titanium Dioxide BP",https://admin.greenbook.nafdac.gov.ng/uploadImage/smpc_files/2025/04/15/20250415da39c654-3de4-5862-9396-67ef1a2c8d10.pdf,J01DC02,https://greenbook.nafdac.gov.ng/products/details/10629,2026-09-27T21:50:58.439770+00:00
Greenbook NAFDAC,1379,2921,Cefuroxa Tablets##,1,Drugs,"{'id': 1, 'name': 'Drugs', 'created_at': '-000001-11-30T00:00:00.000000Z', 'updated_at': '2022-03-17T16:53:12.000000Z', 'deleted_at': None}",456,Cefuroxime (Cefuroxime Axetil),,B4-3926,1,Tablet,1,Oral,500 mg,236,NCI PharmChem Industries Limited,2020-11-10,2025-11-09,Inactive,Tablet,,Each tablet contains: Cefuroxime (as Cefuroxime Axetil BP) 500 mg,,J01DC02,https://greenbook.nafdac.gov.ng/products/details/2921,2026-09-27T21:50:58.439770+00:00
Greenbook NAFDAC,1380,4663,Cefuroxime 250 mg Tablets##,1,Drugs,"{'id': 1, 'name': 'Drugs', 'created_at': '-000001-11-30T00:00:00.000000Z', 'updated_at': '2022-03-17T16:53:12.000000Z', 'deleted_at': None}",456,Cefuroxime (Cefuroxime Axetil),,04-9658,1,Tablet,1,Oral,250 mg,27,Fidson Healthcare PLC,2022-01-27,2027-01-26,Active,"Coated Tablet
White to slightly yellowish, biconvex, oblong tablets scored on both sides. The tablet can be divided into equal doses

Cefuroxime 250Mg Tablets	04-9658	Cefuroxime	CEFUROXIME 		ANTIBIOTICS	CEFUROXIME 250MG 	TABLETS	1 X 10	PRESCRIPTION ONLY MEDICINE	TREATMENT OF INFECTIONS CAUSED BY SUSCEPTIBLE MICRO-ORGANISMS	FIDSON HEALTHCARE PLC.	NIGERIA	THE MADRAS PHARMACEUTICALS	INDIA	01/27/2022	01/26/2027
",1 x 10&#039;s (in Alu-Alu blister),"Each tablet contains: Cefuroxime Axetil 300.72 mg equivalent to Cefuroxime 250 mg
Excipient with known effect: Aspartame 0.3 mg
Excipients q.s.",https://admin.greenbook.nafdac.gov.ng/uploadImage/smpc_files/2023/05/28/2023052880458ab0-f917-547d-96b7-a951154d673f.pdf,J01DC02,https://greenbook.nafdac.gov.ng/products/details/4663,2026-09-27T21:50:58.439770+00:00
Greenbook NAFDAC,1381,296,Cefuroxime 500 mg Tablets##,1,Drugs,"{'id': 1, 'name': 'Drugs', 'created_at': '-000001-11-30T00:00:00.000000Z', 'updated_at': '2022-03-17T16:53:12.000000Z', 'deleted_at': None}",456,Cefuroxime (Cefuroxime Axetil),,A4-100068,1,Tablet,1,Oral,500 mg,303,Swiss Pharma Nigeria Limited,2021-06-24,2026-06-23,Inactive,Tablet,,"Each tablet contains: Cefuroxime (as Cefuroxime Axetil) 500 mg
Excipients q.s.",,J01DC02,https://greenbook.nafdac.gov.ng/products/details/296,2026-09-27T21:50:58.439770+00:00
Greenbook NAFDAC,1382,4664,Cefuroxime 500 mg Tablets## (check composition),1,Drugs,"{'id': 1, 'name': 'Drugs', 'created_at': '-000001-11-30T00:00:00.000000Z', 'updated_at': '2022-03-17T16:53:12.000000Z', 'deleted_at': None}",456,Cefuroxime (Cefuroxime Axetil),,04-9506,1,Tablet,1,Oral,500 mg,27,Fidson Healthcare PLC,2022-01-27,2027-01-26,Active,"Tablet
White to off white circular tablets

Cefuroxime 500Mg Tablets	04-9506	Cefuroxime	CEFUROXIMEs		ANTIBIOTICS	CEFUROXIME 500MG 	TABLETS	1 X 10	PRESCRIPTION ONLY MEDICINE	TREATMENT OF INFECTIONS CAUSED BY SUSCEPTIBLE MICRO-ORGANISMS	FIDSON HEALTHCARE PLC.	NIGERIA	THE MADRAS PHARMACEUTICALS	INDIA	01/27/2022	01/26/2027
",1 x 10&#039;s (in Alu-Alu blister),"Cefuroxime 500 mg coated tablets contains: Cefuroxime Axetil 300.72 mg equivalent to Cefuroxime 250 mg
Excipients q,s.",https://admin.greenbook.nafdac.gov.ng/uploadImage/smpc_files/2024/09/18/202409188d8f4e8c-3a8d-57f3-93a8-d9954afdb47d.pdf,J01DC02,https://greenbook.nafdac.gov.ng/products/details/4664,2026-09-27T21:50:58.439770+00:00
Greenbook NAFDAC,1383,6519,Cefuroxime Axetil 500 mg Tablets##,1,Drugs,"{'id': 1, 'name': 'Drugs', 'created_at': '-000001-11-30T00:00:00.000000Z', 'updated_at': '2022-03-17T16:53:12.000000Z', 'deleted_at': None}",456,Cefuroxime (Cefuroxime Axetil),,B4-7267,1,Tablet,1,Oral,500 mg,761,Anyi-Tex Pharmaceuticals Limited,2023-11-30,2028-11-29,Active,"Tablet

73	RNW-PP-276769	CEFUROXIME AXETIL 500MG TABLETS	CEFUROXIME AXETIL USP 500MG	CEFUROXIME AXETIL USP 500MG EXCIPIENTS: q.s.	B4-7267	Drugs	Imported Products	10x1x10TAB ALU ALU	Prescription Only Medicine (POM)	8/6/2022	ANYI-TEX PHARMACEUTICALS LIMITED, ABAZUONU STREET ONITSHA ANAMBRA	9066116994	anyitexpharm@gmail.com	WEST COAST PHARMACEUTICAL WORKS LTD., NO 17 &amp; 16/5 MERDI ESTATE, B/S MELDI MATA TEMPLE, NR. GOTA RAILWAY CROSSING. AT: GOTA, AHMEDABAD - 382 481, GUJARAT, INDIA, India",10 x 1 x 10&#039;s (in Alu-Alu packs),"Each tablet contains: Cefuroxime Axetil USP 500 mg
Excipients: q.s.",https://admin.greenbook.nafdac.gov.ng/uploadImage/smpc_files/2023/12/18/202312184c0f9b9d-fefc-5f99-b161-e994a59108c3.pdf,J01DC02,https://greenbook.nafdac.gov.ng/products/details/6519,2026-09-27T21:50:58.439770+00:00
Greenbook NAFDAC,1384,2922,Cefuroxime Axetil for Oral Suspension##,1,Drugs,"{'id': 1, 'name': 'Drugs', 'created_at': '-000001-11-30T00:00:00.000000Z', 'updated_at': '2022-03-17T16:53:12.000000Z', 'deleted_at': None}",456,Cefuroxime (Cefuroxime Axetil),,C4-1398,72,Powder for suspension,1,Oral,125 mg/5 mL,367,Excel Charis Pharmaceutical Chemical Limited,2020-12-21,2025-12-20,Inactive,"Powder for Oral Suspension
",1 x 70 mL (in bottle),"Each 5 mL reconstituted suspension contains: Cefuroxime Axetil USP equivalent to Cefuroxime 125 mg
Excipients q.s.",https://admin.greenbook.nafdac.gov.ng/uploadImage/smpc_files/2025/04/18/2025041842670f20-45eb-5d40-bdb2-ac7634e17ee1.pdf,J01DC02,https://greenbook.nafdac.gov.ng/products/details/2922,2026-09-27T21:50:58.439770+00:00
Greenbook NAFDAC,1385,10630,Cefuroxime Axetil Tablets USP 500 mg##,1,Drugs,"{'id': 1, 'name': 'Drugs', 'created_at': '-000001-11-30T00:00:00.000000Z', 'updated_at': '2022-03-17T16:53:12.000000Z', 'deleted_at': None}",456,Cefuroxime (Cefuroxime Axetil),,A4-101164,1,Tablet,1,Oral,500 mg,1651,REMEDIAL HEALTH SOLUTIONS LIMITED,2025-01-30,2030-01-29,Active,"Tablet

NF-PP-444071	CEFUROXIME AXETIL TABLETS USP 500MG	Cefuroxime Axetil USP, Eq. to Cefuroxime 500mg, Excipients Q.S.	Cefuroxime Axetil USP eq. to Cefuroxime 500mg. Excipients: Microstalline Cellulose, Sodium Lauryl Sulphate, Colloidal Anhydrous Silica, Magnessium Stearate, Crospovidone, Titanium Dioxide, Isopropyl Alcohol, Dichloromethane.		Drugs	Imported Products	1x10Tablets	POM 1	9/8/2024	REMEDIAL HEALTH SOLUTIONS LIMITED, 12, ELERUWA STREET, WEMABOD ESTATE, IKEJA, , LAGOS	7036499888	remedialhealthsolutionslimited@gmail.com	SWISS PHARMA PVT..LTD., Plot No. 3709, G.I.D.C., Phase -IV, Vatva, Ahmedabad-382445,India., India						]					",1 x 10&#039;s (in Alu-Alu blister),"Each film coated tablet contains: Cefuroxime Axetil USP equivalent to Cefuroxime 500 mg
Excipients q.s.
Color: Titanium Dioxide BP
",https://admin.greenbook.nafdac.gov.ng/uploadImage/smpc_files/2025/03/21/2025032104109f4e-5b5c-5244-b627-8aacecaf4e68.pdf,J01DC02,https://greenbook.nafdac.gov.ng/products/details/10630,2026-09-27T21:50:58.439770+00:00
Greenbook NAFDAC,1386,11434,Cefuroxime Axetil Tablets USP 500 mg_,1,Drugs,"{'id': 1, 'name': 'Drugs', 'created_at': '-000001-11-30T00:00:00.000000Z', 'updated_at': '2022-03-17T16:53:12.000000Z', 'deleted_at': None}",456,Cefuroxime (Cefuroxime Axetil),,A4-101404,1,Tablet,1,Oral,500 mg,1305,NOVAMED LIFE SCIENCES LTD,2025-07-30,2030-07-29,Active,"Tablet.
White to off-white colored, capsule-shaped, standard biconvex and film-coated tablets with a break line on one side
",1 x 10&#039;s (in Alu-Alu blister),"Each tablet contains: Cefuroxime Axetil equiv. to Cefuroxime 500 mg
Excipients q.s.",https://admin.greenbook.nafdac.gov.ng/uploadImage/smpc_files/2025/08/27/20250827d590627e-7194-59f7-9ada-9016fcaa8746.pdf,J01DC02,https://greenbook.nafdac.gov.ng/products/details/11434,2026-09-27T21:50:58.439770+00:00
Greenbook NAFDAC,1387,4781,Cefuroxime Oral Suspension## (check smpc),1,Drugs,"{'id': 1, 'name': 'Drugs', 'created_at': '-000001-11-30T00:00:00.000000Z', 'updated_at': '2022-03-17T16:53:12.000000Z', 'deleted_at': None}",456,Cefuroxime (Cefuroxime Axetil),,A4-0677,102,Suspension,1,Oral,125 mg/5 mL,27,Fidson Healthcare PLC,2022-01-27,2027-01-27,Active,"Suspension

Cefuroxime Oral Suspension	A4-0677	Cefuroxime	CEFUROXIME  		ANTIBIOTICS	CEFUROXIME  USP 125MG/5ML	SUSPENSION	1 X 70ML	PRESCRIPTION ONLY MEDICINE	TREATMENT OF INFECTIONS CAUSED BY SUSCEPTIBLE MICRO-ORGANISMS	FIDSON HEALTHCARE PLC.	NIGERIA	THE MADRAS PHARMACEUTICALS	INDIA	01/27/2022	01/26/2027",1 x 70 mL (in HDPE bottle),"Each 5 mL contains: Cefuroxime Axetil USP 125 mg
Excipients q.s.",https://admin.greenbook.nafdac.gov.ng/uploadImage/smpc_files/2024/09/18/2024091802178422-10ab-53b9-90a2-992ddffb5932.pdf,J01DC02,https://greenbook.nafdac.gov.ng/products/details/4781,2026-09-27T21:50:58.439770+00:00
Greenbook NAFDAC,1388,6523,Cefuroxime Suspension##,1,Drugs,"{'id': 1, 'name': 'Drugs', 'created_at': '-000001-11-30T00:00:00.000000Z', 'updated_at': '2022-03-17T16:53:12.000000Z', 'deleted_at': None}",456,Cefuroxime (Cefuroxime Axetil),,A4-100595,102,Suspension,1,Oral,125 mg/5 mL,303,Swiss Pharma Nigeria Limited,2023-11-30,2028-11-29,Active,"Suspension
White free flowing powder. It gives white colored flavored suspension after reconstitution as per the label

134	NF-PP-295881	Cefuroxime Suspension	Cefuroxime Axetil	Cefuroxime axetil 125mg/5ml	A4-100595	Drugs	Imported Products	1x50ml,1x100ml	POM 1	11/17/2022	SWISS PHARMA NIGERIA LIMITED, , DOPEMU ROAD, IKEJA LAGOS	17745276	swipha@swiphanigeria.com	VAPI CARE PHARMA PVT LTD- 396-195, VAPI CARE PHARMA PVT LTD., Plot No 225/3, G.I.D.C, Near Morarji Circle, Vapi -396-195, Gujarat, INDIA , India
														
														
														
														
														
														
","1 x 50 mL, 1 x 100 mL (in amber glass bottle)","Each 5 mL of reconstitution suspension contains: Cefuroxime Axetil USP equivalent to Cefuroxime 125 mg
Excipients q.s.",https://admin.greenbook.nafdac.gov.ng/uploadImage/smpc_files/2023/12/18/20231218298750b3-d15f-5dbc-aa6c-9234f7f631fd.pdf,J01DC02,https://greenbook.nafdac.gov.ng/products/details/6523,2026-09-27T21:50:58.439770+00:00
Greenbook NAFDAC,1389,8975,Cefzone Injection with Lidocaine**,1,Drugs,"{'id': 1, 'name': 'Drugs', 'created_at': '-000001-11-30T00:00:00.000000Z', 'updated_at': '2022-03-17T16:53:12.000000Z', 'deleted_at': None}",1541,Ceftriaxone (Ceftriaxone Sodium),,C4-1873,70,Powder for injection,9,Intramuscular,1000 mg,169,Evans Therapeutics Limited,2021-09-28,2026-09-27,Active,Powder for solution for injection in a vial plus Lidocaine Hydrochloride Injection (1% w/v) as diluent in ampoule,1 g x 1&#039;s (in glass vial) + 3.5 mL Lidocaine 1% (in ampoule),"Each combipack contains:
A. One vial of Ceftriaxone Sodium equiv. to Ceftriaxone 1000 mg
B. One ampoule of Lidocaine Hydrochloride Injection (1% w/v), 3.5 mL",,J01DD04,https://greenbook.nafdac.gov.ng/products/details/8975,2026-09-27T21:50:58.439770+00:00
Greenbook NAFDAC,1390,8976,Cefzone Injection with SWFI**,1,Drugs,"{'id': 1, 'name': 'Drugs', 'created_at': '-000001-11-30T00:00:00.000000Z', 'updated_at': '2022-03-17T16:53:12.000000Z', 'deleted_at': None}",1541,Ceftriaxone (Ceftriaxone Sodium),,A4-3306,70,Powder for injection,12,Intravenous,1000 mg,169,Evans Therapeutics Limited,2021-09-28,2026-09-27,Active,Powder for solution for injection in a vial plus Sterile Water for Injection (SWFI) as diluent in ampoule,1 g x 1&#039;s (in vial) + 10 mL SWFI (in ampoule),"Each combipack contains:
A. One vial of Ceftriaxone Sodium USP equiv. to Ceftriaxone 1000 mg
B. One ampoule of Sterile Water for Injection 10 mL (as diluent)",,J01DD04,https://greenbook.nafdac.gov.ng/products/details/8976,2026-09-27T21:50:58.439770+00:00
Greenbook NAFDAC,1391,7920,Celcarb 450 Injection**,1,Drugs,"{'id': 1, 'name': 'Drugs', 'created_at': '-000001-11-30T00:00:00.000000Z', 'updated_at': '2022-03-17T16:53:12.000000Z', 'deleted_at': None}",725,Carboplatin,,A4-5040,113,Concentrate for solution for infusion,12,Intravenous,450 mg/45 mL,216,L&#039;PaceMaker Pharmaceuticals Limited,2021-06-24,2026-06-23,Inactive,Concentrate for solution for infusion in 45-mL vial,45 mL x 1&#039;s (in vial),Each mL contains: Carboplatin 10 mg (450 mg/45 mL),,L01XA02,https://greenbook.nafdac.gov.ng/products/details/7920,2026-09-27T21:50:58.439770+00:00
Greenbook NAFDAC,1392,7921,Celdach 100 Injection**,1,Drugs,"{'id': 1, 'name': 'Drugs', 'created_at': '-000001-11-30T00:00:00.000000Z', 'updated_at': '2022-03-17T16:53:12.000000Z', 'deleted_at': None}",732,Oxaliplatin,,A4-4792,69,Powder for infusion,12,Intravenous,100 mg,216,L&#039;PaceMaker Pharmaceuticals Limited,2021-06-24,2026-06-23,Inactive,Powder for solution for infusion in a vial,100 mg x 1&#039;s (in vial),Each vial contains: Oxaliplatin USP 100 mg,,L01XA03,https://greenbook.nafdac.gov.ng/products/details/7921,2026-09-27T21:50:58.439770+00:00
Greenbook NAFDAC,1393,4302,Celebrex 200 mg Capsule**,1,Drugs,"{'id': 1, 'name': 'Drugs', 'created_at': '-000001-11-30T00:00:00.000000Z', 'updated_at': '2022-03-17T16:53:12.000000Z', 'deleted_at': None}",73,Celecoxib,,04-2108,2,Capsule,1,Oral,200 mg,260,Pfizer Specialties Ltd,2020-11-30,2025-11-29,Inactive,"Hard capsules (capsule).
Opaque, white with two gold bands marked 7767 and 200",1 x 10&#039;s (in clear or opaque PVC/aluminium blister),"Each capsule contains 200 mg celecoxib

Excipient with known effect:
Each capsule contains 49.8 mg Lactose monohydrate",https://admin.greenbook.nafdac.gov.ng/uploadImage/smpc_files/2024/10/11/202410111fce4d43-af13-5b39-a7dc-ddbc34f94b01.pdf,M01AH01,https://greenbook.nafdac.gov.ng/products/details/4302,2026-09-27T21:50:58.439770+00:00
Greenbook NAFDAC,1394,7153,Celecoxib 200 mg Capsule##,1,Drugs,"{'id': 1, 'name': 'Drugs', 'created_at': '-000001-11-30T00:00:00.000000Z', 'updated_at': '2022-03-17T16:53:12.000000Z', 'deleted_at': None}",73,Celecoxib,,A4-100725,2,Capsule,1,Oral,200 mg,376,First J. Pocco Pharmacy Limited,2024-01-31,2029-01-30,Active,"Hard Gelatin Capsule

3	NF-PP-288174	CELECOXIB 200MG CAPSULE	CELECOXIB 200MG	CELECOXIB 200MG, MAIZE STARCH, SODIUM LAURYL SULPHATE, ISOPROPYL ALCOHOL, PURIFIED TALC, POVIDONE K-30	A4-100725	Drugs	Imported Products	3*10	Prescription Only Medicine (POM)	10/19/2022	FIRST J. POCCO PHARMACY LIMITED, 89, DENNIS OSADEBE WAY, ASABA DELTA	8037949861	jpocco47@gmail.com	SCOTT-EDIL PHARMACIA LTD (UNIT 11), 21-22 E.P.I.P PHASE-1 JHARMAJRI, BADDI, DIST SOLAN (H.P) INDIA , India",3 x 10&#039;s (in Alu-Alu blisters),"Each hard gelatin capsule contains: Celecoxib BP 200 mg
Excipients q.s.",https://admin.greenbook.nafdac.gov.ng/uploadImage/smpc_files/2024/02/16/20240216216303c8-5c4f-5fe8-8920-c1d272b2f496.pdf,M01AH01,https://greenbook.nafdac.gov.ng/products/details/7153,2026-09-27T21:50:58.439770+00:00
Greenbook NAFDAC,1395,7302,Celecoxib 200 mg Capsule##,1,Drugs,"{'id': 1, 'name': 'Drugs', 'created_at': '-000001-11-30T00:00:00.000000Z', 'updated_at': '2022-03-17T16:53:12.000000Z', 'deleted_at': None}",73,Celecoxib,,A4-100816,2,Capsule,1,Oral,200 mg,506,AnnyGod Pharmaceutical Company Ltd,2024-04-30,2029-05-01,Active,"Capsule

47	NF-PP-343880	CELECOXIB 200MG CAPSULE	CELECOXIB 200MG	CELECOXIB 200MG, MAIZE STARCH, LACTOSE, MAGNESIUM STEARATE	A4-100816	Drugs	Imported Products	3*10	POM 1	ANNYGOD PHARMACEUTICAL COMPANY LTD, 28 UKWULU STREET, AWADA OBOSI, ANAMBRA STATE	46820296	annygod_pharma@hotmail.com	ALPA LABORATORIES LTD, 33/2, PIGDAMBER A.B. ROAD-453 446 DISTT. INDORE-(M.P.) INDIA, India",3 x 10&#039;s (in blisters),"Each tablet contains: Celecoxib 200 mg
Excipients: Maize Starch BP, Lactose Monohydrate BP, Magnesium Stearate BP, Sodium Lauryl Sulphate BP, Purified Talc, Croscarmellose Sodium BP",https://admin.greenbook.nafdac.gov.ng/uploadImage/smpc_files/2024/05/17/202405174276c9c5-67cc-5a3a-8f86-8b1548611b24.pdf,M01AH01,https://greenbook.nafdac.gov.ng/products/details/7302,2026-09-27T21:50:58.439770+00:00
Greenbook NAFDAC,1396,7922,Celecoxib 200 mg Capsules**,1,Drugs,"{'id': 1, 'name': 'Drugs', 'created_at': '-000001-11-30T00:00:00.000000Z', 'updated_at': '2022-03-17T16:53:12.000000Z', 'deleted_at': None}",73,Celecoxib,,C4-1614,2,Capsule,1,Oral,200 mg,761,Anyi-Tex Pharmaceuticals Limited,2021-02-25,2026-02-24,Inactive,White powder filled in Size &quot;2&quot; opaque white cap and opaque white body hard gelatin capsule,3 x 10&#039;s (in Alu-Alu blisters),"Celecoxib Capsules 200 mg.
Each capsule contains: Celecoxib 200 mg",https://admin.greenbook.nafdac.gov.ng/uploadImage/smpc_files/2024/07/24/20240724e53cf4f2-c416-502c-803a-7b1bd79e3734.pdf,,https://greenbook.nafdac.gov.ng/products/details/7922,2026-09-27T21:50:58.439770+00:00
Greenbook NAFDAC,1397,11439,Celecoxib 200 mg Capsules_,1,Drugs,"{'id': 1, 'name': 'Drugs', 'created_at': '-000001-11-30T00:00:00.000000Z', 'updated_at': '2022-03-17T16:53:12.000000Z', 'deleted_at': None}",73,Celecoxib,,A4-101347,2,Capsule,1,Oral,200 mg,687,Morehope Pharma Limited,2025-06-25,2030-06-24,Active,Solid Capsule,10 x 10&#039;s (in Alu-PVC blisters),"Each capsule contains: Celecoxib Capsules BP 200 mg
Excipients q.s.",https://admin.greenbook.nafdac.gov.ng/uploadImage/smpc_files/2025/07/24/20250724e51149b2-d8c1-5e42-8dc6-8517530891fc.pdf,M01AH01,https://greenbook.nafdac.gov.ng/products/details/11439,2026-09-27T21:50:58.439770+00:00
Greenbook NAFDAC,1398,4782,Celecoxib Sandoz 200 mg Capsules##,1,Drugs,"{'id': 1, 'name': 'Drugs', 'created_at': '-000001-11-30T00:00:00.000000Z', 'updated_at': '2022-03-17T16:53:12.000000Z', 'deleted_at': None}",73,Celecoxib,,B4-5122,2,Capsule,1,Oral,200 mg,250,Novartis Nigeria Limited,2023-05-25,2028-05-24,Active,"Hard Capsule
Capsule (Length: 19.1 – 19.7 mm): white body and orange cap, containing white to slightly yellowish pellets

Celecoxib Sandoz 200mg Capsules	CELECOXIB	Active: Celecoxib 200mg; Excipient: Lactose Monohydrate, Sodium Lauryl sulfate, Carrageenan cellulose, microcrystalline silica, colloidal anhydrous talk, purified magnesium stearate, gelatin, titanium dioxide, Iron oxide red, Iron oxide yellow	B4-5122	Drugs	Imported Products	2*10	Prescription Only Medicine (POM)	3/30/2020	NOVARTIS NIGERIA LIMITED, LANDMARK BUILDING 52/54 ISAAC JOHN STREET IKEJA-GRA LAGOS LAGOS	2.34707E+12	nguavese.saror@novartis.com	LEK PHARMACEUTICALS, VEROVSKOVA 57, LJUBLJANA 1526, SLOVENIA, Slovenia
",2 x 10&#039;s (in PVC-Alu blisters),"Each hard capsule contains: Lactose (as Lactose Monohydrate) 13.3 mg
Excipients q.s.",https://admin.greenbook.nafdac.gov.ng/uploadImage/smpc_files/2023/08/22/202308223e227da6-78d5-5f15-a401-000683ebee3f.pdf,M01AH01,https://greenbook.nafdac.gov.ng/products/details/4782,2026-09-27T21:50:58.439770+00:00
Greenbook NAFDAC,1399,7923,Celeez 200 Capsules**,1,Drugs,"{'id': 1, 'name': 'Drugs', 'created_at': '-000001-11-30T00:00:00.000000Z', 'updated_at': '2022-03-17T16:53:12.000000Z', 'deleted_at': None}",73,Celecoxib,,C4-1655,2,Capsule,1,Oral,200 mg,253,Onifam Laboratories Limited,2021-03-29,2026-03-28,Inactive,White Powder filled in Size &quot;2&quot; opaque white cap and opaque white body hard gelatin capsule,3 x 10&#039;s,Celecoxib Capsules 200 mg,https://admin.greenbook.nafdac.gov.ng/uploadImage/smpc_files/2024/08/16/20240816ae97b254-7a0c-5f60-bbbc-6626b679e949.pdf,,https://greenbook.nafdac.gov.ng/products/details/7923,2026-09-27T21:50:58.439770+00:00
Greenbook NAFDAC,1400,4783,Celicet Tablets##,1,Drugs,"{'id': 1, 'name': 'Drugs', 'created_at': '-000001-11-30T00:00:00.000000Z', 'updated_at': '2022-03-17T16:53:12.000000Z', 'deleted_at': None}",441,Cefixime (Cefixime Trihydrate),,B4-6916,1,Tablet,1,Oral,400 mg,222,Maydon Pharmaceuticals Limited,2023-02-23,2028-02-22,Active,"Film Coated Tablet

CELICET TABLETS	B4-6916	CELICET TABLETS	EACH FILM COATED TABLET CONTAINS: CEFIXIME USP (AS TRIHYDRATE) EQ. TO ANHYDROUS CEFIXIME 400MG EXCIPIENTS: STERATE HYPROMELLOSE MACROGOL 6000 CALCIUM HYDROGEN PHOSPHATE DIHYDRATE MAGNESIUM MICRO CRYSTALLINE, PREGELATINISE STARCH TITANIUM DIOXIDE PURIFIED WATER					Prescription Only Medicine (POM)		MAYDON PHARMACEUTICAL LIMITED., WILMER STREET, OFF TOWN PLANNING, ILUPEJU, LAGOS LAGOS		BAROQUE PHARMACEUTICALS PVT. LTD, 192/2 &amp;3, SOKHADA -388 620, TA. KHAMBHAT,DISTRICT: ANAND, GUJARAT STATE, INDIA., India		23/02/2023	22/02/2028",10 x 1 x 10&#039;s (in Alu-Alu blisters),"Each tablet contains: Cefixime (as Cefixime Trihydrate) 400 mg
Excipients q.s.",https://admin.greenbook.nafdac.gov.ng/uploadImage/smpc_files/2024/10/20/202410200f25e55b-c05d-5434-98dd-63b75991d853.pdf,J01DD08,https://greenbook.nafdac.gov.ng/products/details/4783,2026-09-27T21:50:58.439770+00:00
Greenbook NAFDAC,1401,11440,Cellcept Tablets_,1,Drugs,"{'id': 1, 'name': 'Drugs', 'created_at': '-000001-11-30T00:00:00.000000Z', 'updated_at': '2022-03-17T16:53:12.000000Z', 'deleted_at': None}",737,Mycophenolate Mofetil,Mycophenolic Acid,A4-4779,1,Tablet,1,Oral,250 mg,669,World Wide Commercial Ventures Ltd,2025-07-30,2030-07-29,Active,"Tablet.
Oblong, blue/brown, branded with black &quot;CellCept 250&quot; on the capsule cap and &quot;Roche&quot; on the capsule body",5 x 10&#039;s (in PVC-Alu blisters),"Each tablet contains: Mycophenolate Mofetil 250 mg
Excipients q.s.",https://admin.greenbook.nafdac.gov.ng/uploadImage/smpc_files/2025/09/04/20250904004c2549-fca7-5e07-ac6b-9e08a45610b8.pdf,L04AA06,https://greenbook.nafdac.gov.ng/products/details/11440,2026-09-27T21:50:58.439770+00:00
Greenbook NAFDAC,1402,11441,Cellcept Tablets_,1,Drugs,"{'id': 1, 'name': 'Drugs', 'created_at': '-000001-11-30T00:00:00.000000Z', 'updated_at': '2022-03-17T16:53:12.000000Z', 'deleted_at': None}",737,Mycophenolate Mofetil,Mycophenolic Acid,A4-4779,1,Tablet,1,Oral,250 mg,669,World Wide Commercial Ventures Ltd,2025-07-30,2030-07-29,Active,"Tablet.
Oblong, blue/brown, branded with black &quot;CellCept 250&quot; on the capsule cap and &quot;Roche&quot; on the capsule body",5 x 10&#039;s (in PVC-Alu blisters),"Each tablet contains: Mycophenolate Mofetil 250 mg
Excipients q.s.",https://admin.greenbook.nafdac.gov.ng/uploadImage/smpc_files/2025/09/04/20250904004c2549-fca7-5e07-ac6b-9e08a45610b8.pdf,L04AA06,https://greenbook.nafdac.gov.ng/products/details/11441,2026-09-27T21:50:58.439770+00:00
Greenbook NAFDAC,1403,7924,Celoncelzar 1000 Injection**,1,Drugs,"{'id': 1, 'name': 'Drugs', 'created_at': '-000001-11-30T00:00:00.000000Z', 'updated_at': '2022-03-17T16:53:12.000000Z', 'deleted_at': None}",718,Gemcitabine (Gemcitabine Hydrochloride),,A4-6670,70,Powder for injection,12,Intravenous,1 g,216,L&#039;PaceMaker Pharmaceuticals Limited,2021-06-24,2026-06-23,Inactive,Powder for solution for injection in vial,1 g x 1&#039;s (in vial),Each vial contains: Gemcitabine Hydrochloride USP equiv. to Gemcitabine 1000 mg,,L01BC05,https://greenbook.nafdac.gov.ng/products/details/7924,2026-09-27T21:50:58.439770+00:00
Greenbook NAFDAC,1404,267,Celotran Powder For Oral Suspension##,1,Drugs,"{'id': 1, 'name': 'Drugs', 'created_at': '-000001-11-30T00:00:00.000000Z', 'updated_at': '2022-03-17T16:53:12.000000Z', 'deleted_at': None}",441,Cefixime (Cefixime Trihydrate),,B4-6079,72,Powder for suspension,1,Oral,100 mg/5 mL,299,Standard Generics Limited,2021-10-28,2026-10-27,Active,Powder for Oral Suspension,1 x 100 mL,Each 5 mL contains: Cefixime (as Cefixime Trihydrate) 100 mg,,J01DD08,https://greenbook.nafdac.gov.ng/products/details/267,2026-09-27T21:50:58.439770+00:00
Greenbook NAFDAC,1405,6387,Celoxigen-100 Capsules##,1,Drugs,"{'id': 1, 'name': 'Drugs', 'created_at': '-000001-11-30T00:00:00.000000Z', 'updated_at': '2022-03-17T16:53:12.000000Z', 'deleted_at': None}",73,Celecoxib,,A4-100581,2,Capsule,1,Oral,100 mg,179,Geneith Pharmaceuticals Limited,2023-10-31,2028-10-30,Active,"Hard Gelatin Capsules

75	NF-PP-344331	CELOXIGEN -100 CAPSULES	CELECOXIB 100 MG	CELOXIGEN BP 100 MG EXCIPIENTS: Lactose Monohydrate, Sodium Lauryl Sulfate, Crospovidone Type-B, Hydroxy Propyl Cellulose, Sodium Stearyl Fumarate	A4-100581	Drugs	Imported Products	1*10	POM 2	7/24/2023	GENEITH PHARMACEUTICALS LIMITED, ADEWALE CRESCENT, OFF EWENLA STREET, OSHODI ISOLO LAGOS	8122912281	ngouzoamaka@yahoo.com	NOVAGEN HEALTHCARE PVT. LTD, PLOT NO. 102-111, HORIZON IND. PARK, N.H. NO.48 AT: BAMANGAM, DIST-VADODARA-391 243 GUJARAT STATE, INDIA., India",1 x 10&#039;s (in PVC-Alu blister),"Each hard gelatin capsule contains: Celecoxib BP 100 mg
Excipients: Maize Starch, Sodium Lauryl Sulphate, Crospovidone (XL-10), Povidone K-30, Isopropyl alcohol, Purified Talc, Colloidal Silicon Dioxide, Magnesium Stearate",https://admin.greenbook.nafdac.gov.ng/uploadImage/smpc_files/2023/11/11/202311112dd9c125-d2ac-558c-b681-c9294b91bf13.pdf,M01AH01,https://greenbook.nafdac.gov.ng/products/details/6387,2026-09-27T21:50:58.439770+00:00
Greenbook NAFDAC,1406,6388,Celoxigen-200 Capsules##,1,Drugs,"{'id': 1, 'name': 'Drugs', 'created_at': '-000001-11-30T00:00:00.000000Z', 'updated_at': '2022-03-17T16:53:12.000000Z', 'deleted_at': None}",73,Celecoxib,,A4-100582,2,Capsule,1,Oral,200 mg,179,Geneith Pharmaceuticals Limited,2023-10-31,2028-10-30,Active,"Hard Gelatin Capsules

76	NF-PP-344338	CELOXIGEN-200 CAPSULES	CELECOXIB 200MG	Each capsule contains: CELECOXIB BP 200MG EXCIPIENTS: Lactose Monohydrate, Sodium Lauryl Sulfate, Crospovidone Type-B, Hydroxy Propyl Cellulose, Sodium Stearyl Fumarate	A4-100582	Drugs	Imported Products	1*10	POM 2	7/24/2023	GENEITH PHARMACEUTICALS LIMITED, ADEWALE CRESCENT, OFF EWENLA STREET, OSHODI ISOLO LAGOS	8122912281	ngouzoamaka@yahoo.com	NOVAGEN HEALTHCARE PVT. LTD, PLOT NO. 102-111, HORIZON IND. PARK, N.H. NO.48 AT: BAMANGAM, DIST-VADODARA-391 243 GUJARAT STATE, INDIA., India",1 x 10&#039;s (in PVC-Alu blisters),"Each hard gelatin capsule contains: Celecoxib BP 200 mg
Excipients: Maize Starch, Sodium Lauryl Sulphate, Crospovidone (XL-10), Povidone K-30, Isopropyl alcohol, Purified Talc, Colloidal Silicon Dioxide, Magnesium Stearate",https://admin.greenbook.nafdac.gov.ng/uploadImage/smpc_files/2023/11/11/20231111264541d7-c050-594b-825c-4ed42599d57c.pdf,M01AH01,https://greenbook.nafdac.gov.ng/products/details/6388,2026-09-27T21:50:58.439770+00:00
Greenbook NAFDAC,1407,7925,Celplat-50 Injection**,1,Drugs,"{'id': 1, 'name': 'Drugs', 'created_at': '-000001-11-30T00:00:00.000000Z', 'updated_at': '2022-03-17T16:53:12.000000Z', 'deleted_at': None}",727,Cisplatin,,A4-5450,70,Powder for injection,12,Intravenous,50 mg/50 mL,216,L&#039;PaceMaker Pharmaceuticals Limited,2021-06-24,2026-06-23,Inactive,Powder for solution for injection in 50-mL vial,50 mg x 1&#039;s (in vial),CISPLATIN 50MG/50ML,,L01XA01,https://greenbook.nafdac.gov.ng/products/details/7925,2026-09-27T21:50:58.439770+00:00
Greenbook NAFDAC,1408,12410,"Cemcee Artemether 80 mg, Lumefantrine 480 mg Tablet_",1,Drugs,"{'id': 1, 'name': 'Drugs', 'created_at': '-000001-11-30T00:00:00.000000Z', 'updated_at': '2022-03-17T16:53:12.000000Z', 'deleted_at': None}",528,Artemether; Lumefantrine,,B4-7423,1,Tablet,1,Oral,80 mg; 480 mg,812,Cemcee Pharmaceuticals Ltd,2025-11-26,2030-11-25,Active,"Tablet.
Yellow, round, concave-shaped, uncoated tablets with 80/480 embossed on one side and plain on the other side",1 x 6&#039;s (in Alu-PVC blister),"Each tablet contains: Artemether 80 mg, and Lumefantrine 480 mg
Excipients q.s.",https://admin.greenbook.nafdac.gov.ng/uploadImage/smpc_files/2025/12/23/20251223bfdfcc1b-6823-58a6-9fba-48a666206a05.pdf,P01BF01,https://greenbook.nafdac.gov.ng/products/details/12410,2026-09-27T21:50:58.439770+00:00
Greenbook NAFDAC,1409,49,Cemetrin Injection##,1,Drugs,"{'id': 1, 'name': 'Drugs', 'created_at': '-000001-11-30T00:00:00.000000Z', 'updated_at': '2022-03-17T16:53:12.000000Z', 'deleted_at': None}",665,Ergometrine maleate,,B4-3656,107,Solution for injection,9,Intramuscular,500 mcg/mL,145,Chez Resources Pharmaceutical Limited,2021-12-02,2026-12-01,Active,"Solution for Injection
Clear colorless or faintly yellow solution filled in 1 mL amber glass ampoules ",10 x 1 mL ampoules,"Each mL contains: Ergometrine Maleate 500 mcg
Excipients q.s.",https://admin.greenbook.nafdac.gov.ng/uploadImage/smpc_files/2023/05/28/202305283b48e75b-4ec5-551b-8dc2-f3e3e4cd241e.pdf,G02AB03,https://greenbook.nafdac.gov.ng/products/details/49,2026-09-27T21:50:58.439770+00:00
Greenbook NAFDAC,1410,6497,CENCA-C Injection## (incomplete smpc),1,Drugs,"{'id': 1, 'name': 'Drugs', 'created_at': '-000001-11-30T00:00:00.000000Z', 'updated_at': '2022-03-17T16:53:12.000000Z', 'deleted_at': None}",346,Ascorbic Acid,Vitamin C,04-8846,40,Injection,29,Intravenous; Intramuscular,500 mg/5 mL,437,Mednoral Pharmaceutical Limited,2023-11-30,2028-11-29,Active,"Injection

89	RNW-PP-270622	CENCA-C INJECTION	VITAMIN C	VITAMIN C 500MG/5ML	Apr-46	Drugs	Imported Products	5MLX10AMPOULES	POM 1	7/6/2022	MEDNORAL PHARMACEUTICAL LIMITED, NO.12, CHRIS EBIE STREET, OFF AGO PALACE WAY, OKOTA, LAGOS STATE.	33283730	mednoraln@gmail.com	JIANGSU RUINIAN QIAN JIN PHARMACEUTICAL CO, LTD, CHUANBU, YIXING ECONMIC DEVELOPMENT ZONE, JIANGSU PROVINCE, CHINA, China",10 x 5 mL ampoules,Each 5 mL contains: Vitamin C 500 mg,https://admin.greenbook.nafdac.gov.ng/uploadImage/smpc_files/2023/12/18/202312181ba5df30-78f3-5919-9d3d-d93ed10e5d8e.pdf,A11GA01,https://greenbook.nafdac.gov.ng/products/details/6497,2026-09-27T21:50:58.439770+00:00
Greenbook NAFDAC,1411,7926,Cenocide Tablets**,1,Drugs,"{'id': 1, 'name': 'Drugs', 'created_at': '-000001-11-30T00:00:00.000000Z', 'updated_at': '2022-03-17T16:53:12.000000Z', 'deleted_at': None}",577,Diethylcarbamazine,,04-2528,1,Tablet,1,Oral,50 mg,291,SKG - Pharma Ltd,2021-01-28,2026-01-27,Inactive,Tablet,1 x 100&#039;s,Each tablet contains: Diethylcarbamazine 50 mg,https://admin.greenbook.nafdac.gov.ng/uploadImage/smpc_files/2024/11/15/202411157f7c43d3-8a27-506e-bcdb-649f85cc4b1d.pdf,P02CB02,https://greenbook.nafdac.gov.ng/products/details/7926,2026-09-27T21:50:58.439770+00:00
Greenbook NAFDAC,1412,11442,Cenox-TN Tablet_,1,Drugs,"{'id': 1, 'name': 'Drugs', 'created_at': '-000001-11-30T00:00:00.000000Z', 'updated_at': '2022-03-17T16:53:12.000000Z', 'deleted_at': None}",462,Ciprofloxacin (Ciprofloxacin Hydrochloride); Tinidazole,,B4-9244,1,Tablet,1,Oral,500 mg,165,Elbe Pharma Nigeria Limited,2025-07-30,2030-07-29,Active,"Tablet.
Orange-colored, oval shaped, film-coated tablet plain on both sides",1 x 10&#039;s (in Alu-Alu blister),"Each tablet contains: Ciprofloxacin Hydrochloride USP equiv. to Ciprofloxacin 500 mg, and Tinidazole 600 mg
Excipients q.s.",https://admin.greenbook.nafdac.gov.ng/uploadImage/smpc_files/2025/08/22/202508226f6cf2dd-a33b-5f9a-a357-809389c86b51.pdf,J01RA11,https://greenbook.nafdac.gov.ng/products/details/11442,2026-09-27T21:50:58.439770+00:00
Greenbook NAFDAC,1413,4308,Centacid Suspension##,1,Drugs,"{'id': 1, 'name': 'Drugs', 'created_at': '-000001-11-30T00:00:00.000000Z', 'updated_at': '2022-03-17T16:53:12.000000Z', 'deleted_at': None}",152,Aluminium hydroxide; Magnesium hydroxide; Simeticone,,B4-1220,102,Suspension,1,Oral,250 mg/5 mL; 200 mg/5 mL; 40 mg/5 mL,127,Al-Tinez Pharmaceuticals Limited,2020-11-30,2025-11-29,Inactive,Suspension,,"Each 5 mL suspension contains: Aluminium Hydroxide Paste equivalent to Dried Aluminium Hydroxide Gel USP 250 mg, Magnesium Hydroxide Paste equivalent to Magnesium Hydroxide BP 200 mg, Simethicone USP 40 mg",,A02AF02,https://greenbook.nafdac.gov.ng/products/details/4308,2026-09-27T21:50:58.439770+00:00
Greenbook NAFDAC,1414,4303,Centaz Pentazocine Injection**,1,Drugs,"{'id': 1, 'name': 'Drugs', 'created_at': '-000001-11-30T00:00:00.000000Z', 'updated_at': '2022-03-17T16:53:12.000000Z', 'deleted_at': None}",54,Pentazocine (Pentazocine Lactate),,B4-6027,107,Solution for injection,29,Intravenous; Intramuscular,30 mg/mL,145,Chez Resources Pharmaceutical Limited,2021-08-26,2026-08-25,Inactive,Solution for injection in 1-mL ampoule,1 mL x 10&#039;s (in ampoules),"Pentazocine Injection BP 30 mg/mL.
Each mL contains: Pentazocine B.P. (as Lactate) 30 mg

Excipients:
Sodium Chloride BP, Lactic Acid, Water for Injection BP Q.S.",https://admin.greenbook.nafdac.gov.ng/uploadImage/smpc_files/2024/09/22/20240922087c63f4-d95d-52e7-a5be-e3d8299659aa.pdf,N02AD01,https://greenbook.nafdac.gov.ng/products/details/4303,2026-09-27T21:50:58.439770+00:00
Greenbook NAFDAC,1415,11702,Centgesic 300 Capsules_,1,Drugs,"{'id': 1, 'name': 'Drugs', 'created_at': '-000001-11-30T00:00:00.000000Z', 'updated_at': '2022-03-17T16:53:12.000000Z', 'deleted_at': None}",41,Pregabalin,,A4-101526,2,Capsule,1,Oral,300 mg,1627,Centcharly Pharma Ltd,2025-09-24,2030-09-23,Active,"Capsule.
Red/white colored hard gelatin capsule size &quot;0&quot; containing white powder",10 x 15&#039;s (in Alu-PVC blisters),"Each hard gelatin capsule contains: Pregabalin BP 300 mg
Excipients q.s.",https://admin.greenbook.nafdac.gov.ng/uploadImage/smpc_files/2025/11/12/202511124bd525af-967e-5604-b9c2-c7329a9fe1a4.pdf,N02BF02,https://greenbook.nafdac.gov.ng/products/details/11702,2026-09-27T21:50:58.439770+00:00
Greenbook NAFDAC,1416,11703,Centgesic 75 Capsules_,1,Drugs,"{'id': 1, 'name': 'Drugs', 'created_at': '-000001-11-30T00:00:00.000000Z', 'updated_at': '2022-03-17T16:53:12.000000Z', 'deleted_at': None}",41,Pregabalin,,A4-101470,2,Capsule,1,Oral,75 mg,1627,Centcharly Pharma Ltd,2025-08-27,2030-08-26,Active,"Capsule.
Red/white colored hard gelatin capsule size &quot;0&quot; containing white powder",1 x 14&#039;s (in Alu-PVC blister),"Each hard gelatin capsule contains: Pregabalin BP 75 mg
Excipients q.s.",https://admin.greenbook.nafdac.gov.ng/uploadImage/smpc_files/2025/10/31/2025103180b5450f-7ab4-5819-b9eb-50bfc8bc5ae1.pdf,N02BF02,https://greenbook.nafdac.gov.ng/products/details/11703,2026-09-27T21:50:58.439770+00:00
Greenbook NAFDAC,1417,4784,Cephaflash Capsules##,1,Drugs,"{'id': 1, 'name': 'Drugs', 'created_at': '-000001-11-30T00:00:00.000000Z', 'updated_at': '2022-03-17T16:53:12.000000Z', 'deleted_at': None}",437,Cefalexin,,B4-5534,2,Capsule,1,Oral,500 mg,231,Miraflash Nig Ltd,2022-08-25,2027-08-24,Active,"Capsule
Capsules, hard, size &quot;0&quot; white/purple

Cephaflash Capsules	B4-5534	Cephaflash	CEPHALEXIN 		ANTIBIOTICS	CEPHALEXIN 500MG	CAPSULES	 1 X 10	PRESCRIPTION ONLY MEDICINE	TREATMENT OF SUSCEPTIBLE BACTERIA INFECTIONS	MIRAFLASH NIGERIA LIMITED	NIGERIA	MIRAFLASH NIGERIA LIMITED	NIGERIA	08/25/2022	08/24/2027
",1 x 10&#039;s,"Each capsule contains: Cephalexin Monohydrate equivalent to 500 mg Cephalexin (Anhydrous)
Excipients q.s.",https://admin.greenbook.nafdac.gov.ng/uploadImage/smpc_files/2023/10/21/2023102115bf475a-f626-5bc2-a81a-5e183c05daf3.pdf,J01DB01,https://greenbook.nafdac.gov.ng/products/details/4784,2026-09-27T21:50:58.439770+00:00
Greenbook NAFDAC,1418,503,Ceremit-150 Capsule##,1,Drugs,"{'id': 1, 'name': 'Drugs', 'created_at': '-000001-11-30T00:00:00.000000Z', 'updated_at': '2022-03-17T16:53:12.000000Z', 'deleted_at': None}",494,Clindamycin (Clindamycin Hydrochloride),,A4-7654,2,Capsule,1,Oral,150 mg,451,Dony-Triumph and Company Nigeria Limited,2021-10-28,2026-10-27,Active,"Capsule
A red/white colored hard gelatin capsule size &quot;2&quot; containing white powder",1 x 10&#039;s (in PVC-Alu blister),"Each hard gelatin capsule contains: Clindamycin Hydrochloride USP equivalent to Clindamycin 150 mg
Excipients q.s.
Approved colors used in capsule shell",https://admin.greenbook.nafdac.gov.ng/uploadImage/smpc_files/2023/05/27/202305273c7e7a54-440f-5047-b283-8f1ac763881f.pdf,J01FF01,https://greenbook.nafdac.gov.ng/products/details/503,2026-09-27T21:50:58.439770+00:00
Greenbook NAFDAC,1419,504,Ceremit-300 Capsule##,1,Drugs,"{'id': 1, 'name': 'Drugs', 'created_at': '-000001-11-30T00:00:00.000000Z', 'updated_at': '2022-03-17T16:53:12.000000Z', 'deleted_at': None}",494,Clindamycin (Clindamycin Hydrochloride),,A4-7428,2,Capsule,1,Oral,300 mg,451,Dony-Triumph and Company Nigeria Limited,2021-10-28,2026-10-27,Active,Capsule,,Each capsule contains: Clindamycin Hydrochloride equivalent to Clindamycin 300 mg,,J01FF01,https://greenbook.nafdac.gov.ng/products/details/504,2026-09-27T21:50:58.439770+00:00
Greenbook NAFDAC,1420,11704,Ceroxim Injection 750 mg_,1,Drugs,"{'id': 1, 'name': 'Drugs', 'created_at': '-000001-11-30T00:00:00.000000Z', 'updated_at': '2022-03-17T16:53:12.000000Z', 'deleted_at': None}",1543,Cefuroxime (Cefuroxime Sodium),,C4-0170,40,Injection,12,Intravenous,750 mg,276,Ranbaxy Nigeria Limited,2025-08-27,2030-08-26,Active,"Injection.
Sterile, white or faintly yellow powder, distributed in sealed containers and which, when shaken with the prescribed volume of sterile liquid rapidly form clear and practically particle free solution",1 x 1 vial,Each vial contains: Anhydrous Cefuroxime 750 mg,https://admin.greenbook.nafdac.gov.ng/uploadImage/smpc_files/2025/10/15/2025101587caf4c3-d4ac-5141-8c27-93ac9dc2c018.pdf,J01DC02,https://greenbook.nafdac.gov.ng/products/details/11704,2026-09-27T21:50:58.439770+00:00
Greenbook NAFDAC,1421,5612,Ceroxim Powder for Suspension 250 mg/5 mL##,1,Drugs,"{'id': 1, 'name': 'Drugs', 'created_at': '-000001-11-30T00:00:00.000000Z', 'updated_at': '2022-03-17T16:53:12.000000Z', 'deleted_at': None}",456,Cefuroxime (Cefuroxime Axetil),,04-6057,102,Suspension,1,Oral,250 mg/5 mL,276,Ranbaxy Nigeria Limited,2023-04-26,2028-04-25,Active,"Powder for Oral Suspension

Ceroxim Powder for Suspension 250 mg/5ml	CEFUROXIME AXETIL FOR ORAL SUSPENSION USP	Cefuroxime 250mg, Sucrose, Aspartame, Silicon Dioxide, Monosodium Citrate, Grenadine Flavour, Tutti Fruiti Flavour, Peppermint Flavour, Sodium Chloride	Apr-57	Drugs	Imported Products	1*100ml	Prescription Only Medicine (POM)	12/05/2022	RANBAXY NIGERIA LIMITED, ABIMBOLA STREET, ILASAMAJA, ISOLO LAGOS LAGOS	17932744	rosanna.iwuala@sunpharma.com	Sun Pharmaceutical Industries Ltd, Industrial Area–3,Dewas–455001,India, India",1 x 100 mL (in HDPE bottle),"Each 5 mL of the constituted suspension contains: Cefuroxime Axetil USP equivalent to Cefuroxime 250 mg
Excipients q.s.",https://admin.greenbook.nafdac.gov.ng/uploadImage/smpc_files/2023/09/23/20230923c2d2fcbc-b1eb-5f7b-a30a-5960e81878bd.pdf,J01DC02,https://greenbook.nafdac.gov.ng/products/details/5612,2026-09-27T21:50:58.439770+00:00
Greenbook NAFDAC,1422,5748,Ceroxim Suspension 125 mg/5 mL##,1,Drugs,"{'id': 1, 'name': 'Drugs', 'created_at': '-000001-11-30T00:00:00.000000Z', 'updated_at': '2022-03-17T16:53:12.000000Z', 'deleted_at': None}",456,Cefuroxime (Cefuroxime Axetil),,04-6077,102,Suspension,1,Oral,125 mg/5 mL,276,Ranbaxy Nigeria Limited,2023-04-26,2028-04-25,Active,"Powder for Oral Suspension

Ceroxim Suspension 125 mg/5ml	CEFUROXIME AXETIL FOR ORAL SUSPENSION USP	Each 5ml contains: Cefuroxime 125mg, Sucrose 3999.5mg, Aspartame 20.0, Silicon Dioxide 84.0mg, Monosodium Citrate 10mg, Tutti Fruiti Flavour 10mg, Peppermint Flavour 4mg, Sodium Chloride 10mg, Grenadine Flavour 5mg	Apr-77	Drugs	Imported Products	1*100ml	Prescription Only Medicine (POM)	12/05/2022	RANBAXY NIGERIA LIMITED, ABIMBOLA STREET, ILASAMAJA, ISOLO LAGOS LAGOS	17932744	rosanna.iwuala@sunpharma.com	Sun Pharmaceutical Industries Ltd, Industrial Area–3,Dewas–455001,India, India",1 x 100 mL (in HDPE bottle),"Each 5 mL of the constituted suspension contains: Cefuroxime Axetil USP equivalent to Cefuroxime 125 mg
Excipients q.s.",https://admin.greenbook.nafdac.gov.ng/uploadImage/smpc_files/2023/09/23/2023092337ce2cce-ff40-5328-9c17-dff9e62c8242.pdf,J01DC02,https://greenbook.nafdac.gov.ng/products/details/5748,2026-09-27T21:50:58.439770+00:00
Greenbook NAFDAC,1423,2491,Ceroxim Tablets 500 mg##,1,Drugs,"{'id': 1, 'name': 'Drugs', 'created_at': '-000001-11-30T00:00:00.000000Z', 'updated_at': '2022-03-17T16:53:12.000000Z', 'deleted_at': None}",456,Cefuroxime (Cefuroxime Axetil),,04-4942,1,Tablet,1,Oral,500 mg,276,Ranbaxy Nigeria Limited,2024-09-25,2029-09-24,Active,"Film Coated Tablet

56	RNW-PP-411596	Ceroxim Tablets 500mg	CEFUROXIME AXETIL TABLETS USP 500MG	Cefuroxime 500mg, Sodium Lauryl Sulphate 9mg, Colloidal Silicon Dioxide 5mg, Microcrystalline Cellulose 155.072mg, Croscarmellose Sodium 50mg	Apr-42	Drugs	Imported Products	1*10	POM 2	3/29/2024	RANBAXY NIGERIA LIMITED, Km 30, Lagos - Ibadan Expressway, Magboro, Ogun State	17932744	rosanna.iwuala@sunpharma.com	SUN PHARMACEUTICAL INDUSTRIES LTD, INDIA, INDUSTRIAL AREA - 3, DEWAS - 455001, INDIA, India		",1 x 10&#039;s (in blister),"Each film coated tablet contains: Cefuroxime Axetil Ph. EUR equivalent to Cefuroxime 500 mg
Excipients q.s.",https://admin.greenbook.nafdac.gov.ng/uploadImage/smpc_files/2024/11/18/202411186eedf177-7d53-59dc-b636-4b9efa2ead6a.pdf,J01DC02,https://greenbook.nafdac.gov.ng/products/details/2491,2026-09-27T21:50:58.439770+00:00
Greenbook NAFDAC,1424,8404,Ceroxim Tablets 500 mg**,1,Drugs,"{'id': 1, 'name': 'Drugs', 'created_at': '-000001-11-30T00:00:00.000000Z', 'updated_at': '2022-03-17T16:53:12.000000Z', 'deleted_at': None}",456,Cefuroxime (Cefuroxime Axetil),,04-4942,1,Tablet,1,Oral,500 mg,276,Ranbaxy Nigeria Limited,2024-09-25,2029-09-24,Active,Tablet,1 x 10&#039;s (in blister),Cefuroxime Axetil Tablets USP 500 mg,https://admin.greenbook.nafdac.gov.ng/uploadImage/smpc_files/2024/11/28/20241128459f2ed0-10f7-52d1-884b-91f02d72aa59.pdf,,https://greenbook.nafdac.gov.ng/products/details/8404,2026-09-27T21:50:58.439770+00:00
Greenbook NAFDAC,1425,8595,Certican 0.25 mg Tablet**,1,Drugs,"{'id': 1, 'name': 'Drugs', 'created_at': '-000001-11-30T00:00:00.000000Z', 'updated_at': '2022-03-17T16:53:12.000000Z', 'deleted_at': None}",1197,Everolimus,,A4-4292,1,Tablet,1,Oral,0.25 mg,250,Novartis Nigeria Limited,2024-10-31,2029-10-30,Active,"Tablets.
White to yellowish, marbled, round, flat with a bevelled edge",6 x 10&#039;s,Everolimus 0.25 mg Tablet,https://admin.greenbook.nafdac.gov.ng/uploadImage/smpc_files/2024/11/23/20241123e68a5c9c-91fc-5e7e-8784-bde27554b0eb.pdf,L04AA18,https://greenbook.nafdac.gov.ng/products/details/8595,2026-09-27T21:50:58.439770+00:00
Greenbook NAFDAC,1426,3504,Certican 1 mg Tablet**,1,Drugs,"{'id': 1, 'name': 'Drugs', 'created_at': '-000001-11-30T00:00:00.000000Z', 'updated_at': '2022-03-17T16:53:12.000000Z', 'deleted_at': None}",1197,Everolimus,,A4-4290,1,Tablet,1,Oral,1 mg,250,Novartis Nigeria Limited,2021-12-02,2026-12-01,Active,"Tablets.
White to yellowish, marbled, round, flat with a bevelled edge",,Each tablet contains: Everolimus 1 mg,https://admin.greenbook.nafdac.gov.ng/uploadImage/smpc_files/2024/11/24/20241124d35771d8-61b8-5b26-bbfa-f0f068b1102b.pdf,L04AA18,https://greenbook.nafdac.gov.ng/products/details/3504,2026-09-27T21:50:58.439770+00:00
Greenbook NAFDAC,1427,8405,Ceruvin Tablets 75 mg**,1,Drugs,"{'id': 1, 'name': 'Drugs', 'created_at': '-000001-11-30T00:00:00.000000Z', 'updated_at': '2022-03-17T16:53:12.000000Z', 'deleted_at': None}",296,Clopidogrel (Clopidogrel Bisulfate),,C4-0078,1,Tablet,1,Oral,75 mg,276,Ranbaxy Nigeria Limited,2024-09-25,2029-09-24,Active,Tablet,3 x 10&#039;s,Clopidogrel Bisulphate Tablets 75 mg,https://admin.greenbook.nafdac.gov.ng/uploadImage/smpc_files/2024/11/18/20241118f61752d8-1e7e-58f2-b280-6014c8707774.pdf,B01AC-0,https://greenbook.nafdac.gov.ng/products/details/8405,2026-09-27T21:50:58.439770+00:00
Greenbook NAFDAC,1428,3619,Cesart-200 Tablets##,1,Drugs,"{'id': 1, 'name': 'Drugs', 'created_at': '-000001-11-30T00:00:00.000000Z', 'updated_at': '2022-03-17T16:53:12.000000Z', 'deleted_at': None}",448,Cefpodoxime (Cefpodoxime Proxetil),,B4-2620,1,Tablet,1,Oral,200 mg,513,Astranad Pharmaceuticals and Chemical Company Limited,2020-11-10,2025-11-09,Inactive,Tablet,,Each tablet contains: Cefpodoxime (as Cefpodoxime Proxetil) 200 mg,,J01DD13,https://greenbook.nafdac.gov.ng/products/details/3619,2026-09-27T21:50:58.439770+00:00
Greenbook NAFDAC,1429,7928,Cet-Z Tablets**,1,Drugs,"{'id': 1, 'name': 'Drugs', 'created_at': '-000001-11-30T00:00:00.000000Z', 'updated_at': '2022-03-17T16:53:12.000000Z', 'deleted_at': None}",412,Cetirizine (Cetirizine Hydrochloride),,B4-0942,1,Tablet,1,Oral,10 mg,655,Generics and Specialities Ltd,2021-05-07,2026-05-06,Inactive,Tablet,10 x 10&#039;s,Cetirizine Hydrochloride 10 mg,https://admin.greenbook.nafdac.gov.ng/uploadImage/smpc_files/2025/01/15/2025011571a06a73-4cf0-589f-b824-2b0919453804.pdf,R06AE07,https://greenbook.nafdac.gov.ng/products/details/7928,2026-09-27T21:50:58.439770+00:00
Greenbook NAFDAC,1430,10120,Cetazone 1 g##,1,Drugs,"{'id': 1, 'name': 'Drugs', 'created_at': '-000001-11-30T00:00:00.000000Z', 'updated_at': '2022-03-17T16:53:12.000000Z', 'deleted_at': None}",1541,Ceftriaxone (Ceftriaxone Sodium),,A4-101220,70,Powder for injection,29,Intravenous; Intramuscular,1 g,1660,Grace Pharmacare Ltd,2025-03-27,2030-03-26,Active,Powder for Solution for Injection,1 x 1 g (in vial) + 10 mL sterile water for injection (in ampoule),Each pack contains: Ceftriaxone Sodium equivalent to Ceftriaxone base 1000 mg,https://admin.greenbook.nafdac.gov.ng/uploadImage/smpc_files/2025/05/11/20250511407de7c8-f4fc-5637-bba9-752fabfb99fb.pdf,J01DD04,https://greenbook.nafdac.gov.ng/products/details/10120,2026-09-27T21:50:58.439770+00:00
Greenbook NAFDAC,1431,4785,Cethar 20/120 Soft Gelatin Capsules##,1,Drugs,"{'id': 1, 'name': 'Drugs', 'created_at': '-000001-11-30T00:00:00.000000Z', 'updated_at': '2022-03-17T16:53:12.000000Z', 'deleted_at': None}",528,Artemether; Lumefantrine,,A4-100461,2,Capsule,1,Oral,20 mg; 120 mg,715,Suitelife Pharmaceuticals Ltd,2023-07-06,2028-07-05,Active,"Soft Gelatin Capsules
Orange opaque, oval shaped soft gelatin capsule containing pale yellow colored homogenous oily paste

195	NF-PP-337780	CETHAR 20/120 SOFT GELATIN CAPSULES	ARTEMETHER 20MG &amp; LUMEFANTRINE 120MG	EACH SOFT GELATIN CAPSULES CONTAINS ARTEMETHER Ph.int 120mg and LUMEFANTRINE Ph.int 120mg excipients Microcrystalline cellulose Sodium starch glycolate Magnesium stearate Talc Silicon dioxide		Drugs	Imported Products	1X24,1X18,1X12,1X6	OTC	6/13/2023	SUITELIFE PHARMACEUTICALS LTD, 4 ayo davis close off ekolonu street, surulere, lagos	8129419809	suitelifepharma@yahoo.com	M/S BRIYOSIS SOFT CAPS PVT. LTD., Sr. No. 176-1-1, JAROD-RASULABAD ROAD , OPP. LK INDIA LTD., AT &amp; POST-JAROD, DIST - VADODARA-391 510, GUJARAT, INDIA, India
														
														
","1 x 24&#039;s,1 x 18&#039;s,1 x 12&#039;s,1 x 6&#039;s (in PVC-Alu blisters)","Each soft gelatin capsule contains: Artemether 20 mg, Lumefantrine 120 mg
Excipients q.s.",https://admin.greenbook.nafdac.gov.ng/uploadImage/smpc_files/2023/08/23/20230823f3d73f84-b789-5cf6-a730-90ac85f8b002.pdf,P01BF01,https://greenbook.nafdac.gov.ng/products/details/4785,2026-09-27T21:50:58.439770+00:00
Greenbook NAFDAC,1432,4786,Cethar Forte Soft Gelatin Capsules## (wrong smpc),1,Drugs,"{'id': 1, 'name': 'Drugs', 'created_at': '-000001-11-30T00:00:00.000000Z', 'updated_at': '2022-03-17T16:53:12.000000Z', 'deleted_at': None}",528,Artemether; Lumefantrine,,A4-100460,2,Capsule,1,Oral,80 mg; 480 mg,715,Suitelife Pharmaceuticals Ltd,2023-07-06,2028-07-05,Active,"Capsule

196	NF-PP-337778	CETHAR FORTE SOFT GELATIN CAPSULES	ARTEMETHER 80MG AND LUMEFANTRINE 480MG	EACH SOFT GELATIN CAPSULES CONTAINS ARTEMETHER 80MG Ph.int AND LUMEFANTRINE Ph.int 480MG EXCIPIENTS Microcrystalline cellulose Sodium starch glycolate Magnesium stearate Talc Silicon dioxide		Drugs	Imported Products	1X6	Over The Counter (OTC)	6/13/2023	SUITELIFE PHARMACEUTICALS LTD, 4 ayo davis close off ekolonu street, surulere, lagos	8129419809	suitelifepharma@yahoo.com	BRIYOSIS SOFT CAPS PVT. LTD, No. 176/1/1, opposite L.K India Jarod Rasulabad road, At and Post Jarod Dist Vadodarar, Gujarat, India, India",1 x 6&#039;s,"Each soft gelatin capsule contains: Artemether 80 mg Ph. INT and Lumefantrine
Excipients: Microcrystalline Cellulose, Sodium Starch Glycolate, Magnesium Stearate, Talc, Silicon Dioxide",https://admin.greenbook.nafdac.gov.ng/uploadImage/smpc_files/2023/08/23/202308232dd28ac6-b355-5ccb-8470-a461e428b94e.pdf,P01BF01,https://greenbook.nafdac.gov.ng/products/details/4786,2026-09-27T21:50:58.439770+00:00
Greenbook NAFDAC,1433,7929,Cetilab-200 Tablets**,1,Drugs,"{'id': 1, 'name': 'Drugs', 'created_at': '-000001-11-30T00:00:00.000000Z', 'updated_at': '2022-03-17T16:53:12.000000Z', 'deleted_at': None}",170,Cimetidine,,04-5311,1,Tablet,1,Oral,200 mg,166,Embassy Pharmaceutical and Chemicals Limited,2021-01-28,2026-01-27,Inactive,Tablet,1 x 20&#039;s,Each tablet contains: Cimetidine 200 mg,https://admin.greenbook.nafdac.gov.ng/uploadImage/smpc_files/2025/05/07/2025050779ad03d1-fc61-5bc1-a9bc-6e511d311526.pdf,A02BA01,https://greenbook.nafdac.gov.ng/products/details/7929,2026-09-27T21:50:58.439770+00:00
Greenbook NAFDAC,1434,6061,Cetopron Tablets##,1,Drugs,"{'id': 1, 'name': 'Drugs', 'created_at': '-000001-11-30T00:00:00.000000Z', 'updated_at': '2022-03-17T16:53:12.000000Z', 'deleted_at': None}",414,Cyproheptadine Hydrochloride,,04-4181,1,Tablet,1,Oral,4 mg,96,Richygold International Limited,2023-08-31,2028-08-30,Active,"Tablet
Orange colored, elongated, sugar coated having &quot;CETOPRON&quot; on one side of the tablet

CETOPRON TABLETS	CYPROHEPTADINE HCL BP 4MG	Cyproheptadine Hcl BP 4mg, Starch-281.8mg, Dicalcium phosphate -418.90mg, Methyl Paraben -0.513mg, Propyl Paraben -0.266mg, Purified Water -qs, Talcum -57.20mg, Magnesium stearate -4.10mg, Sugar(ordinary)51.81mg, Gelatin-2.322mg, Titanium Dioxide -1.470mg, Polyvinyl, prrolidone-0.733mg, Polysorbate -80- 1.115mg, Calcium carbonate -2.370mg, Tartrazine Supra -0.260, Bees Wax -0.088mg, Camauba wax-0.175mg, Carbon tetrachloride -0.009mg	Apr-81	Drugs	Imported Products	3x10	Prescription Only Medicine (POM)	18/10/2020	RICHYGOLD INTERNATIONAL LIMITED, PLOT 103C AMUWO ODOFIN INDUSTRIAL SCHEME	18959076	richygoldpharm@gmail.com	HEALTHY LIFE PHARMA PVT. LTD, N-31/1,M.I.D.C.TARAPAUR, DIST THANE,BOISAR-401506, INDIA, India",3 x 10&#039;s (in PVC-Alu blisters),"Each tablet contains: Cyproheptadine Hydrochloride BP 4 mg
Excipients q.s.",https://admin.greenbook.nafdac.gov.ng/uploadImage/smpc_files/2024/12/07/20241207a1b2fbc6-f11c-55e5-bae9-daae435725c2.pdf,R06AX02,https://greenbook.nafdac.gov.ng/products/details/6061,2026-09-27T21:50:58.439770+00:00
Greenbook NAFDAC,1435,4787,Cetroxol 500 Tablet##,1,Drugs,"{'id': 1, 'name': 'Drugs', 'created_at': '-000001-11-30T00:00:00.000000Z', 'updated_at': '2022-03-17T16:53:12.000000Z', 'deleted_at': None}",475,Azithromycin (Azithromycin Dihydrate),,B4-6382,1,Tablet,1,Oral,500 mg,217,Lyn-Edge Pharmaceuticals Limited,2023-02-23,2028-02-22,Active,"Film Coated Tablet

CETROXOL 500 TABLET	B4-6382	CETROXOL 500 TABLET	AZITHROMYCIN DIHYDRATE 555.1MG HYDROXYPROPHYL CELLULOSE 42.0 MG CORN STARCH 126.0 PURIFIED WATER 171.1ML MAGNESIUM STREARATE 10.2MG TALC 6.79MG WHITE COATING POWDER 14.74MG					Prescription Only Medicine (POM)		LYN-EDGE PHARMACEUTICALS LIMITED, 113 OLD ABA ROAD PORT HARCOURT RIVERS		CSPC OUYI PHARMACEUTICALS CO. LTD, NO 88 YANGZI ROAD, ECONOMIC AND TECHNOLOGICAL DEVELOPMENT ZONE SHIJIAZHUANG HEBEI CHINA, China		2/23/2023	2/22/2028",,"Each tablet contains: Azithromycin 500 mg
Excipients: Hydroxyprophyl Cellulose 42.0 mg, Corn Starch 126.0, Purified Water 171.1 mL, Magnesium Strearate 10.2 mg, Talc 6.79 mg, White Coating Powder 14.74 mg",https://admin.greenbook.nafdac.gov.ng/uploadImage/smpc_files/2024/12/23/20241223b31ab288-fc06-5b67-9c6f-7d7c9a0e1548.pdf,J01FA10,https://greenbook.nafdac.gov.ng/products/details/4787,2026-09-27T21:50:58.439770+00:00
Greenbook NAFDAC,1436,7306,Cevlar 80/480 Tablet**,1,Drugs,"{'id': 1, 'name': 'Drugs', 'created_at': '-000001-11-30T00:00:00.000000Z', 'updated_at': '2022-03-17T16:53:12.000000Z', 'deleted_at': None}",528,Artemether; Lumefantrine,,A4-100825,1,Tablet,1,Oral,80 mg; 480 mg,1295,Itats Pharmacia Limited,2024-04-30,2029-04-29,Active,Uncoated tablets,1 x 6&#039;s (in blister),"Artemether and Lumefantrine Tablets 80/480 mg.
Each uncoated tablet contains: Artemether 80 mg, Lumefantrine 480 mg, Excipients q.s.",https://admin.greenbook.nafdac.gov.ng/uploadImage/smpc_files/2024/05/17/20240517b5085fa1-db52-513b-a2bd-27524b7e9ed8.pdf,P01BF01,https://greenbook.nafdac.gov.ng/products/details/7306,2026-09-27T21:50:58.439770+00:00
Greenbook NAFDAC,1437,11393,Cevmid Injection I.M**,1,Drugs,"{'id': 1, 'name': 'Drugs', 'created_at': '-000001-11-30T00:00:00.000000Z', 'updated_at': '2022-03-17T16:53:12.000000Z', 'deleted_at': None}",1541,Ceftriaxone (Ceftriaxone Sodium),,A4-3304,70,Powder for injection,9,Intramuscular,1 g,329,Vixa Pharmaceutical Company Limited,2025-05-27,2030-05-26,Active,"Dry powder for injection.
A white to yellowish orange crystalline powder.
pH 6.0–8.0",1 g x 1&#039;s (in vial) + 3.5 mL Lidocaine HCl 1% (in ampoule),"Ceftriaxone for Injection USP 1 g and Lidocaine Hydrochloride Injection USP 1%.
Each vial contains: Sterile Ceftriaxone Sodium USP equivalent to Ceftriaxone 1 g",https://admin.greenbook.nafdac.gov.ng/uploadImage/smpc_files/2025/06/24/202506242a8a60e1-8e83-5d89-b7d9-ab5ba011a596.pdf,J01DD04,https://greenbook.nafdac.gov.ng/products/details/11393,2026-09-27T21:50:58.439770+00:00
Greenbook NAFDAC,1438,12178,Cevmid Injection IV_,1,Drugs,"{'id': 1, 'name': 'Drugs', 'created_at': '-000001-11-30T00:00:00.000000Z', 'updated_at': '2022-03-17T16:53:12.000000Z', 'deleted_at': None}",1541,Ceftriaxone (Ceftriaxone Sodium),,A4-3304,40,Injection,12,Intravenous,1 g,329,Vixa Pharmaceutical Company Limited,2025-10-29,2030-10-28,Active,"Dry Powder for Injection.
A white to yellowish-orange crystalline powder, pH 6.0 - 8.0",1 x 1&#039;s (in glass vial),Each vial contains: Ceftriaxone Sodium equiv. to Ceftriaxone 1 g,https://admin.greenbook.nafdac.gov.ng/uploadImage/smpc_files/2025/12/12/20251212370f15e4-d257-555b-83cd-5559fcdefa34.pdf,J01DD04,https://greenbook.nafdac.gov.ng/products/details/12178,2026-09-27T21:50:58.439770+00:00
Greenbook NAFDAC,1439,50,Cfpoxime 200##,1,Drugs,"{'id': 1, 'name': 'Drugs', 'created_at': '-000001-11-30T00:00:00.000000Z', 'updated_at': '2022-03-17T16:53:12.000000Z', 'deleted_at': None}",448,Cefpodoxime (Cefpodoxime Proxetil),,B4-2238,1,Tablet,1,Oral,200 mg,143,Chanrai HealthCare Limited,2021-12-02,2026-12-01,Active,Tablet,,Each tablet contains: Cefpodoxime (as Cefpodoxime Proxetil) 200 mg,https://admin.greenbook.nafdac.gov.ng/uploadImage/smpc_files/2025/03/31/202503319cec574c-fcee-5d8c-b6c7-37dadca0f3f6.pdf,J01DD13,https://greenbook.nafdac.gov.ng/products/details/50,2026-09-27T21:50:58.439770+00:00
Greenbook NAFDAC,1440,51,Cfpoxime 50##,1,Drugs,"{'id': 1, 'name': 'Drugs', 'created_at': '-000001-11-30T00:00:00.000000Z', 'updated_at': '2022-03-17T16:53:12.000000Z', 'deleted_at': None}",448,Cefpodoxime (Cefpodoxime Proxetil),,B4-2239,1,Tablet,1,Oral,50 mg,143,Chanrai HealthCare Limited,2021-12-02,2026-12-01,Active,Tablet,,Each tablet contains: Cefpodoxime (as Cefpodoxime Proxetil) 50 mg,https://admin.greenbook.nafdac.gov.ng/uploadImage/smpc_files/2025/03/31/202503311e6ae6e5-d76f-503c-8634-5616087185cb.pdf,J01DD13,https://greenbook.nafdac.gov.ng/products/details/51,2026-09-27T21:50:58.439770+00:00
Greenbook NAFDAC,1441,52,Cfpoxime CLV 325 Tablets##,1,Drugs,"{'id': 1, 'name': 'Drugs', 'created_at': '-000001-11-30T00:00:00.000000Z', 'updated_at': '2022-03-17T16:53:12.000000Z', 'deleted_at': None}",449,Cefpodoxime (Cefpodoxime Proxetil); Clavulanic Acid (Clavulanate Potassium),,B4-5035,1,Tablet,1,Oral,200 mg; 125 mg,143,Chanrai HealthCare Limited,2021-12-02,2026-12-01,Active,Tablet,1 x 10&#039;s,Each tablet contains: Cefpodoxime (as Cefpodoxime Proxetil) 200 mg. Clavulanic Acid 125 mg,https://admin.greenbook.nafdac.gov.ng/uploadImage/smpc_files/2025/03/31/20250331aadefbe0-aa8f-53f0-9c7a-4feeee6d2614.pdf,J01DD64,https://greenbook.nafdac.gov.ng/products/details/52,2026-09-27T21:50:58.439770+00:00
Greenbook NAFDAC,1442,1817,Cfxclav 325 Tablet## (check pack size),1,Drugs,"{'id': 1, 'name': 'Drugs', 'created_at': '-000001-11-30T00:00:00.000000Z', 'updated_at': '2022-03-17T16:53:12.000000Z', 'deleted_at': None}",442,Cefixime; Clavulanic Acid (Clavulanate Potassium),,B4-6026,1,Tablet,1,Oral,200 mg; 125 mg,374,Aquatix Pharmaceuticals Limited,2021-05-07,2026-05-06,Inactive,"Film Coated Tablet
An orange color, elongated, biconvex film coated tablet
",1 x 6&#039;s (in Alu-Alu strip),"Each tablet contains: Cefixime (as Trihydrate) USP equivalent to anhydrous Cefixime 200 mg, Diluted Potassium Clavulanate BP equivalent to Clavulanic Acid 125 mg
Excipients q.s.
Color: Sunset Yellow
",https://admin.greenbook.nafdac.gov.ng/uploadImage/smpc_files/2023/05/27/20230527908467ce-22d1-5ceb-8140-a921705bf0b9.pdf,Pending,https://greenbook.nafdac.gov.ng/products/details/1817,2026-09-27T21:50:58.439770+00:00
Greenbook NAFDAC,1443,11705,Chakapain Gel_,1,Drugs,"{'id': 1, 'name': 'Drugs', 'created_at': '-000001-11-30T00:00:00.000000Z', 'updated_at': '2022-03-17T16:53:12.000000Z', 'deleted_at': None}",2029,Diclofenac Sodium (Diclofenac Diethylamine); Capsaicin; Menthol; Linseed Oil,,A4-101527,29,Gel,21,Topical,1%; 3%; 0.025%; 5%,708,Patricklingo Pharmaceuticals Limited,2025-09-24,2030-09-23,Active,Gel,1 x 30 g,"Each gram contains: Diclofenac Diethylamine BP 1.16% w/w equiv. to Diclofenac Sodium base 1.00% w/w, Linseed Oil BP 3.00% w/w, Capsaicin USP 0.025% w/w, Menthol BP 5.00% w/w
Gel base q.s.",https://admin.greenbook.nafdac.gov.ng/uploadImage/smpc_files/2025/11/12/202511128070eff6-1711-5d5c-acf8-098188c7ad5c.pdf,M02AA15,https://greenbook.nafdac.gov.ng/products/details/11705,2026-09-27T21:50:58.439770+00:00
Greenbook NAFDAC,1444,11706,Chakapain Spray_,1,Drugs,"{'id': 1, 'name': 'Drugs', 'created_at': '-000001-11-30T00:00:00.000000Z', 'updated_at': '2022-03-17T16:53:12.000000Z', 'deleted_at': None}",1149,Diclofenac Sodium (Diclofenac Diethylamine); Methyl salicylate; Menthol; Linseed oil,,A4-101528,116,Spray,21,Topical,1.16%; 3%; 10%; 5%,708,Patricklingo Pharmaceuticals Limited,2025-09-24,2030-09-23,Active,Topical Spray,1 x 55 g,"Each spray contains: Diclofenac Diethylamine BP 1.16% w/w equiv. to Diclofenac Sodium base BP 1.00% w/w, Virgin Linseed Oil BP 3.00% w/w, Methyl Salicylate BP 10.00% w/w, and Menthol BP 5.00% w/w
Excipients and propellant q.s.",https://admin.greenbook.nafdac.gov.ng/uploadImage/smpc_files/2025/11/12/20251112579db23d-9250-5532-816c-3899b3061a8d.pdf,M02AA15,https://greenbook.nafdac.gov.ng/products/details/11706,2026-09-27T21:50:58.439770+00:00
Greenbook NAFDAC,1445,8596,Chakapain Tablets**,1,Drugs,"{'id': 1, 'name': 'Drugs', 'created_at': '-000001-11-30T00:00:00.000000Z', 'updated_at': '2022-03-17T16:53:12.000000Z', 'deleted_at': None}",77,Diclofenac Sodium,,C4-1827,1,Tablet,1,Oral,50 mg,708,Patricklingo Pharmaceuticals Limited,2024-10-31,2029-10-30,Active,"Uncoated tablet.
Oval caplet shaped, uncoated, white coloured tablet having a break line on one side and ‘CHAKAPAIN’ embossed on the other side",1 x 10&#039;s (in Alu-PVC blister),"Diclofenac Sodium BP 50 mg.
Each uncoated tablet contains: Diclofenac Sodium BP 50 mg",https://admin.greenbook.nafdac.gov.ng/uploadImage/smpc_files/2024/11/23/2024112362fe8d5c-be0e-5960-8bca-c6f568632574.pdf,M01AB05,https://greenbook.nafdac.gov.ng/products/details/8596,2026-09-27T21:50:58.439770+00:00
Greenbook NAFDAC,1446,3361,Charlyking Cimetidine Tablets 400 mg##,1,Drugs,"{'id': 1, 'name': 'Drugs', 'created_at': '-000001-11-30T00:00:00.000000Z', 'updated_at': '2022-03-17T16:53:12.000000Z', 'deleted_at': None}",170,Cimetidine,,C4-1162,1,Tablet,1,Oral,400 mg,1045,Charlyking Drugs Limited,2020-11-10,2025-11-09,Inactive,Tablet,,Each tablet contains: Cimetidine 400 mg,,A02BA01,https://greenbook.nafdac.gov.ng/products/details/3361,2026-09-27T21:50:58.439770+00:00
Greenbook NAFDAC,1447,3300,Charlyking Ciprofloxacin Tablets 500 mg##,1,Drugs,"{'id': 1, 'name': 'Drugs', 'created_at': '-000001-11-30T00:00:00.000000Z', 'updated_at': '2022-03-17T16:53:12.000000Z', 'deleted_at': None}",461,Ciprofloxacin (Ciprofloxacin Hydrochloride),,C4-1163,1,Tablet,1,Oral,500 mg,1045,Charlyking Drugs Limited,2020-11-10,2025-11-09,Inactive,Tablet,,Each tablet contains: Ciprofloxacin HCl USP equivalent to Ciprofloxacin 500 mg,,J01MA02,https://greenbook.nafdac.gov.ng/products/details/3300,2026-09-27T21:50:58.439770+00:00
Greenbook NAFDAC,1448,3833,Charlyking Prednisolone Tablets##,1,Drugs,"{'id': 1, 'name': 'Drugs', 'created_at': '-000001-11-30T00:00:00.000000Z', 'updated_at': '2022-03-17T16:53:12.000000Z', 'deleted_at': None}",778,Prednisolone,,C4-1207,1,Tablet,1,Oral,5 mg,1045,Charlyking Drugs Limited,2020-11-10,2025-11-09,Inactive,Tablet,,Each tablet contains: Prednisolone 5 mg,,H02AB06,https://greenbook.nafdac.gov.ng/products/details/3833,2026-09-27T21:50:58.439770+00:00
Greenbook NAFDAC,1449,4788,Chazmax Ciprofloxacin Infusion##,1,Drugs,"{'id': 1, 'name': 'Drugs', 'created_at': '-000001-11-30T00:00:00.000000Z', 'updated_at': '2022-03-17T16:53:12.000000Z', 'deleted_at': None}",752,Ciprofloxacin,,B4-2460,114,Solution for infusion,12,Intravenous,200 mg/100 mL,356,Chazmax Pharmaceutical Industires Limited,2023-01-26,2028-01-25,Active,"Solution for Infusion
Clear, colorless or slightly yellow solution

CHAZMAX CIPROFLOXACIN INFUSION	B4-2460	CHAZMAX CIPROFLOXACIN INFUSION	EACH 100ML CONTAINS CIPROFLOXACIN USP 200MG SODIUM CHLORIDE USP 0.9% WATER FOR INJECTION USP LIST OF EXCIPIENTS LACTIC ACID SODIUM CHLORIDEDISODIUM CHLORIDE SODIUM HYDROXIDE HYDROCHLORIC ACID SODIUM HYDROXIDE				Intravenous Infusion	Prescription Only Medicine (POM)		CHAZMAX PHARMACEUTICAL INDUSTRIES LIMITED, LIMCA ROAD ONITSHA ANAMBRA	Nigeria	EUROLIFE HEALTHCARE PVT LTD, KHASRA NO. 520, VILLAGE BHAGWANPUR, ROORKEE, DISTRICT-HARIDWAR (UTTARAKHAND), India		1/26/2023	1/25/2028",1 x 100 mL (in LDPE bottle),1 mL solution for infusion contains: Ciprofloxacin 2 mg (as Ciprofloxacin Lactate),https://admin.greenbook.nafdac.gov.ng/uploadImage/smpc_files/2024/12/03/20241203c9538dde-0456-5772-8103-d0bbb162305a.pdf,J01MA02,https://greenbook.nafdac.gov.ng/products/details/4788,2026-09-27T21:50:58.439770+00:00
Greenbook NAFDAC,1450,6633,Chefloxacin Tablets##,1,Drugs,"{'id': 1, 'name': 'Drugs', 'created_at': '-000001-11-30T00:00:00.000000Z', 'updated_at': '2022-03-17T16:53:12.000000Z', 'deleted_at': None}",752,Ciprofloxacin,,B4-0443,1,Tablet,1,Oral,500 mg,875,Ocean Pharmaceutical &amp; Allied Products Ltd,2023-12-21,2028-12-20,Active,"Film Coated Tablet

82	CMS-PP-233207	CHEFLOXACIN TABLETS	CIPROFLOXACIN 500mg	CIPROFLOXACIN 500MG, CORNSTARCH, MICROCRYSTALLINE CELLULOSE, SILICON DIOXIDE, CROSPOVIDONE, MAGNESIUM STEARATE	B4-0443	Drugs	Imported Products	1X10&#039;S	Prescription Only Medicine (POM)	8/22/2022	OCEAN PHARMACEUTICAL &amp; ALLIED PRODUCTS LTD, EDOZIEN STREET KANO KANO	8099448946	oceanpharmltd2021@gmail.com	AR LIFESCIENCES, 819/B, Rakanpur Industrial Area, Rakanpur-Santej Road, Ta. Kalol, Dist. Gandhinagar, India, India",1 x 10&#039;s (in PVC-Alu blister),"Each film coated tablet contains: Ciprofloxacin Hydrochloride BP equivalent to Ciprofloxacin 500 mg
Excipients q.s.",https://admin.greenbook.nafdac.gov.ng/uploadImage/smpc_files/2024/01/01/202401011828c170-25ec-5939-9770-d4bb89615293.pdf,J01MA02,https://greenbook.nafdac.gov.ng/products/details/6633,2026-09-27T21:50:58.439770+00:00
Greenbook NAFDAC,1451,7308,Chemal Artemether and Lumefantrine Tablets 80 mg/480 mg**,1,Drugs,"{'id': 1, 'name': 'Drugs', 'created_at': '-000001-11-30T00:00:00.000000Z', 'updated_at': '2022-03-17T16:53:12.000000Z', 'deleted_at': None}",528,Artemether; Lumefantrine,,A4-100811,1,Tablet,1,Oral,80 mg; 480 mg,1294,Mikchema Pharmaceuticals &amp; Resources Ltd,2024-04-30,2029-05-01,Active,Uncoated tablets,1 x 6&#039;s (in Alu/PVC blister),"Artemether and Lumefantrine Tablets 80/480 mg.
Each uncoated tablet contains: Artemether 80 mg, Lumefantrine 480 mg, Excipients q.s.",https://admin.greenbook.nafdac.gov.ng/uploadImage/smpc_files/2024/05/17/20240517268f7fa6-5e7d-5f00-92ec-ac24f0d36252.pdf,P01BF01,https://greenbook.nafdac.gov.ng/products/details/7308,2026-09-27T21:50:58.439770+00:00
Greenbook NAFDAC,1452,11998,Chemilife Daily Multivitamin Drops (Orange flavour)_,1,Drugs,"{'id': 1, 'name': 'Drugs', 'created_at': '-000001-11-30T00:00:00.000000Z', 'updated_at': '2022-03-17T16:53:12.000000Z', 'deleted_at': None}",1925,Vitamins,Multivitamin,A11-100973,60,Drops,1,Oral,see Composition,1048,Chemiron Care Limited,2025-09-24,2030-09-23,Active,"Oral drops.
A yellow-to-orange oral drops solution which darkens upon storage.",15 mL (in amber glass bottle),"Each 0.6 mL contains: Thiamine HCL (B1) 1 mg, Pyridoxine (B6) 0.5 mg, Nicotinamide 5 mg, Riboflavin (B2) 0.4 mg, Vitamin C 50 mg, Vit amin A 3000 IU, and Vitamin D3 400 IU",https://admin.greenbook.nafdac.gov.ng/uploadImage/smpc_files/2025/11/26/20251126d5f6e3b3-f3a0-5c14-bc95-5bbc420e0a24.pdf,A11A,https://greenbook.nafdac.gov.ng/products/details/11998,2026-09-27T21:50:58.439770+00:00
Greenbook NAFDAC,1453,12152,Chemimycin-150 Capsules_,1,Drugs,"{'id': 1, 'name': 'Drugs', 'created_at': '-000001-11-30T00:00:00.000000Z', 'updated_at': '2022-03-17T16:53:12.000000Z', 'deleted_at': None}",494,Clindamycin (Clindamycin Hydrochloride),,C4-0434,2,Capsule,1,Oral,150 mg,145,Chez Resources Pharmaceutical Limited,2025-10-29,2030-10-28,Active,Hard Gelatin Capsule,1 x 10&#039;s,"Each hard gelatin capsule contains: Clindamycin Hydrochloride BP equiv. to Clindamycin base 150 mg
Excipients q.s.",https://admin.greenbook.nafdac.gov.ng/uploadImage/smpc_files/2025/12/03/20251203fee9abbc-0809-5d56-8d7f-8651e288101f.pdf,J01FF01,https://greenbook.nafdac.gov.ng/products/details/12152,2026-09-27T21:50:58.439770+00:00
Greenbook NAFDAC,1454,12153,Chemimycin-300 Capsules_,1,Drugs,"{'id': 1, 'name': 'Drugs', 'created_at': '-000001-11-30T00:00:00.000000Z', 'updated_at': '2022-03-17T16:53:12.000000Z', 'deleted_at': None}",494,Clindamycin (Clindamycin Hydrochloride),,C4-0436,2,Capsule,1,Oral,300 mg,145,Chez Resources Pharmaceutical Limited,2025-10-29,2030-10-28,Active,Capsule,1 x 10&#039;s,"Each hard gelatin capsule contains: Clindamycin hydrochloride equiv. to Clindamycin 300 mg
Excipients q.s.",https://admin.greenbook.nafdac.gov.ng/uploadImage/smpc_files/2025/12/03/20251203508149e7-35ef-5ae7-a82c-ed5a2e8e8994.pdf,J01FF01,https://greenbook.nafdac.gov.ng/products/details/12153,2026-09-27T21:50:58.439770+00:00
Greenbook NAFDAC,1455,54,Chemiron Vitamin B-Complex Syrup##,1,Drugs,"{'id': 1, 'name': 'Drugs', 'created_at': '-000001-11-30T00:00:00.000000Z', 'updated_at': '2022-03-17T16:53:12.000000Z', 'deleted_at': None}",359,Vitamin B Complex,,A11-100355,103,Syrup,1,Oral,NA,1048,Chemiron Care Limited,2021-12-14,2026-12-13,Active,Syrup,,Each syrup contains: Vitamin B Complex,https://admin.greenbook.nafdac.gov.ng/uploadImage/smpc_files/2025/05/08/2025050879dc292e-4fba-51f9-9b14-f22c94e5ce98.pdf,A11EA,https://greenbook.nafdac.gov.ng/products/details/54,2026-09-27T21:50:58.439770+00:00
Greenbook NAFDAC,1456,55,Chemiron Vitamin C Syrup##,1,Drugs,"{'id': 1, 'name': 'Drugs', 'created_at': '-000001-11-30T00:00:00.000000Z', 'updated_at': '2022-03-17T16:53:12.000000Z', 'deleted_at': None}",346,Ascorbic Acid,Vitamin C,A11-100356,103,Syrup,1,Oral,100 mg/5 mL,1048,Chemiron Care Limited,2021-12-14,2026-12-13,Active,Syrup,,Each 5 mL contains: Ascorbic Acid 100 mg,https://admin.greenbook.nafdac.gov.ng/uploadImage/smpc_files/2025/05/07/2025050739331f5a-85b3-5e22-8b8c-832ff0945418.pdf,A11GA01,https://greenbook.nafdac.gov.ng/products/details/55,2026-09-27T21:50:58.439770+00:00
Greenbook NAFDAC,1457,7930,Chemityll 325 Tablets**,1,Drugs,"{'id': 1, 'name': 'Drugs', 'created_at': '-000001-11-30T00:00:00.000000Z', 'updated_at': '2022-03-17T16:53:12.000000Z', 'deleted_at': None}",442,Cefixime; Clavulanic Acid (Clavulanate Potassium),,C4-1745,1,Tablet,1,Oral,200 mg; 125 mg,145,Chez Resources Pharmaceutical Limited,2021-06-24,2026-06-23,Inactive,Film coated tablet,1 x 10&#039;s (in Alu-Alu blister),"Each film coated tablet contains: Cefixime USP (as Trihydrate) equiv. to anhydrous Cefixime 200 mg, Clavulanate Potassium USP equiv. to Clavulanic acid 125 mg, Excipients Q.S .
Colour: Titanium Dioxide USP",https://admin.greenbook.nafdac.gov.ng/uploadImage/smpc_files/2024/09/18/20240918a87d5ca4-d742-5f67-832d-5db953f93e8e.pdf,,https://greenbook.nafdac.gov.ng/products/details/7930,2026-09-27T21:50:58.439770+00:00
Greenbook NAFDAC,1458,10631,Chemixim 400 mg Tablet#,1,Drugs,"{'id': 1, 'name': 'Drugs', 'created_at': '-000001-11-30T00:00:00.000000Z', 'updated_at': '2022-03-17T16:53:12.000000Z', 'deleted_at': None}",441,Cefixime (Cefixime Trihydrate),,C4-1746,1,Tablet,1,Oral,400 mg,145,Chez Resources Pharmaceutical Limited,2025-01-30,2030-01-29,Active,"Tablet
Orange colored, elongated both side plain film coated tablets

CHEMIXIM 400 MG TABLET	CEFIXIME 400 MGTABLET	Cefixime Tablets USP 400 mg (Active), Microcrystalline cellulose( Excipient), Pregelatinized starch(Excipients), sodium starch glucolate type-A (Excipient), Colloidal Anhydrous Silica(excipients), Magnesium Stearate (excipients),	C4-1746	Drugs	Imported Products	1*10	Prescription Only Medicine (POM)	9/3/2024	CHEZ RESOURCES PHARMACEUTICAL LIMITED, NO 7 CALABAR STREET, FEGGE-ONITSHA, ANAMBRA STATE	7036097470	chezrespharm@gmail.com	M/s BHARAT PARENTERALS LTD, Survey No. 144-A, Jarod Samlaya Road, Village: Haripura, Tal.- Savli, Dist.Vadodara-391520, Gujarat, India, India				",1 x 10&#039;s (in Alu-Alu blister),"Each film coated tablet contains: Cefixime USP Trihydrate equiv. to Anhydrous Cefixime 400 mg
Excipients q.s",https://admin.greenbook.nafdac.gov.ng/uploadImage/smpc_files/2025/05/27/20250527e577bae6-f107-5c57-9144-ba154defc032.pdf,J01DD08,https://greenbook.nafdac.gov.ng/products/details/10631,2026-09-27T21:50:58.439770+00:00
Greenbook NAFDAC,1459,7931,Chemixim 400 Tablets**,1,Drugs,"{'id': 1, 'name': 'Drugs', 'created_at': '-000001-11-30T00:00:00.000000Z', 'updated_at': '2022-03-17T16:53:12.000000Z', 'deleted_at': None}",441,Cefixime (Cefixime Trihydrate),,C4-1746,1,Tablet,1,Oral,400 mg,145,Chez Resources Pharmaceutical Limited,2021-06-24,2026-06-23,Inactive,Film coated tablet,1 x 10&#039;s (in Alu-PVC blister),"Each film coated tablet contains: Cefixime USP as Trihydrate equiv. to anhydrous Cefixime 400 mg, Excipients Q.S.
Colour: Sunset Yellow FCF",https://admin.greenbook.nafdac.gov.ng/uploadImage/smpc_files/2024/09/18/20240918513f6c76-6ad2-5b63-819e-d07ab502b07d.pdf,,https://greenbook.nafdac.gov.ng/products/details/7931,2026-09-27T21:50:58.439770+00:00
Greenbook NAFDAC,1460,8107,Chemixim Powder for Oral Suspension**,1,Drugs,"{'id': 1, 'name': 'Drugs', 'created_at': '-000001-11-30T00:00:00.000000Z', 'updated_at': '2022-03-17T16:53:12.000000Z', 'deleted_at': None}",441,Cefixime (Cefixime Trihydrate),,C4-1784,72,Powder for suspension,1,Oral,100 mg/5 mL,145,Chez Resources Pharmaceutical Limited,2021-08-03,2026-08-02,Inactive,Powder for Oral Suspension,100 mL (in HDPE white bottle),"Cefixime for Oral Suspension USP.
Each 5 mL reconstituted suspension contains: Cefixime USP as Trihydrate equiv. to anhydrous Cefixime 100 mg, Excipients q.s.",https://admin.greenbook.nafdac.gov.ng/uploadImage/smpc_files/2024/09/26/20240926e232f368-36b6-5a3d-a7a6-973f4dd2496d.pdf,,https://greenbook.nafdac.gov.ng/products/details/8107,2026-09-27T21:50:58.439770+00:00
Greenbook NAFDAC,1461,11707,Chemixim Powder for Oral Suspension_,1,Drugs,"{'id': 1, 'name': 'Drugs', 'created_at': '-000001-11-30T00:00:00.000000Z', 'updated_at': '2022-03-17T16:53:12.000000Z', 'deleted_at': None}",441,Cefixime (Cefixime Trihydrate),,C4-1784,124,Powder for oral Suspension,1,Oral,100 mg,145,Chez Resources Pharmaceutical Limited,2025-08-27,2030-08-26,Active,Powder for Oral Suspension,1 x 100 mL (in HDPE bottle),"Each 5 mL of reconstituted suspension contains: Cefixime Trihydrate USP equiv. to Anhydrous Cefixime base100 mg
Excipients q.s.",https://admin.greenbook.nafdac.gov.ng/uploadImage/smpc_files/2025/10/23/2025102394ed942c-3f18-5ff6-8d52-9b2dc1180348.pdf,J01DD08,https://greenbook.nafdac.gov.ng/products/details/11707,2026-09-27T21:50:58.439770+00:00
Greenbook NAFDAC,1462,1705,Chemocef 250 Tablets##,1,Drugs,"{'id': 1, 'name': 'Drugs', 'created_at': '-000001-11-30T00:00:00.000000Z', 'updated_at': '2022-03-17T16:53:12.000000Z', 'deleted_at': None}",456,Cefuroxime (Cefuroxime Axetil),,B4-4534,1,Tablet,1,Oral,250 mg,145,Chez Resources Pharmaceutical Limited,2021-05-07,2026-05-06,Inactive,"Tablet
Off white elongated biconvex film coated tablet having break line on one side and plain on other side",1 x 10&#039;s (in Alu-Alu strips),"Each tablet contains: Cefuroxime Axetil USP equivalent to Cefuroxime 250 mg
Excipients q.s.",https://admin.greenbook.nafdac.gov.ng/uploadImage/smpc_files/2023/05/27/202305274dea9cdb-b6c3-582c-8028-330e942d5d4c.pdf,J01DC02,https://greenbook.nafdac.gov.ng/products/details/1705,2026-09-27T21:50:58.439770+00:00
Greenbook NAFDAC,1463,1706,Chemocef 500 Tablets##,1,Drugs,"{'id': 1, 'name': 'Drugs', 'created_at': '-000001-11-30T00:00:00.000000Z', 'updated_at': '2022-03-17T16:53:12.000000Z', 'deleted_at': None}",456,Cefuroxime (Cefuroxime Axetil),,B4-4533,1,Tablet,1,Oral,500 mg,145,Chez Resources Pharmaceutical Limited,2021-05-07,2026-05-06,Inactive,"Tablet
Off white elongated biconvex film coated tablet having break line on one side and plain on other side",1 x 10&#039;s (in Alu-Alu strip),"Each tablet contains: Cefuroxime Axetil USP equivalent to Cefuroxime 500 mg
Excipients q.s.",https://admin.greenbook.nafdac.gov.ng/uploadImage/smpc_files/2023/05/27/20230527f170aa00-f5d7-537a-acec-4cf12c2eec4b.pdf,J01DC02,https://greenbook.nafdac.gov.ng/products/details/1706,2026-09-27T21:50:58.439770+00:00
Greenbook NAFDAC,1464,4791,"Chemocef 750 mg Injection** (duplicate, different manufacturer)",1,Drugs,"{'id': 1, 'name': 'Drugs', 'created_at': '-000001-11-30T00:00:00.000000Z', 'updated_at': '2022-03-17T16:53:12.000000Z', 'deleted_at': None}",1543,Cefuroxime (Cefuroxime Sodium),,A4-6194,70,Powder for injection,29,Intravenous; Intramuscular,750 mg,145,Chez Resources Pharmaceutical Limited,2023-05-25,2028-05-24,Active,Powder for solution for injection in vial + SWFI in ampoule,750 mg x 1&#039;s (in vial) + Solvent WFI (in 5-mL ampoule),"Combipack of Cefuroxime for Injection USP 750 mg &amp; Sterilised Water for Injection BP.
Each Combipack contains:
1. One vial of Cefuroxime Sodium USP equiv. to Cefuroxime 750 mg.
2. One 5-mL ampoule of Sterilised Water for Injection BP",https://admin.greenbook.nafdac.gov.ng/uploadImage/smpc_files/2023/10/20/202310204e501f6e-186a-5e74-8552-b6f91a56d430.pdf,J01DC02,https://greenbook.nafdac.gov.ng/products/details/4791,2026-09-27T21:50:58.439770+00:00
Greenbook NAFDAC,1465,8108,Chemocef Injection**,1,Drugs,"{'id': 1, 'name': 'Drugs', 'created_at': '-000001-11-30T00:00:00.000000Z', 'updated_at': '2022-03-17T16:53:12.000000Z', 'deleted_at': None}",1543,Cefuroxime (Cefuroxime Sodium),,A4-6194,70,Powder for injection,29,Intravenous; Intramuscular,750 mg,145,Chez Resources Pharmaceutical Limited,2021-08-03,2026-08-02,Inactive,Powder for solution for injection in vial,1 x 1&#039;s (in vial),Each vial contains: Cefuroxime Sodium USP equiv. to anhydrous Cefuroxime 750 mg,https://admin.greenbook.nafdac.gov.ng/uploadImage/smpc_files/2025/03/26/20250326b015da8b-2ce8-57dc-b79e-ae6a112f6a1f.pdf,J01DC02,https://greenbook.nafdac.gov.ng/products/details/8108,2026-09-27T21:50:58.439770+00:00
Greenbook NAFDAC,1466,8597,"Chemoclav 1 g Tablet** (duplicate, different manufacturer)",1,Drugs,"{'id': 1, 'name': 'Drugs', 'created_at': '-000001-11-30T00:00:00.000000Z', 'updated_at': '2022-03-17T16:53:12.000000Z', 'deleted_at': None}",423,Amoxicillin (Amoxicillin Trihydrate); Clavulanic Acid (Potassium Clavulanate),,A4-4586,1,Tablet,1,Oral,875 mg; 125 mg,145,Chez Resources Pharmaceutical Limited,2024-10-31,2029-10-30,Active,"Film-coated tablet.
White colored, capsule shape, biconvex, film coated tablets, having breakline on both sides of the tablets",2 x 7&#039;s (in Alu-Alu blisters),"Amoxicillin and Clavulanate Potassium Tablets USP 1000 mg.
Each film coated tablet contains: Amoxicillin Trihydrate BP equivalent to Amoxicillin 875 mg, Potassium Clavulanate BP (as Potassium Clavulanate Diluted BP) equivalent to Clavulanic Acid 125 mg, Excipients q.s.
Colour: Titanium Dioxide",https://admin.greenbook.nafdac.gov.ng/uploadImage/smpc_files/2024/11/23/20241123e607947e-64c8-5d79-8c07-f62ba02f9747.pdf,J01CR02,https://greenbook.nafdac.gov.ng/products/details/8597,2026-09-27T21:50:58.439770+00:00
Greenbook NAFDAC,1467,6167,Chemoclav 1.2 G**,1,Drugs,"{'id': 1, 'name': 'Drugs', 'created_at': '-000001-11-30T00:00:00.000000Z', 'updated_at': '2022-03-17T16:53:12.000000Z', 'deleted_at': None}",1545,Amoxicillin (Amoxicillin Sodium); Clavulanic Acid (Potassium Clavulanate),,A4-8253,70,Powder for injection,12,Intravenous,1000 mg; 200 mg,145,Chez Resources Pharmaceutical Limited,2021-12-02,2026-12-01,Active,"Powder for solution for injection or infusion.
A white coloured free flowing powder filled in an intactly sealed clear glass vial",1.2 g (in clear glass vial) + 20 mL WFI (in ampoules),"Co-Amoxiclav for Injection BP 1.2 g.
Each vial contains: Amoxicillin Sodium BP equiv. to Amoxicillin 1000 mg, Clavulanate Potassium BP equiv. to Clavulanic Acid 200 mg",https://admin.greenbook.nafdac.gov.ng/uploadImage/smpc_files/2023/10/20/202310200342a478-9fd0-50a7-b2ad-f1aa7d477212.pdf,J01CR02,https://greenbook.nafdac.gov.ng/products/details/6167,2026-09-27T21:50:58.439770+00:00
Greenbook NAFDAC,1468,8598,Chemoclav 375 Tablets**,1,Drugs,"{'id': 1, 'name': 'Drugs', 'created_at': '-000001-11-30T00:00:00.000000Z', 'updated_at': '2022-03-17T16:53:12.000000Z', 'deleted_at': None}",423,Amoxicillin (Amoxicillin Trihydrate); Clavulanic Acid (Potassium Clavulanate),,B4-2896,1,Tablet,1,Oral,250 mg; 125 mg,145,Chez Resources Pharmaceutical Limited,2020-11-10,2025-11-09,Inactive,"Film-coated tablet.
White colored, capsule shape, biconvex, film coated tablets, having breakline on one side of the tablets",2 x 7&#039;s (in Alu-Alu blisters),"Amoxicillin and Clavulanate Potassium Tablets USP 375 mg.
Each film coated tablet contains: Amoxicillin Trihydrate BP equivalent to Amoxicillin 250 mg, Potassium Clavulanate BP (as Potassium Clavulanate Diluted BP) equivalent to Clavulanic Acid 125 mg, Excipients q.s.
Colour: Titanium Dioxide",https://admin.greenbook.nafdac.gov.ng/uploadImage/smpc_files/2024/11/23/2024112339f3bdf4-97b9-5095-8728-79ba96cbba32.pdf,J01CR02,https://greenbook.nafdac.gov.ng/products/details/8598,2026-09-27T21:50:58.439770+00:00
Greenbook NAFDAC,1469,8599,Chemoclav 625 Tablet**  (duplicate),1,Drugs,"{'id': 1, 'name': 'Drugs', 'created_at': '-000001-11-30T00:00:00.000000Z', 'updated_at': '2022-03-17T16:53:12.000000Z', 'deleted_at': None}",423,Amoxicillin (Amoxicillin Trihydrate); Clavulanic Acid (Potassium Clavulanate),,A4-4752,1,Tablet,1,Oral,500 mg; 125 mg,145,Chez Resources Pharmaceutical Limited,2020-11-10,2025-11-09,Inactive,"Film-coated tablet.
White colored, oval shape, biconvex, film coated tablets, having breakline on one side of the tablets",2 x 7&#039;s (in Alu-Alu blisters),"Amoxicillin and Clavulanate Potassium Tablets USP 625 mg.
Each film coated tablet contains:  Amoxicillin Trihydrate BP equivalent to Amoxicillin 500 mg, Potassium Clavulanate BP (as Potassium Clavulanate Diluted BP) equivalent to Clavulanic Acid 125 mg Excipients q.s.
Colour: Titanium Dioxide",https://admin.greenbook.nafdac.gov.ng/uploadImage/smpc_files/2024/11/23/202411237243b709-ecf5-567f-8ab4-c996b31f4f61.pdf,J01CR02,https://greenbook.nafdac.gov.ng/products/details/8599,2026-09-27T21:50:58.439770+00:00
Greenbook NAFDAC,1470,3023,Chemoclav Suspension**,1,Drugs,"{'id': 1, 'name': 'Drugs', 'created_at': '-000001-11-30T00:00:00.000000Z', 'updated_at': '2022-03-17T16:53:12.000000Z', 'deleted_at': None}",423,Amoxicillin (Amoxicillin Trihydrate); Clavulanic Acid (Potassium Clavulanate),,B4-6558,72,Powder for suspension,1,Oral,200 mg/5 mL; 28.5 mg/5 mL,145,Chez Resources Pharmaceutical Limited,2021-08-26,2026-08-25,Inactive,"Powder for Oral Suspension.
An off white coloured free flowing powder filled in HDPE bottle which after reconstituted gives off while coloured suspension",100 mL (in HDPE bottle),"Amoxicillin and Clavulanate Potassium for Oral Suspension USP.
Each 5 mL reconstituted suspension contains: Amoxicillin Trihydrate BP equiv. to Amoxicillin 200 mg, Potassium Clavulanate Diluted BP equiv. to Clavulanic Acid 28.5 mg, Flavor Q.S., Excipients Q.S.",https://admin.greenbook.nafdac.gov.ng/uploadImage/smpc_files/2023/05/28/20230528659dee86-f513-596a-aa80-201cdf6ede05.pdf,J01CR02,https://greenbook.nafdac.gov.ng/products/details/3023,2026-09-27T21:50:58.439770+00:00
Greenbook NAFDAC,1471,4304,Chemotrim Suspension**,1,Drugs,"{'id': 1, 'name': 'Drugs', 'created_at': '-000001-11-30T00:00:00.000000Z', 'updated_at': '2022-03-17T16:53:12.000000Z', 'deleted_at': None}",488,Sulfamethoxazole; Trimethoprim,Co-trimoxazole; Cotrimoxazole,04-0216,102,Suspension,1,Oral,200 mg/5 mL; 40 mg/5 mL,82,Afrab-Chem Limited,2021-03-30,2026-03-29,Inactive,Oral Suspension,60 mL; 100 mL,"Each 5 mL suspension contains: Sulphamethoxazole 200 mg, Trimethoprim 40 mg

Excipients:
Sodium CMC, Propylene Glycol, Sorbitol Solution, Sugar, Aerosil, Tween, Methyl Paraben, Propyl Paraben, Tartrazine Orange Colour, Bronopol, Tutti Frutti Flavour, Glycerine",https://admin.greenbook.nafdac.gov.ng/uploadImage/smpc_files/2025/03/26/20250326b880412a-a175-5ede-abd4-b8a4bb60fb3c.pdf,J01EE01,https://greenbook.nafdac.gov.ng/products/details/4304,2026-09-27T21:50:58.439770+00:00
Greenbook NAFDAC,1472,6525,Chemotrim Tablets**,1,Drugs,"{'id': 1, 'name': 'Drugs', 'created_at': '-000001-11-30T00:00:00.000000Z', 'updated_at': '2022-03-17T16:53:12.000000Z', 'deleted_at': None}",488,Sulfamethoxazole; Trimethoprim,Co-trimoxazole; Cotrimoxazole,04-0219,1,Tablet,1,Oral,400 mg; 80 mg,82,Afrab-Chem Limited,2023-11-30,2028-11-29,Active,"Tablet.
A light pink tablet with AFRAB inscribed on one side and a marked line on the other",10 x 10&#039;s (in blisters); 1000&#039;s (hospital pack),"Each tablet contains: Trimethoprim 80 mg, and Sulfamethoxazole 400 mg",https://admin.greenbook.nafdac.gov.ng/uploadImage/smpc_files/2023/12/14/202312149e474006-fb06-5b27-91cc-dd7c6d83807c.pdf,J01EE01,https://greenbook.nafdac.gov.ng/products/details/6525,2026-09-27T21:50:58.439770+00:00
Greenbook NAFDAC,1473,4790,Chemtel Tablet##,1,Drugs,"{'id': 1, 'name': 'Drugs', 'created_at': '-000001-11-30T00:00:00.000000Z', 'updated_at': '2022-03-17T16:53:12.000000Z', 'deleted_at': None}",570,Albendazole,,B4-8452,1,Tablet,1,Oral,400 mg,145,Chez Resources Pharmaceutical Limited,2023-05-25,2028-05-24,Active,"Tablet

29	RNW-PP-310286	CHEMTEL TABLET 400MG	ALBENDAZOLE USP 400MG	ALBENDAZOLE USP 400mg q.s.	B4-8452	Drugs	Imported Products	1*1tablet	Prescription Only Medicine (POM)	3/6/2023	CHEZ RESOURCES PHARMACEUTICAL LIMITED, 7 CALABAR STREET FEGGE ONITSHA ANAMBRA	46485780	chezrespharm@gmail.com	Alpa Laboratories Limited, 33/2, A.B.Road, Pigdamber, 453-446,Indore (M.P.), India., India
",1 x 1&#039;s (in blister),"Each chewable tablet contains: Albendazole USP 400 mg
Excipients: Mannitol BP, Starch BP, Gelatin BP, Povidone K-30 BP, Sugar BP, Sodium Methylparaben BP, Sodium Propyl Paraben BP, Magnesium Stearate BP, Colloidal Silicon Dioxide BP",https://admin.greenbook.nafdac.gov.ng/uploadImage/smpc_files/2023/08/22/20230822d35ac727-bb9c-59e5-879b-60d4afadbcb6.pdf,P02CA03,https://greenbook.nafdac.gov.ng/products/details/4790,2026-09-27T21:50:58.439770+00:00
Greenbook NAFDAC,1474,6736,Chephanac Tablets##,1,Drugs,"{'id': 1, 'name': 'Drugs', 'created_at': '-000001-11-30T00:00:00.000000Z', 'updated_at': '2022-03-17T16:53:12.000000Z', 'deleted_at': None}",77,Diclofenac Sodium,,B4-0446,1,Tablet,1,Oral,50 mg,875,Ocean Pharmaceutical &amp; Allied Products Ltd,2023-12-21,2028-12-20,Active,"Tablet

84	CMS-PP-233551	CHEPHANAC TABLETS	DICLOFENAC POTASSIUM 50MG	DICLOFENAC SODIUM 50MG, SODIUM STARCH GLYCOLATE, LACTOSE, MAGNESIUM STEARATE, CROSCARMELLOSE SODIUM	B4-0446	Drugs	Imported Products	1X12	Prescription Only Medicine (POM)	8/22/2022	OCEAN PHARMACEUTICAL &amp; ALLIED PRODUCTS LTD, EDOZIEN STREET KANO KANO	8099448946	oceanpharmltd2021@gmail.com	AR LIFESCIENCES, 819/B, Rakanpur Industrial Area, Rakanpur-Santej Road, Ta. Kalol, Dist. Gandhinagar, India, India",2 x 10&#039;s (in PVC blisters),"Each hard gelatin capsule contains: Diclofenac Sodium BP 50 mg
Excipients q.s.",https://admin.greenbook.nafdac.gov.ng/uploadImage/smpc_files/2024/01/01/202401010bd76e28-27e8-5c02-b72b-90995a5af544.pdf,M01AB05,https://greenbook.nafdac.gov.ng/products/details/6736,2026-09-27T21:50:58.439770+00:00
Greenbook NAFDAC,1475,11117,Chevnor Ofloxacin Tablet 200 mg##,1,Drugs,"{'id': 1, 'name': 'Drugs', 'created_at': '-000001-11-30T00:00:00.000000Z', 'updated_at': '2022-03-17T16:53:12.000000Z', 'deleted_at': None}",761,Ofloxacin,,A4-101276,1,Tablet,1,Oral,200 mg,1215,Chevnor Pharmaceutical Company Limited,2025-04-30,2030-04-29,Active,"Film Coated Tablet







",1 x 10&#039;s (in blister),"Each tablet contains: Ofloxacin USP 200 mg
Excipients q.s.",https://admin.greenbook.nafdac.gov.ng/uploadImage/smpc_files/2025/05/15/20250515c9fe9e8c-07c0-5921-be08-bde68e7a3eb5.pdf,J01MA01,https://greenbook.nafdac.gov.ng/products/details/11117,2026-09-27T21:50:58.439770+00:00
Greenbook NAFDAC,1476,11118,Chevnor Ofloxacin Tablets 400 mg##,1,Drugs,"{'id': 1, 'name': 'Drugs', 'created_at': '-000001-11-30T00:00:00.000000Z', 'updated_at': '2022-03-17T16:53:12.000000Z', 'deleted_at': None}",761,Ofloxacin,,A4-101275,1,Tablet,1,Oral,400 mg,1215,Chevnor Pharmaceutical Company Limited,2025-04-30,2030-04-29,Active,"Film Coated Tablet

&quot;	A4-101275	Drugs	Imported Product	1*10	15-09-2024	CHEVNOR PHARMACEUTICAL COMPANY LIMITED, 69, ISOLO ROAD, MUSHIN, LAGOS STATE	07036395409	chevnorpharma@gmail.com	Alpa Laboratories Limited., 33/2, A.B. Road, Pigdamber - 453 446, Indore - India.",1 x 10&#039;s (in blister),"Each tablet contains: Ofloxacin USP 400 mg
Excipient with known effect: Lactose BP
Excipients q.s.",https://admin.greenbook.nafdac.gov.ng/uploadImage/smpc_files/2025/05/23/20250523deab7d70-6d04-5ef2-a47f-b961650b7b86.pdf,J01MA01,https://greenbook.nafdac.gov.ng/products/details/11118,2026-09-27T21:50:58.439770+00:00
Greenbook NAFDAC,1477,7951,Chevnor Pentazocine Injection 30 mg/mL**,1,Drugs,"{'id': 1, 'name': 'Drugs', 'created_at': '-000001-11-30T00:00:00.000000Z', 'updated_at': '2022-03-17T16:53:12.000000Z', 'deleted_at': None}",54,Pentazocine (Pentazocine Lactate),,A4-100916,107,Solution for injection,31,Intravenous; Intramuscular; Subcutaneous,30 mg/mL,1215,Chevnor Pharmaceutical Company Limited,2024-06-27,2029-06-26,Active,Solution for injection in 1-mL flint glass ampoule,1 mL x 10&#039;s (in flint glass ampoules),"Pentazocine Injection BP 30 mg/mL.
Each mL contains: Pentazocine BP 30 mg (as Lactate), Sodium Chloride BP 2.8 mg, Water for Injection BP q.s.",https://admin.greenbook.nafdac.gov.ng/uploadImage/smpc_files/2024/07/20/20240720ca795084-26b4-56e3-b66c-73a5eb146a89.pdf,N02AD01,https://greenbook.nafdac.gov.ng/products/details/7951,2026-09-27T21:50:58.439770+00:00
Greenbook NAFDAC,1478,11443,Chevnor Pregabalin Capsules 150 mg_,1,Drugs,"{'id': 1, 'name': 'Drugs', 'created_at': '-000001-11-30T00:00:00.000000Z', 'updated_at': '2022-03-17T16:53:12.000000Z', 'deleted_at': None}",41,Pregabalin,,A4-101378,2,Capsule,1,Oral,150 mg,1215,Chevnor Pharmaceutical Company Limited,2025-06-25,2030-06-24,Active,"Capsule
",10 x 10&#039;s,"Each capsule contains: Pregabalin BP 150 mg
Excipients q.s.",https://admin.greenbook.nafdac.gov.ng/uploadImage/smpc_files/2025/07/25/20250725726bf1e2-d73c-50b0-9436-62d765095de9.pdf,N02BF02,https://greenbook.nafdac.gov.ng/products/details/11443,2026-09-27T21:50:58.439770+00:00
Greenbook NAFDAC,1479,11444,Chevnor Pregabalin Capsules 300 mg_,1,Drugs,"{'id': 1, 'name': 'Drugs', 'created_at': '-000001-11-30T00:00:00.000000Z', 'updated_at': '2022-03-17T16:53:12.000000Z', 'deleted_at': None}",41,Pregabalin,,A4-101338,2,Capsule,1,Oral,300 mg,1215,Chevnor Pharmaceutical Company Limited,2025-05-27,2030-05-26,Active,Hard Gelatin Capsule,10 x 10&#039;s,"Each hard gelatin capsule contains: Pregabalin BP 300 mg
Excipients q.s.",https://admin.greenbook.nafdac.gov.ng/uploadImage/smpc_files/2025/07/02/202507020388d99a-63fa-54fb-9ed8-e44f2e140f11.pdf,N02BF02,https://greenbook.nafdac.gov.ng/products/details/11444,2026-09-27T21:50:58.439770+00:00
Greenbook NAFDAC,1480,11445,Chevnor Pregabalin Capsules 75 mg_,1,Drugs,"{'id': 1, 'name': 'Drugs', 'created_at': '-000001-11-30T00:00:00.000000Z', 'updated_at': '2022-03-17T16:53:12.000000Z', 'deleted_at': None}",41,Pregabalin,,A4-101379,2,Capsule,1,Oral,75 mg,1215,Chevnor Pharmaceutical Company Limited,2025-06-25,2030-06-24,Active,Capsule,10 x 10&#039;s ,"Each capsule contains: Pregabalin 75 mg
Excipients q.s.",https://admin.greenbook.nafdac.gov.ng/uploadImage/smpc_files/2025/07/25/20250725e17ac83e-4ade-53c9-886d-37d21b1c736b.pdf,N02BF02,https://greenbook.nafdac.gov.ng/products/details/11445,2026-09-27T21:50:58.439770+00:00
Greenbook NAFDAC,1481,298,Chexol Tablets##,1,Drugs,"{'id': 1, 'name': 'Drugs', 'created_at': '-000001-11-30T00:00:00.000000Z', 'updated_at': '2022-03-17T16:53:12.000000Z', 'deleted_at': None}",30,Trihexyphenidyl Hydrochloride (Benzhexol Hydrochloride),Benzhexol,B4-3685,1,Tablet,1,Oral,5 mg,145,Chez Resources Pharmaceutical Limited,2021-06-24,2026-06-23,Inactive,Tablet,,Each tablet contains: Trihexyphenidyl Hydrochloride BP 5 mg,https://admin.greenbook.nafdac.gov.ng/uploadImage/smpc_files/2025/04/28/2025042825a579c1-4dc7-5ab0-b4da-6a2c8d75eba0.pdf,N04AA01,https://greenbook.nafdac.gov.ng/products/details/298,2026-09-27T21:50:58.439770+00:00
Greenbook NAFDAC,1482,8600,Chez Carbamazepine Tablet**,1,Drugs,"{'id': 1, 'name': 'Drugs', 'created_at': '-000001-11-30T00:00:00.000000Z', 'updated_at': '2022-03-17T16:53:12.000000Z', 'deleted_at': None}",25,Carbamazepine,,A4-6460,1,Tablet,1,Oral,200 mg,145,Chez Resources Pharmaceutical Limited,2024-10-31,2029-10-30,Active,Uncoated tablet,1 x 1000&#039;s (in Rib jar),"Carbamazepine Tablets BP 200 mg.
Each uncoated tablet contains: Carbamazepine BP 200 mg",https://admin.greenbook.nafdac.gov.ng/uploadImage/smpc_files/2024/11/23/202411237954ad3b-b3bb-54ea-a555-de11196aa537.pdf,N03AF01,https://greenbook.nafdac.gov.ng/products/details/8600,2026-09-27T21:50:58.439770+00:00
Greenbook NAFDAC,1483,10800,Chez Hydrocortisone Injection**,1,Drugs,"{'id': 1, 'name': 'Drugs', 'created_at': '-000001-11-30T00:00:00.000000Z', 'updated_at': '2022-03-17T16:53:12.000000Z', 'deleted_at': None}",1536,Hydrocortisone (Hydrocortisone Sodium Succinate),,A4-6465,70,Powder for injection,29,Intravenous; Intramuscular,100 mg,145,Chez Resources Pharmaceutical Limited,2025-03-27,2030-03-26,Active,"Powder for Injection.
White or almost white powder for solution for injection",1 x 50&#039;s (in vials),"Hydrocortisone Sodium Succinate for Injection BP 100 mg.
Each vial contains: Hydrocortisone Sodium Succinate (buffered) equivalent to Hydrocortisone 100 mg, Excipients q.s.
",https://admin.greenbook.nafdac.gov.ng/uploadImage/smpc_files/2025/05/20/20250520d4246b1d-75f0-588e-bc0c-f8a5de9abe48.pdf,H02AB09,https://greenbook.nafdac.gov.ng/products/details/10800,2026-09-27T21:50:58.439770+00:00
Greenbook NAFDAC,1484,3780,Chezflox##,1,Drugs,"{'id': 1, 'name': 'Drugs', 'created_at': '-000001-11-30T00:00:00.000000Z', 'updated_at': '2022-03-17T16:53:12.000000Z', 'deleted_at': None}",464,Levofloxacin (Levofloxacin Hemihydrate),,B4-4579,1,Tablet,1,Oral,500 mg,145,Chez Resources Pharmaceutical Limited,2021-08-26,2026-08-25,Inactive,Tablet,1 x 10&#039;s,"Each tablet contains: Levofloxacin Hemihydrate equivalent to Levofloxacin 500 mg
Excipients q.s.",https://admin.greenbook.nafdac.gov.ng/uploadImage/smpc_files/2023/05/28/202305285f57378d-0505-56b5-9a1a-30df7f006456.pdf,J01MA12,https://greenbook.nafdac.gov.ng/products/details/3780,2026-09-27T21:50:58.439770+00:00
Greenbook NAFDAC,1485,4792,Chezone Injection##,1,Drugs,"{'id': 1, 'name': 'Drugs', 'created_at': '-000001-11-30T00:00:00.000000Z', 'updated_at': '2022-03-17T16:53:12.000000Z', 'deleted_at': None}",453,Ceftriaxone,,A4-4753,40,Injection,29,Intravenous; Intramuscular,1 g,145,Chez Resources Pharmaceutical Limited,2023-07-06,2028-07-05,Active,"Powder for Injection

183	CMS-PP-331876	CHEZONE INJECTION	CEFTRIAXONE SODIUM	Each vial contains Ceftriaxone Sodium USP equivalent to Anhydrous Ceftriaxone 1gm and Excipents.	A4-4753	Drugs	Imported Products	1*10vials	Prescription Only Medicine (POM)	6/16/2023	CHEZ RESOURCES PHARMACEUTICAL LIMITED, 7 CALABAR STREET FEGGE ONITSHA ANAMBRA	46485780	chezrespharm@gmail.com	BHARAT PARENTERALS LTD I, SURVEY NO. :144 &amp; 146, JAROD SAMLAYA ROAD, VILL. HARIPURA. TAL. SAVLI, DIST. VADODARA - 391520 , GUJARAT, INDIA., India",1 x 10 mL vial + 1 x 10 mL strerile water for injection in ampoule,"Each vial contains: Ceftriaxone Sodium USP equivalent to Anhydrous Ceftriaxone 1 g
",https://admin.greenbook.nafdac.gov.ng/uploadImage/smpc_files/2023/08/23/2023082390f408bf-6a06-5971-853f-a3fa5be84a50.pdf,J01DD04,https://greenbook.nafdac.gov.ng/products/details/4792,2026-09-27T21:50:58.439770+00:00
Greenbook NAFDAC,1486,7952,Chezopine Tablet**,1,Drugs,"{'id': 1, 'name': 'Drugs', 'created_at': '-000001-11-30T00:00:00.000000Z', 'updated_at': '2022-03-17T16:53:12.000000Z', 'deleted_at': None}",272,Amlodipine (Amlodipine Besilate),Amlodipine (Amlodipine Besylate),C4-1643,1,Tablet,1,Oral,5 mg,145,Chez Resources Pharmaceutical Limited,2021-03-29,2026-03-28,Inactive,Tablet,2 x 14&#039;s (in Alu-PVC blisters),Each tablet contains: Amlodipine Besilate BP equiv. to Amlodipine 5 mg,https://admin.greenbook.nafdac.gov.ng/uploadImage/smpc_files/2024/08/13/202408139116d7bf-3037-54fa-b98b-c4d67e9347b4.pdf,,https://greenbook.nafdac.gov.ng/products/details/7952,2026-09-27T21:50:58.439770+00:00
Greenbook NAFDAC,1487,4793,Chezoral Cream 20 g##,1,Drugs,"{'id': 1, 'name': 'Drugs', 'created_at': '-000001-11-30T00:00:00.000000Z', 'updated_at': '2022-03-17T16:53:12.000000Z', 'deleted_at': None}",522,Ketoconazole,,B4-8152,4,Cream,21,Topical,2%,145,Chez Resources Pharmaceutical Limited,2023-05-25,2028-05-24,Active,"Cream

30	RNW-PP-310218	CHEZORAL CREAM 20G	KETOCONAZOLE USP 2% W/W	KETOCONAZOLE USP 2%W/W and q.s.	B4-8152	Drugs	Imported Products	1*20g	Prescription Only Medicine (POM)	2/6/2023	CHEZ RESOURCES PHARMACEUTICAL LIMITED, 7 CALABAR STREET FEGGE ONITSHA ANAMBRA	46485780	chezrespharm@gmail.com	ALPA LABORATORIES LTD, 33/2, PIGDAMBER A.B. ROAD-453 446 DISTT. INDORE-(M.P.) INDIA, India",1 x 30 g (in Alu tube),"Chezoral Cream contains: Ketoconazole USP 2% w/w
Excipients q.s.",https://admin.greenbook.nafdac.gov.ng/uploadImage/smpc_files/2023/08/22/2023082222465063-b83f-5c3d-9e94-d8207e291599.pdf,D01AC08,https://greenbook.nafdac.gov.ng/products/details/4793,2026-09-27T21:50:58.439770+00:00
Greenbook NAFDAC,1488,7953,Chi Gynocare Vaginal Ovules**,1,Drugs,"{'id': 1, 'name': 'Drugs', 'created_at': '-000001-11-30T00:00:00.000000Z', 'updated_at': '2022-03-17T16:53:12.000000Z', 'deleted_at': None}",673,Nystatin; Neomycin (Neomycin Sulfate); Polymyxin B Sulfate,,A4-7376,2,Capsule,24,Vaginal,"100,000 IU; 35 mg; 35,000 IU",1232,CHI Pharmaceutical Limited,2024-06-27,2029-06-26,Active,"White opaque, oval shaped, soft gelatin capsule containing light yellow colour oily semi solid mass",2 x 6&#039;s (in blisters),"Each soft gelatin capsule contains: Neomycin Sulfate USP 50.2 mg equiv. to Neomycin 35 mg or 35,000 I.U., Polymyxin B Sulfate USP 35,000 I.U., Nystatin USP 100,000 I.U., Excipients q.s.
Approved colour used in softgel capsule shell",https://admin.greenbook.nafdac.gov.ng/uploadImage/smpc_files/2024/07/20/20240720e5503ec2-2c92-5b34-82ef-04df61a8fab5.pdf,G01AA51,https://greenbook.nafdac.gov.ng/products/details/7953,2026-09-27T21:50:58.439770+00:00
Greenbook NAFDAC,1489,11708,Chi Gynocare Vaginal Ovules_,1,Drugs,"{'id': 1, 'name': 'Drugs', 'created_at': '-000001-11-30T00:00:00.000000Z', 'updated_at': '2022-03-17T16:53:12.000000Z', 'deleted_at': None}",673,Nystatin; Neomycin (Neomycin Sulfate); Polymyxin B Sulfate,,A4-7376,115,Vaginal capsule,5,Buccal,"100,000 IU; 35,000 IU; 50.2 mg",1232,CHI Pharmaceutical Limited,2025-08-27,2030-08-26,Active,"Vaginal Capsule.
Oval-shaped, white, opaque colored, soft gelatin capsule containing off-white to white colored oily suspension for vaginal use",1 x 6&#039;s (in Alu-PVC blister),"Each soft gelatin capsule contains: Neomycin Sulfate 50.2 mg, Polymyxin Sulfate 35,000 I.U, and Nystatin 100,000 I.U
Excipients q.s.",https://admin.greenbook.nafdac.gov.ng/uploadImage/smpc_files/2025/10/23/20251023382cbca6-cfba-5034-b2d7-29636987bb98.pdf,G01AA51,https://greenbook.nafdac.gov.ng/products/details/11708,2026-09-27T21:50:58.439770+00:00
Greenbook NAFDAC,1490,11999,Chiaxon Injection 1G_,1,Drugs,"{'id': 1, 'name': 'Drugs', 'created_at': '-000001-11-30T00:00:00.000000Z', 'updated_at': '2022-03-17T16:53:12.000000Z', 'deleted_at': None}",1541,Ceftriaxone (Ceftriaxone Sodium),,A4-101626,40,Injection,29,Intravenous; Intramuscular,1000 mg,1718,CHI HEALTHCARE LIMITED,2025-10-29,2030-10-28,Active,Powder for Injection,1 x 1 (in 10 mL glass vial) + 10 mL SWFI,Each vial contains: Ceftriaxone Sodium equiv. to Ceftriaxone 1000 mg,https://admin.greenbook.nafdac.gov.ng/uploadImage/smpc_files/2025/11/26/20251126d57cadef-60eb-5b15-a6c3-b861f6875c1a.pdf,J01DD04,https://greenbook.nafdac.gov.ng/products/details/11999,2026-09-27T21:50:58.439770+00:00
Greenbook NAFDAC,1491,7954,Chifenac Soft Capsule Aceclofenac 100 mg** (duplicate),1,Drugs,"{'id': 1, 'name': 'Drugs', 'created_at': '-000001-11-30T00:00:00.000000Z', 'updated_at': '2022-03-17T16:53:12.000000Z', 'deleted_at': None}",74,Aceclofenac,,A4-4604,2,Capsule,1,Oral,100 mg,1232,CHI Pharmaceutical Limited,2021-08-26,2026-08-25,Inactive,"Red colour, opaque, oval shaped, soft gelatin capsule containing white oily semi solid mass",10 x 10&#039;s (in Alu-PVC blisters),"Each softgel capsule contains: Aceclofenac BP 100 mg, Excipients q.s.
Approved colour used in softgel capsules shell",https://admin.greenbook.nafdac.gov.ng/uploadImage/smpc_files/2024/07/20/20240720cbcd1563-78d0-5526-888c-4c34facdb156.pdf,M01AB16,https://greenbook.nafdac.gov.ng/products/details/7954,2026-09-27T21:50:58.439770+00:00
Greenbook NAFDAC,1492,8027,Chiflox Tablets**,1,Drugs,"{'id': 1, 'name': 'Drugs', 'created_at': '-000001-11-30T00:00:00.000000Z', 'updated_at': '2022-03-17T16:53:12.000000Z', 'deleted_at': None}",752,Ciprofloxacin,,A4-8298,108,Caplet,1,Oral,500 mg,1232,CHI Pharmaceutical Limited,2024-08-28,2029-08-27,Active,White or off-white film coated caplet,1 x 10&#039;s (in blister),"Each film coated caplet contains: Ciprofloxacin Hydrochloride USP equivalent to Ciprofloxacin 500 mg, Excipients q.s.",https://admin.greenbook.nafdac.gov.ng/uploadImage/smpc_files/2024/09/29/202409299f28ead5-0921-591e-a244-70743513ea5b.pdf,J01MA02,https://greenbook.nafdac.gov.ng/products/details/8027,2026-09-27T21:50:58.439770+00:00
Greenbook NAFDAC,1493,11446,Chigra 100 Tablets_,1,Drugs,"{'id': 1, 'name': 'Drugs', 'created_at': '-000001-11-30T00:00:00.000000Z', 'updated_at': '2022-03-17T16:53:12.000000Z', 'deleted_at': None}",703,Sildenafil (Sildenafil Citrate),,A11-100937,1,Tablet,1,Oral,100 mg,1232,CHI Pharmaceutical Limited,2025-07-30,2030-07-29,Active,"Tablet.
Red-colored, rounded, film-coated tablet embossed with &quot;100&quot; on one side and plain on the other side",1 x 5&#039;s (in blister),"Each tablet contains: Sildenafil Citrate 100 mg
Excipients q.s.",https://admin.greenbook.nafdac.gov.ng/uploadImage/smpc_files/2025/09/04/2025090413485fe7-8882-55d9-bd71-edbab847f97a.pdf,G04BE03,https://greenbook.nafdac.gov.ng/products/details/11446,2026-09-27T21:50:58.439770+00:00
Greenbook NAFDAC,1494,7359,Children`s Tuxil-N##,1,Drugs,"{'id': 1, 'name': 'Drugs', 'created_at': '-000001-11-30T00:00:00.000000Z', 'updated_at': '2022-03-17T16:53:12.000000Z', 'deleted_at': None}",1038,Ephedrine; Chlorphenamine; Ammonium chloride; Sodium citrate; Menthol,,A4-5896,103,Syrup,1,Oral,3 mg/5 mL; 1.5 mg/5 mL; 45 mg/5 mL; 22 mg/5 mL; 2 mg/5 mL,27,Fidson Healthcare PLC,2024-01-31,2029-01-30,Active,"Syrup

19	RNW-PP-314942	CHILDREN`S TUXIL-N	CHLORPHENIRAMINE MALEATE, AMMONIUM CHLORIDE, SODIUM CITRATE, EPHEDRINE.	CHLORPHENIRAMINE MALEATE 1MG, AMMONIUM CHLORIDE 45MG, SODIUM CITRATE 22MG, EPHEDRINE HCL 3MG, MENTHOL 2MG	A4-5896	Drugs	Nigerian Products	100ML	OTC	2/15/2023	FIDSON HEALTHCARE PLC, IKORODU ROAD, OBANIKORO LAGOS LAGOS	8023067964	nmakaokolo@yahoo.com	Fidson Healthcare Plc., KM 38, Lagos- Abeokuta Expressway Sango-ota, Ogun State., Nigeria",1 x 100 mL (in amber bottle),"Children&#039;s Tuxil-N contains: Chlorphenamine maleate 2 mg, Ammonium Chloride 87 mg, Sodium Citrate 43 mg, Ephedrine HCL 6 mg, Menthol 2 mg",https://admin.greenbook.nafdac.gov.ng/uploadImage/smpc_files/2024/02/17/2024021758dcd70a-2022-58b1-aff7-d8953c267f36.pdf,R06AB02,https://greenbook.nafdac.gov.ng/products/details/7359,2026-09-27T21:50:58.439770+00:00
Greenbook NAFDAC,1495,5466,Chimexbon Gentamicin 0.3% w/v Eye/Ear drop## (check pack size),1,Drugs,"{'id': 1, 'name': 'Drugs', 'created_at': '-000001-11-30T00:00:00.000000Z', 'updated_at': '2022-03-17T16:53:12.000000Z', 'deleted_at': None}",755,Gentamicin (Gentamicin Sulfate),,B4-6687,16,Ear/eye drops,28,Ophthalmic/Otic,0.3%,629,Chimexbon International Company Limited,2023-08-31,2028-08-30,Active,"Ear/Eye Drops

Chimexbon Gentamicin 0.3% W/V Eye/ear drop	GENTAMICIN 0.3% W/V EYE/EAR DROP	Gentamicin Sulphate BP eq. to Gentamicin 0.3 % w/v Benzalkonium Chloride BP 0.01% w/v (as preservative) Aqueous buffered vehicle q.s.	B4-6687	Drugs	Imported Products	1x5ml	POM 1	07/12/2021	CHIMEXBON INTERNATIONAL COMPANY LIMITED, WAZOBIA HOUSE, RUSSEL AVENUE, SABON GARI KANO KANO	0	chimexbon.pharmacy@yahoo.com	Alpa. Laboratories Limited, 33/2, A.B. Road Road Pigdamber -453 446, Indore (MP) India., India",1 x 5 mL,"Chimexbon Gentamicin 0.3% w/v Eye/Ear drop contains: Gentamicin Sulphate BP equivalent to Gentamicin 0.3 % w/v, Benzalkonium Chloride BP 0.01% w/v (as preservative) Aqueous Buffered Vehicle q.s.
Excipients q.s.",https://admin.greenbook.nafdac.gov.ng/uploadImage/smpc_files/2023/09/04/202309047b78ca62-9e8c-5a6b-9665-c025b7fc9903.pdf,S03AA06,https://greenbook.nafdac.gov.ng/products/details/5466,2026-09-27T21:50:58.439770+00:00
Greenbook NAFDAC,1496,5444,Chimexbon Omeprazole BP 20 mg Capsule##,1,Drugs,"{'id': 1, 'name': 'Drugs', 'created_at': '-000001-11-30T00:00:00.000000Z', 'updated_at': '2022-03-17T16:53:12.000000Z', 'deleted_at': None}",171,Esomeprazole (Esomeprazole Magnesium),,B4-6694,2,Capsule,1,Oral,20 mg,629,Chimexbon International Company Limited,2023-08-31,2028-08-30,Active,"Capsule

Chimexbon Omeprazole BP 20mg capsule	OMEPRAZOLE BP 20MG	Omeprazole BP 20mg (as enteric coated granules), no excipients	B4-6694	Drugs	Imported Products	2 x7&#039;s,1x14&#039;s	Prescription Only Medicine (POM)	07/12/2021	CHIMEXBON INTERNATIONAL COMPANY LIMITED, WAZOBIA HOUSE, RUSSEL AVENUE, SABON GARI KANO KANO	0	chimexbon.pharmacy@yahoo.com	Alpa. Laboratories Limited, 33/2, A.B. Road Road Pigdamber -453 446, Indore (MP) India., India","2 x 7&#039;s (in Alu-Alu blister), 1 x 14&#039;s (in strip pack)","Each hard gelatin capsule: Omeprazole 20 mg
Excipients q.s.",https://admin.greenbook.nafdac.gov.ng/uploadImage/smpc_files/2023/09/04/2023090481671636-7aa1-5c8a-8648-d4c93f8cb344.pdf,A02BC01,https://greenbook.nafdac.gov.ng/products/details/5444,2026-09-27T21:50:58.439770+00:00
Greenbook NAFDAC,1497,7313,Chitrobact Cream##,1,Drugs,"{'id': 1, 'name': 'Drugs', 'created_at': '-000001-11-30T00:00:00.000000Z', 'updated_at': '2022-03-17T16:53:12.000000Z', 'deleted_at': None}",1224,Betamethasone; Ketoconazole,,A4-100809,4,Cream,21,Topical,0.05%; 2%,705,Pal Pharmaceutical Industries Limited,2024-04-30,2029-05-01,Active,"Cream

62	NF-PP-394944	Chitrobact Cream	Betamethasone Dipropionate 0.05% and Ketoconazole 2%	White Soft Paraffin BP Moisturizer ----- 4500 45 2 Cetostearyl Alcohol BP Opacifying Agent ----- 2400 24 3 Cetomacragol 1000 IH Solubilize &amp; emulsifying Agent ----- 600 6 , Sodium Methyl Paraben BP Preservative ----- 30 0.3 5 Sodium Propyl Paraben BP Preservative ----- 30 0.3 6 Di Sodium Edetate BP Chelating Agent ----- 30 0.3 7 Para Chloro Meta Cresol BP Preservative ----- 30 0.3 , Ketoconazole BP Active	A4-100809	Drugs	Imported Products	1x30mg	Prescription Only Medicine (POM)	PAL - PHARMACEUTICAL INDUSTRIE LIMITED, 102, Maganda Road, Bompai Industries Area, Kano, Kano State	8070777770	emypal@yahoo.com	FLOURISH PHARMA, 24 E GOA IDC DAMAN INDUSTRIAL ESTATE, SOMNATH DABHEL DAMAN 396215, India",1 x 30 mg (in Lami tube),"Chitrobact Cream contains: Betamethasone Dipropionate equivalent to Betamethasone 0.05%, Ketoconazole USP 2%, Cream Base q.s.
Excipients q.s.",https://admin.greenbook.nafdac.gov.ng/uploadImage/smpc_files/2024/11/28/20241128cbc5e743-1cae-5f94-9dd0-d5164248d7a4.pdf,D07CC01,https://greenbook.nafdac.gov.ng/products/details/7313,2026-09-27T21:50:58.439770+00:00
Greenbook NAFDAC,1498,7960,Chlomacol Capsules**,1,Drugs,"{'id': 1, 'name': 'Drugs', 'created_at': '-000001-11-30T00:00:00.000000Z', 'updated_at': '2022-03-17T16:53:12.000000Z', 'deleted_at': None}",1588,Chloramphenicol,,04-3728,2,Capsule,1,Oral,250mg,179,Geneith Pharmaceuticals Limited,2021-06-24,2026-06-23,Inactive,Capsule,10 x 10&#039;s,Chloramphenicol Capsules 250 mg,https://admin.greenbook.nafdac.gov.ng/uploadImage/smpc_files/2024/09/23/20240923c315adff-9f0d-5c7d-bd6b-2d8215a02047.pdf,,https://greenbook.nafdac.gov.ng/products/details/7960,2026-09-27T21:50:58.439770+00:00
Greenbook NAFDAC,1499,266,Chloraf Suspension##,1,Drugs,"{'id': 1, 'name': 'Drugs', 'created_at': '-000001-11-30T00:00:00.000000Z', 'updated_at': '2022-03-17T16:53:12.000000Z', 'deleted_at': None}",750,Chloramphenicol Palmitate,,04-0543,102,Suspension,1,Oral,125 mg/5 mL,82,Afrab-Chem Limited,2021-08-03,2026-08-02,Inactive,Suspension,1 x 100 mL,"Each 5 mL suspension contains: Chloramphenicol Palmitate 125 mg
Excipients q.s.",https://admin.greenbook.nafdac.gov.ng/uploadImage/smpc_files/2025/03/26/2025032675c9db18-95a9-571d-bd4a-7cc3d1d6aaab.pdf,J01BA01,https://greenbook.nafdac.gov.ng/products/details/266,2026-09-27T21:50:58.439770+00:00
Greenbook NAFDAC,1500,10586,Chlorakris**,1,Drugs,"{'id': 1, 'name': 'Drugs', 'created_at': '-000001-11-30T00:00:00.000000Z', 'updated_at': '2022-03-17T16:53:12.000000Z', 'deleted_at': None}",750,Chloramphenicol Palmitate,,A11-100386,2,Capsule,1,Oral,250 mg,370,Krishat Pharma Industries Limited,2022-05-26,2027-05-25,Active,"Oral capsule
Opaque white to off white coloured cap and body printed with “CHLORAKRIS” on cap and 250mg on the body, size “1” hard gelatin capsules containing almost off-white color free flowing powder",10 x 10&#039;s (in Alu-PVC blisters),"Each capsule contains: Chloramphenicol 250 mg

Excipients:
Maize Starch, Microcrystalline Cellulose, Dibasic Calcium Phosphate, Magnesium Stearate, Purified Talc &amp; Colloidal Silicon Dioxide (Aerosil)",https://admin.greenbook.nafdac.gov.ng/uploadImage/smpc_files/2025/01/28/20250128fbb06a74-cdb2-5a56-996d-844bda2312e7.pdf,J01BA01,https://greenbook.nafdac.gov.ng/products/details/10586,2026-09-27T21:50:58.439770+00:00
Greenbook NAFDAC,1501,7366,Chloramphenicol 0.5% Eye Drops##,1,Drugs,"{'id': 1, 'name': 'Drugs', 'created_at': '-000001-11-30T00:00:00.000000Z', 'updated_at': '2022-03-17T16:53:12.000000Z', 'deleted_at': None}",1588,Chloramphenicol,,A11-0232,24,Eye drops,15,Ophthalmic,0.5%,27,Fidson Healthcare PLC,2024-01-31,2029-01-30,Active,"Eye drops
Clear, colorless to slightly yellow solution

22	RNW-PP-327205	CHLORAMPHENICOL 0.5 % EYE DROPS	CHLORAMPHENICOL 0.5%	CHLORAMPHENICOL 0.5 %wv	A11-0232	Drugs	Nigerian Products	10ML	POM 1	6/9/2023	FIDSON HEALTHCARE PLC, IKORODU ROAD, OBANIKORO LAGOS LAGOS	8023067964	nmakaokolo@yahoo.com	Fidson Healthcare Plc., KM 38, Lagos- Abeokuta Expressway Sango-ota, Ogun State., Nigeria",1 x 10 mL (in LDPE bottle),"Chloramphenicol 0.5% w/v
Excipients: Boric Acid, Sodium Borate (BORAX), Phenyl Mercuric Nitrate, Purified Water
",https://admin.greenbook.nafdac.gov.ng/uploadImage/smpc_files/2024/02/17/202402175df629f6-06fd-5ce2-a420-bfd5e887f9c9.pdf,S01AA01,https://greenbook.nafdac.gov.ng/products/details/7366,2026-09-27T21:50:58.439770+00:00
Greenbook NAFDAC,1502,7318,Chloramphenicol Sterile Eye Drops##,1,Drugs,"{'id': 1, 'name': 'Drugs', 'created_at': '-000001-11-30T00:00:00.000000Z', 'updated_at': '2022-03-17T16:53:12.000000Z', 'deleted_at': None}",1588,Chloramphenicol,,04-5588,104,Solution/Drops,27,Ocular,0.5%,162,Drugfield Pharmaceuticals Limited,2021-03-01,2026-02-28,Inactive,"Sterile Eye Drops

80	Chloramphenicol 	04-5588	Chloramphenicol Sterile Eye Drops	Chloramphenicol, Polyethylene Glycol, Boric Acid, Sodium Borate  Thiomersal, Distilled Water To	Anti-Infectives	Ocular Route	2.02kg, 40.400kg, 4.968kg, 0.202kg, 0.060kg, 400.00lt/400.00kg	Solution/Drops	Prescription Only Medicine (Pom)	Drugfield Pharmaceuticals Limited	Drugfield Pharmaceuticals Limited	Nigeria	2021-03-01	2026-02-28",1 x 10 mL (in lupolene bottle),"Each mL of the eye drops contains: Chloramphenicol BP 5 mg
Excipients q.s.",https://admin.greenbook.nafdac.gov.ng/uploadImage/smpc_files/2024/06/25/2024062509fa1fda-7290-537c-bba1-7ab6776a4ca0.pdf,S01AA01,https://greenbook.nafdac.gov.ng/products/details/7318,2026-09-27T21:50:58.439770+00:00
Greenbook NAFDAC,1503,7961,Chloramphenicol Succinate for Injection##,1,Drugs,"{'id': 1, 'name': 'Drugs', 'created_at': '-000001-11-30T00:00:00.000000Z', 'updated_at': '2022-03-17T16:53:12.000000Z', 'deleted_at': None}",811,Chloramphenicol (Chloramphenicol Sodium Succinate),,C4-1729,70,Powder for injection,12,Intravenous,1 g,145,Chez Resources Pharmaceutical Limited,2021-06-24,2026-06-23,Inactive,Dry Powder for Solution for Injection,1 x 10 mL (in glass vial),Each vial contains: Chloramphenicol Sodium Succinate BP equivalent to Chloramphenicol 1 g,https://admin.greenbook.nafdac.gov.ng/uploadImage/smpc_files/2024/09/18/20240918e8d0c668-5bf8-5088-b8fb-9f31076cff74.pdf,,https://greenbook.nafdac.gov.ng/products/details/7961,2026-09-27T21:50:58.439770+00:00
Greenbook NAFDAC,1504,11187,Chloroquine Phosphate 40 mg Injection**,1,Drugs,"{'id': 1, 'name': 'Drugs', 'created_at': '-000001-11-30T00:00:00.000000Z', 'updated_at': '2022-03-17T16:53:12.000000Z', 'deleted_at': None}",1572,Chloroquine (Chloroquine Phosphate),,A4-101290,107,Solution for injection,29,Intravenous; Intramuscular,40 mg/mL,357,Longer Life Health Care Limited,2025-04-30,2030-04-29,Active,Clear colorless solution for injection in 30-mL vials,30 mL x 10&#039;s (in amber-coloured vials),Each vial contains: Chloroquine Phosphate 64.5 mg/mL equivalent to Chloroquine base 40 mg/mL,https://admin.greenbook.nafdac.gov.ng/uploadImage/smpc_files/2025/05/15/2025051557204073-f3e6-5b3a-8d7b-666eb6b14a9c.pdf,P01BA01,https://greenbook.nafdac.gov.ng/products/details/11187,2026-09-27T21:50:58.439770+00:00
Greenbook NAFDAC,1505,11447,Chlorpheniramine Cold Caplet 4 mg_,1,Drugs,"{'id': 1, 'name': 'Drugs', 'created_at': '-000001-11-30T00:00:00.000000Z', 'updated_at': '2022-03-17T16:53:12.000000Z', 'deleted_at': None}",413,Chlorphenamine Maleate,Chlorpheniramine Maleate,A11-100916,2,Capsule,1,Oral,4 mg,1253,Daily Sun Pharmaceutical Company Ltd,2025-06-25,2030-06-24,Active,"Capsule.
A white, round, biconvex tablet plain on one side and a dividing line on the reverse side",25 x 4&#039;s (in PVC-Alu blisters),"Each capsule contains: Chlorphenamine Maleate BP 4 mg
Excipients q.s.",https://admin.greenbook.nafdac.gov.ng/uploadImage/smpc_files/2025/08/05/20250805934734df-c746-5393-9170-76ba940432b5.pdf,R06AB04,https://greenbook.nafdac.gov.ng/products/details/11447,2026-09-27T21:50:58.439770+00:00
Greenbook NAFDAC,1506,5021,Chlorpheniramine Maleate & Phenylephrine Capsules**,1,Drugs,"{'id': 1, 'name': 'Drugs', 'created_at': '-000001-11-30T00:00:00.000000Z', 'updated_at': '2022-03-17T16:53:12.000000Z', 'deleted_at': None}",1023,Phenylephrine Hydrochloride; Chlorphenamine Maleate,,C4-1427,2,Capsule,1,Oral,5 mg; 4 mg,218,Malven Medics International Company Ltd,2020-12-21,2025-12-20,Inactive,"Each capsule contains: Chlorpheniramine Maleate 4 mg, Phenylephrine HCl 5 mg",,,,R06AB54,https://greenbook.nafdac.gov.ng/products/details/5021,2026-09-27T21:50:58.439770+00:00
Greenbook NAFDAC,1507,6526,Chlorpheniramine Tablet##,1,Drugs,"{'id': 1, 'name': 'Drugs', 'created_at': '-000001-11-30T00:00:00.000000Z', 'updated_at': '2022-03-17T16:53:12.000000Z', 'deleted_at': None}",413,Chlorphenamine Maleate,Chlorpheniramine Maleate,04-0071,1,Tablet,1,Oral,4 mg,326,Vitabiotics Nigeria Limited,2023-11-30,2028-11-29,Active,"Tablet

CHLORPHENIRAMINE TABLET	CHLORPHENIRAMINE MALEATE B.P 4MG	Chlorpheniramine Maleate B.P 4mg, Nipagin (Methyl Paraben), Nipasol (Propyl Paraben), Dicalcium Phosphate B.P, Corn Starch B.P (Paste), Tartrazine Yellow, Corn Starch B.P (Bulk), Corn Starch B.P (Lubricant), Talcum B.P, Magnesium stearate, Purified Water	04-0071	Drugs	DERMATOLOGICALS	Nigerian Products	1*1000	POM 1	01/08/2023	VITABIOTICS NIGERIA LIMITED, MOBOLAJI JOHNSON AVENUE, OREGUN INDUSTRIAL ESTATE, IKEJA LAGOS LAGOS	8023770671	dayo.otiko@yahoo.com	VITABIOTICS NIGERIA LIMITED, 35, MOBOLAJI JOHNSON AVENUE, OREGUN INDUSTRIAL ESTATE, IKEJA, LAGOS, NIGERIA., Nigeria",1 x 1000&#039;s (in HDPE container),"Each tablet contains: Chlorphenamine Maleate 4 mg
Excipients: Nipagin (Methyl Paraben) 0.11 mg, Nipasol (Propyl Paraben) 0.056 mg, Dicalcium Phosphate 140.00 mg, Corn Starch (Paste) 13.50 mg, Tartrazine Yellow 0.024 mg, Corn Starch (Bulk) 38.40 mg, Corn Starch (Lubricant) 10.00 mg, Talcum 
2.00 mg, Magnesium Stearate 2.00 mg, Purified Water q.s.",https://admin.greenbook.nafdac.gov.ng/uploadImage/smpc_files/2023/12/17/2023121737119e31-a485-52f9-9517-f8f851b39fc6.pdf,R06AB04,https://greenbook.nafdac.gov.ng/products/details/6526,2026-09-27T21:50:58.439770+00:00
Greenbook NAFDAC,1508,10126,Chlorpheniramine Tablets##,1,Drugs,"{'id': 1, 'name': 'Drugs', 'created_at': '-000001-11-30T00:00:00.000000Z', 'updated_at': '2022-03-17T16:53:12.000000Z', 'deleted_at': None}",413,Chlorphenamine Maleate,Chlorpheniramine Maleate,C4-1890,1,Tablet,1,Oral,4 mg,705,Pal Pharmaceutical Industries Limited,2021-10-28,2026-10-27,Active,Tablet																																																																																																																																																																																																																																										,10 x 10&#039;s,Each tablet contains: Chlorpheniramine Maleate BP 4 mg,,,https://greenbook.nafdac.gov.ng/products/details/10126,2026-09-27T21:50:58.439770+00:00
Greenbook NAFDAC,1509,9750,Chlorpromazine Tablets BP 100 mg**,1,Drugs,"{'id': 1, 'name': 'Drugs', 'created_at': '-000001-11-30T00:00:00.000000Z', 'updated_at': '2022-03-17T16:53:12.000000Z', 'deleted_at': None}",10,Chlorpromazine (Chlorpromazine Hydrochloride),,A4-101119,1,Tablet,1,Oral,100 mg,166,Embassy Pharmaceutical and Chemicals Limited,2024-12-18,2029-12-17,Active,"Film coated tablets.
Round, white film coated tablet, plain on both the sides",1 x 1000&#039;s (in a jar),"Each film coated tablets: Chlorpromazine Hydrochloride BP 100 mg, Excipients q.s.",https://admin.greenbook.nafdac.gov.ng/uploadImage/smpc_files/2025/05/22/20250522f17e0c00-e53f-5a22-a539-3c1386b10fb3.pdf,N05AA01,https://greenbook.nafdac.gov.ng/products/details/9750,2026-09-27T21:50:58.439770+00:00
Greenbook NAFDAC,1510,10839,Chlorpromazine Tablets##,1,Drugs,"{'id': 1, 'name': 'Drugs', 'created_at': '-000001-11-30T00:00:00.000000Z', 'updated_at': '2022-03-17T16:53:12.000000Z', 'deleted_at': None}",10,Chlorpromazine (Chlorpromazine Hydrochloride),,A4-7421,1,Tablet,1,Oral,100 mg,423,Manfes Pharmaceutical Company Limited,2025-03-27,2030-03-26,Active,"Tablet
White colored, elongated, biconvex, film coated tablets, having embossing &quot;CHL 100&quot; on one side and break-line on other side

CHLORPROMAZINE  TABLETS 	CHLORPROMAZINE HYDROCHLORIDE BP 100MG  ( 1 X 1000 ) , ( EXCIPIENTS :, LACTOSE, MAGNESIUM STEARATECORN  STARCH, COLLOIDAL SILICON DIOXIDE, MICROCRYSTALLINE CELLULOSE, POVIDONE, SODIUM STARCH GLYCOLATE, TITANIUM DIOXIDE, TALC, HYPROMELLOSE, POLYETHYLENE GLYCOL, CROSCARMELLOSE  SODIUM, ISOPROPYL ALCOHOL, MEDIUM CHAIN TRIGLYCERIDES, POLYSORBATE 80, POLYVINYL ALCOHOL, PRECIPITATED CALCIUM CARBONATE	A4-7421	Drugs	Imported Product	1X1000	22-10-2024	MANFES PHARMACEUTICAL COMPANY LIMITED, 11, ANAMBRSTREET, FEGGE, ONITSHA, ANAMBRA, ONITSHA, , ANAMBRA	08055320243	manfespharmaltd@gmail.com	MEDICO  REMEDIES PVT LTD , 8&amp;9, DEWAN &amp;SONS UDYOG NAGAR, PALGHAR, MAHASHTRA – 401 404, INDIA",1 x 1000&#039;s (in a jar),"Each film coated tablet contains: Chlorpromazine Hydrochloride BP equivalent to Chlorpromazine base 100 mg
Excipients q.s.
Color: Approved color used

",https://admin.greenbook.nafdac.gov.ng/uploadImage/smpc_files/2025/05/20/202505202237aea3-6950-5c3b-9e95-f4a40013a70a.pdf,N05AA01,https://greenbook.nafdac.gov.ng/products/details/10839,2026-09-27T21:50:58.439770+00:00
Greenbook NAFDAC,1511,57,Chovastin 10 mg##,1,Drugs,"{'id': 1, 'name': 'Drugs', 'created_at': '-000001-11-30T00:00:00.000000Z', 'updated_at': '2022-03-17T16:53:12.000000Z', 'deleted_at': None}",300,Atorvastatin (Atorvastatin Calcium),,A4-9757,1,Tablet,1,Oral,10 mg,210,Korlyns Pharmaceuticals Ltd,2021-12-02,2026-12-01,Active,Tablet,,Each tablet contains: Atorvastatin (as Atorvastatin Calcium),,C10AA05,https://greenbook.nafdac.gov.ng/products/details/57,2026-09-27T21:50:58.439770+00:00
Greenbook NAFDAC,1512,58,Chovastin 20 mg##,1,Drugs,"{'id': 1, 'name': 'Drugs', 'created_at': '-000001-11-30T00:00:00.000000Z', 'updated_at': '2022-03-17T16:53:12.000000Z', 'deleted_at': None}",300,Atorvastatin (Atorvastatin Calcium),,A4-9756,1,Tablet,1,Oral,20 mg,210,Korlyns Pharmaceuticals Ltd,2021-12-02,2026-12-01,Active,Tablet,,Each tablet contains: Atorvastatin (as Atorvastatin Calcium) 20 mg,,C10AA05,https://greenbook.nafdac.gov.ng/products/details/58,2026-09-27T21:50:58.439770+00:00
Greenbook NAFDAC,1513,4794,Chupatiz Tablet## (check composition),1,Drugs,"{'id': 1, 'name': 'Drugs', 'created_at': '-000001-11-30T00:00:00.000000Z', 'updated_at': '2022-03-17T16:53:12.000000Z', 'deleted_at': None}",368,Cyproheptadine; Vitamins,,C4-1360,1,Tablet,1,Oral,Pending,989,Chumath Pharm &amp; Chem Co. Ltd,2020-12-21,2025-12-20,Inactive,"Tablet

Chupatiz Tablet	C4-1360	Cyproheptadine BP, Vitamin A BP,  Vitamin D BP, Thiamin Momonitrate BP	Antihistamine, Vitamins	Oral	2  mg, 1600 Iu, 200 Iu, 2  mg	Tablet	Over The Counter (Otc)	Chumath Pharma &amp; Chem. Co. Ltd	Jay Formulations Limited	India	21/12/2020	20/12/2025",,"Each tablet contains: Cyproheptadine BP, Vitamin A BP,  Vitamin D BP, Thiamin Momonitrate BP",,R06AX02,https://greenbook.nafdac.gov.ng/products/details/4794,2026-09-27T21:50:58.439770+00:00
Greenbook NAFDAC,1514,4840,Chupet Ampicillin Sodium Injection##,1,Drugs,"{'id': 1, 'name': 'Drugs', 'created_at': '-000001-11-30T00:00:00.000000Z', 'updated_at': '2022-03-17T16:53:12.000000Z', 'deleted_at': None}",1608,Ampicillin (Ampicillin Sodium),,B4-2300,40,Injection,12,Intravenous,1 g,803,Chupet Pharmaceutical Company Limited,2023-07-27,2028-07-26,Active,"Powder for Solution for Injection
A white or almost white powder

82	RNW-PP-119346	CHUPET AMPICILLIN SODIUM INJECTION	AMPICILLIN SODIUM	ampicillin sodium 1g	B4-2300	Drugs	Imported Products	1X10VIALS	Prescription Only Medicine (POM)	10/22/2020	CHUPET PHARMACEUTICAL COMPANY LIMITED, TAORIDI STREET SURULERE LAGOS SURULERE LAGOS	80341443	chupetcoy@yahoo.com	Reyoung Pharmaceutical Co.Ltd. , No.6 Erlangshan Road, Yiyuan County, Shandong Province, China , China",10 x 15 mL vials,"Each vial contains: Ampicillin Sodium equivalent to Ampicillin 1 g
Excipient with known effect (per vial): Sodium 33.7 mg (1,5 mmol) approximately",https://admin.greenbook.nafdac.gov.ng/uploadImage/smpc_files/2023/08/27/20230827bec861c8-fe1e-550d-9a28-fef542f21d31.pdf,J01CA01,https://greenbook.nafdac.gov.ng/products/details/4840,2026-09-27T21:50:58.439770+00:00
Greenbook NAFDAC,1515,4348,Chupet Ceftriaxone Sodium Injection##,1,Drugs,"{'id': 1, 'name': 'Drugs', 'created_at': '-000001-11-30T00:00:00.000000Z', 'updated_at': '2022-03-17T16:53:12.000000Z', 'deleted_at': None}",1541,Ceftriaxone (Ceftriaxone Sodium),,A4-9142,40,Injection,29,Intravenous; Intramuscular,1 g,803,Chupet Pharmaceutical Company Limited,2022-12-15,2027-12-14,Active,"Powder for Solution for Injection or Infusion
White to pale yellow crystalline powder",1 x 1 vial + 10 mL sterile water for injection,Each vial contains: Ceftriaxone Sodium (Sterile) equivalent to Ceftriaxone 1 g,https://admin.greenbook.nafdac.gov.ng/uploadImage/smpc_files/2023/05/28/20230527a0caeff9-5f95-5fca-aaf7-be895a149261.pdf,J01DD04,https://greenbook.nafdac.gov.ng/products/details/4348,2026-09-27T21:50:58.439770+00:00
Greenbook NAFDAC,1516,4349,Chupet Ciprofloxacin Infusion## (check pack size),1,Drugs,"{'id': 1, 'name': 'Drugs', 'created_at': '-000001-11-30T00:00:00.000000Z', 'updated_at': '2022-03-17T16:53:12.000000Z', 'deleted_at': None}",461,Ciprofloxacin (Ciprofloxacin Hydrochloride),,A4-8791,43,Intravenous infusion,12,Intravenous,200 mg/100 mL,803,Chupet Pharmaceutical Company Limited,2022-10-22,2027-10-21,Active,"Solution for Infusion
Clear, colorless solution

Chupet Ciprofloxacin Infusion	A4-8791	Chupet	CIPROFLOXACIN 0.2G/100ML	DRUG	ANTIBIOTIC	CIPROFLOXACIN 0.2G/100ML	INJECTION	1 X 100ML	PRESCRIPTION ONLY MEDICINE	TREATMENT OF BACTERIAL INFECTION CAUSED BY SUSCEPTIBLE MICROORGANISMS	CHUPET PHARM CO LTD	NIGERIA	SICHUAN KELUN PHARMACEUTICALS CO., LTD.	CHINA.	10/22/2022	21/10/2027",1 x 100 mL (in PVC-Alu pouch),"Each 100 mL contains: Ciprofloxacin 0.2 g
Excipients q.s.",https://admin.greenbook.nafdac.gov.ng/uploadImage/smpc_files/2023/05/26/202305264ff15d89-28cc-5425-9789-3a5b6cf91989.pdf,J01MA02,https://greenbook.nafdac.gov.ng/products/details/4349,2026-09-27T21:50:58.439770+00:00
Greenbook NAFDAC,1517,4347,Chupet Vitamin B12 Injection##,1,Drugs,"{'id': 1, 'name': 'Drugs', 'created_at': '-000001-11-30T00:00:00.000000Z', 'updated_at': '2022-03-17T16:53:12.000000Z', 'deleted_at': None}",311,Cyanocobalamin,Vitamin B12,A4-8734,40,Injection,9,Intramuscular,1000 mcg/2 mL,803,Chupet Pharmaceutical Company Limited,2022-10-22,2027-10-21,Active,"Injection

Chupet Vitamin B12 Injection	A4-8734	Chupet	CYANOCOBALAMINE 1MG/2ML	DRUG	VITAMIN	CYANOCOBALAMINE 1MG/2ML	INJECTION	2ML X 10AMPOULES	PRESCRIPTION ONLY MEDICINE	TREATMENT OF VIT B12 DEFICIENCY	CHUPET PHARM CO LTD	NIGERIA	TIANJIN KINGYORK GROUP HUBEI TIANYO PHARMA. CO. LTD	CHINA	10/22/2022	21/10/2027",10 x 2 mL ampoules,"Each 1 mL contains: Cyanocobalamin 500 mcg
Excipients q,s.
",https://admin.greenbook.nafdac.gov.ng/uploadImage/smpc_files/2023/05/26/202305265f02e3b7-4bca-524c-bb86-844aaa2a239d.pdf,B03BA01,https://greenbook.nafdac.gov.ng/products/details/4347,2026-09-27T21:50:58.439770+00:00
Greenbook NAFDAC,1518,4350,Chupet Vitamin C Injection##,1,Drugs,"{'id': 1, 'name': 'Drugs', 'created_at': '-000001-11-30T00:00:00.000000Z', 'updated_at': '2022-03-17T16:53:12.000000Z', 'deleted_at': None}",346,Ascorbic Acid,Vitamin C,A4-9139,40,Injection,12,Intravenous,500 mg/5 mL,803,Chupet Pharmaceutical Company Limited,2022-12-15,2027-12-14,Active,Injection,10 x 5 mL ampoules,"Each 5 mL contains: Ascorbic Acid 500 mg
Excipients q.s.",https://admin.greenbook.nafdac.gov.ng/uploadImage/smpc_files/2023/05/28/20230528fc1c559f-02a3-597c-897b-f7d42a61607d.pdf,A11GA01,https://greenbook.nafdac.gov.ng/products/details/4350,2026-09-27T21:50:58.439770+00:00
Greenbook NAFDAC,1519,11448,Chygozzy Fluconazole Capsules 200 mg_,1,Drugs,"{'id': 1, 'name': 'Drugs', 'created_at': '-000001-11-30T00:00:00.000000Z', 'updated_at': '2022-03-17T16:53:12.000000Z', 'deleted_at': None}",513,Fluconazole,,A4-101303,2,Capsule,1,Oral,200 mg,993,Chy-Gozzy Global Concept Nig Ltd,2025-05-27,2030-05-26,Active,Hard Gelatin Capsule,1 x 10&#039;s (in Alu-PVC blister),"Each film coated tablet contains: Fluconazole BP 400 mg
Excipients q.s.",https://admin.greenbook.nafdac.gov.ng/uploadImage/smpc_files/2025/06/23/202506234a30eac1-f687-57a0-b1a4-b3a45bd8e7fa.pdf,J02AC01,https://greenbook.nafdac.gov.ng/products/details/11448,2026-09-27T21:50:58.439770+00:00
Greenbook NAFDAC,1520,11449,Chygozzy Ofloxacin Tablets 400 mg_,1,Drugs,"{'id': 1, 'name': 'Drugs', 'created_at': '-000001-11-30T00:00:00.000000Z', 'updated_at': '2022-03-17T16:53:12.000000Z', 'deleted_at': None}",761,Ofloxacin,,A4-101302,1,Tablet,1,Oral,400 mg,993,Chy-Gozzy Global Concept Nig Ltd,2025-05-27,2030-05-26,Active,"Tablet.
White to off-white colored, biconvex, caplet-shaped, film-coated tablets, having break-line on one side and plain on the other side",1 x 10&#039;s (in Alu-Alu blister),"Each film-coated tablet contains: Ofloxacin USP 400 mg
Excipients q.s.",https://admin.greenbook.nafdac.gov.ng/uploadImage/smpc_files/2025/06/23/20250623a51374ad-7901-5e10-82c3-280845296001.pdf,J01MA01,https://greenbook.nafdac.gov.ng/products/details/11449,2026-09-27T21:50:58.439770+00:00
Greenbook NAFDAC,1521,3709,Chymoclim Tablet##,1,Drugs,"{'id': 1, 'name': 'Drugs', 'created_at': '-000001-11-30T00:00:00.000000Z', 'updated_at': '2022-03-17T16:53:12.000000Z', 'deleted_at': None}",127,Trypsin; Chymotrypsin,,A4-9033,1,Tablet,1,Oral,"50,000 units (6:1)",625,Climax Pharmaceutical Chemist Limited,2020-12-21,2025-12-20,Inactive,Tablet,,"Each tablet contains: Trypsin-Chymotrypsin (6:1 approximately) equivalent to 50,000 USP units of proteolytic enzyme activity",,M09AB52,https://greenbook.nafdac.gov.ng/products/details/3709,2026-09-27T21:50:58.439770+00:00
Greenbook NAFDAC,1522,3710,Chymojek Tablets##,1,Drugs,"{'id': 1, 'name': 'Drugs', 'created_at': '-000001-11-30T00:00:00.000000Z', 'updated_at': '2022-03-17T16:53:12.000000Z', 'deleted_at': None}",127,Trypsin; Chymotrypsin,,B4-1229,1,Tablet,1,Oral,"50,000 units (6:1)",1016,Jeksam Pharmaceuticals Co Ltd,2020-12-21,2025-12-20,Inactive,Tablet,,"Each tablet contains: Trypsin-Chymotrypsin BP (6:1 approximately) equivalent to 50,000 USP units of proteolytic enzyme activity",,M09AB52,https://greenbook.nafdac.gov.ng/products/details/3710,2026-09-27T21:50:58.439770+00:00
Greenbook NAFDAC,1523,11450,Chymojek Tablets_,1,Drugs,"{'id': 1, 'name': 'Drugs', 'created_at': '-000001-11-30T00:00:00.000000Z', 'updated_at': '2022-03-17T16:53:12.000000Z', 'deleted_at': None}",127,Trypsin; Chymotrypsin,,B4-1229,1,Tablet,1,Oral,"50,000 units (6:1)",1016,Jeksam Pharmaceuticals Co Ltd,2025-07-30,2030-07-29,Active,"Tablet.
Red-colored, round-shaped, biconvex, enteric coated tablets",3 x 10&#039;s (in Alu-Alu strips),"Each enteric coated tablet contains: Trypsin-Chymotrypsin (6.1 Approx.) equiv. to 50,000 (USP) Units of Proteolytic Enzyme Activity
Excipients q.s.",https://admin.greenbook.nafdac.gov.ng/uploadImage/smpc_files/2025/08/26/20250826bd1b30f6-67de-5304-b457-d7fe53787d27.pdf,M09AB52,https://greenbook.nafdac.gov.ng/products/details/11450,2026-09-27T21:50:58.439770+00:00
Greenbook NAFDAC,1524,7955,Chymovard Tablet**,1,Drugs,"{'id': 1, 'name': 'Drugs', 'created_at': '-000001-11-30T00:00:00.000000Z', 'updated_at': '2022-03-17T16:53:12.000000Z', 'deleted_at': None}",127,Trypsin; Chymotrypsin,,04-6043,1,Tablet,1,Oral,"50,000 units (6:1)",1177,De - Godstime Industry Nig Ltd,2021-02-25,2026-02-24,Inactive,"Sugar-coated tablet.
Red coloured, circular, biconvex, enteric sugar-coated tablets with “CHYMOVARD” printed on one side in black ink",1 x 500&#039;s (in metal tin),"Each enteric sugar-coated tablet contains: Trypsin/Chymotrypsin (6:1) equivalent to 50,000 units of Proteolytic enzyme activity.

Excipients with known effects:
Each tablet contains 1.500 mg of Magnesium Stearate and 1.250 mg of Diethyl Phthalate",https://admin.greenbook.nafdac.gov.ng/uploadImage/smpc_files/2024/09/23/202409239e51c567-7d15-5229-906e-282ce594b681.pdf,M09AB52,https://greenbook.nafdac.gov.ng/products/details/7955,2026-09-27T21:50:58.439770+00:00
Greenbook NAFDAC,1525,8406,Chymoyoung Tablets##,1,Drugs,"{'id': 1, 'name': 'Drugs', 'created_at': '-000001-11-30T00:00:00.000000Z', 'updated_at': '2022-03-17T16:53:12.000000Z', 'deleted_at': None}",127,Trypsin; Chymotrypsin,,B4-4599,1,Tablet,1,Oral,"50,000 units (6:1)",651,Global Young Pharma Limited,2024-09-25,2029-09-24,Active,Enteric Coated Tablet,3 x 10&#039;s (in strips),"Each tablet contains: Trypsin/Chymotrypsin (6:1) equivalent to 50,000 units of proteolytic enzyme activity",https://admin.greenbook.nafdac.gov.ng/uploadImage/smpc_files/2024/11/18/2024111890f65d70-9153-50c8-9319-e5f325a15283.pdf,M09AB52,https://greenbook.nafdac.gov.ng/products/details/8406,2026-09-27T21:50:58.439770+00:00
Greenbook NAFDAC,1526,540,Cialis## (check pack size),1,Drugs,"{'id': 1, 'name': 'Drugs', 'created_at': '-000001-11-30T00:00:00.000000Z', 'updated_at': '2022-03-17T16:53:12.000000Z', 'deleted_at': None}",705,Tadalafil,,04-5196,1,Tablet,1,Oral,20 mg,146,Caesar &amp; Jones Nigeria Ltd,2021-09-28,2026-09-27,Active,"Film Coated Tablet
The 20 mg tablets are yellow and almond shaped tablets, marked &quot;C 20&quot; on one side
","1 x 2&#039;s, 1 x 4&#039;s, 1 x 8&#039;s, 1 x 10&#039;s, 1 x 12&#039;s (in blisters)","Each tablet contains: Tadalafil 20 mg
Excipients q,s,",https://admin.greenbook.nafdac.gov.ng/uploadImage/smpc_files/2023/05/27/2023052714da42d3-37a1-596a-9755-37677edf2f1a.pdf,G04BE08,https://greenbook.nafdac.gov.ng/products/details/540,2026-09-27T21:50:58.439770+00:00
Greenbook NAFDAC,1527,6769,Cibidorf Tablet##,1,Drugs,"{'id': 1, 'name': 'Drugs', 'created_at': '-000001-11-30T00:00:00.000000Z', 'updated_at': '2022-03-17T16:53:12.000000Z', 'deleted_at': None}",461,Ciprofloxacin (Ciprofloxacin Hydrochloride),,A4-5469,1,Tablet,1,Oral,500 mg,903,Orfema Pharmaceutical Industry Limited,2023-12-21,2028-12-20,Active,"Tablets
Oblong white/cream, uncoated caplet with &quot;ORFEMA&quot; on one side and Cipro 500 mg on the other side

126	RNW-PP-303666	CIBIDORF TABLET	CIPROFLOXACIN HYDROCHLORIDE00000	CIPROFLOXACIN HYDROCHLORIDE 500MG	A4-5469	Drugs	Nigerian Products	1*10	POM 1	1/16/2023	ORFEMA PHARMACEUTICAL INDUSTRY LIMITED, 5, ATILADE ADEBOWALE STREET, OFF DADDY SAVAGE ROAD, OFF IJU ROAD	14537852	info@orfema.com	ORFEMA PHARMACEUTICAL INDUSTRY LIMITED, 5, ATILADE ADEBOWALE STREET, FAGBA – IJU, LAGOS STATE. , Nigeria",1 x 10&#039;s (in PVC-Alu blister),"Each tablet contains: Ciprofloxacin 500.00 mg (as Ciprofloxacin Hydrochloride)
Excipients: Microcrystalline cellulose (Avicel PH 102), Maize Starch, Sodium Starch Glycollate Type B, Magnesium Stearate, Aerosil 200 (Colloidal Silicon Dioxide)",https://admin.greenbook.nafdac.gov.ng/uploadImage/smpc_files/2024/01/02/20240102a1c3a19d-ae16-5c22-a926-f30c577a4b86.pdf, J01MA0,https://greenbook.nafdac.gov.ng/products/details/6769,2026-09-27T21:50:58.439770+00:00
Greenbook NAFDAC,1528,5927,Cidalix Oral Suspension##,1,Drugs,"{'id': 1, 'name': 'Drugs', 'created_at': '-000001-11-30T00:00:00.000000Z', 'updated_at': '2022-03-17T16:53:12.000000Z', 'deleted_at': None}",475,Azithromycin (Azithromycin Dihydrate),,B4-0661,102,Suspension,1,Oral,200 mg/5 mL,306,Tamar &amp; Pharez Nig Ltd,2023-04-26,2028-04-25,Active,"Suspension

CIDALIX ORAL SUSPENSION 20MG	AZITHROMYCIN SUSPENSION 20MG	AZITHROMYCIN ORAL SUSPENSION 20MG	B4-0661	Drugs	Imported Products	20ml,60ml	Prescription Only Medicine (POM)	21/10/2019	TAMAR &amp; PHAREZ NIG LTD, NYERE STREET, NARAYI H/COST KADUNA KADUNA SOUTH KADUNA	8030524857	tamphar@gmail.com	BRAWN LABORATORIES LIMITED, PLOT NO. 13, N.I.T FARIDABAD 121001 ( HARYANA ) INDIA., India","1 x 20 mL, 1 x 60 mL",,,J01FA10,https://greenbook.nafdac.gov.ng/products/details/5927,2026-09-27T21:50:58.439770+00:00
Greenbook NAFDAC,1529,2900,Cidalix-100 Dispersible Tablet##,1,Drugs,"{'id': 1, 'name': 'Drugs', 'created_at': '-000001-11-30T00:00:00.000000Z', 'updated_at': '2022-03-17T16:53:12.000000Z', 'deleted_at': None}",475,Azithromycin (Azithromycin Dihydrate),,C4-1442,13,Dispersible tablet,1,Oral,100 mg,306,Tamar &amp; Pharez Nig Ltd,2020-12-21,2025-12-20,Inactive,Dispersible Tablet,,Each tablet contains: Azithromycin Dihydrate equivalent to Azithromycin base 100 mg,,J01FA10,https://greenbook.nafdac.gov.ng/products/details/2900,2026-09-27T21:50:58.439770+00:00
Greenbook NAFDAC,1530,12179,Cidovastin 10 Tablets_,1,Drugs,"{'id': 1, 'name': 'Drugs', 'created_at': '-000001-11-30T00:00:00.000000Z', 'updated_at': '2022-03-17T16:53:12.000000Z', 'deleted_at': None}",300,Atorvastatin (Atorvastatin Calcium),,A4-101746,1,Tablet,1,Oral,10 mg,826,Ladfield Global Resources Ltd,2025-11-26,2030-11-25,Active,"Tablet.
White-colored, round-shaped, film-coated tablets having both sides plain",3 x 10&#039;s (in Alu-Alu blisters),"Each tablet contains: Atorvastatin Calcium equiv. to Atorvastatin base 10 mg
Excipients q.s.",https://admin.greenbook.nafdac.gov.ng/uploadImage/smpc_files/2025/12/09/20251209348fee19-1720-5537-b46b-e9982b1f2199.pdf,C10AA05,https://greenbook.nafdac.gov.ng/products/details/12179,2026-09-27T21:50:58.439770+00:00
Greenbook NAFDAC,1531,7314,Cidovastin-20## (smpc null),1,Drugs,"{'id': 1, 'name': 'Drugs', 'created_at': '-000001-11-30T00:00:00.000000Z', 'updated_at': '2022-03-17T16:53:12.000000Z', 'deleted_at': None}",300,Atorvastatin (Atorvastatin Calcium),, B4-9560,1,Tablet,1,Oral,20 mg,826,Ladfield Global Resources Ltd,2024-03-27,2029-03-26,Active,"Tablet

89	RNW-PP-362117	CIDOVASTIN-20	ATORVASTATIN 20MG	Atorvastatin -20MG	B4-9560	Drugs	Imported Products	3*10	POM 1	9/24/2023	LADFIELD GLOBAL RESOURCES LIMITED, 335 IGBEDE ROAD, AJANGBADI, OJO LAGOS.	GLOBELA PHARM PVT. LTD 394230, 357, G.I.D.C SACHIN SURAT-394230, GUJARAT, INDIA, India",3 x 10&#039;s,Each tablet contains: Atorvastatin 20 mg,https://admin.greenbook.nafdac.gov.ng/uploadImage/smpc_files/2024/11/28/202411286666938e-7ee8-5839-8ef5-066d5d34de1f.pdf,C10AA05,https://greenbook.nafdac.gov.ng/products/details/7314,2026-09-27T21:50:58.439770+00:00
Greenbook NAFDAC,1532,4796,Cidtine Tablets 200 mg**,1,Drugs,"{'id': 1, 'name': 'Drugs', 'created_at': '-000001-11-30T00:00:00.000000Z', 'updated_at': '2022-03-17T16:53:12.000000Z', 'deleted_at': None}",170,Cimetidine,,A4-8427,1,Tablet,1,Oral,200 mg,609,DannyFaith Pharmacy Limited,2023-02-23,2028-02-22,Active,Tablet,1 x 20&#039;s (in PVC-Alu blister),"Each tablet contains: Cimetidine 200 mg

Excipients:
Starch, Sodium Starch Glycolate, Pregelatinized Starch, Magnesium Stearate",https://admin.greenbook.nafdac.gov.ng/uploadImage/smpc_files/2024/10/20/2024102045fc6fd4-fc63-586a-88da-78356387bd87.pdf,A02BA01,https://greenbook.nafdac.gov.ng/products/details/4796,2026-09-27T21:50:58.439770+00:00
Greenbook NAFDAC,1533,4795,Cidtine Tablets 400 mg**,1,Drugs,"{'id': 1, 'name': 'Drugs', 'created_at': '-000001-11-30T00:00:00.000000Z', 'updated_at': '2022-03-17T16:53:12.000000Z', 'deleted_at': None}",170,Cimetidine,,A4-6362,1,Tablet,1,Oral,400 mg,609,DannyFaith Pharmacy Limited,2023-02-23,2028-02-22,Active,Tablet,1 x 20&#039;s; 10 x 20&#039;s (in PVC-Alu blisters),"Each tablet contains: Cimetidine 400 mg

Excipients:
Starch, Sodium Starch Glycolate, Pregelatinized Starch, Magnesium Stearate",https://admin.greenbook.nafdac.gov.ng/uploadImage/smpc_files/2024/10/20/202410209a26229d-a542-517b-84ce-a615826bd4ac.pdf,A02BA01,https://greenbook.nafdac.gov.ng/products/details/4795,2026-09-27T21:50:58.439770+00:00
Greenbook NAFDAC,1534,5637,Ciflaxin Sterile Eye/ear Drops## (strength format),1,Drugs,"{'id': 1, 'name': 'Drugs', 'created_at': '-000001-11-30T00:00:00.000000Z', 'updated_at': '2022-03-17T16:53:12.000000Z', 'deleted_at': None}",461,Ciprofloxacin (Ciprofloxacin Hydrochloride),,04-8090,16,Ear/eye drops,28,Ophthalmic/Otic,3mg/mL,162,Drugfield Pharmaceuticals Limited,2023-05-25,2028-05-24,Active,"Sterile Ear/Eye Drops

CIFLAXIN STERILE EYE/EAR DROPS	CIPROFLOXACIN	Ciprofloxacin HCL 0.70kg, Sodium Chloride 0.44kg, Disodium edetate 0.10kg, Benzalkonium chloride 95% 20.00g, Sodium acetate 5.00g, Acetic acid 2.00g, Water for injection to 200.00lts	Apr-90	Drugs	Nigerian Products	X5ML	POM 1	29/04/2022	DRUGFIELD PHARMACEUTICALS LIMITED., LYNSON CHEMICAL AVENUE, KM 38 LAGOS-ABEOKUTA EXPRESSWAY, SANGO-OTA,OGUN STATE	8029055002	info@drugfieldpharma.com	DRUGFIELD PHARMACEUTICALS LIMITED, 48, AKEJU STREET, PALMGROVE, SOMOLU, LAGOS STATE. P.O BOX 5831, IKEJA, LAGOS STATE., Nigeria",1 x 5 mL (in bottle),"Each mL contains: Ciprofloxacin in the form of Ciprofloxacin Hydrochloride 3 mg
Excipients: Ciprofloxacin HCl, Sodium Chloride, Disodium Edetate, Benzalkonium Chloride,, Sodium Acetate, Acetic Acid

",https://admin.greenbook.nafdac.gov.ng/uploadImage/smpc_files/2023/09/20/20230920c918f3b1-74c4-5ad3-8b80-8bba42c287fa.pdf,S03AA07,https://greenbook.nafdac.gov.ng/products/details/5637,2026-09-27T21:50:58.439770+00:00
Greenbook NAFDAC,1535,8601,Cifran Injection**,1,Drugs,"{'id': 1, 'name': 'Drugs', 'created_at': '-000001-11-30T00:00:00.000000Z', 'updated_at': '2022-03-17T16:53:12.000000Z', 'deleted_at': None}",752,Ciprofloxacin,,04-2613,107,Solution for injection,12,Intravenous,200 mg/100 mL,276,Ranbaxy Nigeria Limited,2021-08-26,2026-08-25,Inactive,Solution for injection/infusion,1 x 100 mL,Ciprofloxacin USP 200 mg/100 mL,,,https://greenbook.nafdac.gov.ng/products/details/8601,2026-09-27T21:50:58.439770+00:00
Greenbook NAFDAC,1536,652,Cifran Tablets 500 mg##,1,Drugs,"{'id': 1, 'name': 'Drugs', 'created_at': '-000001-11-30T00:00:00.000000Z', 'updated_at': '2022-03-17T16:53:12.000000Z', 'deleted_at': None}",461,Ciprofloxacin (Ciprofloxacin Hydrochloride),,04-4673,1,Tablet,1,Oral,500 mg,276,Ranbaxy Nigeria Limited,2021-05-27,2026-05-26,Inactive,Film Coated Tablet,,Each tablet contains: Ciprofloxacin (Ciprofloxacin Hydrochloride) 500 mg,https://admin.greenbook.nafdac.gov.ng/uploadImage/smpc_files/2025/05/06/202505063be9ec87-e6f4-519e-ae25-67eaa21b5e60.pdf,J01MA02,https://greenbook.nafdac.gov.ng/products/details/652,2026-09-27T21:50:58.439770+00:00
Greenbook NAFDAC,1537,4315,Cika Azithromycin Tablets##,1,Drugs,"{'id': 1, 'name': 'Drugs', 'created_at': '-000001-11-30T00:00:00.000000Z', 'updated_at': '2022-03-17T16:53:12.000000Z', 'deleted_at': None}",475,Azithromycin (Azithromycin Dihydrate),,A11-100084,1,Tablet,1,Oral,500 mg,229,Michelle Laboratories Limited,2021-05-07,2026-05-06,Inactive,Tablet,,Each tablet contains: Azithromycin (Azithromycin Dihydrate) 500 mg,,J01FA10,https://greenbook.nafdac.gov.ng/products/details/4315,2026-09-27T21:50:58.439770+00:00
Greenbook NAFDAC,1538,4316,Cika Benzhexol Tablet##,1,Drugs,"{'id': 1, 'name': 'Drugs', 'created_at': '-000001-11-30T00:00:00.000000Z', 'updated_at': '2022-03-17T16:53:12.000000Z', 'deleted_at': None}",30,Trihexyphenidyl Hydrochloride (Benzhexol Hydrochloride),Benzhexol,A11-100092,1,Tablet,1,Oral,5 mg,229,Michelle Laboratories Limited,2021-05-07,2026-05-06,Inactive,Tablet,,Each tablet contains: Benzhexol Hydrochloride 5 mg,,N04AA01,https://greenbook.nafdac.gov.ng/products/details/4316,2026-09-27T21:50:58.439770+00:00
Greenbook NAFDAC,1539,325,Cika Cefixime 400 Tablet##,1,Drugs,"{'id': 1, 'name': 'Drugs', 'created_at': '-000001-11-30T00:00:00.000000Z', 'updated_at': '2022-03-17T16:53:12.000000Z', 'deleted_at': None}",441,Cefixime (Cefixime Trihydrate),,A11-100186,1,Tablet,1,Oral,400 mg,229,Michelle Laboratories Limited,2021-09-28,2026-09-27,Active,Tablet,,"Each tablet contains: Cefixime (as Cefixime Trihydrate) 400 mg
",,J01DD08,https://greenbook.nafdac.gov.ng/products/details/325,2026-09-27T21:50:58.439770+00:00
Greenbook NAFDAC,1540,4317,Cika Cefuroxime Tablet##,1,Drugs,"{'id': 1, 'name': 'Drugs', 'created_at': '-000001-11-30T00:00:00.000000Z', 'updated_at': '2022-03-17T16:53:12.000000Z', 'deleted_at': None}",456,Cefuroxime (Cefuroxime Axetil),,A11-100085,1,Tablet,1,Oral,500 mg,229,Michelle Laboratories Limited,2021-05-07,2026-05-06,Inactive,Tablet,,Each tablet contains: Cefuroxime (as Cefuroxime Axetil) 500 mg,,J01DC02,https://greenbook.nafdac.gov.ng/products/details/4317,2026-09-27T21:50:58.439770+00:00
Greenbook NAFDAC,1541,3362,Cika Cimetidine 200##,1,Drugs,"{'id': 1, 'name': 'Drugs', 'created_at': '-000001-11-30T00:00:00.000000Z', 'updated_at': '2022-03-17T16:53:12.000000Z', 'deleted_at': None}",170,Cimetidine,,A11-100027,1,Tablet,1,Oral,200 mg,229,Michelle Laboratories Limited,2021-03-29,2026-03-28,Inactive,Tablet,,Each tablet contains: Cimetidine 200 mg,,A02BA01,https://greenbook.nafdac.gov.ng/products/details/3362,2026-09-27T21:50:58.439770+00:00
Greenbook NAFDAC,1542,3363,Cika Cimetidine 400##,1,Drugs,"{'id': 1, 'name': 'Drugs', 'created_at': '-000001-11-30T00:00:00.000000Z', 'updated_at': '2022-03-17T16:53:12.000000Z', 'deleted_at': None}",170,Cimetidine,,A11-100026,1,Tablet,1,Oral,400 mg,229,Michelle Laboratories Limited,2021-03-29,2026-03-28,Inactive,Tablet,,Each tablet contains: Cimetidine 400 mg,,A02BA01,https://greenbook.nafdac.gov.ng/products/details/3363,2026-09-27T21:50:58.439770+00:00
Greenbook NAFDAC,1543,59,Cika Dexamethasone Tablets##,1,Drugs,"{'id': 1, 'name': 'Drugs', 'created_at': '-000001-11-30T00:00:00.000000Z', 'updated_at': '2022-03-17T16:53:12.000000Z', 'deleted_at': None}",420,Dexamethasone phosphate (Dexamethasone sodium phosphate),,A11-100226,1,Tablet,1,Oral,0.5 mg,229,Michelle Laboratories Limited,2021-10-28,2026-10-27,Active,Tablet,,Each tablet contains: Dexamethasone Phosphate (as Dexamethasone Sodium Phosphate) 0.5 mg,,H02AB02,https://greenbook.nafdac.gov.ng/products/details/59,2026-09-27T21:50:58.439770+00:00
Greenbook NAFDAC,1544,250,Cika Diazepam Tablet##,1,Drugs,"{'id': 1, 'name': 'Drugs', 'created_at': '-000001-11-30T00:00:00.000000Z', 'updated_at': '2022-03-17T16:53:12.000000Z', 'deleted_at': None}",4,Diazepam,,A11-100139,1,Tablet,1,Oral,5 mg,229,Michelle Laboratories Limited,2021-06-24,2026-06-23,Inactive,Tablet,,Each tablet contains: Diazepam 5 mg,,N05BA01,https://greenbook.nafdac.gov.ng/products/details/250,2026-09-27T21:50:58.439770+00:00
Greenbook NAFDAC,1545,60,Cika Doxycycline Capsule##,1,Drugs,"{'id': 1, 'name': 'Drugs', 'created_at': '-000001-11-30T00:00:00.000000Z', 'updated_at': '2022-03-17T16:53:12.000000Z', 'deleted_at': None}",470,Doxycycline (Doxycycline Hyclate),,A11-100225,2,Capsule,1,Oral,100 mg,229,Michelle Laboratories Limited,2021-10-28,2026-10-27,Active,Capsule,,Each capsule contains: Doxycycline (as Doxycycline Hyclate) 100 mg,,J01AA02,https://greenbook.nafdac.gov.ng/products/details/60,2026-09-27T21:50:58.439770+00:00
Greenbook NAFDAC,1546,280,Cika Ephedrine & Theophylline Tablet##,1,Drugs,"{'id': 1, 'name': 'Drugs', 'created_at': '-000001-11-30T00:00:00.000000Z', 'updated_at': '2022-03-17T16:53:12.000000Z', 'deleted_at': None}",383,Ephedrine Hydrochloride; Theophylline Hydrochloride,,A11-100146,1,Tablet,1,Oral,11 mg; 120 mg,229,Michelle Laboratories Limited,2021-06-24,2026-06-23,Inactive,Tablet,,"Each tablet contains: Ephedrine Hydrochloride 11 mg, Theophylline Hydrochloride 120 mg",,R03DB04,https://greenbook.nafdac.gov.ng/products/details/280,2026-09-27T21:50:58.439770+00:00
Greenbook NAFDAC,1547,3403,Cika Fluconazole 200 Capsule##,1,Drugs,"{'id': 1, 'name': 'Drugs', 'created_at': '-000001-11-30T00:00:00.000000Z', 'updated_at': '2022-03-17T16:53:12.000000Z', 'deleted_at': None}",513,Fluconazole,,A11-100088,2,Capsule,1,Oral,200 mg,229,Michelle Laboratories Limited,2021-05-07,2026-05-06,Inactive,Capsule,,Each capsule contains: Fluconazole 200 mg,,J02AC01,https://greenbook.nafdac.gov.ng/products/details/3403,2026-09-27T21:50:58.439770+00:00
Greenbook NAFDAC,1548,3404,Cika Fluconazole 50 Capsule##,1,Drugs,"{'id': 1, 'name': 'Drugs', 'created_at': '-000001-11-30T00:00:00.000000Z', 'updated_at': '2022-03-17T16:53:12.000000Z', 'deleted_at': None}",513,Fluconazole,,A11-100087,2,Capsule,1,Oral,50 mg,229,Michelle Laboratories Limited,2021-05-07,2026-05-06,Inactive,Capsule,,Each capsule contains: Fluconazole 50 mg,,J02AC01,https://greenbook.nafdac.gov.ng/products/details/3404,2026-09-27T21:50:58.439770+00:00
Greenbook NAFDAC,1549,506,Cika Indomethacin Capsule##,1,Drugs,"{'id': 1, 'name': 'Drugs', 'created_at': '-000001-11-30T00:00:00.000000Z', 'updated_at': '2022-03-17T16:53:12.000000Z', 'deleted_at': None}",83,Indometacin,Indomethacin,A11-100211,2,Capsule,1,Oral,25 mg,229,Michelle Laboratories Limited,2021-09-28,2026-09-27,Active,Capsule,,Each capsule contains: Indomethacin 25 mg,,M01AB01,https://greenbook.nafdac.gov.ng/products/details/506,2026-09-27T21:50:58.439770+00:00
Greenbook NAFDAC,1550,61,Cika Ketoconazole Cream##,1,Drugs,"{'id': 1, 'name': 'Drugs', 'created_at': '-000001-11-30T00:00:00.000000Z', 'updated_at': '2022-03-17T16:53:12.000000Z', 'deleted_at': None}",522,Ketoconazole,,A11-100354,4,Cream,21,Topical,2%,229,Michelle Laboratories Limited,2021-12-14,2026-12-13,Active,Cream,,Each cream contains: Ketoconazole 2%,,D01AC08,https://greenbook.nafdac.gov.ng/products/details/61,2026-09-27T21:50:58.439770+00:00
Greenbook NAFDAC,1551,3781,Cika Levofloxacin Tablet 500##,1,Drugs,"{'id': 1, 'name': 'Drugs', 'created_at': '-000001-11-30T00:00:00.000000Z', 'updated_at': '2022-03-17T16:53:12.000000Z', 'deleted_at': None}",464,Levofloxacin (Levofloxacin Hemihydrate),,A11-100086,1,Tablet,1,Oral,500 mg,229,Michelle Laboratories Limited,2021-05-07,2026-05-06,Inactive,Tablet,,Each tablet contains: Levofloxacin Hemihydrate equivalent to Levofloxacin 500 mg,,J01MA12,https://greenbook.nafdac.gov.ng/products/details/3781,2026-09-27T21:50:58.439770+00:00
Greenbook NAFDAC,1552,281,Cika Methyldopa Tablets##,1,Drugs,"{'id': 1, 'name': 'Drugs', 'created_at': '-000001-11-30T00:00:00.000000Z', 'updated_at': '2022-03-17T16:53:12.000000Z', 'deleted_at': None}",248,Methyldopa,,A11-100227,1,Tablet,1,Oral,250 mg,229,Michelle Laboratories Limited,2021-10-28,2026-10-27,Active,Tablet,,Each tablet contains: L-Methyldopa 250 mg,,C02AB01,https://greenbook.nafdac.gov.ng/products/details/281,2026-09-27T21:50:58.439770+00:00
Greenbook NAFDAC,1553,2694,Cika Omeprazole 20 Capsule##,1,Drugs,"{'id': 1, 'name': 'Drugs', 'created_at': '-000001-11-30T00:00:00.000000Z', 'updated_at': '2022-03-17T16:53:12.000000Z', 'deleted_at': None}",176,Omeprazole,,A11-100089,2,Capsule,1,Oral,20 mg,229,Michelle Laboratories Limited,2021-05-07,2026-05-06,Inactive,Capsule,,Each capsule contains: Omeprazole 20 mg,,A02BC01,https://greenbook.nafdac.gov.ng/products/details/2694,2026-09-27T21:50:58.439770+00:00
Greenbook NAFDAC,1554,63,Cika Prednisolone Tablets##,1,Drugs,"{'id': 1, 'name': 'Drugs', 'created_at': '-000001-11-30T00:00:00.000000Z', 'updated_at': '2022-03-17T16:53:12.000000Z', 'deleted_at': None}",778,Prednisolone,,A11-100246,1,Tablet,1,Oral,5 mg,229,Michelle Laboratories Limited,2021-10-28,2026-10-27,Active,Tablet,,Each tablet contains: Prednisolone 5 mg,,H02AB06,https://greenbook.nafdac.gov.ng/products/details/63,2026-09-27T21:50:58.439770+00:00
Greenbook NAFDAC,1555,3378,Cika-Tramadol 100 mg Capsule**,1,Drugs,"{'id': 1, 'name': 'Drugs', 'created_at': '-000001-11-30T00:00:00.000000Z', 'updated_at': '2022-03-17T16:53:12.000000Z', 'deleted_at': None}",56,Tramadol Hydrochloride,,A11-1228,2,Capsule,1,Oral,100 mg,229,Michelle Laboratories Limited,2020-12-21,2025-12-20,Inactive,Capsule,,Each capsule contains: Tramadol Hydrochloride 100 mg,,N02AX02,https://greenbook.nafdac.gov.ng/products/details/3378,2026-09-27T21:50:58.439770+00:00
Greenbook NAFDAC,1556,3379,Cika-Tramadol 50 mg Capsule**,1,Drugs,"{'id': 1, 'name': 'Drugs', 'created_at': '-000001-11-30T00:00:00.000000Z', 'updated_at': '2022-03-17T16:53:12.000000Z', 'deleted_at': None}",56,Tramadol Hydrochloride,,A11-1229,2,Capsule,1,Oral,50 mg,229,Michelle Laboratories Limited,2020-12-21,2025-12-20,Inactive,Capsule,,Each capsule contains: Tramadol Hydrochloride 50 mg,,N02AX02,https://greenbook.nafdac.gov.ng/products/details/3379,2026-09-27T21:50:58.439770+00:00
Greenbook NAFDAC,1557,4318,Cikaclav 625 Tablet**,1,Drugs,"{'id': 1, 'name': 'Drugs', 'created_at': '-000001-11-30T00:00:00.000000Z', 'updated_at': '2022-03-17T16:53:12.000000Z', 'deleted_at': None}",423,Amoxicillin (Amoxicillin Trihydrate); Clavulanic Acid (Potassium Clavulanate),,A11-100090,1,Tablet,1,Oral,500 mg; 125 mg,229,Michelle Laboratories Limited,2021-05-07,2026-05-06,Inactive,Tablet,,"Each tablet contains: Amoxicillin (as Amoxicillin Trihydrate BP) 500 mg, Potassium Clavulanate (as Potassium Clavulanate Diluted BP) 125 mg",,J01CR02,https://greenbook.nafdac.gov.ng/products/details/4318,2026-09-27T21:50:58.439770+00:00
Greenbook NAFDAC,1558,4319,Cikaclav Suspension**,1,Drugs,"{'id': 1, 'name': 'Drugs', 'created_at': '-000001-11-30T00:00:00.000000Z', 'updated_at': '2022-03-17T16:53:12.000000Z', 'deleted_at': None}",423,Amoxicillin (Amoxicillin Trihydrate); Clavulanic Acid (Potassium Clavulanate),,A11-100091,72,Powder for suspension,1,Oral,200 mg/5 mL; 28.5 mg/5 mL,229,Michelle Laboratories Limited,2021-05-07,2026-05-06,Inactive,Powder for reconstitution,,"Each 5 mL reconstituted suspension contains: Amoxicillin (as Amoxicillin Trihydrate) 200 mg, Potassium Clavulanate (as Potassium Clavulanate Diluted) 28.5 mg",,J01CR02,https://greenbook.nafdac.gov.ng/products/details/4319,2026-09-27T21:50:58.439770+00:00
Greenbook NAFDAC,1559,4320,Cikaflu Syrup##,1,Drugs,"{'id': 1, 'name': 'Drugs', 'created_at': '-000001-11-30T00:00:00.000000Z', 'updated_at': '2022-03-17T16:53:12.000000Z', 'deleted_at': None}",1021,Paracetamol; Chlorphenamine Maleate; Ascorbic Acid,,A11-1225,103,Syrup,1,Oral,125 mg/5 mL; 1 mg/5 mL; 25 mg/5 mL,229,Michelle Laboratories Limited,2020-12-21,2025-12-20,Inactive,Syrup,,"Each 5 mL contains: Paracetamol 125 mg, Chlorphenamine Maleate 1 mg, Ascorbic Acid 25 mg",,N02BE51,https://greenbook.nafdac.gov.ng/products/details/4320,2026-09-27T21:50:58.439770+00:00
Greenbook NAFDAC,1560,64,Cikagyl 400 Tablet##,1,Drugs,"{'id': 1, 'name': 'Drugs', 'created_at': '-000001-11-30T00:00:00.000000Z', 'updated_at': '2022-03-17T16:53:12.000000Z', 'deleted_at': None}",485,Metronidazole,,A11-100255,1,Tablet,1,Oral,400 mg,229,Michelle Laboratories Limited,2021-12-02,2026-12-01,Active,Tablet,,Each tablet contains: Metronidazole 400 mg,,P01AB01,https://greenbook.nafdac.gov.ng/products/details/64,2026-09-27T21:50:58.439770+00:00
Greenbook NAFDAC,1561,3100,Cikamol Extra Tablet##,1,Drugs,"{'id': 1, 'name': 'Drugs', 'created_at': '-000001-11-30T00:00:00.000000Z', 'updated_at': '2022-03-17T16:53:12.000000Z', 'deleted_at': None}",983,Paracetamol; Caffeine,,A11-1227,1,Tablet,1,Oral,500 mg; 30 mg,229,Michelle Laboratories Limited,2020-12-21,2025-12-20,Inactive,Tablet,,"Each tablet contains: Paracetamol 500 mg, Caffeine 30 mg",,N02BE51,https://greenbook.nafdac.gov.ng/products/details/3100,2026-09-27T21:50:58.439770+00:00
Greenbook NAFDAC,1562,7776,Cikamox Capsules**,1,Drugs,"{'id': 1, 'name': 'Drugs', 'created_at': '-000001-11-30T00:00:00.000000Z', 'updated_at': '2022-03-17T16:53:12.000000Z', 'deleted_at': None}",1546,Amoxicillin (Amoxicillin Trihydrate),Amoxycillin,A4-3776,2,Capsule,1,Oral,500 mg,229,Michelle Laboratories Limited,2021-03-29,2026-03-28,Inactive,Hard capsule,10 x 10&#039;s,Each capsule contains: Amoxicillin (as Amoxicillin Trihydrate) 500 mg,,,https://greenbook.nafdac.gov.ng/products/details/7776,2026-09-27T21:50:58.439770+00:00
Greenbook NAFDAC,1563,7777,Cikamox Capsules**,1,Drugs,"{'id': 1, 'name': 'Drugs', 'created_at': '-000001-11-30T00:00:00.000000Z', 'updated_at': '2022-03-17T16:53:12.000000Z', 'deleted_at': None}",1546,Amoxicillin (Amoxicillin Trihydrate),Amoxycillin,04-8284,2,Capsule,1,Oral,250 mg,229,Michelle Laboratories Limited,2021-03-29,2026-03-28,Inactive,Hard capsule,10 x 10&#039;s,Each capsule contains: Amoxicillin (as Amoxicillin Trihydrate) 250 mg,,J01CA04,https://greenbook.nafdac.gov.ng/products/details/7777,2026-09-27T21:50:58.439770+00:00
Greenbook NAFDAC,1564,7778,Cikamox Powder for Oral Suspension**,1,Drugs,"{'id': 1, 'name': 'Drugs', 'created_at': '-000001-11-30T00:00:00.000000Z', 'updated_at': '2022-03-17T16:53:12.000000Z', 'deleted_at': None}",1546,Amoxicillin (Amoxicillin Trihydrate),Amoxycillin,04-7452,72,Powder for suspension,1,Oral,125 mg/5 mL,229,Michelle Laboratories Limited,2021-03-29,2026-03-28,Inactive,Powder for Oral Suspension,100 mL,Each 5 mL reconstituted suspension contains: Amoxicillin (as Amoxicillin Trihydrate) 125 mg,,J01CA04,https://greenbook.nafdac.gov.ng/products/details/7778,2026-09-27T21:50:58.439770+00:00
Greenbook NAFDAC,1565,3438,Cikamycin Tablets##,1,Drugs,"{'id': 1, 'name': 'Drugs', 'created_at': '-000001-11-30T00:00:00.000000Z', 'updated_at': '2022-03-17T16:53:12.000000Z', 'deleted_at': None}",1164,Erythromycin,,A11-100030,1,Tablet,1,Oral,500 mg,229,Michelle Laboratories Limited,2021-03-29,2026-03-28,Inactive,Tablet,,Each tablet contains: Erythromycin 500 mg,,J01FA01,https://greenbook.nafdac.gov.ng/products/details/3438,2026-09-27T21:50:58.439770+00:00
Greenbook NAFDAC,1566,65,Cikanol Tablets##,1,Drugs,"{'id': 1, 'name': 'Drugs', 'created_at': '-000001-11-30T00:00:00.000000Z', 'updated_at': '2022-03-17T16:53:12.000000Z', 'deleted_at': None}",388,Salbutamol (Salbutamol Sulfate); Theophylline,,A11-100228,1,Tablet,1,Oral,2 mg; 120 mg,229,Michelle Laboratories Limited,2021-10-28,2026-10-27,Active,Tablet,,"Each tablet contains: Salbutamol (Salbutamol Sulfate) 2 mg, Theophylline 120 mg",,R03DB04,https://greenbook.nafdac.gov.ng/products/details/65,2026-09-27T21:50:58.439770+00:00
Greenbook NAFDAC,1567,2752,Cikaprofen 400 Tablet##,1,Drugs,"{'id': 1, 'name': 'Drugs', 'created_at': '-000001-11-30T00:00:00.000000Z', 'updated_at': '2022-03-17T16:53:12.000000Z', 'deleted_at': None}",57,Ibuprofen,,A11-100028,1,Tablet,1,Oral,400 mg,229,Michelle Laboratories Limited,2021-03-29,2026-03-28,Inactive,Tablet,,Each tablet contains: Ibuprofen 400 mg,,M01AE01,https://greenbook.nafdac.gov.ng/products/details/2752,2026-09-27T21:50:58.439770+00:00
Greenbook NAFDAC,1568,3009,Cikazole Albendazole Suspension##,1,Drugs,"{'id': 1, 'name': 'Drugs', 'created_at': '-000001-11-30T00:00:00.000000Z', 'updated_at': '2022-03-17T16:53:12.000000Z', 'deleted_at': None}",570,Albendazole,,A11-1224,102,Suspension,1,Oral,100 mg/5 mL,229,Michelle Laboratories Limited,2020-12-21,2025-12-20,Inactive,Suspension,,Each 5 mL contains: Albendazole 100 mg,,P02CA03,https://greenbook.nafdac.gov.ng/products/details/3009,2026-09-27T21:50:58.439770+00:00
Greenbook NAFDAC,1569,4327,"Cillinox Neonatal Oral Drops** (duplicate, different product)",1,Drugs,"{'id': 1, 'name': 'Drugs', 'created_at': '-000001-11-30T00:00:00.000000Z', 'updated_at': '2022-03-17T16:53:12.000000Z', 'deleted_at': None}",425,Ampicillin (Ampicillin Trihydrate); Cloxacillin (Cloxacillin Sodium),,04-7472,112,Suspension/Drops,1,Oral,60 mg/0.6 mL; 30 mg/0.6 mL,82,Afrab-Chem Limited,2021-03-30,2026-03-29,Inactive,Powder for Oral Suspension,12 mL,"Each 0.6 mL of reconstituted suspension contains: Ampicillin Trihydrate equiv. to Ampicillin 60 mg, Cloxacillin Sodium equiv. to Cloxacillin 30 mg

Excipients: Sodium Citrate, Sodium Benzoate, Lactose Powder, Propyl Paraben, Aerosil, Sodium CMC, Vanilla Essence Powder, Methyl Paraben, Allura Red Colour, Aspartame",https://admin.greenbook.nafdac.gov.ng/uploadImage/smpc_files/2025/03/26/20250326af1adefe-beb9-5cbd-aecf-314e49363f66.pdf,J01CR01,https://greenbook.nafdac.gov.ng/products/details/4327,2026-09-27T21:50:58.439770+00:00
Greenbook NAFDAC,1570,4328,Cillinox Oral Powder for Suspension**,1,Drugs,"{'id': 1, 'name': 'Drugs', 'created_at': '-000001-11-30T00:00:00.000000Z', 'updated_at': '2022-03-17T16:53:12.000000Z', 'deleted_at': None}",425,Ampicillin (Ampicillin Trihydrate); Cloxacillin (Cloxacillin Sodium),,04-2428,72,Powder for suspension,1,Oral,12.5 mg/5 mL; 125 mg/5 mL,82,Afrab-Chem Limited,2021-03-30,2026-03-29,Inactive,Powder for Oral Suspension,100 mL,"Each 5 mL reconstituted suspension contains: Ampicillin Trihydrate equiv. to Ampicillin 125 mg, Cloxacillin Sodium equiv. to Cloxacillin 125 mg

Excipients:
Sodium Benzoate, Lactose Powder, Sodium Chloride, Aerosil, Talcum Powder, Sodium CMC, Vanilla Essence, Methyl Paraben, Allura Red Colour, Aspartame",https://admin.greenbook.nafdac.gov.ng/uploadImage/smpc_files/2025/03/26/20250326756137d1-1fd2-5147-8f5a-e7d6f050424b.pdf,J01CR01,https://greenbook.nafdac.gov.ng/products/details/4328,2026-09-27T21:50:58.439770+00:00
Greenbook NAFDAC,1571,7965,Cilox 200 mg Tablets**,1,Drugs,"{'id': 1, 'name': 'Drugs', 'created_at': '-000001-11-30T00:00:00.000000Z', 'updated_at': '2022-03-17T16:53:12.000000Z', 'deleted_at': None}",761,Ofloxacin,,A4-8653,1,Tablet,1,Oral,200 mg,451,Dony-Triumph and Company Nigeria Limited,2021-03-29,2026-03-28,Inactive,Tablet,1 x 10&#039;s (in blister),Ofloxacin EP 200 mg,,,https://greenbook.nafdac.gov.ng/products/details/7965,2026-09-27T21:50:58.439770+00:00
Greenbook NAFDAC,1572,7966,"Cilox 400 mg Tablets** (duplicate, different product)",1,Drugs,"{'id': 1, 'name': 'Drugs', 'created_at': '-000001-11-30T00:00:00.000000Z', 'updated_at': '2022-03-17T16:53:12.000000Z', 'deleted_at': None}",761,Ofloxacin,,04-4492,1,Tablet,1,Oral,400 mg,451,Dony-Triumph and Company Nigeria Limited,2021-03-29,2026-03-28,Inactive,Tablet,1 x 10&#039;s (in blister),Ofloxacin EP 400 mg,,,https://greenbook.nafdac.gov.ng/products/details/7966,2026-09-27T21:50:58.439770+00:00
Greenbook NAFDAC,1573,4797,Ciloxan Eyedrops**,1,Drugs,"{'id': 1, 'name': 'Drugs', 'created_at': '-000001-11-30T00:00:00.000000Z', 'updated_at': '2022-03-17T16:53:12.000000Z', 'deleted_at': None}",461,Ciprofloxacin (Ciprofloxacin Hydrochloride),,04-6343,104,Solution/Drops,15,Ophthalmic,0.3%,250,Novartis Nigeria Limited,2023-05-25,2028-05-24,Active,"Eye Drops, Solution",1 x 5 mL (in LDPE bottle),"Each mL of solution contains: Ciprofloxacin Hydrochloride Monohydrate 3.5 mg equivalent to Ciprofloxacin 3 mg
Excipients with known effect: Benzalkonium Chloride  0.06 mg",https://admin.greenbook.nafdac.gov.ng/uploadImage/smpc_files/2023/08/22/20230822fd000b16-cb81-5d34-9d53-f4473d79d01f.pdf,S01AE03,https://greenbook.nafdac.gov.ng/products/details/4797,2026-09-27T21:50:58.439770+00:00
Greenbook NAFDAC,1574,3390,Cilzec 40 Tablets##,1,Drugs,"{'id': 1, 'name': 'Drugs', 'created_at': '-000001-11-30T00:00:00.000000Z', 'updated_at': '2022-03-17T16:53:12.000000Z', 'deleted_at': None}",267,Telmisartan,,A4-5522,1,Tablet,1,Oral,40 mg,226,Mega Lifesciences Nigeria Limited,2020-12-21,2025-12-20,Inactive,"Tablet
White to off-white colored, round shaped, smooth, flat, bevel edged uncoated tablets, plain on both sides ",3 x 10&#039;s,"Each tablet contains: Telmisartan 40 mg
Excipients q.s.",https://admin.greenbook.nafdac.gov.ng/uploadImage/smpc_files/2025/01/15/20250115f32ff01d-37a2-57f1-8623-36586d6514f1.pdf,C09CA07,https://greenbook.nafdac.gov.ng/products/details/3390,2026-09-27T21:50:58.439770+00:00
Greenbook NAFDAC,1575,3391,Cilzec 80 Tablets##,1,Drugs,"{'id': 1, 'name': 'Drugs', 'created_at': '-000001-11-30T00:00:00.000000Z', 'updated_at': '2022-03-17T16:53:12.000000Z', 'deleted_at': None}",267,Telmisartan,,A4-5521,1,Tablet,1,Oral,80 mg,226,Mega Lifesciences Nigeria Limited,2020-12-21,2025-12-20,Inactive,"Tablet
White to off-white colored, round shaped, smooth, flat, bevel edged uncoated tablets, plain on both sides ",3 x 10&#039;s,"Each tablet contains; Telmisartan USP 80 mg
Excipients q.s.",https://admin.greenbook.nafdac.gov.ng/uploadImage/smpc_files/2025/01/15/20250115238f054c-83ec-5914-a1e2-878442991641.pdf,C09CA07,https://greenbook.nafdac.gov.ng/products/details/3391,2026-09-27T21:50:58.439770+00:00
Greenbook NAFDAC,1576,5608,Cilzec Plus Tablets 40/12.5##,1,Drugs,"{'id': 1, 'name': 'Drugs', 'created_at': '-000001-11-30T00:00:00.000000Z', 'updated_at': '2022-03-17T16:53:12.000000Z', 'deleted_at': None}",268,Telmisartan; Hydrochlorothiazide,, A4-6823,1,Tablet,1,Oral,40 mg; 12.5 mg,226,Mega Lifesciences Nigeria Limited,2023-03-28,2028-03-27,Active,"Capsule shaped, uncoated, bi-layered tablets, one layer with orange color and another with white to off white color having a plain surface on both sides.

92	RNW-PP-263329	CILZEC PLUS TABLETS 40/12.5	TELMISARTAN USP 40MG, HYDROCHLOROTHIAZIDE USP 12.5MG	TELMISARTAN USP 40MG, HYDROCHLOROTHIAZIDE USP 12.5MG, TELMISARTAN LAYER: MEGLUMIN 10MG, SODIUM HYDROXIDE 3.25MG, POVIDONE 7MG, POLYSORBATE 80 0.75MG, MANNITOL 203MG, PURIFIED WATER Q.S, MAGNESIUM STEARATE 5.8MG, HYDROCHLOROTHIAZIDE LAYER: LACTOSE MONOHYDRATE 79MG, MICROCRYSTALLINE CELLULOSE 91MG, LAKE SUNSET YELLOW 1MG, POVIDONE 3MG, PURIFIED WATER Q.S., SODIUM STARCH GLYCOLATE 12MG, MAGNESIUM STEARATE 1.5MG.	A4-6823	Drugs	CARDIOVASCULAR SYSTEM	Imported Products	3*10	Prescription Only Medicine (POM)	5/9/2022	MEGA LIFESCIENCES NIGERIA LIMITED, GUINNESS ROAD, OGBA - IKEJA OGBA LAGOS	8053596201	info.ng@megawecare.com	MSN LABORATORIES PRIVATE LIMITED, Plot No.42, Anrich Industrial Estate, Bollaram, Sangareddy District, Telangana, Pincode - 502325, India, India",3 x 10&#039;s,"Each uncoated bi-layered tablet contains: Telmisartan USP 40 mg, Hydrochlorothiazide USP 12.5 mg
Excipients q.s.
",https://admin.greenbook.nafdac.gov.ng/uploadImage/smpc_files/2025/01/15/2025011525018313-846a-587c-ad77-7f8f47df699d.pdf,C09DA07,https://greenbook.nafdac.gov.ng/products/details/5608,2026-09-27T21:50:58.439770+00:00
Greenbook NAFDAC,1577,11709,Cilzec-A 40+10 Tablets_,1,Drugs,"{'id': 1, 'name': 'Drugs', 'created_at': '-000001-11-30T00:00:00.000000Z', 'updated_at': '2022-03-17T16:53:12.000000Z', 'deleted_at': None}",2249,Telmisartan; Amlodipine,,A4-101535,1,Tablet,1,Oral,40 mg; 10 mg,226,Mega Lifesciences Nigeria Limited,2025-09-24,2030-09-23,Active,"Tablet.
Blue and white oval shaped two layer tablet engraved with &quot;140&quot; on blue layer and plain on white layer",3 x 10&#039;s (in Alu-Alu blisters),"Each tablet contains: Telmisartan Ph. EUR. 40 mg, and Amlodipine Ph. EUR as Amlodipine Besilate 10 mg
Excipients q.s.",https://admin.greenbook.nafdac.gov.ng/uploadImage/smpc_files/2025/11/13/2025111351506783-4bf6-5ce1-a811-cc10c4305740.pdf,C09DB04,https://greenbook.nafdac.gov.ng/products/details/11709,2026-09-27T21:50:58.439770+00:00
Greenbook NAFDAC,1578,11710,Cilzec-A 40+5 Tablets_,1,Drugs,"{'id': 1, 'name': 'Drugs', 'created_at': '-000001-11-30T00:00:00.000000Z', 'updated_at': '2022-03-17T16:53:12.000000Z', 'deleted_at': None}",2249,Telmisartan; Amlodipine,,A4-101536,1,Tablet,1,Oral,40 mg; 5 mg,226,Mega Lifesciences Nigeria Limited,2025-09-24,2030-09-23,Active,"Tablet.
Blue and white oval shaped two layer tablet engraved with &quot;139&quot; on blue layer and plain on white layer",3 x 10&#039;s (in Alu-Alu blisters),"Each tablet contains: Telmisartan Ph. EUR 40 mg, Amlodipine Ph. EUR as Amlodipine Besilate 5 mg
Excipients q.s.",https://admin.greenbook.nafdac.gov.ng/uploadImage/smpc_files/2025/11/13/2025111381dc8e04-7e7f-5a53-9eaf-c7ef7511ccf6.pdf,C09DB04,https://greenbook.nafdac.gov.ng/products/details/11710,2026-09-27T21:50:58.439770+00:00
Greenbook NAFDAC,1579,11711,Cilzec-A 80+10 Tablets_,1,Drugs,"{'id': 1, 'name': 'Drugs', 'created_at': '-000001-11-30T00:00:00.000000Z', 'updated_at': '2022-03-17T16:53:12.000000Z', 'deleted_at': None}",2249,Telmisartan; Amlodipine,,A4-101533,1,Tablet,1,Oral,80 mg;10 mg,226,Mega Lifesciences Nigeria Limited,2025-09-24,2030-09-23,Active,Blue and white oval shaped two layer tablet engraved with &quot;142&quot; on blue layer and plain on white layer,3 x 10&#039;s (in Alu-Alu blisters),"Each uncoated tablet contains: Telmisartan Ph.Eur. 80 mg, Amlodipine Ph.Eur as Amlodipine Besilate 10 mg
Excipients q.s.",https://admin.greenbook.nafdac.gov.ng/uploadImage/smpc_files/2025/11/13/202511139dbaa8a4-fe92-59a0-977f-1f42db681613.pdf,C09DB04,https://greenbook.nafdac.gov.ng/products/details/11711,2026-09-27T21:50:58.439770+00:00
Greenbook NAFDAC,1580,11712,Cilzec-A 80+5 Tablets_,1,Drugs,"{'id': 1, 'name': 'Drugs', 'created_at': '-000001-11-30T00:00:00.000000Z', 'updated_at': '2022-03-17T16:53:12.000000Z', 'deleted_at': None}",2249,Telmisartan; Amlodipine,,A4-101534,1,Tablet,1,Oral,80 mg; 5 mg,226,Mega Lifesciences Nigeria Limited,2025-09-24,2030-09-23,Active,"Tablet.
Blue and white oval shaped two layer tablet engraved with &quot;141&quot; on blue layer and plain on white layer",3 x 10&#039;s (in Alu-Alu blisters),"Each tablet contains: Telmisartan Ph. EUR 80 mg, Amlodipine Ph. EUR as Amlodipine Besilate 5 mg
Excipients q.s.",https://admin.greenbook.nafdac.gov.ng/uploadImage/smpc_files/2025/11/13/20251113eed56cfa-6133-5446-9769-02b17e418633.pdf,C09DB04,https://greenbook.nafdac.gov.ng/products/details/11712,2026-09-27T21:50:58.439770+00:00
Greenbook NAFDAC,1581,3364,Cimetidine 400 Tablets##,1,Drugs,"{'id': 1, 'name': 'Drugs', 'created_at': '-000001-11-30T00:00:00.000000Z', 'updated_at': '2022-03-17T16:53:12.000000Z', 'deleted_at': None}",170,Cimetidine,,A11-100353,1,Tablet,1,Oral,400 mg,27,Fidson Healthcare PLC,2021-12-16,2026-12-15,Active,Tablet,1 x 20&#039;s (in blisters),Each tablet contains: Cimetidine 400 mg,https://admin.greenbook.nafdac.gov.ng/uploadImage/smpc_files/2025/01/14/202501144e620189-dab6-598e-a01e-fabd5fe47824.pdf,A02BA01,https://greenbook.nafdac.gov.ng/products/details/3364,2026-09-27T21:50:58.439770+00:00
Greenbook NAFDAC,1582,3365,Cimetidine Tablet 200 mg##,1,Drugs,"{'id': 1, 'name': 'Drugs', 'created_at': '-000001-11-30T00:00:00.000000Z', 'updated_at': '2022-03-17T16:53:12.000000Z', 'deleted_at': None}",170,Cimetidine,,C4-1361,1,Tablet,1,Oral,200 mg,253,Onifam Laboratories Limited,2020-12-21,2025-12-20,Inactive,Tablet,,Each tablet contains: Cimetidine 200 mg,,A02BA01,https://greenbook.nafdac.gov.ng/products/details/3365,2026-09-27T21:50:58.439770+00:00
Greenbook NAFDAC,1583,3366,Cimetidine Tablet 400 mg##,1,Drugs,"{'id': 1, 'name': 'Drugs', 'created_at': '-000001-11-30T00:00:00.000000Z', 'updated_at': '2022-03-17T16:53:12.000000Z', 'deleted_at': None}",170,Cimetidine,,C4-1489,1,Tablet,1,Oral,400 mg,253,Onifam Laboratories Limited,2020-12-21,2025-12-20,Inactive,Tablet,,Each tablet contains: Cimetidine 400 mg,,A02BA01,https://greenbook.nafdac.gov.ng/products/details/3366,2026-09-27T21:50:58.439770+00:00
Greenbook NAFDAC,1584,7934,Cinbul Tablets 50 mg**,1,Drugs,"{'id': 1, 'name': 'Drugs', 'created_at': '-000001-11-30T00:00:00.000000Z', 'updated_at': '2022-03-17T16:53:12.000000Z', 'deleted_at': None}",77,Diclofenac Sodium,,C4-1555,1,Tablet,1,Oral,50 mg,1300,Cinco Francis International Limited,2021-01-28,2026-01-27,Inactive,Tablet,1 x 10&#039;s (in blister),Each tablet contains: Diclofenac Sodium BP 50 mg,,,https://greenbook.nafdac.gov.ng/products/details/7934,2026-09-27T21:50:58.439770+00:00
Greenbook NAFDAC,1585,7935,Cipaclave 625 Tablets**,1,Drugs,"{'id': 1, 'name': 'Drugs', 'created_at': '-000001-11-30T00:00:00.000000Z', 'updated_at': '2022-03-17T16:53:12.000000Z', 'deleted_at': None}",423,Amoxicillin (Amoxicillin Trihydrate); Clavulanic Acid (Potassium Clavulanate),,C4-0458,1,Tablet,1,Oral,500 mg; 125 mg,823,Jimmi-Well International Company Limited,2024-06-27,2029-06-26,Active,Film-coated tablet,2 x 7&#039;s (in Alu-Alu blisters),"Amoxicillin 500 mg and Clavulanate Potassium 125 mg.
Each tablet contains: Amoxicillin USP (as Trihydrate) equiv. to Amoxicillin 500 mg, Clavulanate Potassium USP equiv. to Clavulanic Acid 125 mg

Excipients:
Microcrystalline Cellulose PH-112 BP, Croscarmellose sodium BP, Crospovidone BP, Sodium Starch Glycolate BP, Colloidal anhydrous silica BP, Purified Talc BP, Magnesium stearate BP, Sodium Lauryl Sulfate BP, DRCOAT MB - S IH Isopropyl alcohol BP, Dichloromethane BP, Titanium Dioxide BP",https://admin.greenbook.nafdac.gov.ng/uploadImage/smpc_files/2024/07/20/20240720a7222423-43d9-5f41-a5e0-eb88292fba81.pdf,J01CR02,https://greenbook.nafdac.gov.ng/products/details/7935,2026-09-27T21:50:58.439770+00:00
Greenbook NAFDAC,1586,3514,Cipcom Tablets##,1,Drugs,"{'id': 1, 'name': 'Drugs', 'created_at': '-000001-11-30T00:00:00.000000Z', 'updated_at': '2022-03-17T16:53:12.000000Z', 'deleted_at': None}",462,Ciprofloxacin (Ciprofloxacin Hydrochloride); Tinidazole,,A4-4575,1,Tablet,1,Oral,500 mg; 600 mg,323,Vatican Bells Pharma Ltd,2020-11-10,2025-11-09,Inactive,Tablet,,"Each tablet contains: Ciprofloxacin (ac Ciprofloxacin Hydrochloride) 500 mg, Tinidazole 600 mg",,J01RA11,https://greenbook.nafdac.gov.ng/products/details/3514,2026-09-27T21:50:58.439770+00:00
Greenbook NAFDAC,1587,3303,Ciplain 500 mg Tablets##,1,Drugs,"{'id': 1, 'name': 'Drugs', 'created_at': '-000001-11-30T00:00:00.000000Z', 'updated_at': '2022-03-17T16:53:12.000000Z', 'deleted_at': None}",752,Ciprofloxacin,,B4-2151,1,Tablet,1,Oral,500 mg,323,Vatican Bells Pharma Ltd,2020-11-10,2025-11-09,Inactive,Tablet,,Each tablet contains: Ciprofloxacin (as Ciprofloxacin Hydrochloride) 500 mg,,J01MA02,https://greenbook.nafdac.gov.ng/products/details/3303,2026-09-27T21:50:58.439770+00:00
Greenbook NAFDAC,1588,1022,Cipnox 500 Tablets##,1,Drugs,"{'id': 1, 'name': 'Drugs', 'created_at': '-000001-11-30T00:00:00.000000Z', 'updated_at': '2022-03-17T16:53:12.000000Z', 'deleted_at': None}",461,Ciprofloxacin (Ciprofloxacin Hydrochloride),,B4-5048,1,Tablet,1,Oral,500 mg,715,Suitelife Pharmaceuticals Ltd,2021-09-28,2026-09-27,Active,"Film Coated Tablet
",,Each tablet contains: Ciprofloxacin Hydrochloride equivalent to Ciprofloxacin BP 500 mg,,J01MA02,https://greenbook.nafdac.gov.ng/products/details/1022,2026-09-27T21:50:58.439770+00:00
Greenbook NAFDAC,1589,3524,Ciproall-500 Tablets##,1,Drugs,"{'id': 1, 'name': 'Drugs', 'created_at': '-000001-11-30T00:00:00.000000Z', 'updated_at': '2022-03-17T16:53:12.000000Z', 'deleted_at': None}",461,Ciprofloxacin (Ciprofloxacin Hydrochloride),,B4-1551,1,Tablet,1,Oral,500 mg,1014,All Bio Health Care Nigeria Ltd,2020-12-21,2025-12-20,Inactive,Tablet,,Each tablet contains: Ciprofloxacin Hydrochloride equivalent to Ciprofloxacin 500 mg,,J01MA02,https://greenbook.nafdac.gov.ng/products/details/3524,2026-09-27T21:50:58.439770+00:00
Greenbook NAFDAC,1590,3520,Ciprobact Tablets,1,Drugs,"{'id': 1, 'name': 'Drugs', 'created_at': '-000001-11-30T00:00:00.000000Z', 'updated_at': '2022-03-17T16:53:12.000000Z', 'deleted_at': None}",461,Ciprofloxacin (Ciprofloxacin Hydrochloride),,B4-5916,1,Tablet,1,Oral,500 mg,324,Vinco Pharmaceuticals Nigeria Limited,2021-03-29,2026-03-28,Inactive,Each tablet contains: Ciprofloxacin Hydrochloride BP equiv. to Ciprofloxacin 500 mg,,,,J01MA02,https://greenbook.nafdac.gov.ng/products/details/3520,2026-09-27T21:50:58.439770+00:00
Greenbook NAFDAC,1591,5607,Ciprocet Eye & Ear Drops##,1,Drugs,"{'id': 1, 'name': 'Drugs', 'created_at': '-000001-11-30T00:00:00.000000Z', 'updated_at': '2022-03-17T16:53:12.000000Z', 'deleted_at': None}",461,Ciprofloxacin (Ciprofloxacin Hydrochloride),,A4-0290,16,Ear/eye drops,28,Ophthalmic/Otic,0.3%,444,Merit Healthcare Limited,2023-03-28,2028-03-27,Active,"Ophthalmic Solution

27	RNW-PP-246433	CIPROCET EYE &amp; EAR DROPS	CIPROFLOXACIN 0.3%W/V	CIPROFLOXACIN HYDROCHLORIDE USP EQ. TO CIPROFLOXACIN 0.3%W/V BENZALKONIUM CHLORIDE NF 0.01%W/V	A4-0290	Drugs	ANTIINFECTIVES FOR SYSTEMIC USE	Imported Products	1 x 5ML PET BOTTLE	Prescription Only Medicine (POM)	1/11/2022	MERIT HEALTHCARE LTD, Iya-Oba House, 10 Dele Ashiru Street, Ire-Akari Estate, Isolo	8171273639	casmolar1@yahoo.com	Ciron Drugs &amp; Pharmaceuticals Pvt. Ltd., N-118, M.I.D.C.,TARAPUR, BOISAR,DIST. THANE - 401 506. MAHARASHTRA, INDIA, India",1 x 5 mL (in PET bottle),"Ciprocet Eye &amp; Ear Drops contains: Ciprofloxacin Hydrochloride USP equivalent to Ciprofloxacin 0.3 w/v
Excipients: Benzalkonium Chloride, Disodium EDTA, Sodium Chloride, Water for Injection",https://admin.greenbook.nafdac.gov.ng/uploadImage/smpc_files/2023/09/24/2023092440640bfb-52bf-57ea-8615-825e52262580.pdf,S03AA07,https://greenbook.nafdac.gov.ng/products/details/5607,2026-09-27T21:50:58.439770+00:00
Greenbook NAFDAC,1592,6635,Ciprocos Tablets##,1,Drugs,"{'id': 1, 'name': 'Drugs', 'created_at': '-000001-11-30T00:00:00.000000Z', 'updated_at': '2022-03-17T16:53:12.000000Z', 'deleted_at': None}",461,Ciprofloxacin (Ciprofloxacin Hydrochloride),,B4-3351,1,Tablet,1,Oral,500 mg,876,OkwudiliChukwu &amp; Brothers Pharmaceutical Chemist Limited,2023-12-21,2028-12-20,Active,"Tablet

92	RNW-PP-162307 	CIPROCOS TABLETS	CIPROFLOXACIN	CIPROFLOXACIN HCL USP 500MG	B4-3351	Drugs	Imported Products	1X10	Prescription Only Medicine (POM)	2/2/2021	OKWUDILICHUKWU &amp; BROTHERS PHARMACEUTICALCHEMIST LTD, NO.SB/9 NKWO MARKET IGBO UKWU ANAMBRA	80651397357	okwudilichukwupharm2019@gmail.com	LESANTO LABORATORIES., PLOT NO. 9, 10, 11 &amp; 20, SURVEY NO 53, NEAR RLY. BRIDGE, MANOR ROAD PALGHAR (E) DIST THANE, MAHARASHTRA, INDIA., India",1 x 10&#039;s (in PVC-Alu blister),"Each film coated tablet contains: Ciprofloxacin hydrochloride USP equivalent to Ciprofloxacin 500 mg
Excipient q.s.",https://admin.greenbook.nafdac.gov.ng/uploadImage/smpc_files/2024/01/01/20240101b5d4b75e-5974-53cb-af9e-921a1a50f09a.pdf,J01MA02,https://greenbook.nafdac.gov.ng/products/details/6635,2026-09-27T21:50:58.439770+00:00
Greenbook NAFDAC,1593,10127,Ciproeye Ophthalmic Solution##,1,Drugs,"{'id': 1, 'name': 'Drugs', 'created_at': '-000001-11-30T00:00:00.000000Z', 'updated_at': '2022-03-17T16:53:12.000000Z', 'deleted_at': None}",461,Ciprofloxacin (Ciprofloxacin Hydrochloride),,B4-0441,24,Eye drops,15,Ophthalmic,0.3%w/v,208,Kayhelt Pharma Limited,2021-09-28,2026-09-27,Active,Ophthalmic Solution,1 x 10 mL,Ciproeye Ophthalmic Solution contains: Ciprofloxacin HCI USP 0.3% w/v,,J01MA02,https://greenbook.nafdac.gov.ng/products/details/10127,2026-09-27T21:50:58.439770+00:00
Greenbook NAFDAC,1594,4800,Ciprofaith-500 Tablets##,1,Drugs,"{'id': 1, 'name': 'Drugs', 'created_at': '-000001-11-30T00:00:00.000000Z', 'updated_at': '2022-03-17T16:53:12.000000Z', 'deleted_at': None}",461,Ciprofloxacin (Ciprofloxacin Hydrochloride),,B4-7384,1,Tablet,1,Oral,500 mg,609,DannyFaith Pharmacy Limited,2023-07-06,2028-07-05,Active,"Tablet

76	RNW-PP-275888	CIPROFAITH-500 TABLETS	CIPROFLOXACIN HYDROCHLORIDE	ACTIVE: Ciprofloxacin Hydrochloride BP, Equivalent to Ciprofloxacin 500mg LIST OF EXCIPIENTS (1.) Cellulose microcrystalline (2.) Sodium Starch Glycolate (3.) Starch Maize (4.) Silica Colloidal anhydrous (5.) Magnesium stearate.	B4-7384	Drugs	Imported Products	1*10,1*14	Prescription Only Medicine (POM)	3/13/2023	DANNYFAITH PHARMACY LIMITED, 23, OSENI STREET, LAWANSON, SURULERE LAGOS	7036395409	danielugb9@gmail.com	McW HEALTHCARE PVT. LTD., 286, 287-A, 287-B, SECTOR-E, INDUSTRIAL AREA, SANWER ROAD INDORE (M.P.), INDIA., India
","1 x 10&#039;s, 1 x 14&#039;s (in Alu-Alu strips)","Each film-coated tablet contains: Ciprofloxacin Hydrochloride BP equivalent to Ciprofloxacin 500 mg
Excipients: Croscarmellose Sodium BP,  Microcrystalline Cellulose BP, Crospovidone BP, Magnesium Stearate BP, Colloidal Silicon Dioxide BP, Croscarmellose Sodium BP, Purified Talc BP, Sodium Starch Glycolate BP, Starch BP, Purified Water BP
",https://admin.greenbook.nafdac.gov.ng/uploadImage/smpc_files/2023/08/23/20230823708cad2f-a609-5283-8ec2-91ef6cf44494.pdf,J01MA02,https://greenbook.nafdac.gov.ng/products/details/4800,2026-09-27T21:50:58.439770+00:00
Greenbook NAFDAC,1595,3515,Ciprofloxacin & Tinidazole Tablets##,1,Drugs,"{'id': 1, 'name': 'Drugs', 'created_at': '-000001-11-30T00:00:00.000000Z', 'updated_at': '2022-03-17T16:53:12.000000Z', 'deleted_at': None}",462,Ciprofloxacin (Ciprofloxacin Hydrochloride); Tinidazole,,C4-1410,1,Tablet,1,Oral,500 mg; 600 mg,358,Brent Cross Pharmaceutical Co. Limited,2020-12-21,2025-12-20,Inactive,Tablet,,"Each tablet contains: Ciprofloxacin (as Ciprofloxacin Hydrochloride) 500 mg, Tinidazole 600 mg",,J01RA11,https://greenbook.nafdac.gov.ng/products/details/3515,2026-09-27T21:50:58.439770+00:00
Greenbook NAFDAC,1596,3523,Ciprofloxacin 500 mg & Tinidazole 600 mg Tablets##,1,Drugs,"{'id': 1, 'name': 'Drugs', 'created_at': '-000001-11-30T00:00:00.000000Z', 'updated_at': '2022-03-17T16:53:12.000000Z', 'deleted_at': None}",462,Ciprofloxacin (Ciprofloxacin Hydrochloride); Tinidazole,,C4-1322,1,Tablet,1,Oral,500 mg; 600 mg,676,Jonco Pharmaceutical Company Ltd,2020-11-30,2025-11-29,Inactive,Tablet,,"Each tablet contains: Ciprofloxacin Hydrochloride USP equivalent to Ciprofloxacin 500 mg, Tinidazole 600 mg",,J01RA11,https://greenbook.nafdac.gov.ng/products/details/3523,2026-09-27T21:50:58.439770+00:00
Greenbook NAFDAC,1597,3525,Ciprofloxacin 500 mg Tablet##,1,Drugs,"{'id': 1, 'name': 'Drugs', 'created_at': '-000001-11-30T00:00:00.000000Z', 'updated_at': '2022-03-17T16:53:12.000000Z', 'deleted_at': None}",461,Ciprofloxacin (Ciprofloxacin Hydrochloride),,B4-6438,1,Tablet,1,Oral,500 mg,337,Evans Baroque Limited,2021-08-26,2026-08-25,Inactive,"Tablet
White capsule shaped biconvex film coated tablet having break line on one side and plain on the other side",1 x 10&#039;s (in Alu-Alu blister),"Each tablet contains: Ciprofloxacin Hydrochloride USP equivalent to Ciprofloxacin 500 mg
Excipients q.s.",https://admin.greenbook.nafdac.gov.ng/uploadImage/smpc_files/2024/09/20/2024092012d0dd09-c7b8-5287-97dc-8ae800030b87.pdf,J01MA02,https://greenbook.nafdac.gov.ng/products/details/3525,2026-09-27T21:50:58.439770+00:00
Greenbook NAFDAC,1598,3526,Ciprofloxacin 500 mg Tablet##,1,Drugs,"{'id': 1, 'name': 'Drugs', 'created_at': '-000001-11-30T00:00:00.000000Z', 'updated_at': '2022-03-17T16:53:12.000000Z', 'deleted_at': None}",752,Ciprofloxacin,,B4-1176,1,Tablet,1,Oral,500 mg,1027,Preferred Drugs Nigeria Limited,2020-11-30,2025-11-29,Inactive,Tablet,,Each tablet contains: Ciprofloxacin Hydrochloride equivalent to Ciprofloxacin 500 mg,,J01MA02,https://greenbook.nafdac.gov.ng/products/details/3526,2026-09-27T21:50:58.439770+00:00
Greenbook NAFDAC,1599,11277,Ciprofloxacin 500 mg Tablet**,1,Drugs,"{'id': 1, 'name': 'Drugs', 'created_at': '-000001-11-30T00:00:00.000000Z', 'updated_at': '2022-03-17T16:53:12.000000Z', 'deleted_at': None}",752,Ciprofloxacin,,A11-100887,1,Tablet,1,Oral,500 mg,303,Swiss Pharma Nigeria Limited,2025-05-27,2030-05-26,Active,"Film-coated Tablet.
White or yellowish oblong biconvex film coated tablet, scored on one side and embossed &quot;C500&quot; on other side",1 x 10&#039;s (in Alu-PVCblister),"Each film coated tablet contains: Ciprofloxacin Hydrochloride BP equivalent to Ciprofloxacin 500 mg, Excipients q.s.",https://admin.greenbook.nafdac.gov.ng/uploadImage/smpc_files/2025/07/02/20250702f2189a08-3977-537c-917a-8170abc4538c.pdf,J01MA02,https://greenbook.nafdac.gov.ng/products/details/11277,2026-09-27T21:50:58.439770+00:00
Greenbook NAFDAC,1600,7967,Ciprofloxacin 500 mg Tablets**,1,Drugs,"{'id': 1, 'name': 'Drugs', 'created_at': '-000001-11-30T00:00:00.000000Z', 'updated_at': '2022-03-17T16:53:12.000000Z', 'deleted_at': None}",461,Ciprofloxacin (Ciprofloxacin Hydrochloride),,C4-1602,1,Tablet,1,Oral,500 mg,1309,Effinnia Health Pharm. Coy. Ltd,2021-02-25,2026-02-24,Inactive,Tablet,1 x 500&#039;s,Ciprofloxacin Hydrochloride 500 mg,,,https://greenbook.nafdac.gov.ng/products/details/7967,2026-09-27T21:50:58.439770+00:00
Greenbook NAFDAC,1601,10128,Ciprofloxacin Caplets##,1,Drugs,"{'id': 1, 'name': 'Drugs', 'created_at': '-000001-11-30T00:00:00.000000Z', 'updated_at': '2022-03-17T16:53:12.000000Z', 'deleted_at': None}",461,Ciprofloxacin (Ciprofloxacin Hydrochloride),,C4-1863,108,Caplet,1,Oral,500 mg,1018,IDA Foundation,2021-09-28,2026-09-27,Active,Caplet,10 x 10&#039;s,Each caplet contains: Ciprofloxacin Hydrochloride 500 mg,,J01MA02,https://greenbook.nafdac.gov.ng/products/details/10128,2026-09-27T21:50:58.439770+00:00
Greenbook NAFDAC,1602,12000,Ciprofloxacin Caplets_,1,Drugs,"{'id': 1, 'name': 'Drugs', 'created_at': '-000001-11-30T00:00:00.000000Z', 'updated_at': '2022-03-17T16:53:12.000000Z', 'deleted_at': None}",461,Ciprofloxacin (Ciprofloxacin Hydrochloride),,C4-1863,108,Caplet,1,Oral,500 mg,1018,IDA Foundation,2021-09-28,2026-09-27,Active,Caplet,10 x 10&#039;s,Each caplet contains: Ciprofloxacin Hydrochloride USP equiv. to Ciprofloxacin 500 mg,,J01MA02,https://greenbook.nafdac.gov.ng/products/details/12000,2026-09-27T21:50:58.439770+00:00
Greenbook NAFDAC,1603,5606,Ciprofloxacin Eye Drops##,1,Drugs,"{'id': 1, 'name': 'Drugs', 'created_at': '-000001-11-30T00:00:00.000000Z', 'updated_at': '2022-03-17T16:53:12.000000Z', 'deleted_at': None}",752,Ciprofloxacin,,A4-8400,24,Eye drops,15,Ophthalmic,0.3%,293,SKT Healthcare Pharmaceuticals Ltd,2023-08-31,2028-08-30,Active,"Ophthalmic Solution
Clear colorless to almost colorless solution filled in 10 mL plastic vials

CIPROFLOXACIN EYE DROPS	CIPROFLOXACIN	Ciprofloxacin Ophthalmic Solution USP 0.3%w/v. Excipient : Borax, Boric Acid, Sodium Chloride, Benalkonium Chloride Solution.	A4-8400	Drugs	Imported Products	,10ml	Prescription Only Medicine (POM)	30/01/2020	SKT HEALTHCARE PHARMACEUTICALS LTD, OGUNLOWO ST OFF AWOLOWO WAY IKEJA IKEJA LAGOS	14534862	info@sktpharma.com	NITIN LIFESCIENCES LIMITED, RAMPUR GHAT ROAD, PAONTA SAHIB,DISTRICT-SIRMOUR (H.P.)- 173 025, INDIA, India",1 x 10 mL vial,"Each mL contains: Ciprofloxacin Hydrochloride USP equivalent to Ciprofloxacin 0.3% w/v, Benzalkonium Chloride USP NF 0.01% w/v (as preservative), Sterile Aqueous Base q.s.
Excipients: Borax, Boric Acid, Sodium Chloride, Benzalkonium Chloride Solution",https://admin.greenbook.nafdac.gov.ng/uploadImage/smpc_files/2023/09/05/202309054ae5d33b-31ea-5741-bcf4-a4693a0d6247.pdf,S01AE03,https://greenbook.nafdac.gov.ng/products/details/5606,2026-09-27T21:50:58.439770+00:00
Greenbook NAFDAC,1604,7968,Ciprofloxacin Eye/Ear Drops**,1,Drugs,"{'id': 1, 'name': 'Drugs', 'created_at': '-000001-11-30T00:00:00.000000Z', 'updated_at': '2022-03-17T16:53:12.000000Z', 'deleted_at': None}",461,Ciprofloxacin (Ciprofloxacin Hydrochloride),,C4-1637,104,Solution/Drops,28,Ophthalmic/Otic,0.3%,367,Excel Charis Pharmaceutical Chemical Limited,2021-03-29,2026-03-28,Inactive,"Eye/Ear drops, Solution",10 mL (in LDPE white plastic bottle),"Ciprofloxacin Hydrochloride USP equiv. to Ciprofloxacin 0.3% w/v, and Benzalkonium Chloride NF 0.01% w/v",https://admin.greenbook.nafdac.gov.ng/uploadImage/smpc_files/2024/09/23/20240923bcef55ff-0a73-5967-bd9a-9457122b672d.pdf,S02AA15,https://greenbook.nafdac.gov.ng/products/details/7968,2026-09-27T21:50:58.439770+00:00
Greenbook NAFDAC,1605,7936,Ciprofloxacin Hydrochloride Tablets**,1,Drugs,"{'id': 1, 'name': 'Drugs', 'created_at': '-000001-11-30T00:00:00.000000Z', 'updated_at': '2022-03-17T16:53:12.000000Z', 'deleted_at': None}",461,Ciprofloxacin (Ciprofloxacin Hydrochloride),,B4-5333,1,Tablet,1,Oral,500 mg,253,Onifam Laboratories Limited,2021-01-28,2026-01-27,Inactive,Tablet,10 x 10&#039;s,Ciprofloxacin BP 500 mg,,,https://greenbook.nafdac.gov.ng/products/details/7936,2026-09-27T21:50:58.439770+00:00
Greenbook NAFDAC,1606,7937,Ciprofloxacin IV Infusion**,1,Drugs,"{'id': 1, 'name': 'Drugs', 'created_at': '-000001-11-30T00:00:00.000000Z', 'updated_at': '2022-03-17T16:53:12.000000Z', 'deleted_at': None}",752,Ciprofloxacin,,C4-1567,114,Solution for infusion,12,Intravenous,200 mg/100 mL,1193,Yellow Pharmaceutical Company Limited,2021-02-25,2026-02-24,Inactive,Solution for intravenous infusion,100 mL x 1&#039;s,Ciprofloxacin USP 200 mg/100 mL,,,https://greenbook.nafdac.gov.ng/products/details/7937,2026-09-27T21:50:58.439770+00:00
Greenbook NAFDAC,1607,3558,Ciprofloxacin Ophthalmic Solution USP 0.3%##,1,Drugs,"{'id': 1, 'name': 'Drugs', 'created_at': '-000001-11-30T00:00:00.000000Z', 'updated_at': '2022-03-17T16:53:12.000000Z', 'deleted_at': None}",461,Ciprofloxacin (Ciprofloxacin Hydrochloride),,B4-5344,104,Solution/Drops,15,Ophthalmic,0.3%,408,Lin-Kabs Pharmaceutical Limited,2021-12-16,2026-12-15,Active,"Ophthalmic Solution
",,Ciprofloxacin Ophthalmic Solution USP 0.3% contains: Ciprofloxacin Hydrochloride USP 0.3% w/v,,S01AE03,https://greenbook.nafdac.gov.ng/products/details/3558,2026-09-27T21:50:58.439770+00:00
Greenbook NAFDAC,1608,3527,Ciprofloxacin Tablet##,1,Drugs,"{'id': 1, 'name': 'Drugs', 'created_at': '-000001-11-30T00:00:00.000000Z', 'updated_at': '2022-03-17T16:53:12.000000Z', 'deleted_at': None}",461,Ciprofloxacin (Ciprofloxacin Hydrochloride),,C4-1236,1,Tablet,1,Oral,500 mg,253,Onifam Laboratories Limited,2020-11-10,2025-11-09,Inactive,Tablet,,Each tablet contains: Ciprofloxacin Hydrochloride equivalent to Ciprofloxacin 500 mg,,J01MA02,https://greenbook.nafdac.gov.ng/products/details/3527,2026-09-27T21:50:58.439770+00:00
Greenbook NAFDAC,1609,3528,Ciprofloxacin Tablet##,1,Drugs,"{'id': 1, 'name': 'Drugs', 'created_at': '-000001-11-30T00:00:00.000000Z', 'updated_at': '2022-03-17T16:53:12.000000Z', 'deleted_at': None}",461,Ciprofloxacin (Ciprofloxacin Hydrochloride),,C4-1237,1,Tablet,1,Oral,500 mg,253,Onifam Laboratories Limited,2020-11-10,2025-11-09,Inactive,Tablet,,Each tablet contains: Ciprofloxacin Hydrochloride equivalent to Ciprofloxacin 500 mg,,J01MA02,https://greenbook.nafdac.gov.ng/products/details/3528,2026-09-27T21:50:58.439770+00:00
Greenbook NAFDAC,1610,5605,Ciprofloxacin Tablets 500 mg##,1,Drugs,"{'id': 1, 'name': 'Drugs', 'created_at': '-000001-11-30T00:00:00.000000Z', 'updated_at': '2022-03-17T16:53:12.000000Z', 'deleted_at': None}",461,Ciprofloxacin (Ciprofloxacin Hydrochloride),,B4-4732,1,Tablet,1,Oral,500 mg,680,Jamin International Co. Nig. Ltd,2023-08-31,2028-08-30,Active,"Tablet
A white colored, oval shaped, biconvex film coated tablet having embossed “MAXHEAL” on one side and “CIPRO 500” on other side each tablet

CIPROFLOXACIN TABLETS 500MG	CIPROFLOXACIN TABLET 500MG	1Ciprofloxacin HCl. eq. to Ciprofloxacin USP 593.853 MG 2 Maize Starch BP 63.240 MG 3 Sodium Benzoate BP 1.800MG 4 PVPK 30 BP 2.550 MG 5 Maize Starch BP 17.862 MG 6 Purified Water BP/IH Q.S. Q.S. 7 Talcum BP 27.747 MG 8 Croscarmellose sodium BP 7.650MG 9 Sodium Starch Glycolate B P 12.750 MG 10 Colloidal Silicon Dioxide BP 3.060 MG 11 Maize Starch BP 15.00 MG 12 Magnesium Stearate BP 9.385MG	B4-4732	Drugs	Imported Products	1X10	Prescription Only Medicine (POM)	01/12/2022	JAMIN INTERNATIONAL CO. NIG. LTD, IHIALA STREET ODEKPE ONITSHA ANAMBRA	8077261675	jaminpharma@yahoo.com	MAXHEAL PHARM INDIA LTD, J-7MIDC TARAPUR INDUSTRIAL AREA BOISAR TAL PALGHAR INDIA, India",1 x 10&#039;s (in Alu-Alu blister),"Each film coated tablet contains: Ciprofloxacin Hydrochoride USP equivalent to Ciprofloxacin 500 mg
Excipient q.s.",https://admin.greenbook.nafdac.gov.ng/uploadImage/smpc_files/2023/09/06/202309068e7af2db-1df9-59ad-9053-fe95ad2ea36f.pdf,J01MA02,https://greenbook.nafdac.gov.ng/products/details/5605,2026-09-27T21:50:58.439770+00:00
Greenbook NAFDAC,1611,6637,Ciprofloxacin Tablets 500 mg##,1,Drugs,"{'id': 1, 'name': 'Drugs', 'created_at': '-000001-11-30T00:00:00.000000Z', 'updated_at': '2022-03-17T16:53:12.000000Z', 'deleted_at': None}",461,Ciprofloxacin (Ciprofloxacin Hydrochloride),,B4-4360,1,Tablet,1,Oral,500 mg,734,Top Ugolife Pharmaceutical Company Ltd,2023-12-21,2028-12-20,Active,"Film Coated Tablet

68	CMS-PP-380700	CIPROFLOXACIN TABLETS 500MG	CIPROFLOXACIN HYDROCHLORIDE EQV. TO CIPROFLOXACIN 500MG	CIPROFLOXACIN 500MG	B4-4360	Drugs	Imported Products	1*10TABLETS	POM 1	11/2/2023	TOP UGOLIFE PHARMACEUTICAL CO LTD, JOSEPH ADEBAYOR STREET OKOTA LAGOS	8063125746	eugo37@yahoo.com	M/S CLAROID PHARMACEUTICALS PVT. LTD., SURVEY NO. 217/P, OPP. GURUKUL ENGLISH MEDIUM SCHOOL KAMOD PIRANA ROAD, DASKROI, DIST. AHMEDABAD , India",1 x 10&#039;s (in Alu-Alu blister),"Each film coated tablet contains: Ciprofloxacin Hydrochloride USP equivalent to Ciprofloxacin 500 mg
Excipients q.s.",https://admin.greenbook.nafdac.gov.ng/uploadImage/smpc_files/2023/12/31/202312312ca1f098-8791-518c-999a-8a11ed61fb25.pdf,J01MA02,https://greenbook.nafdac.gov.ng/products/details/6637,2026-09-27T21:50:58.439770+00:00
Greenbook NAFDAC,1612,5636,Ciprofloxacin Tablets 500 mg## (check product description),1,Drugs,"{'id': 1, 'name': 'Drugs', 'created_at': '-000001-11-30T00:00:00.000000Z', 'updated_at': '2022-03-17T16:53:12.000000Z', 'deleted_at': None}",461,Ciprofloxacin (Ciprofloxacin Hydrochloride),,C4-0570,1,Tablet,1,Oral,500 mg,145,Chez Resources Pharmaceutical Limited,2023-04-26,2028-04-25,Active,"Caplet
Almost white, coated caplet with a break line and plain on both sides

CIPROFLOXACIN TABLETS 500MG	CIPROFLOXACIN HYDROCHLORIDE 500MG	Ciprofloxacin tablets BP 500mg and Excipents q. s.	C4-0570	Drugs	ANTIINFECTIVES FOR SYSTEMIC USE	Nigerian Products	1*10TABLETS	Prescription Only Medicine (POM)	24/10/2022	CHEZ RESOURCES PHARMACEUTICAL LIMITED, CALABAR STREET FEGGE ONITSHA ANAMBRA	7036097470	Chezregulatorylag@gmail.com	NEROS PHARMACEUTICAL LTD, PLOT 3, NEROS PHARMA AVENUE,OFF KM 38, LAGOS-ABEOKUTA EXPRESSWAY BY SINGER BUS STOP, SANGO-OTA, OGUN STATE., Nigeria",,Each tablet contains: Ciprofloxacin Hydrochloride Tablets USP 500 mg,https://admin.greenbook.nafdac.gov.ng/uploadImage/smpc_files/2023/09/25/202309255b3692ad-ff68-5521-aab8-18f2d07f704a.pdf,J01MA02,https://greenbook.nafdac.gov.ng/products/details/5636,2026-09-27T21:50:58.439770+00:00
Greenbook NAFDAC,1613,5604,Ciprofloxacin Tablets 500 mg## (duplicate),1,Drugs,"{'id': 1, 'name': 'Drugs', 'created_at': '-000001-11-30T00:00:00.000000Z', 'updated_at': '2022-03-17T16:53:12.000000Z', 'deleted_at': None}",461,Ciprofloxacin (Ciprofloxacin Hydrochloride),,C4-0570,1,Tablet,1,Oral,500 mg,145,Chez Resources Pharmaceutical Limited,2023-04-26,2028-04-25,Active,"Tablet

20	CMS-PP-281681	CIPROFLOXACIN TABLETS 500MG	CIPROFLOXACIN HYDROCHLORIDE 500MG	Ciprofloxacin tablets BP 500mg and Excipents q. s.	C4-0570	Drugs	ANTIINFECTIVES FOR SYSTEMIC USE	Nigerian Products	1*10TABLETS	Prescription Only Medicine (POM)	10/24/2022	CHEZ RESOURCES PHARMACEUTICAL LIMITED, CALABAR STREET FEGGE ONITSHA ANAMBRA	7036097470	Chezregulatorylag@gmail.com	NEROS PHARMACEUTICAL LTD, PLOT 3, NEROS PHARMA AVENUE,OFF KM 38, LAGOS-ABEOKUTA EXPRESSWAY BY SINGER BUS STOP, SANGO-OTA, OGUN STATE., Nigeria",1 x 10&#039;s,"Each tablet contains: Ciprofloxacin tablets BP 500 mg
Excipients q.s.",https://admin.greenbook.nafdac.gov.ng/uploadImage/smpc_files/2025/03/26/2025032651bc7fc8-2028-5b2f-b526-8aca658660ce.pdf,J01MA02,https://greenbook.nafdac.gov.ng/products/details/5604,2026-09-27T21:50:58.439770+00:00
Greenbook NAFDAC,1614,7938,Ciprofloxacin Tablets**,1,Drugs,"{'id': 1, 'name': 'Drugs', 'created_at': '-000001-11-30T00:00:00.000000Z', 'updated_at': '2022-03-17T16:53:12.000000Z', 'deleted_at': None}",461,Ciprofloxacin (Ciprofloxacin Hydrochloride),,C4-1545,1,Tablet,1,Oral,500 mg,867,Med-Long Pharmaceutical &amp; Chemical Co Ltd,2021-01-28,2026-01-27,Inactive,Tablet,1 x 10&#039;s (in blister),Each tablet contains: Ciprofloxacin Hydrochloride BP equiv. to Ciprofloxacin 500 mg,,,https://greenbook.nafdac.gov.ng/products/details/7938,2026-09-27T21:50:58.439770+00:00
Greenbook NAFDAC,1615,7939,Ciproforth Tablets**,1,Drugs,"{'id': 1, 'name': 'Drugs', 'created_at': '-000001-11-30T00:00:00.000000Z', 'updated_at': '2022-03-17T16:53:12.000000Z', 'deleted_at': None}",752,Ciprofloxacin,,C4-1557,1,Tablet,1,Oral,500 mg,1306,Rockforth Pharmacy and Stores Ltd# (Duplicate),2021-01-28,2026-01-27,Inactive,Tablet,1 x 10&#039;s (in blister),Ciprofloxacin BP 500 mg,,,https://greenbook.nafdac.gov.ng/products/details/7939,2026-09-27T21:50:58.439770+00:00
Greenbook NAFDAC,1616,9998,Ciprogift Infusion##,1,Drugs,"{'id': 1, 'name': 'Drugs', 'created_at': '-000001-11-30T00:00:00.000000Z', 'updated_at': '2022-03-17T16:53:12.000000Z', 'deleted_at': None}",752,Ciprofloxacin,,C4-1842,43,Intravenous infusion,12,Intravenous,200 mg/100 mL,220,Mark Pharmaceutical Limited,2021-09-28,2026-09-27,Active,"Intravenous Infusion
Clear colorless solution

77	CIPROGIFT INFUSION	CIPROGIFT	CIPROFLOXACIN 	CIPROFLOXACIN 200MG/100ML	PRESCRIPTION ONLY MEDICINE	INFUSION	1 X 100ML	ANTIBIOTICS	MARK PHARMACEUTICALS LIMITED	&quot;6, ADEMULEGUN STREET, IRE-AKARI ESTATE, 
ISOLO, LAGOS STATE.
&quot;	AHLCON PARENTERALS (INDIA) LTD	SP 917-918, PHASE-III RIICO IND AREA BHIWADI-301019 DIST ALWAR RAJASTHAN INDIA	C4-1842	TREATMENT OF INFECTIONS CAUSED BY SUSCEPTIBLE MICRO-ORGANISMS	09/28/2021	09/27/2026",1 x 100 mL (in LDPE bottle),"Each 100 mL contains: Ciprofloxacin 200 mg
Excipients q.s.",https://admin.greenbook.nafdac.gov.ng/uploadImage/smpc_files/2024/12/31/20241231c41a1bf6-3957-56b8-8b03-434cb8a9a0f8.pdf,J01MA02,https://greenbook.nafdac.gov.ng/products/details/9998,2026-09-27T21:50:58.439770+00:00
Greenbook NAFDAC,1617,7940,Ciproglobe Tablets**,1,Drugs,"{'id': 1, 'name': 'Drugs', 'created_at': '-000001-11-30T00:00:00.000000Z', 'updated_at': '2022-03-17T16:53:12.000000Z', 'deleted_at': None}",752,Ciprofloxacin,,C4-1630,1,Tablet,1,Oral,500 mg,746,Uche St. Pharmaceutical Company Limited,2021-02-25,2026-02-24,Inactive,Tablet,1 x 10&#039;s (in blister),,,,https://greenbook.nafdac.gov.ng/products/details/7940,2026-09-27T21:50:58.439770+00:00
Greenbook NAFDAC,1618,4802,Ciprogud Tablets##,1,Drugs,"{'id': 1, 'name': 'Drugs', 'created_at': '-000001-11-30T00:00:00.000000Z', 'updated_at': '2022-03-17T16:53:12.000000Z', 'deleted_at': None}",461,Ciprofloxacin (Ciprofloxacin Hydrochloride),,B4-7390,1,Tablet,1,Oral,500 mg,377,Ibu Pharm Nig Ltd,2023-05-25,2028-05-24,Active,"Film Coated Tablet
White colored, capsule shaped, biconvex, film coated tablet having break line on one side and plain on other side

53	RNW-PP-274695	CIPROGUD TABLETS	CIPROFLOXACIN HYDROCHLORIDE USP 500MG	Ciprofloxacin Hydrochloride USP tablets 500mg. Exceipients: Q.S	B4-7390	Drugs	Imported Products	1x10	POM 1	8/5/2022	IBU PHARM NIG. LTD, CHURCH STREET,LAGOS LAGOS LAGOS	8184435083	ibupharm240@gmail.com	IMPULSE PHARMA PVT LTD., PLOT NO . J - 201/202, MIDC, TARAPUR, TAL.PALGHAR, BOISAR, DIST. THANE, THANE 401501 INDIA., India",1 x 10&#039;s (in Alu-Alu blister),"Each tablet contains: Ciprofloxacin Hydrochloride USP equivalent to Ciprofloxacin 500 mg
Excipients: Maize Starch, Purified Talc, Magnesium Stearate, Colloidal Anhydrous Silica, Croscarmellose Sodium, Hypromellose (15 CPS), Titanium Dioxide, Macrogol-6000, Sodium Starch Glycolate, Succinic Acid, Isopropyl Alcohol and Dichloromethane",https://admin.greenbook.nafdac.gov.ng/uploadImage/smpc_files/2023/08/22/202308221e795e9e-e0c5-58b3-99b5-777f15f08ab1.pdf,J01MA02,https://greenbook.nafdac.gov.ng/products/details/4802,2026-09-27T21:50:58.439770+00:00
Greenbook NAFDAC,1619,7941,Ciproheal Tablet**,1,Drugs,"{'id': 1, 'name': 'Drugs', 'created_at': '-000001-11-30T00:00:00.000000Z', 'updated_at': '2022-03-17T16:53:12.000000Z', 'deleted_at': None}",752,Ciprofloxacin,,04-7436,1,Tablet,1,Oral,500 mg,489,Nkoyo Chemists Ltd,2021-02-25,2026-02-24,Inactive,Tablet,1 x 10&#039;s (in blister),,,,https://greenbook.nafdac.gov.ng/products/details/7941,2026-09-27T21:50:58.439770+00:00
Greenbook NAFDAC,1620,593,Ciprolax Tablets##,1,Drugs,"{'id': 1, 'name': 'Drugs', 'created_at': '-000001-11-30T00:00:00.000000Z', 'updated_at': '2022-03-17T16:53:12.000000Z', 'deleted_at': None}",461,Ciprofloxacin (Ciprofloxacin Hydrochloride),,B4-5195,1,Tablet,1,Oral,500 mg,393,Krismediks Nigeria Limited,2021-08-03,2026-08-02,Inactive,Film Coated Tablets,,"Each film coated tablet contains: Ciprofloxacin Hydrochloride BP equivalent to Ciprofloxacin 500 mg
Excipients q.s.",https://admin.greenbook.nafdac.gov.ng/uploadImage/smpc_files/2023/05/27/20230527d47a61da-8660-5bb2-81f4-d9d25a55f7a5.pdf,J01MA02,https://greenbook.nafdac.gov.ng/products/details/593,2026-09-27T21:50:58.439770+00:00
Greenbook NAFDAC,1621,1023,Cipromax##,1,Drugs,"{'id': 1, 'name': 'Drugs', 'created_at': '-000001-11-30T00:00:00.000000Z', 'updated_at': '2022-03-17T16:53:12.000000Z', 'deleted_at': None}",461,Ciprofloxacin (Ciprofloxacin Hydrochloride),,04-4950,1,Tablet,1,Oral,500 mg,625,Climax Pharmaceutical Chemist Limited,2021-09-28,2026-09-27,Active,Tablet,,"Each tablet contains: Ciprofloxacin (as Ciprofloxacin Hydrochloride) 500 mg
Excipients q.s.",https://admin.greenbook.nafdac.gov.ng/uploadImage/smpc_files/2023/05/27/2023052726d3fd12-592f-51bd-8602-b974945490ba.pdf,J01MA02,https://greenbook.nafdac.gov.ng/products/details/1023,2026-09-27T21:50:58.439770+00:00
Greenbook NAFDAC,1622,4801,Cipronis-500 Tablet##,1,Drugs,"{'id': 1, 'name': 'Drugs', 'created_at': '-000001-11-30T00:00:00.000000Z', 'updated_at': '2022-03-17T16:53:12.000000Z', 'deleted_at': None}",461,Ciprofloxacin (Ciprofloxacin Hydrochloride),,B4-2101,1,Tablet,1,Oral,500 mg,398,Leksville Health Solutions Nigeria Limited,2023-07-06,2028-07-05,Active,"Film Coated Tablets

55	RNW-PP-203146	CIPRONIS-500 TABLET	CIPROFLOXACIN HYDROCHLORIDE BP	CIPROFLOXACIN HYDROCHLORIDE BP	B4-2101	Drugs	Imported Products	2X10	POM 1	6/30/2021	LEKSVILLE HEALTH SOLUTIONS NIGERIA LIMITED, PLOT D14 FOUNTAIN SPRINGVILLE ESTATE OLOBUNMI OKOJIE ROAD SANGOTEDO	7038781626	oolajide@leksville.com	ALPA LABORATORIES LTD,., 33/2, A, B ROAD, INDORE (M.P.) INDIA, India",2 x 10&#039;s (in PVC-Alu blisters),"Each film coated tablet contains: Ciprofloxacin Hydrochloride USP equivalent to Ciprofloxacin 500 mg
Excipients q.s.",https://admin.greenbook.nafdac.gov.ng/uploadImage/smpc_files/2023/08/23/20230823e1a97875-c9ba-5b2a-b921-25af1cefeafd.pdf,J01MA02,https://greenbook.nafdac.gov.ng/products/details/4801,2026-09-27T21:50:58.439770+00:00
Greenbook NAFDAC,1623,3516,Cipronol-TN Tablet##,1,Drugs,"{'id': 1, 'name': 'Drugs', 'created_at': '-000001-11-30T00:00:00.000000Z', 'updated_at': '2022-03-17T16:53:12.000000Z', 'deleted_at': None}",462,Ciprofloxacin (Ciprofloxacin Hydrochloride); Tinidazole,,A4-6977,1,Tablet,1,Oral,500 mg; 600 mg,222,Maydon Pharmaceuticals Limited,2020-12-21,2025-12-20,Inactive,Tablet,,"Each tablet contains: Ciprofloxacin Hydrochloride equivalent to Ciprofloxacin 500 mg, Tinidazole 600 mg",,J01RA11,https://greenbook.nafdac.gov.ng/products/details/3516,2026-09-27T21:50:58.439770+00:00
Greenbook NAFDAC,1624,6512,Ciproptic Eye/Ear Drops##,1,Drugs,"{'id': 1, 'name': 'Drugs', 'created_at': '-000001-11-30T00:00:00.000000Z', 'updated_at': '2022-03-17T16:53:12.000000Z', 'deleted_at': None}",461,Ciprofloxacin (Ciprofloxacin Hydrochloride),,B4-6929,16,Ear/eye drops,28,Ophthalmic/Otic,0.3%,1245,Fanyval Visions Limited,2023-11-30,2028-11-29,Active,"Eye/Ear Drops

95	RNW-PP-264207	CIPROPTIC EYE/EAR DROPS	CIPROFLOXACIN 0.3%W/V	EACH 10ML BOTTLE CONTAINS CIPROFLOXACIN HYDROCHLORIDE BP EQ. TO CIPROFLOXACIN 0.3%W/V. HYDROXYPROPYL METHYL CELLULOSE BP 0.25%W/V, BENZALKONIUM CHLORIDE SOLUTIONS BP 0.02%W/V. AQUEOUS BUFFER SOLUTION Q.S	B4-6929	Drugs	Imported Products	1X10ML	Prescription Only Medicine (POM)	5/12/2022	FANYVAL VISIONS LIMITED, NO 21 ROTIMI STREET, SURULERE LAGOS STATE	8063803298	fanyval2019@gmail.com	M/S SCOTT-EDIL PHARMA CIA LIMITED, 56, E.P.I.P PHASE -1, JHARMAJRI, BADDI (H.P) DIST. SOLAN, INDIA., India",1 x 10 mL (in LDPE vial),"Ciproptic Eye/Ear Drops contains: Ciprofloxacin Hydrochloride BP equivalent to Ciprofloxacin 0.3% w/v, Hydroxypropyl Methyl Cellulose BP 0.25% w/v, Benzalkonium Chloride Solution BP 0.02% v/v (as preservative), Aqueous Buffered Vehicle q.s.
Excipients: Edetate Disodium, Sodium Chloride, Benzalkonium Chloride Solution, Hypromellose, Water for Injection",https://admin.greenbook.nafdac.gov.ng/uploadImage/smpc_files/2023/12/18/2023121861a27cb8-a575-58f2-9269-1ddb30157dbc.pdf,S03AA07,https://greenbook.nafdac.gov.ng/products/details/6512,2026-09-27T21:50:58.439770+00:00
Greenbook NAFDAC,1625,10129,Ciprosoft 500 Capsules##,1,Drugs,"{'id': 1, 'name': 'Drugs', 'created_at': '-000001-11-30T00:00:00.000000Z', 'updated_at': '2022-03-17T16:53:12.000000Z', 'deleted_at': None}",752,Ciprofloxacin,,B4-0675,2,Capsule,1,Oral,500 mg,121,Award Global Company Limited,2021-09-28,2026-09-27,Active,Capsule,1 x 10&#039;s,Each capsule contains: Ciprofloxacin 500 mg,,J01MA02,https://greenbook.nafdac.gov.ng/products/details/10129,2026-09-27T21:50:58.439770+00:00
Greenbook NAFDAC,1626,6033,Ciprostat + TN Tablets##,1,Drugs,"{'id': 1, 'name': 'Drugs', 'created_at': '-000001-11-30T00:00:00.000000Z', 'updated_at': '2022-03-17T16:53:12.000000Z', 'deleted_at': None}",462,Ciprofloxacin (Ciprofloxacin Hydrochloride); Tinidazole,,B4-1831,1,Tablet,1,Oral,500 mg; 600 mg,300,Sterling Biopharma Limited,2023-04-26,2028-04-25,Active,"Film Coated Tablet

CIPROSTAT+TN TABLETS	CIPROFLOXACIN 500MG+TINIDAZOLE 600MG TABLETS	CONTAINS: CIPROFLOXACIN HYDROCHLORIDE BP... 500MG. TINIDAZOLE BP....600MG. EXCIPIENTS...Q.S.	B4-1831	Drugs	Imported Products	1x10PACKS	Prescription Only Medicine (POM)	07/07/2022	STERLING BIOPHARMA LIMITED, ,FEMI ASIWAJU CLOSE OJODU ESTATE OJODU LAGOS	8070627212	sterlingbiopharma@yahoo.com	STALLION LABORATORIES PVT. LTD, C1B, 305,2,3,4&amp;5 GIDC, KERALA (BAVLA) DIST: AHMEDABAD (GUJARAT) INDIA., India",10 x 1 x 10&#039;s (in Alu-Alu blisters),"Each film coated tablet contains: Ciprofloxacin Hydrochloride BP equivalent to Ciprofloxacin 500 mg, Tinidazole BP 600 mg
Excipients q.s.",https://admin.greenbook.nafdac.gov.ng/uploadImage/smpc_files/2023/09/30/20230930bb363457-b827-548d-ab36-ef2325bdf44d.PDF,J01RA11,https://greenbook.nafdac.gov.ng/products/details/6033,2026-09-27T21:50:58.439770+00:00
Greenbook NAFDAC,1627,299,Ciprotab 500 Soflets##,1,Drugs,"{'id': 1, 'name': 'Drugs', 'created_at': '-000001-11-30T00:00:00.000000Z', 'updated_at': '2022-03-17T16:53:12.000000Z', 'deleted_at': None}",461,Ciprofloxacin (Ciprofloxacin Hydrochloride),,04-0723,1,Tablet,1,Oral,500 mg,27,Fidson Healthcare PLC,2021-10-28,2026-10-27,Active,Tablet,"1x10,, 1x14, 10x10 or 10x14",Each tablet contains: Ciprofloxacin (as Ciprofloxacin Hydrochloride) 500 mg,https://admin.greenbook.nafdac.gov.ng/uploadImage/smpc_files/2025/05/07/202505072c78e911-db9a-5027-bec6-669d41775e9e.pdf,J01MA02,https://greenbook.nafdac.gov.ng/products/details/299,2026-09-27T21:50:58.439770+00:00
Greenbook NAFDAC,1628,302,Ciprotab-TN##,1,Drugs,"{'id': 1, 'name': 'Drugs', 'created_at': '-000001-11-30T00:00:00.000000Z', 'updated_at': '2022-03-17T16:53:12.000000Z', 'deleted_at': None}",462,Ciprofloxacin (Ciprofloxacin Hydrochloride); Tinidazole,,A4-4368,1,Tablet,1,Oral,500 mg; 600 mg,27,Fidson Healthcare PLC,2021-10-28,2026-10-27,Active,Tablet,1 x 10&#039;s,Each tablet contains: Ciprofloxacin (as Ciprofloxacin Hydrochloride) 500 mg,https://admin.greenbook.nafdac.gov.ng/uploadImage/smpc_files/2025/05/06/20250506c1728e8f-20ce-536b-905c-20c9e4ceb087.pdf,J01RA11,https://greenbook.nafdac.gov.ng/products/details/302,2026-09-27T21:50:58.439770+00:00
Greenbook NAFDAC,1629,3533,Ciprotor##,1,Drugs,"{'id': 1, 'name': 'Drugs', 'created_at': '-000001-11-30T00:00:00.000000Z', 'updated_at': '2022-03-17T16:53:12.000000Z', 'deleted_at': None}",461,Ciprofloxacin (Ciprofloxacin Hydrochloride),,B4-0522,1,Tablet,1,Oral,500 mg,598,Dor Glory Pharmaceuticals Nigeria Limited,2021-04-30,2026-04-29,Inactive,Tablet,,Each tablet contains: Ciprofloxacin Hydrochloride equivalent to Ciprofloxacin 500 mg,,J01MA02,https://greenbook.nafdac.gov.ng/products/details/3533,2026-09-27T21:50:58.439770+00:00
Greenbook NAFDAC,1630,6639,Ciprovam 500 mg Tablet##,1,Drugs,"{'id': 1, 'name': 'Drugs', 'created_at': '-000001-11-30T00:00:00.000000Z', 'updated_at': '2022-03-17T16:53:12.000000Z', 'deleted_at': None}",461,Ciprofloxacin (Ciprofloxacin Hydrochloride),,04-7022,1,Tablet,1,Oral,500 mg,559,Tuyil Pharmaceutical Industries Ltd,2023-12-21,2028-12-20,Active,"Tablet
An off white biconvex shaped caplet with &quot;Ciprovam 500&quot; on one side and &quot;TL&quot; on other side

48	RNW-PP-323508	CIPROVAM 500MG TABLET	CIPROFLOXACIN HCL	CIPROFLOXACIN HCL 500MG	Apr-22	Drugs	Nigerian Products	1*10	POM 1	8/14/2023	TUYIL PHARMACEUTICAL INDUSTRIES LTD, , M.M WAY ILORIN KWARA	8033565739	tuyilpharma18@gmail.com	Tuyil Pharmaceutical Industries Limited, 22, New Yidi Road, Ilorin, Kwara State., Nigeria",1 x 10&#039;s (in Alu-Alu blister),"Each tablet contains: Ciprofloxacin HCI 500 mg
Excipients q.s.",https://admin.greenbook.nafdac.gov.ng/uploadImage/smpc_files/2025/01/07/2025010755c585d3-8351-5f2f-ba64-dcad70462399.pdf,J01MA02,https://greenbook.nafdac.gov.ng/products/details/6639,2026-09-27T21:50:58.439770+00:00
Greenbook NAFDAC,1631,6522,Ciproven Tablets##,1,Drugs,"{'id': 1, 'name': 'Drugs', 'created_at': '-000001-11-30T00:00:00.000000Z', 'updated_at': '2022-03-17T16:53:12.000000Z', 'deleted_at': None}",752,Ciprofloxacin,,B4-4687,1,Tablet,1,Oral,500 mg,218,Malven Medics International Company Ltd,2023-11-30,2028-11-29,Active,"Tablet

47	RNW-PP-210960	CIPROVEN TABLETS	CIPROFLOXACIN 500MG	CIPROFLOXACIN 500MG	B4-4687	Drugs	Imported Products	1X10	Prescription Only Medicine (POM)	8/7/2023	MALVEN MEDICS INTERNATIONAL COMPANY LTD, WILMER STREET, ILUPEJU ILUPEJU LAGOS	8037205003	malvenmedics@yahoo.com	SHANDONG XIER KANGTAI PHARMACEUTICAL CO.,LTD, PRIVATE ECONOMIC GARDEN, XINYAN TOWN, YANZHOU, JINING CITY, SHANDONG, CHINA. , China",1 x 10&#039;s (in PVC-Alu blisters),"Each tablet contains: Ciprofloxacin Hydrochloride BP 500 mg of Ciprofloxacin
Excipients: Sodium Starch Glycolate, Corn Starch, Magnesium Stearate",https://admin.greenbook.nafdac.gov.ng/uploadImage/smpc_files/2023/12/17/20231217234dfcf5-3df5-5559-8cc4-ccd37c8730c1.pdf,J01MA02,https://greenbook.nafdac.gov.ng/products/details/6522,2026-09-27T21:50:58.439770+00:00
Greenbook NAFDAC,1632,4803,Ciprox-T Tablets##,1,Drugs,"{'id': 1, 'name': 'Drugs', 'created_at': '-000001-11-30T00:00:00.000000Z', 'updated_at': '2022-03-17T16:53:12.000000Z', 'deleted_at': None}",462,Ciprofloxacin (Ciprofloxacin Hydrochloride); Tinidazole,,B4-0875,1,Tablet,1,Oral,500 mg; 600 mg,308,Teta Pharmaceuticals Nig Ltd,2023-02-23,2028-02-22,Active,"Film Coated Tablets

CIPROX-T TABLETS	B4-0875	CIPROX-T TABLETS	CIPROFLOXACIN 500MG TINIDAZOLE 600MG PURIFIED WATER 0.35 METHYL PARABEN 1.000 PROPYL PARABEN 0.5982 MAIZE STARCH 40.17MG PURIFIED TALC 25.00 MAGNESIUM STEARATE 25.00 SODIUM STARCHGLYCOLATE 20.089MG HYDROXY PROPYL METHYLCELLULOSE 18.75 ISOPROPYL ALCOHOL 0.2767 METHYLENE CHLORIDE 0.2767MG PURIFIED TALC 11.00MG TITANIUM DIOXIDE 11.00MG PROPYLENE GLYCOL 0.0065MG					Prescription Only Medicine (POM)		TETA PHARMACEUTICALS NIG LTD, PLOT A28, MOKOLA EXTENSION, IBADAN		LESANTO LABORATORIES, PLOT NO. 9, 10, 11 &amp; 20, SURVEY NO 53, NEAR RAILWAY BRIDGE, THANE PALGHAR 401404 MAHARASHTRA, INDIA, India		2/23/2023	2/22/2028",10 x 1 x 10&#039;s (in Alu-Alu blisters),"Each film coated tablet contains: Ciprofloxacin Hydrochloride BP equivalent to Ciprofloxacin 500 mg, Tinidazole BP 600 mg
Excipients q.s.",https://admin.greenbook.nafdac.gov.ng/uploadImage/smpc_files/2024/10/20/20241020c015f184-bc80-5b2c-875c-5be4c6b2782e.pdf,J01RA11,https://greenbook.nafdac.gov.ng/products/details/4803,2026-09-27T21:50:58.439770+00:00
Greenbook NAFDAC,1633,3517,Ciproxamed Forte Tablets##,1,Drugs,"{'id': 1, 'name': 'Drugs', 'created_at': '-000001-11-30T00:00:00.000000Z', 'updated_at': '2022-03-17T16:53:12.000000Z', 'deleted_at': None}",462,Ciprofloxacin (Ciprofloxacin Hydrochloride); Tinidazole,,A4-5700,1,Tablet,1,Oral,500 mg; 600 mg,166,Embassy Pharmaceutical and Chemicals Limited,2020-11-10,2025-11-09,Inactive,Tablet,,"Each tablet contains: Ciprofloxacin (as Ciprofloxacin Hydrochloride) 500 mg, Tinidazole 600 mg",,J01RA11,https://greenbook.nafdac.gov.ng/products/details/3517,2026-09-27T21:50:58.439770+00:00
Greenbook NAFDAC,1634,7969,Ciprozera 500 Caplet**,1,Drugs,"{'id': 1, 'name': 'Drugs', 'created_at': '-000001-11-30T00:00:00.000000Z', 'updated_at': '2022-03-17T16:53:12.000000Z', 'deleted_at': None}",461,Ciprofloxacin (Ciprofloxacin Hydrochloride),,A4-7780,108,Caplet,1,Oral,500 mg,368,KCH Consumer Healthcare Limited,2024-07-31,2029-07-30,Active,"Film-coated caplets.
White, oblong/capsule shape, biconvex faces with one side having ‘Breakline’
Breakline is for aesthetics and not for equal division of caplet",1 x 10&#039;s (in Alu/PVC blister),Each film-coated caplet contains: Ciprofloxacin 500 mg (as Ciprofloxacin hydrochloride),https://admin.greenbook.nafdac.gov.ng/uploadImage/smpc_files/2024/09/16/202409163810aeeb-8df8-5594-98ac-540fea1ac8aa.pdf,J01MA02,https://greenbook.nafdac.gov.ng/products/details/7969,2026-09-27T21:50:58.439770+00:00
Greenbook NAFDAC,1635,8583,Cisatracurium Besylate Injection##,1,Drugs,"{'id': 1, 'name': 'Drugs', 'created_at': '-000001-11-30T00:00:00.000000Z', 'updated_at': '2022-03-17T16:53:12.000000Z', 'deleted_at': None}",1978,Cisatracurium (Cisatracurium Besylate),,C4-1814,107,Solution for injection,12,Intravenous,2 mg/mL,271,Phillips Pharmaceuticals (Nigeria) Limited,2021-08-26,2026-08-25,Inactive,"Solution for Injection
Clear, colorless liquid",1 x 10 mL (in amber glass vial),"Each 2 mL contains: Cisatracurium Besylate Injection USP 2 mg
Excipients q.s.",https://admin.greenbook.nafdac.gov.ng/uploadImage/smpc_files/2024/11/22/20241122d6b60f9e-c49e-5a4a-a1f6-230b8feb7725.pdf,M03AC11,https://greenbook.nafdac.gov.ng/products/details/8583,2026-09-27T21:50:58.439770+00:00
Greenbook NAFDAC,1636,4123,Citramin Vitamin C Syrup##,1,Drugs,"{'id': 1, 'name': 'Drugs', 'created_at': '-000001-11-30T00:00:00.000000Z', 'updated_at': '2022-03-17T16:53:12.000000Z', 'deleted_at': None}",346,Ascorbic Acid,Vitamin C,A4-6044,103,Syrup,1,Oral,100 mg/5 mL,82,Afrab-Chem Limited,2020-11-30,2025-11-29,Inactive,Syrup,,Each 5 mL contains: Ascorbic Acid 100 mg,,A11GA01,https://greenbook.nafdac.gov.ng/products/details/4123,2026-09-27T21:50:58.439770+00:00
Greenbook NAFDAC,1637,4462,Citrazee Tablets## (check composition),1,Drugs,"{'id': 1, 'name': 'Drugs', 'created_at': '-000001-11-30T00:00:00.000000Z', 'updated_at': '2022-03-17T16:53:12.000000Z', 'deleted_at': None}",346,Ascorbic Acid,Vitamin C,A11-100130,1,Tablet,1,Oral,10 mg; 500 mg,82,Afrab-Chem Limited,2021-05-27,2026-05-26,Inactive,"Tablet

L-LEUCINE?
ASCORBIC ACID + ZINC GLUCONATE A11-100130 CITRAZEE TABLETS ASCORBIC ACID, ZINC GLUCONATE (EQUIVALENT TO ELEMENTAL ZINC), L-LEUCINE, POVIDONE K, IRON OXIDE YELLOW, ALCOHOL, MICROCYSTALLINE CELLULOSE, SORBITOL POWDER, TALCUM POWDER, MAGNESIUM STEARATE VITAMINS ORAL 500MG, 10MG, 5.875MG, K-30:35MG, 4.195MG 99%:10ML, 102:55.597MG, 15MG, 3.358MG, 4.2MG TABLET OVER THE COUNTER (OTC) &quot;INDICATIONS
• HELPS IN IMMUNE SYSTEM MAINTENANCE AND SUPPORT
• VITAMIN C ACTS AS AN ANTIOXIDANT, CONTRIBUTING TO GOOD HEALTH
• HELPS IN THE DEVELOPMENT AND MAINTENANCE OF BONES, CARTILAGE, TEETH AND GUMS
• HELPS IN WOUND HEALING AND CONNECTIVE TISSUE FORMATION
• HELPS PREVENT VITAMIN C AND ZINC DEFICIENCY
&quot; AFRAB CHEM LIMITED NIGERIA AFRAB CHEM LIMITED NIGERIA 2021-05-27 2026-05-26",,Each tablet contains: Ascorbic Acid,https://admin.greenbook.nafdac.gov.ng/uploadImage/smpc_files/2025/03/26/202503262bbf0646-77b1-503a-bd0a-69d928746edf.pdf,A11GA01,https://greenbook.nafdac.gov.ng/products/details/4462,2026-09-27T21:50:58.439770+00:00
Greenbook NAFDAC,1638,7942,Civic Cream**,1,Drugs,"{'id': 1, 'name': 'Drugs', 'created_at': '-000001-11-30T00:00:00.000000Z', 'updated_at': '2022-03-17T16:53:12.000000Z', 'deleted_at': None}",868,Clobetasol Propionate,,A4-9597,4,Cream,21,Topical,0.05%,1302,Gnakk West Africa Limited,2021-01-28,2026-01-28,Inactive,Topical cream,1 x 40 g (in collapsible Aluminium tube),"Clobetasol Propionate 0.05% w/w Cream.
Civic Lemon Cream contains 700 mg of Propylene glycol per gram of gel. Propylene glycol can cause skin irritation",https://admin.greenbook.nafdac.gov.ng/uploadImage/smpc_files/2024/09/22/202409226652a317-98d3-5c45-b11e-4b92b51dc1ad.pdf,D07AD01,https://greenbook.nafdac.gov.ng/products/details/7942,2026-09-27T21:50:58.439770+00:00
Greenbook NAFDAC,1639,8362,Clabetic Tablets**,1,Drugs,"{'id': 1, 'name': 'Drugs', 'created_at': '-000001-11-30T00:00:00.000000Z', 'updated_at': '2022-03-17T16:53:12.000000Z', 'deleted_at': None}",626,Metformin Hydrochloride; Glibenclamide,,A4-2277,1,Tablet,1,Oral,500 mg; 5 mg,303,Swiss Pharma Nigeria Limited,2021-08-03,2026-08-02,Inactive,Tablet,3 x 10&#039;s; 10 x 10&#039;s,"Each tablet contains: Metformin 500 mg, Glibenclamide 5 mg",,,https://greenbook.nafdac.gov.ng/products/details/8362,2026-09-27T21:50:58.439770+00:00
Greenbook NAFDAC,1640,8410,Cladipine 10 mg Tablet**,1,Drugs,"{'id': 1, 'name': 'Drugs', 'created_at': '-000001-11-30T00:00:00.000000Z', 'updated_at': '2022-03-17T16:53:12.000000Z', 'deleted_at': None}",272,Amlodipine (Amlodipine Besilate),Amlodipine (Amlodipine Besylate),B4-3521,1,Tablet,1,Oral,10 mg,351,Clarion Medicals Limited,2021-08-26,2026-08-25,Inactive,Tablet,3 x 10&#039;s,Amlodipine Besylate USP 10 mg,https://admin.greenbook.nafdac.gov.ng/uploadImage/smpc_files/2025/01/27/202501274088b700-7541-5931-961f-7ffb5fee6655.pdf,C08CA01,https://greenbook.nafdac.gov.ng/products/details/8410,2026-09-27T21:50:58.439770+00:00
Greenbook NAFDAC,1641,2661,Cladipine Tablets 5 mg##,1,Drugs,"{'id': 1, 'name': 'Drugs', 'created_at': '-000001-11-30T00:00:00.000000Z', 'updated_at': '2022-03-17T16:53:12.000000Z', 'deleted_at': None}",272,Amlodipine (Amlodipine Besilate),Amlodipine (Amlodipine Besylate),A4-4070,1,Tablet,1,Oral,5 mg,351,Clarion Medicals Limited,2021-08-26,2026-08-25,Inactive,Tablet,,"Each tablet contains: Amlodipine Besylate 5 mg
Excipients q.s.",https://admin.greenbook.nafdac.gov.ng/uploadImage/smpc_files/2024/09/16/202409164d00838a-dfd2-5a63-b451-6039589e96b9.pdf,C08CA01,https://greenbook.nafdac.gov.ng/products/details/2661,2026-09-27T21:50:58.439770+00:00
Greenbook NAFDAC,1642,2984,Clafix-200 Tablet##,1,Drugs,"{'id': 1, 'name': 'Drugs', 'created_at': '-000001-11-30T00:00:00.000000Z', 'updated_at': '2022-03-17T16:53:12.000000Z', 'deleted_at': None}",441,Cefixime (Cefixime Trihydrate),,B4-4357,1,Tablet,1,Oral,200 mg,1015,Oceana Pharmaceutical and Chemical Company Limited,2020-12-21,2025-12-20,Inactive,Tablet,,Each tablet contains: Cefixime (as Cefixime Trihydrate) 200 mg,,J01DD08,https://greenbook.nafdac.gov.ng/products/details/2984,2026-09-27T21:50:58.439770+00:00
Greenbook NAFDAC,1643,7943,Clamicin 500 Capsule**,1,Drugs,"{'id': 1, 'name': 'Drugs', 'created_at': '-000001-11-30T00:00:00.000000Z', 'updated_at': '2022-03-17T16:53:12.000000Z', 'deleted_at': None}",495,Lincomycin (Lincomycin Hydrochloride),,04-6793,2,Capsule,1,Oral,500 mg,351,Clarion Medicals Limited,2024-06-27,2029-06-26,Active,Hard gelatin capsule,3 x 4&#039;s (in PVC/Aluminum foil blisters),Each capsule contains: Lincomycin Hydrochloride USP equiv. to Lincomycin 500 mg,https://admin.greenbook.nafdac.gov.ng/uploadImage/smpc_files/2024/07/20/20240720d0e71d6b-a5b8-59b2-b7b4-83f12e9b2ab8.pdf,J01FF02,https://greenbook.nafdac.gov.ng/products/details/7943,2026-09-27T21:50:58.439770+00:00
Greenbook NAFDAC,1644,7970,Clamoxin 1200 Injection**,1,Drugs,"{'id': 1, 'name': 'Drugs', 'created_at': '-000001-11-30T00:00:00.000000Z', 'updated_at': '2022-03-17T16:53:12.000000Z', 'deleted_at': None}",1545,Amoxicillin (Amoxicillin Sodium); Clavulanic Acid (Potassium Clavulanate),,C4-0148,70,Powder for injection,29,Intravenous; Intramuscular,1000 mg; 200 mg,189,Greenlife Pharmaceutical Limited,2024-07-31,2029-07-30,Active,Powder for solution for injection in a vial,1.2 g x 1&#039;s (in clear glass vial) + 10 mL SWFI (in ampoule),"Each vial contains: Amoxicillin Sodium BP equiv. to Amoxicillin 1000 mg, Clavulanate Potassium USP equiv. to Clavulanic Acid 200 mg
Each ampoule contains: Sterile Water for Injection as diluent",https://admin.greenbook.nafdac.gov.ng/uploadImage/smpc_files/2024/11/28/20241128d2444ed0-02d0-5b2a-b442-1375b3f00986.pdf,J01CR02,https://greenbook.nafdac.gov.ng/products/details/7970,2026-09-27T21:50:58.439770+00:00
Greenbook NAFDAC,1645,4321,Clamoxin 375 Tablet**,1,Drugs,"{'id': 1, 'name': 'Drugs', 'created_at': '-000001-11-30T00:00:00.000000Z', 'updated_at': '2022-03-17T16:53:12.000000Z', 'deleted_at': None}",423,Amoxicillin (Amoxicillin Trihydrate); Clavulanic Acid (Potassium Clavulanate),,B4-5174,1,Tablet,1,Oral,250 mg; 125 mg,189,Greenlife Pharmaceutical Limited,2021-12-02,2026-12-01,Active,"Film-coated tablet.
White to off white colored, elongated, biconvex, film-coated tablet, plain on both sides. Free from any obvious defects",3 x 7&#039;s (in Alu-Alu blisters),"Each film-coated tablet contains: Amoxicillin Trihydrate USP equivalent to Amoxicillin 250 mg, Diluted Potassium Clavulanate BP equivalent to Clavulanic Acid 125 mg, Excipients q.s.",https://admin.greenbook.nafdac.gov.ng/uploadImage/smpc_files/2023/05/28/202305283edb6081-6754-55de-b502-5f2d07b52a64.pdf,J01CR02,https://greenbook.nafdac.gov.ng/products/details/4321,2026-09-27T21:50:58.439770+00:00
Greenbook NAFDAC,1646,4322,Clamoxin 625 Tablets**,1,Drugs,"{'id': 1, 'name': 'Drugs', 'created_at': '-000001-11-30T00:00:00.000000Z', 'updated_at': '2022-03-17T16:53:12.000000Z', 'deleted_at': None}",423,Amoxicillin (Amoxicillin Trihydrate); Clavulanic Acid (Potassium Clavulanate),,A4-3305,1,Tablet,1,Oral,500 mg; 125 mg,189,Greenlife Pharmaceutical Limited,2021-12-02,2026-12-01,Active,"Film-coated tablet.
White or off white oval shaped film-coated tablets",,"Each film-coated tablet contains: Amoxicillin Trihydrate BP equivalent to Amoxicillin 500 mg, Diluted Potassium Clavulanate BP equivalent to Clavulanic Acid 125 mg, Excipients q.s.",https://admin.greenbook.nafdac.gov.ng/uploadImage/smpc_files/2024/09/12/20240912a640f4fe-1c27-5c72-96d6-d23c9cac4604.pdf,J01CR02,https://greenbook.nafdac.gov.ng/products/details/4322,2026-09-27T21:50:58.439770+00:00
Greenbook NAFDAC,1647,7149,Clanosten Cream##,1,Drugs,"{'id': 1, 'name': 'Drugs', 'created_at': '-000001-11-30T00:00:00.000000Z', 'updated_at': '2022-03-17T16:53:12.000000Z', 'deleted_at': None}",1106,Betamethasone; Clotrimazole; Neomycin sulfate,,A4-100755,4,Cream,21,Topical,0.05%; 1%; 0.5%,383,Kenbarth Pharmaceuticals Limited,2024-02-28,2029-02-27,Active,"Cream

24	NF-PP-351927	CLANOSTEN CREAM	CLOTRIMAZOLE BP 1% W/W, BETAMETHASONE DIPROPIONATE BP EQV TO BETAMETHASONE 0.05% W/W, NEOMYCIN SULFATE BP 0.5% W/W	CLOTRIMAZOLE BP 1% W/W, BETAMETHASONE DIPROPIONATE BP EQV TO BETAMETHASONE 0.05% W/W, NEOMYCIN SULFATE BP 0.5% W/W, CHLOROCRESOL, PETROLIUM JELLY, CETOSTEARYL ALCOHOL, C.M. 1000, LIGHT LIQUID PARAFFIN, PROPYLENE GLYCOL, DISODIUM EDETATE, TWEEN 80, PURIFIED WATER	A4-100755	Drugs	Imported Products	10 x 1 x 30GM	POM 1	10/9/2023	KENBARTH PHARMACEUTICALS LIMITED, SUTOOL STREET AWADA ONITSHA ANAMBRA	46303304	kenbarthpharm429@gmail.com	CIRON DRUGS &amp; PHARMACEUTICALS PVT LTD, N-118, N-119, N-113, M.I.D.C., TARAPUR, BOISAR, DIST. THANE - 401 506, MAHARASHTRA, INDIA, India",10 x 1 x 30 g (in Lami tubes),"Each gram contains: Clotrimazole BP (1% w/w), Betamethasone Dipropionate BP equivalent to Betamethasone 0.05% w/w, Neomycin Sulfate BP 0.5% w/w, Chlorocresol BP (0.1% w/w)
Excipient q.s.",https://admin.greenbook.nafdac.gov.ng/uploadImage/smpc_files/2024/03/23/202403231e4b782c-496a-5d45-a6a6-281ee6721ea2.pdf,D07CC01,https://greenbook.nafdac.gov.ng/products/details/7149,2026-09-27T21:50:58.439770+00:00
Greenbook NAFDAC,1648,6168,Clanosten Plus Cream##,1,Drugs,"{'id': 1, 'name': 'Drugs', 'created_at': '-000001-11-30T00:00:00.000000Z', 'updated_at': '2022-03-17T16:53:12.000000Z', 'deleted_at': None}",1156,Clotrimazole; Gentamicin,,B4-2122,4,Cream,21,Topical,1%; 0.1%,383,Kenbarth Pharmaceuticals Limited,2023-03-28,2028-03-27,Active,"Cream

102	RNW-PP-241288	CLANOSTEN PLUS CREAM	CLOTRIMAZOLE 1% W/W + GENTAMICIN 0.1% W/W	Clotrimazole BP 10.2 mg, Gentamicin sulphate BP eq. to Gentamicin base 0.1% w/w (1.948 mg) Cetostearyl alcohol BP 72.0 mg, Cetomacrogol -1000 HIS 22.5 mg, Chlorocresol BP 1.0 mg, White soft paraffin BP 50.0 mg, Heavy liquid paraffin HIS 60.0 mg, Propylene Glycol BP 100.0 mg, Disodium hydrogen phosphate BP 3.00 mg, Purified Water BP 0.680 ml.	B4-2122	Drugs	DERMATOLOGICALS	Imported Products	1*30GM	Prescription Only Medicine (POM)	11/24/2021	KENBARTH PHARMACEUTICALS LIMITED, SUTOOL STREET AWADA ONITSHA ANAMBRA	46303304	kenbarthpharm429@gmail.com	KWALITY PHARMACEUTICALS PVT LIMITED, 6TH MILE STONE, VILLAGE NAG KALAN, MAJITHA ROAD, AMRITSAR - 143 601, INDIA, India",1 x 30 g (in Lami tube),"Each gram contains: Clotrimazole BP (1% w/w), Betamethasone Dipropionate BP equivalent to Betamethasone 0.05% w/w, Neomycin Sulfate BP 0.5% w/w, Chlorocresol BP (0.1% w/w)
Excipient q.s.",https://admin.greenbook.nafdac.gov.ng/uploadImage/smpc_files/2024/12/26/202412265f633a2f-e02c-57d9-bd64-bf6cb7b27b28.pdf,D07C,https://greenbook.nafdac.gov.ng/products/details/6168,2026-09-27T21:50:58.439770+00:00
Greenbook NAFDAC,1649,3506,Claranta 500 Tablets##,1,Drugs,"{'id': 1, 'name': 'Drugs', 'created_at': '-000001-11-30T00:00:00.000000Z', 'updated_at': '2022-03-17T16:53:12.000000Z', 'deleted_at': None}",477,Clarithromycin,,B4-2865,1,Tablet,1,Oral,500 mg,578,Ajanta Pharma Nigeria Limited,2020-11-30,2025-11-29,Inactive,Tablet,,Each tablet contains: Clarithromycin 500 mg,,J01FA09,https://greenbook.nafdac.gov.ng/products/details/3506,2026-09-27T21:50:58.439770+00:00
Greenbook NAFDAC,1650,3507,Clarcent 500 Tablets##,1,Drugs,"{'id': 1, 'name': 'Drugs', 'created_at': '-000001-11-30T00:00:00.000000Z', 'updated_at': '2022-03-17T16:53:12.000000Z', 'deleted_at': None}",477,Clarithromycin,,C4-1307,1,Tablet,1,Oral,500 mg,726,Savocent Pharma Ltd,2020-11-30,2025-11-29,Inactive,Tablet,,Each tablet contains: Clarithromycin Tablet 500 mg,,J01FA09,https://greenbook.nafdac.gov.ng/products/details/3507,2026-09-27T21:50:58.439770+00:00
Greenbook NAFDAC,1651,11451,Claricin 500 mg Tablets_,1,Drugs,"{'id': 1, 'name': 'Drugs', 'created_at': '-000001-11-30T00:00:00.000000Z', 'updated_at': '2022-03-17T16:53:12.000000Z', 'deleted_at': None}",477,Clarithromycin,,A4-1011,1,Tablet,1,Oral,500 mg,214,LifeBack Pharmacy and Stores Limited,2025-07-30,2030-07-29,Active,"Tablet.
The product is a white to off-white colored film-coated tablet. It should be swallowed whole, not crushed or divided into two",2 x 7&#039;s (in blisters),"Each tablet contains: Clarithromycin 500 mg
Excipients q.s.",https://admin.greenbook.nafdac.gov.ng/uploadImage/smpc_files/2025/08/22/202508222df5be42-637d-579e-b507-a845f2be826b.pdf,J01FA09,https://greenbook.nafdac.gov.ng/products/details/11451,2026-09-27T21:50:58.439770+00:00
Greenbook NAFDAC,1652,7349,Claridex-500 Tablet	Clarithromycin 500 mg##,1,Drugs,"{'id': 1, 'name': 'Drugs', 'created_at': '-000001-11-30T00:00:00.000000Z', 'updated_at': '2022-03-17T16:53:12.000000Z', 'deleted_at': None}",477,Clarithromycin,,A4-9083,1,Tablet,1,Oral,500 mg,179,Geneith Pharmaceuticals Limited,2024-04-30,2029-05-01,Active,"Film Coated Tablet

35	CMS-PP-406563	CLARIDEX-500 TABLET	CLARITHROMYCIN 500MG	CLARITHROMYCIN 500 MG LACTOSE MONOHYDRATE, MICROCRYSTALLINE CELLULOSE, CROSCARMELLOSE SODIUM, POVIDONE K- 30, PURIFIED WATER, PURIFIED TALC MAGNESIUM STEARATE, SPRAYCEL SC-2199 QUINOLINE YELLOW ISOPROPYL ALCOHOL, DICHLOROMETHANE	A4-9083	Drugs	Imported Products	2X7 TABLETS	Prescription Only Medicine (POM)	GENEITH PHARMACEUTICALS LIMITED, 12 ADEWALE CRESCENT, OFF EWENLA STREET, OSHODI, ISOLO, LAGOS	8122912281	ngouzoamaka@yahoo.com	NOVAGEN HEALTHCARE PVT. LTD, PLOT NO. 102-111, HORIZON IND. PARK, N.H. NO.48 AT: BAMANGAM, DIST-VADODARA-391 243 GUJARAT STATE, INDIA., India",2 x 7&#039;s (in PVC-Alu blisters),"Each tablet contains: Clarithromycin 500 mg
Excipients q.s.",https://admin.greenbook.nafdac.gov.ng/uploadImage/smpc_files/2024/05/14/20240514fa8cf361-33ab-5a9b-9329-8a3b7cb62dea.pdf,J01FA09,https://greenbook.nafdac.gov.ng/products/details/7349,2026-09-27T21:50:58.439770+00:00
Greenbook NAFDAC,1653,12148,Clariglob 500 mg Tablet_,1,Drugs,"{'id': 1, 'name': 'Drugs', 'created_at': '-000001-11-30T00:00:00.000000Z', 'updated_at': '2022-03-17T16:53:12.000000Z', 'deleted_at': None}",477,Clarithromycin,,A4-101643,1,Tablet,1,Oral,500 mg,746,Uche St. Pharmaceutical Company Limited,2025-10-29,2030-10-28,Active,"Tablet.
White-colored, caplet-shaped, biconvex, film-coated tablet, having on one side a break line, and the other side plain",1 x 10&#039;s (in Alu-Alu blister),"Each film-coated tablet contains: Clarithromycin USP 500 mg
Excipients q.s.",https://admin.greenbook.nafdac.gov.ng/uploadImage/smpc_files/2025/12/01/20251201bcc8656d-6e11-5dc2-b024-d1371b8f0f28.pdf,J01FA09,https://greenbook.nafdac.gov.ng/products/details/12148,2026-09-27T21:50:58.439770+00:00
Greenbook NAFDAC,1654,5609,Clarimax 500 Tablets##,1,Drugs,"{'id': 1, 'name': 'Drugs', 'created_at': '-000001-11-30T00:00:00.000000Z', 'updated_at': '2022-03-17T16:53:12.000000Z', 'deleted_at': None}",477,Clarithromycin,,A4-4986,1,Tablet,1,Oral,500 mg,456,Feccox Pharmacy and General Enterprises Ltd,2023-04-26,2028-04-25,Active,"Tablet

CLARIMAX 500 TABLETS	CLARITHROMYCIN USP 500MG	EACH FILM COATED TABLET CONTAINS CLARITHROMYCIN USP 500mg Excipients Starch Microcrystalline cellulose Phosphate Polyvinyl pyrrolidone Magnesium stearate Purified talc Cross Carmellose sodium Colloidal anhydrous silica Hydroxy propyl methyl cellulose Polyethylene Glycol 4000 Titanium dioxide	A4-4986	Drugs	Imported Products	1X10	Prescription Only Medicine (POM)	28/03/2022	FECCOX PHARMACY AND GENERAL ENTERPRISES LTD, JABA LAYOUT OFF AIRPORT RD KANO KANO	8063803298	stevefeccox2019@outlook.com	SWISS PHARMA PVT . LTD., 3709, G.I.D.C., Phase IV, Vatva AHMEDABAD - 382 445, GUJARAT, INDIA., India",1 x 10&#039;s (in blister),"Each film coated tablet contains: Clarithromycin USP 500 mg
Excipients q.s.",https://admin.greenbook.nafdac.gov.ng/uploadImage/smpc_files/2023/09/29/2023092983784a91-60d3-50ff-b96b-70d8e85733b3.pdf,J01FA09,https://greenbook.nafdac.gov.ng/products/details/5609,2026-09-27T21:50:58.439770+00:00
Greenbook NAFDAC,1655,306,Claripen Forte Injection##,1,Drugs,"{'id': 1, 'name': 'Drugs', 'created_at': '-000001-11-30T00:00:00.000000Z', 'updated_at': '2022-03-17T16:53:12.000000Z', 'deleted_at': None}",434,Procaine Benzylpenicillin; Benzylpenicillin Sodium,Procaine Penicillin Fortified,04-1102,70,Powder for injection,9,Intramuscular,3 MU; 1 MU (4 MU),351,Clarion Medicals Limited,2021-10-28,2026-10-27,Active,Powder for Solution for Injection,1 x 20 mL (in vial),"Each vial contains: Procaine Penicillin BP 3 g (3 MU), Benzylpenicillin Sodium BP 0.6 g (1 MU)
Excipients q.s.",https://admin.greenbook.nafdac.gov.ng/uploadImage/smpc_files/2024/11/18/202411185d0c0de6-222a-500c-bc2a-c7af0e0a7e2b.pdf,J01CE30,https://greenbook.nafdac.gov.ng/products/details/306,2026-09-27T21:50:58.439770+00:00
Greenbook NAFDAC,1656,654,Claritek Tablet 250 mg##,1,Drugs,"{'id': 1, 'name': 'Drugs', 'created_at': '-000001-11-30T00:00:00.000000Z', 'updated_at': '2022-03-17T16:53:12.000000Z', 'deleted_at': None}",477,Clarithromycin,,B4-6052,1,Tablet,1,Oral,250 mg,181,Getz Pharma Nigeria Limited,2021-05-27,2026-05-26,Inactive,"Tablet
White colored, round shaped film coated tablets, engraved &quot;Clari 250&quot; on one side and plain on the other side
",1 x 10&#039;s (in Alu-Alu blister),Each film coated tablet contains: Clarithromycin 250 mg,https://admin.greenbook.nafdac.gov.ng/uploadImage/smpc_files/2023/05/28/202305280e826a45-0cfb-5576-bde9-619ae8199bbd.pdf,J01FA09,https://greenbook.nafdac.gov.ng/products/details/654,2026-09-27T21:50:58.439770+00:00
Greenbook NAFDAC,1657,653,Claritek Tablet 500 mg##,1,Drugs,"{'id': 1, 'name': 'Drugs', 'created_at': '-000001-11-30T00:00:00.000000Z', 'updated_at': '2022-03-17T16:53:12.000000Z', 'deleted_at': None}",477,Clarithromycin,,B4-6050,1,Tablet,1,Oral,500 mg,181,Getz Pharma Nigeria Limited,2021-05-27,2026-05-26,Inactive,"Tablet
White colored, oblong shaped film coated tablets, engraved &quot;Clari 500&quot; on one side and &quot;Getz&quot; on the other side",1 x 10&#039;s (in Alu-Alu blister),"Each film coated tablet contains: Clarithromycin USP 500 mg
Excipients q.s.
",https://admin.greenbook.nafdac.gov.ng/uploadImage/smpc_files/2023/05/28/20230528e392a804-f343-56a3-8da6-d0fffc981152.pdf,J01FA09,https://greenbook.nafdac.gov.ng/products/details/653,2026-09-27T21:50:58.439770+00:00
Greenbook NAFDAC,1658,6328,Clarithrime Tablet##,1,Drugs,"{'id': 1, 'name': 'Drugs', 'created_at': '-000001-11-30T00:00:00.000000Z', 'updated_at': '2022-03-17T16:53:12.000000Z', 'deleted_at': None}",477,Clarithromycin,,B4-6733,1,Tablet,1,Oral,500 mg,145,Chez Resources Pharmaceutical Limited,2022-09-29,2027-09-28,Active,"Tablet

CLARITHRIME (CLARITHROMYCIN TABLET BP 500MG)	Clarithromycin BP 500mg	Tablets	500mg	Oral	1 * 14 Tabs	J01FA09	B4-6733	Drug	POM	Chez Resources Pharmaceutical LTD 	No 7 Calabar street Fegge-Onitsha Anambra state 	Ciron drugs and pharmaceuticals PVT LTD 	India	29th September, 2022	28th September, 2027
",1 x 14&#039;s (in PVC-Alu blister),"Each film coated tablet contains: Clarithromycin BP 500 mg
Excipients q.s.",https://admin.greenbook.nafdac.gov.ng/uploadImage/smpc_files/2023/10/23/202310239eed38b1-f1b0-545d-801a-a045a646cb95.pdf,J01FA09,https://greenbook.nafdac.gov.ng/products/details/6328,2026-09-27T21:50:58.439770+00:00
Greenbook NAFDAC,1659,11452,Clarithromycin Tablets USP 500 mg_,1,Drugs,"{'id': 1, 'name': 'Drugs', 'created_at': '-000001-11-30T00:00:00.000000Z', 'updated_at': '2022-03-17T16:53:12.000000Z', 'deleted_at': None}",477,Clarithromycin,,A4-101398,1,Tablet,1,Oral,500 mg,1651,REMEDIAL HEALTH SOLUTIONS LIMITED,2025-07-30,2030-07-29,Active,"Tablet.
White, capsule-shaped, biconvex, film-coated tablet, break line on one side and the other side plain",1 x 10&#039;s (in Alu-Alu blister),"Each tablet contains: Clarithromycin 500 mg
Excipients q.s.",https://admin.greenbook.nafdac.gov.ng/uploadImage/smpc_files/2025/08/27/20250827095324e9-da68-52d8-90f4-640ad5582db0.pdf,J01FA09,https://greenbook.nafdac.gov.ng/products/details/11452,2026-09-27T21:50:58.439770+00:00
Greenbook NAFDAC,1660,1709,Clarithroxal 500##,1,Drugs,"{'id': 1, 'name': 'Drugs', 'created_at': '-000001-11-30T00:00:00.000000Z', 'updated_at': '2022-03-17T16:53:12.000000Z', 'deleted_at': None}",477,Clarithromycin,,B4-6200,1,Tablet,1,Oral,500 mg,449,Great Timec Pharma Nigeria Limited,2021-05-07,2026-05-06,Inactive,Tablet,2 x 14&#039;s (in Alu-Alu blisters),"Each tablet contains: Clarithromycin 500 mg
Excipients q.s.
Color: Lake of Quinoline Yellow, Titanium Dioxide",https://admin.greenbook.nafdac.gov.ng/uploadImage/smpc_files/2023/05/27/202305272b079a45-53bb-561a-ab3d-08df2f6a6a80.pdf,J01FA09,https://greenbook.nafdac.gov.ng/products/details/1709,2026-09-27T21:50:58.439770+00:00
Greenbook NAFDAC,1661,6375,Clarityne Tablet**,1,Drugs,"{'id': 1, 'name': 'Drugs', 'created_at': '-000001-11-30T00:00:00.000000Z', 'updated_at': '2022-03-17T16:53:12.000000Z', 'deleted_at': None}",419,Loratadine,,04-2471,1,Tablet,1,Oral,10 mg,133,Bayer Nigeria Limited,2021-03-29,2026-03-28,Inactive,"Tablet.
White, round, biconvex, scored tablet. MK logo on one side and LD code on the slotted side, between the slot",1 x 10&#039;s; 3 x 10&#039;s (in PVC/PE/PVDC blisters),"Loratadine 10 mg

Excipients:
Lactose, magnesium stearate, maize starch and purified water",https://admin.greenbook.nafdac.gov.ng/uploadImage/smpc_files/2023/11/09/20231109f282dd4f-7fbd-541d-8848-a66164ebce92.pdf,R06AX13,https://greenbook.nafdac.gov.ng/products/details/6375,2026-09-27T21:50:58.439770+00:00
Greenbook NAFDAC,1662,8988,Clavamox Injection**,1,Drugs,"{'id': 1, 'name': 'Drugs', 'created_at': '-000001-11-30T00:00:00.000000Z', 'updated_at': '2022-03-17T16:53:12.000000Z', 'deleted_at': None}",1545,Amoxicillin (Amoxicillin Sodium); Clavulanic Acid (Potassium Clavulanate),,04-9521,70,Powder for injection,12,Intravenous,1000 mg; 200 mg,27,Fidson Healthcare PLC,2021-09-28,2026-09-27,Active,Powder for solution for injection or infusion in a vial plus Water for Injection as solvent in ampoule,1.2 g (in vial) + 20 mL WFI (in ampoules),"Each Combipack contains:
- One vial of Amoxicillin Sodium BP equiv. to Amoxicillin 1000 mg, Clavulanate Potassium BP equiv. to Clavulanic Acid 200 mg
- One ampoule of Water for injections as solvent 20 mL",,J01CR02,https://greenbook.nafdac.gov.ng/products/details/8988,2026-09-27T21:50:58.439770+00:00
Greenbook NAFDAC,1663,629,Clavicin 457 Powder for Oral Suspension**,1,Drugs,"{'id': 1, 'name': 'Drugs', 'created_at': '-000001-11-30T00:00:00.000000Z', 'updated_at': '2022-03-17T16:53:12.000000Z', 'deleted_at': None}",423,Amoxicillin (Amoxicillin Trihydrate); Clavulanic Acid (Potassium Clavulanate),,C4-1134,72,Powder for suspension,1,Oral,400 mg/5 mL; 57 mg/5 mL,1075,Strides Vital Nigeria Ltd,2020-11-10,2025-11-09,Inactive,Powder for Oral Suspension,,"Each 5 mL reconstituted suspension contains: Amoxicillin Trihydrate USP equiv. to Amoxicillin 400 mg, Potassium Clavulanate USP equiv. to Clavulanic Acid 57 mg",,J01CR02,https://greenbook.nafdac.gov.ng/products/details/629,2026-09-27T21:50:58.439770+00:00
Greenbook NAFDAC,1664,630,Clavicin-XR Tablets**,1,Drugs,"{'id': 1, 'name': 'Drugs', 'created_at': '-000001-11-30T00:00:00.000000Z', 'updated_at': '2022-03-17T16:53:12.000000Z', 'deleted_at': None}",423,Amoxicillin (Amoxicillin Trihydrate); Clavulanic Acid (Potassium Clavulanate),,C4-1133,1,Tablet,1,Oral,1000 mg; 62.5 mg,1075,Strides Vital Nigeria Ltd,2020-11-10,2025-11-09,Inactive,"Film-coated, extended-release tablet",1 x 10&#039;s (in Alu-Alu blister),"Each tablet contains: Amoxicillin Trihydrate USP equiv. to Amoxicillin 1000 mg, Potassium Clavulanate USP equiv. to Clavulanic Acid 62.5 mg",,J01CR02,https://greenbook.nafdac.gov.ng/products/details/630,2026-09-27T21:50:58.439770+00:00
Greenbook NAFDAC,1665,7944,Clavopil 1000 Tablets**,1,Drugs,"{'id': 1, 'name': 'Drugs', 'created_at': '-000001-11-30T00:00:00.000000Z', 'updated_at': '2022-03-17T16:53:12.000000Z', 'deleted_at': None}",423,Amoxicillin (Amoxicillin Trihydrate); Clavulanic Acid (Potassium Clavulanate),,C4-1599,108,Caplet,1,Oral,875 mg; 125 mg,1009,Appealing Healthcare &amp; Pharmacy Ltd,2021-02-25,2026-02-24,Inactive,"White coloured, caplet shaped, biconvex, film-coated tablet having plain surface on both sides",2 x 7&#039;s (in Alu-Alu blisters),"Each caplet contains: Amoxicillin USP (as Trihydrate) equiv. to Amoxicillin 875 mg, Clavulanate Potassium USP equiv. to Clavulanic Acid 125 mg",https://admin.greenbook.nafdac.gov.ng/uploadImage/smpc_files/2024/07/24/20240724955c83f0-52b2-5244-b73d-bca7b7ed7142.pdf,J01CR02,https://greenbook.nafdac.gov.ng/products/details/7944,2026-09-27T21:50:58.439770+00:00
Greenbook NAFDAC,1666,3045,Clavopil 625 Tablets**,1,Drugs,"{'id': 1, 'name': 'Drugs', 'created_at': '-000001-11-30T00:00:00.000000Z', 'updated_at': '2022-03-17T16:53:12.000000Z', 'deleted_at': None}",423,Amoxicillin (Amoxicillin Trihydrate); Clavulanic Acid (Potassium Clavulanate),,C4-1501,1,Tablet,1,Oral,500 mg; 125 mg,1009,Appealing Healthcare &amp; Pharmacy Ltd,2020-12-21,2025-12-20,Inactive,"Film-coated tablet.
White coloured, elongated shaped, biconvex, film-coated tablet having plain surface on both sides",2 x 7&#039;s (in Alu-Alu blisters),"Amoxicillin and Clavulanate Potassium Tablets USP 625 mg.
Each tablet contains: Amoxicillin USP (as Trihydrate) equiv. to Amoxicillin 500 mg, Clavulanate Potassium USP equiv. to Clavulanic Acid 125 mg

List of Excipients:
Microcrystalline Cellulose, Sodium Starch Glycolate, Croscarmellose Sodium, Dibasic Calcium Phosphate (Anhydrous), Magnesium Stearate, Coating Premix White, Ethyl Cellulose, Diethyl phthalate, Isopropyl alcohol, Dichloromethane",https://admin.greenbook.nafdac.gov.ng/uploadImage/smpc_files/2024/09/12/20240912612eae52-1b38-5f03-9136-2683013c5e69.pdf,J01CR02,https://greenbook.nafdac.gov.ng/products/details/3045,2026-09-27T21:50:58.439770+00:00
Greenbook NAFDAC,1667,7945,Clavopil Powder for Oral Suspension**,1,Drugs,"{'id': 1, 'name': 'Drugs', 'created_at': '-000001-11-30T00:00:00.000000Z', 'updated_at': '2022-03-17T16:53:12.000000Z', 'deleted_at': None}",423,Amoxicillin (Amoxicillin Trihydrate); Clavulanic Acid (Potassium Clavulanate),,C4-1600,72,Powder for suspension,1,Oral,200 mg/5 mL; 28.5 mg/5 mL,1009,Appealing Healthcare &amp; Pharmacy Ltd,2021-02-25,2026-02-24,Inactive,"Powder For Oral Suspension (Dry Syrup).
A white to creamish granular powder filled in 70-mL HDPE plastic bottle, after reconstitution with water it gives creamish colored homogenous suspension with strawberry flavour",1 x 70 mL (in HDPE plastic bottle),"After reconstitution, each 5 mL contains: Amoxicillin USP (as Trihydrate) equiv. to Amoxicillin 200 mg, Clavulanate Potassium USP equiv. to Clavulanic Acid 28.5 mg",https://admin.greenbook.nafdac.gov.ng/uploadImage/smpc_files/2024/07/24/2024072435d09db0-679f-5b37-a473-266c02d6e698.pdf,J01CR02,https://greenbook.nafdac.gov.ng/products/details/7945,2026-09-27T21:50:58.439770+00:00
Greenbook NAFDAC,1668,691,Clavulin 1G Tablets**,1,Drugs,"{'id': 1, 'name': 'Drugs', 'created_at': '-000001-11-30T00:00:00.000000Z', 'updated_at': '2022-03-17T16:53:12.000000Z', 'deleted_at': None}",423,Amoxicillin (Amoxicillin Trihydrate); Clavulanic Acid (Potassium Clavulanate),,A4-2848,1,Tablet,1,Oral,875 mg; 125 mg,1082,Allen &amp; Hanbury&#039;s Pharmaceutical Nigeria Limited,2020-11-10,2025-11-09,Inactive,"Film-coated tablet.
A white to off-white capsule-shaped film-coated tablet, debossed with ‘AC’ on both sides and a score line on one side",,"Each tablet contains: Amoxicillin (as amoxicillin trihydrate) 875 mg, and Clavulanic acid (as potassium clavulanate) 125 mg",https://admin.greenbook.nafdac.gov.ng/uploadImage/smpc_files/2024/09/13/20240913bd9bca89-fd37-5981-8cfd-d7f24f29a3cc.pdf,J01CR02,https://greenbook.nafdac.gov.ng/products/details/691,2026-09-27T21:50:58.439770+00:00
Greenbook NAFDAC,1669,4323,Clavulin 625 mg Tablets**,1,Drugs,"{'id': 1, 'name': 'Drugs', 'created_at': '-000001-11-30T00:00:00.000000Z', 'updated_at': '2022-03-17T16:53:12.000000Z', 'deleted_at': None}",423,Amoxicillin (Amoxicillin Trihydrate); Clavulanic Acid (Potassium Clavulanate),,A4-3477,1,Tablet,1,Oral,500 mg; 125 mg,1082,Allen &amp; Hanbury&#039;s Pharmaceutical Nigeria Limited,2021-05-28,2026-05-27,Inactive,"Film-coated tablet.
A white to off-white oval-shaped film-coated tablet, debossed with ‘AC’ and a score line on one side and plain on the other side",,"Each tablet contains: Amoxicillin (as Amoxicillin Trihydrate BP) 500 mg, Potassium Clavulanate (as Potassium Clavulanate Diluted BP) 125 mg

Excipients:
Colloidal Silica, Magnesium Stearate, Sodium Starch Glycollate, Cellulose Microcrystalline, Methocel E Coat, Polyethylene Glycol Coat, Titanium Dioxide Coat, Methocel E Coat, Silicone Oil Coat, Polyethylene Glycol Coat, Water Purified Coat - Nd",https://admin.greenbook.nafdac.gov.ng/uploadImage/smpc_files/2024/09/13/20240913d658db3c-1796-5f40-90a5-7eb7ba4cf196.pdf,J01CR02,https://greenbook.nafdac.gov.ng/products/details/4323,2026-09-27T21:50:58.439770+00:00
Greenbook NAFDAC,1670,3024,Clavulin Powder for Oral Suspension**,1,Drugs,"{'id': 1, 'name': 'Drugs', 'created_at': '-000001-11-30T00:00:00.000000Z', 'updated_at': '2022-03-17T16:53:12.000000Z', 'deleted_at': None}",423,Amoxicillin (Amoxicillin Trihydrate); Clavulanic Acid (Potassium Clavulanate),,A4-3022,72,Powder for suspension,1,Oral,200 mg/5 mL; 28.5 mg/5 mL,1082,Allen &amp; Hanbury&#039;s Pharmaceutical Nigeria Limited,2021-05-28,2026-05-27,Inactive,"Powder for Oral Suspension.
A white to off-white dry powder for reconstitution in water to form an off-white mixed fruit flavoured suspension",,"Each 5 mL reconstituted suspension contains: Amoxicillin Trihydrate equiv. to Amoxicillin 200 mg, Potassium Clavulanate equiv. to Clavulanic Acid 28.5 mg",https://admin.greenbook.nafdac.gov.ng/uploadImage/smpc_files/2024/09/13/202409137aaf068b-385f-539f-981d-35b2c830759b.pdf,J01CR02,https://greenbook.nafdac.gov.ng/products/details/3024,2026-09-27T21:50:58.439770+00:00
Greenbook NAFDAC,1671,3046,Clavulist 1000 Tablet**,1,Drugs,"{'id': 1, 'name': 'Drugs', 'created_at': '-000001-11-30T00:00:00.000000Z', 'updated_at': '2022-03-17T16:53:12.000000Z', 'deleted_at': None}",423,Amoxicillin (Amoxicillin Trihydrate); Clavulanic Acid (Potassium Clavulanate),,B4-6023,1,Tablet,1,Oral,875 mg; 125 mg,374,Aquatix Pharmaceuticals Limited,2021-03-29,2026-03-28,Inactive,Film-coated tablet,,"Each tablet contains: Amoxicillin Trihydrate USP equiv. to Amoxicillin 875 mg, Diluted Potassium Clavulanate BP equiv. to Clavulanic Acid 125 mg",https://admin.greenbook.nafdac.gov.ng/uploadImage/smpc_files/2025/04/08/20250408104e874d-1443-5b70-b143-6825ed9cf315.pdf,J01CR02,https://greenbook.nafdac.gov.ng/products/details/3046,2026-09-27T21:50:58.439770+00:00
Greenbook NAFDAC,1672,4325,Clavulist 457**,1,Drugs,"{'id': 1, 'name': 'Drugs', 'created_at': '-000001-11-30T00:00:00.000000Z', 'updated_at': '2022-03-17T16:53:12.000000Z', 'deleted_at': None}",423,Amoxicillin (Amoxicillin Trihydrate); Clavulanic Acid (Potassium Clavulanate),,B4-6024,72,Powder for suspension,1,Oral,400 mg/5 mL; 57 mg/5 mL,374,Aquatix Pharmaceuticals Limited,2021-03-29,2026-03-28,Inactive,Powder for Oral Suspension,,"Each 5 mL reconstituted suspension contains: Amoxicillin (as Amoxicillin Trihydrate) 400 mg, Potassium Clavulanate (as Potassium Clavulanate) 57 mg",https://admin.greenbook.nafdac.gov.ng/uploadImage/smpc_files/2025/04/08/2025040825ee4096-d288-52c5-af3f-132624490f45.pdf,J01CR02,https://greenbook.nafdac.gov.ng/products/details/4325,2026-09-27T21:50:58.439770+00:00
Greenbook NAFDAC,1673,4324,Clavulist 625**,1,Drugs,"{'id': 1, 'name': 'Drugs', 'created_at': '-000001-11-30T00:00:00.000000Z', 'updated_at': '2022-03-17T16:53:12.000000Z', 'deleted_at': None}",423,Amoxicillin (Amoxicillin Trihydrate); Clavulanic Acid (Potassium Clavulanate),,B4-6022,1,Tablet,1,Oral,500 mg; 125 mg,374,Aquatix Pharmaceuticals Limited,2021-03-29,2026-03-28,Inactive,Tablet,,"Each tablet contains: Amoxicillin (as Amoxicillin Trihydrate BP) 500 mg, Potassium Clavulanate (as Potassium Clavulanate Diluted BP) 125 mg",https://admin.greenbook.nafdac.gov.ng/uploadImage/smpc_files/2025/04/08/20250408b79d695c-3900-508c-a622-fa047aec82dd.pdf,J01CR02,https://greenbook.nafdac.gov.ng/products/details/4324,2026-09-27T21:50:58.439770+00:00
Greenbook NAFDAC,1674,4326,Clavumetin 228.5 Powder for Oral Suspension**,1,Drugs,"{'id': 1, 'name': 'Drugs', 'created_at': '-000001-11-30T00:00:00.000000Z', 'updated_at': '2022-03-17T16:53:12.000000Z', 'deleted_at': None}",423,Amoxicillin (Amoxicillin Trihydrate); Clavulanic Acid (Potassium Clavulanate),,A4-8260,72,Powder for suspension,1,Oral,200 mg/5 mL; 28.5 mg/5 mL,641,Franphino Pharmaceuticals Nigeria Limited,2020-11-30,2025-11-29,Inactive,Powder for Oral Suspension,,"Each 5 mL reconstituted suspension contains: Amoxicillin (as Amoxicillin Trihydrate BP) 200 mg, Potassium Clavulanate (as Potassium Clavulanate Diluted BP) 28.5 mg",,J01CR02,https://greenbook.nafdac.gov.ng/products/details/4326,2026-09-27T21:50:58.439770+00:00
Greenbook NAFDAC,1675,4330,Clavumetin 625 Tablets**,1,Drugs,"{'id': 1, 'name': 'Drugs', 'created_at': '-000001-11-30T00:00:00.000000Z', 'updated_at': '2022-03-17T16:53:12.000000Z', 'deleted_at': None}",423,Amoxicillin (Amoxicillin Trihydrate); Clavulanic Acid (Potassium Clavulanate),,A4-7938,1,Tablet,1,Oral,500 mg; 125 mg,641,Franphino Pharmaceuticals Nigeria Limited,2020-11-30,2025-11-29,Inactive,Tablet,,"Each tablet contains: Amoxicillin (as Amoxicillin Trihydrate BP) 500 mg, Potassium Clavulanate (as Potassium Clavulanate Diluted BP) 125 mg",,J01CR02,https://greenbook.nafdac.gov.ng/products/details/4330,2026-09-27T21:50:58.439770+00:00
Greenbook NAFDAC,1676,7971,Clavurem 375 Tablets**,1,Drugs,"{'id': 1, 'name': 'Drugs', 'created_at': '-000001-11-30T00:00:00.000000Z', 'updated_at': '2022-03-17T16:53:12.000000Z', 'deleted_at': None}",423,Amoxicillin (Amoxicillin Trihydrate); Clavulanic Acid (Potassium Clavulanate),,B4-1446,1,Tablet,1,Oral,250 mg; 125 mg,451,Dony-Triumph and Company Nigeria Limited,2021-03-29,2026-03-28,Inactive,Tablet,1 x 20&#039;s,"Each tablet contains: Amoxicillin (as Amoxicillin Trihydrate BP) 250 mg, Clavulanic Acid (as Potassium Clavulanate) 125 mg",,,https://greenbook.nafdac.gov.ng/products/details/7971,2026-09-27T21:50:58.439770+00:00
Greenbook NAFDAC,1677,7972,Clavurem 625 Tablets**,1,Drugs,"{'id': 1, 'name': 'Drugs', 'created_at': '-000001-11-30T00:00:00.000000Z', 'updated_at': '2022-03-17T16:53:12.000000Z', 'deleted_at': None}",423,Amoxicillin (Amoxicillin Trihydrate); Clavulanic Acid (Potassium Clavulanate),,B4-1730,1,Tablet,1,Oral,500 mg; 125 mg,451,Dony-Triumph and Company Nigeria Limited,2021-03-29,2026-03-28,Inactive,Tablet,1 x 20&#039;s,"Each tablet contains: Amoxicillin (as Amoxicillin Trihydrate BP) 500 mg, Clavulanic Acid (as Potassium Clavulanate Diluted BP) 125 mg",,,https://greenbook.nafdac.gov.ng/products/details/7972,2026-09-27T21:50:58.439770+00:00
Greenbook NAFDAC,1678,4804,Clearcold Tablet##,1,Drugs,"{'id': 1, 'name': 'Drugs', 'created_at': '-000001-11-30T00:00:00.000000Z', 'updated_at': '2022-03-17T16:53:12.000000Z', 'deleted_at': None}",1024,Paracetamol; Caffeine; Phenylephrine; Chlorphenamine,,A11-100542,1,Tablet,1,Oral,500 mg; 30 mg; 2.5 mg; 2 mg,689,MarleyShree Pharmaceutical Company Nigeria Limited,2023-07-06,2028-07-05,Active,"Uncoated Tablet

8	NF-PP-332540	CLEARCOLD TABLET	PARACETAMOL 500MG, CAFFEINE 30MG, CHLORPHENIRAMINE MALEATE 2MG AND PHENYLEPHRINE 2.5MG	EACH UNCOATED TABLET CONTAINS PARACETAMOL BP 500MG, CAFFEINE ANHYDROUS BP 30MG AND CHLORPHENIRAMINE MALEATE BP 2MG		Drugs	NERVOUS SYSTEM	Nigerian Products	1X10	OTC	6/10/2023	MARLEYSHREE PHARMACEUTICAL COMPANY NIGERIA LIMITED, 83 ZUNGERU RD NOMANSLAND	8063803298	stevemarley2019@yahoo.com	MARLEYSHREE PHARMACEUTICAL NIGERIA LIMITED, 83, ZUNGERU ROAD, KANO. KANO STATE, Nigeria",1 x 10&#039;s (in PVC-Alu blister),"Each uncoated tablet contains: Paracetamol BP 500 mg, Caffeine Anhydrous BP 30 mg and Chlorpheniramine Maleate BP 2 mg
Excipients q.s.",https://admin.greenbook.nafdac.gov.ng/uploadImage/smpc_files/2023/09/18/20230918edeaf549-b795-5d03-a5e9-e9c323703270.pdf,N02BE51,https://greenbook.nafdac.gov.ng/products/details/4804,2026-09-27T21:50:58.439770+00:00
Greenbook NAFDAC,1679,7150,Cleargee Cream##,1,Drugs,"{'id': 1, 'name': 'Drugs', 'created_at': '-000001-11-30T00:00:00.000000Z', 'updated_at': '2022-03-17T16:53:12.000000Z', 'deleted_at': None}",812,Betamethasone dipropionate,,A4-100761,4,Cream,21,Topical,0.05%,715,Suitelife Pharmaceuticals Ltd,2024-02-28,2029-02-27,Active,"Cream
A smooth white cream

22	NF-PP-369788	CLEARGEE CREAM	BETAMETHASONE DIPROPIONATE USP 0.05% W/W	EACH 30G TUBE CONTAINS BETAMETHASONE DIPROPIONATE USP EQ TO BETAMETHASONE 0.05% W/W EXCIPIENTS CREAM BASE	A4-100761	Drugs	Imported Products	1X30G	POM 1	9/28/2023	SUITELIFE PHARMACEUTICALS LTD, 4 ayo davis close off ekolonu street, surulere, lagos	8129419809	suitelifepharma@yahoo.com	SYSTOCHEM LABORATORIES LTD, B-75, ROOP NAGAR, INDL. AREA, LONI-201 102. INDIA, India",1 x 30 g (in Lami tube),"Each 30 g tube contains: Betamethasone Dipropionate USP equivalent  to Betamethasone 0.05% w/w
Excipients: Cetostearyl Alcohol, CM 1000, Propyl Glycol, Plain,LLP",https://admin.greenbook.nafdac.gov.ng/uploadImage/smpc_files/2024/03/23/20240323a3fa8763-76d4-525f-b150-40313f03d453.pdf,D07AC01,https://greenbook.nafdac.gov.ng/products/details/7150,2026-09-27T21:50:58.439770+00:00
Greenbook NAFDAC,1680,11453,Clearmal Tablets 80 mg/480 mg_,1,Drugs,"{'id': 1, 'name': 'Drugs', 'created_at': '-000001-11-30T00:00:00.000000Z', 'updated_at': '2022-03-17T16:53:12.000000Z', 'deleted_at': None}",528,Artemether; Lumefantrine,,A4-101426,1,Tablet,1,Oral,80 mg; 480 mg,1692,HEALTH HUB PHARMACY &amp; STORE LTD,2025-07-30,2030-07-29,Active,"Tablet.
",1 x 6&#039;s (in PVC-Alu blister),"Each tablet contains: Artemether 80 mg, and Lumefantrine 480 mg
Excipients q.s.",https://admin.greenbook.nafdac.gov.ng/uploadImage/smpc_files/2025/08/21/202508216abe6a52-d5f0-5640-b9d4-3a1e0fc87709.pdf,P01BF01,https://greenbook.nafdac.gov.ng/products/details/11453,2026-09-27T21:50:58.439770+00:00
Greenbook NAFDAC,1681,6520,Cledibact 500 mg Tablet##,1,Drugs,"{'id': 1, 'name': 'Drugs', 'created_at': '-000001-11-30T00:00:00.000000Z', 'updated_at': '2022-03-17T16:53:12.000000Z', 'deleted_at': None}",464,Levofloxacin (Levofloxacin Hemihydrate),,A4-7750,1,Tablet,1,Oral,500 mg,272,Pinnacle Health Pharmaceutical &amp; Stores Ltd,2023-11-30,2028-11-29,Active,"Tablet
White colored, caplet shaped, film coated tablet with a break line on one side of the tablet

49	RNW-PP-240979	CLEDIBACT 500MG TABLET	LEVOFLOXACIN 500MG	LIST OF EXCIPIENTS. Microcrystalline cellulose (plain) BP Maize Starch BP. Sosium lauryl sulphate BP. Lactose BP. PVP K30(Providone) BP. Purified water BP. Sodium Starch Glycolate BP. Magnesium Stearate BP. Talcum BP. Colloidal Silicon Dioxide(Light)BP. Croscarmellose Sodium (Vivasole)BP. Titanium Dioxide BP. H.P.M.C.E 15 BP. Iso Propyl Alcohol BP. Methylene Chloride DCM BP. PFG 6000 BP.	A4-7750	Drugs	Imported Products	1X10	Prescription Only Medicine (POM)	2/1/2022	PINNACLE HEALTH PHARMACEUTICAL &amp; STORES LTD, 16/18, Nuru Oniwo Street, Aguda, Surulere, Lagos	8034707350	phppharma@yahoo.com	GLOBELA PHARMA PVT. LTD., 357,G.I.D.C,SACHIN, DIST. SURAT-394230. GUJARAT STATE, INDIA, India",1 x 10&#039;s (in Alu-Alu blister),"Each film coated tablet contains: Levofloxacin Hemihydrate equivalent to Levofloxacin 500 mg
Excipients q.s.",https://admin.greenbook.nafdac.gov.ng/uploadImage/smpc_files/2023/12/17/20231217ade36102-59d2-5196-8978-2a3efd758016.pdf,J01MA12,https://greenbook.nafdac.gov.ng/products/details/6520,2026-09-27T21:50:58.439770+00:00
Greenbook NAFDAC,1682,11454,Cleepain Tablets_,1,Drugs,"{'id': 1, 'name': 'Drugs', 'created_at': '-000001-11-30T00:00:00.000000Z', 'updated_at': '2022-03-17T16:53:12.000000Z', 'deleted_at': None}",49,Paracetamol; Diphenhydramine HCl,,A11-0373,1,Tablet,1,Oral,500 mg; 25 mg,59,Bond Chemical Industries Limited,2025-07-30,2030-07-29,Active,"Tablet.
Each caplet is white 16 x 9 mm bi-concave shape and plain on sides. A white and orange inner carton containing 2 blister packs of 10 caplets each",2 x 10&#039;s (in PVC-Alu blisters),"Each tablet contains: Paracetamol 500 mg, and Diphenhydramine Hydrochloride BP 25 mg
Excipients q.s.",https://admin.greenbook.nafdac.gov.ng/uploadImage/smpc_files/2025/09/08/20250908f82ae483-e24e-529f-b25b-87e08eb71624.pdf,N02BE51,https://greenbook.nafdac.gov.ng/products/details/11454,2026-09-27T21:50:58.439770+00:00
Greenbook NAFDAC,1683,4331,Clemarine Plus Tablets##,1,Drugs,"{'id': 1, 'name': 'Drugs', 'created_at': '-000001-11-30T00:00:00.000000Z', 'updated_at': '2022-03-17T16:53:12.000000Z', 'deleted_at': None}",676,Clindamycin; Miconazole,,A4-6467,97,Vaginal tablet,24,Vaginal,100 mg; 100 mg,234,Nancil Nigeria Limited,2020-11-10,2025-11-09,Inactive,Vaginal Tablet,,"Each vaginal tablet contains: Clindamycin 100 mg, Miconazole Nitrate 100 mg",,Pending,https://greenbook.nafdac.gov.ng/products/details/4331,2026-09-27T21:50:58.439770+00:00
Greenbook NAFDAC,1684,11337,Clerin 40 mg/0.4 mL**,1,Drugs,"{'id': 1, 'name': 'Drugs', 'created_at': '-000001-11-30T00:00:00.000000Z', 'updated_at': '2022-03-17T16:53:12.000000Z', 'deleted_at': None}",1786,Enoxaparin Sodium,,A4-101335,107,Solution for injection,19,Subcutaneous,40 mg/0.4 mL,218,Malven Medics International Company Ltd,2025-05-27,2030-05-26,Active,Solution for injection in pre-filled syringe (injection),0.4 mL x 1&#039;s (in glass pre-filled syringe),"Enoxaparin Sodium Injection USP 40 mg/0.4 mL.
Each 0.4 mL of pre-filled syringe contains: Enoxaparin Sodium USP 40 mg, Water for Injections BP q.s.",https://admin.greenbook.nafdac.gov.ng/uploadImage/smpc_files/2025/06/24/20250624ac8fcb16-5828-5856-ab8c-be5259f8a7f1.pdf,B01AB05,https://greenbook.nafdac.gov.ng/products/details/11337,2026-09-27T21:50:58.439770+00:00
Greenbook NAFDAC,1685,8309,Clexane Injectable Solution 2000 IU**,1,Drugs,"{'id': 1, 'name': 'Drugs', 'created_at': '-000001-11-30T00:00:00.000000Z', 'updated_at': '2022-03-17T16:53:12.000000Z', 'deleted_at': None}",333,Enoxaparin,,A6-0462,107,Solution for injection,41,Intravenous; Subcutaneous,20 mg/0.2 mL,1058,Sanofi-Aventis Nigeria Limited,2023-02-23,2028-02-22,Active,"Sterile pyrogen-free solution for injections.
Contained in ready-to-use pre-filled syringes with safety device",0.2 mL x 2&#039;s (in Pre-Filled Syringes),"Clexane 2000 IU ANTI-Xa/0.2 mL
Each 0.2 mL pre-filled syringe of Clexane 2000IU contains 2000 IU anti-Xa, equivalent to 20 mg of Enoxaparin sodium

Excipient: Water for injection",https://admin.greenbook.nafdac.gov.ng/uploadImage/smpc_files/2024/10/19/202410198b7d9763-db01-50f0-8856-9010b7f3909d.pdf,B01AB05,https://greenbook.nafdac.gov.ng/products/details/8309,2026-09-27T21:50:58.439770+00:00
Greenbook NAFDAC,1686,7046,Clexane Injectable Solution 6000 IU**,1,Drugs,"{'id': 1, 'name': 'Drugs', 'created_at': '-000001-11-30T00:00:00.000000Z', 'updated_at': '2022-03-17T16:53:12.000000Z', 'deleted_at': None}",1786,Enoxaparin Sodium,,A6-0463,107,Solution for injection,41,Intravenous; Subcutaneous,60 mg/0.6 mL,1058,Sanofi-Aventis Nigeria Limited,2023-02-26,2028-02-25,Active,"Sterile pyrogen-free solution for injections.
Contained in ready-to-use pre-filled syringes with safety device",0.6 mL x 2’s (in Pre-Filled Syringes),"Clexane 6000 IU ANTI-Xa/0.6 mL.
Each 0.6 mL pre-filled syringe contains 6000 IU anti-Xa, equivalent to 60 mg of Enoxaparin sodium

Excipient: Water for injection",https://admin.greenbook.nafdac.gov.ng/uploadImage/smpc_files/2024/10/19/20241019ab2dd335-1040-5683-b353-7479b78cfe75.pdf,B01AB05,https://greenbook.nafdac.gov.ng/products/details/7046,2026-09-27T21:50:58.439770+00:00
Greenbook NAFDAC,1687,8310,Clexane Injectable Solution 8000 IU**,1,Drugs,"{'id': 1, 'name': 'Drugs', 'created_at': '-000001-11-30T00:00:00.000000Z', 'updated_at': '2022-03-17T16:53:12.000000Z', 'deleted_at': None}",333,Enoxaparin,,A6-0464,107,Solution for injection,41,Intravenous; Subcutaneous,80 mg/0.8 mL,1058,Sanofi-Aventis Nigeria Limited,2023-02-23,2028-02-22,Active,"Sterile pyrogen-free solution for injections.
Contained in ready-to-use pre-filled syringes with safety device",0.8 mL x 2&#039;s (in Pre-Filled Syringes),"Clexane 8 000 IU ANTI-Xa/0.8 mL.
Each 0.8 mL pre-filled syringe of Clexane 8000 IU contains 8000 IU anti-Xa, equivalent to 80 mg of Enoxaparin sodium.

Excipient: Water for injection",https://admin.greenbook.nafdac.gov.ng/uploadImage/smpc_files/2024/10/19/20241019333ff0cd-6e3c-53b9-878d-b6d3bcfe6dc1.pdf,B01AB05,https://greenbook.nafdac.gov.ng/products/details/8310,2026-09-27T21:50:58.439770+00:00
Greenbook NAFDAC,1688,2770,Climax Ibuprofen Tablet##,1,Drugs,"{'id': 1, 'name': 'Drugs', 'created_at': '-000001-11-30T00:00:00.000000Z', 'updated_at': '2022-03-17T16:53:12.000000Z', 'deleted_at': None}",57,Ibuprofen,,B4-0899,1,Tablet,1,Oral,400 mg,625,Climax Pharmaceutical Chemist Limited,2020-12-21,2025-12-20,Inactive,Tablet,,"Each tablet contains: Ibuprofen 400 mg
",,M01AE01,https://greenbook.nafdac.gov.ng/products/details/2770,2026-09-27T21:50:58.439770+00:00
Greenbook NAFDAC,1689,3585,Climax Loperamide Capsules##,1,Drugs,"{'id': 1, 'name': 'Drugs', 'created_at': '-000001-11-30T00:00:00.000000Z', 'updated_at': '2022-03-17T16:53:12.000000Z', 'deleted_at': None}",195,Loperamide Hydrochloride,,B4-0166,2,Capsule,1,Oral,2 mg,625,Climax Pharmaceutical Chemist Limited,2020-12-21,2025-12-20,Inactive,Capsule,,Each capsule contains: Loperamide Hydrochloride 2 mg,,A07DA03,https://greenbook.nafdac.gov.ng/products/details/3585,2026-09-27T21:50:58.439770+00:00
Greenbook NAFDAC,1690,2761,Climax Salbutamol Tablet##,1,Drugs,"{'id': 1, 'name': 'Drugs', 'created_at': '-000001-11-30T00:00:00.000000Z', 'updated_at': '2022-03-17T16:53:12.000000Z', 'deleted_at': None}",385,Salbutamol (Salbutamol Sulfate),,A4-6916,1,Tablet,1,Oral,4 mg,625,Climax Pharmaceutical Chemist Limited,2020-12-21,2025-12-20,Inactive,Tablet,,Each tablet contains: Salbutamol (as Salbutamol Sulfate) 4 mg,,R03CC02,https://greenbook.nafdac.gov.ng/products/details/2761,2026-09-27T21:50:58.439770+00:00
Greenbook NAFDAC,1691,7151,Climeta Artemether 20 mg and Lumefantrine 120 mg Tablets**,1,Drugs,"{'id': 1, 'name': 'Drugs', 'created_at': '-000001-11-30T00:00:00.000000Z', 'updated_at': '2022-03-17T16:53:12.000000Z', 'deleted_at': None}",528,Artemether; Lumefantrine,,A4-6683,1,Tablet,1,Oral,20 mg; 120 mg,625,Climax Pharmaceutical Chemist Limited,2024-02-28,2029-02-27,Active,"Tablet.
Yellow coloured, circular, flat, bevelled edged, uncoated tablets plain surface on both the sides",3 x 8&#039;s (in Aluminium/PVC/PE/PVDC blisters),"Artemether 20 mg + Lumefantrine 120 mg Tablets.
Each tablet contains: Artemether 20mg, Lumefantrine 120 mg",https://admin.greenbook.nafdac.gov.ng/uploadImage/smpc_files/2024/03/26/20240326a728a9ab-c766-5e10-ab1e-6b61cfd4d996.pdf,P01BF01,https://greenbook.nafdac.gov.ng/products/details/7151,2026-09-27T21:50:58.439770+00:00
Greenbook NAFDAC,1692,7152,Climeta Tablets 80/480**,1,Drugs,"{'id': 1, 'name': 'Drugs', 'created_at': '-000001-11-30T00:00:00.000000Z', 'updated_at': '2022-03-17T16:53:12.000000Z', 'deleted_at': None}",528,Artemether; Lumefantrine,,A4-6682,1,Tablet,1,Oral,80 mg; 480 mg,625,Climax Pharmaceutical Chemist Limited,2024-02-28,2029-02-27,Active,Tablet,1 x 6&#039;s (in Aluminium/PVC/PE/PVDC blister),"Artemether 80 mg + Lumefantrine 480 mg Tablets.
Each tablet contains: Artemether 80 mg, Lumefantrine 480 mg",https://admin.greenbook.nafdac.gov.ng/uploadImage/smpc_files/2024/03/26/2024032671f3192d-d03a-56d1-a6f8-d356f2f09cc0.pdf,P01BF01,https://greenbook.nafdac.gov.ng/products/details/7152,2026-09-27T21:50:58.439770+00:00
Greenbook NAFDAC,1693,507,Climox 500 mg**,1,Drugs,"{'id': 1, 'name': 'Drugs', 'created_at': '-000001-11-30T00:00:00.000000Z', 'updated_at': '2022-03-17T16:53:12.000000Z', 'deleted_at': None}",1546,Amoxicillin (Amoxicillin Trihydrate),Amoxycillin,04-3915,2,Capsule,1,Oral,500 mg,625,Climax Pharmaceutical Chemist Limited,2021-05-28,2026-05-27,Inactive,"Hard Capsules.
White to off-white granular powder filled in hard gelatine capsule shells size &#039;0&#039;. Scarlet colour cap, buff colour body printed with &#039;AMOXY&#039; on cap and &#039;500&#039; on body",,"Amoxicillin 500 mg Capsules.
Each capsule contains: Amoxicillin trihydrate equivalent to 500mg Amoxycillin",https://admin.greenbook.nafdac.gov.ng/uploadImage/smpc_files/2023/05/28/20230528156a4cd7-5f44-5cc1-b3cc-c3131b3e59f6.pdf,J01CA04,https://greenbook.nafdac.gov.ng/products/details/507,2026-09-27T21:50:58.439770+00:00
Greenbook NAFDAC,1694,6521,Climpiclox Drop##,1,Drugs,"{'id': 1, 'name': 'Drugs', 'created_at': '-000001-11-30T00:00:00.000000Z', 'updated_at': '2022-03-17T16:53:12.000000Z', 'deleted_at': None}",425,Ampicillin (Ampicillin Trihydrate); Cloxacillin (Cloxacillin Sodium),,04-3868,60,Drops,1,Oral,250 mg; 250 mg,625,Climax Pharmaceutical Chemist Limited,2023-11-30,2028-11-29,Active,"Oral Suspension 

112	RNW-PP-117504	CLIMPICLOX DROP	AMPICILLIN/CLOXACILLIN	AMPICILLIN 250MG, CLOXACILLIN 250MG	Apr-68	Drugs	Imported Products	8ML	Prescription Only Medicine (POM)	1/27/2020	CLIMAX PHAMACEUTICAL CHEMIST LIMITED, , SARKIN YAKI ROAD KANO KANO	7037831095	climaxpharmltd@gmail.com	M/S MAXHEAL PHARMACEUTICALS ( INDIA) LTD,, 95/6, M.I.D.C, SATPUR, NASHIK NASHIK 422007 MAHARASHTRA STATE, INDIA, India",1 x 8 mL (in amber glass bottle),"Compiclox Drop contains: Ampicillin Trihydrate BP 60 mg, Cloxacillin Sodium BP 30 mg
Excipients q.s.",https://admin.greenbook.nafdac.gov.ng/uploadImage/smpc_files/2023/12/18/202312186654fd85-465b-512f-b391-c67072fa0198.pdf,J01CR01,https://greenbook.nafdac.gov.ng/products/details/6521,2026-09-27T21:50:58.439770+00:00
Greenbook NAFDAC,1695,11455,Clincap 150 Capsules_,1,Drugs,"{'id': 1, 'name': 'Drugs', 'created_at': '-000001-11-30T00:00:00.000000Z', 'updated_at': '2022-03-17T16:53:12.000000Z', 'deleted_at': None}",494,Clindamycin (Clindamycin Hydrochloride),,A4-2911,2,Capsule,1,Oral,150 mg,166,Embassy Pharmaceutical and Chemicals Limited,2025-07-30,2030-07-29,Active,"Capsule
",1 x 10&#039;s,"Each capsule contains: Clindamycin Hydrochloride USP equiv. to Clindamycin 150 mg
Excipients q.s.",https://admin.greenbook.nafdac.gov.ng/uploadImage/smpc_files/2025/08/22/202508226d724a2b-d79a-5215-ba64-49e6c943a3e2.pdf,J01FF01,https://greenbook.nafdac.gov.ng/products/details/11455,2026-09-27T21:50:58.439770+00:00
Greenbook NAFDAC,1696,4332,Clincap Gel##,1,Drugs,"{'id': 1, 'name': 'Drugs', 'created_at': '-000001-11-30T00:00:00.000000Z', 'updated_at': '2022-03-17T16:53:12.000000Z', 'deleted_at': None}",886,Clindamycin phosphate,,A4-4032,29,Gel,21,Topical,1%,166,Embassy Pharmaceutical and Chemicals Limited,2020-12-21,2025-12-20,Inactive,Gel,,Clincap Gel contains: Clindamycin Phosphate 1.0% w/w,,D10AF01,https://greenbook.nafdac.gov.ng/products/details/4332,2026-09-27T21:50:58.439770+00:00
Greenbook NAFDAC,1697,4480,Clinda GPO Capsules 300 mg##,1,Drugs,"{'id': 1, 'name': 'Drugs', 'created_at': '-000001-11-30T00:00:00.000000Z', 'updated_at': '2022-03-17T16:53:12.000000Z', 'deleted_at': None}",494,Clindamycin (Clindamycin Hydrochloride),,A4-5966,2,Capsule,1,Oral,300 mg,145,Chez Resources Pharmaceutical Limited,2022-10-22,2027-10-21,Active,"Capsule
An opaque, maroon/lavender, hard capsule No. 1 filled with white powder and imprinted with “GPO” on marron cap and “300” on lavender body with white ink

Clinda Gpo Capsules	A4-5966	Clinda	CLINDAMYCIN HYDROCHLORIDE BP EQ. TO CLINDAMYCIN 300MG 	DRUG	ANTIBIOTIC	CLINDAMYCIN HYDROCHLORIDE BP EQ. TO CLINDAMYCIN 300MG 	CAPSULES	10 X 10	PRESCRIPTION ONLY MEDICINE	TREATMENT OF  INFECTION CAUSED BY SUSCEPTIBLE MICROORGANISM	CHEZ RESOURCES PHARM LTD	NIGERIA	THE GOVERNMENT PHARM. ORGANISATION	THAILAND	10/22/2022	21/10/2027
",10 x 10&#039;s,"Each capsule contains: Clindamycin Hydrochloride equivalent to Clindamycin 300 mg
Excipients q.s.
",https://admin.greenbook.nafdac.gov.ng/uploadImage/smpc_files/2023/05/26/20230526d9201083-c641-57fd-a45c-ae0886af90ce.pdf,J01FF01,https://greenbook.nafdac.gov.ng/products/details/4480,2026-09-27T21:50:58.439770+00:00
Greenbook NAFDAC,1698,4479,Clinda GPO Capsules##,1,Drugs,"{'id': 1, 'name': 'Drugs', 'created_at': '-000001-11-30T00:00:00.000000Z', 'updated_at': '2022-03-17T16:53:12.000000Z', 'deleted_at': None}",494,Clindamycin (Clindamycin Hydrochloride),,A4-5990,2,Capsule,1,Oral,150 mg,145,Chez Resources Pharmaceutical Limited,2022-10-22,2027-10-21,Active,"Capsule
An opaque, maroon/lavender, hard capsule No. 1 filled with white powder and imprinted with “GPO” on marron cap and “150” on lavender body with white ink

Clinda Gpo Capsules	A4-5990	Clinda	CLINDAMYCIN HYDROCHLORIDE BP EQ. TO CLINDAMYCIN 150MG 	DRUG	ANTIBIOTIC	CLINDAMYCIN HYDROCHLORIDE BP EQ. TO CLINDAMYCIN 150MG 	CAPSULES	10 X 10	PRESCRIPTION ONLY MEDICINE	TREATMENT OF  INFECTION CAUSED BY SUSCEPTIBLE MICROORGANISM	CHEZ RESOURCES PHARM LTD	NIGERIA	THE GOVERNMENT PHARM. ORGANISATION	THAILAND	10/22/2022	21/10/2027
",10 x 10&#039;s,"Each capsule contains: Clindamycin Hydrochloride equivalent to Clindamycin 150 mg
Excipients q.s.
",https://admin.greenbook.nafdac.gov.ng/uploadImage/smpc_files/2023/05/26/20230526965d9161-c42f-5782-8fa7-6bda63d45bac.pdf,J01FF01,https://greenbook.nafdac.gov.ng/products/details/4479,2026-09-27T21:50:58.439770+00:00
Greenbook NAFDAC,1699,7946,Clindamycin & Clotrimazole Vaginal Suppositories**,1,Drugs,"{'id': 1, 'name': 'Drugs', 'created_at': '-000001-11-30T00:00:00.000000Z', 'updated_at': '2022-03-17T16:53:12.000000Z', 'deleted_at': None}",675,Clindamycin (Clindamycin Phosphate); Clotrimazole,,C4-1603,89,Suppository,24,Vaginal,100 mg; 100 mg,37,Biomedicine Sckivs Pharmaceutical Nigeria Limited,2021-02-25,2026-02-24,Inactive,Vaginal suppository,1 x 7&#039;s,"Each vaginal suppository contains: Clindamycin Phosphate equiv. to Clindamycin 100 mg, Clotrimazole 100 mg",,,https://greenbook.nafdac.gov.ng/products/details/7946,2026-09-27T21:50:58.439770+00:00
Greenbook NAFDAC,1700,8603,Clindamycin Capsule**,1,Drugs,"{'id': 1, 'name': 'Drugs', 'created_at': '-000001-11-30T00:00:00.000000Z', 'updated_at': '2022-03-17T16:53:12.000000Z', 'deleted_at': None}",494,Clindamycin (Clindamycin Hydrochloride),,C4-1826,2,Capsule,1,Oral,500 mg,687,Morehope Pharma Limited,2021-08-26,2026-08-25,Inactive,Capsule,1 x 10&#039;s (in blister),Clindamycin 500 mg,,,https://greenbook.nafdac.gov.ng/products/details/8603,2026-09-27T21:50:58.439770+00:00
Greenbook NAFDAC,1701,8363,Clindamycin Capsules**,1,Drugs,"{'id': 1, 'name': 'Drugs', 'created_at': '-000001-11-30T00:00:00.000000Z', 'updated_at': '2022-03-17T16:53:12.000000Z', 'deleted_at': None}",494,Clindamycin (Clindamycin Hydrochloride),,C4-1764,2,Capsule,1,Oral,300 mg,1202,Tim Great Pharmaceutical Ventures Ltd,2021-08-03,2026-08-02,Inactive,Capsule,1 x 10&#039;s (in blister),Each capsule contains: Clindamycin HCl BP 300 mg,https://admin.greenbook.nafdac.gov.ng/uploadImage/smpc_files/2025/03/25/20250325407c64be-914a-5f5c-b09b-200e40731080.pdf,,https://greenbook.nafdac.gov.ng/products/details/8363,2026-09-27T21:50:58.439770+00:00
Greenbook NAFDAC,1702,7384,Clindamycin Phosphate Gel##,1,Drugs,"{'id': 1, 'name': 'Drugs', 'created_at': '-000001-11-30T00:00:00.000000Z', 'updated_at': '2022-03-17T16:53:12.000000Z', 'deleted_at': None}",886,Clindamycin phosphate,,A4-100591,4,Cream,21,Topical,1%,1238,KNOX PHARMACEUTICAL NIG LTD,2023-10-31,2028-10-30,Active,"Cream

84	NF-PP-355401	CLINDAMYCIN PHOSPHATE GEL	CLINDAMYCIN PHOSPHATE USP 1%	CLINDAMICIN PHOSPHATE USP 1%, Excipients: Cetostearyl Alcohol, Self-Emulsifying Glyceryl Monostearate, Cetomacrogol Emulsifying Wax, Silicone Oil, White Soft Paraffin, Light Liquid Paraffin, Methyl Paraben, Propyl Paraben, Propylene Glycol, Disodium Edetate, Sodium Acid Phosphate, Sodium Phosphate and Purified Water		Drugs	Imported Products	1X30G	Over The Counter (OTC)	8/28/2023	KNOX PHARMACEUTICAL NIG LTD, PLOT 22, GREEN ESTATE, OFF FESTAC LINK ROAD, AMUWO ODOFIN, LAGOS.	8149746846	knoxpharmacy91@gmail.com	M/S CLAROID PHARMACEUTICALS PVT. LTD., SURVEY NO. 217/P, OPP. GURUKUL ENGLISH MEDIUM SCHOOL KAMOD PIRANA ROAD, DASKROI, DIST. AHMEDABAD , India",1 x 30 g,"Each 30 g tube contains: Clindamycin Phosphate USP 1%
Excipients:  Excipients: Cetostearyl Alcohol, Self-Emulsifying Glyceryl Monostearate, Cetomacrogol Emulsifying Wax, Silicone Oil, White Soft Paraffin, Light Liquid Paraffin, Methyl Paraben, Propyl Paraben, Propylene Glycol, Disodium Edetate, Sodium Acid Phosphate, Sodium Phosphate and Purified Water",https://admin.greenbook.nafdac.gov.ng/uploadImage/smpc_files/2025/03/27/2025032763dbcc39-439b-5f15-a2f4-5bec07557e25.pdf,D10AF01,https://greenbook.nafdac.gov.ng/products/details/7384,2026-09-27T21:50:58.439770+00:00
Greenbook NAFDAC,1703,8109,Clindazole Vitamin B Complex Injection**,1,Drugs,"{'id': 1, 'name': 'Drugs', 'created_at': '-000001-11-30T00:00:00.000000Z', 'updated_at': '2022-03-17T16:53:12.000000Z', 'deleted_at': None}",1575,Vit B1; Vit B2; Vit B6; Nicotinamide,,A4-7826,107,Solution for injection,29,Intravenous; Intramuscular,see Composition,625,Climax Pharmaceutical Chemist Limited,2021-06-24,2026-06-23,Inactive,"Solution for injection.
Clear red solution, free from visible particles. pH of solution is 4.4 – 4.8",10 mL x 50&#039;s (in vials),"Vitamin B1 10 mg, Vitamin B2 1.37 mg, Vitamin B6 1 mg, Nicotinamide 15 mg",https://admin.greenbook.nafdac.gov.ng/uploadImage/smpc_files/2024/09/18/20240918c26921b6-bf68-5943-9416-964da78b708f.pdf,,https://greenbook.nafdac.gov.ng/products/details/8109,2026-09-27T21:50:58.439770+00:00
Greenbook NAFDAC,1704,283,Clindess Vaginal Suppositories##,1,Drugs,"{'id': 1, 'name': 'Drugs', 'created_at': '-000001-11-30T00:00:00.000000Z', 'updated_at': '2022-03-17T16:53:12.000000Z', 'deleted_at': None}",675,Clindamycin (Clindamycin Phosphate); Clotrimazole,,B4-5369,89,Suppository,24,Vaginal,100 mg; 100 mg,451,Dony-Triumph and Company Nigeria Limited,2021-06-24,2026-06-23,Inactive,Suppository,,"Each soft gelatin vaginal suppository contains: Clindamycin Phosphate equivalent to Clindamycin BP 100 mg, Clotrimazole 100 mg",,Pending,https://greenbook.nafdac.gov.ng/products/details/283,2026-09-27T21:50:58.439770+00:00
Greenbook NAFDAC,1705,6115,Cliniskin Cream## (strength format),1,Drugs,"{'id': 1, 'name': 'Drugs', 'created_at': '-000001-11-30T00:00:00.000000Z', 'updated_at': '2022-03-17T16:53:12.000000Z', 'deleted_at': None}",1648,Ketoconazole; Clobetasol propionate; Neomycin sulphate; Vitamin E,,A4-100362,4,Cream,21,Topical,1 mg; 1 mg; 0.5 mg; 15 mg,1100,Everdestiny Pharmaceutical Ltd,2023-03-28,2028-03-27,Active,"Topical Cream

NF-PP-297213	CLINISKIN CREAM 30G	KETOCONAZOLE, Clobetasol Propionate, Neomycin and Vitamin E	KETOCONAZOLE, Clobetasol Propionate, Neomycin and Vitamin E	A4-100362	Drugs	DERMATOLOGICALS	Imported Products	1X30G	Prescription Only Medicine (POM)	11/29/2022	EVERDESTINY PHARMACEUTICAL LIMITED, 20, Osunfolarin street, ilaje, Bariga, Lagos State	8108293328	Everdestinypharma@gmail.com	YASH MEDICARE PVT. LTD, NR. SABAR DAIRY, TALOD ROAD, PO. HAJIPUR, TA-HIMATNAGAR-383006, GUJARAT, INDIA, India
														
														
														
														
														
														
",1 x 30 g (in a tube),"Cliniskin Cream contains: Ketoconazole 1.00% w/w, Clobetasol Propionate 0.025% w/w, Neomycin equivalent to Neomycin Base 0.05% w/w, Vitamin E 1.00% w/w",https://admin.greenbook.nafdac.gov.ng/uploadImage/smpc_files/2024/12/30/20241230a61490b9-47bd-55cf-9a8a-477b55255542.pdf,D07CD01,https://greenbook.nafdac.gov.ng/products/details/6115,2026-09-27T21:50:58.439770+00:00
Greenbook NAFDAC,1706,5995,Clobetasol + Ketoconazole + Neomycin Cream##,1,Drugs,"{'id': 1, 'name': 'Drugs', 'created_at': '-000001-11-30T00:00:00.000000Z', 'updated_at': '2022-03-17T16:53:12.000000Z', 'deleted_at': None}",1112,Clobetasol; Ketoconazole; Neomycin,,A4-100375,4,Cream,21,Topical,0.25 mg/g; 10 mg/g; 5000 IU/g,399,Lemon Pharmacy Nig Limited,2023-04-26,2028-04-25,Active,"Topical Cream

CLOBETASOL + KETOCONAZOLE + NEOMYCIN CREAM	CLOBETASOL PROPIONATE USP 0.25MG, KETOCONAZOLE USP 10MG, NEOMYCINE SULPHATE USP 5000IU, Cetearyl alcohol 1.0g, white Vaseline 500mg, liquid paraffin 200mg, leveling agent 100mg, Absorbent 300mg, Preservative 15mg, Dimethyl Sulfoxide 150mg, Essence &amp; Puri	CLOBETASOL PROPIONATE USP 0.25MG, KETOCONAZOLE USP 10MG, NEOMYCIN SULPHATE USP 5000IU, Cetearyl alcohol 1.0g, white Vaseline 500mg, liquid paraffin 200mg, leveling agent 100mg, Absorbent 300mg, Preservative 15mg, Dimethyl Sulfoxide 150mg, Essence &amp; Purified water		Drugs	Imported Products	12 X 30G	Prescription Only Medicine (POM)	17/09/2022	LEMON DRUGS TRADING, PLOT 711 OLAYEYE OLUWA STREET OFF RAJI RAZARKI AMUWO ODOFIN, LAGOS STATE, NIGERIA	7085331984	emekaezejiofor@yahoo.com	M/s. LESANTO LABORATORIES,, PLOT NO 9, 10, 11 &amp; 20 SURVEY NO 53, NEAR RAILWAY BRIDGE, MANOR ROAD, PALGHAR (EAST) PALGHAR H.O. DIST. THANE 401404 MAHARASHTRA, INDIA , India",12 x 30 g (in Lami tube),"Each gram of cream contains: Clobetasol Propionate USP 0.25 mg, Ketoconazole USP 10 mg, Neomycine Sulphate USP 5000 IU
Excipients: Cetearyl Alcohol 1.0 g, White Vaseline 500 mg, Liquid Paraffin 200 mg, Leveling Agent 100 mg, Absorbent 300 mg, Preservative 15 mg, Dimethyl Sulfoxide 150 mg, Essence, Purifired Water",https://admin.greenbook.nafdac.gov.ng/uploadImage/smpc_files/2024/12/27/2024122757245849-28a6-5f36-801d-148ddf05db23.pdf,D07CD01,https://greenbook.nafdac.gov.ng/products/details/5995,2026-09-27T21:50:58.439770+00:00
Greenbook NAFDAC,1707,9796,Clobetasol Cream 0.05% w/w##,1,Drugs,"{'id': 1, 'name': 'Drugs', 'created_at': '-000001-11-30T00:00:00.000000Z', 'updated_at': '2022-03-17T16:53:12.000000Z', 'deleted_at': None}",868,Clobetasol Propionate,,A4-101152,4,Cream,21,Topical,0.05%,470,Nafro Pharma Nigeria Limited,2025-01-30,2030-01-29,Active,"Cream
A pink colored perfumed cream

NF-PP-106611	CLOBETASOL CREAM 0.05%W/W	Clobetasol USP 0.05%W/W	Each Gram Contains: Clobetasol Propionate USP 0.05 % w/w List of excipients Clobetasol Propionate ,Chlorocresol ,Light Liquid Paraffin ,Hard Paraffin Wax ,Microcrystalline Wax ,BHT ,CetoSteryl Alcohol ,Cetomacrogol-1000 ,Methyl Paraben ,Propyl Paraben ,Disodium EDTA ,Col.Erythrocin (Supra) ,Col Panceau 4 R (Supra ) ,Glycerine Propylene Glycol ,Perfume Ponds Purified Water		Drugs	Imported Products	30g	Prescription Only Medicine (POM)	1/7/2020	NAFRO PHARMA NIGERIA LIMITED, SUITE B16, AMORI SHOPPING PLAZA, LAGOS.	80230536	nafropharma@gmail.com	ASTAMED HEALTHCARE PVT LTD, PLOT NO. 2 &amp; 3, PHASE 11, GENESIS IND. COMPLEX, KALGAON, PALGHAR, DIST: THANE, MAHARASHTRA, INDIA, India																								",1 x 30 g (in a tube),"Each gram contains: Clobetasol Propionate USP 0.05 % w/w
Excipients q.s.
Cream base q.s.",https://admin.greenbook.nafdac.gov.ng/uploadImage/smpc_files/2025/03/19/202503193e580de1-01e2-525c-a662-ba0e19b70e60.pdf,D07AD01,https://greenbook.nafdac.gov.ng/products/details/9796,2026-09-27T21:50:58.439770+00:00
Greenbook NAFDAC,1708,6400,Clobetasol Propionate 0.05% and Clotrimazole USP 1% Cream##,1,Drugs,"{'id': 1, 'name': 'Drugs', 'created_at': '-000001-11-30T00:00:00.000000Z', 'updated_at': '2022-03-17T16:53:12.000000Z', 'deleted_at': None}",1120,Clobetasol Propionate; Clotrimazole,,A4-100585,4,Cream,21,Topical,0.05%; 1%,1238,KNOX PHARMACEUTICAL NIG LTD,2023-10-31,2028-10-30,Active,"Topical Cream

79	NF-PP-355068	CLOBETASOL PROPIONATE 0.05% AND CLOTRIMAZOLE USP 1% CREAM	CLOBETASOL PROPIONATE 0.05% AND CLOTRIMAZOLE USP 1% CREAM	CLOBETASOL PROPIONATE 0.05% AND CLOTRIMAZOLE USP 1% . EXCIPIENTS : Cetostearyl Alcohol, Self-Emulsifying Glyceryl Monostearate, Cetomacrogol Emulsifying Wax, Silicone Oil, White Soft Paraffin, Light Liquid Paraffin, Methyl Paraben, Propyl Paraben, Propylene Glycol, Benzoic Acid, Sodium Acid Phosphate, Sodium Phosphate and Purified Water.	A4-100585	Drugs	Imported Products	1X30G	Over The Counter (OTC)	8/28/2023	KNOX PHARMACEUTICAL NIG LTD, PLOT 22, GREEN ESTATE, OFF FESTAC LINK ROAD, AMUWO ODOFIN, LAGOS.	8149746846	knoxpharmacy91@gmail.com	Claroid Pharmaceuticals Private Limited, 217/P, Opp. Gurukul English Medium School, Kamod Pirana Road, Tal. - Daskroi, Dist.- Ahmedabad - 382425 India, India",1 x 30 g,"Clobetasol Propionate 0.05%, Clotrimazole USP 1% 
Excipients: Cetostearyl Alcohol, Self-Emulsifying Glyceryl Monostearate, Cetomacrogol Emulsifying Wax, Silicone Oil, White Soft Paraffin, Light Liquid Paraffin, Methyl Paraben, Propyl Paraben, Propylene Glycol, Benzoic Acid, Sodium Acid Phosphate, Sodium Phosphate and Purified Water",https://admin.greenbook.nafdac.gov.ng/uploadImage/smpc_files/2025/03/27/202503274a2f1f56-0d99-52c3-bf84-b0156f9d26ed.pdf,D07CD01,https://greenbook.nafdac.gov.ng/products/details/6400,2026-09-27T21:50:58.439770+00:00
Greenbook NAFDAC,1709,11456,Clobetasol Propionate Cream USP 0.05%_,1,Drugs,"{'id': 1, 'name': 'Drugs', 'created_at': '-000001-11-30T00:00:00.000000Z', 'updated_at': '2022-03-17T16:53:12.000000Z', 'deleted_at': None}",868,Clobetasol Propionate,,A4-101307,4,Cream,21,Topical,0.05%,828,Priya Pharmaceutical Nig Ltd,2025-05-27,2030-05-26,Active,"Cream.
Yellow-colored cream",1 x 30 g (in Lami tube),"Each gram contains: Clobetasol Propionate Cream USP 0.05%
Excipients q.s.",https://admin.greenbook.nafdac.gov.ng/uploadImage/smpc_files/2025/06/23/202506233dcf182c-ea01-54af-9c02-a938c4fb9e07.pdf,D07AD01,https://greenbook.nafdac.gov.ng/products/details/11456,2026-09-27T21:50:58.439770+00:00
Greenbook NAFDAC,1710,6117,Clobetasol Propionate Cream##,1,Drugs,"{'id': 1, 'name': 'Drugs', 'created_at': '-000001-11-30T00:00:00.000000Z', 'updated_at': '2022-03-17T16:53:12.000000Z', 'deleted_at': None}",868,Clobetasol Propionate,,A4-100506,4,Cream,21,Topical,0.05%,162,Drugfield Pharmaceuticals Limited,2023-09-28,2028-09-27,Active,"Cream

11	NF-PP-273602	CLOBETASOL PROPIONATE CREAM	CLOBETASOL PROPIONATE 0.05% W/W	CLOBETASOL PROPIONATE 1.50G, CETOMACROGOL 1000 36.00G, CETOSTEARYL ALCOHOL 180.00G, GLYCERYL MONOSTEARATE 120.00G, LIQUID PARAFFIN (HEAVY) 135.00G, PROPYLENE GLYCOL 300.00G, BENZYL ALCOHOL 30.00G, CITRIC ACID (MONOHYDRATE) 0.15G, SODIUM CITRATE (TRISODIUM CITRATE DIHYDRATE) 2.40G, PURIFIED WATER 2,194.95G	A4-100506	Drugs	Nigerian Products	25G	POM 1	7/4/2022	DRUGFIELD PHARMACEUTICALS LIMITED., LYNSON CHEMICAL AVENUE, KM 38 LAGOS-ABEOKUTA EXPRESSWAY, SANGO-OTA,OGUN STATE	8029055002	info@drugfieldpharma.com	DRUGFIELD PHARMACEUTICALS LIMITED, 48, AKEJU STREET, PALMGROVE, SOMOLU, LAGOS STATE. P.O BOX 5831, IKEJA, LAGOS STATE., Nigeria",1 x 25 g (in Alu tube),"Each gram of cream contains: Clobetasol Propionate 0.05% w/w 
Excipients: Cetomacrogol 1000 36.00 g, Cetostearyl Alcohol 180.00 g, Glyceryl Monostearate 120.00 g, Liquid Paraffin (Heavy) 135.00 g, Propylene Glycol 300.00 g, Benzyl Alcohol 30.00 g, Citric Acid (Monohydrate) 0.15 g, Sodium Citrate (Trisodium Citrate Dihydrate) 2.40 g, Purified Water 2,194.95 g",https://admin.greenbook.nafdac.gov.ng/uploadImage/smpc_files/2023/10/07/20231007605ac4d8-2e1c-51df-8f3a-90103310540b.pdf,D07AD01,https://greenbook.nafdac.gov.ng/products/details/6117,2026-09-27T21:50:58.439770+00:00
Greenbook NAFDAC,1711,12001,Clobico_,1,Drugs,"{'id': 1, 'name': 'Drugs', 'created_at': '-000001-11-30T00:00:00.000000Z', 'updated_at': '2022-03-17T16:53:12.000000Z', 'deleted_at': None}",2200,"Clostridium Butyricum; Bifidobacterium powder, live.",,A7-100188,71,Powder for solution,1,Oral,500 mg,572,The Devon Pharmaceuticals Company Limited,2021-12-16,2026-12-15,Active,White or grayish white powder,5 g per sachet,"Each sachet contains: Clostridium Butyricum 500 mg and Bifidobacterium powder, Live

Excipients: Corn starch, Anhydrous glucose",https://admin.greenbook.nafdac.gov.ng/uploadImage/smpc_files/2025/05/20/20250520557d82fb-ffee-566d-9d97-be09837058b2.pdf,A07FA51,https://greenbook.nafdac.gov.ng/products/details/12001,2026-09-27T21:50:58.439770+00:00
Greenbook NAFDAC,1712,9864,Clofenac SR**,1,Drugs,"{'id': 1, 'name': 'Drugs', 'created_at': '-000001-11-30T00:00:00.000000Z', 'updated_at': '2022-03-17T16:53:12.000000Z', 'deleted_at': None}",77,Diclofenac Sodium,,04-3211,1,Tablet,1,Oral,50 mg,261,Phamatex Nigeria Limited,2021-10-28,2026-10-27,Active,Tablet,10 x 10&#039;s,Diclofenac Sodium BP 50 mg,,M01AB05,https://greenbook.nafdac.gov.ng/products/details/9864,2026-09-27T21:50:58.439770+00:00
Greenbook NAFDAC,1713,692,Clofenamol Tablets##,1,Drugs,"{'id': 1, 'name': 'Drugs', 'created_at': '-000001-11-30T00:00:00.000000Z', 'updated_at': '2022-03-17T16:53:12.000000Z', 'deleted_at': None}",1550,Diclofenac Potassium; Paracetamol,,A4-4795,1,Tablet,1,Oral,50 mg; 500 mg,815,Eutrix Pharmaceuticals Limited,2021-05-27,2026-05-26,Inactive,Tablet,,"Each tablet contains: Diclofenac Potassium 50 mg, Paracetamol 500 mg",,N02BE51,https://greenbook.nafdac.gov.ng/products/details/692,2026-09-27T21:50:58.439770+00:00
Greenbook NAFDAC,1714,7368,Clognil Tablet##,1,Drugs,"{'id': 1, 'name': 'Drugs', 'created_at': '-000001-11-30T00:00:00.000000Z', 'updated_at': '2022-03-17T16:53:12.000000Z', 'deleted_at': None}",296,Clopidogrel (Clopidogrel Bisulfate),,A4-100826,1,Tablet,1,Oral,75 mg,1294,Mikchema Pharmaceuticals &amp; Resources Ltd,2024-04-30,2029-05-01,Active,"Film Coated Tablet

41	NF-PP-90173	Clognil Tablet	Clopidogrel Tablet USP 75Mg	Clopidogrel Bisulfate equivalent to 75 mg of Clopidogrel, Microcrystalline Cellulose (Avicel PH 101), Pregelatinized Starch (Starch-1500), Polyvinyl Pyrrolidone (Povidone K-30), Magnesium Stearate, Colloidal Silicon Dioxide (Aerosil 200), Hydroxy Propyl Methyl Cellulose (15 cps), Titanium Dioxide, Castrol Oil, Methylene Chloride, Isopropyl Alcohol.	A4-100826	Drugs	Imported Products	3*10blisterpacks	Prescription Only Medicine (POM)	MIKCHEMA PHARMACEUTICALS &amp; RESOURCES LTD, MODERN MARKET ROAD MAKURDI BENUE	9036101224	mikchemaglobal@gmail.com	Orion Pharma Ltd., Orion House, 153-154, Tejgaon Industrial Area, Dhaka, Bangladesh",3 x 10&#039;s (in Alu-Alu blisters),"Each film coated tablet contains: Clopidogrel Bisulfate USP equivalent to Clopidogrel 75 mg
Excipients q.s.",https://admin.greenbook.nafdac.gov.ng/uploadImage/smpc_files/2024/05/17/20240517f7f50f37-f2a6-520d-938e-8aaa265e9006.pdf,B01AC-0,https://greenbook.nafdac.gov.ng/products/details/7368,2026-09-27T21:50:58.439770+00:00
Greenbook NAFDAC,1715,12411,Clomibex Tablet_,1,Drugs,"{'id': 1, 'name': 'Drugs', 'created_at': '-000001-11-30T00:00:00.000000Z', 'updated_at': '2022-03-17T16:53:12.000000Z', 'deleted_at': None}",656,Clomifene Citrate,Clomiphene,B4-9045,1,Tablet,1,Oral,50 mg,299,Standard Generics Limited,2025-11-26,2030-11-25,Active,Tablet,5 x 10&#039;s (in blisters),"Each tablet contains: Clomifene Citrate BP 50 mg
Excipients q.s.",https://admin.greenbook.nafdac.gov.ng/uploadImage/smpc_files/2025/12/24/202512241012222d-0a5c-5f4a-8bbd-c2b600ab8358.pdf,G03GB02,https://greenbook.nafdac.gov.ng/products/details/12411,2026-09-27T21:50:58.439770+00:00
Greenbook NAFDAC,1716,5464,Clomid Tablet##,1,Drugs,"{'id': 1, 'name': 'Drugs', 'created_at': '-000001-11-30T00:00:00.000000Z', 'updated_at': '2022-03-17T16:53:12.000000Z', 'deleted_at': None}",656,Clomifene Citrate,Clomiphene,04-4969,1,Tablet,1,Oral,50 mg,899,Euromed Limited,2023-08-31,2028-08-30,Active,"Tablet

CLOMID TABLET	CLOMIPHENE CITRATE	Clomiphene citrate 50mg (Excipients: Sucrose, Lactose, Soluble corn starch, Magnesium stearate, Corn starch, Yellow iron oxide).	Apr-69	Drugs	Imported Products	1*10	Prescription Only Medicine (POM)	12/08/2022	EUROMED LIMITED, 34/36, Association Avenue Ilupeju Lagos	17617908	info@euromedlimited.com	Special Product&#039;s Line S.P.A, Via Fratta Rotonda Vado Largo, 1-03012 Anagni (FR), Italy, Italy
												
												
												
												
												
												
",1 x 10&#039;s ,"Each 320 mg tablet contains: Clomiphene Citrate 50 mg
Excipients: Sucrose, Lactose, Soluble Corn Starch, Magnesium Stearate, Corn Starch, Yellow Iron Oxide",https://admin.greenbook.nafdac.gov.ng/uploadImage/smpc_files/2023/09/09/202309091d7c11bb-d3b0-54ae-b1bd-77c5503a269f.pdf,G03GB02,https://greenbook.nafdac.gov.ng/products/details/5464,2026-09-27T21:50:58.439770+00:00
Greenbook NAFDAC,1717,6527,Clomifene Tablets##,1,Drugs,"{'id': 1, 'name': 'Drugs', 'created_at': '-000001-11-30T00:00:00.000000Z', 'updated_at': '2022-03-17T16:53:12.000000Z', 'deleted_at': None}",656,Clomifene Citrate,Clomiphene,B4-7296,1,Tablet,1,Oral,50 mg,761,Anyi-Tex Pharmaceuticals Limited,2023-11-30,2028-11-29,Active,"Tablet

76	RNW-PP-276792	CLOMIFENE TABLETS	CLOMIFENE CITRATE BP 50MG	CLOMIFENE CITRATE BP 50MG EXCIPIENTS: q.s.	B4-7296	Drugs	Imported Products	10x10TAB BLISTER	Prescription Only Medicine (POM)	8/6/2022	ANYI-TEX PHARMACEUTICALS LIMITED, ABAZUONU STREET ONITSHA ANAMBRA	9066116994	anyitexpharm@gmail.com	WEST COAST PHARMACEUTICAL WORKS LTD., NO 17 &amp; 16/5 MERDI ESTATE, B/S MELDI MATA TEMPLE, NR. GOTA RAILWAY CROSSING. AT: GOTA, AHMEDABAD - 382 481, GUJARAT, INDIA, India",10 x 10&#039;s (in PVC-Alu blisters),"Clomifene Tablets contains: Clomifene Citrate BP 50 mg
Excipients q.s.",https://admin.greenbook.nafdac.gov.ng/uploadImage/smpc_files/2023/12/18/202312184ce6c231-67fb-5ce4-94f9-cbe6be24f67a.pdf,G03GB02,https://greenbook.nafdac.gov.ng/products/details/6527,2026-09-27T21:50:58.439770+00:00
Greenbook NAFDAC,1718,10130,Clomitab 50 Tablet##,1,Drugs,"{'id': 1, 'name': 'Drugs', 'created_at': '-000001-11-30T00:00:00.000000Z', 'updated_at': '2022-03-17T16:53:12.000000Z', 'deleted_at': None}",656,Clomifene Citrate,Clomiphene,C4-1849,1,Tablet,1,Oral,50 mg,253,Onifam Laboratories Limited,2021-09-28,2026-09-27,Active,Tablet,3 x 10&#039;s,Each tablet contains; Clomiphene Citrate BP 50 mg,,,https://greenbook.nafdac.gov.ng/products/details/10130,2026-09-27T21:50:58.439770+00:00
Greenbook NAFDAC,1719,6843,Cloneocol Cream##,1,Drugs,"{'id': 1, 'name': 'Drugs', 'created_at': '-000001-11-30T00:00:00.000000Z', 'updated_at': '2022-03-17T16:53:12.000000Z', 'deleted_at': None}",1281,Clobetasol; Nystatin; Neomycin (Neomycin Sulfate),,A4-100690,4,Cream,21,Topical,"0.5mg; 3.5mg; 100,000units",715,Suitelife Pharmaceuticals Ltd,2023-12-21,2028-12-20,Active,"Cream
A smooth white cream

11	NF-PP-369789	CLONEOCOL CREAM	CLOBETASOL PROPIONATE USP 0.5MG, NEOMYCIN SUPHATE USP 3.5GM, NYSTATIN BP 100,000UINITS	EACH GRAM CONTAINS CLOBETASOL PROPIONATE USP 0.5MG, NEOMYCIN SULPHATE USP EQ TO NEOMYCIN 3.5GM AND NYSTATIN BP 1,00,0000 UNITS EXCIPIENTS CREAM BASE	A4-100690	Drugs	Imported Products	1X25G	POM 1	9/28/2023	SUITELIFE PHARMACEUTICALS LTD, 4 ayo davis close off ekolonu street, surulere, lagos	8129419809	suitelifepharma@yahoo.com	SYSTOCHEM LABORATORIES LTD, B-75, ROOP NAGAR, INDL. AREA, LONI-201 102. INDIA, India",1 x 25 g (in Lami tube),"Each gram Contains: Clobetasol Propionate USP 0.5 mg, Neomycin Sulphate USP equivalent to Neomycin 3.5 g, Nystatin BP 100000 units, Cream Base q.s.
Excipients: Cetostearyl Alcohol, CM 1000, Propyl Glycol Plain, LLP",https://admin.greenbook.nafdac.gov.ng/uploadImage/smpc_files/2023/12/31/202312312f788965-384a-5648-9444-bad032b9757b.pdf,D07CD01,https://greenbook.nafdac.gov.ng/products/details/6843,2026-09-27T21:50:58.439770+00:00
Greenbook NAFDAC,1720,6782,Clonex A Cream## (strength format),1,Drugs,"{'id': 1, 'name': 'Drugs', 'created_at': '-000001-11-30T00:00:00.000000Z', 'updated_at': '2022-03-17T16:53:12.000000Z', 'deleted_at': None}",1117,Betamethasone; Tolnaftate; Gentamicin,,B4-1497,4,Cream,21,Topical,0.643mg; 1mg; 10mg; 10mg,222,Maydon Pharmaceuticals Limited,2023-12-21,2028-12-20,Active,"Cream
White colored Homogenous Cream

57	CMS-PP-372872	CLONEX A CREAM	BETAMETHASONE DIPROPIONATE 0.63MG, GENTAMIC BASE 1MG, TOLNAFTATE USP 10MG ,LODOCHLORHYDROXYQUINOLINE 10MG	- betamethasone Dipropionate USP- 0.643mg, Gentamicin sulphate BP- 1.0mg, Iodochlorhydroxy quinolone BP- 10mg, Tolnaftate USP – 10mg, Other Ingredients- cetostearyl alcohol, cetomacragol 1000, liquid paraffin, white soft paraffin, BHT, disodium EDTA, Sodium dihydrogen phosphate, propylene glycol and purified water.	B4-1497	Drugs	Imported Products	1x30g	Prescription Only Medicine (POM)	11/5/2023	MAYDON PHARMACEUTICAL LIMITED., WILMER STREET, OFF TOWN PLANNING, ILUPEJU, LAGOS LAGOS	1740194511	maydonp@outlook.com	MAXHEAL LABORATORIES PVT LTD, PLOT NO. 2-7/80-85 SURSEZ SACHIN DIST. SURAT GUJARAT 394 230 INDIA, India",1 x 30 g (in Lami tube),"Each gram contains: Betamethasone Dipropionate 0.63 mg, Gentamic Base 1 mg, Tolnaftate USP 10 mg, lodochlorhydroxy Quinoline 10 mg, Cream Base q.s.
Excipients: Cetostearyl Alcohol, Cetomacragol 1000, Liquid Paraffin, White Soft Paraffin, B.H.T, Disodium EDTA, Sodium Dihydrogen Phosphate, Propylene Glycol and Purified Water",https://admin.greenbook.nafdac.gov.ng/uploadImage/smpc_files/2023/12/31/2023123197dbe66e-ae76-5b60-b584-34dcdbd1565e.pdf,D07CC01,https://greenbook.nafdac.gov.ng/products/details/6782,2026-09-27T21:50:58.439770+00:00
Greenbook NAFDAC,1721,8028,Clop 75 Tablets**,1,Drugs,"{'id': 1, 'name': 'Drugs', 'created_at': '-000001-11-30T00:00:00.000000Z', 'updated_at': '2022-03-17T16:53:12.000000Z', 'deleted_at': None}",296,Clopidogrel (Clopidogrel Bisulfate),,A4-101973,1,Tablet,1,Oral,75 mg,308,Teta Pharmaceuticals Nig Ltd,2024-08-28,2029-08-27,Active,"Film Coated Tablet.
A white coloured, circular, biconvex film coated tablet having breakline on one side and plain on other",3 x 10&#039;s (in Alu-Alu blisters),"Clopidogrel Tablets USP 75 mg.
Each film coated tablet contains: Clopidogrel Bisulfate USP equiv. to Clopidogrel 75 mg, Excipients q.s.",https://admin.greenbook.nafdac.gov.ng/uploadImage/smpc_files/2024/09/29/2024092931e7aac6-6314-5594-84e7-171dc5154e77.pdf,B01AC04,https://greenbook.nafdac.gov.ng/products/details/8028,2026-09-27T21:50:58.439770+00:00
Greenbook NAFDAC,1722,309,Clopact-75 Tablets##,1,Drugs,"{'id': 1, 'name': 'Drugs', 'created_at': '-000001-11-30T00:00:00.000000Z', 'updated_at': '2022-03-17T16:53:12.000000Z', 'deleted_at': None}",296,Clopidogrel (Clopidogrel Bisulfate),,A4-2356,1,Tablet,1,Oral,75 mg,200,IPCA Pharma Nigeria Limited,2021-05-07,2026-05-06,Inactive,Film Coated Tablet,3 x 10&#039;s (in strips),"Each tablet contains: Clopidogrel Bisulfate USP equivalent to Clopidogrel 75 mg
Excipients q.s.",https://admin.greenbook.nafdac.gov.ng/uploadImage/smpc_files/2023/05/27/20230527043d66a5-8d20-5f8a-80c1-7bcbee69d168.pdf,B01AC04,https://greenbook.nafdac.gov.ng/products/details/309,2026-09-27T21:50:58.439770+00:00
Greenbook NAFDAC,1723,322,Clopi-Denk 75 mg Tablets##,1,Drugs,"{'id': 1, 'name': 'Drugs', 'created_at': '-000001-11-30T00:00:00.000000Z', 'updated_at': '2022-03-17T16:53:12.000000Z', 'deleted_at': None}",296,Clopidogrel (Clopidogrel Bisulfate),,B4-5165,1,Tablet,1,Oral,75 mg,338,Assene-Laborex Limited,2021-08-03,2026-08-02,Inactive,Tablet,,Each tablet contains: Clopidogrel (as Clopidogrel Bisulfate) 75 mg,,B01AC04,https://greenbook.nafdac.gov.ng/products/details/322,2026-09-27T21:50:58.439770+00:00
Greenbook NAFDAC,1724,10841,Clopibest Tablets 75 mg##,1,Drugs,"{'id': 1, 'name': 'Drugs', 'created_at': '-000001-11-30T00:00:00.000000Z', 'updated_at': '2022-03-17T16:53:12.000000Z', 'deleted_at': None}",296,Clopidogrel (Clopidogrel Bisulfate),,A4-101162,1,Tablet,1,Oral,75 mg,655,Generics and Specialities Ltd,2025-01-30,2030-01-29,Active,"Tablet
Peach colored, round shaped, deep convex, plain on both the sides of film coated tablets

NF-PP-344743 Clopibest Tablets 75 mg	Clopidogrel Tablets USP 75 mg  Active: Clopidogrel Tablets USP 75 mg; Excipients: Microcelac 100, Low substituted Hydroxypropyl Cellulose, Hydrogentaed castor oil, Instacoat Aqua-III	聽	Drugs	Imported Products	3*10	Prescription Only Medicine (POM)	12/7/2023	GENERICS AND SPECIALITIES LIMITED, 9 Dave Anazodo Street, Ajao Estate, Isolo, Lagos	8033344839	cyril@gslnigeria.com	Lincoln Pharmaceutials Ltd, Trimul Estate, AT &amp; Post Khatraj, Tal Kalol, Dist. Gandhinagar, Gujarat, India, India														",3 x 10&#039;s (in Alu-Alu blisters),"Each film coated tablet contains: Clopidogrel Bisulfate USP equivalent to Clopidogrel 75 mg
Excipients with known effect: Hydrogenated Castor Oil
Excipients q.s.",https://admin.greenbook.nafdac.gov.ng/uploadImage/smpc_files/2025/05/26/20250526df95721a-ddaa-5c03-a59c-b2fd1434e141.pdf,B01AC04,https://greenbook.nafdac.gov.ng/products/details/10841,2026-09-27T21:50:58.439770+00:00
Greenbook NAFDAC,1725,10632,Clopidogrel 75 mg Tablets#,1,Drugs,"{'id': 1, 'name': 'Drugs', 'created_at': '-000001-11-30T00:00:00.000000Z', 'updated_at': '2022-03-17T16:53:12.000000Z', 'deleted_at': None}",296,Clopidogrel (Clopidogrel Bisulfate),,B4-0194,1,Tablet,1,Oral,75 mg,640,Freshborn Industries Ltd,2025-02-28,2030-02-27,Active,"A round orange colored film coated tablet

CLOPIDOGREL 75MG TABLETS 	CLOPIDOGREL BISULFATE 75MG	&quot;CLOPIDOGREL 75MG, MAIZE STARCH POWDER 15MG,
TITANIUM DIOXIDE USP&quot;	B4-0194	Drugs	Imported Product	3x10	15-10-2024	FRESHBORN INDUSTRIES LIMITED, 45 ASHOGBON STREET IDUMOTA Lagos State	234809785		Claroid Pharmaceuticals PVT Ltd, 217/P, Opp. Gurukul English Medium School, Kamod Pirana Road, Tal. -Daskroi, Dist.- Ahmedabad – 382 425 Gujarat India",3 x 10&#039;s (in Alu-Alu blisters),"Each film coated tablet contains: Clopidogrel Bisulphate USP equivalent to Clopidogrel 75 mg
Excipients q.s.
Color: Titanium Dioxide USP",https://admin.greenbook.nafdac.gov.ng/uploadImage/smpc_files/2025/04/15/202504153dfaf4ab-2423-52a6-a21c-b9a1bb46b310.pdf,B01AC04,https://greenbook.nafdac.gov.ng/products/details/10632,2026-09-27T21:50:58.439770+00:00
Greenbook NAFDAC,1726,4805,Clopidogrel 75 mg Tablets##,1,Drugs,"{'id': 1, 'name': 'Drugs', 'created_at': '-000001-11-30T00:00:00.000000Z', 'updated_at': '2022-03-17T16:53:12.000000Z', 'deleted_at': None}",296,Clopidogrel (Clopidogrel Bisulfate),,B4-8155,1,Tablet,1,Oral,75 mg,741,Unosource Pharma Nigeria Limited,2023-05-25,2028-05-24,Active,"Tablet

74	RNW-PP-276445	CLOPIDOGREL 75MG TABLETS	CLOPIDOGREL TABLETS	&quot;Clopidogrel 75mg, excipient; microcrystalline cellulose, maize starch, sodium lauryl sulphate, sodium starch glycolate, (type A), povidone, isopropyl alcohol, magnesium stearate, colloidal silicon dioxide, talc sodium starch glycolate (Type A), croscarmellose sodium, hypromellose (substitution type: 2910), polyethylene glycol 6000, titanium dioxide, talc, col. iron oxide of red (ferric oxide), isopropyl alcohol, methylene chloride.
Propyl para on 0.11mg, Anhydrous Colloidal Silicone 2.32?mg, Magnesium Stearate 5.28 mg, Talc 21.88mg&quot;	B4-8155	Drugs	Imported Products	3 X 10	Prescription Only Medicine (POM)	5/2/2022	UNOSOURCE PHARMA NIGERIA LIMITED, 47, Babaponmile Street, Onipetesi-Mongoro	9030750939	 	&quot;AKUMS DRUGS &amp; PHARMACEUTICALS LIMITED, 19, 20, 21, SECTOR-6A, I.I.E., SIDCUL, RANIPUR, HARIDWAR-249403, INDIA",3 x 10&#039;s,"Each tablet contains: Clopidogrel 75 mg
Excipients: Microcrystalline Cellulose, Maize Starch, Sodium Lauryl Sulphate, Sodium Starch Glycolate, (Type A), Povidone, Isopropyl Alcohol, Magnesium Stearate, Colloidal Silicon Dioxide, Talc Sodium Starch Glycolate (Type A), Croscarmellose Sodium, Hypromellose (Substitution Type: 2910), Polyethylene Glycol 6000, Titanium Dioxide, Talc, Col. Iron Oxide of Red (Ferric Oxide), Isopropyl Alcohol, Methylene Chloride",,B01AC04,https://greenbook.nafdac.gov.ng/products/details/4805,2026-09-27T21:50:58.439770+00:00
Greenbook NAFDAC,1727,7947,Clopidogrel 75 mg Tablets**,1,Drugs,"{'id': 1, 'name': 'Drugs', 'created_at': '-000001-11-30T00:00:00.000000Z', 'updated_at': '2022-03-17T16:53:12.000000Z', 'deleted_at': None}",296,Clopidogrel (Clopidogrel Bisulfate),,C4-1666,1,Tablet,1,Oral,75 mg,250,Novartis Nigeria Limited,2021-03-29,2026-03-28,Inactive,Tablet,3 x 10&#039;s,Each tablet contains: Clopidogrel Bisulfate Ph. Eur. equiv. to Clopidogrel 75 mg,,,https://greenbook.nafdac.gov.ng/products/details/7947,2026-09-27T21:50:58.439770+00:00
Greenbook NAFDAC,1728,11457,Clopidogrel 75 mg Tablets_,1,Drugs,"{'id': 1, 'name': 'Drugs', 'created_at': '-000001-11-30T00:00:00.000000Z', 'updated_at': '2022-03-17T16:53:12.000000Z', 'deleted_at': None}",296,Clopidogrel (Clopidogrel Bisulfate),,A4-101344,1,Tablet,1,Oral,75 mg,687,Morehope Pharma Limited,2025-06-25,2030-06-24,Active,Tablet,3 x 10&#039;s (in Alu-PVC blisters),"Each tablet contains: Clopidogrel Bisulfate USP 75 mg
Excipients q.s.",https://admin.greenbook.nafdac.gov.ng/uploadImage/smpc_files/2025/07/25/20250725064680ea-474b-52ae-8fba-ff03b67c413f.pdf,B01AC04,https://greenbook.nafdac.gov.ng/products/details/11457,2026-09-27T21:50:58.439770+00:00
Greenbook NAFDAC,1729,12154,Clopidogrel 75 mg Tablets_,1,Drugs,"{'id': 1, 'name': 'Drugs', 'created_at': '-000001-11-30T00:00:00.000000Z', 'updated_at': '2022-03-17T16:53:12.000000Z', 'deleted_at': None}",296,Clopidogrel (Clopidogrel Bisulfate),,B4-9805,1,Tablet,1,Oral,75 mg,316,Tricare Pharm Nigeria Limited,2025-10-29,2030-10-28,Active,Tablet,1 x 10&#039;s (in Alu-PVC blister),"Each tablet contains: Clopidogrel Bisulfate USP equiv. to Clopidogrel base 75 mg
Excipients q.s.",https://admin.greenbook.nafdac.gov.ng/uploadImage/smpc_files/2025/12/02/20251202d68a88f3-6249-548c-b4f6-af1234299ab7.pdf,B01AC04,https://greenbook.nafdac.gov.ng/products/details/12154,2026-09-27T21:50:58.439770+00:00
Greenbook NAFDAC,1730,6169,Clopilad Tablets##,1,Drugs,"{'id': 1, 'name': 'Drugs', 'created_at': '-000001-11-30T00:00:00.000000Z', 'updated_at': '2022-03-17T16:53:12.000000Z', 'deleted_at': None}",296,Clopidogrel (Clopidogrel Bisulfate),,B4-8597,98,Film coated tablet,1,Oral,75 mg,826,Ladfield Global Resources Ltd,2023-09-28,2028-09-27,Active,"Film Coated Tablet

33	RNW-PP-333406	CLOPILAD TABLETS	CLOPIDOGREL BISULFATE	CLOPIDOGREL 75MG BISULFATE.	B4-8597	Drugs	Imported Products	3X10	Prescription Only Medicine (POM)	6/23/2023	LADFIELD GLOBAL RESOURCES LIMITED, 335 IGBEDE ROAD, AJANGBADI, OJO LAGOS.	8023078302	royelad@yahoo.com	GLOBELA PHARMA PVT. LTD., PLOT 357, GIDC, SACHIN, SURAT, GUJARAT, INDIA, India",3 x 10&#039;s (in Alu-Alu blisters),"Each film coated tablet contains: Clopidogrel Bisulfate USP equivalent to Clopidogrel 75 mg
Colour: Erythrosine
Excipients q.s.",https://admin.greenbook.nafdac.gov.ng/uploadImage/smpc_files/2023/10/09/20231009765c2033-3832-5994-8803-ca5e4c3434ba.pdf,B01AC04,https://greenbook.nafdac.gov.ng/products/details/6169,2026-09-27T21:50:58.439770+00:00
Greenbook NAFDAC,1731,655,Clor 250 Capsules##,1,Drugs,"{'id': 1, 'name': 'Drugs', 'created_at': '-000001-11-30T00:00:00.000000Z', 'updated_at': '2022-03-17T16:53:12.000000Z', 'deleted_at': None}",750,Chloramphenicol Palmitate,,A4-0495,2,Capsule,1,Oral,250 mg,223,Me Cure Industries Limited,2021-05-06,2026-05-05,Inactive,"Capsule
White, opaque gelatin capsules",10 x 10&#039;s (in Alu-PVC blisters),"Each capsule contains: Chloramphenicol Palmitate 250 mg
Excipients q.s.",https://admin.greenbook.nafdac.gov.ng/uploadImage/smpc_files/2024/06/24/2024062476a6f510-8166-5211-93c3-fb2ad2b2181c.pdf,J01BA01,https://greenbook.nafdac.gov.ng/products/details/655,2026-09-27T21:50:58.439770+00:00
Greenbook NAFDAC,1732,7948,Clorek-25 Tablet**,1,Drugs,"{'id': 1, 'name': 'Drugs', 'created_at': '-000001-11-30T00:00:00.000000Z', 'updated_at': '2022-03-17T16:53:12.000000Z', 'deleted_at': None}",28,Clomipramine Hydrochloride,,A4-100896,1,Tablet,1,Oral,25 mg,253,Onifam Laboratories Limited,2024-06-27,2029-06-26,Active,Film-coated tablet,10 x 10&#039;s (in Alu-PVC blisters),"Each coated tablet contains: Clomipramine Hydrochloride USP 25 mg

Excipients:
Starch di basic calcium phosphate, Isopropyl Alcohol Povidone (PVPK-30), Talc, Magnesium Stearate, Cross Carmellose sodium, Colloidal silicon dioxide, Titanium dioxide, Hypromellose (HPMC E15), Methylene Dichloride.
Colour: Quinoline Yellow",https://admin.greenbook.nafdac.gov.ng/uploadImage/smpc_files/2024/07/20/20240720b52cbe60-a1bc-5967-a97c-9975dc7e2d98.pdf,N06AA04,https://greenbook.nafdac.gov.ng/products/details/7948,2026-09-27T21:50:58.439770+00:00
Greenbook NAFDAC,1733,11458,Clorelad 75 Tablet_,1,Drugs,"{'id': 1, 'name': 'Drugs', 'created_at': '-000001-11-30T00:00:00.000000Z', 'updated_at': '2022-03-17T16:53:12.000000Z', 'deleted_at': None}",296,Clopidogrel (Clopidogrel Bisulfate),,A4-101391,1,Tablet,1,Oral,75 mg,1695,Eko Lifesciences Nigeria Limited,2025-07-30,2030-07-29,Active,"Tablet.
 A white-colored, caplet-shaped, film-coated tablet having a break line one side",3 x 10&#039;s (in blisters),"Each film-coated tablet contains: Clopidogrel Bisulfate USP equiv. to Clopidogrel 75 mg
Excipients q.s.",https://admin.greenbook.nafdac.gov.ng/uploadImage/smpc_files/2025/08/26/202508261f476290-d66b-5105-8a97-d62f1c4882fe.pdf,B01AC04,https://greenbook.nafdac.gov.ng/products/details/11458,2026-09-27T21:50:58.439770+00:00
Greenbook NAFDAC,1734,5610,Closobel Cream##,1,Drugs,"{'id': 1, 'name': 'Drugs', 'created_at': '-000001-11-30T00:00:00.000000Z', 'updated_at': '2022-03-17T16:53:12.000000Z', 'deleted_at': None}",1106,Betamethasone; Clotrimazole; Neomycin sulfate,, B4-7155,4,Cream,21,Topical,0.05%; 1%; 0.5%,618,Eliona Pharmaceuticals Limited,2023-03-28,2028-03-27,Active,"Cream
A white colored Soft Cream

38	RNW-PP-264118	CLOSOBEL CREAM	BETAMETHASONE USP 0.05%W/W, CLOTRIMAZOLE USP 1%W/W, NEOMYCIN SULFATE USP 0.5%W/W	CLOTRIMAZOLE 1.0% W/W, BETAMETHASONE DIPROPIONATE 0.05% W/W, NEOMYCIN SULPHATE 0.5% W/W, CHLOROCRESOL 0.1 W/W, CETOSTEARYL ALCOHOL, MACROGOL CETOSTEARYL ETHER, LIQUID PARAFFIN (HEAVY), WHITE SOFT PARAFFIN, PROPYLENE GLYCOL, DISODIUM HYDROGEN PHOSPHATE DIHYDRATE, SODIUM DIHYDROGEN PHOSPHATE DIHYDRATE (SODIUM ACID PHOSPHATE), DISODIUM EDTA, ORTHO PHOSPHORIC ACID, PURIFIED WATER	B4-7155	Drugs	DERMATOLOGICALS	Imported Products	1X30G	Prescription Only Medicine (POM)	5/16/2022	ELIONA PHARMACEUTICAL COMPANY LIMITED, No. 6 Akinfenwa street off Celestial Way , Ori-Oke, Ogudu, Lagos.	8145462544	elionapharma@gmail.com	GOPALDAS VISRAM &amp; CO. LTD, Plot No A-590/591, MIDC TTC INDUSTRIAL AREA MAHAPE, NAVI MUMBAI - 400 701 MAHARASHTRA INDIA, India	9.71341E+11",1 x 30 g (in Alu tube),"Closobel Cream contains: Betamethasone Dipropionate equivalent to Betamethasone USP 0.05% w/w, Clotrimazole USP 1.0% w/w, Neomycin Sulphate USP 0.5% w/w
Preservative: Chlorocresol USP NF 0.1% w/w
Cream base q.s
Excipients q.s.",https://admin.greenbook.nafdac.gov.ng/uploadImage/smpc_files/2023/09/24/20230924b551cd9b-3e7b-5794-88e1-ef14454bdba2.pdf,D07CC01,https://greenbook.nafdac.gov.ng/products/details/5610,2026-09-27T21:50:58.439770+00:00
Greenbook NAFDAC,1735,7949,Clotafen 50 Tablet**,1,Drugs,"{'id': 1, 'name': 'Drugs', 'created_at': '-000001-11-30T00:00:00.000000Z', 'updated_at': '2022-03-17T16:53:12.000000Z', 'deleted_at': None}",1125,Diclofenac Potassium,,B4-4578,1,Tablet,1,Oral,50 mg,37,Biomedicine Sckivs Pharmaceutical Nigeria Limited,2021-01-28,2026-01-27,Inactive,Film coated tablet,1 x 10&#039;s (in blister),Each film-coated tablet contains: Diclofenac Potassium USP 50 mg,https://admin.greenbook.nafdac.gov.ng/uploadImage/smpc_files/2024/09/22/20240922cb7ae36c-3ed2-5c04-a0c0-04ab7967e5d4.pdf,,https://greenbook.nafdac.gov.ng/products/details/7949,2026-09-27T21:50:58.439770+00:00
Greenbook NAFDAC,1736,8110,Clotriderm Cream**,1,Drugs,"{'id': 1, 'name': 'Drugs', 'created_at': '-000001-11-30T00:00:00.000000Z', 'updated_at': '2022-03-17T16:53:12.000000Z', 'deleted_at': None}",669,Clotrimazole,,04-3657,4,Cream,21,Topical,1%,27,Fidson Healthcare PLC,2021-03-29,2026-03-28,Inactive,Topical Cream,20 g,Clotrimazole 1%,https://admin.greenbook.nafdac.gov.ng/uploadImage/smpc_files/2025/01/14/202501147b60d626-d945-55b0-97fd-4c1b6865b765.pdf,,https://greenbook.nafdac.gov.ng/products/details/8110,2026-09-27T21:50:58.439770+00:00
Greenbook NAFDAC,1737,9800,Clotrimax Cream**,1,Drugs,"{'id': 1, 'name': 'Drugs', 'created_at': '-000001-11-30T00:00:00.000000Z', 'updated_at': '2022-03-17T16:53:12.000000Z', 'deleted_at': None}",669,Clotrimazole,,04-2123,4,Cream,21,Topical,1%,291,SKG - Pharma Ltd,2022-12-13,2027-12-12,Active,A white cream free from specks,20 g (in Aluminium tube),"Clotrimazole 1% w/w
",https://admin.greenbook.nafdac.gov.ng/uploadImage/smpc_files/2025/01/22/2025012279b67662-fcda-5ace-a6aa-c896fe60c091.pdf,D01AC01,https://greenbook.nafdac.gov.ng/products/details/9800,2026-09-27T21:50:58.439770+00:00
Greenbook NAFDAC,1738,6171,Clotrimazole + Betamethasone + Neomycin Cream##,1,Drugs,"{'id': 1, 'name': 'Drugs', 'created_at': '-000001-11-30T00:00:00.000000Z', 'updated_at': '2022-03-17T16:53:12.000000Z', 'deleted_at': None}",1106,Betamethasone; Clotrimazole; Neomycin sulfate,,A4-100374,4,Cream,21,Topical,0.05%; 1%; 0.5%,399,Lemon Pharmacy Nig Limited,2023-04-26,2028-04-25,Active,"Cream

CLOTRIMAZOLE + BETAMETHASONE + NEOMYCIN CREAM	CLOTRIMAZOLE USP 1.0%W/W, BETAMETHASONE DIPROPIONATE USP 0.05% W/W, NEOMYCIN SULPHATE USP 0.5% W/W, CREAM BASE QS.	CLOTRIMAZOLE USP 1.0%W/W, BETAMETHASONE DIPROPIONATE USP 0.05% W/W, NEOMYCIN SULPHATE USP 0.5% W/W, cetearyl alcohol 1.0g, white Vaseline 500mg, liquid paraffin 200mg, leveling agent 100mg, Absorbent 300mg, Preservative 15mg, Dimethyl Sulfoxide 150mg, Essence &amp; Purified water		Drugs	Imported Products	10 X 20G	Prescription Only Medicine (POM)	16/09/2022	LEMON DRUGS TRADING, PLOT 711 OLAYEYE OLUWA STREET OFF RAJI RAZARKI AMUWO ODOFIN, LAGOS STATE, NIGERIA	7085331984	emekaezejiofor@yahoo.com	M/s. LESANTO LABORATORIES,, PLOT NO 9, 10, 11 &amp; 20 SURVEY NO 53, NEAR RAILWAY BRIDGE, MANOR ROAD, PALGHAR (EAST) PALGHAR H.O. DIST. THANE 401404 MAHARASHTRA, INDIA , India",10 x 20 g ,"Clotrimazole + Betamethasone + Neomycin Cream contains: Clotrimazole USP 1.0% w/w, Betamethasone Dipropionate USP 0.05% w/w, Neomycin Sulphate USP 0.5% w/w
Excipients: Cetearyl Alcohol 1.0 g, White Vaseline 500 mg, Liquid Paraffin 200 mg, Leveling Agent 100 mg, Absorbent 300 mg, Preservative 15 mg, Dimethyl Sulfoxide 150 mg, Essence, Purified water",,D07CC01,https://greenbook.nafdac.gov.ng/products/details/6171,2026-09-27T21:50:58.439770+00:00
Greenbook NAFDAC,1739,4489,Clotrimazole Vaginal Insert Tablets##,1,Drugs,"{'id': 1, 'name': 'Drugs', 'created_at': '-000001-11-30T00:00:00.000000Z', 'updated_at': '2022-03-17T16:53:12.000000Z', 'deleted_at': None}",669,Clotrimazole,,C4-2027,1,Tablet,24,Vaginal,100 mg,760,Anyigold Global Services Nigeria Ltd,2022-10-22,2027-10-21,Active,"Tablet

Clotrimazole Vaginal Insert Tablets	C4-2027	Sandoz	CLOTRIMAZOLE USP 100MG	DRUG	ANTIFUNGAL	CLOTRIMAZOLE USP 100MG	VAGINAL INSERT TABLETS	1 X 6	PRESCRIPTION ONLY MEDICINE	TREATMENT OF VULVO-VAGINAL CANDIDIASIS	ANYIGOLD GLOBAL SERVICES LTD 	NIGERIA	LESANTO LABORATORIES 	INDIA	10/22/2022	21/10/2027",1 x 6&#039;s (in blister),"Each uncoated tablets contains: Clotrimazole USP 100 mg
Excipients q.s.
",https://admin.greenbook.nafdac.gov.ng/uploadImage/smpc_files/2023/05/26/202305265a3c9ccd-ade4-53b9-8dcf-efa00c2a7759.pdf,G01AF02,https://greenbook.nafdac.gov.ng/products/details/4489,2026-09-27T21:50:58.439770+00:00
Greenbook NAFDAC,1740,6524,Clotrimazole Vaginal Inserts##,1,Drugs,"{'id': 1, 'name': 'Drugs', 'created_at': '-000001-11-30T00:00:00.000000Z', 'updated_at': '2022-03-17T16:53:12.000000Z', 'deleted_at': None}",669,Clotrimazole,,A4-5868 ,1,Tablet,24,Vaginal,100 mg,332,Zolon Healthcare Limited,2023-11-30,2028-11-29,Active,"Uncoated Tablet

CLOTRIMAZOLE VAGINAL INSERTS	CLOTRIMAZOLE VAGINAL INSERTS 100MG	Clotrimazole Vaginal inserts Tablet 100mg	A4-5868	Drugs	ANTIINFECTIVES FOR SYSTEMIC USE	Nigerian Products	1x6	POM 1	14/07/2023	ZOLON HEALTHCARE LIMITED, BLOCK A, ASWANI MARKET ROAD, ISOLO LAGOS	17391531	fuche-nwachi@emzorpharma.com	EMZOR PHARMACEUTICAL INDUSTRIES LIMITED, FLOWERGATE MIXED DEVELOPMENT SCHEME, KM1, SAGAMU-BENIN EXPRESSWAY, MAKUN, SAGAMU, Nigeria",1 x 6&#039;s (in a jar),"Each uncoated tablet contains: Clotrimazole 100 mg
Excipients q.s.",https://admin.greenbook.nafdac.gov.ng/uploadImage/smpc_files/2023/12/19/202312193dbafde8-6ff1-50b9-9ca8-39f5be825c2e.pdf,G01AF02,https://greenbook.nafdac.gov.ng/products/details/6524,2026-09-27T21:50:58.439770+00:00
Greenbook NAFDAC,1741,7950,Clotrimazole Vaginal Tablet**,1,Drugs,"{'id': 1, 'name': 'Drugs', 'created_at': '-000001-11-30T00:00:00.000000Z', 'updated_at': '2022-03-17T16:53:12.000000Z', 'deleted_at': None}",669,Clotrimazole,,C4-1582,97,Vaginal tablet,24,Vaginal,100 mg,367,Excel Charis Pharmaceutical Chemical Limited,2021-02-25,2026-02-24,Inactive,Vaginal tablet,1 x 6&#039;s,"Each uncoated tablet contains: Clotrimazole BP 100 mg, Excipients q.s.",https://admin.greenbook.nafdac.gov.ng/uploadImage/smpc_files/2025/04/15/202504155b5ba774-6aa2-5e6e-a6ef-18fa73b7c5e9.pdf,G01AF02,https://greenbook.nafdac.gov.ng/products/details/7950,2026-09-27T21:50:58.439770+00:00
Greenbook NAFDAC,1742,6397,"Clotrimazole, Beclomethasone Dipropionate, Gentamicin Sulphate Cream##",1,Drugs,"{'id': 1, 'name': 'Drugs', 'created_at': '-000001-11-30T00:00:00.000000Z', 'updated_at': '2022-03-17T16:53:12.000000Z', 'deleted_at': None}",1108,Beclometasone; Clotrimazole; Gentamicin,,A4-100587,4,Cream,21,Topical,0.025%; 1%; 0.1%,1238,KNOX PHARMACEUTICAL NIG LTD,2023-10-31,2028-10-30,Active,"Cream

81	NF-PP-355197	CLOTRIMAZOLE, BECLOMETHASONE DIPROPIONATE, GENTAMICIN SULPHATE CREAM	CLOTRIMAZOLE 1%, BECLOMETHASONE DIPROPIONATE 0.025%, GENTAMICIN SULPHATE 1% CREAM	CLOTRIMAZOLE 1%, BECLOMETHASONE DIPROPIONATE 0.025%, GENTAMICIN SULPHATE EQUIVALENT TO GENTAMICIN 1% CREAM. CREAM BASE Q.S	A4-100587	Drugs	Imported Products	1X30G	Over The Counter (OTC)	8/28/2023	KNOX PHARMACEUTICAL NIG LTD, PLOT 22, GREEN ESTATE, OFF FESTAC LINK ROAD, AMUWO ODOFIN, LAGOS.	8149746846	knoxpharmacy91@gmail.com	Claroid Pharmaceuticals Private Limited, 217/P, Opp. Gurukul English Medium School, Kamod Pirana Road, Tal. - Daskroi, Dist.- Ahmedabad - 382425 India, India",1 x 30 g,"Clotrimazole, Beclomethasone Dipropionate, Gentamicin Sulphate Cream contains: Clotrimazole 1%, Beclomethasone Dipropionate 0.025%, Gentamicin Sulphate equivalent to Gentamicin 1%. Cream Base q.s",https://admin.greenbook.nafdac.gov.ng/uploadImage/smpc_files/2025/03/27/20250327bf024eab-81cd-5491-bfae-bbe60620282c.pdf,D07CC04,https://greenbook.nafdac.gov.ng/products/details/6397,2026-09-27T21:50:58.439770+00:00
Greenbook NAFDAC,1743,11459,"Clotrimazole, Betamethasone Dipropionate & Neomycin Sulfate Cream_",1,Drugs,"{'id': 1, 'name': 'Drugs', 'created_at': '-000001-11-30T00:00:00.000000Z', 'updated_at': '2022-03-17T16:53:12.000000Z', 'deleted_at': None}",1106,Betamethasone; Clotrimazole; Neomycin sulfate,,A4-101310,4,Cream,21,Topical,0.05%; 1%; 0.5%,828,Priya Pharmaceutical Nig Ltd,2025-05-27,2030-05-26,Active,"Cream.
White-colored cream",1 x 30 g (in Lami tube),"Each gram of cream contains: Betamethasone Dipropionate USP equiv. to Betamethasone  0.05 %w/w, Clotrimazole USP 1.0 % w/w, and Neomycin Sulfate USP 0.5% w/w
Excipients q.s.
",https://admin.greenbook.nafdac.gov.ng/uploadImage/smpc_files/2025/06/23/2025062314e6ae03-af63-5168-ab99-60a74aacb806.pdf,D07CC01,https://greenbook.nafdac.gov.ng/products/details/11459,2026-09-27T21:50:58.439770+00:00
Greenbook NAFDAC,1744,6355,Clotrivag Tablet**,1,Drugs,"{'id': 1, 'name': 'Drugs', 'created_at': '-000001-11-30T00:00:00.000000Z', 'updated_at': '2022-03-17T16:53:12.000000Z', 'deleted_at': None}",669,Clotrimazole,,A4-8315,1,Tablet,24,Vaginal,200 mg,167,Emzor Pharmaceutical Industries Limited,2023-10-31,2028-10-30,Active,Uncoated Tablet,1 x 6&#039;s (in blister),"Each tablet contains: Clotrimazole 200 mg, Excipient q.s.",https://admin.greenbook.nafdac.gov.ng/uploadImage/smpc_files/2023/11/07/202311076c2e1579-5b6f-59c8-bcc1-6158aacd08dc.pdf,G01AF02,https://greenbook.nafdac.gov.ng/products/details/6355,2026-09-27T21:50:58.439770+00:00
Greenbook NAFDAC,1745,8029,Clovigal Vaginal Tablet**,1,Drugs,"{'id': 1, 'name': 'Drugs', 'created_at': '-000001-11-30T00:00:00.000000Z', 'updated_at': '2022-03-17T16:53:12.000000Z', 'deleted_at': None}",669,Clotrimazole,,B4-0279,97,Vaginal tablet,24,Vaginal,100 mg,374,Aquatix Pharmaceuticals Limited,2024-07-31,2029-07-30,Active,Uncoated vaginal tablet,1 x 6&#039;s,"Clotrimazole Vaginal Tablets BP.
Each uncoated vaginal tablet contains: Clotrimazole BP 100 mg, Excipients q.s.",https://admin.greenbook.nafdac.gov.ng/uploadImage/smpc_files/2024/11/28/202411281fffaae9-f7f8-56c9-b77a-7e6b74423680.pdf,G01AF02,https://greenbook.nafdac.gov.ng/products/details/8029,2026-09-27T21:50:58.439770+00:00
Greenbook NAFDAC,1746,6197,Cloxypak##,1,Drugs,"{'id': 1, 'name': 'Drugs', 'created_at': '-000001-11-30T00:00:00.000000Z', 'updated_at': '2022-03-17T16:53:12.000000Z', 'deleted_at': None}",425,Ampicillin (Ampicillin Trihydrate); Cloxacillin (Cloxacillin Sodium),,A11-1275,2,Capsule,1,Oral,250 mg; 250 mg,631,Charles Mekus Pharmaceutical &amp; Stores Nig. Limited,2022-04-28,2027-04-27,Active,"Capsule
Black cap/Purple body,  size &quot;0&quot;, hard gelatin capsules printed with &quot;CLOXYPAK-500&quot; on body and on capsule containing white powder.

CLOXYPAK	A11-1275	Ampicillin + Cloxacillin Capsules 500 mg	Drugs	10*10	N/A	10x10 blister pack and such blister packed in carton	CAPSULE	CHARLES MEKUS PHARMACEUTICAL &amp; STORES NIG. LIMITED	08097770545	charlesmekuspharm@gmail.com	PLOT NO 1, UMAR ESTATE, OFF AIRPORT ROAD, ERA 349, NF HOSPITAL AIRFORCE BASE KANO KANO STATE	Nigeria	Charles Mekus Pharmaceutical &amp; Stores Nig. Ltd.
",10 x 10&#039;s (in blister packs),"Each capsule contains: Ampicillin 250 mg, Cloxacillin 250 mg
Excipients q.s.",https://admin.greenbook.nafdac.gov.ng/uploadImage/smpc_files/2023/10/02/20231002733f6304-8618-5145-8adb-d6abae5eb440.pdf,J01CR01,https://greenbook.nafdac.gov.ng/products/details/6197,2026-09-27T21:50:58.439770+00:00
Greenbook NAFDAC,1747,2625,Co-Amoxiclav 1000 mg Tablets**,1,Drugs,"{'id': 1, 'name': 'Drugs', 'created_at': '-000001-11-30T00:00:00.000000Z', 'updated_at': '2022-03-17T16:53:12.000000Z', 'deleted_at': None}",423,Amoxicillin (Amoxicillin Trihydrate); Clavulanic Acid (Potassium Clavulanate),,C4-1446,1,Tablet,1,Oral,875 mg; 125 mg,726,Savocent Pharma Ltd,2020-12-21,2025-12-20,Inactive,,,,,J01CR02,https://greenbook.nafdac.gov.ng/products/details/2625,2026-09-27T21:50:58.439770+00:00
Greenbook NAFDAC,1748,4665,Co-Amoxiclav Injection**,1,Drugs,"{'id': 1, 'name': 'Drugs', 'created_at': '-000001-11-30T00:00:00.000000Z', 'updated_at': '2022-03-17T16:53:12.000000Z', 'deleted_at': None}",1545,Amoxicillin (Amoxicillin Sodium); Clavulanic Acid (Potassium Clavulanate),,C4-2029,70,Powder for injection,12,Intravenous,1000 mg; 200 mg,1008,Ukanwa Pharmaceutical Company Nigeria Limited,2022-10-22,2027-10-21,Active,Powder for Solution for Injection,1.2 g x 1&#039;s (in plain glass vial) + 2 x 10 mL SWFI (in ampoules),"Each combipack contains:
A. One vial of Co-Amoxiclav for Injection BP 1.2 g
Each vial contains: Sterile Amoxicillin Sodium BP equivalent to Amoxicillin 1000 mg, Sterile Potassium Clavulanate BP equivalent to Clavulanic Acid 200 mg

B. Two Ampoules of Sterilised Water for injections BP 10 mL",https://admin.greenbook.nafdac.gov.ng/uploadImage/smpc_files/2023/05/28/20230528a085ac7f-b979-598e-b87d-627f7ac35ba4.pdf,J01CR02,https://greenbook.nafdac.gov.ng/products/details/4665,2026-09-27T21:50:58.439770+00:00
Greenbook NAFDAC,1749,7270,Co-Amoxiclav Injection**,1,Drugs,"{'id': 1, 'name': 'Drugs', 'created_at': '-000001-11-30T00:00:00.000000Z', 'updated_at': '2022-03-17T16:53:12.000000Z', 'deleted_at': None}",1545,Amoxicillin (Amoxicillin Sodium); Clavulanic Acid (Potassium Clavulanate),,B4-5809,70,Powder for injection,12,Intravenous,1000 mg; 200 mg,369,Grace Drugs and Healthcare Ltd,2024-02-28,2029-02-27,Active,Powder for Solution for Injection in vial plus  two ampoules of 10 mL sterile water for injection as diluent,1.2 g x 1&#039;s (in vial) + 2 x 10 mL SWFI (in ampoules),"Amoxicillin Sodium and Potassium Clavulanate for Injection 1.2 g.
Each vial contains about 1.063 g of Amoxicillin sodium equivalent to 1.0 g of Amoxicillin, and 0.238 g of Potassium clavulanate equivalent to 0.2 g of Clavulanate.
For accompanying reconstitution diluent: Each ampoule contains 10 mL of Sterile Water for Injection",https://admin.greenbook.nafdac.gov.ng/uploadImage/smpc_files/2024/03/26/202403268b05a70f-5d8f-5db9-b1b4-8bec36a94af3.pdf,J01CR02,https://greenbook.nafdac.gov.ng/products/details/7270,2026-09-27T21:50:58.439770+00:00
Greenbook NAFDAC,1750,2626,Co-Amoxiclav Oral Suspension**,1,Drugs,"{'id': 1, 'name': 'Drugs', 'created_at': '-000001-11-30T00:00:00.000000Z', 'updated_at': '2022-03-17T16:53:12.000000Z', 'deleted_at': None}",423,Amoxicillin (Amoxicillin Trihydrate); Clavulanic Acid (Potassium Clavulanate),,C4-1445,72,Powder for suspension,1,Oral,200 mg/5 mL; 28.5 mg/5 mL,726,Savocent Pharma Ltd,2020-12-21,2025-12-20,Inactive,Powder for Oral Suspension,,"Each 5 mL reconstituted suspension contains: Amoxicillin Trihydrate equiv. to Amoxicillin 200 mg, Potassium Clavulanate equiv. to Clavulanic Acid 28.5 mg",,J01CR02,https://greenbook.nafdac.gov.ng/products/details/2626,2026-09-27T21:50:58.439770+00:00
Greenbook NAFDAC,1751,4806,Co-Aprovel 150 mg/12.5 mg Tablet##,1,Drugs,"{'id': 1, 'name': 'Drugs', 'created_at': '-000001-11-30T00:00:00.000000Z', 'updated_at': '2022-03-17T16:53:12.000000Z', 'deleted_at': None}",262,Irbesartan; Hydrochlorothiazide,,A4-8167,1,Tablet,1,Oral,150 mg; 12.5 mg,1058,Sanofi-Aventis Nigeria Limited,2023-05-25,2028-05-24,Active,"Tablet
Peach, biconvex, oval-shaped, with a heart debossed on one side and the number &quot;2775&quot; engraved on the other side

26	RNW-PP-296436	CO-APROVEL 150MG/12.5MG TABLET	IRBESARTAN 150MG + HYDROCHLOROTHIAZIDE 12.5MG	IRBESARTAN 150MG + HYDROCHLOROTHIAZIDE 12.5MG	A4-8167	Drugs	Imported Products	2X14	POM 1	11/29/2022	SANOFI-AVENTIS NIGERIA LIMITED, JAPAUL HOUSE, DR.NURUDEEN OLOWOPOPO AVENUE IKEJA LAGOS	08174600446; 012710135	hilda.nwabudike@sanofi.com	SANOFI WINTHROP INDUSTRIE, , 1 RUE DE LA VIERGE, AMBARES ET LAGRAVE, 33565 CARBON-BLANC-CEDEX, FRANCE, France
",2 x 14&#039;s (in PVC-Alu blisters),"Each tablet contains: Irbesartan150 mg and Hydrochlorothiazide 12.5 mg
Excipients q.s. ",https://admin.greenbook.nafdac.gov.ng/uploadImage/smpc_files/2023/08/22/20230822f1d42cc6-f25b-5d54-92ca-9680189d1a6f.pdf,C09DA04,https://greenbook.nafdac.gov.ng/products/details/4806,2026-09-27T21:50:58.439770+00:00
Greenbook NAFDAC,1752,7957,Co-Aprovel 300 mg/25 mg Tablets**,1,Drugs,"{'id': 1, 'name': 'Drugs', 'created_at': '-000001-11-30T00:00:00.000000Z', 'updated_at': '2022-03-17T16:53:12.000000Z', 'deleted_at': None}",262,Irbesartan; Hydrochlorothiazide,,B4-2317,1,Tablet,1,Oral,300 mg; 25 mg,1058,Sanofi-Aventis Nigeria Limited,2021-01-28,2026-01-27,Inactive,Film-coated tablet,2 x 14&#039;s (in blisters),"Each tablet contains: Irbesartan 300 mg, and Hydrochlorothiazide 25 mg",,C09DA04,https://greenbook.nafdac.gov.ng/products/details/7957,2026-09-27T21:50:58.439770+00:00
Greenbook NAFDAC,1753,4807,Co-Aprovel 300/12.5 mg Tablet##,1,Drugs,"{'id': 1, 'name': 'Drugs', 'created_at': '-000001-11-30T00:00:00.000000Z', 'updated_at': '2022-03-17T16:53:12.000000Z', 'deleted_at': None}",262,Irbesartan; Hydrochlorothiazide,,A4-8166,1,Tablet,1,Oral,300 mg; 12.5 mg,1058,Sanofi-Aventis Nigeria Limited,2023-05-25,2028-05-24,Active,"Tablet
Peach, biconvex, oval-shaped, with a heart debossed on one side and the number &quot;2775&quot; engraved on the other side

27	RNW-PP-296725	CO-APROVEL 300/12.5 MG TABLET	IRBESARTAN 300MG + HYDROCHLOROTHIAZIDE 12.5MG	IRBESARTAN 300MG + HYDROCHLOROTHIAZIDE 12.5MG	A4-8166	Drugs	Imported Products	2X14	POM 1	11/29/2022	SANOFI-AVENTIS NIGERIA LIMITED, JAPAUL HOUSE, DR.NURUDEEN OLOWOPOPO AVENUE IKEJA LAGOS	08174600446; 012710135	hilda.nwabudike@sanofi.com	SANOFI WINTHROP INDUSTRIE, , 1 RUE DE LA VIERGE, AMBARES ET LAGRAVE, 33565 CARBON-BLANC-CEDEX, FRANCE, France
",2 x 14&#039;s (in PVC-Alu blisters),"Each tablet contains: Irbesartan 300 mg and Hydrochlorothiazide 12.5 mg
Excipients q.s.",https://admin.greenbook.nafdac.gov.ng/uploadImage/smpc_files/2023/08/22/202308220945873a-0aaa-53fc-afe5-7303aa2dac61.pdf,C09DA04,https://greenbook.nafdac.gov.ng/products/details/4807,2026-09-27T21:50:58.439770+00:00
Greenbook NAFDAC,1754,284,Co-Arthemed Tablets##,1,Drugs,"{'id': 1, 'name': 'Drugs', 'created_at': '-000001-11-30T00:00:00.000000Z', 'updated_at': '2022-03-17T16:53:12.000000Z', 'deleted_at': None}",529,Artemether; Lumefantrine; Paracetamol,,A11-100344,1,Tablet,1,Oral,80 mg; 480 mg; 500 mg,27,Fidson Healthcare PLC,2021-12-16,2026-12-15,Active,Tablet,1 x 6&#039;s (in PVC-Alu blister),"Each tablet contains: Artemether 80 mg, Lumefantrine 480 mg, Paracetamol 500 mg
Excipients q.s.",https://admin.greenbook.nafdac.gov.ng/uploadImage/smpc_files/2025/01/14/20250114aa28c705-24fa-5d7e-b6d8-eb37477d967d.pdf,Pending,https://greenbook.nafdac.gov.ng/products/details/284,2026-09-27T21:50:58.439770+00:00
Greenbook NAFDAC,1755,10131,Co-Bestan Tablets##,1,Drugs,"{'id': 1, 'name': 'Drugs', 'created_at': '-000001-11-30T00:00:00.000000Z', 'updated_at': '2022-03-17T16:53:12.000000Z', 'deleted_at': None}",260,Irbesartan,,B4-2038,1,Tablet,1,Oral,150 mg; 12.5 mg,329,Vixa Pharmaceutical Company Limited,2021-09-28,2026-09-27,Active,Tablet,3 x 10&#039;s,"Each tablet contains; Irbesartan 150 mg, Hydrochlorothiazide 12.5 mg",,C09DA04,https://greenbook.nafdac.gov.ng/products/details/10131,2026-09-27T21:50:58.439770+00:00
Greenbook NAFDAC,1756,5581,Co-Dilopril Tablets 5 mg##,1,Drugs,"{'id': 1, 'name': 'Drugs', 'created_at': '-000001-11-30T00:00:00.000000Z', 'updated_at': '2022-03-17T16:53:12.000000Z', 'deleted_at': None}",276,Amlodipine (Amlodipine Besilate); Lisinopril,,A4-4466,1,Tablet,1,Oral,5 mg; 5 mg,210,Korlyns Pharmaceuticals Ltd,2023-04-26,2028-04-25,Active,"Tablets

CO-DILOPRIL TABLETS 5MG	AMLODIPIN E BESYLATE 5MG + LISINOPRIL 5MG TABLETS	Mannitol USP 30mg Dibasic Calcium Phosphate 20.67mg Microcrystalline Cellulose 114.8mg Pregelatinized Starch 17mg Magnesium Stearate 1.85mg Croscarmellose Sodium 3,0mg Collodial Silicon Dioxide 0.75mg Colour Opadry white contains Titanium Dioxide 0.18mg Colour Tartrazine Lake 0.18mg Purified Water q.s	A4-4466	Drugs	Imported Products	10*3packs	Prescription Only Medicine (POM)	17/01/2022	KORLYNS PHARMACEUTICALS LIMITED, 7, JAIYE OYEDOTUN STREET, MAGODO LAGOS LAGOS	8123173544	hardeybeecee77@yahoo.com	CRIS PHARMA (INDIA) LTD, E-11,UPSIDC, INDUSTRIAL AREA,SELAQUI, DEHRADUN,UTTARAKHAND,INDIA, India",3 x 10&#039;s (in Alu-Alu blisters),"Each film coated tablet contains: Amlodipine Besylate USP equivalent to Amlodipine 5 mg,  Lisinopril USP equivalent to Lisinopril anhydrous 5 mg
Excipients: Mannitol, Dibasic Calcium Phosphate, Microcrystalline Cellulose, Pregelatinized Starch, Magnesium Stearate, Croscarmellose Sodium, Colloidal Silicon Dioxide, Colour Opadry White (containing Titanium Dioxide USP), Colour Tartrazine Lake, Purified Water",https://admin.greenbook.nafdac.gov.ng/uploadImage/smpc_files/2023/09/23/20230923dab22d7c-dd0e-5baf-82fc-3d2516e38cb9.pdf,C09BB03,https://greenbook.nafdac.gov.ng/products/details/5581,2026-09-27T21:50:58.439770+00:00
Greenbook NAFDAC,1757,3147,Co-Diovan 160 mg/12.5 mg Tablet**,1,Drugs,"{'id': 1, 'name': 'Drugs', 'created_at': '-000001-11-30T00:00:00.000000Z', 'updated_at': '2022-03-17T16:53:12.000000Z', 'deleted_at': None}",271,Valsartan; Hydrochlorothiazide,,A4-1503,1,Tablet,1,Oral,160 mg; 12.5 mg,250,Novartis Nigeria Limited,2020-12-21,2025-12-20,Inactive,"Film-coated tablets.
Oval, non-divisible, film-coated tablets measuring approximately 15.2 mm by 6.2 mm and 4.4 mm in thickness, and weighing approximately 312 mg. The tablets are coloured dark red and imprinted with HHH on one side and CG on the other side",2 x 14&#039;s (in PVC/PVDC/aluminium blisters),"Valsartan Hydrochlorothiazide 160/12.5 mg film-coated tablets.
Each film-coated tablet contains 160 mg valsartan and 12.5mg hydrochlorothiazide",https://admin.greenbook.nafdac.gov.ng/uploadImage/smpc_files/2024/10/05/20241005a1a5da94-f247-53a5-b832-540aa479a6fe.pdf,C09DA03,https://greenbook.nafdac.gov.ng/products/details/3147,2026-09-27T21:50:58.439770+00:00
Greenbook NAFDAC,1758,12412,Co-Diovan 160 mg/12.5 mg Tablet_,1,Drugs,"{'id': 1, 'name': 'Drugs', 'created_at': '-000001-11-30T00:00:00.000000Z', 'updated_at': '2022-03-17T16:53:12.000000Z', 'deleted_at': None}",271,Valsartan; Hydrochlorothiazide,,A4-1503,1,Tablet,1,Oral,160 mg; 12.5 mg,250,Novartis Nigeria Limited,2025-11-26,2030-11-25,Active,"Tablet
",4 x 7&#039;s,"Each tablet contains: Valsartan 160 mg, and Hydrochlorothiazide 12.5 mg",https://admin.greenbook.nafdac.gov.ng/uploadImage/smpc_files/2025/12/30/2025123059299382-4b22-5006-9a04-617dd5008d7a.pdf,C09CA03,https://greenbook.nafdac.gov.ng/products/details/12412,2026-09-27T21:50:58.439770+00:00
Greenbook NAFDAC,1759,8111,Co-Diovan 160/25 mg Tablet**,1,Drugs,"{'id': 1, 'name': 'Drugs', 'created_at': '-000001-11-30T00:00:00.000000Z', 'updated_at': '2022-03-17T16:53:12.000000Z', 'deleted_at': None}",271,Valsartan; Hydrochlorothiazide,,A4-1787,1,Tablet,1,Oral,160 mg; 25 mg,250,Novartis Nigeria Limited,2026-04-28,2031-04-27,Inactive,"Film-coated tablets.
Oval, non-divisible, film-coated tablets measuring approximately 14.2 mm by 5.7 mm and 4.5 mm in thickness, and weighing approximately 310 mg. The tablets are coloured brown orange and imprinted with HXH on one side and NVR on the other side",2 x 14&#039;s (in PVC/PVDC/aluminium blisters),"Valsartan Hydrochlorothiazide 160/25 mg film-coated tablets.
Each film-coated tablet contains 160 mg valsartan and 25 mg hydrochlorothiazide",https://admin.greenbook.nafdac.gov.ng/uploadImage/smpc_files/2024/10/05/20241005ba13a1ed-af8a-5fbf-8a19-9c5aff68cd15.pdf,C09DA03,https://greenbook.nafdac.gov.ng/products/details/8111,2026-09-27T21:50:58.439770+00:00
Greenbook NAFDAC,1760,3148,Co-Diovan 320 mg/12.5 mg Tablet##,1,Drugs,"{'id': 1, 'name': 'Drugs', 'created_at': '-000001-11-30T00:00:00.000000Z', 'updated_at': '2022-03-17T16:53:12.000000Z', 'deleted_at': None}",271,Valsartan; Hydrochlorothiazide,,B4-1425,1,Tablet,1,Oral,320 mg; 12.5 mg,250,Novartis Nigeria Limited,2020-11-10,2025-11-09,Inactive,"Film Coated Tablet
Pink, oval shaped, beveled edge tablet, imprinted with &quot;NVR&quot; on one side and &quot;HIL&quot; on the other side",2 x 14&#039;s (in PVC-Alu blisters),"Each film coated tablet contains: Valsartan 320 mg, Hydrochlorothiazide 12 .5 mg
Excipients q.s.",https://admin.greenbook.nafdac.gov.ng/uploadImage/smpc_files/2024/10/05/2024100581401965-eca4-5c2b-afdd-e5439915fa4e.pdf,C09DA03,https://greenbook.nafdac.gov.ng/products/details/3148,2026-09-27T21:50:58.439770+00:00
Greenbook NAFDAC,1761,3149,Co-Diovan 320 mg/25 mg Tablet**,1,Drugs,"{'id': 1, 'name': 'Drugs', 'created_at': '-000001-11-30T00:00:00.000000Z', 'updated_at': '2022-03-17T16:53:12.000000Z', 'deleted_at': None}",271,Valsartan; Hydrochlorothiazide,,B4-1426,1,Tablet,1,Oral,320 mg; 25 mg,250,Novartis Nigeria Limited,2020-12-21,2025-12-20,Inactive,"Film-coated tablets.
Yellow, ovaloid shaped, beveled edge tablet, imprinted with NVR on one side and CTI on the other side",2 x 14&#039;s (in PVC/PVDC/Aluminium blisters),Each film-coated tablet contains 320,https://admin.greenbook.nafdac.gov.ng/uploadImage/smpc_files/2024/10/05/2024100516aa5190-848a-5819-9a33-00accce1c242.pdf,C09DA03,https://greenbook.nafdac.gov.ng/products/details/3149,2026-09-27T21:50:58.439770+00:00
Greenbook NAFDAC,1762,12413,Co-Diovan 320 mg/25 mg Tablet_,1,Drugs,"{'id': 1, 'name': 'Drugs', 'created_at': '-000001-11-30T00:00:00.000000Z', 'updated_at': '2022-03-17T16:53:12.000000Z', 'deleted_at': None}",271,Valsartan; Hydrochlorothiazide,,B4-1426,1,Tablet,1,Oral,320 mg; 25 mg,250,Novartis Nigeria Limited,2025-11-26,2030-11-25,Active,Tablet,4 x 7&#039;s (in PVC/PVDC blisters),"Each tablet contains: Valsartan 320 mg, and Hydrochlorothiazide 25 mg
Excipients q.s.",https://admin.greenbook.nafdac.gov.ng/uploadImage/smpc_files/2025/12/30/2025123052bf5476-1e16-5c33-9700-41b89adaba54.pdf,C09CA03,https://greenbook.nafdac.gov.ng/products/details/12413,2026-09-27T21:50:58.439770+00:00
Greenbook NAFDAC,1763,8112,Co-Diovan 80/12.5 mg Tablet**,1,Drugs,"{'id': 1, 'name': 'Drugs', 'created_at': '-000001-11-30T00:00:00.000000Z', 'updated_at': '2022-03-17T16:53:12.000000Z', 'deleted_at': None}",271,Valsartan; Hydrochlorothiazide,,04-3691,1,Tablet,1,Oral,80 mg; 12.5 mg,250,Novartis Nigeria Limited,2026-04-28,2031-04-27,Inactive,"Film-coated tablets.
Oval, non-divisible, film-coated tablets measuring approximately 15.2 mm by 6.2 mm and 4.4 mm in thickness, and weighing approximately 312 mg.  The tablets are coloured dark red and imprinted with HHH on one side and CG on the other side",2 x 14&#039;s (in PVC/PVDC/aluminium blisters),"Valsartan Hydrochlorothiazide 80 mg/12.5 mg film-coated tablets.
Each film-coated tablet contains 80 mg valsartan and 12.5 mg hydrochlorothiazide",https://admin.greenbook.nafdac.gov.ng/uploadImage/smpc_files/2024/10/05/20241005d245abba-cc9d-5ce9-9bf2-c7425bb05b65.pdf,C09DA03,https://greenbook.nafdac.gov.ng/products/details/8112,2026-09-27T21:50:58.439770+00:00
Greenbook NAFDAC,1764,7179,Co-Fan QS Tablets**,1,Drugs,"{'id': 1, 'name': 'Drugs', 'created_at': '-000001-11-30T00:00:00.000000Z', 'updated_at': '2022-03-17T16:53:12.000000Z', 'deleted_at': None}",528,Artemether; Lumefantrine,,A4-6518,1,Tablet,1,Oral,80 mg; 480 mg,127,Al-Tinez Pharmaceuticals Limited,2024-01-31,2029-01-30,Active,Tablet,1 x 6&#039;s (in blister),"Each tablet contains: Artemether 80 mg, Lumefantrine 480 mg",https://admin.greenbook.nafdac.gov.ng/uploadImage/smpc_files/2024/02/17/20240217d0cde4ac-93e7-547c-91c0-7bd4a5035330.pdf,P01BF01,https://greenbook.nafdac.gov.ng/products/details/7179,2026-09-27T21:50:58.439770+00:00
Greenbook NAFDAC,1765,8030,Co-Mal Forte Tablet**,1,Drugs,"{'id': 1, 'name': 'Drugs', 'created_at': '-000001-11-30T00:00:00.000000Z', 'updated_at': '2022-03-17T16:53:12.000000Z', 'deleted_at': None}",528,Artemether; Lumefantrine,,B4-5283,1,Tablet,1,Oral,80 mg; 480 mg,1232,CHI Pharmaceutical Limited,2024-08-28,2029-08-27,Active,Uncoated tablet,1 x 6&#039;s (in Alu/PVC blister),"Each uncoated tablet contains: Artemether 80 mg, Lumefantrine 480 mg, Excipients q.s.",https://admin.greenbook.nafdac.gov.ng/uploadImage/smpc_files/2024/12/01/202412011cbbdd87-9170-5ae6-933c-85911899a1cc.pdf,P01BF01,https://greenbook.nafdac.gov.ng/products/details/8030,2026-09-27T21:50:58.439770+00:00
Greenbook NAFDAC,1766,8031,Co-Mal Tablet**,1,Drugs,"{'id': 1, 'name': 'Drugs', 'created_at': '-000001-11-30T00:00:00.000000Z', 'updated_at': '2022-03-17T16:53:12.000000Z', 'deleted_at': None}",528,Artemether; Lumefantrine,, B4-0279,1,Tablet,1,Oral,20 mg; 120 mg,1232,CHI Pharmaceutical Limited,2024-08-28,2029-08-27,Active,"Uncoated tablet.
Yellow colour, round uncoated tablet packaged in an ALU-PVC blister pack",1 x 24&#039;s (in Alu-PVC blister),"Each uncoated tablet contains: Artemether 20 mg, Lumefantrine 120 mg, Excipients q.s.",https://admin.greenbook.nafdac.gov.ng/uploadImage/smpc_files/2024/09/29/20240929b6783895-84f3-57ca-af5f-2c05845c5af0.pdf,P01BF01,https://greenbook.nafdac.gov.ng/products/details/8031,2026-09-27T21:50:58.439770+00:00
Greenbook NAFDAC,1767,8032,Co-Mepiryl Forte Tablet**,1,Drugs,"{'id': 1, 'name': 'Drugs', 'created_at': '-000001-11-30T00:00:00.000000Z', 'updated_at': '2022-03-17T16:53:12.000000Z', 'deleted_at': None}",628,Metformin Hydrochloride; Glimepiride,,B4-6590,1,Tablet,1,Oral,1000 mg; 2 mg,221,May &amp; Baker Nigeria PLC,2024-07-31,2029-07-30,Active,"Tablet for oral administration.
A bilayer capsule-shaped tablets, light yellow colour with “MBN” on one-layer, white colour and no engraving on the other layer",3 x 10&#039;s (in blisters),"Each uncoated bilayer tablet contains: Glimepiride USP 2 mg (Immediate-release form), Metformin Hydrochloride BP 1000 mg (Sustained-release form)",https://admin.greenbook.nafdac.gov.ng/uploadImage/smpc_files/2024/09/17/20240917035104ad-8d40-548a-998a-466c526d9c8c.pdf,,https://greenbook.nafdac.gov.ng/products/details/8032,2026-09-27T21:50:58.439770+00:00
Greenbook NAFDAC,1768,8033,Co-Mepiryl Tablet 2 mg/500 mg**,1,Drugs,"{'id': 1, 'name': 'Drugs', 'created_at': '-000001-11-30T00:00:00.000000Z', 'updated_at': '2022-03-17T16:53:12.000000Z', 'deleted_at': None}",628,Metformin Hydrochloride; Glimepiride,,A4-2825,1,Tablet,1,Oral,500 mg; 2 mg,221,May &amp; Baker Nigeria PLC,2024-07-31,2029-07-30,Active,"Tablet for oral administration.
A bilayer capsule-shaped tablets, light yellow colour with “MBN” on one-layer, white colour and No engraving on the other layer",3 x 10&#039;s (in blisters),"Each uncoated bilayer tablet contains: Glimepiride USP 2 mg (Immediate-release form), Metformin Hydrochloride BP 500 mg (Sustained-release form)",https://admin.greenbook.nafdac.gov.ng/uploadImage/smpc_files/2024/09/17/20240917fdec8905-6089-5264-85a6-ccfc79b04bdc.pdf,,https://greenbook.nafdac.gov.ng/products/details/8033,2026-09-27T21:50:58.439770+00:00
Greenbook NAFDAC,1769,4465,Co-Micardis 40/12.5 mg Tablet##,1,Drugs,"{'id': 1, 'name': 'Drugs', 'created_at': '-000001-11-30T00:00:00.000000Z', 'updated_at': '2022-03-17T16:53:12.000000Z', 'deleted_at': None}",268,Telmisartan; Hydrochlorothiazide,,A4-2150,1,Tablet,1,Oral,40 mg; 12.5 mg,669,World Wide Commercial Ventures Ltd,2022-08-25,2027-08-24,Active,"Tablet
Red and white oblong shaped two layer tablet of 5.2 mm engraved with the company logo and the code &quot;H4&quot;",4 x 7&#039;s (in Alu-Alu blisters),"Each tablet contains: Telmisartan 40 mg, Hydrochlorothiazide 12.5 mg
Each tablet contains: Lactose Monohydrate 112 mg equivalent to Lactose anhydrous 107 mg, Sorbitol (E420) 169 mg
Excipients q.s.",https://admin.greenbook.nafdac.gov.ng/uploadImage/smpc_files/2024/11/18/202411180da3f0c1-ff95-58cb-998f-5e7a666e6000.pdf,C09DA07,https://greenbook.nafdac.gov.ng/products/details/4465,2026-09-27T21:50:58.439770+00:00
Greenbook NAFDAC,1770,4466,Co-Micardis 80/12.5 mg Tablet##,1,Drugs,"{'id': 1, 'name': 'Drugs', 'created_at': '-000001-11-30T00:00:00.000000Z', 'updated_at': '2022-03-17T16:53:12.000000Z', 'deleted_at': None}",268,Telmisartan; Hydrochlorothiazide,,A4-2149,1,Tablet,1,Oral,80 mg; 12.5 mg,669,World Wide Commercial Ventures Ltd,2022-08-25,2027-08-24,Active,"Tablet
Red and white oblong shaped two layer tablet of 6.2 mm engraved with the company logo and the code &quot;H8&quot;",4 x 7&#039;s (in Alu-Alu blisters),"Each tablet contains: Telmisartan 80 mg, Hydrochlorothiazide 12.5 mg
Excipients with known effect: Lactose Monohydrate 112 mg equivalent to Lactose anhydrous 107 mg, Sorbitol (E420) 338 mg
Excipients q.s.",https://admin.greenbook.nafdac.gov.ng/uploadImage/smpc_files/2025/01/13/202501136d3ac14a-04e9-5753-ac56-cbf57939e1da.pdf,C09DA07,https://greenbook.nafdac.gov.ng/products/details/4466,2026-09-27T21:50:58.439770+00:00
Greenbook NAFDAC,1771,4808,Co-Strimax##,1,Drugs,"{'id': 1, 'name': 'Drugs', 'created_at': '-000001-11-30T00:00:00.000000Z', 'updated_at': '2022-03-17T16:53:12.000000Z', 'deleted_at': None}",697,Dutasteride; Tamsulosin Hydrochloride,,A4-100392,1,Tablet,1,Oral,0.5 mg; 0.4 mg,169,Evans Therapeutics Limited,2023-05-25,2028-05-24,Active,"Hard Gelatin Capsule

123	NF-PP-225985	CO-STRIMAX	Tamsulosin and Dutasteride (0.5 mg/ 0.4 mg)	Quantity in mg in 400 mg of pellets blend Tamsulosin HCl 0.40 mg USP, Dutasteride 0.50mg BP, Hypromellose ( HPMC E 5 ) 20MG,Mannitol 250MG, Sucrose 71.10MG, Crospovidone 10MG, Ethyl cellulose 40MG, Diethyl phthalate 8MG, Isopropyl alcohol Q.S, Dichloromethane Q.S		Drugs	Imported Products	3X10	Prescription Only Medicine (POM)	8/14/2021	EVANS THERAPEUTICS LIMITED, ABIMBOLA HOUSE, ABIMBOLA WAY, ISOLO INDUSTRIAL ESTATE, ISOLO LAGOS LAGOS	9062972898	info@evanstherapeutics.com	SUNRISE REMEDIES PVT LIMITED, BLOCK NO. 2244, OPP. SHAH STREET, SANTEJ, TA. KALOL, DIST. GANDHINAGAR GUJARAT, INDIA., India",3 x 10&#039;s (in Alu-Alu blisters),"Each Hard Gelatin Capsule contains: Tamsulosin Hydrochloride USP 0.4 mg (As modified release pellets), Dutasteride 0.5 mg
Excipients q.s.",https://admin.greenbook.nafdac.gov.ng/uploadImage/smpc_files/2023/08/22/202308224044a542-3a93-528b-8e33-6b7c1e958a55.pdf,G04CA52,https://greenbook.nafdac.gov.ng/products/details/4808,2026-09-27T21:50:58.439770+00:00
Greenbook NAFDAC,1772,4809,Co-Trimoxazole Tablet**,1,Drugs,"{'id': 1, 'name': 'Drugs', 'created_at': '-000001-11-30T00:00:00.000000Z', 'updated_at': '2022-03-17T16:53:12.000000Z', 'deleted_at': None}",488,Sulfamethoxazole; Trimethoprim,Co-trimoxazole; Cotrimoxazole,04-6999,1,Tablet,1,Oral,400 mg; 80 mg,504,Cardinal Drugs Limited,2023-05-25,2028-05-24,Active,Tablet,1 x 1000&#039;s,"Each tablet contains: Trimethoprim 80 mg, Sulfamethoxazole 400 mg",,J01EE01,https://greenbook.nafdac.gov.ng/products/details/4809,2026-09-27T21:50:58.439770+00:00
Greenbook NAFDAC,1773,6533,Co-Trox Paediatric Suspension**,1,Drugs,"{'id': 1, 'name': 'Drugs', 'created_at': '-000001-11-30T00:00:00.000000Z', 'updated_at': '2022-03-17T16:53:12.000000Z', 'deleted_at': None}",488,Sulfamethoxazole; Trimethoprim,Co-trimoxazole; Cotrimoxazole,04-9386,102,Suspension,1,Oral,200 mg/5 mL; 40 mg/5 mL,326,Vitabiotics Nigeria Limited,2023-11-30,2028-11-29,Active,"Oral Suspension
Off white in color",1 x 50 mL (in amber PET bottle),"Each 5 mL contains: Sulfamethoxazole BP 200.00 mg, Trimethoprim BP 40.00 mg, Excipients q.s.",https://admin.greenbook.nafdac.gov.ng/uploadImage/smpc_files/2023/12/17/202312178efe4d3b-ab99-5657-aac4-d5ad12a4adf6.pdf,J01EE01,https://greenbook.nafdac.gov.ng/products/details/6533,2026-09-27T21:50:58.439770+00:00
Greenbook NAFDAC,1774,6532,Co-Trox Tablet**,1,Drugs,"{'id': 1, 'name': 'Drugs', 'created_at': '-000001-11-30T00:00:00.000000Z', 'updated_at': '2022-03-17T16:53:12.000000Z', 'deleted_at': None}",488,Sulfamethoxazole; Trimethoprim,Co-trimoxazole; Cotrimoxazole,04-0061,1,Tablet,1,Oral,400 mg; 80 mg,326,Vitabiotics Nigeria Limited,2023-11-30,2028-11-29,Active,"Tablet
White circular shaped tablet with ‘CT/480’ inscribed on one side presented in a blister strip of 10 tablets. 100 of such blisters packed in a carton with insert &amp; HDPE plastic securi container with red press on cap containing 1000 tablets",100 x 10&#039;s (in blisters); 1 x 1000&#039;s (in HDPE container),"Each tablet contains: Trimethoprim BP 80.00 mg, Sulfamethoxazole BP 400.00 mg ",https://admin.greenbook.nafdac.gov.ng/uploadImage/smpc_files/2023/12/17/2023121723755d60-a602-5620-abb0-b73f6a0c31b6.pdf,J01EE01,https://greenbook.nafdac.gov.ng/products/details/6532,2026-09-27T21:50:58.439770+00:00
Greenbook NAFDAC,1775,8113,Coartem 20/120 Dispersible Tablets**,1,Drugs,"{'id': 1, 'name': 'Drugs', 'created_at': '-000001-11-30T00:00:00.000000Z', 'updated_at': '2022-03-17T16:53:12.000000Z', 'deleted_at': None}",528,Artemether; Lumefantrine,,A4-1680,13,Dispersible tablet,1,Oral,20 mg; 120 mg,250,Novartis Nigeria Limited,2021-03-29,2026-03-28,Inactive,Dispersible Tablets,1 x 6&#039;s; 2 x 6&#039;s,Each dispersible tablet contains 20 mg Artemether and 120 mg Lumefantrine,https://admin.greenbook.nafdac.gov.ng/uploadImage/smpc_files/2024/10/06/202410062a3ceb7c-00d1-5c13-935e-a0c42706ea9e.pdf,P01BF01,https://greenbook.nafdac.gov.ng/products/details/8113,2026-09-27T21:50:58.439770+00:00
Greenbook NAFDAC,1776,8114,Coartem 20/120 Tablets**,1,Drugs,"{'id': 1, 'name': 'Drugs', 'created_at': '-000001-11-30T00:00:00.000000Z', 'updated_at': '2022-03-17T16:53:12.000000Z', 'deleted_at': None}",528,Artemether; Lumefantrine,,04-3275,1,Tablet,1,Oral,20 mg; 120 mg,250,Novartis Nigeria Limited,2021-03-29,2026-03-28,Inactive,Tablet,3 x 6&#039;s; 4 x 6&#039;s,Each tablet contains 20 mg Artemether and 120 mg Lumefantrine,https://admin.greenbook.nafdac.gov.ng/uploadImage/smpc_files/2024/11/19/202411191a497409-23f3-54e8-b67b-f88be869cdda.pdf,P01BF01,https://greenbook.nafdac.gov.ng/products/details/8114,2026-09-27T21:50:58.439770+00:00
Greenbook NAFDAC,1777,8115,Coartem 80/480 Tablets**,1,Drugs,"{'id': 1, 'name': 'Drugs', 'created_at': '-000001-11-30T00:00:00.000000Z', 'updated_at': '2022-03-17T16:53:12.000000Z', 'deleted_at': None}",528,Artemether; Lumefantrine,,B4-0262,1,Tablet,1,Oral,80 mg; 480 mg,250,Novartis Nigeria Limited,2021-03-29,2026-03-28,Inactive,Tablet,1 x 6&#039;s,Each tablet contains 80 mg Artemether and 480 mg Lumefantrine,https://admin.greenbook.nafdac.gov.ng/uploadImage/smpc_files/2024/11/19/20241119518440da-883c-5a81-83e2-22e256f70688.pdf,P01BF01,https://greenbook.nafdac.gov.ng/products/details/8115,2026-09-27T21:50:58.439770+00:00
Greenbook NAFDAC,1778,2827,Coatal Dispersible Tablet 20/120 mg##,1,Drugs,"{'id': 1, 'name': 'Drugs', 'created_at': '-000001-11-30T00:00:00.000000Z', 'updated_at': '2022-03-17T16:53:12.000000Z', 'deleted_at': None}",528,Artemether; Lumefantrine,,B4-1056,13,Dispersible tablet,1,Oral,20 mg; 120 mg,179,Geneith Pharmaceuticals Limited,2020-11-30,2025-11-29,Inactive,Dispersible Tablet,,"Each dispersible tablet contains: Artemether 20 mg, Lumefantrine 120 mg",,P01BF01,https://greenbook.nafdac.gov.ng/products/details/2827,2026-09-27T21:50:58.439770+00:00
Greenbook NAFDAC,1779,4810,Coatal Forte Gelatin Capsules## (duplicate NRN),1,Drugs,"{'id': 1, 'name': 'Drugs', 'created_at': '-000001-11-30T00:00:00.000000Z', 'updated_at': '2022-03-17T16:53:12.000000Z', 'deleted_at': None}",528,Artemether; Lumefantrine,,B4-7406,2,Capsule,1,Oral,80 mg; 480 mg,179,Geneith Pharmaceuticals Limited,2023-07-06,2028-07-05,Active,"Soft Gelatin Capsule
Oval shape, purple colored soft gelatin capsule containing yellow colored oily suspension

198	CMS-PP-339784	COATAL FORTE GELATIN CAPSULES	ARTEMETHER + LUMEFANTRINE	Each Soft gelatin capsule contains: ARTEMETHER PH. INT. 80 MG, LUMEFANTRINE PH. INT. 480 MG EXCIPIENTS: Refined Soya Oil, Light Liquid Paraffin, Soya Lecithin, Butylated Hydroxy Anisole, Butylated Hydroxy Toluene, Polyoxyl 40 hydrogenated castor oil (Kolliphor). Capsule shell: Gelatin, Glycerin, Methyl Paraben, Propyl Paraben, Purified Water, Erythrosine Supra, Brilliant Blue, Titanium Dioxide	B4-7406	Drugs	Imported Products	1X6	OTC	7/3/2023	GENEITH PHARMACEUTICALS LIMITED, ADEWALE CRESCENT, OFF EWENLA STREET, OSHODI ISOLO LAGOS	8122912281	ngouzoamaka@yahoo.com	Gelnova Laboratories (India) Pvt. Ltd., C-125, TTC INDUSTRIAL AREA, MAHAPE, NAVI MUMBAI THANE 400703 MAHARASHTRA STATE, INDIA, India",1 x 6&#039;s (in PVC-Alu blister),"Each soft gelatin capsule contains: Artemether Ph. INT 80 mg, Lumefantrine Ph. INT 480 mg
Excipients q.s.",https://admin.greenbook.nafdac.gov.ng/uploadImage/smpc_files/2023/08/23/20230823b877c7cc-cb40-5d7f-a9ca-98d38a073b08.pdf,P01BF01,https://greenbook.nafdac.gov.ng/products/details/4810,2026-09-27T21:50:58.439770+00:00
Greenbook NAFDAC,1780,2828,Coatal Forte Tablet 80/480##,1,Drugs,"{'id': 1, 'name': 'Drugs', 'created_at': '-000001-11-30T00:00:00.000000Z', 'updated_at': '2022-03-17T16:53:12.000000Z', 'deleted_at': None}",528,Artemether; Lumefantrine,,A4-1371,1,Tablet,1,Oral,80 mg; 480 mg,179,Geneith Pharmaceuticals Limited,2020-11-30,2025-11-29,Inactive,Tablet,,"Each tablet contains: Artemether 80 mg, Lumefantrine 480 mg",,P01BF01,https://greenbook.nafdac.gov.ng/products/details/2828,2026-09-27T21:50:58.439770+00:00
Greenbook NAFDAC,1781,4811,Coatal Soft Gelatin Capsules##,1,Drugs,"{'id': 1, 'name': 'Drugs', 'created_at': '-000001-11-30T00:00:00.000000Z', 'updated_at': '2022-03-17T16:53:12.000000Z', 'deleted_at': None}",528,Artemether; Lumefantrine,,A4-100474,2,Capsule,1,Oral,20 mg; 120 mg,179,Geneith Pharmaceuticals Limited,2023-07-06,2028-07-05,Active,"Soft Gelatin Capsule
Oval shape, purple colored soft gelatin capsule containing yellow colored oily suspension

197	NF-PP-339769	COATAL SOFT GELATIN CAPSULES	ARTEMETHER 20 MG, LUMEFANTRINE 120 MG	Artemether 20 mg + Lumefantrine 120 mg EXCIPIENTS: Refined Soya Oil, Light Liquid Paraffin, Soya Lecithin, Butylated Hydroxy Anisole, Butylated Hydroxy Toluene, Polyoxyl 40 hydrogenated castor oil (Kolliphor). Capsule shell: Gelatin, Glycerin, Methyl Paraben, Propyl Paraben, Purified Water, Sunset Yellow, Titanium Dioxide		Drugs	Imported Products	1*24	OTC	7/3/2023	GENEITH PHARMACEUTICALS LIMITED, ADEWALE CRESCENT, OFF EWENLA STREET, OSHODI ISOLO LAGOS	8122912281	ngouzoamaka@yahoo.com	Gelnova Laboratories (India) Pvt. Ltd., C-125, TTC INDUSTRIAL AREA, MAHAPE, NAVI MUMBAI THANE 400703 MAHARASHTRA STATE, INDIA, India",1 x 24&#039;s (in PVC-Alu blister),"Each soft gelatin capsule contains: Artemether Ph. INT 20 mg, Lumefantrine Ph. INT 120 mg
Excipients q.s.",https://admin.greenbook.nafdac.gov.ng/uploadImage/smpc_files/2023/08/23/20230823713a0d6f-ffed-59f3-af97-1d039c361a28.pdf,P01BF01,https://greenbook.nafdac.gov.ng/products/details/4811,2026-09-27T21:50:58.439770+00:00
Greenbook NAFDAC,1782,2826,Coatal##,1,Drugs,"{'id': 1, 'name': 'Drugs', 'created_at': '-000001-11-30T00:00:00.000000Z', 'updated_at': '2022-03-17T16:53:12.000000Z', 'deleted_at': None}",528,Artemether; Lumefantrine,,A4-1178,1,Tablet,1,Oral,20 mg; 120 mg,179,Geneith Pharmaceuticals Limited,2021-03-01,2026-02-28,Inactive,"Tablet
A yellow colored round shape flat uncoated tablet, plain on both sides",1 x 6&#039;s (in blister),"Each uncoated tablet contains: Artemether 20 mg, Lumefantrine 120 mg
Excipients q.s.",https://admin.greenbook.nafdac.gov.ng/uploadImage/smpc_files/2023/05/29/202305290c12e201-c8dd-5135-93d2-187220f8e8d0.pdf,P01BF01,https://greenbook.nafdac.gov.ng/products/details/2826,2026-09-27T21:50:58.439770+00:00
Greenbook NAFDAC,1783,9797,Coaxin Tablets##,1,Drugs,"{'id': 1, 'name': 'Drugs', 'created_at': '-000001-11-30T00:00:00.000000Z', 'updated_at': '2022-03-17T16:53:12.000000Z', 'deleted_at': None}",535,Dihydroartemisinin; Piperaquine Phosphate,,B4-8578,1,Tablet,1,Oral,40 mg; 320 mg,592,Bezik Pharma Limited,2025-01-30,2030-01-29,Active,"Film Coated Tablet
Blue colored, round shaped, biconvex, film coated tablet

COAXIN TABLETS	DIHYDROARTEMISININ 40 mg + PIPERAOUINE PHOSPHATE 320 mg	DIHYDROARTEMISININ 40MG, PIPERAOUINE PHOSPHATE 320MG Maize Starch Microcrystalline Cellulose Povidone K-30 Isopropyl Alcohol Purified Talc Magnesium stearate Colloidal silicon dioxide Kyron T-314 Iso Propyl alcohol Lake of indigo carmine Methylene Chloride	B4-8578	Drugs	Imported Products	1*9	Over The Counter (OTC)	5/14/2024	BEZIK PHARMA LIMITED, JESSE JACKSON STREET ASOKORO ABUJA FCT	92758309	bezikpharma.ng@gmail.com	M/s. RELAX BIOTECH PVT LTD, 862/1, G.I.D.C., MAKARPURA, City: VADODARA 391010, Dist.: VADODARA GUJARAT STATE, INDIA., India								",1 x 9&#039;s (in Alu-PVC blister),"Each film coated tablet contains: Dihydroartemisinin 40 mg, Piperaquine Phosphate 320 mg
Excipients q.s.
Color: Lake of Indigo Carmine",https://admin.greenbook.nafdac.gov.ng/uploadImage/smpc_files/2025/03/18/20250318d9c2f662-82fd-5bc7-afbe-c16c4a3c290c.pdf,P01BF05,https://greenbook.nafdac.gov.ng/products/details/9797,2026-09-27T21:50:58.439770+00:00
Greenbook NAFDAC,1784,631,Coaxin Tablets## (duplicate),1,Drugs,"{'id': 1, 'name': 'Drugs', 'created_at': '-000001-11-30T00:00:00.000000Z', 'updated_at': '2022-03-17T16:53:12.000000Z', 'deleted_at': None}",535,Dihydroartemisinin; Piperaquine Phosphate,,B4-8578,1,Tablet,1,Oral,40 mg; 320 mg,592,Bezik Pharma Limited,2020-11-10,2025-11-09,Inactive,Tablet,,"Each tablet contains: Dihydroartemisinin 40 mg, Piperaquine Phosphate 320 mg",,P01BF07,https://greenbook.nafdac.gov.ng/products/details/631,2026-09-27T21:50:58.439770+00:00
Greenbook NAFDAC,1785,4812,Coco Cemitab 200##,1,Drugs,"{'id': 1, 'name': 'Drugs', 'created_at': '-000001-11-30T00:00:00.000000Z', 'updated_at': '2022-03-17T16:53:12.000000Z', 'deleted_at': None}",170,Cimetidine,,A4-5614,1,Tablet,1,Oral,200 mg,368,KCH Consumer Healthcare Limited,2023-07-06,2028-07-05,Active,"Uncoated Tablet

41	CMS-PP-272474	COCO CEMITAB 200	CIMETIDINE USP 200MG	Cimetidine 200mg, Magnesium stearate, Talc powder, Corn starch, Methy paraben	A4-5614	Drugs	ALIMENTARY TRACT AND METABOLISM	Nigerian Products	1x20	POM 1	6/29/2022	KCH CONSUMER HEALTHCARE LIMITED, 2B, KWAME NKRUMAH LANE, CROWN ESTATE LEKKI EPE EXPRESSWAY	8032317925	Kchconsumer@gmail.com	KCH Consumer Healthcare Ltd., Plot 1-6 KCH Close, Off Atlantic Hall Expressway, Poka, Lekki Free Trade Zone, Epe, Lagos., Nigeria",1 x 20&#039;s (in PVC-Alu blister),"Each uncoated caplet contains: Cimetidine 200 mg
Excipients q.s.",https://admin.greenbook.nafdac.gov.ng/uploadImage/smpc_files/2023/09/18/20230918a82150ff-08d6-5e36-b183-234b4ee45bf2.pdf,A02BA01,https://greenbook.nafdac.gov.ng/products/details/4812,2026-09-27T21:50:58.439770+00:00
Greenbook NAFDAC,1786,4813,Coco Cemitab 400##,1,Drugs,"{'id': 1, 'name': 'Drugs', 'created_at': '-000001-11-30T00:00:00.000000Z', 'updated_at': '2022-03-17T16:53:12.000000Z', 'deleted_at': None}",170,Cimetidine,,A4-7657,1,Tablet,1,Oral,400 mg,368,KCH Consumer Healthcare Limited,2023-07-06,2028-07-05,Active,"Uncoated Tablet

40	CMS-PP-268461	COCO CEMITAB 400	CIMETIDINE 400MG	Cimetidine 400mg, corn starch, dibasic calcium phosphate, sodium starch glycolate, PVP.30, methyl and propyl paraben, talc, aerosil, Magnesium stearate.	A4-7657	Drugs	ALIMENTARY TRACT AND METABOLISM	Nigerian Products	20 tablets	POM 1	6/29/2022	KCH CONSUMER HEALTHCARE LIMITED, 2B, KWAME NKRUMAH LANE, CROWN ESTATE LEKKI EPE EXPRESSWAY	8032317925	Kchconsumer@gmail.com	KCH Consumer Healthcare Ltd., Plot 1-6 KCH Close, Off Atlantic Hall Expressway, Poka, Lekki Free Trade Zone, Epe, Lagos., Nigeria",1 x 20&#039;s (in PVC-Alu blister),"Each uncoated caplet contains:  Cimetidine 400 mg
Excipients q.s.",https://admin.greenbook.nafdac.gov.ng/uploadImage/smpc_files/2023/09/18/20230918b827d35f-675b-57d6-a65d-1a1df98e0dda.pdf,A02BA01,https://greenbook.nafdac.gov.ng/products/details/4813,2026-09-27T21:50:58.439770+00:00
Greenbook NAFDAC,1787,6841,Coco Lincomycin Capsules##,1,Drugs,"{'id': 1, 'name': 'Drugs', 'created_at': '-000001-11-30T00:00:00.000000Z', 'updated_at': '2022-03-17T16:53:12.000000Z', 'deleted_at': None}",495,Lincomycin (Lincomycin Hydrochloride),,A4-5219,2,Capsule,1,Oral,500 mg,368,KCH Consumer Healthcare Limited,2023-12-21,2028-12-20,Active,"Capsule
A blue/sky blue hard gelatin capsule containing Lincomycin Hydrochloride equivalent to Lincomycin BP 500 mg

45	CMS-PP-383454	COCO LINCOMYCIN CAPSULES	LINCOMYCIN 500MG	LINCOMYCIN 500MG, METHY PARABEN, CORN STARCH, TALC POWDER, MAGNESIUM STEARATE	A4-5219	Drugs	Nigerian Products	3*4Capsules	Prescription Only Medicine (POM)	11/2/2023	KCH CONSUMER HEALTHCARE LIMITED, 2B, KWAME NKRUMAH LANE, CROWN ESTATE LEKKI EPE EXPRESSWAY	8032317925	Kchconsumer@gmail.com	KCH Consumer Healthcare Ltd., Plot 1-6 KCH Close, Off Atlantic Hall Expressway, Poka, Lekki Free Trade Zone, Epe, Lagos., Nigeria",3 x 4&#039;s (in PVC-Alu blisters),"Each capsule contains: Lincomycin Hydrochloride BP equivalent to Lincomycin 500 mg
Excipients q.s.",https://admin.greenbook.nafdac.gov.ng/uploadImage/smpc_files/2024/11/18/202411180743b93d-710f-58bb-97d6-dffe00c4729b.pdf, J01FF0,https://greenbook.nafdac.gov.ng/products/details/6841,2026-09-27T21:50:58.439770+00:00
Greenbook NAFDAC,1788,5587,Coco Piroxicam Capsule##,1,Drugs,"{'id': 1, 'name': 'Drugs', 'created_at': '-000001-11-30T00:00:00.000000Z', 'updated_at': '2022-03-17T16:53:12.000000Z', 'deleted_at': None}",91,Piroxicam,,A4-7802,2,Capsule,1,Oral,20 mg,368,KCH Consumer Healthcare Limited,2023-04-26,2028-04-25,Active,"Capsule

COCO PIROXICAM CAPSULE	PIROXICAM 20MG USP	Piroxicam USP 20mg ,corn starch, lactose,talc, magnesium stearate	A4-7802	Drugs	MUSCULO-SKELETAL SYSTEM	Nigerian Products	10x10	POM 1	27/06/2022	KCH CONSUMER HEALTHCARE LIMITED, 2B, KWAME NKRUMAH LANE, CROWN ESTATE LEKKI EPE EXPRESSWAY AJAH LEKKI LAGOS	8032317925	Kchconsumer@gmail.com	KCH Consumer Healthcare Ltd., Plot 1-6 KCH Close, Off Atlantic Hall Expressway, Poka, Lekki Free Trade Zone, Epe, Lagos., Nigeria",10 x 10&#039;s (in PVC-Alu blisters),"Each capsule contains: Piroxicam USP 20 mg
Excipients q.s.",https://admin.greenbook.nafdac.gov.ng/uploadImage/smpc_files/2023/09/25/2023092569340f0b-933b-5667-a852-14c9077d3bfb.pdf,M01AC01,https://greenbook.nafdac.gov.ng/products/details/5587,2026-09-27T21:50:58.439770+00:00
Greenbook NAFDAC,1789,8034,Coco Vitamin C + Glucose**,1,Drugs,"{'id': 1, 'name': 'Drugs', 'created_at': '-000001-11-30T00:00:00.000000Z', 'updated_at': '2022-03-17T16:53:12.000000Z', 'deleted_at': None}",347,Vitamin C; Glucose,,A4-5388 ,1,Tablet,1,Oral,50 mg; 150 mg,368,KCH Consumer Healthcare Limited,2024-07-31,2029-07-30,Active,Tablet,2 x 12&#039;s,Each tablet contains: Vitamin C 50 mg and Glucose 150 mg,https://admin.greenbook.nafdac.gov.ng/uploadImage/smpc_files/2024/12/02/20241202990615a0-b99a-5013-bb87-7edee19aff8f.pdf,,https://greenbook.nafdac.gov.ng/products/details/8034,2026-09-27T21:50:58.439770+00:00
Greenbook NAFDAC,1790,6759,Coco Vitamin C Chewable##,1,Drugs,"{'id': 1, 'name': 'Drugs', 'created_at': '-000001-11-30T00:00:00.000000Z', 'updated_at': '2022-03-17T16:53:12.000000Z', 'deleted_at': None}",346,Ascorbic Acid,Vitamin C,A11-100613,6,Chewable tablet,1,Oral,100 mg,368,KCH Consumer Healthcare Limited,2023-12-21,2028-12-20,Active,"Tablet

5	NF-PP-309371	COCO VITAMIN C Chewable	Vitamin C (Ascorbic acid) 100mg	Vitamin C (Ascorbic acid) 100mg, Magnesium Stearate, Talc powder, Corn starch, Methy paraben.	A11-100613	Drugs	Nigerian Products	1*100	Over The Counter (OTC)	1/24/2023	KCH CONSUMER HEALTHCARE LIMITED, 2B, KWAME NKRUMAH LANE, CROWN ESTATE LEKKI EPE EXPRESSWAY	8032317925	Kchconsumer@gmail.com	KCH Consumer Healthcare Ltd., Plot 1-6 KCH Close, Off Atlantic Hall Expressway, Poka, Lekki Free Trade Zone, Epe, Lagos., Nigeria",1 x 100&#039;s (in a jar),"Each tablet contains: Ascorbic Acid 100 mg
Excipients q.s.",https://admin.greenbook.nafdac.gov.ng/uploadImage/smpc_files/2024/01/02/20240102ca7d7868-af14-5955-8cf2-4b23d1b72983.pdf,A11GA01,https://greenbook.nafdac.gov.ng/products/details/6759,2026-09-27T21:50:58.439770+00:00
Greenbook NAFDAC,1791,12414,Cocoff Capsules_,1,Drugs,"{'id': 1, 'name': 'Drugs', 'created_at': '-000001-11-30T00:00:00.000000Z', 'updated_at': '2022-03-17T16:53:12.000000Z', 'deleted_at': None}",1023,Phenylephrine Hydrochloride; Chlorphenamine Maleate,,04-8158,2,Capsule,1,Oral,2.5 mg; 4 mg,763,Anisun Pharmaceutical Company Limited,2025-11-26,2030-11-25,Active,"Capsule.
Pink-colored cap with clear transparent body capsules size &quot;2&quot; containing white, pink and yellow pellets",10 x 10&#039;s (in Alu-PVC blisters),"Each capsule contains: Phenylephrine Hydrochloride 2.5 mg, and Chlorphenamine Maleate 4 mg
Excipients q.s.",https://admin.greenbook.nafdac.gov.ng/uploadImage/smpc_files/2025/12/23/20251223a1cb4555-5fed-5b83-9307-3aca69b8cc75.pdf,R01BA53,https://greenbook.nafdac.gov.ng/products/details/12414,2026-09-27T21:50:58.439770+00:00
Greenbook NAFDAC,1792,3233,Cod Atorvastatin 10 mg Tablets##,1,Drugs,"{'id': 1, 'name': 'Drugs', 'created_at': '-000001-11-30T00:00:00.000000Z', 'updated_at': '2022-03-17T16:53:12.000000Z', 'deleted_at': None}",300,Atorvastatin (Atorvastatin Calcium),,B4-0233,1,Tablet,1,Oral,10 mg,149,Codix Pharma Limited,2020-12-21,2025-12-20,Inactive,Tablet,,Each tablet contains: Atorvastatin (as Atorvastatin Calcium) 10 mg,,C10AA05,https://greenbook.nafdac.gov.ng/products/details/3233,2026-09-27T21:50:58.439770+00:00
Greenbook NAFDAC,1793,3234,Cod Atorvastatin 20 mg Tablets##,1,Drugs,"{'id': 1, 'name': 'Drugs', 'created_at': '-000001-11-30T00:00:00.000000Z', 'updated_at': '2022-03-17T16:53:12.000000Z', 'deleted_at': None}",300,Atorvastatin (Atorvastatin Calcium),,B4-0388,1,Tablet,1,Oral,20 mg,149,Codix Pharma Limited,2020-12-21,2025-12-20,Inactive,Tablet,,Each tablet contains: Atorvastatin (as Atorvastatin Calcium) 20 mg,,C10AA05,https://greenbook.nafdac.gov.ng/products/details/3234,2026-09-27T21:50:58.439770+00:00
Greenbook NAFDAC,1794,4814,Codatemin Blood Tonic**,1,Drugs,"{'id': 1, 'name': 'Drugs', 'created_at': '-000001-11-30T00:00:00.000000Z', 'updated_at': '2022-03-17T16:53:12.000000Z', 'deleted_at': None}",322,Ferric ammonium citrate; Folic acid; Vitamin B12,,A4-8001,103,Syrup,1,Oral,80 mg/5 mL; 0.5 mg/5 mL; 5 mcg/5 mL,893,Steven&#039;s Pharmaceuticals Limited,2023-05-25,2028-05-24,Active,Oral liquid,200 mL (in amber coloured PVC bottle),"Each 5 mL syrup contains: Ferric ammonium citrate 80 mg (equivalent to elemental Iron 17.2 mg), Vitamin B12 (Cyanocobalamin) 5 mcg, Vitamin B9 (Folic Acid) 0.5 mg",https://admin.greenbook.nafdac.gov.ng/uploadImage/smpc_files/2023/09/20/2023092067a3aa84-cd2e-5b5b-b1d3-3bbd2c8bca02.pdf,B03AE01,https://greenbook.nafdac.gov.ng/products/details/4814,2026-09-27T21:50:58.439770+00:00
Greenbook NAFDAC,1795,6727,Coderal 80/480 Tablets##,1,Drugs,"{'id': 1, 'name': 'Drugs', 'created_at': '-000001-11-30T00:00:00.000000Z', 'updated_at': '2022-03-17T16:53:12.000000Z', 'deleted_at': None}",528,Artemether; Lumefantrine,,B4-7522,1,Tablet,1,Oral,80 mg; 480 mg,676,Jonco Pharmaceutical Company Ltd,2023-12-21,2028-12-20,Active,"Film Coated Tablet

152	RNW-PP-259588	CODERAL 80/480 TABLETS	ARTEMETHER 80MG, LUMENFANTRINE 480MG	ARTEMETHER 80MG, LUMENFANTRINE 480MG	B4-7522	Drugs	Imported Products	1X6	Over The Counter (OTC)	9/4/2023	JONCO PHARMACEUTICAL LTD, SAM EZE STREET, CORRIDOR LAYOUT ENUGU ENUGU	0	joncopharm@gmail.com	McW HEALTHCARE PVT. LTD., 286, 287-A, 287-B, SECTOR-E, INDUSTRIAL AREA, SANWER ROAD INDORE (M.P.), INDIA., India",1 x 6&#039;s (in blister),"Each film coated tablet contains: Artemether 80 mg, Lumefantrine 480 mg
Excipients q.s.
Colours: Permitted",https://admin.greenbook.nafdac.gov.ng/uploadImage/smpc_files/2024/01/01/2024010143b986f5-1c40-5d60-8897-c3ab4776d5b9.pdf,P01BF01,https://greenbook.nafdac.gov.ng/products/details/6727,2026-09-27T21:50:58.439770+00:00
Greenbook NAFDAC,1796,11460,Codiolad Plus 80/12.5 Tablets_,1,Drugs,"{'id': 1, 'name': 'Drugs', 'created_at': '-000001-11-30T00:00:00.000000Z', 'updated_at': '2022-03-17T16:53:12.000000Z', 'deleted_at': None}",271,Valsartan; Hydrochlorothiazide,,B4-9850,1,Tablet,1,Oral,80 mg; 12.5 mg,826,Ladfield Global Resources Ltd,2025-06-25,2030-06-24,Active,Tablet,3 x 10&#039;s ,"Each tablet contains: Valsartan 80 mg, and Hydrochloride 12.5 mg
Excipients q.s.",,C09DA03,https://greenbook.nafdac.gov.ng/products/details/11460,2026-09-27T21:50:58.439770+00:00
Greenbook NAFDAC,1797,285,Codisin Plus Tablet##,1,Drugs,"{'id': 1, 'name': 'Drugs', 'created_at': '-000001-11-30T00:00:00.000000Z', 'updated_at': '2022-03-17T16:53:12.000000Z', 'deleted_at': None}",535,Dihydroartemisinin; Piperaquine Phosphate,,A4-4917,1,Tablet,1,Oral,40 mg; 320 mg,179,Geneith Pharmaceuticals Limited,2021-06-24,2026-06-23,Inactive,"Tablet
Scored opaque green, oblong shaped tablet
",3 x 3&#039;s (in PVC-Alu blisters),"Each tablet contains: Dihydroartemisinin 40 mg, Piperaquine Phosphate 320 mg
Excipients q.s.",https://admin.greenbook.nafdac.gov.ng/uploadImage/smpc_files/2023/05/28/202305281a33fdcc-1805-516c-9f3f-2e729c20e7c4.pdf,P01BF07,https://greenbook.nafdac.gov.ng/products/details/285,2026-09-27T21:50:58.439770+00:00
Greenbook NAFDAC,1798,10633,Codix Ramipril - 5 mg Tablets##,1,Drugs,"{'id': 1, 'name': 'Drugs', 'created_at': '-000001-11-30T00:00:00.000000Z', 'updated_at': '2022-03-17T16:53:12.000000Z', 'deleted_at': None}",255,Ramipril,,B4-6527,1,Tablet,1,Oral,5 mg,149,Codix Pharma Limited,2022-11-24,2027-11-23,Active,"Uncoated Tablet

6/10/2024 12:35:17	Codix Ramipril - 5mg Tablets	Ramipril 5mg Tablets	B4-6527	Tablets	Oral	Ramipril BP 5mg	5mg	10*10; 3*10	POM	Codix Pharma Limited	207, Ikorodu Road, Ilupeju, Lagos.	Stallion Laboratories PVT LTD	C-1B, 305/2, 3, 4 &amp; 5, G. I. D. C. Kerala (Bavla), Dist.: Ahmedabad-382 220, Gujarat, India	India	24/11/2022	23/11/2027	No	C09AA05","10 x 10&#039;s, 3 x 10&#039;s (in Alu-Alu blisters)","Each uncoated tablet contains: Ramipril 5 mg
Excipients: Microcrystalline Cellulose Phosphate, Anhydrous Calcium Hydrogen Phosphate, Sodium Lauryl Sulphate, Sodium Bicarbonate, Croscarmellose Sodium, Colloidal Anhydrous Silica, Purified Talc, Magnesium Stearate",https://admin.greenbook.nafdac.gov.ng/uploadImage/smpc_files/2025/02/03/2025020367315fe9-3528-5ea6-bcca-b430f3b257da.pdf,C09AA05,https://greenbook.nafdac.gov.ng/products/details/10633,2026-09-27T21:50:58.439770+00:00
Greenbook NAFDAC,1799,8035,Codolin Expectorant**,1,Drugs,"{'id': 1, 'name': 'Drugs', 'created_at': '-000001-11-30T00:00:00.000000Z', 'updated_at': '2022-03-17T16:53:12.000000Z', 'deleted_at': None}",1054,Diphenhydramine; Ammonium chloride; Sodium citrate; Menthol,,A11-0690,103,Syrup,1,Oral,14 mg/5 mL; 135 mg/5 mL; 57 mg/5 mL; 1.1 mg/5 mL,559,Tuyil Pharmaceutical Industries Ltd,2024-08-28,2029-08-27,Active,"Oral Syrup.
A reddish/brown viscous syrup with a characteristic odour in an amber bottle",100 mL (in amber PET bottle),"Each 5 mL contains: Diphenhydramine HCl 14 mg, Ammonium Chloride 135 mg, Sodium Citrate 57 mg, Menthol 1.1 mg",https://admin.greenbook.nafdac.gov.ng/uploadImage/smpc_files/2024/10/01/20241001dc95e53b-aec7-5c27-8a1d-d1e46c81f206.pdf,,https://greenbook.nafdac.gov.ng/products/details/8035,2026-09-27T21:50:58.439770+00:00
Greenbook NAFDAC,1800,11336,Cof Off Cough Syrup for Children**,1,Drugs,"{'id': 1, 'name': 'Drugs', 'created_at': '-000001-11-30T00:00:00.000000Z', 'updated_at': '2022-03-17T16:53:12.000000Z', 'deleted_at': None}",1051,Diphenhydramine HCl; Sodium citrate,,A4-5473,103,Syrup,1,Oral,7 mg/5 mL; 28.5 mg/5 mL,223,Me Cure Industries Limited,2021-12-02,2026-12-01,Active,Oral Liquid,100 mL,"Each 5 mL contains: Diphenhydramine HCI 7 mg, Sodium Citrate 28. 5 mg",,R06AA52,https://greenbook.nafdac.gov.ng/products/details/11336,2026-09-27T21:50:58.439770+00:00
Greenbook NAFDAC,1801,10636,Cof Off Syrup Expectorant**,1,Drugs,"{'id': 1, 'name': 'Drugs', 'created_at': '-000001-11-30T00:00:00.000000Z', 'updated_at': '2022-03-17T16:53:12.000000Z', 'deleted_at': None}",1056,Diphenhydramine Hydrochloride; Ammonium chloride; Menthol,,A4-5479,103,Syrup,1,Oral,14 mg/5 mL; 135 mg/5 mL; 1.1 mg/5 mL,223,Me Cure Industries Limited,2021-12-02,2026-12-01,Active,"Syrup
Light orange colored syrupy liquid having pleasant odour and taste",100 mL ( in amber PET Bottle),"Each 5 mL contains: Diphenhydramine Hydrochloride 14 mg, Ammonium Chloride B.P 135 mg, Menthol 1.1 mg

Excipients:
Ammonium Chloride, Menthol, Sugar, Disodium EDTA, Sodium Benzoate, Sorbitol, Glycerin, Liquid Glucose, Propylene Glycol, Xanthan Gum, Carmoisine Supra, Sunset Yellow Supra, Erythrosine Supra, Raspberry Flavour, Caramel Color",https://admin.greenbook.nafdac.gov.ng/uploadImage/smpc_files/2025/02/03/202502035a5eb0b8-0545-5292-831c-437d084a497c.pdf,R06AA57,https://greenbook.nafdac.gov.ng/products/details/10636,2026-09-27T21:50:58.439770+00:00
Greenbook NAFDAC,1802,11078,Cofex Lozenges##,1,Drugs,"{'id': 1, 'name': 'Drugs', 'created_at': '-000001-11-30T00:00:00.000000Z', 'updated_at': '2022-03-17T16:53:12.000000Z', 'deleted_at': None}",2056,Ammonium Chloride; Ipecacuanha Liquid Extract ;  Liquorice Extract ; Peppermint Oil; Aniseed Oil,,A11-0372,45,Lozenge,1,Oral,1mg; 2.5µL; 50mg; 1µL; 1µL,291,SKG - Pharma Ltd,2022-12-13,2027-12-12,Active,"Lozenge
Round, faint brown lozenges
",10 x 10&#039;s (in Alu-Alu blisters),"Each lozenge contains: Ammonium Chloride 1 mg, Ipecacuanha Liquid Extract 2.5 ",https://admin.greenbook.nafdac.gov.ng/uploadImage/smpc_files/2025/01/22/2025012215450376-405a-5d4f-9321-ba6d5ae7677f.pdf,R05CA10,https://greenbook.nafdac.gov.ng/products/details/11078,2026-09-27T21:50:58.439770+00:00
Greenbook NAFDAC,1803,4337,Coflax Cough Syrup (Adult)**,1,Drugs,"{'id': 1, 'name': 'Drugs', 'created_at': '-000001-11-30T00:00:00.000000Z', 'updated_at': '2022-03-17T16:53:12.000000Z', 'deleted_at': None}",1038,Ephedrine; Chlorphenamine; Ammonium chloride; Sodium citrate; Menthol,,04-7312,103,Syrup,1,Oral,6 mg/5 mL; 2 mg/5 mL; 80 mg/5 mL; 40 mg/5 mL; 2 mg/5 mL,162,Drugfield Pharmaceuticals Limited,2021-03-30,2026-03-29,Inactive,Oral liquid,,"Each 5 mL syrup contains: Ephedrine Hydrochloride 6 mg, Chlorphenamine Maleate 2 mg, Ammonium Chloride 80 mg, Sodium Citrate 40 mg, Menthol Crystals 2 mg

Excipients:
Sucrose, Methyl Paraben, Citric Acid, Propyl Paraben, Sodium Carboxyl Methyl Cellulose (M.V), Sodium Saccharin, Alura Red, Raspberry Essence Lt, Ethanol, Purified Water (to Volume)",https://admin.greenbook.nafdac.gov.ng/uploadImage/smpc_files/2024/06/25/20240625d1af3ca0-3d33-5b0b-a9ff-b91a6e6d4bae.pdf,R05CA10,https://greenbook.nafdac.gov.ng/products/details/4337,2026-09-27T21:50:58.439770+00:00
Greenbook NAFDAC,1804,4338,Coflax Cough Syrup (Children)**,1,Drugs,"{'id': 1, 'name': 'Drugs', 'created_at': '-000001-11-30T00:00:00.000000Z', 'updated_at': '2022-03-17T16:53:12.000000Z', 'deleted_at': None}",1054,Diphenhydramine; Ammonium chloride; Sodium citrate; Menthol,,04-7338,103,Syrup,1,Oral,7 mg/5 mL; 65 mg/5 mL; 28.5 mg/5 mL; 1 mg/5 mL,162,Drugfield Pharmaceuticals Limited,2021-03-29,2026-03-28,Inactive,Oral liquid,100 mL (in amber bottle),"Each 5 mL syrup contains: Diphenhydramine HCl 7 mg, Ammonium Chloride 65 mg, Sodium Citrate 28.5 mg, Menthol Crystals 1 mg

Excipients:
Citric Acid, Sucrose, Aspartame, Methyl Paraben, Propyl Paraben, Sodium Carboxyl Methyl Cellulose (M.V), Sodium Hydroxide, Alura Red, Strawberry Essence Lt, Ethanol Lt, Purified Water (to Volume)",https://admin.greenbook.nafdac.gov.ng/uploadImage/smpc_files/2024/06/25/202406250449be96-9338-58e6-8d0b-de8e0b929e27.pdf,Pending,https://greenbook.nafdac.gov.ng/products/details/4338,2026-09-27T21:50:58.439770+00:00
Greenbook NAFDAC,1805,5668,Cofta Syrup## (strength format),1,Drugs,"{'id': 1, 'name': 'Drugs', 'created_at': '-000001-11-30T00:00:00.000000Z', 'updated_at': '2022-03-17T16:53:12.000000Z', 'deleted_at': None}",1629,Ammonium chloride; Ipecacacuanha Extract; Liquorice Extract; Peppermint Oil; Aniseed Oil,,04-0106,103,Syrup,1,Oral,30 mg/5 mL; 10 µL/5 mL; 50 mg/5 mL; 6.9µL/5 mL; 2.6µL/5 mL,337,Evans Baroque Limited,2023-08-31,2028-08-30,Active,"Syrup
Cofta Syrup is presented as a dark brown viscous liquid

COFTA SYRUP	AMMONIUM CHLORIDE 30MG, IPECAC EXTRACT 10UL, LIQUORICE EXTRACT 50MG, PEPPERMINT OIL 6.9UL, ANISEED OIL 2.6UL	Ammonium Chloride 30mg, Ipecac extract 10uL, Liquorice extract 50mg, Peppermint oil 6.9uL, Aniseed oil 2.6uL	04-0106	Drugs	Nigerian Products	60ml	Over The Counter (OTC)	17/04/2020	EVANS BAROQUE LIMITED, LAGOS BADAGRY EXPRESS WAY, AGBARA INDUSTRIAL ESTATE, AGBARA, OGUN STATE ISOLO LAGOS	8033304149	regulatory@evansbaroque.com	EVANS BAROQUE LIMITED, KM. 32, LAGOS-BADAGRY EXPRESSWAY, AGBARA INDUSTRIAL ESTATE, AGBARA, OGUN STATE, Nigeria",1 x 60 mL (in PET bottle),"Cofta Syrup contains: Ammonium Chloride 30 mg, Ipecac Extract 10 uL, Liquorice Extract 50 mg, Peppermint Oil 6.9 uL, Aniseed Oil 2.6 uL
Excipients q.s.",https://admin.greenbook.nafdac.gov.ng/uploadImage/smpc_files/2023/09/22/202309227c7fc101-d920-5d69-8ef6-076ac1a7f40d.pdf,R05CA10,https://greenbook.nafdac.gov.ng/products/details/5668,2026-09-27T21:50:58.439770+00:00
Greenbook NAFDAC,1806,5667,Cofta Tablet##,1,Drugs,"{'id': 1, 'name': 'Drugs', 'created_at': '-000001-11-30T00:00:00.000000Z', 'updated_at': '2022-03-17T16:53:12.000000Z', 'deleted_at': None}",1077,Ammonium chloride; Ipecacuanha; Liquorice; Peppermint oil,,04-0978,1,Tablet,1,Oral,1 mg/0.2 mL,337,Evans Baroque Limited,2023-07-06,2028-07-05,Active,"Tablet
Cofta Tablets are presented as brown, flat shaped, bevel edged, uncoated tablets with &quot;EVANS&quot; engraved on one side and &quot;COFTA&quot; on the other side

26	RNW-PP-126868	COFTA TABLET	AMMONIUM CHLORIDE, IPECAC EXTRACT, LIQUORICE EXTRACT, PEPPERMINT OIL, ANISEED OIL	Ipecacuanha tincture 0.025ml, Ammonium chloride 1mg	04-0978	Drugs	RESPIRATORY SYSTEM	Nigerian Products	250sachet*1pack	Over The Counter (OTC)	4/17/2020	EVANS BAROQUE LIMITED, LAGOS BADAGRY EXPRESS WAY, AGBARA INDUSTRIAL ESTATE, AGBARA, OGUN STATE ISOLO LAGOS	8033304149	regulatory@evansbaroque.com	EVANS MEDICALPLC, KM. 32, LAGOS-BADAGRY EXPRESSWAY, AGBARA INDUSTRIAL ESTATE, AGBARA, OGUN STATE, Nigeria",1 x 250&#039;s (in sachet pack),"Cofta Tablet contains: Ipecacuanha Tincture 0.025 mL, Ammonium Chloride 1 mg, liquorice Extract, Peppermint Oil, Aniseed Oil
Excipients q.s.",https://admin.greenbook.nafdac.gov.ng/uploadImage/smpc_files/2023/09/18/20230918396ed91c-6d9e-58c7-b575-29d4ffea874f.pdf,R05CA10,https://greenbook.nafdac.gov.ng/products/details/5667,2026-09-27T21:50:58.439770+00:00
Greenbook NAFDAC,1807,4339,Col Col Tablet## (check pack size),1,Drugs,"{'id': 1, 'name': 'Drugs', 'created_at': '-000001-11-30T00:00:00.000000Z', 'updated_at': '2022-03-17T16:53:12.000000Z', 'deleted_at': None}",1024,Paracetamol; Caffeine; Phenylephrine; Chlorphenamine,,B4-1111,1,Tablet,1,Oral,500 mg; 15 mg; 5 mg; 2 mg,206,Justeen Pharmaceuticals Ltd,2021-12-16,2026-12-15,Active,"Tablet
Pink colored oval shaped uncoated tablets debossed with col-col on one side &amp; the other side plain",50 x 4&#039;s (in Alu-Alu stips),"Each tablet contains: Paracetamol BP 500 mg, Phenylephrine Hydrochloride BP 5 mg, Chlorpheniramine Maleate USP 2 mg, Caffeine Anhydrous BP 15 mg
Excipients: q.s.
Color: Ponceau 4R ",https://admin.greenbook.nafdac.gov.ng/uploadImage/smpc_files/2024/09/19/20240919e707373a-5a7b-5331-9865-d702a98d90e8.pdf,N02BE51,https://greenbook.nafdac.gov.ng/products/details/4339,2026-09-27T21:50:58.439770+00:00
Greenbook NAFDAC,1808,8116,Colcibra 100 mg Capsules**,1,Drugs,"{'id': 1, 'name': 'Drugs', 'created_at': '-000001-11-30T00:00:00.000000Z', 'updated_at': '2022-03-17T16:53:12.000000Z', 'deleted_at': None}",73,Celecoxib,,C4-1692,2,Capsule,1,Oral,100 mg,276,Ranbaxy Nigeria Limited,2021-05-07,2026-05-06,Inactive,Capsule,3 x 10&#039;s,Celecoxib 100 mg,https://admin.greenbook.nafdac.gov.ng/uploadImage/smpc_files/2025/03/27/202503278634dc2b-b501-532d-b045-a1a0fcafdf8f.pdf,M01AH01,https://greenbook.nafdac.gov.ng/products/details/8116,2026-09-27T21:50:58.439770+00:00
Greenbook NAFDAC,1809,8117,Colcibra 200 mg Capsules**,1,Drugs,"{'id': 1, 'name': 'Drugs', 'created_at': '-000001-11-30T00:00:00.000000Z', 'updated_at': '2022-03-17T16:53:12.000000Z', 'deleted_at': None}",73,Celecoxib,,C4-1693,2,Capsule,1,Oral,200 mg,276,Ranbaxy Nigeria Limited,2021-05-07,2026-05-06,Inactive,Capsule,3 x 10&#039;s,Celecoxib 200 mg,https://admin.greenbook.nafdac.gov.ng/uploadImage/smpc_files/2025/03/27/20250327be2e4ccc-9854-5907-a267-3ca517143ff0.pdf,M01AH01,https://greenbook.nafdac.gov.ng/products/details/8117,2026-09-27T21:50:58.439770+00:00
Greenbook NAFDAC,1810,509,Coldkris##,1,Drugs,"{'id': 1, 'name': 'Drugs', 'created_at': '-000001-11-30T00:00:00.000000Z', 'updated_at': '2022-03-17T16:53:12.000000Z', 'deleted_at': None}",413,Chlorphenamine Maleate,Chlorpheniramine Maleate,A11-100176,2,Capsule,1,Oral,4 mg,370,Krishat Pharma Industries Limited,2021-08-27,2026-08-26,Inactive,"Capsule
Size “2” pink head and clear body capsule, printed with &quot;Krishat&quot; on cap and plain on the body containing Chlorpheniramine Maleate 4 mg pallets",10 x 10&#039;s (in PVC-Alu blisters),"Each capsule contains: Chlorpheniramine Maleate 4 mg
Approved color used in EHG capsule shells",https://admin.greenbook.nafdac.gov.ng/uploadImage/smpc_files/2025/01/08/20250108d0088e01-8689-5aac-8ca3-282444df6d1b.pdf,R06AB04,https://greenbook.nafdac.gov.ng/products/details/509,2026-09-27T21:50:58.439770+00:00
Greenbook NAFDAC,1811,4468,Colecalciferol Injection##,1,Drugs,"{'id': 1, 'name': 'Drugs', 'created_at': '-000001-11-30T00:00:00.000000Z', 'updated_at': '2022-03-17T16:53:12.000000Z', 'deleted_at': None}",348,Colecalciferol,Cholecalciferol; Vitamin D3,C4-2031,40,Injection,9,Intramuscular,6000 IU/mL,271,Phillips Pharmaceuticals (Nigeria) Limited,2022-10-22,2027-10-21,Active,"Injection
Almost clear colorless transparent liquid 

Colecalciferol Injection	C4-2031		COLECALCIFEROL BP 600,000IU/ML	DRUG	VITAMIN	COLECALCIFEROL BP 600,000IU/ML	INJECTION	5 X 1ML AMPOULE	PRESCRIPTION ONLY MEDICINE	TRETAMENT OF VITAMIN D DEFICIENCY	PHILLIP PHARMACEUTICALS NIG. LTD	NIGERIA	THEMIS MEDICARE LIMITED	INDIA	10/22/2022	21/10/2027",5 x 1 mL ampoules,"Each mL contains: Cholecalciferol 6000 IU
Excipients q.s.",https://admin.greenbook.nafdac.gov.ng/uploadImage/smpc_files/2023/05/26/20230526dbb6f6c5-15de-511f-9e23-3e0a4e7779b8.pdf,A11CC,https://greenbook.nafdac.gov.ng/products/details/4468,2026-09-27T21:50:58.439770+00:00
Greenbook NAFDAC,1812,4341,Colestrim Tablets##,1,Drugs,"{'id': 1, 'name': 'Drugs', 'created_at': '-000001-11-30T00:00:00.000000Z', 'updated_at': '2022-03-17T16:53:12.000000Z', 'deleted_at': None}",302,Fenofibrate,,A4-1962,1,Tablet,1,Oral,160 mg,226,Mega Lifesciences Nigeria Limited,2021-08-26,2026-08-25,Inactive,Tablet,3 x 10&#039;s (in blisters),"Each tablet contains: Fenofibrate 160 mg
Excipients: Lactose, Pregelatinised Starch, Croscarmellose Sodium, Crospovidone, Povidone K, Sodium Lauryl Sulphate, Magnesium Stearate, Purified Talc, Hypromellose E, Polysorbate, Titanium Dioxide, Isopropyl Alcohol",https://admin.greenbook.nafdac.gov.ng/uploadImage/smpc_files/2023/05/28/20230528074d0749-fb30-5953-92d5-0033c0322c8c.pdf,C10AB05,https://greenbook.nafdac.gov.ng/products/details/4341,2026-09-27T21:50:58.439770+00:00
Greenbook NAFDAC,1813,6172,Colipan Elixir##,1,Drugs,"{'id': 1, 'name': 'Drugs', 'created_at': '-000001-11-30T00:00:00.000000Z', 'updated_at': '2022-03-17T16:53:12.000000Z', 'deleted_at': None}",185,Hyoscine Butylbromide,Hyoscine-N-butyl Bromide; Butylscopolamine,04-4044,103,Syrup,1,Oral,5 mg/5 mL,1198,Sygen Pharmaceuticals Limited,2023-02-23,2028-02-22,Active,"Syrup

10	Colipan Elixir 	Colipan	Hyoscine-N-butylbromide	Anti spasmodic	Hyoscine-N-butylbromide 5mg/5ml	Elixir x 60mls	Treatment of gastrointestinal spasm and hyper motility	OTC	Sygen Pharmaceuticals Ltd. 	Km 38, Lagos-Abeokuta Expressway, Sango-Ota, Ogun State, Nigeria	same as applicant	same as applicant		04-4044
",1 x 60 mL (in amber PET bottle),"Each 5 mL contains: Hyoscine butylbromide 5 mg
Excipients q.s.",https://admin.greenbook.nafdac.gov.ng/uploadImage/smpc_files/2024/12/24/20241224650ed1c0-afff-5b96-abcc-e87adc29a046.pdf, A03BA0,https://greenbook.nafdac.gov.ng/products/details/6172,2026-09-27T21:50:58.439770+00:00
Greenbook NAFDAC,1814,4815,Colipan Tablet##,1,Drugs,"{'id': 1, 'name': 'Drugs', 'created_at': '-000001-11-30T00:00:00.000000Z', 'updated_at': '2022-03-17T16:53:12.000000Z', 'deleted_at': None}",185,Hyoscine Butylbromide,Hyoscine-N-butyl Bromide; Butylscopolamine,04-4045,1,Tablet,1,Oral,10 mg,1198,Sygen Pharmaceuticals Limited,2023-07-06,2028-07-05,Active,"Tablet
White, round, coated tablet

20	RNW-PP-318881	COLIPAN TABLET	HYOSCINE-N-BUTYLBROMIDE 10MG	HYOSCINE N NUTYLBROMIDE 10MG, MAGNESIUM STEARATE, MAIZE STARCH	Apr-45	Drugs	ALIMENTARY TRACT AND METABOLISM	Nigerian Products	10*10	OTC	3/6/2023	SYGEN PHARMACEUTICALS LIMITED, LAGOS ABEOKUTA EXPRESSWAY, OTA, OGUN STATE. OTA OGUN	7061286967	oluwatoyin.agbesuyi@sygenpharma.com	SYGEN PHARMACEUTICALS LIMITED, KM 38, LAGOS-ABEOKUTA EXPRESSWAY, OTTA, OGUN STATE, Nigeria",10 x 10&#039;s (in strips),"Each coated tablet contains: Hyoscine-N-Butylbromide 10 mg
Excipients q.s.",https://admin.greenbook.nafdac.gov.ng/uploadImage/smpc_files/2023/09/18/20230918925ea892-66b1-551e-94d6-d69be499456e.pdf,A03BA03,https://greenbook.nafdac.gov.ng/products/details/4815,2026-09-27T21:50:58.439770+00:00
Greenbook NAFDAC,1815,8411,Collomak Solution**,1,Drugs,"{'id': 1, 'name': 'Drugs', 'created_at': '-000001-11-30T00:00:00.000000Z', 'updated_at': '2022-03-17T16:53:12.000000Z', 'deleted_at': None}",897,Salicylic acid; Lactic acid; Polidocanol,,B4-6140,105,Solution,21,Topical,20%; 5%; 2%,1150,Smart Way Pharma Ltd Ikeja,2024-09-25,2029-09-25,Active,Topical solution,10 mL (in amber bottle),"Each 10 mL solution contains: Salicylic Acid 2 g, Lactic Acid 0.5 g, and Polidocanol 0.2 g",https://admin.greenbook.nafdac.gov.ng/uploadImage/smpc_files/2024/11/18/202411188587383e-4b14-525c-aad4-bfa65ef5b680.pdf,D11AF,https://greenbook.nafdac.gov.ng/products/details/8411,2026-09-27T21:50:58.439770+00:00
Greenbook NAFDAC,1816,7367,Colman Capsules**,1,Drugs,"{'id': 1, 'name': 'Drugs', 'created_at': '-000001-11-30T00:00:00.000000Z', 'updated_at': '2022-03-17T16:53:12.000000Z', 'deleted_at': None}",1023,Phenylephrine Hydrochloride; Chlorphenamine Maleate,,04-8784,2,Capsule,1,Oral,2.5 mg; 4 mg,489,Nkoyo Chemists Ltd,2024-04-30,2029-05-01,Active,"Capsule.
Pink/CT capsules containing multi-coloured pellets",10 x 10&#039;s,"Chlorpheniramine Maleate &amp; Phenylephrine Capsules.
Each capsule contains: Chlorpheniramine Maleate BP 4 mg, and Phenylephrine Hydrochloride BP 2.5 mg",https://admin.greenbook.nafdac.gov.ng/uploadImage/smpc_files/2024/05/14/202405140530f9b1-2586-506b-a7cf-66183d1b5128.pdf,,https://greenbook.nafdac.gov.ng/products/details/7367,2026-09-27T21:50:58.439770+00:00
Greenbook NAFDAC,1817,3091,CoLosar-Denk 50/12.5 mg Tablets**,1,Drugs,"{'id': 1, 'name': 'Drugs', 'created_at': '-000001-11-30T00:00:00.000000Z', 'updated_at': '2022-03-17T16:53:12.000000Z', 'deleted_at': None}",264,Losartan Potassium; Hydrochlorothiazide,,B4-5167,1,Tablet,1,Oral,50 mg; 12.5 mg,338,Assene-Laborex Limited,2021-08-26,2026-08-25,Inactive,"Film-coated tablet.
Yellow coloured, round, biconvex, film-coated tablets, imprint “CoLos” on one side.",1 x 28&#039;s (in Alu-Alu blisters),"Each film-coated tablet contains: Losartan potassium 50 mg equivalent to Losartan 45.76 mg, and Hydrochlorothiazide 12.5 mg
Excipients with known effect: Lactose monohydrate 25 mg",https://admin.greenbook.nafdac.gov.ng/uploadImage/smpc_files/2023/05/28/202305282ee8ccca-d5ea-5e53-ba1b-a110491b39c3.pdf,C09DA01,https://greenbook.nafdac.gov.ng/products/details/3091,2026-09-27T21:50:58.439770+00:00
Greenbook NAFDAC,1818,5586,Comalart Plus Tablets##,1,Drugs,"{'id': 1, 'name': 'Drugs', 'created_at': '-000001-11-30T00:00:00.000000Z', 'updated_at': '2022-03-17T16:53:12.000000Z', 'deleted_at': None}",528,Artemether; Lumefantrine,,B4-5253,1,Tablet,1,Oral,80 mg; 480 mg,1204,CHARTERHOUSE PHARMACEUTICS LIMITED,2023-08-31,2028-08-30,Active,"Tablet
Yellow colored, elongated, biconvex, uncoated tablets with break line on one side and plain on the other side

COMALART PLUS TABLETS	ARTEMETHER &amp; LUMEFANTRINE TABLETS	EACH UNCOATED TABLET CONTAINS: ARTEMETHER PH. INT 80MG, LUMEFANTRINE 480. (INCLUDING EXCIPIENT)	B4-5253	Drugs	Imported Products	1X6TABLETS	Over The Counter (OTC)	21/01/2021	CHARTERHOUSE PHARMACEUTICS LIMITED, PLOT9, BLOCKC, CENTRALBUSINESSDISTRICT, ALAUSA, IKEJA	8134150172	charterhousepharmaceutics@gmail.com	CIRON DRUGS AND PHARMACEUTICALS PVT.Ltd, Plot Nos 35-37 TO 43-45, CFC-B, Diwan Udyog Nagar, Aliyali, Palghar, Dist, Thane- 401 404, Maharashtra, INDIA., India",1 x 6&#039;s (in PVDC-Alu blister),"Each uncoated tablet contains: Artemether Ph. INT 80 mg, Lumefantrine 480 mg
Excipients q.s.",https://admin.greenbook.nafdac.gov.ng/uploadImage/smpc_files/2024/12/23/20241223f3c970ae-7006-5500-aebc-d43e58363aee.pdf,P01BF01,https://greenbook.nafdac.gov.ng/products/details/5586,2026-09-27T21:50:58.439770+00:00
Greenbook NAFDAC,1819,6455,Combiflex Lipid Peri Infusion**,1,Drugs,"{'id': 1, 'name': 'Drugs', 'created_at': '-000001-11-30T00:00:00.000000Z', 'updated_at': '2022-03-17T16:53:12.000000Z', 'deleted_at': None}",1727,Glucose; Amino acids with Electrolytes; Fat emulsion,,A4-100584,127,Emulsion for infusion,12,Intravenous,11%; 11.3%; 20%,23,Alpha Pharmacy and Stores (Nig) Ltd,2023-10-31,2028-10-30,Active,"Emulsion for infusion.
Combiflex® Lipid peri consists of a three-chamber bag and an over-pouch. An oxygen absorber is placed between the inner bag and the over-pouch. The inner bag is separated into three chambers by peelable seals. The individual chambers contain glucose and amino acid solutions, and fat emulsion, respectively.
Glucose and amino acid solutions are clear and almost colourless or slightly yellowish and the fat emulsion is white and homogenous",1440 mL x 4&#039;s,"Glucose 11% solution, Amino acid 11.3% with electrolytes solution and Lipid emulsion 20%",https://admin.greenbook.nafdac.gov.ng/uploadImage/smpc_files/2023/11/11/202311114748e061-eb72-5ff3-a516-16b14ec8c48f.pdf,B05BA10,https://greenbook.nafdac.gov.ng/products/details/6455,2026-09-27T21:50:58.439770+00:00
Greenbook NAFDAC,1820,11484,Combipack of Ceftriaxone for Injection USP 1 g and Sterile Water for Injection USP 10 mL_,1,Drugs,"{'id': 1, 'name': 'Drugs', 'created_at': '-000001-11-30T00:00:00.000000Z', 'updated_at': '2022-03-17T16:53:12.000000Z', 'deleted_at': None}",1541,Ceftriaxone (Ceftriaxone Sodium),,A4-101402,40,Injection,29,Intravenous; Intramuscular,1 g,1090,Kessington Global Synergy Ltd,2025-07-30,2030-07-29,Active,Injection,1 x 10 mL vial + 10 mL WFI,"Each combipack contains:

1. One vial of Ceftriaxone for Injection USP 1 g
Each vial contains: Ceftriaxone for Injection USP equiv. to anhydrous Ceftriaxone 1 g

2. One ampoule of Sterile Water for Injection USP 10 mL

3. One 3.5 mL ampoule of Lidocaine Injection 1% w/v BP
Each mL contains: Lidocaine Hydrochloride BP equiv. to Lidocaine 10 mg, Sodium Chloride BP 7 mg, Methyl Hydroxybenzoate BP 1 mg (as preservative), and Water for Injections BP q.s.",https://admin.greenbook.nafdac.gov.ng/uploadImage/smpc_files/2025/08/27/20250827103c879b-5abc-5a93-9f19-72e5085cfa6c.pdf,J01DD04,https://greenbook.nafdac.gov.ng/products/details/11484,2026-09-27T21:50:58.439770+00:00
Greenbook NAFDAC,1821,8036,Combisunate 20/120 Tablets**,1,Drugs,"{'id': 1, 'name': 'Drugs', 'created_at': '-000001-11-30T00:00:00.000000Z', 'updated_at': '2022-03-17T16:53:12.000000Z', 'deleted_at': None}",528,Artemether; Lumefantrine,,A4-5549,1,Tablet,1,Oral,20 mg; 120 mg,669,World Wide Commercial Ventures Ltd,2024-07-31,2029-07-30,Active,Tablet,1 x 24&#039;s,"Each tablet contains: Artemether Ph.Int. 20 mg, Lumefantrine 120 mg",https://admin.greenbook.nafdac.gov.ng/uploadImage/smpc_files/2024/11/28/20241128c693b721-40fa-5fdd-85cd-bcaa5e79e5d5.pdf,P01BF01,https://greenbook.nafdac.gov.ng/products/details/8036,2026-09-27T21:50:58.439770+00:00
Greenbook NAFDAC,1822,4816,Combisunate 40/240 Tablet##,1,Drugs,"{'id': 1, 'name': 'Drugs', 'created_at': '-000001-11-30T00:00:00.000000Z', 'updated_at': '2022-03-17T16:53:12.000000Z', 'deleted_at': None}",528,Artemether; Lumefantrine,,A4-5550,1,Tablet,1,Oral,40 mg; 240 mg,669,World Wide Commercial Ventures Ltd,2023-07-07,2028-07-06,Active,"Tablet

50	RNW-PP-224034	COMBISUNATE 40/240 TABLET	ARTEMETHER/LUMEFANTRINE	ARTEMETHER 40MG, LUMEFANTRINE 240MG, MICROCRYSTALLINE CELLULOSE (AVICEL PH 102), CROSPOVIDONE, SODIUM LAURYL SULPHATE (KOLLIPHOR SLS FINE), COLLOIDAL SILICON DIOXIDE (AEROSIL 200 PHARMA) PURIFIED TALC, MAGNESIUM STEARATE	A4-5550	Drugs	Imported Products	2*6	Over The Counter (OTC)	9/15/2021	WORLD WIDE COMMERCIAL VENTURES LTD, ILUPEJU INDUSTRIAL ESTATE ILUPEJU LAGOS	14526126	lucky.ubokor@worldwidehealthcare.com	AJANTA PHARMA LTD, PLOT NO. B-4/5/6, MIDC, PAITHAN AURANGABAD 431148 MAHARASHTRA STATE, INDIA, India",2 x 6&#039;s (in PVC-Alu blisters),"Each uncoated tablet contains: Artemether Ph INT 40 mg, Lumefantrine 240 mg
Excipients q.s.",https://admin.greenbook.nafdac.gov.ng/uploadImage/smpc_files/2023/08/23/20230823ce389af4-035b-5ec4-b3c6-5b674a02e2f6.pdf,P01BF01,https://greenbook.nafdac.gov.ng/products/details/4816,2026-09-27T21:50:58.439770+00:00
Greenbook NAFDAC,1823,4817,Combisunate 80/480 Tablet##,1,Drugs,"{'id': 1, 'name': 'Drugs', 'created_at': '-000001-11-30T00:00:00.000000Z', 'updated_at': '2022-03-17T16:53:12.000000Z', 'deleted_at': None}",528,Artemether; Lumefantrine,,A4-5551,1,Tablet,1,Oral,80 mg; 480 mg,669,World Wide Commercial Ventures Ltd,2023-05-25,2028-05-24,Active,"Tablet

66	RNW-PP-256910	COMBISUNATE 80/480 TABLET	ARTEMETHER 80MG + LUMEFANTRINE 480MG TABLETS	ARTEMETHER Ph. Int. 80MG, LUMEFANTRINE 480MG, MICROCRYSTALLINE CELLULOSE(AVICEL PH 102), CROSPOVIDONE, SODIUM LAURYL SULPHATE (KOLLIPHOR SLS FINE), COLLOIDAL SILICON DIOXIDE (AEROSIL 200PHARMA), PURIFIED TALC, MAGNESIUM STEARATE	A4-5551	Drugs	Imported Products	1*6	Prescription Only Medicine (POM)	3/24/2022	WORLD WIDE COMMERCIAL VENTURES LTD, ILUPEJU INDUSTRIAL ESTATE ILUPEJU LAGOS	14526126	lucky.ubokor@worldwidehealthcare.com	AJANTA PHARMA LTD, PLOT NO. B-4/5/6, MIDC, PAITHAN AURANGABAD 431148 MAHARASHTRA STATE, INDIA, India",1 x 6&#039;s (in PVC-Alu blister),"Each tablet contains: Artemether Ph INT 80 mg, Lumefantrine 480 Mg
Excipients q.s",https://admin.greenbook.nafdac.gov.ng/uploadImage/smpc_files/2023/08/22/20230822dfb1469a-c0a7-53bc-a05f-f14740a28a8e.pdf,P01BF01,https://greenbook.nafdac.gov.ng/products/details/4817,2026-09-27T21:50:58.439770+00:00
Greenbook NAFDAC,1824,8037,Combisunate Dispersible 20/120 mg Tablets**,1,Drugs,"{'id': 1, 'name': 'Drugs', 'created_at': '-000001-11-30T00:00:00.000000Z', 'updated_at': '2022-03-17T16:53:12.000000Z', 'deleted_at': None}",528,Artemether; Lumefantrine,,B4-0591 ,13,Dispersible tablet,1,Oral,20 mg; 120 mg,669,World Wide Commercial Ventures Ltd,2024-08-28,2029-08-27,Active,"Dispersible Tablet.
Yellow coloured, circular, flat bevelled edge, dispersible tablets",1 x 6&#039;s; 1 x 12&#039;s (in PVC/PVdC-Aluminium blisters),"Artemether 20 mg &amp; Lumefantrine 120 mg Dispersible Tablets.
Each dispersible tablet contains: Artemether Ph.Int. 20 mg, Lumefantrine 120 mg",https://admin.greenbook.nafdac.gov.ng/uploadImage/smpc_files/2024/09/17/202409171e790f60-9701-5e95-84df-6c7178e3caf1.pdf,P01BF01,https://greenbook.nafdac.gov.ng/products/details/8037,2026-09-27T21:50:58.439770+00:00
Greenbook NAFDAC,1825,6840,Combiworm Tablet Pyrantel Pamoate 125 mg##,1,Drugs,"{'id': 1, 'name': 'Drugs', 'created_at': '-000001-11-30T00:00:00.000000Z', 'updated_at': '2022-03-17T16:53:12.000000Z', 'deleted_at': None}",576,Pyrantel (Pyrantel Pamoate),, 04-0069,1,Tablet,5,Buccal,125 mg,326,Vitabiotics Nigeria Limited,2023-12-21,2028-12-20,Active,"Tablet
Orange, circular shaped tablet with &quot;COMBIWORM&quot; inscribed on one side and a break line on the other side presented in a blister strips of 6 tablets.12 of such blisters packed in a carton with insert

69	RNW-PP-346520	COMBIWORM TABLET	PYRANTEL PAMOATE 125MG	Pyrantel Pamoate 125mg, Nipagin (Methyl Paraben), Nipasol (Propyl Paraben), Dicalcium Phosphate, Corn Starch (Bulk), Corn Starch (Paste), Talcum, Magnesium Stearate, Sunset Yellow, Purified Water	04-0069	Drugs	Nigerian Products	12*6	OTC	8/1/2023	VITABIOTICS NIGERIA LIMITED, MOBOLAJI JOHNSON AVENUE, OREGUN INDUSTRIAL ESTATE, IKEJA LAGOS LAGOS	8023770671	dayo.otiko@yahoo.com	VITABIOTICS NIGERIA LIMITED, 35, MOBOLAJI JOHNSON AVENUE, OREGUN INDUSTRIAL ESTATE, IKEJA, LAGOS, NIGERIA., Nigeria",12 x 6&#039;s (in blister strips),"Each tablet contains: Pyrantel Pamoate 125 mg
Excipients q.s.",https://admin.greenbook.nafdac.gov.ng/uploadImage/smpc_files/2024/01/02/2024010264f7d7b1-256a-5848-b4cb-fc83b5fe6888.pdf,P02CC01,https://greenbook.nafdac.gov.ng/products/details/6840,2026-09-27T21:50:58.439770+00:00
Greenbook NAFDAC,1826,8038,Comether 20-120 Tablets**,1,Drugs,"{'id': 1, 'name': 'Drugs', 'created_at': '-000001-11-30T00:00:00.000000Z', 'updated_at': '2022-03-17T16:53:12.000000Z', 'deleted_at': None}",528,Artemether; Lumefantrine,,04-6946,1,Tablet,1,Oral,20 mg; 120 mg,450,Skin Pharm Nigeria Limited,2024-07-31,2029-07-30,Active,Tablet,3 x 8&#039;s (in PVC/aluminium foil blisters),Each tablet contains 20 mg artemether and 120 mg lumefantrine,https://admin.greenbook.nafdac.gov.ng/uploadImage/smpc_files/2024/09/16/20240916df9eba9a-fe02-5a29-9391-f77bfbdcf3a6.pdf,P01BF01,https://greenbook.nafdac.gov.ng/products/details/8038,2026-09-27T21:50:58.439770+00:00
Greenbook NAFDAC,1827,8039,Comether 80-480 Tablets**,1,Drugs,"{'id': 1, 'name': 'Drugs', 'created_at': '-000001-11-30T00:00:00.000000Z', 'updated_at': '2022-03-17T16:53:12.000000Z', 'deleted_at': None}",528,Artemether; Lumefantrine,,04-7086,1,Tablet,1,Oral,80 mg; 480 mg,450,Skin Pharm Nigeria Limited,2024-07-31,2029-07-30,Active,Tablet,1 x 6&#039;s (in PVC/aluminium foil blister),Each tablet contains 80 mg artemether and 480 mg lumefantrine,https://admin.greenbook.nafdac.gov.ng/uploadImage/smpc_files/2024/09/16/202409164e0a7d04-8564-5a48-9078-32a86a4ab792.pdf,P01BF01,https://greenbook.nafdac.gov.ng/products/details/8039,2026-09-27T21:50:58.439770+00:00
Greenbook NAFDAC,1828,6027,Comether Injection 80 mg/mL##,1,Drugs,"{'id': 1, 'name': 'Drugs', 'created_at': '-000001-11-30T00:00:00.000000Z', 'updated_at': '2022-03-17T16:53:12.000000Z', 'deleted_at': None}",542,Artemether,,B4-2590,40,Injection,9,Intramuscular,80 mg/mL,450,Skin Pharm Nigeria Limited,2023-04-26,2028-04-25,Active,"Injection

COMETHER INJECTION 80MG/ML	ARTEMETHER 80MG/ML	EACH ML CONTAINS ARTEMETHER 80MG EXCIPENTS ARACHIS OIL	B4-2590	Drugs	Imported Products	1MLX6AMPOULES	Prescription Only Medicine (POM)	12/02/2022	SKIN PHARM NIGERIA LIMITED, , PRINCE FADINA STREET, OFF WILLMER CRESCENT, OLODI, APAPA LAGOS LAGOS	80857768	skinpharm2016@yahoo.com	HUBEI TIAYAO PHARMA. CO LTD, NO 7 DUFU BLOCK, JINASHE ROAD, XIANGFAN CITY, HUBEI PROVINCE P.R CHINA, China",1 mL x 6 ampoules,"Each mL contains: Artemether 80 mg 
Excipents: Arachis Oil",,P01BE02,https://greenbook.nafdac.gov.ng/products/details/6027,2026-09-27T21:50:58.439770+00:00
Greenbook NAFDAC,1829,5634,Compi-Clox Powder for Oral Suspension##,1,Drugs,"{'id': 1, 'name': 'Drugs', 'created_at': '-000001-11-30T00:00:00.000000Z', 'updated_at': '2022-03-17T16:53:12.000000Z', 'deleted_at': None}",425,Ampicillin (Ampicillin Trihydrate); Cloxacillin (Cloxacillin Sodium),,04-2350,102,Suspension,1,Oral,125 mg/5 mL; 125 mg/5 mL,162,Drugfield Pharmaceuticals Limited,2023-05-25,2028-05-24,Active,"Powder for Oral Suspension

COMPI-CLOX POWDER FOR ORAL SUSPENSION	AMPICILLIN+CLOXACILLIN	Ampicillin trihydrate (Compacted) 37.375kg, Cloxacillin sodium (Compacted) 35.425kg, Dextrose monohydrate 103.346kg, Corn starch 63.873kg, Sodium carboxy methyl cellulose (MV) 6.499kg, Vanilla powder 5.199kg, Aspartame 2.080kg, Aerosil 2.600kg, Talcum powder 2.600kg, Benzoic acid 0.260kg, Tartrazine yellow 0.026kg	Apr-50	Drugs	Nigerian Products	X100ML	POM 1	29/06/2022	DRUGFIELD PHARMACEUTICALS LIMITED., LYNSON CHEMICAL AVENUE, KM 38 LAGOS-ABEOKUTA EXPRESSWAY, SANGO-OTA,OGUN STATE	8029055002	info@drugfieldpharma.com	DRUGFIELD PHARMACEUTICALS LIMITED, 48, AKEJU STREET, PALMGROVE, SOMOLU, LAGOS STATE. P.O BOX 5831, IKEJA, LAGOS STATE., Nigeria",1 x 100 mL ,"Each 100 mL bottle contains: Ampicillin Trihydrate 125 mg, Cloxacillin Sodium 125 mg
Excipients: Dextrose Monohydrate, Cornstarch, Sodium CMC, Vanilla Powder, Aspartame, Aerosil, Talcum Powder, Benzoic Acid, Tartrazine Yellow",https://admin.greenbook.nafdac.gov.ng/uploadImage/smpc_files/2023/09/20/202309205f02d962-cf7b-5ade-8776-6573881c8c8d.pdf, J01CR0,https://greenbook.nafdac.gov.ng/products/details/5634,2026-09-27T21:50:58.439770+00:00
Greenbook NAFDAC,1830,4818,Conaz Cream##,1,Drugs,"{'id': 1, 'name': 'Drugs', 'created_at': '-000001-11-30T00:00:00.000000Z', 'updated_at': '2022-03-17T16:53:12.000000Z', 'deleted_at': None}",522,Ketoconazole,,A11-1285,4,Cream,21,Topical,2%,201,Jawa International Limited,2022-08-25,2027-08-24,Active,"Cream
A white semi-solid cream with a smooth texture

Conaz Cream	A11-1285	Conaz	KETOCONAZOLE		ANTIFUNGAL	KETOCONAZOLE 2%	CREAM	 X 20G	PRESCRIPTION ONLY MEDICINE	USED IN THE TREATMENT OF FUNGAL INFECTIONS INCLUDING BLASTOMYCOSIS, CANDIDIASIS	JAWA INTERNATIONAL LIMITED	NIGERIA	JAWA INTERNATIONAL LIMITED	NIGERIA	08/25/2022	08/24/2027",1 x 20 g (in Alu tube),"Each gram of cream contains: Ketoconazole USP 20 mg
Excipients q.s.",https://admin.greenbook.nafdac.gov.ng/uploadImage/smpc_files/2023/10/02/20231002906c7391-882d-5111-afd6-16a31d6abd29.pdf,D01AC08,https://greenbook.nafdac.gov.ng/products/details/4818,2026-09-27T21:50:58.439770+00:00
Greenbook NAFDAC,1831,286,Concor 10 mg Tablet##,1,Drugs,"{'id': 1, 'name': 'Drugs', 'created_at': '-000001-11-30T00:00:00.000000Z', 'updated_at': '2022-03-17T16:53:12.000000Z', 'deleted_at': None}",239,Bisoprolol Fumarate,,B4-5412,1,Tablet,1,Oral,10 mg,228,Merck Pharmaceutical and Life Sciences Limited,2021-10-28,2026-10-27,Active,"Film Coated Tablet
Pale-orange light-orange, heart-shaped tablets with a dividing score. Tablets can be divided into equal halves","1 x 30&#039;s, 1 x 50&#039;s, 1 x 100&#039;s (in PVC/Alu blisters)","Each tablet contains: Bisoprolol Fumarate 10 mg
Excipients q.s.",https://admin.greenbook.nafdac.gov.ng/uploadImage/smpc_files/2025/10/15/202510155d29470e-0af4-579c-8402-dbdc031270c7.pdf,C07AB07,https://greenbook.nafdac.gov.ng/products/details/286,2026-09-27T21:50:58.439770+00:00
Greenbook NAFDAC,1832,5635,Concor 2.5 mg Tablet**,1,Drugs,"{'id': 1, 'name': 'Drugs', 'created_at': '-000001-11-30T00:00:00.000000Z', 'updated_at': '2022-03-17T16:53:12.000000Z', 'deleted_at': None}",239,Bisoprolol Fumarate,,B4-7135,1,Tablet,1,Oral,2.5 mg,228,Merck Pharmaceutical and Life Sciences Limited,2023-03-28,2028-03-27,Active,Film Coated Tablet,3 x 10&#039;s (in PVC-Alu blisters),Each tablet contains: Bisoprolol Fumarate 2.5 mg,https://admin.greenbook.nafdac.gov.ng/uploadImage/smpc_files/2023/09/23/2023092397ba1cf5-4f0f-5f9c-a33f-748242dff9ed.pdf,C07AB07,https://greenbook.nafdac.gov.ng/products/details/5635,2026-09-27T21:50:58.439770+00:00
Greenbook NAFDAC,1833,287,Concor 5 mg Tablet##,1,Drugs,"{'id': 1, 'name': 'Drugs', 'created_at': '-000001-11-30T00:00:00.000000Z', 'updated_at': '2022-03-17T16:53:12.000000Z', 'deleted_at': None}",239,Bisoprolol Fumarate,,B4-5411,1,Tablet,1,Oral,5 mg,228,Merck Pharmaceutical and Life Sciences Limited,2021-10-28,2026-10-27,Active,"Film Coated Tablet
Concor 5 mg are yellowish white, heart-shaped tablets with a dividing score. Tablets can be divided into equal halves","1 x 30&#039;s, 1 x 50&#039;s, 1 x 100&#039;s (in PVC/Alu blisters)","Each tablet contains: Bisoprolol Fumarate 5 mg
Excipients q.s.",https://admin.greenbook.nafdac.gov.ng/uploadImage/smpc_files/2025/10/15/2025101533486a0e-1ff6-5fad-96f8-bfee9b0c8e62.pdf,C07AB07,https://greenbook.nafdac.gov.ng/products/details/287,2026-09-27T21:50:58.439770+00:00
Greenbook NAFDAC,1834,3899,Conlax 5 Suppositories##,1,Drugs,"{'id': 1, 'name': 'Drugs', 'created_at': '-000001-11-30T00:00:00.000000Z', 'updated_at': '2022-03-17T16:53:12.000000Z', 'deleted_at': None}",200,Bisacodyl,,A4-2722,89,Suppository,18,Rectal,5 mg,189,Greenlife Pharmaceutical Limited,2020-11-10,2025-11-09,Inactive,Suppository,,Each suppository contains: Bisacodyl 5 mg,,A06AB02,https://greenbook.nafdac.gov.ng/products/details/3899,2026-09-27T21:50:58.439770+00:00
Greenbook NAFDAC,1835,5838,Constistop Solution##,1,Drugs,"{'id': 1, 'name': 'Drugs', 'created_at': '-000001-11-30T00:00:00.000000Z', 'updated_at': '2022-03-17T16:53:12.000000Z', 'deleted_at': None}",202,Lactulose,,B4-7376,105,Solution,1,Oral,10 mg,145,Chez Resources Pharmaceutical Limited,2023-03-28,2028-03-27,Active,"Solution

97	RNW-PP-270698	CONSTISTOP SOLUTION	LACTULOSE SOLUTION USP 10GM/15ML	Each 15ml contains Lactulose Concentrate USP equ. to Lactulose 10gm, Colour: Caramel, Aqueous flavored base and Excipents.	B4-7376	Drugs	ALIMENTARY TRACT AND METABOLISM	Imported Products	1*300ml	POM 1	6/27/2022	CHEZ RESOURCES PHARMACEUTICAL LIMITED, 7 CALABAR STREET FEGGE ONITSHA ANAMBRA	46485780	chezrespharm@gmail.com	BHARAT PARENTERALS LTD, VILL. HARIPURA,TA. SAVIL DIST. VADODARA &#039;391 520.&#039; GUJURAT, INDIA, India",1 x 300 mL,"Each 15 ml contains: Lactulose Concentrate USP equIvalent  to Lactulose 10 g,  Aqueous Flavored Base
Colour: Caramel        ",https://admin.greenbook.nafdac.gov.ng/uploadImage/smpc_files/2025/03/26/202503266abaf17d-306e-51c3-85db-51e3d7873bbc.pdf,A06AD11,https://greenbook.nafdac.gov.ng/products/details/5838,2026-09-27T21:50:58.439770+00:00
Greenbook NAFDAC,1836,10637,Contixl  Prolonged Release Capsule 400 mcg##,1,Drugs,"{'id': 1, 'name': 'Drugs', 'created_at': '-000001-11-30T00:00:00.000000Z', 'updated_at': '2022-03-17T16:53:12.000000Z', 'deleted_at': None}",700,Tamsulosin Hydrochloride,,A4-101203,2,Capsule,1,Oral,400 mcg,376,First J. Pocco Pharmacy Limited,2025-03-27,2030-03-26,Active,"Prolonged Release Hard
Hard gelatin capsules, no. 3 size with orange body and olive cap containing white to off-white pellets

CONTIXL  PROLONGED RELEASE CAPSULE 400MCG	TAMSULOSIN 400MCG, CORN STARCH, MAGNESIUM STEARATE, CROSCAMELLOSE SODIUM, PURIFIED TALC, MANNITOL	A4-101203	Drugs	Imported Product	30-10-2024	FIRST J. POCCO PHARMACY LIMITED, No. 89,DENNIS OSADEBE WAY, ASABA, DELTA STATE	08037949861	jpocco47@gmail.com	&quot;CAMBRIDGE  HEALTHCARE  LIMITED, PLOT NO. 257, GIDC, PHASE -1, MODHERA ROAD, MEHSANA - 384002, GUJARAT, INDIA.&quot;",3 x 10&#039;s (in PVC/PVDC-Alu blisters),"Each capsule contains: Tamsulosin Hydrochloride equivalent to Tamsulosin 400 mcg
Excipients q.s.",https://admin.greenbook.nafdac.gov.ng/uploadImage/smpc_files/2025/05/26/20250526c8f847a5-454c-5da0-bfdf-c4e3460d8372.pdf,G04CA02,https://greenbook.nafdac.gov.ng/products/details/10637,2026-09-27T21:50:58.439770+00:00
Greenbook NAFDAC,1837,8412,Contrine Plus Tablets**,1,Drugs,"{'id': 1, 'name': 'Drugs', 'created_at': '-000001-11-30T00:00:00.000000Z', 'updated_at': '2022-03-17T16:53:12.000000Z', 'deleted_at': None}",528,Artemether; Lumefantrine,,B4-7566,1,Tablet,1,Oral,80 mg; 480 mg,721,Solpharm Chemical Ind Ltd,2024-09-25,2029-09-24,Active,Tablet,1 x 6&#039;s,"Each tablet contains: Artemether 80 mg, and Lumefantrine 480 mg",https://admin.greenbook.nafdac.gov.ng/uploadImage/smpc_files/2024/11/18/202411180318ae58-802b-54d1-9153-8950e17ab494.pdf,P01BF01,https://greenbook.nafdac.gov.ng/products/details/8412,2026-09-27T21:50:58.439770+00:00
Greenbook NAFDAC,1838,11461,Contrine Tablets_,1,Drugs,"{'id': 1, 'name': 'Drugs', 'created_at': '-000001-11-30T00:00:00.000000Z', 'updated_at': '2022-03-17T16:53:12.000000Z', 'deleted_at': None}",528,Artemether; Lumefantrine,,B4-5188,1,Tablet,1,Oral,20 mg; 120 mg,721,Solpharm Chemical Ind Ltd,2025-07-30,2030-07-29,Active,"Tablet.
Yellow-colored, round-shaped, tablet bearing a break line on one side &amp; plain on the other side
",1 x 24&#039;s (in Alu-Alu blister),"Each tablet contains: Artemether 20 mg, and Lumefantrine 120 mg
Excipients q.s.",https://admin.greenbook.nafdac.gov.ng/uploadImage/smpc_files/2025/08/22/202508220434be3c-92c6-5bed-b6d6-6b1be5997d0e.pdf,P01BF01,https://greenbook.nafdac.gov.ng/products/details/11461,2026-09-27T21:50:58.439770+00:00
Greenbook NAFDAC,1839,3249,Copercam Capsules##,1,Drugs,"{'id': 1, 'name': 'Drugs', 'created_at': '-000001-11-30T00:00:00.000000Z', 'updated_at': '2022-03-17T16:53:12.000000Z', 'deleted_at': None}",91,Piroxicam,,C4-1461,2,Capsule,1,Oral,20 mg,1005,Vision Links Ltd,2020-12-21,2025-12-20,Inactive,Capsule,,Each capsule contains: Piroxicam 20 mg,,M01AC01,https://greenbook.nafdac.gov.ng/products/details/3249,2026-09-27T21:50:58.439770+00:00
Greenbook NAFDAC,1840,6842,Coptrine Double Strength Tablets**,1,Drugs,"{'id': 1, 'name': 'Drugs', 'created_at': '-000001-11-30T00:00:00.000000Z', 'updated_at': '2022-03-17T16:53:12.000000Z', 'deleted_at': None}",488,Sulfamethoxazole; Trimethoprim,Co-trimoxazole; Cotrimoxazole,A11-100609,1,Tablet,1,Oral,800 mg; 160 mg,162,Drugfield Pharmaceuticals Limited,2023-12-21,2028-12-20,Active,Tablet,1 x 10&#039;s (in blister); 500&#039;s (in jar),"Each Coptrine (D/S) Tablet contains: Sulfamethoxazole 800 mg, Trimethoprim 60 mg, Excipients q.s.",https://admin.greenbook.nafdac.gov.ng/uploadImage/smpc_files/2024/01/02/202401024d754889-fa0e-5c4b-b459-4cfd7940a775.pdf,J01EE01,https://greenbook.nafdac.gov.ng/products/details/6842,2026-09-27T21:50:58.439770+00:00
Greenbook NAFDAC,1841,6136,Coptrine Suspension**,1,Drugs,"{'id': 1, 'name': 'Drugs', 'created_at': '-000001-11-30T00:00:00.000000Z', 'updated_at': '2022-03-17T16:53:12.000000Z', 'deleted_at': None}",488,Sulfamethoxazole; Trimethoprim,Co-trimoxazole; Cotrimoxazole,04-7237,102,Suspension,1,Oral,200 mg/5 mL; 40 mg/5 mL,162,Drugfield Pharmaceuticals Limited,2023-09-28,2028-09-27,Active,Oral Suspension,1 x  50 mL (in amber glass bottle),"Each 5 mL suspension contains: Sulfamethoxazole 200 mg and Trimethoprim 40 mg, Excipients q.s.",https://admin.greenbook.nafdac.gov.ng/uploadImage/smpc_files/2023/10/07/202310074c9af75e-4d91-5646-b074-a9e7350fe81f.pdf,J01EE01,https://greenbook.nafdac.gov.ng/products/details/6136,2026-09-27T21:50:58.439770+00:00
Greenbook NAFDAC,1842,4819,Corbis 10 Tablet##,1,Drugs,"{'id': 1, 'name': 'Drugs', 'created_at': '-000001-11-30T00:00:00.000000Z', 'updated_at': '2022-03-17T16:53:12.000000Z', 'deleted_at': None}",239,Bisoprolol Fumarate,,A4-4671,1,Tablet,1,Oral,10 mg,271,Phillips Pharmaceuticals (Nigeria) Limited,2023-02-23,2028-02-22,Active,"Tablet

CORBIS 10 TABLET	A4-4671	CORBIS 10 TABLET	BISOPROLOL FUMARATE.List of excipients Calcium Hydrogen Phosphate Anhydrous BP Microcrystalline Cellulose (Avicel PH 112) BP Colloidal Silicon Dioxide (Aerosil 200) BP Pregelatinised Starch (Starch 1500) BP Magnesium Stearate BP Red Oxide of Iron USP/NF Titanium Dioxide BP Triacetin BP Hydroxypropyl Methyl Cellulose 5 cps BP Ethyl Cellulose BP Methanol BP Methylene Chloride BP					Prescription Only Medicine (POM)		PHILLIPS PHARMACEUTICALS (NIGERIA) LTD, APAPA-OSHODI EXPRESSWAY, IYANA-ISOLO LAGOS LAGOS		UNICHEM LABORATORIES LIMITED, VILLAGE BHATALI KALAN BADDI DIST -SOLAN (H.P)INDIA. , India		2/23/2023	2/22/2028",3 x 10&#039;s (in Alu strips),"Each tablet contains: Bisoprolol Fumarate USP 10 mg
Excipients q.s.",https://admin.greenbook.nafdac.gov.ng/uploadImage/smpc_files/2024/10/20/20241020f1a8523c-0ea9-58a5-991d-9f42880d67c7.pdf,C07AB07,https://greenbook.nafdac.gov.ng/products/details/4819,2026-09-27T21:50:58.439770+00:00
Greenbook NAFDAC,1843,4820,Corbis-5 Tablets##,1,Drugs,"{'id': 1, 'name': 'Drugs', 'created_at': '-000001-11-30T00:00:00.000000Z', 'updated_at': '2022-03-17T16:53:12.000000Z', 'deleted_at': None}",239,Bisoprolol Fumarate,,A4-4672,1,Tablet,1,Oral,5 mg,271,Phillips Pharmaceuticals (Nigeria) Limited,2023-02-23,2028-02-22,Active,"Tablet

CORBIS-5 TABLETS.	A4-4672	CORBIS-5 TABLETS.	BISOPROLOL FUMARATE.List of excipients Calcium Hydrogen Phosphate Anhydrous BP Microcrystalline Cellulose (Avicel PH 112) BP Colloidal Silicon Dioxide (Aerosil 200) BP Pregelatinised Starch (Starch 1500) BP Magnesium Stearate BP Red Oxide of Iron USP/NF Titanium Dioxide BP Triacetin BP Hydroxypropyl Methyl Cellulose 5 cps BP Ethyl Cellulose BP Methanol BP Methylene Chloride BP					Prescription Only Medicine (POM)		PHILLIPS PHARMACEUTICALS (NIGERIA) LTD, APAPA-OSHODI EXPRESSWAY, IYANA-ISOLO LAGOS LAGOS		UNICHEM LABORATORIES LTD, UNIT-II, VILLAGE BHATAULI KALAN, BADDI, DIST. SOLAN (H.P.)-173205, India		2/23/2023	2/22/2028",3 x 10&#039;s (in Alu strips),"Each tablet contains: Bisoprolol Fumarate Tablets USP 5 mg
Excipients q.s.",https://admin.greenbook.nafdac.gov.ng/uploadImage/smpc_files/2024/10/20/202410205fdbbca0-8d89-58c2-9bdd-40f7a436abcf.pdf,C07AB07,https://greenbook.nafdac.gov.ng/products/details/4820,2026-09-27T21:50:58.439770+00:00
Greenbook NAFDAC,1844,3534,Corflox 500 mg Tablet##,1,Drugs,"{'id': 1, 'name': 'Drugs', 'created_at': '-000001-11-30T00:00:00.000000Z', 'updated_at': '2022-03-17T16:53:12.000000Z', 'deleted_at': None}",461,Ciprofloxacin (Ciprofloxacin Hydrochloride),,B4-3322,1,Tablet,1,Oral,500 mg,317,Tri-Dot Pharma (Nigeria) Limited,2020-11-30,2025-11-29,Inactive,Tablet,,Each tablet contains: Ciprofloxacin Hydrochloride equivalent to Ciprofloxacin 500 mg,,J01MA02,https://greenbook.nafdac.gov.ng/products/details/3534,2026-09-27T21:50:58.439770+00:00
Greenbook NAFDAC,1845,6173,Cornext Cream##,1,Drugs,"{'id': 1, 'name': 'Drugs', 'created_at': '-000001-11-30T00:00:00.000000Z', 'updated_at': '2022-03-17T16:53:12.000000Z', 'deleted_at': None}",1106,Betamethasone; Clotrimazole; Neomycin sulfate,,A4-100539,4,Cream,21,Topical,0.05%; 1%; 0.5%,691,Ozila-Godson Pharmaceuticals Ltd,2023-09-28,2028-09-27,Active,"Cream
White soft mass filled in Lami collapsible tube

18	NF-PP-339409	CORNEXT CREAM 	CLOTRIMAZOLE USP 1.0% w/w BETAMETHASONE DIPROPIONATE USP E.q. to Betamethasone 0.05%w/w Neomycin Sulphate USP 0.5%w/w Preservative: Chlorocresol USP 0.1%w/w Cream base q.s	CLOTRIMAZOLE USP 1.0% w/w BETAMETHASONE DIPROPIONATE USP E.q. to Betamethasone 0.05%w/w Neomycin Sulphate USP 0.5%w/w Preservative: Chlorocresol USP 0.1%w/w Cream base q.s		Drugs	Imported Products	30G	Prescription Only Medicine (POM)	7/6/2023	OZILA GODSON PHARMACEUTICALS LTD, CHURCH STREET, IDUMOTA LAGOS LAGOS	8033854520	ozilagodsonpharmacyltd@gmail.com	M/s. LESANTO LABORATORIES,, PLOT NO 9, 10, 11 &amp; 20 SURVEY NO 53, NEAR RAILWAY BRIDGE, MANOR ROAD, PALGHAR (EAST) PALGHAR H.O. DIST. THANE 401404 MAHARASHTRA, INDIA , India",1 x 30 g (in Lami tube),"Cornext Cream contain: Clotrimazole USP 1.0% w/w, Betamethasone Dipropionate USP equivalent to Betamethasone 0.05% w/w, Neomycin Sulfate USP 0.5% w/w, Cream Base q.s.
Preservative: Chlorocresol USP 0.1% w/w
Excipients q.s.",https://admin.greenbook.nafdac.gov.ng/uploadImage/smpc_files/2023/10/09/2023100919dbf6f9-08e6-5727-9f72-ee93b4b005ef.pdf,D07CC01,https://greenbook.nafdac.gov.ng/products/details/6173,2026-09-27T21:50:58.439770+00:00
Greenbook NAFDAC,1846,5646,Cortisone Cream##,1,Drugs,"{'id': 1, 'name': 'Drugs', 'created_at': '-000001-11-30T00:00:00.000000Z', 'updated_at': '2022-03-17T16:53:12.000000Z', 'deleted_at': None}",219,Hydrocortisone,,04-4316,4,Cream,21,Topical,1%,261,Phamatex Nigeria Limited,2023-04-26,2028-04-25,Active,"Cream
White, opaque cream

Cortisone cream	HYDROCORTISONE 1% W/W	Hydrocortisone 1%w/w, Polyethylene glycol, vaseline, liquid paraffin, Cetomacrogol emulsifying wax, chlorocresol	Apr-16	Drugs	Imported Products	1*15g	Prescription Only Medicine (POM)	15/01/2020	PHAMATEX NIGERIA LIMITED, 1, CRYSTAL GLASS CLOSE, AMUWO-ODOFIN	1470193	pharmiyke72@yahoo.co.uk	Hovid Bhd., Lot 56442, 7 1/2 Miles, Jalan Ipoh/ Chemor, 31200 Chemor, Perak Malaysia, Malaysia
												
												
												
												
			Cortisone cream	HYDROCORTISONE 1% W/W	Hydrocortisone 1%w/w, Polyethylene glycol, vaseline, liquid paraffin, Cetomacrogol emulsifying wax, chlorocresol	Apr-16	Drugs	Imported Products	1*15g	Prescription Only Medicine (POM)	15/01/2020	PHAMATEX NIGERIA LIMITED, 1, CRYSTAL GLASS CLOSE, AMUWO-ODOFIN	1470193	pharmiyke72@yahoo.co.uk	Hovid Bhd., Lot 56442, 7 1/2 Miles, Jalan Ipoh/ Chemor, 31200 Chemor, Perak Malaysia, Malaysia
												
												
												
												
												
												
									
												
",1 x 15 g (in Alu tube),"Each gram cream contains: Hydrocortisone 1%
Excipients q.s.",https://admin.greenbook.nafdac.gov.ng/uploadImage/smpc_files/2023/09/22/202309226654f041-401f-5fc3-ad31-68a197e605e1.pdf,D07AA02,https://greenbook.nafdac.gov.ng/products/details/5646,2026-09-27T21:50:58.439770+00:00
Greenbook NAFDAC,1847,4821,Corysan Antiseptic Disinfectant##,1,Drugs,"{'id': 1, 'name': 'Drugs', 'created_at': '-000001-11-30T00:00:00.000000Z', 'updated_at': '2022-03-17T16:53:12.000000Z', 'deleted_at': None}",911,Chloroxylenol,,A11-0324,105,Solution,21,Topical,4.8%,534,Cormart Nigeria Limited,2023-02-23,2028-02-22,Active,"Solution

CORYSAN ANTISEPTIC DISINFECTANT	A11-0324	CORYSAN ANTISEPTIC DISINFECTANT	Chloroxylenol 4.8% Isopropyl alcohol,pine oil,castor oil,sodium hydrchloride,caramel colour,aqua.		Drugs	VARIOUS		Drugs		CORMART NIGERIA LIMITED, ILUPEJU INDUSTRIAL ESTATE LAGOS LAGOS	12806777	CORMART NIG LTD, KM 51,LAGOS-IBADAN EXPRESSWAY ILEKE TOWN,OBAFEMI AWODE,LGA, OGUN STATE,NIGERIA, Nigeria		2/23/2023	2/22/2028",,Corysan Antiseptic Disinfectant contains: Chloroxylenol 4.8% w/w,https://admin.greenbook.nafdac.gov.ng/uploadImage/smpc_files/2023/10/03/202310034c7a038f-75e4-5353-adcd-bc1950093959.pdf,D08AE05,https://greenbook.nafdac.gov.ng/products/details/4821,2026-09-27T21:50:58.439770+00:00
Greenbook NAFDAC,1848,66,Cosmin Gel## (null smpc),1,Drugs,"{'id': 1, 'name': 'Drugs', 'created_at': '-000001-11-30T00:00:00.000000Z', 'updated_at': '2022-03-17T16:53:12.000000Z', 'deleted_at': None}",887,Isotretinoin,,B4-6074,29,Gel,21,Topical,0.05%,511,Nurushat Ventures Limited,2021-12-16,2026-12-15,Active,Gel,1 x 10 g tube,Cosmin Gel contains: Gel 0.05%,http://157.245.218.174/nafdac/uploadImage/smpc_files/2022/06/06/2022060633f621cf-d74c-557b-a43b-db4186c74029.PNG,D10AD04,https://greenbook.nafdac.gov.ng/products/details/66,2026-09-27T21:50:58.439770+00:00
Greenbook NAFDAC,1849,12002,Cosoco Cream_,1,Drugs,"{'id': 1, 'name': 'Drugs', 'created_at': '-000001-11-30T00:00:00.000000Z', 'updated_at': '2022-03-17T16:53:12.000000Z', 'deleted_at': None}",522,Ketoconazole,,A4-100197,4,Cream,1,Oral,2%,828,Priya Pharmaceutical Nig Ltd,2025-09-24,2030-09-23,Active,"Topical Cream.
White color smooth cream",15 g (in lami tube),"Composition: Ketoconazole BP 2% w/w
Cream Base Q.S",https://admin.greenbook.nafdac.gov.ng/uploadImage/smpc_files/2025/11/26/202511265ee2c3a1-6816-5185-80fd-94311bd2be66.pdf,D01AC08,https://greenbook.nafdac.gov.ng/products/details/12002,2026-09-27T21:50:58.439770+00:00
Greenbook NAFDAC,1850,4822,Cotozal-TZ Plus**,1,Drugs,"{'id': 1, 'name': 'Drugs', 'created_at': '-000001-11-30T00:00:00.000000Z', 'updated_at': '2022-03-17T16:53:12.000000Z', 'deleted_at': None}",516,Fluconazole; Azithromycin; Tinidazole,,B4-7785,118,Kit,1,Oral,150 mg; 1000 mg; 1000 mg,169,Evans Therapeutics Limited,2023-01-26,2028-01-25,Active,"Combipack of 1 Tablet (Azithromycin), 2 Tablets (Tinidazole) and 1 Capsule (Fluconazole), in Alu-PVC Blister Pack.
Fluconazole Capsules BP 150 mg – Capsule (Solid oral dosage form)
Tinidazole Tablets 1 g – Tablet (Solid oral dosage form)
Azithromycin Tablets USP 1 g – Tablet (Solid oral dosage form)",1 Tablet Azithromycin + 2 Tablets Tinidazole + 1 Capsule Fluconazole (in Alu-PVC blister),"Combipack of Fluconazole Capsules BP, Tinidazole Tablets and Azithromycin Tablets USP.
Each Combipack Contains:
A. Fluconazole Capsules BP (1 Capsule)
Each hard gelatin capsule contains: Fluconazole USP 150 mg, Excipients q.s.
Approved colours are used in empty hard gelatin capsule shell.

B. Tinidazole Tablets (2 Tablets)
Each film coated tablet contains: Tinidazole BP 1 g, Excipients q.s.
Colour: Blue oxide of Iron

C. Azithromycin Tablets USP  1 g (1 Tablet)
Each film coated tablet contains: Azithromycin Dihydrate USP equiv. to Azithromycin (anhydrous) 1 g, Excipients q.s.
Colour: Yellow oxide of Iron",https://admin.greenbook.nafdac.gov.ng/uploadImage/smpc_files/2024/09/17/202409176285ad49-7df1-527d-baa4-98cb5f048a12.pdf,J02AC01,https://greenbook.nafdac.gov.ng/products/details/4822,2026-09-27T21:50:58.439770+00:00
Greenbook NAFDAC,1851,7178,Cotrikris (Paediatric Oral) Suspension**,1,Drugs,"{'id': 1, 'name': 'Drugs', 'created_at': '-000001-11-30T00:00:00.000000Z', 'updated_at': '2022-03-17T16:53:12.000000Z', 'deleted_at': None}",488,Sulfamethoxazole; Trimethoprim,Co-trimoxazole; Cotrimoxazole,A11-100647,102,Suspension,1,Oral,200 mg/5 mL; 40 mg/5 mL,370,Krishat Pharma Industries Limited,2024-01-31,2029-01-30,Active,"Oral Suspension
Off white in color",1 x 50 mL (in plastic bottle),"Each 5 mL suspension contains: Trimethoprim 40 mg, Sulfamethoxazole 200 mg",https://admin.greenbook.nafdac.gov.ng/uploadImage/smpc_files/2024/12/01/202412013d3047ce-8105-5f09-adc2-6c300445c822.pdf,J01EE01,https://greenbook.nafdac.gov.ng/products/details/7178,2026-09-27T21:50:58.439770+00:00
Greenbook NAFDAC,1852,10577,Cotrikris**,1,Drugs,"{'id': 1, 'name': 'Drugs', 'created_at': '-000001-11-30T00:00:00.000000Z', 'updated_at': '2022-03-17T16:53:12.000000Z', 'deleted_at': None}",488,Sulfamethoxazole; Trimethoprim,Co-trimoxazole; Cotrimoxazole,A4-5655,1,Tablet,1,Oral,400 mg; 80 mg,370,Krishat Pharma Industries Limited,2022-04-28,2027-04-27,Active,"Tablet
Round shaped, white color, uncoated tablet one side middle line other side embossed with &#039;COTRIKRIS 480&#039;",10 x 10&#039;s (in Alu-PVC blisters),"Each uncoated tablet contains: Sulphamethoxazole BP 400 mg and  Trimethoprim BP 80 mg

Excipients:
Maize Starch, Microcrystalline Cellulose, Sodium Starch Glycolate, Sodium Methyl Paraben, Propyl Paraben, Magnesium Stearate, Purified Talc",https://admin.greenbook.nafdac.gov.ng/uploadImage/smpc_files/2025/01/28/202501287c005c1b-32a5-533a-b214-f967da4f0c40.pdf,J01EE01,https://greenbook.nafdac.gov.ng/products/details/10577,2026-09-27T21:50:58.439770+00:00
Greenbook NAFDAC,1853,6531,Coughcare+ Syrup##,1,Drugs,"{'id': 1, 'name': 'Drugs', 'created_at': '-000001-11-30T00:00:00.000000Z', 'updated_at': '2022-03-17T16:53:12.000000Z', 'deleted_at': None}",1059,Chlorphenamine; Ammonium chloride; Sodium citrate; Menthol,,A11-100600,103,Syrup,1,Oral,2 mg/5 mL; 100 mg/5 mL; 60 mg/5 mL; 1.5 mg/5 mL,370,Krishat Pharma Industries Limited,2023-11-30,2028-11-29,Active,"Liquid Syrup

COUGHCARE+ SYRUP	AMMONIUM CHLORIDE 100MG, CHLORPHENIRAMINE MALEATE 2MG, SODIUM CITRATE 60MG, MENTHOL CYSTAL 1.5MG	AMMONIUM CHLORIDE 100MG, CHLORPHENIRAMINE MALEATE 2MG, SODIUM CITRATE 60MG, MENTHOL CYSTAL 1.5MG		Drugs	Nigerian Products	100ML	Over The Counter (OTC)	22/10/2023	KRISHAT PHARMA INDUSTRIES LIMITED, KM 15, LAGOS IBADAN EXPRESSWAY, IBADAN, OYO STATE, NIGERIA	8083636904	operations@krishatpharma.com	KRISHAT PHARMA, KM 15, LAGOS-IBADAN EXPRESSWAY, IBADAN, OYO STATE, Nigeria",1 x 100 mL (in amber PET bottle),"Each 5 mL of the syrup contains: Ammonium chloride 100 mg, Chlorpheniraime Maleate 2 mg, Sodium Citrate 60 mg, Menthol Crystal 1.5 mg
Excipients: Menthol, Sucrose, Methyl Paraben, Propyl Paraben, Citric Acid Monohydrate, Sodium Citrate, Banana Green Flavor, Purified Water",https://admin.greenbook.nafdac.gov.ng/uploadImage/smpc_files/2023/12/21/20231221045364bd-2131-5b9f-b0da-12ab0e28e48d.pdf,R05FB02,https://greenbook.nafdac.gov.ng/products/details/6531,2026-09-27T21:50:58.439770+00:00
Greenbook NAFDAC,1854,6356,Coveram 10 mg/10 mg Tablets**,1,Drugs,"{'id': 1, 'name': 'Drugs', 'created_at': '-000001-11-30T00:00:00.000000Z', 'updated_at': '2022-03-17T16:53:12.000000Z', 'deleted_at': None}",253,Amlodipine (Amlodipine Besilate); Perindopril,,A4-6817,1,Tablet,1,Oral,10 mg; 10 mg,288,Servier Pharmaceuticals Development Limited,2023-10-31,2028-10-30,Active,"Tablet
White, round tablet engraved with &quot;10/10&quot; on one face and symbol on the other face",1 x 30&#039;s (in a polypropylene container),"Each tablet contains: Perindopril 6.790 mg equivalent to 10 mg Perindopril Arginine, Amlodipine Besylate 13.870 mg equivalent to Amlodipine 10 mg, Excipients q.s.
",https://admin.greenbook.nafdac.gov.ng/uploadImage/smpc_files/2024/12/24/2024122438a927de-2590-59d3-9432-42cc64f0989d.pdf,C09BB04,https://greenbook.nafdac.gov.ng/products/details/6356,2026-09-27T21:50:58.439770+00:00
Greenbook NAFDAC,1855,6528,Coveram 10 mg/5 mg**,1,Drugs,"{'id': 1, 'name': 'Drugs', 'created_at': '-000001-11-30T00:00:00.000000Z', 'updated_at': '2022-03-17T16:53:12.000000Z', 'deleted_at': None}",253,Amlodipine (Amlodipine Besilate); Perindopril,,A4-6818,1,Tablet,1,Oral,5 mg; 10 mg,288,Servier Pharmaceuticals Development Limited,2023-11-30,2028-11-29,Active,"Tablet
White, triangular-shaped tablet engraved with 10/5 on one face and symbol on the other face", 1 x 30&#039;s (in a polypropylene container),"Each tablet contains: Perindopril 6.790 mg equivalent to Perindopril Arginine 10 mg, Amlodipine Besylate 6.935 mg equivalent to  Amlodipine 5 mg, Excipients q.s.",https://admin.greenbook.nafdac.gov.ng/uploadImage/smpc_files/2023/12/18/20231218f361fa14-685e-5d87-8029-146253e1be57.pdf,C09BB04,https://greenbook.nafdac.gov.ng/products/details/6528,2026-09-27T21:50:58.439770+00:00
Greenbook NAFDAC,1856,6357,Coveram 5 mg/10 mg**,1,Drugs,"{'id': 1, 'name': 'Drugs', 'created_at': '-000001-11-30T00:00:00.000000Z', 'updated_at': '2022-03-17T16:53:12.000000Z', 'deleted_at': None}",253,Amlodipine (Amlodipine Besilate); Perindopril,,A4-6816,1,Tablet,1,Oral,10 mg; 5 mg,288,Servier Pharmaceuticals Development Limited,2023-10-31,2028-10-30,Active,"Tablet
White, square-shaped tablet engraved with 5/10 on one face and symbol on the other face",1 x 30&#039;s (in a polypropylene container),"Each tablet contains: Perindopril 3.395 mg equivalent to Perindopril Arginine 5 mg, Amlodipine Besylate 13.870 mg equivalent to  Amlodipine 10 mg, Excipients q.s.",https://admin.greenbook.nafdac.gov.ng/uploadImage/smpc_files/2024/12/24/202412245706fa3a-3a74-5e0c-ae73-3e8e45ce03ce.pdf,C09BB04,https://greenbook.nafdac.gov.ng/products/details/6357,2026-09-27T21:50:58.439770+00:00
Greenbook NAFDAC,1857,6529,Coveram 5 mg/5 mg**,1,Drugs,"{'id': 1, 'name': 'Drugs', 'created_at': '-000001-11-30T00:00:00.000000Z', 'updated_at': '2022-03-17T16:53:12.000000Z', 'deleted_at': None}",253,Amlodipine (Amlodipine Besilate); Perindopril,, A4-6819,1,Tablet,1,Oral,5 mg; 5 mg,288,Servier Pharmaceuticals Development Limited,2023-11-30,2028-11-29,Active,"Tablet
White, rod-shaped tablet engraved with 5/5 on one face and symbol on the other face",1 x 30&#039;s (in a polypropylene container),"Each tablet contains: Perindopril 3.395 mg equivalent to Perindopril Arginine 5 mg, Amlodipine Besylate 6.935 mg equivalent to  Amlodipine 5 mg, Excipients q.s.",https://admin.greenbook.nafdac.gov.ng/uploadImage/smpc_files/2024/12/24/20241224459740b3-56d9-527f-8b32-d9605ee8f61b.pdf,C09BB04,https://greenbook.nafdac.gov.ng/products/details/6529,2026-09-27T21:50:58.439770+00:00
Greenbook NAFDAC,1858,4342,Coveram Plus 5/1.25/5 mg Tablets**,1,Drugs,"{'id': 1, 'name': 'Drugs', 'created_at': '-000001-11-30T00:00:00.000000Z', 'updated_at': '2022-03-17T16:53:12.000000Z', 'deleted_at': None}",1247,Amlodipine (Amlodipine Besilate); Perindopril; Indapamide,,B4-6499,1,Tablet,1,Oral,5 mg; 5 mg; 1.25 mg,338,Assene-Laborex Limited,2021-12-16,2026-12-15,Active,"Film Coated Tablet
White, oblong, film-coated tablet, 9.75 mm long and 5.16 mm wide, engraved with symbols on both faces",1 x 30&#039;s (in a container),"Each tablet contains: Perindopril  3.395 mg equiv. to Perindopril Arginine 5 mg, Indapamide 1.25 mg, Amlodipine Besilate 6.935 mg equiv. to Amlodipine 5 mg

Excipients:
Pregelatinised Starch, Magnesium Stearate, Croscarmellose Sodium, Cellulose Microcrystalline, Titanium Dioxide",https://admin.greenbook.nafdac.gov.ng/uploadImage/smpc_files/2024/11/16/202411168000e68a-5ccd-5b13-a24e-029adffcdf85.pdf,C09BX01,https://greenbook.nafdac.gov.ng/products/details/4342,2026-09-27T21:50:58.439770+00:00
Greenbook NAFDAC,1859,2683,Coveram Plus Tablets 10/2.5/5 mg**,1,Drugs,"{'id': 1, 'name': 'Drugs', 'created_at': '-000001-11-30T00:00:00.000000Z', 'updated_at': '2022-03-17T16:53:12.000000Z', 'deleted_at': None}",1247,Amlodipine (Amlodipine Besilate); Perindopril; Indapamide,,B4-6497,1,Tablet,1,Oral,5 mg; 10 mg; 2.5 mg,338,Assene-Laborex Limited,2021-12-16,2026-12-15,Active,"Film Coated Tablet
White, oblong, film-coated tablet, 11.5 mm long and 6.09 mm wide, engraved with symbols on both faces",1 x 30&#039;s (in a polypropylene container),"Each tablet contains: Perindopril  6.790 mg equiv. to Perindopril Arginine 10 mg, Indapamide 2.5 mg, Amlodipine Besilate 6.935 mg equiv. to Amlodipine 5 mg",https://admin.greenbook.nafdac.gov.ng/uploadImage/smpc_files/2024/11/16/20241116bdab5b5d-3a64-5b2e-a518-8aa507f363ae.pdf,C09BX01,https://greenbook.nafdac.gov.ng/products/details/2683,2026-09-27T21:50:58.439770+00:00
Greenbook NAFDAC,1860,8706,Coversyl 5 mg Tablets**,1,Drugs,"{'id': 1, 'name': 'Drugs', 'created_at': '-000001-11-30T00:00:00.000000Z', 'updated_at': '2022-03-17T16:53:12.000000Z', 'deleted_at': None}",252,Perindopril Arginine,,A4-5001 ,1,Tablet,1,Oral,5 mg,1232,CHI Pharmaceutical Limited,2021-09-28,2026-09-27,Active,"Film-coated tablet.
Light-green, rod-shaped film-coated tablet engraved with symbol on both edges. The tablet can be divided into equal doses",1 x 15&#039;s; 1 x 30&#039;s,"Each film-coated tablet contains 3.395 mg Perindopril corresponding to 5 mg Perindopril arginine.

Excipient with known effect: 72.58 mg Lactose monohydrate",https://admin.greenbook.nafdac.gov.ng/uploadImage/smpc_files/2024/12/07/20241207fdf74378-58aa-5569-a4b1-86655449f3e7.pdf,C09AA04,https://greenbook.nafdac.gov.ng/products/details/8706,2026-09-27T21:50:58.439770+00:00
Greenbook NAFDAC,1861,310,Coversyl Plus 5 mg/1.25 mg##,1,Drugs,"{'id': 1, 'name': 'Drugs', 'created_at': '-000001-11-30T00:00:00.000000Z', 'updated_at': '2022-03-17T16:53:12.000000Z', 'deleted_at': None}",254,Perindopril Arginine; Indapamide,,B4-4159,1,Tablet,1,Oral,5 mg; 1.25 mg,146,Caesar &amp; Jones Nigeria Ltd,2021-06-24,2026-06-23,Inactive,"Film Coated Tablet
White, rod-shaped, film coated tablet","1 x 10&#039;s, 1 x 30&#039;s (in containers)","Each tablet contains: Perindopril Arginine 5 mg, Indapamide 1.25 mg
Excipient with known effect: Lactose Monohydrate 71.33 mg
Excipients q.s.",https://admin.greenbook.nafdac.gov.ng/uploadImage/smpc_files/2023/05/28/20230528c4d0ae53-b0fb-52c7-9a2e-50845801cd10.pdf,C09BA04,https://greenbook.nafdac.gov.ng/products/details/310,2026-09-27T21:50:58.439770+00:00
Greenbook NAFDAC,1862,67,Coxiget 200 mg##,1,Drugs,"{'id': 1, 'name': 'Drugs', 'created_at': '-000001-11-30T00:00:00.000000Z', 'updated_at': '2022-03-17T16:53:12.000000Z', 'deleted_at': None}",73,Celecoxib,,B4-6150,2,Capsule,1,Oral,200 mg,181,Getz Pharma Nigeria Limited,2021-12-02,2026-12-01,Active,Capsule,,Each capsule contains: Celecoxib 200 mg,https://admin.greenbook.nafdac.gov.ng/uploadImage/smpc_files/2025/03/25/202503252dc90d85-7a8f-567f-b279-5b97a658a80e.pdf,M01AH01,https://greenbook.nafdac.gov.ng/products/details/67,2026-09-27T21:50:58.439770+00:00
Greenbook NAFDAC,1863,68,Coxiget 400 mg##,1,Drugs,"{'id': 1, 'name': 'Drugs', 'created_at': '-000001-11-30T00:00:00.000000Z', 'updated_at': '2022-03-17T16:53:12.000000Z', 'deleted_at': None}",73,Celecoxib,,B4-6149,2,Capsule,1,Oral,400 mg,181,Getz Pharma Nigeria Limited,2021-12-02,2026-12-01,Active,Capsule,,Each capsule: Celecoxib 400 mg,https://admin.greenbook.nafdac.gov.ng/uploadImage/smpc_files/2025/03/25/20250325b4668014-5c02-5f59-9075-24f6b314cb20.pdf,M01AH01,https://greenbook.nafdac.gov.ng/products/details/68,2026-09-27T21:50:58.439770+00:00
Greenbook NAFDAC,1864,8122,Creon 10000 Capsules**,1,Drugs,"{'id': 1, 'name': 'Drugs', 'created_at': '-000001-11-30T00:00:00.000000Z', 'updated_at': '2022-03-17T16:53:12.000000Z', 'deleted_at': None}",1849,Pancreatin,,C4-1547,2,Capsule,1,Oral,150 mg,271,Phillips Pharmaceuticals (Nigeria) Limited,2021-01-28,2026-01-27,Inactive,"Hard capsules containing gastro-resistant microspheres.
Two-tone capsule with brown top and transparent bottom",1 x 20&#039;s (in Alu/Alu blister),"Each hard capsule of gastro-resistant microspheres contains 150 mg pancreatin, produced from porcine pancreatic tissue, equivalent to (activities in Ph. Eur. units):
Lipolytic activity 10 000 Ph. Eur. Units
Amylolytic activity: 8 000 Ph. Eur. Units
Proteolytic activity: 600 Ph. Eur. Units
Active substance: Porcine pancreatin with Amylase/Lipase/Protease activity",https://admin.greenbook.nafdac.gov.ng/uploadImage/smpc_files/2024/10/06/20241006dd99cdb9-5c9a-54cf-94b0-d50f495c394b.pdf,A09AA02,https://greenbook.nafdac.gov.ng/products/details/8122,2026-09-27T21:50:58.439770+00:00
Greenbook NAFDAC,1865,8123,Creon 25000 Capsules**,1,Drugs,"{'id': 1, 'name': 'Drugs', 'created_at': '-000001-11-30T00:00:00.000000Z', 'updated_at': '2022-03-17T16:53:12.000000Z', 'deleted_at': None}",1849,Pancreatin,,C4-1548,2,Capsule,1,Oral,300 mg,271,Phillips Pharmaceuticals (Nigeria) Limited,2021-01-28,2026-01-27,Inactive,"Hard capsules containing gastro-resistant microspheres.
Two-tone capsule with dark orange top and transparent bottom",1 x 20&#039;s (in Alu/Alu blister),"Each hard capsule of gastro-resistant microspheres contains 300 mg pancreatin, produced from porcine pancreatic tissue, equivalent to (Activities in Ph. Eur. units):
Lipolytic activity 25 000 Ph. Eur. Units
Amylolytic activity 18 000 Ph. Eur. Units
Proteolytic activity 1 000 Ph. Eur. Units
Active substance: Porcine Pancreatin with Amylase/Lipase/Protease activity",https://admin.greenbook.nafdac.gov.ng/uploadImage/smpc_files/2024/10/06/2024100633eae4e4-bae1-526b-85ba-7a1bd580970a.pdf,A09AA02,https://greenbook.nafdac.gov.ng/products/details/8123,2026-09-27T21:50:58.439770+00:00
Greenbook NAFDAC,1866,69,Crestor 10 mg Tablets**,1,Drugs,"{'id': 1, 'name': 'Drugs', 'created_at': '-000001-11-30T00:00:00.000000Z', 'updated_at': '2022-03-17T16:53:12.000000Z', 'deleted_at': None}",304,Rosuvastatin (Rosuvastatin Calcium),,A4-5403,1,Tablet,1,Oral,10 mg,347,AstraZeneca Nigeria Limited,2021-12-02,2026-12-01,Active,"Tablet
Round, pink colored tablets, intagliated with &quot;ZD4522&quot; and &quot;10&quot; on one side and plain on the reverse",,"Each tablet contains: Rosuvastatin (as Rosuvastatin Calcium) 10 mg
Excipient with known effect: Lactose Monohydrate 91.3 mg",https://admin.greenbook.nafdac.gov.ng/uploadImage/smpc_files/2023/05/28/20230528a687a5af-0752-5c01-9a8d-8ded3c65b373.pdf,C10AA07,https://greenbook.nafdac.gov.ng/products/details/69,2026-09-27T21:50:58.439770+00:00
Greenbook NAFDAC,1867,77,Crestor 20 mg Tablets**,1,Drugs,"{'id': 1, 'name': 'Drugs', 'created_at': '-000001-11-30T00:00:00.000000Z', 'updated_at': '2022-03-17T16:53:12.000000Z', 'deleted_at': None}",304,Rosuvastatin (Rosuvastatin Calcium),,A4-5404,1,Tablet,1,Oral,20 mg,347,AstraZeneca Nigeria Limited,2021-12-02,2026-12-01,Active,"Tablet
Round, pink colored tablets, intagliated with &quot;ZD4522&quot; and &quot;20&quot; on one side and plain on the reverse",,"Each tablet contains: Rosuvastatin (as Rosuvastatin Calcium) 20 mg
Excipients with known effect: Lactose Monohydrate 182. 6 mg",https://admin.greenbook.nafdac.gov.ng/uploadImage/smpc_files/2023/05/28/20230528960e6294-433f-5476-b268-43bd2c5088fc.pdf,C10AA07,https://greenbook.nafdac.gov.ng/products/details/77,2026-09-27T21:50:58.439770+00:00
Greenbook NAFDAC,1868,70,Crestor 40 mg Tablets**,1,Drugs,"{'id': 1, 'name': 'Drugs', 'created_at': '-000001-11-30T00:00:00.000000Z', 'updated_at': '2022-03-17T16:53:12.000000Z', 'deleted_at': None}",304,Rosuvastatin (Rosuvastatin Calcium),,A4-5405,1,Tablet,1,Oral,40 mg,347,AstraZeneca Nigeria Limited,2021-12-02,2026-12-01,Active,"Tablet
Round, pink colored tablets, intagliated with &quot;ZD4522&quot; and &quot;40&quot; on one side and plain on the reverse",,"Each tablet contains: Rosuvastatin (as Rosuvastatin Calcium)
Excipient with known effect: Lactose Monohydrate 168.32 mg",https://admin.greenbook.nafdac.gov.ng/uploadImage/smpc_files/2023/05/28/2023052827b634a2-7073-5455-be80-83ba58a4661e.pdf,C10AA07,https://greenbook.nafdac.gov.ng/products/details/70,2026-09-27T21:50:58.439770+00:00
Greenbook NAFDAC,1869,71,Crestor 5 mg Tablets**,1,Drugs,"{'id': 1, 'name': 'Drugs', 'created_at': '-000001-11-30T00:00:00.000000Z', 'updated_at': '2022-03-17T16:53:12.000000Z', 'deleted_at': None}",304,Rosuvastatin (Rosuvastatin Calcium),,A4-5402,1,Tablet,1,Oral,5 mg,347,AstraZeneca Nigeria Limited,2021-12-02,2026-12-01,Active,"Tablet
Round, yellow colored tablets, intagliated with &quot;ZD4522&quot; and &quot;5&quot; on one side and plain on the reverse",,"Each tablet contains: Rosuvastatin (as Rosuvastatin Calcium) 5 mg
Excipient with know effect: Lactose Monohydrate 94.88 mg",https://admin.greenbook.nafdac.gov.ng/uploadImage/smpc_files/2023/05/28/202305286589354e-cb53-5d4a-9361-3b0ff587f3b8.pdf,C10AA07,https://greenbook.nafdac.gov.ng/products/details/71,2026-09-27T21:50:58.439770+00:00
Greenbook NAFDAC,1870,8124,Crinone Vaginal Gel**,1,Drugs,"{'id': 1, 'name': 'Drugs', 'created_at': '-000001-11-30T00:00:00.000000Z', 'updated_at': '2022-03-17T16:53:12.000000Z', 'deleted_at': None}",653,Progesterone,,C4-1804,29,Gel,24,Vaginal,8%,228,Merck Pharmaceutical and Life Sciences Limited,2021-08-03,2026-08-02,Inactive,Vaginal Gel,1 x 15’s (Pre-filled Applicators),"Progesterone 8% w/w.
Each applicator contains 1.45 g of gel and delivers 1.125 g of gel.
Each 1.125 g dose contains: Progesterone 90 mg

Excipient with known effect: Contains Sorbic acid 0.08% w/w (0.9 mg/1.125 g dose)",https://admin.greenbook.nafdac.gov.ng/uploadImage/smpc_files/2025/10/15/2025101524778a65-efa7-51e7-bff7-1a3ef1da13b3.pdf,G03DA04,https://greenbook.nafdac.gov.ng/products/details/8124,2026-09-27T21:50:58.439770+00:00
Greenbook NAFDAC,1871,5633,Crivicin Tablet##,1,Drugs,"{'id': 1, 'name': 'Drugs', 'created_at': '-000001-11-30T00:00:00.000000Z', 'updated_at': '2022-03-17T16:53:12.000000Z', 'deleted_at': None}",520,Griseofulvin,,A4-6246,1,Tablet,1,Oral,500 mg,351,Clarion Medicals Limited,2023-03-28,2028-03-27,Active,"Tablet

70	RNW-PP-293218	CRIVICIN TABLET	GRISEOFULVIN 500MG	GRISEOFULVIN BP 500MG, EXICIPIENTS Q.S	A4-6246	Drugs	VARIOUS	Imported Products	1*20TABLETS	Prescription Only Medicine (POM)	11/1/2022	CLARION MEDICALS LTD, AFOLABI LESHI STREET, ILUPEJU ILUPEJU LAGOS	18043564	clarionorder@yahoo.com	ZHEJIANG DND PHARMACEUTICAL CO. LTD., RUAO TOWN, XINCHANG, ZHEJIANG, CHINA, China",1 x 20&#039;s (in PVC-Alu blister),"Each tablet contains: Griseofulvin USP equivalent to Griseofulvin 500 mg
Excipients: Starch, Sucrose, Dextrin, Magnesium Stearate, Sodium Starch Glycolate, Povidone",https://admin.greenbook.nafdac.gov.ng/uploadImage/smpc_files/2023/09/24/2023092452584292-9533-5694-ad08-d0317016626f.pdf,D01BA01,https://greenbook.nafdac.gov.ng/products/details/5633,2026-09-27T21:50:58.439770+00:00
Greenbook NAFDAC,1872,8813,Cromax-4 Eye Drops**,1,Drugs,"{'id': 1, 'name': 'Drugs', 'created_at': '-000001-11-30T00:00:00.000000Z', 'updated_at': '2022-03-17T16:53:12.000000Z', 'deleted_at': None}",779,Sodium cromoglicate,Cromoglicic acid; Cromolyn sodium,04-7550,104,Solution/Drops,15,Ophthalmic,4%,408,Lin-Kabs Pharmaceutical Limited,2021-09-28,2026-09-27,Active,Ophthalmic Solution,1 x 5 mL,Each mL solution contains: Cromolyn Sodium 40 mg (4% w/v),,S01GX01,https://greenbook.nafdac.gov.ng/products/details/8813,2026-09-27T21:50:58.439770+00:00
Greenbook NAFDAC,1873,4823,Cromsol Eye Drop Solution##,1,Drugs,"{'id': 1, 'name': 'Drugs', 'created_at': '-000001-11-30T00:00:00.000000Z', 'updated_at': '2022-03-17T16:53:12.000000Z', 'deleted_at': None}",779,Sodium cromoglicate,Cromoglicic acid; Cromolyn sodium,B4-5725,14,Ear drops,15,Ophthalmic,100 mg,170,Expharlab Limited,2023-05-25,2028-05-24,Active,"Eye Drops

79	RNW-PP-161996	CROMSOL Eye Drop Solution	CROMOLYN SODIUM	Cromolyn Sodium USP 2%W/V, Cromoglicate Sodium 100mg, Sodium Chloride 27mg, Disodium Edetate 5mg, Bezalkonium Chloride Solution 1mg, Tween 800:005ml, Water for injection QS to 5ml	B4-5725	Drugs	Imported Products	5ml,1*5ML	Prescription Only Medicine (POM)	9/16/2020	EXPHARLAB LIMITED, AGEGE MOTOR ROAD, MUSHIN LAGOS LAGOS	80332763	emmadanilozor@gmail.com	AHLCON PARENTERALS (INDIA) LTD, SP-918, Phase III, Bhlwadi -301019, Distt, Alwar (Rajasthan) India., India",1 x 5 mL (in LDPE bottle),"Each 5 mL contains: Cromolyn Sodium 100 mg
Excipients: Sodium Chloride, Edetate Disodium, Benzalkonium Chloride, Polysorbate 80, Water for Injections",https://admin.greenbook.nafdac.gov.ng/uploadImage/smpc_files/2023/08/22/20230822abb486ee-8f1c-5873-b844-9c7b86f2aee8.pdf,S01GX51,https://greenbook.nafdac.gov.ng/products/details/4823,2026-09-27T21:50:58.439770+00:00
Greenbook NAFDAC,1874,4469,Crowther Cod Liver Oil 1000  mg Capsule##,1,Drugs,"{'id': 1, 'name': 'Drugs', 'created_at': '-000001-11-30T00:00:00.000000Z', 'updated_at': '2022-03-17T16:53:12.000000Z', 'deleted_at': None}",349,Cod Liver Oil,,A4-4282,2,Capsule,1,Oral,1000 mg,151,Crowther Pharmaceutical Limited,2020-11-30,2025-11-29,Inactive,"Capsule

Crowther Cod Liver Oil 1000  mg Capsule	A4-4282	Cod Liver Oil	Dietary Supplement	Oral	1000  mg	Capsule	Over The Counter (Otc)	Crowther Pharm A Ltd	Briyosis Soft Caps Pvt Ltd	India	11/30/2020	11/29/2025
",,Each capsule contains: Cod Liver OIL 1000 mg,,A11CB,https://greenbook.nafdac.gov.ng/products/details/4469,2026-09-27T21:50:58.439770+00:00
Greenbook NAFDAC,1875,8741,Crowther Pentazocine Injection BP 30 mg/mL**,1,Drugs,"{'id': 1, 'name': 'Drugs', 'created_at': '-000001-11-30T00:00:00.000000Z', 'updated_at': '2022-03-17T16:53:12.000000Z', 'deleted_at': None}",54,Pentazocine (Pentazocine Lactate),,A4-101077,107,Solution for injection,31,Intravenous; Intramuscular; Subcutaneous,30 mg/mL,151,Crowther Pharmaceutical Limited,2024-11-22,2029-11-21,Active,"Solution for Injection.
A colourless solution",1 mL x 10&#039;s (in ampoules),"Pentazocine Injection BP 30 mg/mL.
Each mL contains: Pentazocine BP 30 mg (as Lactate), Sodium Chloride BP 2.8 mg, Water for Injection BP q.s.",https://admin.greenbook.nafdac.gov.ng/uploadImage/smpc_files/2024/12/16/20241216535a9359-6c9d-5f08-bbc5-88b29b5b18f0.pdf,N02AD01,https://greenbook.nafdac.gov.ng/products/details/8741,2026-09-27T21:50:58.439770+00:00
Greenbook NAFDAC,1876,8742,Crowther Tramadol Capsules BP 100 mg**,1,Drugs,"{'id': 1, 'name': 'Drugs', 'created_at': '-000001-11-30T00:00:00.000000Z', 'updated_at': '2022-03-17T16:53:12.000000Z', 'deleted_at': None}",56,Tramadol Hydrochloride,,A4-101078,2,Capsule,1,Oral,100 mg,151,Crowther Pharmaceutical Limited,2024-11-22,2029-11-21,Active,"Hard gelatin capsule.
Green/white coloured, size &quot;4&quot; capsule containing powder",10 x 10&#039;s (in Alu-PVC blisters),"Tramadol Capsules BP 100 mg.
Each hard gelatin capsule contains: Tramadol Hydrochloride BP 100 mg, Excipients q.s.",https://admin.greenbook.nafdac.gov.ng/uploadImage/smpc_files/2024/12/11/20241211043798a7-c121-5e95-9782-059c02de4b6d.pdf,N02AX02,https://greenbook.nafdac.gov.ng/products/details/8742,2026-09-27T21:50:58.439770+00:00
Greenbook NAFDAC,1877,4,Crushmal##,1,Drugs,"{'id': 1, 'name': 'Drugs', 'created_at': '-000001-11-30T00:00:00.000000Z', 'updated_at': '2022-03-17T16:53:12.000000Z', 'deleted_at': None}",528,Artemether; Lumefantrine,,A4-100161,1,Tablet,1,Oral,80 mg; 480 mg,1040,Zandas Pharmaceutical GM Ltd,2021-12-17,2026-12-16,Active,Film Coated Tablet,1 x 6&#039;s (in PVC-Alu blister),"Each tablet contains: Artemether 80 mg, Lumefantrine 480 mg
Excipients q.s.
Color: Quinoline Yellow Lake",https://admin.greenbook.nafdac.gov.ng/uploadImage/smpc_files/2024/09/19/20240919f4c291cd-56e6-5964-bb66-963e6513f161.pdf,P01BF01,https://greenbook.nafdac.gov.ng/products/details/4,2026-09-27T21:50:58.439770+00:00
Greenbook NAFDAC,1878,12180,Curamus Ceftriaxone and Sulbactam for Injection 1.5 g_,1,Drugs,"{'id': 1, 'name': 'Drugs', 'created_at': '-000001-11-30T00:00:00.000000Z', 'updated_at': '2022-03-17T16:53:12.000000Z', 'deleted_at': None}",2191,Ceftriaxone and Sulbactam,,A4-101602,40,Injection,12,Intravenous,1.5 g,1171,Curamus Helt Limited,2025-10-29,2030-10-28,Active,Powder for Injection,1 x 1.5 g + 10 mL SWFI in ampoule,"Each combipack contains 1 vial and 1 ampoule
Each vial contains: Ceftriaxone 1 g, Sulbactam 0.5 g
Each 10 mL ampoule contains: Sterile Water for Injection",https://admin.greenbook.nafdac.gov.ng/uploadImage/smpc_files/2025/12/10/20251210b9863d17-4d98-5a03-a268-5ba927d51498.pdf,J01DD63,https://greenbook.nafdac.gov.ng/products/details/12180,2026-09-27T21:50:58.439770+00:00
Greenbook NAFDAC,1879,8040,Curecee 50 mg + 150 mg Tablet**,1,Drugs,"{'id': 1, 'name': 'Drugs', 'created_at': '-000001-11-30T00:00:00.000000Z', 'updated_at': '2022-03-17T16:53:12.000000Z', 'deleted_at': None}",347,Vitamin C; Glucose,,A4-6634,45,Lozenge,1,Oral,50 mg; 150 mg,742,Unicure Pharmaceuticals Limited,2024-08-28,2029-08-27,Active,Orange flavoured and coloured square flat lozenge with inscription UNICURE on one side and blank on the other side,1 x 24&#039;s (in a tray),Each CURECEE tablet contains 50 mg of Vitamin C and 150 mg of Glucose,https://admin.greenbook.nafdac.gov.ng/uploadImage/smpc_files/2024/09/29/20240929affe5dea-b100-55fe-9eb5-3f35a51ac473.pdf,A11GB,https://greenbook.nafdac.gov.ng/products/details/8040,2026-09-27T21:50:58.439770+00:00
Greenbook NAFDAC,1880,4902,Curefenac 100 mg##,1,Drugs,"{'id': 1, 'name': 'Drugs', 'created_at': '-000001-11-30T00:00:00.000000Z', 'updated_at': '2022-03-17T16:53:12.000000Z', 'deleted_at': None}",1125,Diclofenac Potassium,,A4-7114,1,Tablet,1,Oral,100 mg,742,Unicure Pharmaceuticals Limited,2023-01-26,2028-01-25,Active,"Film Coated Tablet
Sunset yellow color, circular, film-coated, biconvex tablets with inscription &quot;UNICURE&quot; on one side and &quot;100&quot; on the other side

CUREFENAC 100MG	A4-7114	CUREFENAC	Diclofenac Potassium 100mg	Analgesic			Tablets 	POM	Treatment of mild to moderate pain	Unicure Pharmaceutical Ltd	Ikofa village, Lagos-Benin Expressway, Ogun State.	Same as applicant	Same as applicant	1/26/2023	1/25/2028",20 x 10&#039;s,"Each film coated tablet contains: Diclofenac Potassium 100 mg
Excipients q.s.",https://admin.greenbook.nafdac.gov.ng/uploadImage/smpc_files/2023/10/05/2023100510c96d90-2d2a-583b-8942-42d74a8c53b1.pdf,M01AB05,https://greenbook.nafdac.gov.ng/products/details/4902,2026-09-27T21:50:58.439770+00:00
Greenbook NAFDAC,1881,8041,Curefenac 50 mg Tablet**,1,Drugs,"{'id': 1, 'name': 'Drugs', 'created_at': '-000001-11-30T00:00:00.000000Z', 'updated_at': '2022-03-17T16:53:12.000000Z', 'deleted_at': None}",1125,Diclofenac Potassium,,A4-7115,1,Tablet,1,Oral,50 mg,742,Unicure Pharmaceuticals Limited,2024-08-28,2029-08-27,Active,"Film-coated tablets.
Pink colour, circular, film-coated, biconvex tablets with inscription UNICURE on one side and 50 on the other side",1 x 10&#039;s (in blister),"Diclofenac Potassium 50 mg Tablets.
Each film-coated tablet contains: Diclofenac potassium 50 mg",https://admin.greenbook.nafdac.gov.ng/uploadImage/smpc_files/2024/09/29/2024092976e02869-9f9c-5beb-a09d-9c58f5b64794.pdf,M01AB05,https://greenbook.nafdac.gov.ng/products/details/8041,2026-09-27T21:50:58.439770+00:00
Greenbook NAFDAC,1882,8042,Curegold 4 mg Tablet**,1,Drugs,"{'id': 1, 'name': 'Drugs', 'created_at': '-000001-11-30T00:00:00.000000Z', 'updated_at': '2022-03-17T16:53:12.000000Z', 'deleted_at': None}",414,Cyproheptadine Hydrochloride,,A4-8554,1,Tablet,1,Oral,4 mg,742,Unicure Pharmaceuticals Limited,2024-08-28,2029-08-27,Active,"Sunset yellow coloured, film-coated tablets, with inscription ‘UNICURE’ on one side and plain on other side",3 x 10&#039;s (in PVC/PVDC blister foil and aluminium foil),Each tablet contains: Cyproheptadine HCl 4 mg,https://admin.greenbook.nafdac.gov.ng/uploadImage/smpc_files/2024/10/01/20241001ae38685f-3f5e-5138-96f0-7e9e11adbcc2.pdf,R06AX02,https://greenbook.nafdac.gov.ng/products/details/8042,2026-09-27T21:50:58.439770+00:00
Greenbook NAFDAC,1883,12261,Curoderm Cream_,1,Drugs,"{'id': 1, 'name': 'Drugs', 'created_at': '-000001-11-30T00:00:00.000000Z', 'updated_at': '2022-03-17T16:53:12.000000Z', 'deleted_at': None}",669,Clotrimazole,,A4-1394,4,Cream,21,Topical,1%,1319,Unique Pharmaceuticals Limited,2025-11-26,2030-11-25,Active,"Cream.
Smooth, uniform, white, almost colorless cream",1 x 20 g (in tube),"Each gram of cream contains: Clotrimazole 1% w/w
Excipients q.s.",https://admin.greenbook.nafdac.gov.ng/uploadImage/smpc_files/2025/12/16/202512163787291a-c656-5e05-b9e1-59ecdce95fcf.pdf,D01AC01,https://greenbook.nafdac.gov.ng/products/details/12261,2026-09-27T21:50:58.439770+00:00
Greenbook NAFDAC,1884,8817,Cussons Carex Lime Fresh Antiseptic Disinfectant**,1,Drugs,"{'id': 1, 'name': 'Drugs', 'created_at': '-000001-11-30T00:00:00.000000Z', 'updated_at': '2022-03-17T16:53:12.000000Z', 'deleted_at': None}",1914,Ethanol; Ricinus Communis (Castor) Seed Oil; Sodium Hydroxide,,A11-0423,101,Liquid,21,Topical,9.400%; 6.038%; 1.600%,685,PZ Cussons Nigeria PLC,2024-11-22,2029-11-21,Active,"Liquid.
Clear light green liquid with characteristic odour of lime",250 mL; 500 mL; 1000 mL (in PET bottles with PP caps),"Deionised Water - Purified 69.998002% w/w, Ethanol 9.400% w/w, Castor Soap [Ricinus Communis (Castor) Seed Oil 6.038% w/w and Sodium Hydroxide (47% w/w Solution) 1.600% w/w], Para-chloro-m-xylenol 3.500% w/w, Pine oil 8.500% w/w",https://admin.greenbook.nafdac.gov.ng/uploadImage/smpc_files/2025/01/04/2025010425e76461-5803-5a71-b2f8-ec25f7973a50.pdf,,https://greenbook.nafdac.gov.ng/products/details/8817,2026-09-27T21:50:58.439770+00:00
Greenbook NAFDAC,1885,7083,Cutenox Injection 20 mg/0.2 mL**,1,Drugs,"{'id': 1, 'name': 'Drugs', 'created_at': '-000001-11-30T00:00:00.000000Z', 'updated_at': '2022-03-17T16:53:12.000000Z', 'deleted_at': None}",1786,Enoxaparin Sodium,,A6-0451,107,Solution for injection,41,Intravenous; Subcutaneous,20 mg/0.2 mL,27,Fidson Healthcare PLC,2023-07-03,2028-07-02,Active,"Solution for injection in ready-to-use pre-filled syringe.
Each 0.2 mL pre-filled syringe contains: Enoxaparin Sodium USP 20 mg (100 mg/mL)",0.2 mL x 1&#039;s (in Pre-Filled Syringe),,,B01AB05,https://greenbook.nafdac.gov.ng/products/details/7083,2026-09-27T21:50:58.439770+00:00
Greenbook NAFDAC,1886,8125,Cyclocel-500 Injection**,1,Drugs,"{'id': 1, 'name': 'Drugs', 'created_at': '-000001-11-30T00:00:00.000000Z', 'updated_at': '2022-03-17T16:53:12.000000Z', 'deleted_at': None}",710,Cyclophosphamide,,A4-4987,70,Powder for injection,12,Intravenous,500 mg,216,L&#039;PaceMaker Pharmaceuticals Limited,2021-06-24,2026-06-23,Inactive,Powder for solution for injection in a vial,1 x 1&#039;s (in vial),"Cyclophosphamide USP 500 mg.
Each vial contains Cyclophosphamide monohydrate equivalent to 500 mg anhydrous Cyclophosphamide",,L01AA01,https://greenbook.nafdac.gov.ng/products/details/8125,2026-09-27T21:50:58.439770+00:00
Greenbook NAFDAC,1887,4343,Cyclogest 400 mg Pessaries##,1,Drugs,"{'id': 1, 'name': 'Drugs', 'created_at': '-000001-11-30T00:00:00.000000Z', 'updated_at': '2022-03-17T16:53:12.000000Z', 'deleted_at': None}",653,Progesterone,,A4-0236,68,Pessary,24,Vaginal,400 mg,23,Alpha Pharmacy and Stores (Nig) Ltd,2020-12-21,2025-12-20,Inactive,Pessary,,Each pessary contains: Progesterone Ph EUR 400 mg,,G03DA04,https://greenbook.nafdac.gov.ng/products/details/4343,2026-09-27T21:50:58.439770+00:00
Greenbook NAFDAC,1888,4344,Cycloserine Capsules USP 250 mg##,1,Drugs,"{'id': 1, 'name': 'Drugs', 'created_at': '-000001-11-30T00:00:00.000000Z', 'updated_at': '2022-03-17T16:53:12.000000Z', 'deleted_at': None}",1621,Cycloserine,,A4-100095,2,Capsule,1,Oral,250 mg,193,Healthline Limited,2021-09-28,2026-09-27,Active,"Capsule
White to creamy pink powder filled in hard shell gelatin capsules with light orange opaque cap and white opaque body, axially imprinted with “Mylan” over “CS250” in black ink on both cap and body
","1 x 10&#039;s, 10 x 10&#039;s (in blisters), 1 x 100&#039;s (in HDPE container)","Each capsule contains: Cycloserine 250 mg
Excipients q.s.",https://admin.greenbook.nafdac.gov.ng/uploadImage/smpc_files/2023/05/27/202305273854ce7c-026c-53dd-8559-52f68b4e381b.pdf,J04AB01,https://greenbook.nafdac.gov.ng/products/details/4344,2026-09-27T21:50:58.439770+00:00
Greenbook NAFDAC,1889,7177,Cygnus 20 mg Capsules##,1,Drugs,"{'id': 1, 'name': 'Drugs', 'created_at': '-000001-11-30T00:00:00.000000Z', 'updated_at': '2022-03-17T16:53:12.000000Z', 'deleted_at': None}",176,Omeprazole,,B4-8168,2,Capsule,1,Oral,20 mg,730,Sai Sagar Pharma Limited,2024-03-27,2029-03-26,Active,"Capsule

60	CMS-PP-231426	CYGNUS 20mg Capsules	Omeprazole Delayed Release Capsules USP 20mg	Each hard gelatin capsule contains: Omeprazole USP……..20 mg (as enteric coated pellets) Excipients………………q.s. Approved colours used in empty shells	B4-8168	Drugs	Imported Products	2 X 7	Prescription Only Medicine (POM)	2/6/2023	SAI SAGAR PHARMA LTD, KAARA STREET, OFF OSOLO WAY, AJAO ESTATE, LAGOS ISOLO LAGOS	S KANT HEALTHCARE LTD, PLOT NO. 1802-1805, G.I.D.C., PHASE 111, VAPI-396195, DISTRICT VALSAD, GUJARAT, INDIA., India",2 x 7&#039;s (in strips),"Each hard gelatin capsule contains: Omeprazole USP 20 mg (as enteric coated pellets)
Excipients q.s.
Approved colors used in empty shells
",https://admin.greenbook.nafdac.gov.ng/uploadImage/smpc_files/2024/11/28/20241128354fffdd-9688-5ff1-9377-b61cfdd999ad.pdf,A02BC01,https://greenbook.nafdac.gov.ng/products/details/7177,2026-09-27T21:50:58.439770+00:00
Greenbook NAFDAC,1890,4825,Cyplox 500 mg Tablet**,1,Drugs,"{'id': 1, 'name': 'Drugs', 'created_at': '-000001-11-30T00:00:00.000000Z', 'updated_at': '2022-03-17T16:53:12.000000Z', 'deleted_at': None}",461,Ciprofloxacin (Ciprofloxacin Hydrochloride),,04-3202,1,Tablet,1,Oral,500 mg,1058,Sanofi-Aventis Nigeria Limited,2023-02-23,2028-02-22,Active,"Film-Coated Tablet.
Oblong, nearly white to slightly yellowish tablets marked with “CIP score 500” on one side and “Bayer” on the reverse side. The tablets can be divided into equal doses",1 x 10&#039;s,"Each tablet contains: Ciprofloxacin (as Ciprofloxacin Hydrochloride) 500 mg, Excipients q.s.",,J01MA02,https://greenbook.nafdac.gov.ng/products/details/4825,2026-09-27T21:50:58.439770+00:00
Greenbook NAFDAC,1891,5763,Cyprigold Plus Caplet##,1,Drugs,"{'id': 1, 'name': 'Drugs', 'created_at': '-000001-11-30T00:00:00.000000Z', 'updated_at': '2022-03-17T16:53:12.000000Z', 'deleted_at': None}",368,Cyproheptadine; Vitamins,,B4-2189,108,Caplet,1,Oral,2 mg,312,Therapeutic Lab. (Nigeria) Limited,2023-04-26,2028-04-25,Active,"Film Coated Caplet

5	CMS-PP-270393	CYPRIGOLD PLUS CAPLET	CYPROHEPTADINE +MULTIVITAMIN	Cyproheptadine Hydrochloride BP - 2 mg. Thiamine Hydrochloride BP - 1.5 mg. Riboflavin BP - 1.5 mg Pyridoxine Hydrochloride BP - 1 mg. Calcium Pantothenate BP - 2.5 mg	B4-2189	Drugs		Nigerian Products	2*15	POM 1	12/12/2022	THERAPEUTIC LABORATORIES (NIG.) LIMITED, 372 IKORODU RD. MARYLAND LAGOS LAGOS LAGOS	8037266866	therapeuticlaboratories@gmail.com	NEROS PHARMACEUTICAL LTD, PLOT 3, NEROS PHARMA AVENUE,OFF KM 38, LAGOS-ABEOKUTA EXPRESSWAY BY SINGER BUS STOP, SANGO-OTA, OGUN STATE., Nigeria",2 x 15&#039;s,"Each film coated caplet contains: Cyproheptadine Hydrochloride (Anhydrous) BP 2 mg, Thiamine Hydrochloride BP 1.5 mg, Riboflavin BP 1.5 mg, Pyridoxine Hydrochloride BP 1 mg, Calcium Pantothenate BP 2.5 mg
Excipients: Maize Starch, Sucrose, Methyl Hydroxybenzoate, Propyl Hydroxybenzoate, Colloidal Anhydrous Silica, Purified Talc, Magnesium Stearate, Isopropyl Alcohol",https://admin.greenbook.nafdac.gov.ng/uploadImage/smpc_files/2023/09/25/20230925dc19597c-4634-57ca-b447-63a819e3dc87.pdf,R06AX02,https://greenbook.nafdac.gov.ng/products/details/5763,2026-09-27T21:50:58.439770+00:00
Greenbook NAFDAC,1892,4471,Cyprigold Plus Syrup## (check composition),1,Drugs,"{'id': 1, 'name': 'Drugs', 'created_at': '-000001-11-30T00:00:00.000000Z', 'updated_at': '2022-03-17T16:53:12.000000Z', 'deleted_at': None}",368,Cyproheptadine; Vitamins,,B4-4715,103,Syrup,1,Oral,2 mg,312,Therapeutic Lab. (Nigeria) Limited,2020-09-10,2025-10-10,Inactive,"Syrup

Cyprigold Plus Syrup	B4-4715	Cyproheptadine 2  mg, Vitamins, 	Antihistamines And Antiallergics	Oral	2  mg	Syrup	Over The Counter (Otc)	Therapeutic Laboratories Nig Ltd	Therapeutic Laboratories  Nig Ltd	Nigeria	10-9-2020	10-10-2025
",,Cyprigold Plus Syrup contains: Cyproheptadine 2 mg,,R06AX,https://greenbook.nafdac.gov.ng/products/details/4471,2026-09-27T21:50:58.439770+00:00
Greenbook NAFDAC,1893,12003,Cyprodan Tablets_,1,Drugs,"{'id': 1, 'name': 'Drugs', 'created_at': '-000001-11-30T00:00:00.000000Z', 'updated_at': '2022-03-17T16:53:12.000000Z', 'deleted_at': None}",414,Cyproheptadine Hydrochloride,,B4-1093,1,Tablet,1,Oral,4 mg,154,Dana Pharmaceuticals Limited,2021-05-27,2026-05-26,Inactive,"White to off-white round flat, uncoated tablet with beveled edged having one side CYPRODAN and other side DANA embossed with a score line",3 x 10&#039;s (in Blisters),Each tablet contains: Cyproheptadine hydrochloride equiv. Anhydrous Cyproheptadine hydrochloride 4 mg,https://admin.greenbook.nafdac.gov.ng/uploadImage/smpc_files/2025/07/29/20250729495866c4-b8ef-5cdd-8f81-de8b63ea149d.pdf,R06AX02,https://greenbook.nafdac.gov.ng/products/details/12003,2026-09-27T21:50:58.439770+00:00
Greenbook NAFDAC,1894,72,Cyprodiol Tablet##,1,Drugs,"{'id': 1, 'name': 'Drugs', 'created_at': '-000001-11-30T00:00:00.000000Z', 'updated_at': '2022-03-17T16:53:12.000000Z', 'deleted_at': None}",890,Ethinylestradiol; Cyproterone Acetate,,B4-5475,1,Tablet,1,Oral,0.035 mg; 2 mg,511,Nurushat Ventures Limited,2021-12-16,2026-12-15,Active,Film Coated Tablet,,"Each tablet contains: Ethinylestradiol 0.035 mg, Cyproterone Acetate 2 mg",,G03HB01,https://greenbook.nafdac.gov.ng/products/details/72,2026-09-27T21:50:58.439770+00:00
Greenbook NAFDAC,1895,10132,Cytofix Tablets##,1,Drugs,"{'id': 1, 'name': 'Drugs', 'created_at': '-000001-11-30T00:00:00.000000Z', 'updated_at': '2022-03-17T16:53:12.000000Z', 'deleted_at': None}",175,Misoprostol,,A4-7182,1,Tablet,1,Oral,200 mcg,166,Embassy Pharmaceutical and Chemicals Limited,2021-10-27,2026-10-28,Active,Tablet																																																																																																																																																																																																																																												,1 x 4&#039;s,Misoprostol 200 mcg,,,https://greenbook.nafdac.gov.ng/products/details/10132,2026-09-27T21:50:58.439770+00:00
Greenbook NAFDAC,1896,3535,Cytoflox Tablets##,1,Drugs,"{'id': 1, 'name': 'Drugs', 'created_at': '-000001-11-30T00:00:00.000000Z', 'updated_at': '2022-03-17T16:53:12.000000Z', 'deleted_at': None}",461,Ciprofloxacin (Ciprofloxacin Hydrochloride),,C4-1173,1,Tablet,1,Oral,500 mg,1026,Fatcon Pharmaceuticals (Nigeria) Limited,2020-11-10,2025-11-09,Inactive,Tablet,,Each tablet contains: Ciprofloxacin Hydrochloride equivalent to Ciprofloxacin 500 mg,,J01MA02,https://greenbook.nafdac.gov.ng/products/details/3535,2026-09-27T21:50:58.439770+00:00
Greenbook NAFDAC,1897,8413,Cytotec 200 mcg Tablets**,1,Drugs,"{'id': 1, 'name': 'Drugs', 'created_at': '-000001-11-30T00:00:00.000000Z', 'updated_at': '2022-03-17T16:53:12.000000Z', 'deleted_at': None}",175,Misoprostol,,B4-0307,1,Tablet,1,Oral,200 mcg,260,Pfizer Specialties Ltd,2024-09-25,2029-09-24,Active,"White to off-white hexagonal tablets scored both sides, engraved SEARLE 1461 on one side for oral administration",1 x 60&#039;s (in cold-formed aluminium blister),Each tablet contains 200 micrograms misoprostol,https://admin.greenbook.nafdac.gov.ng/uploadImage/smpc_files/2024/11/09/2024110932885274-dba2-5a85-ae2c-aea7678af05e.pdf,G02AD06,https://greenbook.nafdac.gov.ng/products/details/8413,2026-09-27T21:50:58.439770+00:00
Greenbook NAFDAC,1898,8043,Cytotin-50 Injection**,1,Drugs,"{'id': 1, 'name': 'Drugs', 'created_at': '-000001-11-30T00:00:00.000000Z', 'updated_at': '2022-03-17T16:53:12.000000Z', 'deleted_at': None}",727,Cisplatin,,B4-3938,107,Solution for injection,12,Intravenous,50 mg/50 mL,219,Manola Pharmaceuticals Limited,2024-08-28,2029-08-27,Active,"Solution for injection in 50-mL vial.
A clear colourless to pale yellow solution",50 mL x 1&#039;s (in vial),"Cisplatin Injection BP.
Each mL contains: Cisplatin BP 1 mg, Excipients BP q.s. (50 mg/50 mL)",https://admin.greenbook.nafdac.gov.ng/uploadImage/smpc_files/2024/09/12/20240912a40d4a7e-1133-5652-9432-6df7e1240d39.pdf,L01XA01,https://greenbook.nafdac.gov.ng/products/details/8043,2026-09-27T21:50:58.439770+00:00
Greenbook NAFDAC,1899,73,Czartan 25 Tablets##,1,Drugs,"{'id': 1, 'name': 'Drugs', 'created_at': '-000001-11-30T00:00:00.000000Z', 'updated_at': '2022-03-17T16:53:12.000000Z', 'deleted_at': None}",263,Losartan Potassium,,B4-3978,1,Tablet,1,Oral,25 mg,677,JMD Pharmalinks Limited,2021-12-02,2026-12-01,Active,Tablet,,Each tablet contains: Losartan Potassium 25 mg,,C09CA01,https://greenbook.nafdac.gov.ng/products/details/73,2026-09-27T21:50:58.439770+00:00
Greenbook NAFDAC,1900,74,Czartan 50 Tablets##,1,Drugs,"{'id': 1, 'name': 'Drugs', 'created_at': '-000001-11-30T00:00:00.000000Z', 'updated_at': '2022-03-17T16:53:12.000000Z', 'deleted_at': None}",263,Losartan Potassium,,B4-3977,1,Tablet,1,Oral,50 mg,677,JMD Pharmalinks Limited,2021-12-02,2026-12-01,Active,Tablet,,Each tablet contains: Losartan Potassium 50 mg,,C09CA01,https://greenbook.nafdac.gov.ng/products/details/74,2026-09-27T21:50:58.439770+00:00
Greenbook NAFDAC,1901,6886,D & M Robin's Hospital Disinfectant## (strength format),1,Drugs,"{'id': 1, 'name': 'Drugs', 'created_at': '-000001-11-30T00:00:00.000000Z', 'updated_at': '2022-03-17T16:53:12.000000Z', 'deleted_at': None}",1752,Hydroxide Peroxide; Sodium Lauryl Sulphate; Phosphoric Acid; Sodium EDTA,,A11-100620,101,Liquid,21,Topical,4%w/v; 0.05%w/v; 0.08%w/v; 0.01%w/v,1208,"DRUGS AND MEDICAMENTS NIG LTD,",2023-12-21,2028-12-20,Active,"Solution

NF-PP-313175	D&amp;M ROBIN&#039;S HOSPITAL DISINFECTANT 	A11-100620	DISINFECTANT 	Drugs	4Litre	N/A	Gallon	LIQUID	DRUGS AND MEDICAMENTS NIG LTD	8037177403	drugsandmedicamentsnigltd@outlook.com	22, EKOLOLU STREET, OFF MASHA BUS STOP, SURULERE , LAGOS STATE	Nigeria	NAILS PHARMACEUTICALS LTD	*New Product Registration	8037177403	Info@nailspharm.com	Plot 67/68 Naze Industrial, Owerri, Imo State	22/12/2023	20/12/2028",1 x 4 L (in amber glass bottle),"D &amp; M Robin&#039;s Hospital Disinfectant contains: Hydroxide Peroxide 4%, Sodium Lauryl Sulphate 0.05%, Phosphoric Acid 0.08%, Sodium EDTA H20

",https://admin.greenbook.nafdac.gov.ng/uploadImage/smpc_files/2024/01/02/202401021f104c7f-4afb-5f9d-b283-0d1d3dd19765.pdf,D11AX25,https://greenbook.nafdac.gov.ng/products/details/6886,2026-09-27T21:50:58.439770+00:00
Greenbook NAFDAC,1902,6174,D & M Robins Methylated Spirit##,1,Drugs,"{'id': 1, 'name': 'Drugs', 'created_at': '-000001-11-30T00:00:00.000000Z', 'updated_at': '2022-03-17T16:53:12.000000Z', 'deleted_at': None}",1670,Ethyl Alcohol,,A11-100505,101,Liquid,21,Topical,95%,1208,"DRUGS AND MEDICAMENTS NIG LTD,",2023-05-25,2028-05-24,Active,"Liquid

D &amp;M ROBINS METHYLATED SPIRIT	METHYLATED SPIRIT	Alcohol Bp	A11-100505	Drugs	Nigerian Products	200ml	OTC	06/03/2023	DRUGS AND MEDICAMENTS NIG LTD, 22, EKOLOLU STREET, OFF MASHA BUS STOP, SURULERE , LAGOS STATE	8037177403	drugsandmedicamentsnigltd@outlook.com	NAILS PHARMACEUTICALS LTD, Plot 67/68 Naze Industrial, Owerri, Imo State, Nigeria",1 x 200 mL (in PET bottle),"Each tablet contains: Ethyl Alcohol BP 95% v/v

",https://admin.greenbook.nafdac.gov.ng/uploadImage/smpc_files/2023/09/20/202309204489f82b-1be2-5cd3-9f7d-e35a8d121554.pdf,D08AX08,https://greenbook.nafdac.gov.ng/products/details/6174,2026-09-27T21:50:58.439770+00:00
Greenbook NAFDAC,1903,3752,D-Artepp 80 mg/640 mg Tablets**,1,Drugs,"{'id': 1, 'name': 'Drugs', 'created_at': '-000001-11-30T00:00:00.000000Z', 'updated_at': '2022-03-17T16:53:12.000000Z', 'deleted_at': None}",535,Dihydroartemisinin; Piperaquine Phosphate,,C4-1229,1,Tablet,1,Oral,80 mg; 640 mg,191,Guilin Pharmaceuticals Nigeria Limited,2020-11-10,2025-11-09,Inactive,Tablet,,Dihydroartemisinin 80 mg and Piperaquine (as Phosphate) 640 mg,,P01BF07,https://greenbook.nafdac.gov.ng/products/details/3752,2026-09-27T21:50:58.439770+00:00
Greenbook NAFDAC,1904,12415,D-Artepp 80 mg/640 mg Tablets_,1,Drugs,"{'id': 1, 'name': 'Drugs', 'created_at': '-000001-11-30T00:00:00.000000Z', 'updated_at': '2022-03-17T16:53:12.000000Z', 'deleted_at': None}",535,Dihydroartemisinin; Piperaquine Phosphate,,C4-1229,1,Tablet,1,Oral,80 mg; 640 mg,1180,Tridem Pharma Nigeria Limited,2025-11-26,2030-11-25,Active,"Tablet.
Blue capsule-shaped, biconvex film-coated tablet debossed with a score line on one side","1 x 6&#039;s, 25 x 6&#039;s (in PVC-Alu blisters)","Each tablet contains: Dihyroartemisinin 80 mg, and Piperaquine 640 mg
Excipients q.s.",https://admin.greenbook.nafdac.gov.ng/uploadImage/smpc_files/2025/12/31/2025123179a47e45-a6a2-5ad9-9b22-4c9c4a826a7d.pdf,P01BF05,https://greenbook.nafdac.gov.ng/products/details/12415,2026-09-27T21:50:58.439770+00:00
Greenbook NAFDAC,1905,5900,D-Artepp Dispersible Tablets 20 mg/160 mg**,1,Drugs,"{'id': 1, 'name': 'Drugs', 'created_at': '-000001-11-30T00:00:00.000000Z', 'updated_at': '2022-03-17T16:53:12.000000Z', 'deleted_at': None}",535,Dihydroartemisinin; Piperaquine Phosphate,,B4-6979,1,Tablet,1,Oral,20 mg; 160 mg,1180,Tridem Pharma Nigeria Limited,2023-04-26,2028-04-25,Active,"Dispersible tablets.
White or pale-yellow, round, tablet debossed with “D” on one side and a score-line on the other side.
The score-line is only to facilitate breaking for ease of swallowing and not to divide the tablet into equal doses",1 x 6&#039;s,Each dispersible tablet contains: Dihydroartemisinin 20 mg and Piperaquine (as phosphate) 160 mg,https://admin.greenbook.nafdac.gov.ng/uploadImage/smpc_files/2024/10/06/202410067a6b11b4-ccc7-5dd6-9046-0ef1f3cd2795.pdf,P01BF07,https://greenbook.nafdac.gov.ng/products/details/5900,2026-09-27T21:50:58.439770+00:00
Greenbook NAFDAC,1906,5899,D-Artepp Dispersible Tablets 40 mg/320 mg**,1,Drugs,"{'id': 1, 'name': 'Drugs', 'created_at': '-000001-11-30T00:00:00.000000Z', 'updated_at': '2022-03-17T16:53:12.000000Z', 'deleted_at': None}",535,Dihydroartemisinin; Piperaquine Phosphate,,B4-6980,1,Tablet,1,Oral,40 mg; 320 mg,1180,Tridem Pharma Nigeria Limited,2023-04-26,2028-04-25,Active,"Dispersible tablets.
White or pale-yellow, round, tablet debossed with “D” on one side and a score-line on the other side.
The score-line is only to facilitate breaking for ease of swallowing and not to divide the tablet into equal doses",1 x 6&#039;s,Each dispersible tablet contains: Dihydroartemisinin 40 mg and Piperaquine (as phosphate) 320 mg,https://admin.greenbook.nafdac.gov.ng/uploadImage/smpc_files/2024/10/06/20241006a865010d-33ef-529c-bb26-2324e2160bdc.pdf,P01BF07,https://greenbook.nafdac.gov.ng/products/details/5899,2026-09-27T21:50:58.439770+00:00
Greenbook NAFDAC,1907,8128,D-Artepp Dispersible Tablets**,1,Drugs,"{'id': 1, 'name': 'Drugs', 'created_at': '-000001-11-30T00:00:00.000000Z', 'updated_at': '2022-03-17T16:53:12.000000Z', 'deleted_at': None}",535,Dihydroartemisinin; Piperaquine Phosphate,,C4-1754,1,Tablet,1,Oral,30 mg; 240 mg,191,Guilin Pharmaceuticals Nigeria Limited,2021-08-03,2026-08-02,Inactive,"Dispersible tablets.
White or pale-yellow, round, tablet debossed with “D” on one side and a score-line on the other side.
The score-line is only to facilitate breaking for ease of swallowing and not to divide the tablet into equal doses",2 x 3&#039;s,"Dihydroartemisinin 30 mg and Piperaquine 240 mg
Each dispersible tablet contains: Dihydroartemisinin 30 mg and Piperaquine (as phosphate) 240 mg",https://admin.greenbook.nafdac.gov.ng/uploadImage/smpc_files/2024/10/03/202410034fd9ea08-35f8-5b3e-b225-9ca27246ad8f.pdf,P01BF07,https://greenbook.nafdac.gov.ng/products/details/8128,2026-09-27T21:50:58.439770+00:00
Greenbook NAFDAC,1908,12416,D-Artepp Tablets 40 mg/320 mg_,1,Drugs,"{'id': 1, 'name': 'Drugs', 'created_at': '-000001-11-30T00:00:00.000000Z', 'updated_at': '2022-03-17T16:53:12.000000Z', 'deleted_at': None}",535,Dihydroartemisinin; Piperaquine Phosphate,,A4-5745,1,Tablet,1,Oral,40 mg; 320 mg,1180,Tridem Pharma Nigeria Limited,2025-11-26,2030-11-25,Active,"Tablet.
Blue, round film coated tablet embossed with a score line on one side","1 x 9&#039;s, 1 x 6&#039;s, 2 x 6&#039;s, 25 x 9&#039;s (in PVC-Alu blisters)","Each tablet contains: Dihyroartemisinin 40 mg, and Piperaquine 320 mg
Excipients q.s.",https://admin.greenbook.nafdac.gov.ng/uploadImage/smpc_files/2025/12/30/20251230cdcc1748-1c1d-53a7-a425-2025f3601943.pdf,P01BF05,https://greenbook.nafdac.gov.ng/products/details/12416,2026-09-27T21:50:58.439770+00:00
Greenbook NAFDAC,1909,3011,D-Benzol Tablet##,1,Drugs,"{'id': 1, 'name': 'Drugs', 'created_at': '-000001-11-30T00:00:00.000000Z', 'updated_at': '2022-03-17T16:53:12.000000Z', 'deleted_at': None}",570,Albendazole,,B4-2231,1,Tablet,1,Oral,400 mg,1130,Discovery Pharmaceuticals Limited,2020-11-10,2025-11-09,Inactive,Tablet,,Each tablet contains: Albendazole 400 mg,,P02CA03,https://greenbook.nafdac.gov.ng/products/details/3011,2026-09-27T21:50:58.439770+00:00
Greenbook NAFDAC,1910,6848,D-Koff Expectorant##,1,Drugs,"{'id': 1, 'name': 'Drugs', 'created_at': '-000001-11-30T00:00:00.000000Z', 'updated_at': '2022-03-17T16:53:12.000000Z', 'deleted_at': None}",1081,Bromhexine; Diphenhydramine; Ammonium chloride; Sodium citrate; Menthol,,04-2751,103,Syrup,1,Oral,4 mg/5 mL; 10 mg/5 mL; 138 mg/5 mL; 58 mg/5 mL; 1.5 mg/5 mL,201,Jawa International Limited,2023-12-21,2028-12-20,Active,"Syrup
A dark brown colored syrup with a pleasant taste and menthol odor, packed in a 100 mL amber glass bottle with 28 mm printed pp caps 

15	RNW-PP-384372	D-KOFF EXPECTORANT	A11-100639	DIPHENYLHYDRAMINE 10MG, BROMHEXINE HCL 4.0MG, AMMONIUM CHLORIDE 138MG, MENTHOL	Apr-51	Drugs	Nigerian Products	100ml	OTC	11/29/2023	JAWA INTERNATIONAL LIMITED, Plot 6, Abimbola Way, Isolo Industrial Estate	8036887062	spjawasil@gmail.com	JAWA INTERNATIONAL LIMITED, JAWA HOUSE, PLOT 6 ABIMBOLA WAY,ISOLO INDUSTRIAL ESTATE,ISOLO,LAGOS., JAWA INTERNATIONAL LIMITED, JAWA HOUSE, PLOT 6 ABIMBOLA WAY,ISOLO INDUSTRIAL ESTATE,ISOLO,LAGOS., Nigeria",1 x 100 mL (in amber glass bottle),"Each 5 ml syrup contains: Diphenhydramine Hydrochloride BP 10 mg, Bromhexine Hydrochloride BP 4.0 mg, Ammonium Chloride BP 138 mg, Sodium Citrate BP  58 mg, Menthol BP 1.5 mg
",https://admin.greenbook.nafdac.gov.ng/uploadImage/smpc_files/2024/01/02/20240102cf524d18-a246-577d-898f-a7674073b251.pdf,R05CA10,https://greenbook.nafdac.gov.ng/products/details/6848,2026-09-27T21:50:58.439770+00:00
Greenbook NAFDAC,1911,3181,D-Mepil Tablet##,1,Drugs,"{'id': 1, 'name': 'Drugs', 'created_at': '-000001-11-30T00:00:00.000000Z', 'updated_at': '2022-03-17T16:53:12.000000Z', 'deleted_at': None}",623,Glimepiride,,B4-2431,1,Tablet,1,Oral,4 mg,1130,Discovery Pharmaceuticals Limited,2020-11-10,2025-11-09,Inactive,Tablet,,Each tablet contains: Glimepiride 4 mg,,A10BB12,https://greenbook.nafdac.gov.ng/products/details/3181,2026-09-27T21:50:58.439770+00:00
Greenbook NAFDAC,1912,7271,D-Tradol-100 Capsules** (incomplete SMPC),1,Drugs,"{'id': 1, 'name': 'Drugs', 'created_at': '-000001-11-30T00:00:00.000000Z', 'updated_at': '2022-03-17T16:53:12.000000Z', 'deleted_at': None}",56,Tramadol Hydrochloride,,A4-8652,2,Capsule,1,Oral,100 mg,1271,Stallion Remedies Nig Limited,2024-02-28,2029-02-27,Active,"Hard gelatin capsule.
Metallic dark green/light green coloured unprinted hard gelatin capsule size &quot;4&quot;, contains white powder
",10 x 10&#039;s,"Each gelatin capsule contains: Tramadol Hydrochloride BP 100 mg, Excipients q.s.
Approved colors used in capsule shells",https://admin.greenbook.nafdac.gov.ng/uploadImage/smpc_files/2024/03/26/202403266ac45ba8-c0e8-5cce-96ee-3a81ccd32593.pdf,N02AX02,https://greenbook.nafdac.gov.ng/products/details/7271,2026-09-27T21:50:58.439770+00:00
Greenbook NAFDAC,1913,10638,Dabic 7.5 mg Tablets##,1,Drugs,"{'id': 1, 'name': 'Drugs', 'created_at': '-000001-11-30T00:00:00.000000Z', 'updated_at': '2022-03-17T16:53:12.000000Z', 'deleted_at': None}",87,Meloxicam,,A4-4869,1,Tablet,1,Oral,7.5 mg,417,Marcson Healthcare Limited,2025-03-27,2030-03-26,Active,"Tablet
Orange colored, elongated both side plain film coated tablets

DABIC 7.5mg TABLETS	MELOXICAM BP 7.5MG	A4-4869	Drugs	Imported Product	3*10	30-06-2023	MARCSON HEALTHCARE LIMITED, 9 ISAWO ROAD AGRIC BUSTOP	08032973738	marcsoncare@gmail.com	&quot;OSAKA PHARMACEUTICAL LIMITED, OLD NATIONAL HIGHWAY
N0.8, AT &amp; POST SANKARDA, SANKARDA-391  350, VANDODARA, GUJARAT, INDIA.&quot;",3 x 10&#039;s (in Alu-Alu blisters),"Each uncoated tablet: Meloxicam BP 7.5 mg
Excipients q.s.",https://admin.greenbook.nafdac.gov.ng/uploadImage/smpc_files/2025/05/26/20250526b934f981-526d-5e0a-9f57-921351feb64b.pdf,M01AC06,https://greenbook.nafdac.gov.ng/products/details/10638,2026-09-27T21:50:58.439770+00:00
Greenbook NAFDAC,1914,10639,Dabic Tablet 15 mg##,1,Drugs,"{'id': 1, 'name': 'Drugs', 'created_at': '-000001-11-30T00:00:00.000000Z', 'updated_at': '2022-03-17T16:53:12.000000Z', 'deleted_at': None}",87,Meloxicam,,A4-4868,1,Tablet,1,Oral,15 mg,417,Marcson Healthcare Limited,2025-03-27,2030-03-26,Active,"Tablet
Light yellow colored, round shaped, flat beveled edges, uncoated tablet with break-line on one side and plain on another side

A4-4868	Drugs	Imported Product	1X10	05-12-2023	MARCSON HEALTHCARE LIMITED, 9 ISAWO ROAD AGRIC BUSTOP	08032973738	marcsoncare@gmail.com	&quot;OSAKA PHARMACEUTICAL LIMITED, OLD NATIONAL HIGHWAY
N0.8, AT &amp; POST SANKARDA, SANKARDA-391  350, VANDODARA, GUJARAT, INDIA.&quot;",1 x 10&#039;s (in Alu-Alu blister),"Each tablet contains: Meloxicam BP 15 mg
Excipients q.s.",https://admin.greenbook.nafdac.gov.ng/uploadImage/smpc_files/2025/05/26/202505265b128462-81b1-5a17-aa2a-7af8637bf88f.pdf,M01AC06,https://greenbook.nafdac.gov.ng/products/details/10639,2026-09-27T21:50:58.439770+00:00
Greenbook NAFDAC,1915,7374,Daflon 1000 mg Tablets**,1,Drugs,"{'id': 1, 'name': 'Drugs', 'created_at': '-000001-11-30T00:00:00.000000Z', 'updated_at': '2022-03-17T16:53:12.000000Z', 'deleted_at': None}",306,Diosmin; Hesperidin,Flavonoids,A7-4942L,1,Tablet,1,Oral,900 mg; 100 mg,288,Servier Pharmaceuticals Development Limited,2024-03-27,2029-03-26,Active,"Film-coated tablet.
Each tablet contains: Micronized purified flavonoid fraction 500 mg comprising of Diosmin (90%) 900 mg and Flavonoids expressed as Hesperidin (10%) 100 mg",3 x 10&#039;s,,https://admin.greenbook.nafdac.gov.ng/uploadImage/smpc_files/2024/11/28/202411283ab4f920-0be8-5e44-8a85-8e91526a3d0e.pdf,C05CA53,https://greenbook.nafdac.gov.ng/products/details/7374,2026-09-27T21:50:58.439770+00:00
Greenbook NAFDAC,1916,7375,Daflon 500 mg Tablets**,1,Drugs,"{'id': 1, 'name': 'Drugs', 'created_at': '-000001-11-30T00:00:00.000000Z', 'updated_at': '2022-03-17T16:53:12.000000Z', 'deleted_at': None}",306,Diosmin; Hesperidin,Flavonoids,04-6857,1,Tablet,1,Oral,450 mg; 50 mg,288,Servier Pharmaceuticals Development Limited,2024-04-30,2029-05-01,Active,"Film-coated tablet.
Each tablet contains: Micronized purified flavonoid fraction 500 mg comprising of Diosmin (90%) 450 mg and Flavonoids expressed as Hesperidin (10%) 50 mg",1 x 30&#039;s,,https://admin.greenbook.nafdac.gov.ng/uploadImage/smpc_files/2024/12/04/20241204465a1a90-1719-5a38-9bff-92464705ff53.pdf,C05CA53,https://greenbook.nafdac.gov.ng/products/details/7375,2026-09-27T21:50:58.439770+00:00
Greenbook NAFDAC,1917,5837,Daga 500 mg Tablet## (check pack size),1,Drugs,"{'id': 1, 'name': 'Drugs', 'created_at': '-000001-11-30T00:00:00.000000Z', 'updated_at': '2022-03-17T16:53:12.000000Z', 'deleted_at': None}",1529,Paracetamol,Acetaminophen,04-0979,1,Tablet,1,Oral,500 mg,1198,Sygen Pharmaceuticals Limited,2023-02-23,2028-02-22,Active,"Tablet
DAGA is yellow round shaped tablet

11	Daga 500mg Tablet	Daga	Paracetamol	Analgesic	Paracetamol 500mg	Tablet x 12 and 96	Fast relief of feverish states, and painful states including headaches and muscular aches  	OTC	Sygen Pharmaceuticals Ltd. 	Km 38, Lagos-Abeokuta Expressway, Sango-Ota, Ogun State, Nigeria	same as applicant	same as applicant		04-0979","1 x 12&#039;s, 1 x 96&#039;s (in PVC-Alu blisters)","Each tablet contains: Paracetamol 500 mg
Excipients q.s.",https://admin.greenbook.nafdac.gov.ng/uploadImage/smpc_files/2024/12/24/202412240deafa27-244f-5b62-bb36-0157580ce5cf.pdf,N02BE01,https://greenbook.nafdac.gov.ng/products/details/5837,2026-09-27T21:50:58.439770+00:00
Greenbook NAFDAC,1918,11120,Daicitem 20/120 Softgel Capsules**,1,Drugs,"{'id': 1, 'name': 'Drugs', 'created_at': '-000001-11-30T00:00:00.000000Z', 'updated_at': '2022-03-17T16:53:12.000000Z', 'deleted_at': None}",528,Artemether; Lumefantrine,,A4-101244,2,Capsule,1,Oral,20 mg; 120 mg,375,Daitech Pharmaceuticals Ltd,2025-04-30,2030-04-29,Active,Soft Gelatin Capsule,10 x 1 x 24&#039;s (in blisters),"Each tablet contains: Artemether 20 mg, Lumefantrine 120 mg, Excipients q.s.",https://admin.greenbook.nafdac.gov.ng/uploadImage/smpc_files/2025/05/28/20250528aefd4b90-f0cf-5f96-851e-8a29ef6aea1f.pdf,P01BF01,https://greenbook.nafdac.gov.ng/products/details/11120,2026-09-27T21:50:58.439770+00:00
Greenbook NAFDAC,1919,11121,Daicitem Forte 80/480 Softgel Capsules**,1,Drugs,"{'id': 1, 'name': 'Drugs', 'created_at': '-000001-11-30T00:00:00.000000Z', 'updated_at': '2022-03-17T16:53:12.000000Z', 'deleted_at': None}",528,Artemether; Lumefantrine,,A4-101245,2,Capsule,1,Oral,80 mg; 480 mg,375,Daitech Pharmaceuticals Ltd,2025-04-30,2030-04-29,Active,Soft Gelatin Capsule,10 x 1 x 6&#039;s (in blisters),"Each tablet contains: Artemether 80 mg, Lumefantrine 480 mg, Excipients q.s.",https://admin.greenbook.nafdac.gov.ng/uploadImage/smpc_files/2025/05/28/2025052846543525-19b8-5444-8ea7-6d32e6bba744.pdf,P01BF01,https://greenbook.nafdac.gov.ng/products/details/11121,2026-09-27T21:50:58.439770+00:00
Greenbook NAFDAC,1920,5528,Daifloxine Caplets##,1,Drugs,"{'id': 1, 'name': 'Drugs', 'created_at': '-000001-11-30T00:00:00.000000Z', 'updated_at': '2022-03-17T16:53:12.000000Z', 'deleted_at': None}",461,Ciprofloxacin (Ciprofloxacin Hydrochloride),,B4-6518,108,Caplet,1,Oral,500 mg,1099,DIATECH PHARMACEUTICAL LIMITED,2023-04-26,2028-04-25,Active,"Caplet

DAIFLOXINE CAPLETS	CIPROFLOXACIN 500MG	CIPROFLOXACIN HYDROCHLORIDE EQV TO CIPROFLOXACIN 500MG, HPMC 27MG, SODIUM STARCH GLYCOLATE 23MG, STARCH 15MG, DEXTRIN 15MG, SODIUM LAURYL SULFATE 1MG, PVP K30 300MG, SILICON DIOXIDE 24MG, MAGNESIUM STEARATE 8MG	B4-6518	Drugs	Imported Products	1*10	Prescription Only Medicine (POM)	10/08/2021	DAITECH PHARMACEUTICALS LTD, BLOCK B4, COUNTESS COURT, MABUSHI, ABUJA, FCT, NIGERIA	92919163	daitechpharma@gmail.com	JIANGSU PENGYAO PHARM CO. LTD, 10, CHAQUAN ROAD, YIXING CITY, JIANGSU PROVINCE CHINA, India",1 x 10&#039;s ,"Each caplet contains: Ciprofloxacin Hydrochloride equivalent to Ciprofloxacin 500 mg
Excipients q.s.",https://admin.greenbook.nafdac.gov.ng/uploadImage/smpc_files/2025/03/25/20250325cd33320f-01c8-54ae-b1bd-cf8cc3a428fd.pdf,J01MA02,https://greenbook.nafdac.gov.ng/products/details/5528,2026-09-27T21:50:58.439770+00:00
Greenbook NAFDAC,1921,11462,Dailiclav 625 mg Tablet_,1,Drugs,"{'id': 1, 'name': 'Drugs', 'created_at': '-000001-11-30T00:00:00.000000Z', 'updated_at': '2022-03-17T16:53:12.000000Z', 'deleted_at': None}",423,Amoxicillin (Amoxicillin Trihydrate); Clavulanic Acid (Potassium Clavulanate),,A11-100867,1,Tablet,1,Oral,500 mg; 125 mg,1067,Daily-Need Industries Limited,2025-05-27,2030-05-26,Active,"Film-coated tablet.
White to off-white, capsule-shaped film-coated tablet debossed with &#039;DNIL&#039; and a score line on one side. The score line only to facilitate breaking for ease of swallowing and not to divide into equal doses",2 x 7&#039;s (in Alu-PVC blisters),"Each film-coated tablet contains: Amoxicillin Trihydrate equiv. to Amoxicillin 500 mg and Potassium Clavulanate equiv. to Clavulanic Acid 125 mg
Excipients q.s.
",https://admin.greenbook.nafdac.gov.ng/uploadImage/smpc_files/2025/06/23/20250623806cbb8b-b0da-513a-af1a-8d06bef56e19.pdf,J01CR02,https://greenbook.nafdac.gov.ng/products/details/11462,2026-09-27T21:50:58.439770+00:00
Greenbook NAFDAC,1922,11463,Dailiclox 500 mg Capsule_,1,Drugs,"{'id': 1, 'name': 'Drugs', 'created_at': '-000001-11-30T00:00:00.000000Z', 'updated_at': '2022-03-17T16:53:12.000000Z', 'deleted_at': None}",425,Ampicillin (Ampicillin Trihydrate); Cloxacillin (Cloxacillin Sodium),,A11-100868,2,Capsule,1,Oral,500 mg,1067,Daily-Need Industries Limited,2025-05-27,2030-05-26,Active,"Capsule.
Amethyst and black colored hard gelatin size &#039;0&#039; strength 500 mg capsules printed &quot;DAILICLOX&quot; on the cap and &quot;500 mg&quot; on the body containing white to off-white powder",10 x 10&#039;s (in Alu-Alu blisters),"Each capsule contains: Ampicillin Trihydrate BP equiv. to  Ampicillin base 250 mg, Cloxacillin Sodium BP equiv. to Cloxacillin base 250 mg
Excipients q.s.",https://admin.greenbook.nafdac.gov.ng/uploadImage/smpc_files/2025/06/23/2025062385f8c0ea-42b4-5afd-bbdf-8646f2576d56.pdf,J01CA51,https://greenbook.nafdac.gov.ng/products/details/11463,2026-09-27T21:50:58.439770+00:00
Greenbook NAFDAC,1923,11464,Dailicyp 500 mg Tablet_,1,Drugs,"{'id': 1, 'name': 'Drugs', 'created_at': '-000001-11-30T00:00:00.000000Z', 'updated_at': '2022-03-17T16:53:12.000000Z', 'deleted_at': None}",461,Ciprofloxacin (Ciprofloxacin Hydrochloride),,A11-100928,1,Tablet,1,Oral,500 mg,1697,DAILY NEED IND LTD,2025-07-30,2030-07-29,Active,"Tablet.
White capsule-shaped biconvex film-coated tablet having a break line on one side and plain on the other side",2 x 10&#039;s (in Alu-Alu blisters),"Each tablet contains: Ciprofloxacin Hydrochloride BP equiv. to Ciprofloxacin 500 mg
Excipients q.s.",https://admin.greenbook.nafdac.gov.ng/uploadImage/smpc_files/2025/08/29/20250829c0c6b975-d450-57ab-b05e-b5a4c5a3a372.pdf,J01MA02,https://greenbook.nafdac.gov.ng/products/details/11464,2026-09-27T21:50:58.439770+00:00
Greenbook NAFDAC,1924,4826,Daitezole Capsules##,1,Drugs,"{'id': 1, 'name': 'Drugs', 'created_at': '-000001-11-30T00:00:00.000000Z', 'updated_at': '2022-03-17T16:53:12.000000Z', 'deleted_at': None}",176,Omeprazole,,B4-7704,2,Capsule,1,Oral,20 mg,375,Daitech Pharmaceuticals Ltd,2023-05-25,2028-05-24,Active,"Capsule

81	RNW-PP-266650	DAITEZOLE CAPSULES	OMEPRAZOLE BP 20MG	Omeprazole B.P. 20mg (As enteric coated granules 7.5%), Sugar spheres (consisting of corn starch and sucrose), sodium lauryl sulfate, disodium phosphate, mannitol, hypromellose, polyethylene glycol 6000, talc, polysorbate 80, titanium dioxide, Eudragit L30-D55 (poly(methacrylic acid, ethyl acrylate)). Capsules consist of gelatin and contain the colours quinoline yellow (E104) and titanium dioxide (E171)7.5%),Approved colour used in the empty hard gelatin capsule shell	B4-7704	Drugs	Imported Products	2*7	POM 1	10/25/2022	DAITECH PHARMACEUTICALS LTD, BLOCK B4, COUNTESS COURT, MABUSHI, ABUJA, FCT, NIGERIA	92919163	daitechpharma@gmail.com	M/S MCW HEALTHCARE(P) LTD, 286, 287-A, 287-B, SECTOR-E, INDUSTRIAL AREA, SANWER ROAD, INDORE (M.P), INDIA, India
														
														
",2 x 7&#039;s,"Each capsule contains: Omeprazole BP 20 mg (as enteric coated granules 7.5%)
Excipients q.s.",,A02BC01,https://greenbook.nafdac.gov.ng/products/details/4826,2026-09-27T21:50:58.439770+00:00
Greenbook NAFDAC,1925,4734,Daizix Tablets##,1,Drugs,"{'id': 1, 'name': 'Drugs', 'created_at': '-000001-11-30T00:00:00.000000Z', 'updated_at': '2022-03-17T16:53:12.000000Z', 'deleted_at': None}",1574,Azithromycin (Azithromycin Monohydrate),,B4-6519,1,Tablet,1,Oral,250 mg,375,Daitech Pharmaceuticals Ltd,2023-05-25,2028-05-24,Active,"Tablet

86	RNW-PP-225274	DAIZIX TABLETS	AZITHROMYCIN 250MG	AZITHROMYCIN 250MG, CROSCARMELLOSE SODIUM 58MG, MICROCRYSTALLINE CELLULOSE 192MG, PVK 30 208MG, MAGNESIUM STEARATE 20MG, ALCOHOL 150MG, PURIFIED WATER 87.2MG	B4-6519	Drugs	Imported Products	1*6	Prescription Only Medicine (POM)	8/11/2021	DAITECH PHARMA1CEUTICALS LTD, BLOCK B4, COUNTESS COURT, MABUSHI, ABUJA, FCT, NIGERIA	92919163	daitechpharma@gmail.com	JIANGSU PENGYAO PHARM CO.LTD., NO.10 CHANQUAN ROAD,JIANGSU PROVINCE,CHINA., China",1 x 6&#039;s,"Each tablet contains: Azithromycin 250 mg
Excipients q.s.",https://admin.greenbook.nafdac.gov.ng/uploadImage/smpc_files/2025/04/16/20250416558a32af-f4da-5fe1-83cf-3fa15af426d3.pdf,J01FA10,https://greenbook.nafdac.gov.ng/products/details/4734,2026-09-27T21:50:58.439770+00:00
Greenbook NAFDAC,1926,8414,Daktarin Cream**,1,Drugs,"{'id': 1, 'name': 'Drugs', 'created_at': '-000001-11-30T00:00:00.000000Z', 'updated_at': '2022-03-17T16:53:12.000000Z', 'deleted_at': None}",671,Miconazole nitrate,,04-1589,4,Cream,21,Topical,2%,669,World Wide Commercial Ventures Ltd,2024-09-25,2029-09-24,Active,Topical Cream,1 x 15 g (in Aluminum tube),"Miconazole nitrate 2% w/w.
Each gram of cream contains 20 mg of miconazole nitrate.

Excipients: Also contains 2 mg/g of Benzoic acid (E210) and 0.052 mg/g of Butylated hydroxyanisole (E320)",https://admin.greenbook.nafdac.gov.ng/uploadImage/smpc_files/2024/11/09/202411091ddf5418-0461-549e-b26b-c8973b346e57.pdf,D01AC02,https://greenbook.nafdac.gov.ng/products/details/8414,2026-09-27T21:50:58.439770+00:00
Greenbook NAFDAC,1927,8044,Dalacap 150 Capsules**,1,Drugs,"{'id': 1, 'name': 'Drugs', 'created_at': '-000001-11-30T00:00:00.000000Z', 'updated_at': '2022-03-17T16:53:12.000000Z', 'deleted_at': None}",494,Clindamycin (Clindamycin Hydrochloride),,A4-4650,2,Capsule,1,Oral,150 mg,514,Transglobe Pharmaceutical Company Limited,2024-06-27,2029-06-26,Active,"Hard gelatin capsules.
Size &quot;2‟, Red Cap Printed “150” / Red Body Printed “DALACAP” on hard gelatin capsules, filled with white coloured pellets",1 x 10&#039;s (in blister),"Each capsule contains: Clindamycin Hydrochloride BP equiv. to Clindamycin BP 150 mg, Excipients q.s.
Approved colour used in capsule shells",https://admin.greenbook.nafdac.gov.ng/uploadImage/smpc_files/2024/07/20/2024072071b4ebaa-b70d-5267-9cf7-a422be02e262.pdf,J01FF01,https://greenbook.nafdac.gov.ng/products/details/8044,2026-09-27T21:50:58.439770+00:00
Greenbook NAFDAC,1928,8045,Dalacap 300 Capsules**,1,Drugs,"{'id': 1, 'name': 'Drugs', 'created_at': '-000001-11-30T00:00:00.000000Z', 'updated_at': '2022-03-17T16:53:12.000000Z', 'deleted_at': None}",494,Clindamycin (Clindamycin Hydrochloride),,A4-4651,2,Capsule,1,Oral,300 mg,514,Transglobe Pharmaceutical Company Limited,2024-06-27,2029-06-26,Active,Hard gelatin capsules,1 x 10&#039;s (in blister),"Each capsule contains: Clindamycin Hydrochloride BP 300 mg, Excipients q.s.",https://admin.greenbook.nafdac.gov.ng/uploadImage/smpc_files/2024/11/28/202411281030299f-c034-5d92-bc60-869570023088.pdf,J01FF01,https://greenbook.nafdac.gov.ng/products/details/8045,2026-09-27T21:50:58.439770+00:00
Greenbook NAFDAC,1929,12156,Dalacin C 150 mg Capsules_,1,Drugs,"{'id': 1, 'name': 'Drugs', 'created_at': '-000001-11-30T00:00:00.000000Z', 'updated_at': '2022-03-17T16:53:12.000000Z', 'deleted_at': None}",494,Clindamycin (Clindamycin Hydrochloride),,04-1261,2,Capsule,1,Oral,150 mg,260,Pfizer Specialties Ltd,2025-10-29,2030-10-28,Active,Capsule,10 x 10&#039;s (in Alu-PVC blisters),"Each capsule contains: Clindamycin Hydrochloride equiv. to Clindamycin base 15 mg
Excipients q.s.",https://admin.greenbook.nafdac.gov.ng/uploadImage/smpc_files/2025/12/04/20251204a69e83fa-ceea-58e1-b667-04fa6a368972.pdf,J01FF01,https://greenbook.nafdac.gov.ng/products/details/12156,2026-09-27T21:50:58.439770+00:00
Greenbook NAFDAC,1930,12155,Dalacin C 300 mg Capsules_,1,Drugs,"{'id': 1, 'name': 'Drugs', 'created_at': '-000001-11-30T00:00:00.000000Z', 'updated_at': '2022-03-17T16:53:12.000000Z', 'deleted_at': None}",494,Clindamycin (Clindamycin Hydrochloride),,B4-0845,2,Capsule,1,Oral,300 mg,260,Pfizer Specialties Ltd,2025-10-29,2030-10-28,Active,Capsule,2 x 8&#039;s (in Alu-PVC blisters),Each capsule contains: Clindamycin Hydrochloride equiv. to Clindamycin 300 mg,https://admin.greenbook.nafdac.gov.ng/uploadImage/smpc_files/2025/12/05/202512054ee6c151-c6ec-5b73-b358-87d1c3212d83.pdf,J01FF01,https://greenbook.nafdac.gov.ng/products/details/12155,2026-09-27T21:50:58.439770+00:00
Greenbook NAFDAC,1931,8129,Dalacin C 300 mg/2 mL Injection**,1,Drugs,"{'id': 1, 'name': 'Drugs', 'created_at': '-000001-11-30T00:00:00.000000Z', 'updated_at': '2022-03-17T16:53:12.000000Z', 'deleted_at': None}",1922,Clindamycin (Clindamycin Phosphate),,04-1260,107,Solution for injection,29,Intravenous; Intramuscular,300 mg/2 mL,260,Pfizer Specialties Ltd,2021-06-24,2026-06-23,Inactive,"Solution for injection.
A clear, colourless solution",2 mL x 1&#039;s (in ampoule),"Each mL solution contains: Clindamycin phosphate 178.23 mg equivalent to 150 mg Clindamycin.
Each mL also contains 0.5 mg disodium edetate and 9.45 mg benzyl alcohol added as preservative",https://admin.greenbook.nafdac.gov.ng/uploadImage/smpc_files/2024/10/11/202410119315495a-de5c-5407-b44d-ee8df3084a38.pdf,J01FF01,https://greenbook.nafdac.gov.ng/products/details/8129,2026-09-27T21:50:58.439770+00:00
Greenbook NAFDAC,1932,5529,Damixt Antacid Suspension##,1,Drugs,"{'id': 1, 'name': 'Drugs', 'created_at': '-000001-11-30T00:00:00.000000Z', 'updated_at': '2022-03-17T16:53:12.000000Z', 'deleted_at': None}",167,Magnesium trisilicate; Magnesium carbonate; Sodium bicarbonate,,04-1780,102,Suspension,1,Oral,250 mg; 250 mg; 250 mg,834,Sewell Pharmaceuticals Limited,2020-11-10,2025-11-09,Inactive,"Suspension

Damixt Antacid Suspension	04-1780	Magnesium Trisilicate; Sodium Bicarbonate; Light Magnesium Carbonate	Antacid	Oral	250  mg, 250  mg, 250  mg	Suspension	Over The Counter (Otc)	Sewell Pharmaceuticals Limited	Sewell Pharmaceuticals Limited	Nigeria	2020-11-10	2025-11-09
",,"Damixt Antacid Suspension contains: Magnesium Trisilicate 250 mg, Magnesium Carbonate 250 mg, Sodium Bicarbonate 250 mg",,A02AH,https://greenbook.nafdac.gov.ng/products/details/5529,2026-09-27T21:50:58.439770+00:00
Greenbook NAFDAC,1933,8130,Damogyl Tablet**,1,Drugs,"{'id': 1, 'name': 'Drugs', 'created_at': '-000001-11-30T00:00:00.000000Z', 'updated_at': '2022-03-17T16:53:12.000000Z', 'deleted_at': None}",485,Metronidazole,,A11-1237,1,Tablet,1,Oral,400 mg,806,Danax Nigeria Limited,2021-01-28,2026-02-27,Inactive,Tablet,10 x 10&#039;s,Metronidazole 400 mg Tablets,,P01AB01,https://greenbook.nafdac.gov.ng/products/details/8130,2026-09-27T21:50:58.439770+00:00
Greenbook NAFDAC,1934,3064,Damoxen 250 mg Dispersible Tablet**,1,Drugs,"{'id': 1, 'name': 'Drugs', 'created_at': '-000001-11-30T00:00:00.000000Z', 'updated_at': '2022-03-17T16:53:12.000000Z', 'deleted_at': None}",1546,Amoxicillin (Amoxicillin Trihydrate),Amoxycillin,B4-3548,13,Dispersible tablet,1,Oral,250 mg,1067,Daily-Need Industries Limited,2021-03-01,2026-02-28,Inactive,Dispersible Tablet,10 x 10&#039;s,,,J01CA04,https://greenbook.nafdac.gov.ng/products/details/3064,2026-09-27T21:50:58.439770+00:00
Greenbook NAFDAC,1935,3065,Damoxen Dispersible Tablet**,1,Drugs,"{'id': 1, 'name': 'Drugs', 'created_at': '-000001-11-30T00:00:00.000000Z', 'updated_at': '2022-03-17T16:53:12.000000Z', 'deleted_at': None}",1546,Amoxicillin (Amoxicillin Trihydrate),Amoxycillin,B4-3547,13,Dispersible tablet,1,Oral,125 mg,1067,Daily-Need Industries Limited,2021-03-01,2026-02-28,Inactive,Dispersible Tablet,10 x 10&#039;s,,,J01CA04,https://greenbook.nafdac.gov.ng/products/details/3065,2026-09-27T21:50:58.439770+00:00
Greenbook NAFDAC,1936,11713,Damphos Vaginal Suppositories_,1,Drugs,"{'id': 1, 'name': 'Drugs', 'created_at': '-000001-11-30T00:00:00.000000Z', 'updated_at': '2022-03-17T16:53:12.000000Z', 'deleted_at': None}",675,Clindamycin (Clindamycin Phosphate); Clotrimazole,,B4-8130,89,Suppository,24,Vaginal,100 mg; 100 mg,741,Unosource Pharma Nigeria Limited,2025-08-27,2030-08-26,Active,"Suppository.
Pale-yellow colored, opaque, oval-shaped, soft gelatin, vaginal suppositories containing white colored vicious mass",1 x 7&#039;s (in blisters),"Each soft gelatin vaginal suppository contains: Clindamycin Phosphate USP equiv. to Clindamycin 100 mg, and Clotrimazole USP 100 mg
Excipients q.s.",https://admin.greenbook.nafdac.gov.ng/uploadImage/smpc_files/2025/10/09/202510094927a9d4-5547-534d-ac82-88debe1df1c5.pdf,C09DB04,https://greenbook.nafdac.gov.ng/products/details/11713,2026-09-27T21:50:58.439770+00:00
Greenbook NAFDAC,1937,8131,Dana CPM Syrup**,1,Drugs,"{'id': 1, 'name': 'Drugs', 'created_at': '-000001-11-30T00:00:00.000000Z', 'updated_at': '2022-03-17T16:53:12.000000Z', 'deleted_at': None}",413,Chlorphenamine Maleate,Chlorpheniramine Maleate,04-8292,103,Syrup,1,Oral,2 mg/5 mL,154,Dana Pharmaceuticals Limited,2021-05-25,2026-05-24,Inactive,Oral liquid,60 mL,Chlorpheniramine maleate 2 mg/5 mL Syrup,https://admin.greenbook.nafdac.gov.ng/uploadImage/smpc_files/2024/11/16/2024111698df2423-a445-5276-ba01-4d20171cc64a.pdf,,https://greenbook.nafdac.gov.ng/products/details/8131,2026-09-27T21:50:58.439770+00:00
Greenbook NAFDAC,1938,12004,Dana CPM Tablet 4 mg_,1,Drugs,"{'id': 1, 'name': 'Drugs', 'created_at': '-000001-11-30T00:00:00.000000Z', 'updated_at': '2022-03-17T16:53:12.000000Z', 'deleted_at': None}",413,Chlorphenamine Maleate,Chlorpheniramine Maleate,04-1118,1,Tablet,1,Oral,4 mg,154,Dana Pharmaceuticals Limited,2021-10-28,2026-10-27,Active,"Tablet.
Yellow-coloured round tablet with convex edge. One side embossed with “DANA’’ &amp; the other side “CPM4’’ with break line",10 x 10&#039;s (in blisters),"Each tablet contains: Chlorphenamine maleate 4 mg
",https://admin.greenbook.nafdac.gov.ng/uploadImage/smpc_files/2025/07/29/202507296324893e-925b-5b0a-9ecd-31e66f09b5a7.pdf,R06AB04,https://greenbook.nafdac.gov.ng/products/details/12004,2026-09-27T21:50:58.439770+00:00
Greenbook NAFDAC,1939,8132,Dana Folic Acid Tablets**,1,Drugs,"{'id': 1, 'name': 'Drugs', 'created_at': '-000001-11-30T00:00:00.000000Z', 'updated_at': '2022-03-17T16:53:12.000000Z', 'deleted_at': None}",325,Folic acid,,B4-0004,1,Tablet,1,Oral,5 mg,154,Dana Pharmaceuticals Limited,2021-05-25,2026-05-24,Inactive,Tablet,1000&#039;s,Folic acid 5 mg Tablets,https://admin.greenbook.nafdac.gov.ng/uploadImage/smpc_files/2024/11/16/20241116453148bd-00fe-5041-a360-b28c143e35a7.pdf,,https://greenbook.nafdac.gov.ng/products/details/8132,2026-09-27T21:50:58.439770+00:00
Greenbook NAFDAC,1940,4827,Dana Metronidazole Injection##,1,Drugs,"{'id': 1, 'name': 'Drugs', 'created_at': '-000001-11-30T00:00:00.000000Z', 'updated_at': '2022-03-17T16:53:12.000000Z', 'deleted_at': None}",485,Metronidazole,,04-1585,40,Injection,12,Intravenous,500 mg/100 mL,154,Dana Pharmaceuticals Limited,2023-01-26,2028-01-25,Active,"Solution for Infusion
A clean, bright, pale yellow sterile isotonic solution

DANA METRONIDAZOLE INJECTION	04-1585	DANA	Metronidazole 500mg/100ml	Amebicide 			Injection 	POM	Treatment of infections caused by susceptible organisms	Dana Pharmaceutical Limited	Shiroro Dam Road, Maitumbi, Minna, Niger State	Same as applicant	Same as applicant	1/26/2023	1/25/2028
",1 x 100 mL (in pouch),"Each 100 mL contains: Metronidazole 500 mg
Excipients: Sodium Chloride, Water for Injections",https://admin.greenbook.nafdac.gov.ng/uploadImage/smpc_files/2023/10/05/2023100517cb0769-ee12-505e-95b9-214af5e9ad2c.pdf,J01XD01,https://greenbook.nafdac.gov.ng/products/details/4827,2026-09-27T21:50:58.439770+00:00
Greenbook NAFDAC,1941,10133,Danacee Vitamin C Syrup##,1,Drugs,"{'id': 1, 'name': 'Drugs', 'created_at': '-000001-11-30T00:00:00.000000Z', 'updated_at': '2022-03-17T16:53:12.000000Z', 'deleted_at': None}",346,Ascorbic Acid,Vitamin C,A11-0287,103,Syrup,1,Oral,100 mg/5 mL,154,Dana Pharmaceuticals Limited,2021-10-28,2026-10-27,Active,"Syrup
A sunset yellow colored syrup with orange flavor",1 x 100 mL (in HDPE bottle),"Each 5 mL contains: Ascorbic Acid 100 mg
Excipients q.s.
Color: Sunset Yellow
",https://admin.greenbook.nafdac.gov.ng/uploadImage/smpc_files/2025/01/30/20250130f9d62b9d-8c2d-51a0-8443-0bebdcf6f4e3.pdf,,https://greenbook.nafdac.gov.ng/products/details/10133,2026-09-27T21:50:58.439770+00:00
Greenbook NAFDAC,1942,10134,Danacid Suspension##,1,Drugs,"{'id': 1, 'name': 'Drugs', 'created_at': '-000001-11-30T00:00:00.000000Z', 'updated_at': '2022-03-17T16:53:12.000000Z', 'deleted_at': None}",2082,Aluminium Hydroxide Gel; Magnesium Hydroxide; Simeticone,,A4-2892,102,Suspension,1,Oral,400mg/5ml; 100mg/5ml; 125mg/5ml,154,Dana Pharmaceuticals Limited,2021-08-26,2026-08-25,Inactive,Antacid Suspension for Oral Administration,1 x 200 mL (in HDPE bottle),"Each 5 mL dose contains: Aluminium Hydroxide Gel BP 400 mg, Magnesium Hydroxide BP 100 mg, Simeticone BP 125 mg
Excipients q.s.",https://admin.greenbook.nafdac.gov.ng/uploadImage/smpc_files/2025/01/30/202501301fac9316-2eeb-5aa4-9c4f-cd3bd5b992c4.pdf,,https://greenbook.nafdac.gov.ng/products/details/10134,2026-09-27T21:50:58.439770+00:00
Greenbook NAFDAC,1943,11079,Danacid Tablets##,1,Drugs,"{'id': 1, 'name': 'Drugs', 'created_at': '-000001-11-30T00:00:00.000000Z', 'updated_at': '2022-03-17T16:53:12.000000Z', 'deleted_at': None}",160,Aluminium hydroxide; Magnesium trisilicate,,04-1068,1,Tablet,1,Oral,120 mg; 250 mg,154,Dana Pharmaceuticals Limited,2022-10-27,2027-10-26,Active,Tablet,"12 x 8&#039;s (in blisters), 1 x 1000&#039;s (in a jar)","Each tablet contains: Aluminium Hydroxide 120 mg, Magnesium Trisilicate BP 250 mg, Peppermint Flavor
Excipients q.s.",https://admin.greenbook.nafdac.gov.ng/uploadImage/smpc_files/2025/01/30/20250130a0f06435-026e-54ca-a2e9-0a31e7cacb70.pdf,A02AB10,https://greenbook.nafdac.gov.ng/products/details/11079,2026-09-27T21:50:58.439770+00:00
Greenbook NAFDAC,1944,8046,DannyFaith Artemether Injection 80 mg/mL**,1,Drugs,"{'id': 1, 'name': 'Drugs', 'created_at': '-000001-11-30T00:00:00.000000Z', 'updated_at': '2022-03-17T16:53:12.000000Z', 'deleted_at': None}",542,Artemether,,A4-100918,107,Solution for injection,9,Intramuscular,80 mg/mL,609,DannyFaith Pharmacy Limited,2024-06-27,2029-06-26,Active,"Oily solution for injection in 1-mL ampoule.
A colourless or almost colourless clear oily liquid",1 mL x 6&#039;s (in glass ampoules),Each mL contains: Artemether 80 mg,https://admin.greenbook.nafdac.gov.ng/uploadImage/smpc_files/2024/07/20/20240720a3e8ef3c-10af-5ad9-8f0c-959001880c9b.pdf,P01BE02,https://greenbook.nafdac.gov.ng/products/details/8046,2026-09-27T21:50:58.439770+00:00
Greenbook NAFDAC,1945,6813,Danzel 200 Tablets##,1,Drugs,"{'id': 1, 'name': 'Drugs', 'created_at': '-000001-11-30T00:00:00.000000Z', 'updated_at': '2022-03-17T16:53:12.000000Z', 'deleted_at': None}",570,Albendazole,,B4-1504,1,Tablet,1,Oral,200 mg,715,Suitelife Pharmaceuticals Ltd,2023-12-21,2028-12-20,Active,"Uncoated Chewable Tablets
Light orange colored caplet shaped uncoated tablet having a beak line on one side and other side plain of each tablet

53	CMS-PP-346856	DANZEL 200 TABLETS	ALBENDAZOLE 200MG	EACH UNCOATED CHEWABLE TABLET CONTAINS ALBENDAZOLE USP 200MG EXCIPIENTS carnauba wax, hypromellose, lactose monohydrate, magnesium stearate	B4-1504	Drugs	Imported Products	1X2	Over The Counter (OTC)	7/27/2023	SUITELIFE PHARMACEUTICALS LTD, 4 ayo davis close off ekolonu street, surulere, lagos	8129419809	suitelifepharma@yahoo.com	JASH PHARMA PVT. LTD., Plot No.-143/144, Surat special Economic Zone, Near Sachin Railway Station, Sachin - 394230, Surat, Gujarat, India., India",1 x 2&#039;s (in blister)," Each uncoated chewable tablet contains: Albendazole USP 400 mg
 Excipients q.s.",https://admin.greenbook.nafdac.gov.ng/uploadImage/smpc_files/2023/12/31/20231231249a385e-c694-5b3b-be3a-f8d175e47429.pdf,P02CA03,https://greenbook.nafdac.gov.ng/products/details/6813,2026-09-27T21:50:58.439770+00:00
Greenbook NAFDAC,1946,3177,Daolife Tablet##,1,Drugs,"{'id': 1, 'name': 'Drugs', 'created_at': '-000001-11-30T00:00:00.000000Z', 'updated_at': '2022-03-17T16:53:12.000000Z', 'deleted_at': None}",621,Glibenclamide,Glyburide,A4-4169,1,Tablet,1,Oral,5 mg,406,Life - Line Pharmaceuticals Ltd,2020-12-21,2025-12-20,Inactive,Tablet,,Each tablet contains: Glibenclamide 5 mg,,A10BB01,https://greenbook.nafdac.gov.ng/products/details/3177,2026-09-27T21:50:58.439770+00:00
Greenbook NAFDAC,1947,8134,Daovard Tablet**,1,Drugs,"{'id': 1, 'name': 'Drugs', 'created_at': '-000001-11-30T00:00:00.000000Z', 'updated_at': '2022-03-17T16:53:12.000000Z', 'deleted_at': None}",621,Glibenclamide,Glyburide,04-5944,1,Tablet,1,Oral,5 mg,1177,De - Godstime Industry Nig Ltd,2021-08-03,2026-08-02,Inactive,"Uncoated tablet.
White elongated flat uncoated tablets with ‘DAOVARD’ embossed on one side &amp; breakline on other   side of each tablet.
The scoreline is only to facilitate breaking for ease of swallowing and not to divide into equal doses",6 x 10&#039;s (in Alu/PVC blisters),"Each uncoated tablet contains: Glibenclamide BP 5 mg.

Excipients with known effects:
Each tablet contains 81.800mg of Lactose",https://admin.greenbook.nafdac.gov.ng/uploadImage/smpc_files/2024/09/26/2024092681797687-b3ae-5087-baa4-76a761f2ce06.pdf,A10BB01,https://greenbook.nafdac.gov.ng/products/details/8134,2026-09-27T21:50:58.439770+00:00
Greenbook NAFDAC,1948,3290,Dapaziga Tablet**,1,Drugs,"{'id': 1, 'name': 'Drugs', 'created_at': '-000001-11-30T00:00:00.000000Z', 'updated_at': '2022-03-17T16:53:12.000000Z', 'deleted_at': None}",1603,Dapagliflozin (Dapagliflozin Propanediol Monohydrate),,A4-100053,1,Tablet,1,Oral,10 mg,367,Excel Charis Pharmaceutical Chemical Limited,2021-05-28,2026-05-27,Inactive,Film-coated tablet,,Each tablet contains: Dapagliflozin Propanediol Monohydrate equiv. to Dapagliflozin 10 mg,https://admin.greenbook.nafdac.gov.ng/uploadImage/smpc_files/2023/05/28/20230528acf246f4-0f25-58a9-bc9f-0f2e7ca2f77a.pdf,A10BK01,https://greenbook.nafdac.gov.ng/products/details/3290,2026-09-27T21:50:58.439770+00:00
Greenbook NAFDAC,1949,8047,Dapiflozin 10 Tablet**,1,Drugs,"{'id': 1, 'name': 'Drugs', 'created_at': '-000001-11-30T00:00:00.000000Z', 'updated_at': '2022-03-17T16:53:12.000000Z', 'deleted_at': None}",1603,Dapagliflozin (Dapagliflozin Propanediol Monohydrate),,A4-100988,1,Tablet,1,Oral,10 mg,226,Mega Lifesciences Nigeria Limited,2024-08-28,2029-08-27,Active,"Film-coated tablet.
Yellow coloured biconvex, round shaped, film coated tablets with “121” engraved on one side and plain on another side",3 x 10&#039;s (in Alu-Alu blisters),Each tablet contains: Dapagliflozin (Amorphous) 10 mg,https://admin.greenbook.nafdac.gov.ng/uploadImage/smpc_files/2024/09/25/20240925d43c7d1d-1d33-5433-b13f-ed1444fed694.pdf,A10BK01,https://greenbook.nafdac.gov.ng/products/details/8047,2026-09-27T21:50:58.439770+00:00
Greenbook NAFDAC,1950,8048,Dapiflozin 5 Tablet**,1,Drugs,"{'id': 1, 'name': 'Drugs', 'created_at': '-000001-11-30T00:00:00.000000Z', 'updated_at': '2022-03-17T16:53:12.000000Z', 'deleted_at': None}",1603,Dapagliflozin (Dapagliflozin Propanediol Monohydrate),,A4-100989,1,Tablet,1,Oral,5 mg,226,Mega Lifesciences Nigeria Limited,2024-08-28,2029-08-27,Active,"Film-coated tablet.
Yellow coloured biconvex, round shaped, film coated tablets with “120” engraved on one side and plain on another side",3 x 10&#039;s (in Alu-Alu blisters),Each tablet contains: Dapagliflozin (Amorphous) 5 mg,https://admin.greenbook.nafdac.gov.ng/uploadImage/smpc_files/2024/09/25/20240925888920ed-0ccd-5c72-a1b1-c7e64065d16b.pdf,A10BK01,https://greenbook.nafdac.gov.ng/products/details/8048,2026-09-27T21:50:58.439770+00:00
Greenbook NAFDAC,1951,3291,Dapostal 30 Tablet##,1,Drugs,"{'id': 1, 'name': 'Drugs', 'created_at': '-000001-11-30T00:00:00.000000Z', 'updated_at': '2022-03-17T16:53:12.000000Z', 'deleted_at': None}",702,Dapoxetine (Dapoxetine Hydrochloride),,C4-1362,1,Tablet,1,Oral,30 mg,354,Leotetra Healthcare Ltd,2026-04-28,2031-04-27,Inactive,"DAPOSTAL 30 TABLETS	DAPOXETINE HYDROCHLORIDE TABLETS 30MG	DAPOXETINE 30MG	C4-1362	Drugs	Imported Product	3 X 10 	20-11-2025	LEOTETRA HEALTHCARE  LIMITED, PLOT 5, NAIBAWA LAYOUT ZARIA RD, KANO STATE. 	08066471561	leotetranigltd@outlook.com	M/S STALLION LABORATORIES PVT LTD, C1B, 305, 2,3,4, &amp; 5 GIDC, KERALA (BAVLA) DIST, AHMEDABAD, GUARAT INDIA.
",3 X 10 ,DAPOXETINE 30MG ,https://admin.greenbook.nafdac.gov.ng/uploadImage/smpc_files/2026/07/04/2026070496cf8436-7614-55c0-a6c8-17f3bdad2a1b.pdf,G04BX14,https://greenbook.nafdac.gov.ng/products/details/3291,2026-09-27T21:50:58.439770+00:00
Greenbook NAFDAC,1952,3292,Dapostal 60 Tablet##,1,Drugs,"{'id': 1, 'name': 'Drugs', 'created_at': '-000001-11-30T00:00:00.000000Z', 'updated_at': '2022-03-17T16:53:12.000000Z', 'deleted_at': None}",702,Dapoxetine (Dapoxetine Hydrochloride),,C4-1363,1,Tablet,1,Oral,60 mg,354,Leotetra Healthcare Ltd,2026-04-28,2031-04-27,Inactive,"TaDAPOSTAL 60 TABLETS	DAPOXETINE HYDROCHLORIDE TABLETS 60MG	DAPOXETINE 60MG	C4-1363	Drugs	Imported Product	3 X 10	19-11-2025	LEOTETRA HEALTHCARE  LIMITED, PLOT 5, NAIBAWA LAYOUT ZARIA RD, KANO STATE. 	08066471561	leotetranigltd@outlook.com	M/S STALLION LABORATORIES PVT LTD, C1B, 305, 2,3,4, &amp; 5 GIDC, KERALA (BAVLA) DIST, AHMEDABAD, GUARAT INDIA.
blet",3 X 10," DAPOXETINE 60MG
",https://admin.greenbook.nafdac.gov.ng/uploadImage/smpc_files/2026/07/04/202607040f5e1734-0952-51f1-867a-112ef7f0d011.pdf,G04BX14,https://greenbook.nafdac.gov.ng/products/details/3292,2026-09-27T21:50:58.439770+00:00
Greenbook NAFDAC,1953,3293,Dapoxem 60 Tablets##,1,Drugs,"{'id': 1, 'name': 'Drugs', 'created_at': '-000001-11-30T00:00:00.000000Z', 'updated_at': '2022-03-17T16:53:12.000000Z', 'deleted_at': None}",702,Dapoxetine (Dapoxetine Hydrochloride),,C4-1383,1,Tablet,1,Oral,60 mg,271,Phillips Pharmaceuticals (Nigeria) Limited,2020-12-21,2025-12-20,Inactive,"Film Coated Tablet
Grey colored, round, biconvex, filmcoated tablets with plain surface on both sides",,"Each tablet contains: Dapoxetine (as Dapoxetine Hydrochloride) 60 mg

",https://admin.greenbook.nafdac.gov.ng/uploadImage/smpc_files/2025/01/04/202501048606911e-2c62-59c4-9e4b-3986bd20ca7e.pdf,G04BX14,https://greenbook.nafdac.gov.ng/products/details/3293,2026-09-27T21:50:58.439770+00:00
Greenbook NAFDAC,1954,4102,Dapzin 10 Tablets**,1,Drugs,"{'id': 1, 'name': 'Drugs', 'created_at': '-000001-11-30T00:00:00.000000Z', 'updated_at': '2022-03-17T16:53:12.000000Z', 'deleted_at': None}",1603,Dapagliflozin (Dapagliflozin Propanediol Monohydrate),,A4-100149,1,Tablet,1,Oral,10 mg,230,Micro Nova Pharmaceuticals Ind Ltd,2021-12-02,2026-12-01,Active,Film-coated tablet,3 x 10&#039;s (in Alu-Alu blisters),Each film coated tablet contains:  Dapagliflozin 10 mg,https://admin.greenbook.nafdac.gov.ng/uploadImage/smpc_files/2023/05/28/20230528db99d88f-070c-5afe-9e47-2040630bcd1f.pdf,A10BK01,https://greenbook.nafdac.gov.ng/products/details/4102,2026-09-27T21:50:58.439770+00:00
Greenbook NAFDAC,1955,7391,Dapzin 5 M Tablets**,1,Drugs,"{'id': 1, 'name': 'Drugs', 'created_at': '-000001-11-30T00:00:00.000000Z', 'updated_at': '2022-03-17T16:53:12.000000Z', 'deleted_at': None}",1815,Dapagliflozin; Metformin Hydrochloride,,A4-100757,1,Tablet,1,Oral,500 mg; 5 mg,230,Micro Nova Pharmaceuticals Ind Ltd,2024-02-28,2029-02-27,Active,"Film-coated tablets.
Orange coloured, oval shaped, beveled edge, biconvex, film coated tablets de bossed with &quot;DM 1&quot; on one face and plain on other face with an approximate dimension of 16.65 mm in length, 8.15 mm in width &amp; 7.20mm in thickness",3 x 10&#039;s (in Alu-Alu blisters),"Dapagliflozin and Metformin Hydrochloride Extended-Release Tablets 5/500 mg.
Each film coated tablet contains: Dapagliflozin 5 mg, Metformin Hydrochloride USP 500 mg.

Excipient with known effect:
Each film-coated tablet contains 25.285 mg of Lactose anhydrous",https://admin.greenbook.nafdac.gov.ng/uploadImage/smpc_files/2024/03/22/2024032253dd7aa0-8d39-5d31-8526-e86fb4d7e7b0.pdf,A10BD15,https://greenbook.nafdac.gov.ng/products/details/7391,2026-09-27T21:50:58.439770+00:00
Greenbook NAFDAC,1956,4103,Dapzin 5 Tablets**,1,Drugs,"{'id': 1, 'name': 'Drugs', 'created_at': '-000001-11-30T00:00:00.000000Z', 'updated_at': '2022-03-17T16:53:12.000000Z', 'deleted_at': None}",1603,Dapagliflozin (Dapagliflozin Propanediol Monohydrate),,A4-100150,1,Tablet,1,Oral,5 mg,230,Micro Nova Pharmaceuticals Ind Ltd,2021-12-02,2026-12-01,Active,Film coated tablet,3 x 10&#039;s (in Alu-Alu blisters),Each film coated tablet contains: Dapagliflozin 5 mg,https://admin.greenbook.nafdac.gov.ng/uploadImage/smpc_files/2023/05/28/2023052812fb8d46-aa11-5b77-bb6f-c41f70c2e859.pdf,A10BK01,https://greenbook.nafdac.gov.ng/products/details/4103,2026-09-27T21:50:58.439770+00:00
Greenbook NAFDAC,1957,7393,Darrow`s Full Strength Intravenous Infusion## (strength format),1,Drugs,"{'id': 1, 'name': 'Drugs', 'created_at': '-000001-11-30T00:00:00.000000Z', 'updated_at': '2022-03-17T16:53:12.000000Z', 'deleted_at': None}",1600,Sodium Lactate; Sodium Chloride; Potassium Chloride,,A11-0234,43,Intravenous infusion,1,Oral,0.4g; 0.26g; 0.59g,27,Fidson Healthcare PLC,2024-01-31,2029-01-30,Active,"Solution for Infusion
Clear solution free from visible particles

12	RNW-PP-327182	DARROW`S FULL STRENGTH INTRAVENOUS INFUSION	POTASSIUM CHLORIDE 0.260g, SODIUM CHLORIDE 0.400g, SODIUM LACTATE 0.590g, WATER FOR INJECTIONS B.P q.s	POTASSIUM CHLORIDE 0.260g, SODIUM CHLORIDE 0.400g, SODIUM LACTATE 0.590g, WATER FOR INJECTIONS B.P q.s	A11-0234	Drugs	Nigerian Products	500ML	POM 1	6/8/2023	FIDSON HEALTHCARE PLC, IKORODU ROAD, OBANIKORO LAGOS LAGOS	8023067964	nmakaokolo@yahoo.com	Fidson Healthcare Plc., KM 38, Lagos- Abeokuta Expressway Sango-ota, Ogun State., Nigeria",1 x 500 mL (in LDPE container),"Each 100 mL contains: Potassium Chloride BP 0.260 g, Sodium Chloride BP 0.400 g, Sodium Lactate Solution equivalent Sodium Lactate BP 0.590 g
Excipients q.s.",https://admin.greenbook.nafdac.gov.ng/uploadImage/smpc_files/2024/02/17/202402173dbb0905-0c63-53d6-b41a-d7f0756ca1c8.pdf,B05BB02,https://greenbook.nafdac.gov.ng/products/details/7393,2026-09-27T21:50:58.439770+00:00
Greenbook NAFDAC,1958,7394,Darrow`s Half Strength Intravenous Infusion##,1,Drugs,"{'id': 1, 'name': 'Drugs', 'created_at': '-000001-11-30T00:00:00.000000Z', 'updated_at': '2022-03-17T16:53:12.000000Z', 'deleted_at': None}",1600,Sodium Lactate; Sodium Chloride; Potassium Chloride,,A11-0241,43,Intravenous infusion,1,Oral,0.3 g/100 mL; 0.2 g/100 mL; 0.13 g/100 mL,27,Fidson Healthcare PLC,2024-01-31,2029-01-30,Active,"Solution for Infusion
Clear solution free from visible particles

13	RNW-PP-327185	DARROW`S HALF STRENGTH INTRAVENOUS INFUSION	POTASSIUM CHLORIDE 0.13G, SODIUM CHLORIDE 0.2G SODIUM LACTATE 0.3G	POTASSIUM CHLORIDE 0.13G, SODIUM CHLORIDE 0.2G SODIUM LACTATE 0.3G/100ML	A11-0241	Drugs	Nigerian Products	500ML	POM 1	6/8/2023	FIDSON HEALTHCARE PLC, IKORODU ROAD, OBANIKORO LAGOS LAGOS	8023067964	nmakaokolo@yahoo.com	Fidson Healthcare Plc., KM 38, Lagos- Abeokuta Expressway Sango-ota, Ogun State., Nigeria",1 x 500 mL (in LDPE container),"Each 100 mL contains: Potassium Chloride BP 0.130 g, Sodium Chloride BP 0.200 g, Sodium Lactate Solution equivalent Sodium Lactate BP 0.300 g
 
",https://admin.greenbook.nafdac.gov.ng/uploadImage/smpc_files/2024/02/17/20240217bcc4e577-8f37-522a-8136-7c2010eff7e6.pdf,B05BB02,https://greenbook.nafdac.gov.ng/products/details/7394,2026-09-27T21:50:58.439770+00:00
Greenbook NAFDAC,1959,9752,Dartmal 20/120 mg Tablet**,1,Drugs,"{'id': 1, 'name': 'Drugs', 'created_at': '-000001-11-30T00:00:00.000000Z', 'updated_at': '2022-03-17T16:53:12.000000Z', 'deleted_at': None}",528,Artemether; Lumefantrine,,A11-100794,1,Tablet,1,Oral,20 mg; 120 mg,1253,Daily Sun Pharmaceutical Company Ltd,2024-12-18,2029-12-17,Active,"Tablet.
Light yellow, round tablet with “DSPL” debossed on one side and plain on the other side",4 x 6&#039;s (in PVC-Alu blisters),"Each tablet contains: Artemether 20 mg and Lumefantrine 120 mg

Excipients:
Polysorbate 80, Hypromellose, Microcrystalline Cellulose, Colloidal Anhydrous Silica, Croscarmellose Sodium and Magnesium Stearate",https://admin.greenbook.nafdac.gov.ng/uploadImage/smpc_files/2025/02/04/20250204cf01da78-7d05-5c8a-9f60-54b49c09360f.pdf,P01BF01,https://greenbook.nafdac.gov.ng/products/details/9752,2026-09-27T21:50:58.439770+00:00
Greenbook NAFDAC,1960,9751,Dartmal DS Tablet**,1,Drugs,"{'id': 1, 'name': 'Drugs', 'created_at': '-000001-11-30T00:00:00.000000Z', 'updated_at': '2022-03-17T16:53:12.000000Z', 'deleted_at': None}",528,Artemether; Lumefantrine,,A11-100792,1,Tablet,1,Oral,80 mg; 480 mg,1253,Daily Sun Pharmaceutical Company Ltd,2024-12-18,2029-12-17,Active,Tablet,1 x 6&#039;s (in PVC-Alu blister),"Each tablet contains: Artemether 80 mg and Lumefantrine 480 mg

Excipients:
Polysorbate 80, Hypromellose, Microcrystalline Cellulose, Colloidal Anhydrous Silica, Croscarmellose Sodium and Magnesium Stearate",https://admin.greenbook.nafdac.gov.ng/uploadImage/smpc_files/2025/02/04/20250204d5329b18-e5a4-5637-819e-094ceae33bae.pdf,P01BF01,https://greenbook.nafdac.gov.ng/products/details/9751,2026-09-27T21:50:58.439770+00:00
Greenbook NAFDAC,1961,4165,Darunavir Tablets 400 mg##,1,Drugs,"{'id': 1, 'name': 'Drugs', 'created_at': '-000001-11-30T00:00:00.000000Z', 'updated_at': '2022-03-17T16:53:12.000000Z', 'deleted_at': None}",1245,Darunavir,,A4-100045,1,Tablet,1,Oral,400 mg,1152,Jyna Pharma Ltd,2021-05-07,2026-05-06,Inactive,"Film Coated Tablet
Light orange colored, oval shaped film coated tablets, debossed with “DA400” on one side and plain on other side",1 x 60&#039;s (in HDPE bottle),"Each film coated tablet contains: Darunavir 400 mg
Excipients q.s.
Color: Sunset Yellow 0.4125 mg",https://admin.greenbook.nafdac.gov.ng/uploadImage/smpc_files/2023/05/28/20230528b279c3d4-7f84-55b3-a590-fa137df3adbd.pdf,J05AE10,https://greenbook.nafdac.gov.ng/products/details/4165,2026-09-27T21:50:58.439770+00:00
Greenbook NAFDAC,1962,695,Darunavir Tablets 600 mg##,1,Drugs,"{'id': 1, 'name': 'Drugs', 'created_at': '-000001-11-30T00:00:00.000000Z', 'updated_at': '2022-03-17T16:53:12.000000Z', 'deleted_at': None}",1245,Darunavir,,B4-2780,1,Tablet,1,Oral,600 mg,1063,Hetero Labs Nigeria Limited,2021-05-07,2026-05-06,Inactive,Tablet,,Each tablet contains: Darunavir 600 mg,https://admin.greenbook.nafdac.gov.ng/uploadImage/smpc_files/2025/03/24/2025032475e45918-5bef-5bce-adc5-0cea8afcdbe5.pdf,J05AE10,https://greenbook.nafdac.gov.ng/products/details/695,2026-09-27T21:50:58.439770+00:00
Greenbook NAFDAC,1963,4163,Darunavir Tablets 600 mg## (check composition),1,Drugs,"{'id': 1, 'name': 'Drugs', 'created_at': '-000001-11-30T00:00:00.000000Z', 'updated_at': '2022-03-17T16:53:12.000000Z', 'deleted_at': None}",1245,Darunavir,,A4-100044,1,Tablet,1,Oral,600 mg,1152,Jyna Pharma Ltd,2021-05-07,2026-05-06,Inactive,"Film Coated Tablet
Green colored, oval shaped film coated tablets, debossed with “DA600” on one side and plain on other side",1 x 60&#039;s (in HDPE bottle),"Each tablet contains: Darunavir 600 mg
Excipients q.s.
Color: Tartrazine 0.322 mg",https://admin.greenbook.nafdac.gov.ng/uploadImage/smpc_files/2023/05/28/20230528299f859e-930b-5fee-b3a0-8209d5048f80.pdf,J05AE10,https://greenbook.nafdac.gov.ng/products/details/4163,2026-09-27T21:50:58.439770+00:00
Greenbook NAFDAC,1964,4164,Darunavir Tablets 800 mg##,1,Drugs,"{'id': 1, 'name': 'Drugs', 'created_at': '-000001-11-30T00:00:00.000000Z', 'updated_at': '2022-03-17T16:53:12.000000Z', 'deleted_at': None}",1245,Darunavir,,A4-100043,1,Tablet,1,Oral,800 mg,1152,Jyna Pharma Ltd,2021-05-07,2026-05-06,Inactive,Film Coated Tablet,1 x 60&#039;s (in HDPE bottle),"Each tablet contains: Darunavir 800 mg
Excipients q.s.
",https://admin.greenbook.nafdac.gov.ng/uploadImage/smpc_files/2023/05/28/2023052859b70bde-254f-56f1-bc0f-0f97d3852192.pdf,J05AE10,https://greenbook.nafdac.gov.ng/products/details/4164,2026-09-27T21:50:58.439770+00:00
Greenbook NAFDAC,1965,3654,Daxicin Tablet 200/500 mg##,1,Drugs,"{'id': 1, 'name': 'Drugs', 'created_at': '-000001-11-30T00:00:00.000000Z', 'updated_at': '2022-03-17T16:53:12.000000Z', 'deleted_at': None}",557,Ofloxacin; Ornidazole,,C4-1283,1,Tablet,1,Oral,200 mg; 500 mg,179,Geneith Pharmaceuticals Limited,2020-11-30,2025-11-29,Inactive,Tablet,,"Each tablet contains: Ofloxacin 200 mg, Ornidazole 500 mg",,J01RA09,https://greenbook.nafdac.gov.ng/products/details/3654,2026-09-27T21:50:58.439770+00:00
Greenbook NAFDAC,1966,11958,De-Shalom Calamine Lotion_,1,Drugs,"{'id': 1, 'name': 'Drugs', 'created_at': '-000001-11-30T00:00:00.000000Z', 'updated_at': '2022-03-17T16:53:12.000000Z', 'deleted_at': None}",1103,Calamine; Zinc Oxide; Phenol; Bentonite,,B4-1995,110,Lotion,21,Topical,15%; 5%; 3%; 0.5%,364,De-Shalom Pharmaceutical Laboratories Nigeria Limited,2025-09-24,2030-09-23,Active,Topical Lotion,1 x 100 mL (in PET bottle),"De-Shalom Calamine Lotion contains: Calamine 75 kg (15% w/v), Zinc Oxide 25 kg (5% w/v), Bentonite 15 kg (3% w/v), and Liquified Phenol 2.5 L (0.5% v/v)
Excipients q.s.",https://admin.greenbook.nafdac.gov.ng/uploadImage/smpc_files/2025/11/19/20251119675d967c-7b99-586b-b055-ae121174ad48.pdf,D02AB,https://greenbook.nafdac.gov.ng/products/details/11958,2026-09-27T21:50:58.439770+00:00
Greenbook NAFDAC,1967,12006,De-Shalom Compound Magnesium Trisilicate Tablet_,1,Drugs,"{'id': 1, 'name': 'Drugs', 'created_at': '-000001-11-30T00:00:00.000000Z', 'updated_at': '2022-03-17T16:53:12.000000Z', 'deleted_at': None}",2310,Magnesium Trisilicate; Calcium Carbonate,,B4-1764,6,Chewable tablet,1,Oral,250 mg; 200 mg,364,De-Shalom Pharmaceutical Laboratories Nigeria Limited,2025-09-24,2030-09-23,Active,Chewable Tablet,1 x 500 (in HDPE container),Each tablet contains: Magnesium Trisilicate BP 250 mg and Calcium carbonate BP 200 mg,https://admin.greenbook.nafdac.gov.ng/uploadImage/smpc_files/2025/11/25/20251125449b375e-3ee6-59b7-8aad-721e16c516f5.pdf,A02A,https://greenbook.nafdac.gov.ng/products/details/12006,2026-09-27T21:50:58.439770+00:00
Greenbook NAFDAC,1968,12334,De-Shalom Cough Expectorant_,1,Drugs,"{'id': 1, 'name': 'Drugs', 'created_at': '-000001-11-30T00:00:00.000000Z', 'updated_at': '2022-03-17T16:53:12.000000Z', 'deleted_at': None}",1399,Chlorphenamine; Ammonium Chloride; Liquorice; Menthol,,A4-0206,133,Expectorant,1,Oral,2 mg/5 mL,364,De-Shalom Pharmaceutical Laboratories Nigeria Limited,2025-11-26,2030-11-25,Active,"Expectorant.
A brown syrupy liquid",1 x 100 mL (in amber bottle),"Each 5 mL contains: Chlorpheniramine Maleate 2 mg, Ammonium Chloride 150 mg, Menthol 2 mg, Liquorice Root Extract 0.25 mL",https://admin.greenbook.nafdac.gov.ng/uploadImage/smpc_files/2025/12/16/20251216cfa48484-652f-50a6-93df-a8d0c3601f65.pdf,R05CA,https://greenbook.nafdac.gov.ng/products/details/12334,2026-09-27T21:50:58.439770+00:00
Greenbook NAFDAC,1969,12007,De-Shalom Eusol Lotion_,1,Drugs,"{'id': 1, 'name': 'Drugs', 'created_at': '-000001-11-30T00:00:00.000000Z', 'updated_at': '2022-03-17T16:53:12.000000Z', 'deleted_at': None}",905,Chlorinated lime; Boric acid,EUSOL,B4-1765,110,Lotion,21,Topical,1.25%; 1.25%,364,De-Shalom Pharmaceutical Laboratories Nigeria Limited,2025-09-24,2030-09-23,Active,Topical Lotion,100 mL (in amber bottle),"Chlorinated Lime 1.25% w/v (Solution A)
Boric acid 1.25% w/v (Solution B)
",https://admin.greenbook.nafdac.gov.ng/uploadImage/smpc_files/2025/11/25/20251125e5a94898-84e9-580d-8d06-b4378db22a9c.pdf,D08AD,https://greenbook.nafdac.gov.ng/products/details/12007,2026-09-27T21:50:58.439770+00:00
Greenbook NAFDAC,1970,11959,De-Shalom Hydrogen Peroxide Solution_,1,Drugs,"{'id': 1, 'name': 'Drugs', 'created_at': '-000001-11-30T00:00:00.000000Z', 'updated_at': '2022-03-17T16:53:12.000000Z', 'deleted_at': None}",908,Hydrogen peroxide,,A4-8677,105,Solution,21,Topical,6%,364,De-Shalom Pharmaceutical Laboratories Nigeria Limited,2025-09-24,2030-09-23,Active,"Solution.
A clear colorless solution","1 x 100 mL, 1 x 200 mL (in amber brown bottles)","20 volumes contain: Hydrogen Peroxide 6% w/v (approximately)
Excipients q.s.",https://admin.greenbook.nafdac.gov.ng/uploadImage/smpc_files/2025/11/18/20251118fb064466-e6a3-5a53-872e-3909bd19cd86.pdf,D08AX01,https://greenbook.nafdac.gov.ng/products/details/11959,2026-09-27T21:50:58.439770+00:00
Greenbook NAFDAC,1971,12157,De-Shalom Multivitamin Syrup_,1,Drugs,"{'id': 1, 'name': 'Drugs', 'created_at': '-000001-11-30T00:00:00.000000Z', 'updated_at': '2022-03-17T16:53:12.000000Z', 'deleted_at': None}",1925,Vitamins,Multivitamin,B4-1398,103,Syrup,1,Oral,see Composition,364,De-Shalom Pharmaceutical Laboratories Nigeria Limited,2025-10-29,2030-10-28,Active,"Syrup.
Yellowish-brown syrupy liquid",1 x 100 mL (in amber bottle),"Each 5 mL contains: Vitamin C 40000 mcg, Vitamin A 1000 IU, Vitamin D 200 IU, Vitamin B1 (Thiamine) 1500 mcg, Vitamin B12 (Cyanocobalamin) 2500 ng, Vitamin B2 (Riboflavin) 1500 mcg, and Nicotinamide 10000 mcg

Excipients: Sucrose 625 kg, Propylene Glycol 5 L, Glycerine 40 L, Methyl Paraben 2 kg, Propyl Paraben 0.6 kg, Dextrose 40 kg, EDTA 3 kg, Banana Flavour 700 mL, Pineapple Flavour 1.3 L, C.M.C. 8 kg, Ethanol 10 L",https://admin.greenbook.nafdac.gov.ng/uploadImage/smpc_files/2025/12/02/202512024ae0bfce-431e-5ef4-afea-e181a63567eb.pdf,A11A,https://greenbook.nafdac.gov.ng/products/details/12157,2026-09-27T21:50:58.439770+00:00
Greenbook NAFDAC,1972,12005,De-Shalom Vitamin C Syrup_,1,Drugs,"{'id': 1, 'name': 'Drugs', 'created_at': '-000001-11-30T00:00:00.000000Z', 'updated_at': '2022-03-17T16:53:12.000000Z', 'deleted_at': None}",346,Ascorbic Acid,Vitamin C,A4-5585,103,Syrup,1,Oral,100 mg/5 mL,364,De-Shalom Pharmaceutical Laboratories Nigeria Limited,2025-09-24,2030-09-23,Active,"Oral Liquid Syrup.
Orange clear syrupy liquid",100 mL,Each 5 mL contains: Ascorbic Acid BP 100 mg,https://admin.greenbook.nafdac.gov.ng/uploadImage/smpc_files/2025/11/25/202511253a60499f-6cbb-5a02-83c7-e13ccba7440c.pdf,A11GA01,https://greenbook.nafdac.gov.ng/products/details/12005,2026-09-27T21:50:58.439770+00:00
Greenbook NAFDAC,1973,5532,De-Vite Oral Drops## (check active ingredient spelling),1,Drugs,"{'id': 1, 'name': 'Drugs', 'created_at': '-000001-11-30T00:00:00.000000Z', 'updated_at': '2022-03-17T16:53:12.000000Z', 'deleted_at': None}",348,Colecalciferol,Cholecalciferol; Vitamin D3,C4-1472,60,Drops,1,Oral,2000 IU,175,Foundation Pharmacy &amp; Stores Ltd,2020-12-21,2025-12-20,Inactive,"Drops

De-Vite Oral Drops	C4-1472	Vitamin D3 Cholcalciferol	Vitamins	Oral	2000iu/S	Oral Drops	Prescription Only Medicine (Pom)	Foundation Pharmacy &amp; Stores Ltd	The United Pharmaceuticals Manufacturing Co Ltd	Jordan	2020-12-21	2025-12-20
",,Each drop contains: Cholecalciferol 2000 IU,,A11CC05,https://greenbook.nafdac.gov.ng/products/details/5532,2026-09-27T21:50:58.439770+00:00
Greenbook NAFDAC,1974,8161,Dealformin Tablets**,1,Drugs,"{'id': 1, 'name': 'Drugs', 'created_at': '-000001-11-30T00:00:00.000000Z', 'updated_at': '2022-03-17T16:53:12.000000Z', 'deleted_at': None}",625,Metformin Hydrochloride,,C4-1726,1,Tablet,1,Oral,1000 mg,671,Ideal Eagles Limited,2021-06-24,2026-06-23,Inactive,Tablet,10 x 10&#039;s,Metformin Hydrochloride 1000 mg,,A10BA02,https://greenbook.nafdac.gov.ng/products/details/8161,2026-09-27T21:50:58.439770+00:00
Greenbook NAFDAC,1975,8162,Dealosartan Tablets**,1,Drugs,"{'id': 1, 'name': 'Drugs', 'created_at': '-000001-11-30T00:00:00.000000Z', 'updated_at': '2022-03-17T16:53:12.000000Z', 'deleted_at': None}",263,Losartan Potassium,,C4-1727,1,Tablet,1,Oral,50 mg,671,Ideal Eagles Limited,2021-06-24,2026-06-23,Inactive,Tablet,10 x 10&#039;s,Losartan USP 50 mg,,C09CA01,https://greenbook.nafdac.gov.ng/products/details/8162,2026-09-27T21:50:58.439770+00:00
Greenbook NAFDAC,1976,10089,Dealtazocine Injection**,1,Drugs,"{'id': 1, 'name': 'Drugs', 'created_at': '-000001-11-30T00:00:00.000000Z', 'updated_at': '2022-03-17T16:53:12.000000Z', 'deleted_at': None}",54,Pentazocine (Pentazocine Lactate),,C4-1878,107,Solution for injection,31,Intravenous; Intramuscular; Subcutaneous,30 mg/mL,671,Ideal Eagles Limited,2021-10-28,2026-10-27,Active,Solution for Injection in 1-mL ampoule,1 mL x 100&#039;s (in ampoules),"Each mL contains: Pentazocine lactate BP equiv. to Pentazocine 30 mg, Excipients q.s.",,N02AD01,https://greenbook.nafdac.gov.ng/products/details/10089,2026-09-27T21:50:58.439770+00:00
Greenbook NAFDAC,1977,75,Debixa-10 Tablets##,1,Drugs,"{'id': 1, 'name': 'Drugs', 'created_at': '-000001-11-30T00:00:00.000000Z', 'updated_at': '2022-03-17T16:53:12.000000Z', 'deleted_at': None}",9,Aripiprazole,,B4-3421,1,Tablet,1,Oral,10 mg,17,Bio-Generics Nigeria Limited,2021-12-02,2026-12-01,Active,Tablet,,Each tablet contains: Aripiprazole 10 mg,https://admin.greenbook.nafdac.gov.ng/uploadImage/smpc_files/2025/05/06/202505065249cffb-a2f4-5fed-ac59-d69a7969754e.pdf,N05AX12,https://greenbook.nafdac.gov.ng/products/details/75,2026-09-27T21:50:58.439770+00:00
Greenbook NAFDAC,1978,3066,Deboyet Amoxicillin Dispersible Tablets**,1,Drugs,"{'id': 1, 'name': 'Drugs', 'created_at': '-000001-11-30T00:00:00.000000Z', 'updated_at': '2022-03-17T16:53:12.000000Z', 'deleted_at': None}",1546,Amoxicillin (Amoxicillin Trihydrate),Amoxycillin,C4-1432,13,Dispersible tablet,1,Oral,250 mg,1001,Deboyet Pharmaceuticals Limited,2020-12-21,2025-12-20,Inactive,Dispersible Tablet,,,,J01CA04,https://greenbook.nafdac.gov.ng/products/details/3066,2026-09-27T21:50:58.439770+00:00
Greenbook NAFDAC,1979,3067,Deboyet Amoxicillin Dispersible Tablets**,1,Drugs,"{'id': 1, 'name': 'Drugs', 'created_at': '-000001-11-30T00:00:00.000000Z', 'updated_at': '2022-03-17T16:53:12.000000Z', 'deleted_at': None}",1546,Amoxicillin (Amoxicillin Trihydrate),Amoxycillin,C4-1433,13,Dispersible tablet,1,Oral,125 mg,1001,Deboyet Pharmaceuticals Limited,2020-12-21,2025-12-20,Inactive,Dispersible Tablet,,,,J01CA04,https://greenbook.nafdac.gov.ng/products/details/3067,2026-09-27T21:50:58.439770+00:00
Greenbook NAFDAC,1980,7403,Debridace Ointment##,1,Drugs,"{'id': 1, 'name': 'Drugs', 'created_at': '-000001-11-30T00:00:00.000000Z', 'updated_at': '2022-03-17T16:53:12.000000Z', 'deleted_at': None}",1285,Papain; Urea,,B4-8268,58,Ointment,26,Cutaneous/Topical,"521,700 IU/g; 100 mg/g",723,SJS Life Sciences Limited,2023-06-07,2028-05-30,Active,"Ointment

OFF WHITE COLOUR VISCOUS OINTMENT PRESENTED IN A PACK OF 10 TUBES OF 15GM EACH",1 x 15 g,"Each gram Ointment contains: Papain 521,700 IU, Urea 100 mg",,D03BA,https://greenbook.nafdac.gov.ng/products/details/7403,2026-09-27T21:50:58.439770+00:00
Greenbook NAFDAC,1981,4828,Decagra 100 Tablets##,1,Drugs,"{'id': 1, 'name': 'Drugs', 'created_at': '-000001-11-30T00:00:00.000000Z', 'updated_at': '2022-03-17T16:53:12.000000Z', 'deleted_at': None}",703,Sildenafil (Sildenafil Citrate),,A11-100501,1,Tablet,1,Oral,100 mg,1035,Evergreen Morning Star Pharmaceutical Ind. Ltd,2023-05-25,2028-05-24,Active,"Tablet
Red–colored, film-coated, heart-shaped tablet with D engraved on one side and plain on the other

51	NF-PP-252121	DECAGRA 100 TABLETS	SILDENAFIL CITRATE 100MG	EACH FILM COATED TABLET CONTAINS SILDENAFIL CITERATE BP 100MG		Drugs	Nigerian Products	1X4	POM 1	2/11/2022	EVERGREEN - MORNING STAR PHARMACEUTICAL IND. LTD, UNOGU COMPOUND, NDIOWERRI VILLAGE ORLU IMO	8037906607	egmpsecdept@gmail.com	EVERGREEN MORNING STAR PHARM.IND.LTD, EVERGREEN MORNING STAR INDUSTRIAL COMPLEX NDIOWERRE VILLAGE, ORLU IMO STATE NIGERIA, Nigeria",1 x 4&#039;s (in PVC blister),"Each film coated tablet contains: Sildenafil Citrate BP 100 mg
Excipients with known effect: Lactose Monohydrate 7.44 mg",https://admin.greenbook.nafdac.gov.ng/uploadImage/smpc_files/2023/10/02/2023100205f69fd8-5b01-5d80-b068-86131a054ff1.pdf,G04BE03,https://greenbook.nafdac.gov.ng/products/details/4828,2026-09-27T21:50:58.439770+00:00
Greenbook NAFDAC,1982,8135,Deciprofort Tablets**,1,Drugs,"{'id': 1, 'name': 'Drugs', 'created_at': '-000001-11-30T00:00:00.000000Z', 'updated_at': '2022-03-17T16:53:12.000000Z', 'deleted_at': None}",461,Ciprofloxacin (Ciprofloxacin Hydrochloride),,C4-1554,1,Tablet,1,Oral,500 mg,418,Macdech Pharmaceuticals Company Limited,2021-01-28,2026-01-27,Inactive,Tablet,1 x 10&#039;s (in blister),Each tablet contains: Ciprofloxacin Hydrochloride BP 500 mg,,,https://greenbook.nafdac.gov.ng/products/details/8135,2026-09-27T21:50:58.439770+00:00
Greenbook NAFDAC,1983,4831,Decnese Tablets## (check smpc),1,Drugs,"{'id': 1, 'name': 'Drugs', 'created_at': '-000001-11-30T00:00:00.000000Z', 'updated_at': '2022-03-17T16:53:12.000000Z', 'deleted_at': None}",620,Chlorpropamide,,B4-2417,1,Tablet,1,Oral,250 mg,418,Macdech Pharmaceuticals Company Limited,2023-01-26,2028-01-25,Active,"Tablet

DECNESE TABLETS	B4-2417	DECNESE TABLETS	EACH UNCOATED TABLET CONTAIN CHLORPROPAMIDE B.P. 250MG				Tablet	Prescription Only Medicine (POM)		MACDECH PHARMACEUTICALS COMPANY LIMITED, IHITENANSA STREET IYIOWA ODEKPE OGBARU ANAMBRA	Nigeria	M/S MANCARE PHARMACEUTICAL PVT LIMITED , NO 59, 60, 85, 86 VMIE DHOWALI VILLAGE, VASAI DIST THAME MAHARASHTRA, INDIA, India		1/26/2023	1/25/2028",1 x 10&#039;s (in blister pack),Each uncoated tablet contains: Chlorpropamide BP 250 mg,https://admin.greenbook.nafdac.gov.ng/uploadImage/smpc_files/2024/10/17/202410172e9fe75c-21a9-5533-a3f4-cbd4b26ce8ec.pdf,A10BB02,https://greenbook.nafdac.gov.ng/products/details/4831,2026-09-27T21:50:58.439770+00:00
Greenbook NAFDAC,1984,6887,Dederm Cream 20 g##,1,Drugs,"{'id': 1, 'name': 'Drugs', 'created_at': '-000001-11-30T00:00:00.000000Z', 'updated_at': '2022-03-17T16:53:12.000000Z', 'deleted_at': None}",1648,Ketoconazole; Clobetasol propionate; Neomycin sulphate; Vitamin E,,A4-100666,4,Cream,21,Topical,1%; 0.025%; 0.5%; 1%,145,Chez Resources Pharmaceutical Limited,2023-12-21,2028-12-20,Active,"Cream

16	NF-PP-337085	DEDERM CREAM 20GM	Ketoconazole, Clobetasol, Propionate, Neomycin Sulfate &amp; Vitamin E cream	Each gram contains: Ketoconazole USP 1.0% w/w Clobetasol Propionate USP 0.025% w/w Neomycin Sulfate USP equivalent to Neomycin 0.50% Vitamin E USP 1.0% w/w Cream base USP q.s.	A4-100666	Drugs	Imported Products	1*20gm	OTC	6/20/2023	CHEZ RESOURCES PHARMACEUTICAL LIMITED, 7 CALABAR STREET FEGGE ONITSHA Anambra STATE.	7036097470	chezrespharm@gmail.com	BHARAT PARENTERALS LTD I, SURVEY NO. :144 &amp; 146, JAROD SAMLAYA ROAD, VILL. HARIPURA. TAL. SAVLI, DIST. VADODARA - 391520 , GUJARAT, INDIA., India",1 x 20 g (in Lami tube),"Each gram of cream contains: Ketoconazole USP 1.0 % w/w, Clobetasol Propionate USP 0.025 % w/w, Neomycin Sulfate USP equivalent to Neomycin 0.50 % w/w, Vitamin E USP  1.0 % w/w, Cream Base q.s.
Excipients: Cetostearyl Alcohol, Light Liquid Paraffin, White Soft Paraffin, Butylated Hydroxytoluene, Cetomacrogol 1000, Chlorocresol, Propylene Glycol, Purified Water",https://admin.greenbook.nafdac.gov.ng/uploadImage/smpc_files/2024/09/01/20240901243dcd3f-2d0f-54f9-8f01-96d3e41b682d.pdf,D01AE20,https://greenbook.nafdac.gov.ng/products/details/6887,2026-09-27T21:50:58.439770+00:00
Greenbook NAFDAC,1985,8136,Deedoo Tramadol Capsules**,1,Drugs,"{'id': 1, 'name': 'Drugs', 'created_at': '-000001-11-30T00:00:00.000000Z', 'updated_at': '2022-03-17T16:53:12.000000Z', 'deleted_at': None}",56,Tramadol Hydrochloride,,C4-1530,2,Capsule,1,Oral,100 mg,1057,Deedoo Nigeria Limited,2021-01-28,2026-01-27,Inactive,Capsule,1 x 10&#039;s (in blister),Each capsule contains: Tramadol Hydrochloride BP 100 mg,,,https://greenbook.nafdac.gov.ng/products/details/8136,2026-09-27T21:50:58.439770+00:00
Greenbook NAFDAC,1986,8049,Deekins Amoxycillin Capsules 500 mg**,1,Drugs,"{'id': 1, 'name': 'Drugs', 'created_at': '-000001-11-30T00:00:00.000000Z', 'updated_at': '2022-03-17T16:53:12.000000Z', 'deleted_at': None}",1546,Amoxicillin (Amoxicillin Trihydrate),Amoxycillin,A11-0969,2,Capsule,1,Oral,500 mg,810,DivineKings Pharmaceuticals Limited,2024-06-27,2029-06-26,Active,"Hard Capsules.
Maroon/Yellow hard gelatin capsule of size &quot;0&quot; containing white to off-white granular powder.",10 x 10&#039;s (in Alu-PVC blisters),Each hard gelatin capsule contains: Amoxicillin Trihydrate BP equiv. to anhydrous Amoxicillin 500 mg,https://admin.greenbook.nafdac.gov.ng/uploadImage/smpc_files/2024/08/28/20240828dcacec36-8be4-5870-87a2-75f2d659e3bb.pdf,J01CA04,https://greenbook.nafdac.gov.ng/products/details/8049,2026-09-27T21:50:58.439770+00:00
Greenbook NAFDAC,1987,8050,Deekins Ampicillin and Cloxacillin Capsule 500 mg**,1,Drugs,"{'id': 1, 'name': 'Drugs', 'created_at': '-000001-11-30T00:00:00.000000Z', 'updated_at': '2022-03-17T16:53:12.000000Z', 'deleted_at': None}",425,Ampicillin (Ampicillin Trihydrate); Cloxacillin (Cloxacillin Sodium),,A11-0967,2,Capsule,1,Oral,250 mg; 250 mg,810,DivineKings Pharmaceuticals Limited,2024-06-27,2029-06-26,Active,Hard Gelatin Capsule,10 x 10&#039;s (in Alu-PVC blisters),"Ampicillin and Cloxacillin Capsule 500 mg.
Each 500 mg capsule contains 289 mg of Ampicillin Trihydrate BP equivalent to 250 mg of Ampicillin base and 273 mg of Cloxacillin Sodium BP equivalent to 250 mg of Cloxacillin base",https://admin.greenbook.nafdac.gov.ng/uploadImage/smpc_files/2024/08/28/20240828c621be2e-5a64-5d53-97a2-f53503d8bb36.pdf,J01CA51,https://greenbook.nafdac.gov.ng/products/details/8050,2026-09-27T21:50:58.439770+00:00
Greenbook NAFDAC,1988,8051,Deekins Chloramphenicol Capsules 250 mg**,1,Drugs,"{'id': 1, 'name': 'Drugs', 'created_at': '-000001-11-30T00:00:00.000000Z', 'updated_at': '2022-03-17T16:53:12.000000Z', 'deleted_at': None}",1588,Chloramphenicol,,A11-0968,2,Capsule,1,Oral,250 mg,810,DivineKings Pharmaceuticals Limited,2024-06-27,2029-06-26,Active,Hard gelatin capsule,10 x 10&#039;s (in Alu-PVC blisters),Chloramphenicol 250 mg,https://admin.greenbook.nafdac.gov.ng/uploadImage/smpc_files/2024/12/01/202412011e68d7b5-3fbb-542e-b726-74ff347fe164.pdf,J01BA01,https://greenbook.nafdac.gov.ng/products/details/8051,2026-09-27T21:50:58.439770+00:00
Greenbook NAFDAC,1989,7405,Deemaler Artemether 80 mg and Lumefantrine 480 mg Tablets**,1,Drugs,"{'id': 1, 'name': 'Drugs', 'created_at': '-000001-11-30T00:00:00.000000Z', 'updated_at': '2022-03-17T16:53:12.000000Z', 'deleted_at': None}",528,Artemether; Lumefantrine,,B4-7606,1,Tablet,1,Oral,80 mg; 480 mg,804,Cureall Impex Nigeria Limited,2024-02-28,2029-02-27,Active,"Film coated tablet.
Yellow coloured circular, biconvex, film coated tablets having breakline on one side and plain on other side of each tablet",1 x 6&#039;s (in Alu/PVC blister),"Artemether 80 mg and Lumefantrine 480 mg Tablets.
Each film coated tablet contains: Artemether 80 mg, Lumefantrine 480 mg, Excipients q.s.",https://admin.greenbook.nafdac.gov.ng/uploadImage/smpc_files/2024/03/26/202403266f7794af-2a8a-5abe-90a7-d426be1cd555.pdf,P01BF01,https://greenbook.nafdac.gov.ng/products/details/7405,2026-09-27T21:50:58.439770+00:00
Greenbook NAFDAC,1990,8052,Deepcam Gel**,1,Drugs,"{'id': 1, 'name': 'Drugs', 'created_at': '-000001-11-30T00:00:00.000000Z', 'updated_at': '2022-03-17T16:53:12.000000Z', 'deleted_at': None}",1149,Diclofenac Sodium (Diclofenac Diethylamine); Methyl salicylate; Menthol; Linseed oil,,A4-101008,29,Gel,21,Topical,1%; 10%; 5%; 3%,599,Don-J Pharmaceutical Nig. Ltd,2024-08-28,2029-08-27,Active,"Topical Gel.
White coloured gel",30 g (in Lami tube),"Diclofenac Diethylamine BP 1.16% w/w equiv. to Diclofenac Sodium 1.0% w/w, Methyl Salicylate BP 10% w/w, Linseed Oil BP 3% w/w, Menthol BP 5.0% w/w, Benzyl Alcohol BP 1% w/w, Gel base q.s.",https://admin.greenbook.nafdac.gov.ng/uploadImage/smpc_files/2024/09/29/20240929096e331e-98dd-5bd4-b63a-474e7ccc8219.pdf,,https://greenbook.nafdac.gov.ng/products/details/8052,2026-09-27T21:50:58.439770+00:00
Greenbook NAFDAC,1991,6742,Deepfit Cream##,1,Drugs,"{'id': 1, 'name': 'Drugs', 'created_at': '-000001-11-30T00:00:00.000000Z', 'updated_at': '2022-03-17T16:53:12.000000Z', 'deleted_at': None}",1647,Diclofenac Diethylamine; Linseed Oil; Menthol,,A4-100629,4,Cream,21,Topical,1.16%; 3.00%; 5.00%,734,Top Ugolife Pharmaceutical Company Ltd,2023-11-30,2028-11-29,Active,"Cream

12	NF-PP-361411	DEEPFIT CREAM	DICLOFENAC DIATHYLAMINE 1.16% W/W, LINSEED OIL 3.00% W/W AND MENTHOL CREAM 5,00% W/W, BENZYLE ALCHOHOL 1,00%W/W,	DICLOFENAC DIATHYLAMINE 1.16% W/W, LINSEE OIL 3.00% W/W AND MENTHOL CREAM 5,00% W/W, BENZYLE ALCHOHOL 1,00%W/W,	A4-100629	Drugs	Imported Products	1X30G X 10 TUBES	Prescription Only Medicine (POM)	9/26/2023	TOP UGOLIFE PHARMACEUTICAL CO LTD, JOSEPH ADEBAYOR STREET OKOTA LAGOS	8063125746	eugo37@yahoo.com	LESANTO LABORATORIES., PLOT NO. 9, 10, 11 &amp; 20, SURVEY NO 53, NEAR RLY. BRIDGE, MANOR ROAD PALGHAR (E) DIST THANE, MAHARASHTRA, INDIA, India",10 x 30 g (in Lami tubes),"Deepfit Cream contains: Diclofenac Diethylamine 1.16% w/w, Linseed Oil 3.00% w/w, Menthol Cream 5,00% w/w
Excipients q.s.",https://admin.greenbook.nafdac.gov.ng/uploadImage/smpc_files/2023/12/17/20231217c0fc722e-13a6-581c-b95f-9b1b4673f400.pdf,D11AX18,https://greenbook.nafdac.gov.ng/products/details/6742,2026-09-27T21:50:58.439770+00:00
Greenbook NAFDAC,1992,10135,Defacto Cream##,1,Drugs,"{'id': 1, 'name': 'Drugs', 'created_at': '-000001-11-30T00:00:00.000000Z', 'updated_at': '2022-03-17T16:53:12.000000Z', 'deleted_at': None}",1112,Clobetasol; Ketoconazole; Neomycin,,B4-6000,4,Cream,21,Topical,0.25mg; 10mg; 5000IU,189,Greenlife Pharmaceutical Limited,2021-10-28,2026-10-27,Active,Cream																																																																																																																																																																																																																																												,1 x 30 g,"Defacto Cream contains: Ketoconazole 10 mg, Clobetasol Propionate USP 0.25 mg, Neomycin Sulfate USP 5000 IU",,D07CD01,https://greenbook.nafdac.gov.ng/products/details/10135,2026-09-27T21:50:58.439770+00:00
Greenbook NAFDAC,1993,4100,Defal 30 Tablets##,1,Drugs,"{'id': 1, 'name': 'Drugs', 'created_at': '-000001-11-30T00:00:00.000000Z', 'updated_at': '2022-03-17T16:53:12.000000Z', 'deleted_at': None}",1525,Deflazacort,,C4-1474,1,Tablet,1,Oral,30 mg,173,Faes Farma Nigeria Limited,2020-12-21,2025-12-20,Inactive,Tablet,,Each tablet contains: Deflazacort 30 mg,,H02AB13,https://greenbook.nafdac.gov.ng/products/details/4100,2026-09-27T21:50:58.439770+00:00
Greenbook NAFDAC,1994,4101,Defal 6 Tablets##,1,Drugs,"{'id': 1, 'name': 'Drugs', 'created_at': '-000001-11-30T00:00:00.000000Z', 'updated_at': '2022-03-17T16:53:12.000000Z', 'deleted_at': None}",1525,Deflazacort,,C4-1473,1,Tablet,1,Oral,6 mg,173,Faes Farma Nigeria Limited,2020-12-21,2025-12-20,Inactive,Tablet,,Each tablet contains: Deflazacort 6 mg,,H02AB13,https://greenbook.nafdac.gov.ng/products/details/4101,2026-09-27T21:50:58.439770+00:00
Greenbook NAFDAC,1995,2985,Defex-400 Tablets##,1,Drugs,"{'id': 1, 'name': 'Drugs', 'created_at': '-000001-11-30T00:00:00.000000Z', 'updated_at': '2022-03-17T16:53:12.000000Z', 'deleted_at': None}",441,Cefixime (Cefixime Trihydrate),,C4-1293,1,Tablet,1,Oral,400 mg,1023,Greater Life Pharma Ltd,2020-11-30,2025-11-29,Inactive,Tablet,,Each tablet contains: Cefixime (as Cefixime Trihydrate) 400 mg,,J01DD08,https://greenbook.nafdac.gov.ng/products/details/2985,2026-09-27T21:50:58.439770+00:00
Greenbook NAFDAC,1996,8137,Dekolik Syrup**,1,Drugs,"{'id': 1, 'name': 'Drugs', 'created_at': '-000001-11-30T00:00:00.000000Z', 'updated_at': '2022-03-17T16:53:12.000000Z', 'deleted_at': None}",1876,Prifinium bromide,,A11-100162,103,Syrup,1,Oral,7.5 mg/5 mL,82,Afrab-Chem Limited,2021-08-27,2026-08-26,Inactive,Oral liquid,60 mL (in amber plastic bottle),"Each 5 mL syrup contains: Prifinium Bromide 7.5 mg

Excipients:
Propylene Glycol, Glycerol, Sodium Benzoate, Sorbitol Solution, Monosodium Citrate, Sucralose, Peach Flavour, FD&amp;C Red, Sunset Yellow",https://admin.greenbook.nafdac.gov.ng/uploadImage/smpc_files/2025/01/15/20250115d9031b19-a192-5d7d-9034-471d039b434b.pdf,A03AB18,https://greenbook.nafdac.gov.ng/products/details/8137,2026-09-27T21:50:58.439770+00:00
Greenbook NAFDAC,1997,8053,Dele Fluids 500 mL Darrow's Solution (Half Strength) Intravenous Injection**,1,Drugs,"{'id': 1, 'name': 'Drugs', 'created_at': '-000001-11-30T00:00:00.000000Z', 'updated_at': '2022-03-17T16:53:12.000000Z', 'deleted_at': None}",1600,Sodium Lactate; Sodium Chloride; Potassium Chloride,,A11-100717,114,Solution for infusion,12,Intravenous,0.47 g/100 mL; 0.18 g/100 mL; 0.13 g/100 mL,1176,HMA Medical Ltd,2024-06-27,2029-06-26,Active,"Solution for infusion.
Clear, colourless transparent liquid contained in 500-mL PVC Pouch",500 mL (in PVC pouch),"Each 100 mL contains: Sodium Lactate BP 2.35 g, Sodium Chloride BP 0.9 g, Potassium Chloride BP 0.68 g, Water for Injection BP q.s. to 500 mL",https://admin.greenbook.nafdac.gov.ng/uploadImage/smpc_files/2024/08/01/20240801250fb1b8-0cda-5e73-8cd5-f2bb35413f0a.pdf,B05BB01,https://greenbook.nafdac.gov.ng/products/details/8053,2026-09-27T21:50:58.439770+00:00
Greenbook NAFDAC,1998,7408,Dele Fluids 500 mL Mannitol 20% Hypertonic Intravenous Injection##,1,Drugs,"{'id': 1, 'name': 'Drugs', 'created_at': '-000001-11-30T00:00:00.000000Z', 'updated_at': '2022-03-17T16:53:12.000000Z', 'deleted_at': None}",236,Mannitol,,A11-100690,40,Injection,12,Intravenous,20%,1176,HMA Medical Ltd,2024-04-30,2029-05-01,Active,"Injection
Clear, colorless transparent liquid contains in 500 mL PVC pouch

13	NF-PP-281460	DELE FLUIDS 500mL MANNITOL 20% HYPERTONIC INTRAVENOUS INJECTION	DELE FLUIDS MANNITOL 20%	Each 100ml contains / 100ml contient: 20.0 D-Mannitol Water for injection (Eau pour injection)	A11-100690	Drugs	VARIOUS	Nigerian Products	500ml	Prescription Only Medicine (POM)	9/2/2022	HMA MEDICAL LTD, CAMP RD, PLOT 98, BLOCK 4 TPS 140B ILORIN KWARA	8031918697	hmamedical4@gmail.com	HMA MEDICAL LIMITED, Plot 9B, Block 4, Transit Camp Road, Ilorin, Kwara State, Nigeria",1 x 500 mL (in PVC pouch),"Each 100 mL contains; D-Mannitol 20 g, Purified Water q.s.
",https://admin.greenbook.nafdac.gov.ng/uploadImage/smpc_files/2024/05/19/20240519dbde994e-ec1c-59dc-b7cb-b8d12e69a025.pdf,B05BC01,https://greenbook.nafdac.gov.ng/products/details/7408,2026-09-27T21:50:58.439770+00:00
Greenbook NAFDAC,1999,8054,Dele Fluids Dextrose 4.3%w/v + 0.18%w/v Sodium Chloride**,1,Drugs,"{'id': 1, 'name': 'Drugs', 'created_at': '-000001-11-30T00:00:00.000000Z', 'updated_at': '2022-03-17T16:53:12.000000Z', 'deleted_at': None}",372,Glucose; Sodium Chloride,Dextrose; Sodium chloride,A11-100716,114,Solution for infusion,12,Intravenous,4.3%; 0.18%,1176,HMA Medical Ltd,2024-06-27,2029-06-26,Active,"Solution for infusion.
Clear solution, free from visible particles",500 mL (in PVC pouch),"Each 100 mL of solution contains: Glucose (as monohydrate) 4.3 g, Sodium chloride 0.18 g, Water for injection q.s.",https://admin.greenbook.nafdac.gov.ng/uploadImage/smpc_files/2024/12/01/20241201a09a2e3c-4c14-5784-a7d0-01112fde8e3a.pdf,B05BB02,https://greenbook.nafdac.gov.ng/products/details/8054,2026-09-27T21:50:58.439770+00:00
Greenbook NAFDAC,2000,6126,Dele Fluids Dextrose 5%w/v + 0.9%w/v Sodium Chloride**,1,Drugs,"{'id': 1, 'name': 'Drugs', 'created_at': '-000001-11-30T00:00:00.000000Z', 'updated_at': '2022-03-17T16:53:12.000000Z', 'deleted_at': None}",372,Glucose; Sodium Chloride,Dextrose; Sodium chloride,A11-100457,114,Solution for infusion,12,Intravenous,5%; 0.9%,1176,HMA Medical Ltd,2023-02-23,2028-02-22,Active,"Solution for infusion.
Clear solution, free from visible particles",500 mL (in PVC pouch),"Each 100 mL of solution contains: Glucose (as monohydrate) 5 g, Sodium chloride 0.9 g, Water for injection q.s.",https://admin.greenbook.nafdac.gov.ng/uploadImage/smpc_files/2025/01/15/20250115d24024aa-a595-5cbf-aa40-9595c8975bb4.pdf,B05BB02,https://greenbook.nafdac.gov.ng/products/details/6126,2026-09-27T21:50:58.439770+00:00
