source,source_position,product_id,product_name,product_category_id,category_name,product_category,ingredient_id,ingredient_name,synonym,NAFDAC,form_id,form_name,route_id,route_name,strength,applicant_id,applicant_name,approval_date,expiry_date,status,product_description,pack_size,composition,smpc,atc,source_url,scraped_at
Greenbook NAFDAC,4001,3830,Lemuretic Tablets##,1,Drugs,"{'id': 1, 'name': 'Drugs', 'created_at': '-000001-11-30T00:00:00.000000Z', 'updated_at': '2022-03-17T16:53:12.000000Z', 'deleted_at': None}",234,Amiloride Hydrochloride; Hydrochlorothiazide,,B4-8428,1,Tablet,1,Oral,5 mg; 50 mg,449,Great Timec Pharma Nigeria Limited,2020-12-21,2025-12-20,Inactive,Tablet,,"Each tablet contains: Amiloride Hydrochloride 5 mg, Hydrochlorothiazide 50 mg",,C03EA01,https://greenbook.nafdac.gov.ng/products/details/3830,2026-09-29T10:52:30.242228+00:00
Greenbook NAFDAC,4002,6261,Leobeta-N Eye/Ear Drops##,1,Drugs,"{'id': 1, 'name': 'Drugs', 'created_at': '-000001-11-30T00:00:00.000000Z', 'updated_at': '2022-03-17T16:53:12.000000Z', 'deleted_at': None}",769,Betamethasone (Betamethasone Sodium Phosphate); Neomycin sulfate,,B4-6930,16,Ear/eye drops,28,Ophthalmic/Otic,0.1%; 0.5%,1210,Anleoson Pharmaceutical Limited,2023-02-23,2028-02-22,Active,"Eye/Ear Drops

73	RNW-PP-241361	LEOBETA-N EYE/EAR DROPS	BETAMETHASONE SODIUM 0.1%W/V , NEOMYCIN SULPHATE BP 0.5%W/V	BETAMETHASONE SODIUM PHOSPAHTE BP 0.1%W/V, NEOMYCIN SULPHATE BP 0.5%W/V , THIOMERSAL BP 0.005%W/V (AS PRESERVATIVE) List of excipients 1. Disodium EDTA 2. Sodium Metabisulphite 3. Disodium Hydrogen Phosphate 4. Sodium Dihydrogen Phosphate 5. Polyethylene Glycol (P.E.G.) 400 6. Thiomersal 7. Sodium Hydroxide 8. Water for Injection	B4-6930	Drugs	Imported Products	7.5ML	POM 1	11/30/2021	ANLEOSON PHARMACEUTICAL LTD, CHIEF MARCEL ANYANSI AVENUE, OGIDI IDEMILI NORTH ONITSHA ANAMBRA	8034144316	anleosoncoy@gmail.com	ALPA LABOURATORIES LTD, 33/2,PIGDAMBER A.B,ROAD-453 446 DIST. INDORE-(M.P)INDIA, India",1 x 7.5 mL (in plastic vial),"Leobeta-N Eye/Ear Drops contains: Betamethasone Sodium Phosphate BP 0.1% w/v, Neomycin Sulfate BP 0.5% w/v, Thiomersal BP 0.005% w/v (as preservative)
Excipients q.s.",https://admin.greenbook.nafdac.gov.ng/uploadImage/smpc_files/2024/10/20/20241020f5c1cb8d-73c2-5f0d-ad7d-c3fa3aa3f355.pdf,S03CA06,https://greenbook.nafdac.gov.ng/products/details/6261,2026-09-29T10:52:30.242228+00:00
Greenbook NAFDAC,4003,6553,Leolin Tablets##,1,Drugs,"{'id': 1, 'name': 'Drugs', 'created_at': '-000001-11-30T00:00:00.000000Z', 'updated_at': '2022-03-17T16:53:12.000000Z', 'deleted_at': None}",464,Levofloxacin (Levofloxacin Hemihydrate),,B4-5381,1,Tablet,1,Oral,500 mg,571,Assura Pharmaceutical and Health Products Ltd,2023-11-30,2028-11-29,Active,"Tablet

128	RNW-PP-168148	LEOLIN TABLETS	LEVOFLOXACIN 500 MG	Each film coated tablet contains: Levofloxacin Hemihydrates Eqv. to Levofloxacin USP .. 500 mg, Excipients.. Maize Starch BP, Lactose BP, PVPK- 30 BP, Purified Water BP, Purified Talc BP, Magnesium Stearate BP. Aerosol 200 BP, Sodium Starch glycolate BP, Microcrystalline Cellulose BP	B4-5381	Drugs	Imported Products	2x7	Prescription Only Medicine (POM)	9/29/2020	ASSURA PHARMACEUTICAL AND HEALTH PRODUCTS LTD, BORNO WAY, ADEKUNLE JUNCTION, EBUTE METTA LAGOS	80385597	assurapharmaltd@yahoo.com	BAADER SCHULZ LABORATORIES, PLOT NO. J-6, OIDC, M.G. UDYOG NAGAR, DAHBEL, NANI DAMAN-396 210. INDIA, India
														
														
",2 x 7&#039;s (in Alu-Alu blisters),"Each film coated tablet contains: Levofloxacin Hemihydrate equivalent to Levofloxacin USP 500 mg
Excipients q.s.
Color: Approved color used",https://admin.greenbook.nafdac.gov.ng/uploadImage/smpc_files/2023/12/18/20231218df00c61b-cf13-5576-af4a-8c2ad2852de8.pdf,J01MA12,https://greenbook.nafdac.gov.ng/products/details/6553,2026-09-29T10:52:30.242228+00:00
Greenbook NAFDAC,4004,10693,Leopard Vapour Rub##,1,Drugs,"{'id': 1, 'name': 'Drugs', 'created_at': '-000001-11-30T00:00:00.000000Z', 'updated_at': '2022-03-17T16:53:12.000000Z', 'deleted_at': None}",1402,Menthol; Turpentine Oil; Camphor; Eucalyptus Oil; Thymol; Nutmeg Oil,,B4-0429,58,Ointment,21,Topical,2.82%; 5.57%; 5.25%; 1.49%; 0.1%; 0.54%,289,Shalina Healthcare Nigeria Limited,2024-02-28,2029-02-27,Active,Topical Ointment,1 x 25 g (in plastic container),"Leopard Vapour Rub contains: Menthol BP 2.82% w/w, Camphor BP 5.25% w/w, Thymol BP 0.10% w/w, Turpentine oil BP 5.57% v/w, Eucalyptus oil BP 1.49% v/w, Nutmeg oil 0.54% v/w
Excipients q.s.",https://admin.greenbook.nafdac.gov.ng/uploadImage/smpc_files/2024/03/26/202403265c88d829-d86b-524d-adfe-423051bf8081.pdf,,https://greenbook.nafdac.gov.ng/products/details/10693,2026-09-29T10:52:30.242228+00:00
Greenbook NAFDAC,4005,367,Leponex 100 mg Tablets##,1,Drugs,"{'id': 1, 'name': 'Drugs', 'created_at': '-000001-11-30T00:00:00.000000Z', 'updated_at': '2022-03-17T16:53:12.000000Z', 'deleted_at': None}",11,Clozapine,,04-1597,1,Tablet,1,Oral,100 mg,669,World Wide Commercial Ventures Ltd,2021-06-24,2026-06-23,Inactive,Tablet,,Each tablet contains: Clozapine 100 mg,,N05AH02,https://greenbook.nafdac.gov.ng/products/details/367,2026-09-29T10:52:30.242228+00:00
Greenbook NAFDAC,4006,368,Leponex 25 mg Tablets##,1,Drugs,"{'id': 1, 'name': 'Drugs', 'created_at': '-000001-11-30T00:00:00.000000Z', 'updated_at': '2022-03-17T16:53:12.000000Z', 'deleted_at': None}",11,Clozapine,,04-7416,1,Tablet,1,Oral,25 mg,669,World Wide Commercial Ventures Ltd,2021-06-24,2026-06-23,Inactive,Tablet,,Each tablet contains: Clozapine 25 mg,,N05AH02,https://greenbook.nafdac.gov.ng/products/details/368,2026-09-29T10:52:30.242228+00:00
Greenbook NAFDAC,4007,6262,Lespen Tablets**,1,Drugs,"{'id': 1, 'name': 'Drugs', 'created_at': '-000001-11-30T00:00:00.000000Z', 'updated_at': '2022-03-17T16:53:12.000000Z', 'deleted_at': None}",1559,Diclofenac Sodium; Paracetamol; Chlorzoxazone,,B4-6404,1,Tablet,1,Oral,50 mg; 325 mg; 250 mg,687,Morehope Pharma Limited,2023-09-28,2028-09-27,Active,Tablet,10 x 10&#039;s (in Alu-PVC blisters),"Diclofenac Sodium, Paracetamol and Chlorzoxazone Tablets.
Each tablet contains: Diclofenac Sodium BP 50 mg, Paracetamol BP  325 mg, Chlorzoxazone USP 250 mg, Excipients q.s.",https://admin.greenbook.nafdac.gov.ng/uploadImage/smpc_files/2023/10/09/2023100969a10a79-3fae-5f4e-891d-594a3a4d5995.pdf,,https://greenbook.nafdac.gov.ng/products/details/6262,2026-09-29T10:52:30.242228+00:00
Greenbook NAFDAC,4008,8727,Letromine 2.5 mg Tablet**,1,Drugs,"{'id': 1, 'name': 'Drugs', 'created_at': '-000001-11-30T00:00:00.000000Z', 'updated_at': '2022-03-17T16:53:12.000000Z', 'deleted_at': None}",747,Letrozole,,A4-101022,1,Tablet,1,Oral,2.5 mg,140,Carrot-Top Drugs Ltd,2024-09-25,2029-09-24,Active,Film-coated tablet,1 x 10&#039;s (in Alu-PVC blister),"Each film coated tablet contains: Letrozole 2.5 mg, Excipients q.s.
Colour: Yellow Oxide of Iron &amp; Titanium Dioxide",https://admin.greenbook.nafdac.gov.ng/uploadImage/smpc_files/2024/11/04/20241104a96d9d98-1963-51aa-987f-be6dbf981ad7.pdf,L02BG04,https://greenbook.nafdac.gov.ng/products/details/8727,2026-09-29T10:52:30.242228+00:00
Greenbook NAFDAC,4009,5190,Letrozole 2.5mg Tablet**,1,Drugs,"{'id': 1, 'name': 'Drugs', 'created_at': '-000001-11-30T00:00:00.000000Z', 'updated_at': '2022-03-17T16:53:12.000000Z', 'deleted_at': None}",747,Letrozole,, B4-7680,1,Tablet,1,Oral,2.5 mg,250,Novartis Nigeria Limited,2023-05-25,2028-05-24,Active,Film coated tablet,3 x 10&#039;s,Letrozole 2.5 mg,https://admin.greenbook.nafdac.gov.ng/uploadImage/smpc_files/2023/08/23/202308238fd03dc3-0e40-5c68-955e-661e4919484d.pdf,L02BG04,https://greenbook.nafdac.gov.ng/products/details/5190,2026-09-29T10:52:30.242228+00:00
Greenbook NAFDAC,4010,6929,Letrozole USP 2.5 mg**,1,Drugs,"{'id': 1, 'name': 'Drugs', 'created_at': '-000001-11-30T00:00:00.000000Z', 'updated_at': '2022-03-17T16:53:12.000000Z', 'deleted_at': None}",747,Letrozole,,B4-7740,1,Tablet,1,Oral,2.5 mg,1063,Hetero Labs Nigeria Limited,2023-12-21,2028-12-20,Active,"Film coated tablet.
Dark yellow coloured, round shaped, slightly biconvex bevel edged film coated tablets debossed with ‘5’ on one side and ‘H’ on the other side",1 x 30&#039;s (in HDPE bottle),"Letrozole Tablets USP 2.5 mg.
Each film coated tablet contains: Letrozole USP 2.5 mg",https://admin.greenbook.nafdac.gov.ng/uploadImage/smpc_files/2024/01/01/2024010185687801-bb6c-555a-b5d9-7518df896797.pdf,L02BG04,https://greenbook.nafdac.gov.ng/products/details/6929,2026-09-29T10:52:30.242228+00:00
Greenbook NAFDAC,4011,10239,Levastor 10 mg Tablet##,1,Drugs,"{'id': 1, 'name': 'Drugs', 'created_at': '-000001-11-30T00:00:00.000000Z', 'updated_at': '2022-03-17T16:53:12.000000Z', 'deleted_at': None}",300,Atorvastatin (Atorvastatin Calcium),,B4-3220,1,Tablet,1,Oral,10 mg,37,Biomedicine Sckivs Pharmaceutical Nigeria Limited,2021-01-28,2026-01-27,Inactive,"Tablet
White colored round-shaped, biconvex, film coated tablets",3 x 10&#039;s (in Alu-Alu blisters),Each tablet contains: Atorvastatin Calcium USP equivalent to Atorvastatin Base 10 mg,https://admin.greenbook.nafdac.gov.ng/uploadImage/smpc_files/2024/09/27/20240927a4008086-4a12-5beb-8fc3-1d1e4393c782.pdf,C10AA05,https://greenbook.nafdac.gov.ng/products/details/10239,2026-09-29T10:52:30.242228+00:00
Greenbook NAFDAC,4012,10240,Levastor 20 mg Tablet##,1,Drugs,"{'id': 1, 'name': 'Drugs', 'created_at': '-000001-11-30T00:00:00.000000Z', 'updated_at': '2022-03-17T16:53:12.000000Z', 'deleted_at': None}",300,Atorvastatin (Atorvastatin Calcium),,B4-3737,1,Tablet,1,Oral,20 mg,37,Biomedicine Sckivs Pharmaceutical Nigeria Limited,2021-01-28,2026-01-27,Inactive,"Tablet
White colored round-shaped, biconvex, film coated tablets",3 x 10&#039;s (in Alu-Alu blisters),"Each tablet contains: Atorvastatin Calcium USP equivalent to Atorvastatin Base 20 mg
Excipients q.s.",https://admin.greenbook.nafdac.gov.ng/uploadImage/smpc_files/2024/09/27/20240927f2491564-8abc-50a5-8af5-056f85147fbe.pdf,C10AA05,https://greenbook.nafdac.gov.ng/products/details/10240,2026-09-29T10:52:30.242228+00:00
Greenbook NAFDAC,4013,11745,Leveget Tablet 250 mg_,1,Drugs,"{'id': 1, 'name': 'Drugs', 'created_at': '-000001-11-30T00:00:00.000000Z', 'updated_at': '2022-03-17T16:53:12.000000Z', 'deleted_at': None}",37,Levetiracetam,,A4-101478,1,Tablet,1,Oral,250 mg,181,Getz Pharma Nigeria Limited,2025-08-27,2030-08-26,Active,"Tablet.
Light-orange colored, oblong-shaped, biconvex, film-coated tablet, plain on both sides",3 x 10&#039;s (in Alu-PVC blisters),"Each film-coated tablet contains: Levetiracetam USP 250 mg
Excipients q.s.",https://admin.greenbook.nafdac.gov.ng/uploadImage/smpc_files/2025/10/24/202510242974b1b0-b71b-571e-8526-baaac77b3a74.pdf,N03AX14,https://greenbook.nafdac.gov.ng/products/details/11745,2026-09-29T10:52:30.242228+00:00
Greenbook NAFDAC,4014,7445,Lever 30 Injection## (check pack size),1,Drugs,"{'id': 1, 'name': 'Drugs', 'created_at': '-000001-11-30T00:00:00.000000Z', 'updated_at': '2022-03-17T16:53:12.000000Z', 'deleted_at': None}",541,Artesunate,,A4-100746,40,Injection,29,Intravenous; Intramuscular,30 mg,179,Geneith Pharmaceuticals Limited,2024-02-28,2029-02-27,Active,"Powder for Injection

11	NF-PP-344346	LEVER 30 INJECTION	ARTESUNATE 30 MG	ARTESUNATE 30MG EXCIPIENTS: SODIUM BICARBONATE USP 5% W/V SODIUM CHLORIDE USP 0.9% W/V STERILIZED WATER FOR INJECTION USP Q.S	A4-100746	Drugs	Imported Products	1*1VIAL	POM 2	7/24/2023	GENEITH PHARMACEUTICALS LIMITED, 12 ADEWALE CRESCENT, OFF EWENLA STREET, OSHODI, ISOLO, LAGOS.	8122912281	ngouzoamaka@yahoo.com	Samrudh Pharmaceuticals Limited, J-174, MIDC, Tarapur, Bhosari, District, Thane, India, India
														
														
														
														
														
														
",1 x 1 vial + 0.5 mL ampoule + 2.5 mL ampoule,"Each combipack contains:

Artesunate Injection 30 mg
Each vial contains: Artesunate 30 mg

Sodium Bicarbonate Injection USP
Each 0.5 mL ampoule contains: Sodium Bicarbonate USP 5% w/v, Water for Injection USP q.s. 

Sodium Chloride Injection USP
Each 2.5 mLampoule contains: Sodium Chloride USP 0.9% w/v, Water for Injection USP q.s.",https://admin.greenbook.nafdac.gov.ng/uploadImage/smpc_files/2024/03/23/202403239ca4412b-eb0e-534a-aa35-82d59d8b0d99.pdf,P01BE03,https://greenbook.nafdac.gov.ng/products/details/7445,2026-09-29T10:52:30.242228+00:00
Greenbook NAFDAC,4015,10695,Levocetirizine Dihydrochloride Syrup 2.5 mg/5 mL##,1,Drugs,"{'id': 1, 'name': 'Drugs', 'created_at': '-000001-11-30T00:00:00.000000Z', 'updated_at': '2022-03-17T16:53:12.000000Z', 'deleted_at': None}",417,Levocetirizine Dihydrochloride,,C4-0067,103,Syrup,1,Oral,2.5 mg/5 mL,741,Unosource Pharma Nigeria Limited,2024-07-31,2029-07-30,Active,Syrup,1 x 30 mL (in amber PET bottle),"Each 5 mL syrup contains: Levocetirizine Dihydrochloride 2.5 mg, Flavored Syrupy Base q.s.
Excipients q.s.
Color: Quinoline Yellow WS",https://admin.greenbook.nafdac.gov.ng/uploadImage/smpc_files/2024/11/30/2024113037a8fc61-5845-5336-b533-0e58287ad8b3.pdf,R06AE09,https://greenbook.nafdac.gov.ng/products/details/10695,2026-09-29T10:52:30.242228+00:00
Greenbook NAFDAC,4016,6263,Levodixin Caplets##,1,Drugs,"{'id': 1, 'name': 'Drugs', 'created_at': '-000001-11-30T00:00:00.000000Z', 'updated_at': '2022-03-17T16:53:12.000000Z', 'deleted_at': None}",464,Levofloxacin (Levofloxacin Hemihydrate),,B4-6520,108,Caplet,1,Oral,500 mg,1099,DIATECH PHARMACEUTICAL LIMITED,2023-04-26,2028-04-25,Active,"Caplet

LEVODIXIN CAPLETS	LEVOFLOXACIN 500MG	LEVOFLOXACIN HYDROCHLORIDE EQV TO LEVOFLOXACIN 500MG, MICROCRYSTALLINE CELLULOSE 113.6MG, SODIUM STARCH GLYCOLATE 68.2MG, ETHANOL 122.7MG, POVIDONE K30 340.9MG, MAGNESIUM STEARATE 5.7MG, PURIFIED WATER 71.6MG	B4-6520	Drugs	Imported Products	2*7	Prescription Only Medicine (POM)	12/08/2021	DAITECH PHARMACEUTICALS LTD, BLOCK B4, COUNTESS COURT, MABUSHI, ABUJA, FCT, NIGERIA	92919163	daitechpharma@gmail.com	JIANGSU PENGYAO PHARM CO. LTD, 10, CHAQUAN ROAD, YIXING CITY, JIANGSU PROVINCE CHINA, India",2 x 7&#039;s ,"Each caplet contains: Levodixin Capsule 500 mg
Excipients q.s.",https://admin.greenbook.nafdac.gov.ng/uploadImage/smpc_files/2025/03/25/20250325024ff68f-8049-51fb-83fc-ba8567d81fe5.pdf,J01MA12,https://greenbook.nafdac.gov.ng/products/details/6263,2026-09-29T10:52:30.242228+00:00
Greenbook NAFDAC,4017,10735,Levofloxacin 500 mg Tablets##,1,Drugs,"{'id': 1, 'name': 'Drugs', 'created_at': '-000001-11-30T00:00:00.000000Z', 'updated_at': '2022-03-17T16:53:12.000000Z', 'deleted_at': None}",2184,Levofloxacin,,A4-101242,1,Tablet,1,Oral,500 mg ,1665,Arepharm &amp; Agrovet Ltd,2025-04-30,2030-04-29,Active,"Tablet

LEVOFLOXACIN 500MG  TABLETS  	Levofloxacin  500mg	&quot;LEVOFLOXACIN 500MG, LACTOSE MONOHYDRATE 59.79MG, MAIZE STARCH 34.49MG, MAIZE STARCH 28.41MG,
POVIDONE (K 30) 5.00MG, METHYL HYDROXYBENZOATE 0.38MG, PROPYL HYDROXYBENZOATE 0.09MG, PURIFIED WATER, PURIFIED TALC 7.95MG, MAGNESIUM STEARATE 5.00MG, CROSCARMELLOSE SODIUM 19.89MG, COLLOIDAL ANHYDROUS SILICA 5.00MG, HYPROMELLOSE (15 CPS) 9.00MG, TITANIUM DIOXIDE 1.50MG, PURIFIED TALC 4.00MG, MACROGOL 6000 0.90MG, SUNSET YELLOW LAKE 0.60MG, PURIFIED WATER Q.S
&quot;	A4-101242	Drugs	Imported Product	10X1x10	28-10-2024	AREPHARM &amp; AGROVET LTD, NO.46/47, ILACO HOUSE IGBO ROAD, KANO	09058929158	arepharmandagrovetltd@gmail.com	IMPULSE PHARMA PVT  LTD, PLOT NO. J-201, J-202/1, MIDC TARAPUR, BOISAR, TAL &amp; DIST. PALGHAR - 401 506, MAHARASHTRA, INDIA
",1 x 10&#039;s (in Alu-Alu blister),"Each tablet contains: Levofloxacin 500 mg
Excipients q.s.
Approved color used",https://admin.greenbook.nafdac.gov.ng/uploadImage/smpc_files/2025/05/21/202505210cf66ee0-4183-512f-97e0-d6a7427353da.pdf,J01MA12,https://greenbook.nafdac.gov.ng/products/details/10735,2026-09-29T10:52:30.242228+00:00
Greenbook NAFDAC,4018,3790,Levofloxacin Hemihydrate USP 500 mg##,1,Drugs,"{'id': 1, 'name': 'Drugs', 'created_at': '-000001-11-30T00:00:00.000000Z', 'updated_at': '2022-03-17T16:53:12.000000Z', 'deleted_at': None}",464,Levofloxacin (Levofloxacin Hemihydrate),,B4-5170,1,Tablet,1,Oral,500 mg,753,Axiom Drugs Ltd,2021-03-29,2026-03-28,Inactive,Tablet,,Each tablet contains: Levofloxacin Hemihydrate USP equivalent to Levofloxacin 500 mg,,J01MA12,https://greenbook.nafdac.gov.ng/products/details/3790,2026-09-29T10:52:30.242228+00:00
Greenbook NAFDAC,4019,11746,Levofloxacin Infusion_,1,Drugs,"{'id': 1, 'name': 'Drugs', 'created_at': '-000001-11-30T00:00:00.000000Z', 'updated_at': '2022-03-17T16:53:12.000000Z', 'deleted_at': None}",464,Levofloxacin (Levofloxacin Hemihydrate),,C4-0262,43,Intravenous infusion,12,Intravenous,500 mg,645,Fexona Pharmaceuticals Co Ltd,2025-08-27,2030-08-26,Active,"Intravenous Injection.
Light-yellow colored solution filled in transparent FFS bottle",1 × 100 mL (in bottle),"Each 100 mL contains: Levofloxacin Hemihydrate equiv. to Levofloxacin base 500 mg, Sodium Chloride 0.9% w/v, Water for Injection q.s",https://admin.greenbook.nafdac.gov.ng/uploadImage/smpc_files/2025/10/23/20251023a51526e7-cbdd-5704-bb69-af7010d67f13.pdf,J01MA12,https://greenbook.nafdac.gov.ng/products/details/11746,2026-09-29T10:52:30.242228+00:00
Greenbook NAFDAC,4020,3791,Levofloxacin Tablet##,1,Drugs,"{'id': 1, 'name': 'Drugs', 'created_at': '-000001-11-30T00:00:00.000000Z', 'updated_at': '2022-03-17T16:53:12.000000Z', 'deleted_at': None}",464,Levofloxacin (Levofloxacin Hemihydrate),,C4-1373,1,Tablet,1,Oral,500 mg,470,Nafro Pharma Nigeria Limited,2020-12-21,2025-12-20,Inactive,Tablet,,Each tablet contains: Levofloxacin Hemihydrate equivalent to Levofloxacin 500 mg,,J01MA12,https://greenbook.nafdac.gov.ng/products/details/3791,2026-09-29T10:52:30.242228+00:00
Greenbook NAFDAC,4021,10241,Levofloxacin Tablet**,1,Drugs,"{'id': 1, 'name': 'Drugs', 'created_at': '-000001-11-30T00:00:00.000000Z', 'updated_at': '2022-03-17T16:53:12.000000Z', 'deleted_at': None}",464,Levofloxacin (Levofloxacin Hemihydrate),,C4-1910,1,Tablet,1,Oral,500 mg,1248,PKN Pharmaceuticals Limited,2021-10-28,2026-10-27,Active,Tablet,1 x 10&#039;s (in blister),Each tablet contains: Levofloxacin Hemihydrate USP 500 mg,,J01MA12,https://greenbook.nafdac.gov.ng/products/details/10241,2026-09-29T10:52:30.242228+00:00
Greenbook NAFDAC,4022,3793,Levofloxacin Tablets##,1,Drugs,"{'id': 1, 'name': 'Drugs', 'created_at': '-000001-11-30T00:00:00.000000Z', 'updated_at': '2022-03-17T16:53:12.000000Z', 'deleted_at': None}",464,Levofloxacin (Levofloxacin Hemihydrate),,C4-1397,1,Tablet,1,Oral,500 mg,367,Excel Charis Pharmaceutical Chemical Limited,2020-12-21,2025-12-20,Inactive,Tablet,,Each tablet contains: Levofloxacin Hemihydrate equivalent to Levofloxacin 500 mg,https://admin.greenbook.nafdac.gov.ng/uploadImage/smpc_files/2025/04/18/20250418fd5922a3-61a5-59f0-9022-e2c945a5128f.pdf,J01MA12,https://greenbook.nafdac.gov.ng/products/details/3793,2026-09-29T10:52:30.242228+00:00
Greenbook NAFDAC,4023,10697,Levofloxacin##,1,Drugs,"{'id': 1, 'name': 'Drugs', 'created_at': '-000001-11-30T00:00:00.000000Z', 'updated_at': '2022-03-17T16:53:12.000000Z', 'deleted_at': None}",464,Levofloxacin (Levofloxacin Hemihydrate),,B4-7846,1,Tablet,1,Oral,500 mg,602,Derm Pharmaceuticals Limited,2024-11-22,2029-11-21,Active,"Tablet
White, capsule-shaped, biconvex, film coated tablets, having break line on one side",1 x 10&#039;s (in AIu-AIu blister),"Each film coated tablet contains: Levofloxacin Hemihydrate USP equivalent to Levofloxacin Base 500 mg
Excipients q.s.
Color: Titanium Dioxide B.P, Red Oxide of Iron",https://admin.greenbook.nafdac.gov.ng/uploadImage/smpc_files/2024/12/18/2024121889a55280-2a01-5e69-80c4-3c40c54904c6.pdf,J01MA12,https://greenbook.nafdac.gov.ng/products/details/10697,2026-09-29T10:52:30.242228+00:00
Greenbook NAFDAC,4024,10699,Levofloxacin##,1,Drugs,"{'id': 1, 'name': 'Drugs', 'created_at': '-000001-11-30T00:00:00.000000Z', 'updated_at': '2022-03-17T16:53:12.000000Z', 'deleted_at': None}",464,Levofloxacin (Levofloxacin Hemihydrate),,C4-0433,1,Tablet,1,Oral,500 mg,812,Cemcee Pharmaceuticals Ltd,2024-11-22,2029-11-21,Active,Tablet,10 x 10&#039;s (in PVC-Alu blisters),"Each film coated tablet contains: Levofloxacin Hemihydrate USP equivalent to Levofloxacin Base 500 mg
Excipients q.s.
Approved color used",https://admin.greenbook.nafdac.gov.ng/uploadImage/smpc_files/2024/12/18/202412186f92a445-9258-553f-bd02-6c808ee3c528.pdf,J01MA12,https://greenbook.nafdac.gov.ng/products/details/10699,2026-09-29T10:52:30.242228+00:00
Greenbook NAFDAC,4025,3792,Levoforte Tablets##,1,Drugs,"{'id': 1, 'name': 'Drugs', 'created_at': '-000001-11-30T00:00:00.000000Z', 'updated_at': '2022-03-17T16:53:12.000000Z', 'deleted_at': None}",464,Levofloxacin (Levofloxacin Hemihydrate),,B4-0622,1,Tablet,1,Oral,500 mg,424,Mankind Life-Sciences Limited,2020-12-21,2025-12-20,Inactive,Tablet,,Each tablet contains: Levofloxacin Hemihydrate equivalent to Levofloxacin 500 mg,,J01MA12,https://greenbook.nafdac.gov.ng/products/details/3792,2026-09-29T10:52:30.242228+00:00
Greenbook NAFDAC,4026,1469,Levomark Infusion##,1,Drugs,"{'id': 1, 'name': 'Drugs', 'created_at': '-000001-11-30T00:00:00.000000Z', 'updated_at': '2022-03-17T16:53:12.000000Z', 'deleted_at': None}",464,Levofloxacin (Levofloxacin Hemihydrate),,B4-4011,114,Solution for infusion,12,Intravenous,500 mg/100 mL,220,Mark Pharmaceutical Limited,2021-09-28,2026-09-27,Inactive,"Solution for Infusion
A clear yellow or greenish-yellow solution
",1 x 100 mL (in HDPE bottle),"Each mL contains: Levofloxacin 5 mg (500 mg/100 mL)
Excipients q.s.",https://admin.greenbook.nafdac.gov.ng/uploadImage/smpc_files/2023/05/28/202305285a466350-3a48-541e-8bea-6bc3d10a9433.pdf,J01MA12,https://greenbook.nafdac.gov.ng/products/details/1469,2026-09-29T10:52:30.242228+00:00
Greenbook NAFDAC,4027,10324,Levomax Tablets##,1,Drugs,"{'id': 1, 'name': 'Drugs', 'created_at': '-000001-11-30T00:00:00.000000Z', 'updated_at': '2022-03-17T16:53:12.000000Z', 'deleted_at': None}",464,Levofloxacin (Levofloxacin Hemihydrate),,A4-1181,1,Tablet,1,Oral,500 mg,270,Pharmgate Healthcare Limited,2021-02-25,2026-02-24,Inactive,"Film Coated Tablets
White to off-white colored, caplet shaped, film-coated tablet having a break line on one side of the tablet",1 x 10&#039;s (in Alu-Alu blister),"Each film coated tablet contains: Levofloxacin Hemihydrate equivalent to Levofloxacin Base 500 mg
Excipients q.s.",https://admin.greenbook.nafdac.gov.ng/uploadImage/smpc_files/2024/07/22/20240722c360da80-77fc-5cda-adb9-26653026b581.pdf,J01MA12,https://greenbook.nafdac.gov.ng/products/details/10324,2026-09-29T10:52:30.242228+00:00
Greenbook NAFDAC,4028,387,Levomonte Syrup##,1,Drugs,"{'id': 1, 'name': 'Drugs', 'created_at': '-000001-11-30T00:00:00.000000Z', 'updated_at': '2022-03-17T16:53:12.000000Z', 'deleted_at': None}",418,Montelukast (Montelukast Sodium); Levocetirizine Dihydrochloride,,A11-100190,103,Syrup,1,Oral,4 mg/5 mL; 2.5 mg/5 mL,201,Jawa International Limited,2021-09-28,2026-09-27,Inactive,Syrup,,"Each 5 mL contains: Montelukast Sodium BP equivalent to Montelukast 4 mg, Levocetirizine Hydrochloride USP 2.5 mg",,R03DC53,https://greenbook.nafdac.gov.ng/products/details/387,2026-09-29T10:52:30.242228+00:00
Greenbook NAFDAC,4029,6264,Levostat Caplets##,1,Drugs,"{'id': 1, 'name': 'Drugs', 'created_at': '-000001-11-30T00:00:00.000000Z', 'updated_at': '2022-03-17T16:53:12.000000Z', 'deleted_at': None}",464,Levofloxacin (Levofloxacin Hemihydrate),,B4-2242,108,Caplet,1,Oral,500 mg,300,Sterling Biopharma Limited,2021-05-07,2026-05-06,Inactive,"Caplet

LEVOSTAT CAPLETS	LEVOFLOXACIN 500MG	LEVOFLOXACIN HEMIHYDRATE EQ. TO LEVOFLOXACIN USP 500MG. EXCIPIENTS...QS.	B4-2242	Drugs	Imported Products	1x10PACKS	Prescription Only Medicine (POM)	07/07/2022	STERLING BIOPHARMA LIMITED, ,FEMI ASIWAJU CLOSE OJODU ESTATE OJODU LAGOS	8070627212	sterlingbiopharma@yahoo.com	STALLION LABORATORIES PVT. LTD, C1B, 305,2,3,4&amp;5 GIDC, KERALA (BAVLA) DIST: AHMEDABAD (GUJARAT) INDIA., India",1 x 10&#039;s,"Each film coated tablet contains: Levofloxacin Hemihydrate USP equivalent  to Levofloxacin 500 mg
Excipients q.s.
Color: Red oxide of Iron &amp; Titanium Dioxide BP ",https://admin.greenbook.nafdac.gov.ng/uploadImage/smpc_files/2023/09/29/202309293a254028-aba1-51d6-97ec-b6501921e205.PDF,J01MA12,https://greenbook.nafdac.gov.ng/products/details/6264,2026-09-29T10:52:30.242228+00:00
Greenbook NAFDAC,4030,10701,Levotama 500##,1,Drugs,"{'id': 1, 'name': 'Drugs', 'created_at': '-000001-11-30T00:00:00.000000Z', 'updated_at': '2022-03-17T16:53:12.000000Z', 'deleted_at': None}",464,Levofloxacin (Levofloxacin Hemihydrate),,A4-100973,1,Tablet,1,Oral,500 mg,306,Tamar &amp; Pharez Nig Ltd,2024-08-28,2029-08-27,Active,"Film Coated Tablet
Reddish Brown colored, elongated shape  biconvex film coated tablet having central break line on one side and plain on other side",1 x 10&#039;s (in Alu-Alu blisters),"Each tablet contains: Levofloxacin Hemihydrate equivalent to Levofloxacin Base 500 mg
Excipients q.s.",https://admin.greenbook.nafdac.gov.ng/uploadImage/smpc_files/2024/09/17/2024091716c46969-8239-5c1b-8d9d-5aa8bdc4e4f1.pdf,J01MA12,https://greenbook.nafdac.gov.ng/products/details/10701,2026-09-29T10:52:30.242228+00:00
Greenbook NAFDAC,4031,3794,Levotama-500 Tablets##,1,Drugs,"{'id': 1, 'name': 'Drugs', 'created_at': '-000001-11-30T00:00:00.000000Z', 'updated_at': '2022-03-17T16:53:12.000000Z', 'deleted_at': None}",464,Levofloxacin (Levofloxacin Hemihydrate),,C4-1500,1,Tablet,1,Oral,500 mg,306,Tamar &amp; Pharez Nig Ltd,2020-12-21,2025-12-20,Inactive,Tablet,,Each tablet contains: Levofloxacin Hemihydrate equivalent to Levofloxacin 500 mg,,J01MA12,https://greenbook.nafdac.gov.ng/products/details/3794,2026-09-29T10:52:30.242228+00:00
Greenbook NAFDAC,4032,389,Levotex Caplet 500 mg##,1,Drugs,"{'id': 1, 'name': 'Drugs', 'created_at': '-000001-11-30T00:00:00.000000Z', 'updated_at': '2022-03-17T16:53:12.000000Z', 'deleted_at': None}",464,Levofloxacin (Levofloxacin Hemihydrate),,B4-1975,108,Caplet,1,Oral,500 mg,261,Phamatex Nigeria Limited,2021-06-24,2026-06-23,Inactive,Caplet,,Each tablet contains: Levofloxacin Hemihydrate equivalent to Levofloxacin USP 500 mg,,J01MA12,https://greenbook.nafdac.gov.ng/products/details/389,2026-09-29T10:52:30.242228+00:00
Greenbook NAFDAC,4033,5192,Levothyroxine 50 Microgram Tablets##,1,Drugs,"{'id': 1, 'name': 'Drugs', 'created_at': '-000001-11-30T00:00:00.000000Z', 'updated_at': '2022-03-17T16:53:12.000000Z', 'deleted_at': None}",639,Levothyroxine Sodium,,A4-100420,1,Tablet,1,Oral,50 mcg,669,World Wide Commercial Ventures Ltd,2023-07-06,2028-07-05,Active,"Tablet
White, round biconvex tablets with score line on one side and marking &quot;50&quot; on the other side of the tablet. The score line is not intended for breaking the tablet

130	NF-PP-178881	LEVOTHYROXINE 50MICROGRAM TABLETS	LEVOTHYROXINE	LEVOTHYROXINE SODIUM 50MCG, MAIZE STARCH 56.110MG, MANNITOL E421 13MG, MAGNESIUM STEARATE 0.65MG, SODIUM CITRATE 26MG, ACACIA 1.95MG, MICROCRYSTALLINE CELLULOSE 32.24MG, PURIFIED WATER QS		Drugs	Imported Products	28TABLETS	POM 1	12/1/2020	WORLD WIDE COMMERCIAL VENTURES LTD, ILUPEJU INDUSTRIAL ESTATE ILUPEJU LAGOS	14526126	lucky.ubokor@worldwidehealthcare.com	PLIVA HRVATSKA D.O.O , PLIVA HRVATSKA D.O.O, PRILAZ BARUNA FILIPOVICA 25, ZAGREB, HR-10000, CROATIA, Croatia",1 x 28&#039;s (in PVC-Alu blisters),"Each tablet contains: Levothyroxine Sodium 500 mcg
Excipient(s) with known effect: Sodium 0.27 mmol (or 6.1 mg) per tablet. To be taken into consideration by patients on a controlled Sodium diet
Excipients q.s",https://admin.greenbook.nafdac.gov.ng/uploadImage/smpc_files/2023/10/04/20231004abaa83d1-d95d-5a78-b1ff-e777610d10ff.pdf,H03AA01,https://greenbook.nafdac.gov.ng/products/details/5192,2026-09-29T10:52:30.242228+00:00
Greenbook NAFDAC,4034,5866,Levotreat 500 mg Tablet##,1,Drugs,"{'id': 1, 'name': 'Drugs', 'created_at': '-000001-11-30T00:00:00.000000Z', 'updated_at': '2022-03-17T16:53:12.000000Z', 'deleted_at': None}",464,Levofloxacin (Levofloxacin Hemihydrate),,B4-0919,1,Tablet,1,Oral,500 mg,328,Vitborah Pharm Company Limited,2023-03-28,2028-03-27,Active,"Film Coated Tablets
White colored, capsule shaped, biconvex film coated tablets with a break line on both sides. The score line is only to facilitate breaking for ease of swallowing and not to divide into equal doses

68	RNW-PP-169596	LEVOTREAT 500MG TABLET	LEVOFLOXACIN	ACTIVE: LEVOFLOXACIN HEMIHYDRATE, EQ. TO LEVOFLOXACIN 500MG LIST OF EXCIPIENTS: (1) Crospovidone (2) Hypromellose (3) Microcrystalline cellulose (4) Sodium stearyl fumarate.	B4-0919	Drugs	ANTIINFECTIVES FOR SYSTEMIC USE	Imported Products	1*10	Prescription Only Medicine (POM)	12/13/2021	VITBORAH PHARM COMPANY LIMITED, LAYI OYEKANMI STREET , MUSHIN ISOLO LAGOS	7036395409	vitborahpharma@gmail.com	BRUSSELS LABORATORIES PVT LTD, NO. 33, CHANGODAR INDUSTRIAL ESTATE, SARKEJ- BAVLA ROAD, CHANGODA-382210 DIS AHMEDABAD, GUJARAT,INDIA., India",1 x 10&#039;s (in Alu-Alu blister),"Each film coated tablet contains: Levofloxacin Hemihydrate equivalent to Levofloxacin 500 mg
Excipients q.s.",https://admin.greenbook.nafdac.gov.ng/uploadImage/smpc_files/2023/09/24/20230924d5e1f1ed-39cd-5d57-ac76-7e15e51a385d.pdf,J01MA12,https://greenbook.nafdac.gov.ng/products/details/5866,2026-09-29T10:52:30.242228+00:00
Greenbook NAFDAC,4035,6271,Levotrim##,1,Drugs,"{'id': 1, 'name': 'Drugs', 'created_at': '-000001-11-30T00:00:00.000000Z', 'updated_at': '2022-03-17T16:53:12.000000Z', 'deleted_at': None}",464,Levofloxacin (Levofloxacin Hemihydrate),,B4-3736,98,Film coated tablet,1,Oral,500 mg,240,Nemel Pharmaceuticals Limited,2021-03-29,2026-03-28,Inactive,"Film Coated Tablet
Film coated caplet: white to off white capsule shaped, biconvex, film coated tablet embossed &quot;Nemel&quot; on one side and plain on the other side

163	Levofloxacin Hemihydrate	B4-3736	Levotrim	Levofloxacin, Microcrystalline Cellulose Mcc Ph, Croscarmellose Sodium, Povidone (Pvp K-), Colloidal Silicon Dioxide, Purified Water, Magnesium Stearate	Respiratory Drugs	Oral	500  mg,	Tablet, Film Coated	Prescription Only Medicine (Pom)	Nemel Pharmaceutical Industry	Nemel Pharmaceuticals Limited	Nigeria	2021-03-29	2026-03-28",1 x 10&#039;s (in Alu-Alu blister),"Each film coated caplet contains: Levofloxacin Hemihydrate USP equivalent to Levofloxacin base 500 mg
Excipients q.s",https://admin.greenbook.nafdac.gov.ng/uploadImage/smpc_files/2024/11/13/20241113636af274-6a52-5237-9f7f-d7cd77b70ff9.pdf,J01MA12,https://greenbook.nafdac.gov.ng/products/details/6271,2026-09-29T10:52:30.242228+00:00
Greenbook NAFDAC,4036,3795,Levoxin 500 Tablet##,1,Drugs,"{'id': 1, 'name': 'Drugs', 'created_at': '-000001-11-30T00:00:00.000000Z', 'updated_at': '2022-03-17T16:53:12.000000Z', 'deleted_at': None}",464,Levofloxacin (Levofloxacin Hemihydrate),,A4-100170,1,Tablet,1,Oral,500 mg,169,Evans Therapeutics Limited,2021-12-17,2026-12-16,Active,Tablet,,Each tablet contains: Levofloxacin Hemihydrate USP equivalent to Levofloxacin 500 mg,https://admin.greenbook.nafdac.gov.ng/uploadImage/smpc_files/2025/05/02/2025050265539153-d8fc-501c-a755-b2b1e909e8f2.pdf,J01MA12,https://greenbook.nafdac.gov.ng/products/details/3795,2026-09-29T10:52:30.242228+00:00
Greenbook NAFDAC,4037,3796,Levoxin 750 Tablets##,1,Drugs,"{'id': 1, 'name': 'Drugs', 'created_at': '-000001-11-30T00:00:00.000000Z', 'updated_at': '2022-03-17T16:53:12.000000Z', 'deleted_at': None}",464,Levofloxacin (Levofloxacin Hemihydrate),,A4-100169,1,Tablet,1,Oral,750 mg,169,Evans Therapeutics Limited,2021-12-17,2026-12-16,Active,Tablet,,Each tablet contains: Levofloxacin Hemihydrate USP equivalent to Levofloxacin 750 mg,https://admin.greenbook.nafdac.gov.ng/uploadImage/smpc_files/2025/05/02/2025050276db13ec-2fcb-55d9-bfd5-f4c39e3184ae.pdf,J01MA12,https://greenbook.nafdac.gov.ng/products/details/3796,2026-09-29T10:52:30.242228+00:00
Greenbook NAFDAC,4038,5193,Lexovin##,1,Drugs,"{'id': 1, 'name': 'Drugs', 'created_at': '-000001-11-30T00:00:00.000000Z', 'updated_at': '2022-03-17T16:53:12.000000Z', 'deleted_at': None}",464,Levofloxacin (Levofloxacin Hemihydrate),,C4-2015,1,Tablet,1,Oral,500 mg,828,Priya Pharmaceutical Nig Ltd,2022-09-29,2027-09-28,Active,Tablet,1 x 10&#039;s (in Alu-Alu blister pack),"Each tablet contains: Levofloxacin Hemihydrate as Levofloxacin 500 mg
Excipients q.s.",https://admin.greenbook.nafdac.gov.ng/uploadImage/smpc_files/2023/05/27/20230527a9163db5-ab74-5ad7-b67f-b4869462877c.pdf,J01MA12,https://greenbook.nafdac.gov.ng/products/details/5193,2026-09-29T10:52:30.242228+00:00
Greenbook NAFDAC,4039,10708,Leypril-10 Tablets##,1,Drugs,"{'id': 1, 'name': 'Drugs', 'created_at': '-000001-11-30T00:00:00.000000Z', 'updated_at': '2022-03-17T16:53:12.000000Z', 'deleted_at': None}",250,Lisinopril,,A4-100964,1,Tablet,1,Oral,10 mg,1323,LEYDON - PARAGON LIMITED,2024-07-31,2029-07-30,Active,"Tablet
White colored, round shape uncoated biconvex tablet having heart shape with &quot;10&quot; embossed on one side",2 x 14 (in PVC-Alu blisters),"Each uncoated tablet contains: Lisinopril (Dihydrate) USP equivalent to Lisinopril Base 10 mg
Excipients q.s.",https://admin.greenbook.nafdac.gov.ng/uploadImage/smpc_files/2024/09/14/20240914f7b49ce0-31d0-5a19-a09e-17f4bfb580ec.pdf,C09AA03,https://greenbook.nafdac.gov.ng/products/details/10708,2026-09-29T10:52:30.242228+00:00
Greenbook NAFDAC,4040,10710,Leypril-5 Tablets##,1,Drugs,"{'id': 1, 'name': 'Drugs', 'created_at': '-000001-11-30T00:00:00.000000Z', 'updated_at': '2022-03-17T16:53:12.000000Z', 'deleted_at': None}",250,Lisinopril,,A4-100963,1,Tablet,1,Oral,5 mg,1323,LEYDON - PARAGON LIMITED,2024-07-31,2029-07-30,Active,Tablet,2 x 14 (in PVC-Alu blisters),"Each uncoated tablet contains: Lisinopril (Dihydrate) USP equivalent to Lisinopril Base 5 mg
Excipients q.s.",https://admin.greenbook.nafdac.gov.ng/uploadImage/smpc_files/2024/09/14/202409145ba22477-9f6b-5460-a002-568e1fe4add3.pdf,C09AA03,https://greenbook.nafdac.gov.ng/products/details/10710,2026-09-29T10:52:30.242228+00:00
Greenbook NAFDAC,4041,581,Lialife Tablet 40 mg**,1,Drugs,"{'id': 1, 'name': 'Drugs', 'created_at': '-000001-11-30T00:00:00.000000Z', 'updated_at': '2022-03-17T16:53:12.000000Z', 'deleted_at': None}",227,Furosemide,Frusemide,B4-0180,1,Tablet,1,Oral,40 mg,1069,Value Life Pharmaceutical Limited,2021-10-28,2026-10-27,Active,"Uncoated Tablet.
White to off white, flat, uncoated tablets with beveled edges, debossed &quot;Lialife&quot; on one side and plain on the other side",1 x 10&#039;s (in PVC-Alu strip),"Each uncoated tablet contains: Frusemide BP 40 mg, Excipients q.s.",https://admin.greenbook.nafdac.gov.ng/uploadImage/smpc_files/2023/05/27/202305279e4be7b5-1712-5f42-b080-08effd9d0386.pdf,C03CA01,https://greenbook.nafdac.gov.ng/products/details/581,2026-09-29T10:52:30.242228+00:00
Greenbook NAFDAC,4042,11618,Libre Plus Tablet_,1,Drugs,"{'id': 1, 'name': 'Drugs', 'created_at': '-000001-11-30T00:00:00.000000Z', 'updated_at': '2022-03-17T16:53:12.000000Z', 'deleted_at': None}",2247,Tizanidine; Aceclofenac,,A4-101369,1,Tablet,1,Oral,4 mg; 100 mg ,884,Ralphones Pharmaceutical Company Limited,2025-06-25,2030-06-24,Active,Tablet,1 x 10&#039;s (in Alu-PVC blister),"Each tablet contains: Tizanidine 4 mg, and Aceclofenac 100 mg
Excipients q.s.",https://admin.greenbook.nafdac.gov.ng/uploadImage/smpc_files/2025/07/24/20250724f307bbdb-d86a-5f91-884b-f2f58983c4bb.pdf,,https://greenbook.nafdac.gov.ng/products/details/11618,2026-09-29T10:52:30.242228+00:00
Greenbook NAFDAC,4043,11152,Libre Tizanidine Tablets##,1,Drugs,"{'id': 1, 'name': 'Drugs', 'created_at': '-000001-11-30T00:00:00.000000Z', 'updated_at': '2022-03-17T16:53:12.000000Z', 'deleted_at': None}",110,Tizanidine (Tizanidine Hydrochloride),,C4-0141,1,Tablet,1,Oral,2 mg,884,Ralphones Pharmaceutical Company Limited,2025-04-30,2030-04-29,Active,"Tablet
Light yellow colored, round shaped, flat uncoated tablet having break line on one side and plain on other side",1 x 10&#039;s (in Alu-PVC blister),"Each tablet contains: Tizanidine Hydrochloride USP equivalent to Tizanidine 2 mg
Excipients q.s.",https://admin.greenbook.nafdac.gov.ng/uploadImage/smpc_files/2025/05/28/202505284fd134eb-b502-5638-838e-636902a838ef.pdf,M03BX02,https://greenbook.nafdac.gov.ng/products/details/11152,2026-09-29T10:52:30.242228+00:00
Greenbook NAFDAC,4044,5179,Licafur 250 mg Tablet##,1,Drugs,"{'id': 1, 'name': 'Drugs', 'created_at': '-000001-11-30T00:00:00.000000Z', 'updated_at': '2022-03-17T16:53:12.000000Z', 'deleted_at': None}",456,Cefuroxime (Cefuroxime Axetil),,B4-0099,1,Tablet,1,Oral,250 mg,332,Zolon Healthcare Limited,2023-07-06,2028-07-05,Active,"Tablet
White to slightly yellowish, biconvex, oblong tablets scored on both sides

33	CMS-PP-289965	LICAFUR 250MG TABLET	CEUFUROXIME AXETIL	CEFUROXIME AXETIL 250MG TABLET	B4-0099	Drugs	ANTIINFECTIVES FOR SYSTEMIC USE	Nigerian Products	1x10	POM 1	10/24/2022	ZOLON HEALTHCARE LIMITED, BLOCK A, ASWANI MARKET ROAD, ISOLO LAGOS	17391531	fuche-nwachi@emzorpharma.com	BAROQUE PHARMACEUTICALS PVT, LTD., , 192/2/3, SOKHADA-388620, TA. KHAMBHAT DISTRICT. ANAND, GUJARAT STATE, INDIA., India",1 x 10&#039;s (in Alu-Alu blister/strip),"Each 250 mg coated tablet contains: Licafur (as Axetil) 300.72 mg
Excipients q.s.",https://admin.greenbook.nafdac.gov.ng/uploadImage/smpc_files/2023/09/19/20230919fa3eeecc-7446-557e-9704-a22598ffec42.pdf,J01DC02,https://greenbook.nafdac.gov.ng/products/details/5179,2026-09-29T10:52:30.242228+00:00
Greenbook NAFDAC,4045,5184,Licafur 500 mg Tablet##,1,Drugs,"{'id': 1, 'name': 'Drugs', 'created_at': '-000001-11-30T00:00:00.000000Z', 'updated_at': '2022-03-17T16:53:12.000000Z', 'deleted_at': None}",456,Cefuroxime (Cefuroxime Axetil),,B4-0098,1,Tablet,1,Oral,500 mg,332,Zolon Healthcare Limited,2023-07-06,2028-07-05,Active,"Coated Tablets
White to slightly yellowish, biconvex, oblong tablets scored on both side

34	CMS-PP-289972	LICAFUR 500MG TABLET	CEUFUROXIME AXETIL	CEFUROXIME AXETIL 500MG	B4-0098	Drugs	ANTIINFECTIVES FOR SYSTEMIC USE	Nigerian Products	1x10	POM 1	10/24/2022	ZOLON HEALTHCARE LIMITED, BLOCK A, ASWANI MARKET ROAD, ISOLO LAGOS	17391531	fuche-nwachi@emzorpharma.com	BAROQUE PHARMACEUTICALS PVT. LTD, 192/2 &amp; 3, 190/1 &amp; 202/9, SOKHADA - 388 620, TAL. KHAMBHAT, DIST. ANAND (GUJARAT, INDIA, India",1 x 10&#039;s (in Alu-Alu blister/strip),"Each 250 mg coated tablet contains: Kezitil (as Axetil) 300.72 mg
Excipients q.s.",https://admin.greenbook.nafdac.gov.ng/uploadImage/smpc_files/2023/09/19/20230919ed75ab11-3c74-5555-826c-b1ad8a3ea9f6.pdf,J01DC02,https://greenbook.nafdac.gov.ng/products/details/5184,2026-09-29T10:52:30.242228+00:00
Greenbook NAFDAC,4046,5185,Licafur Suspension## (check pack size),1,Drugs,"{'id': 1, 'name': 'Drugs', 'created_at': '-000001-11-30T00:00:00.000000Z', 'updated_at': '2022-03-17T16:53:12.000000Z', 'deleted_at': None}",456,Cefuroxime (Cefuroxime Axetil),,A4-9912,102,Suspension,1,Oral,125 mg/5 mL,332,Zolon Healthcare Limited,2023-07-27,2028-07-26,Active,"Powder for Oral Suspension

LICAFUR SUSPENSION	CEUFUROXIME AXETIL	CEFUROXIME AXETIL 125MG/5ML	A4-9912	Drugs	ANTIINFECTIVES FOR SYSTEMIC USE	Nigerian Products	100ML	POM 1	24/10/2022	ZOLON HEALTHCARE LIMITED, BLOCK A, ASWANI MARKET ROAD, ISOLO LAGOS	17391531	fuche-nwachi@emzorpharma.com	BAROQUE PHARMACEUTICALS PVT. LTD, 192/2 &amp; 3, 190/1 &amp; 202/9, SOKHADA - 388 620, TAL. KHAMBHAT, DIST. ANAND (GUJARAT, INDIA, India",1 x 100 mL,"Each 5 mL contains: Cefuroxime Axetil 125 mg
Excipients q.s.",https://admin.greenbook.nafdac.gov.ng/uploadImage/smpc_files/2023/09/21/202309213ccc3243-560f-568f-b1ac-a7e7bd0d10cb.pdf,J01DC02,https://greenbook.nafdac.gov.ng/products/details/5185,2026-09-29T10:52:30.242228+00:00
Greenbook NAFDAC,4047,5864,Licogen Capsules##,1,Drugs,"{'id': 1, 'name': 'Drugs', 'created_at': '-000001-11-30T00:00:00.000000Z', 'updated_at': '2022-03-17T16:53:12.000000Z', 'deleted_at': None}",495,Lincomycin (Lincomycin Hydrochloride),,B4-8057,2,Capsule,1,Oral,500 mg,179,Geneith Pharmaceuticals Limited,2023-04-26,2028-04-25,Active,"Hard Gelatin Capsule
E.H..G  capsule size &quot;0&quot;, dark blue opaque cap and light blue opaque body with printed &quot;LINCO&quot; and &quot;500&quot; on capsule shells, filled with white to almost white crystalline powder

LICOGEN CAPSULES	LINCOMYCIN CAPSULES	LINCOMYCIN HYDROCHLORIDE B.P. 500MG EXCIPIENTS Q.S	B4-8057	Drugs	Imported Products	3X4	POM 2	01/11/2022	GENEITH PHARMACEUTICALS LIMITED, ADEWALE CRESCENT, OFF EWENLA STREET, OSHODI ISOLO LAGOS	8122912281	ngouzoamaka@yahoo.com	YANGZHOU NO 3 PHARMACEUTICAL CO., LTD, No.51, Guotai Road, Yiling Town, Jiangdu, China. No.51, Guotai Road, Yiling Town, Jiangdu, China., China",3 x 4&#039;s (in PVC-Alu packs),"Each capsule contains: Lincomycin Hydrochloride BP 500 mg
Excipients q.s.",https://admin.greenbook.nafdac.gov.ng/uploadImage/smpc_files/2023/09/25/20230925db02dec5-5afd-5eec-a7ed-e712ead31169.pdf,J01FF02,https://greenbook.nafdac.gov.ng/products/details/5864,2026-09-29T10:52:30.242228+00:00
Greenbook NAFDAC,4048,10479,Lidocain Hydrochloride & Adrenalin Injection##,1,Drugs,"{'id': 1, 'name': 'Drugs', 'created_at': '-000001-11-30T00:00:00.000000Z', 'updated_at': '2022-03-17T16:53:12.000000Z', 'deleted_at': None}",1977,Lidocain Hydrochloride; Adrenaline; Sodium Chloride; Methyl Paraben,,C4-1810,40,Injection,9,Intramuscular,20 mg; 0.005 mg; 6.0 mg; 1.0 mg,271,Phillips Pharmaceuticals (Nigeria) Limited,2021-08-26,2026-08-25,Inactive,"Injection
A colorless solution for injection",1 x 30 mL (in vial),"Each mL contains: Lidocaine Hydrochloride BP 21.3 mg equivalent to Anhydrous Lidocaine Hydrochloride 20 mg Adrenaline Bitartrate BP 0.009 mg equivalent to Adrenaline 0.005 mg
Excipients q.s.",https://admin.greenbook.nafdac.gov.ng/uploadImage/smpc_files/2024/11/22/2024112287ec0ae2-759a-5aeb-b807-91588af840ca.pdf,N01BB52,https://greenbook.nafdac.gov.ng/products/details/10479,2026-09-29T10:52:30.242228+00:00
Greenbook NAFDAC,4049,5180,Lidocaine Injection 2%##,1,Drugs,"{'id': 1, 'name': 'Drugs', 'created_at': '-000001-11-30T00:00:00.000000Z', 'updated_at': '2022-03-17T16:53:12.000000Z', 'deleted_at': None}",146,Lidocaine Hydrochloride,Lignocaine,C4-1288,40,Injection,31,Intravenous; Intramuscular; Subcutaneous,2%,367,Excel Charis Pharmaceutical Chemical Limited,2020-11-30,2025-11-29,Inactive,"Injection

Lidocaine Injection 2%	C4-1288	Lidocaine, Methyl Paraben	Local Anesthetic	Intramuscular/Intravenous/Subcutaneous	20 mg,1 mg	Injection	Prescription Only Medicine (Pom)	Excel Charis Pharm. Chem.Ltd	Ciron Drugs &amp; Pharma Pvt Ltd	India	30/11/2020	29/11/2025",,Lidocaine Injection 2% contains: Lidocaine Hydrochloride 2%,https://admin.greenbook.nafdac.gov.ng/uploadImage/smpc_files/2025/04/18/2025041889e7f9c6-fd96-534f-a758-5844f8134247.pdf,N01BB02,https://greenbook.nafdac.gov.ng/products/details/5180,2026-09-29T10:52:30.242228+00:00
Greenbook NAFDAC,4050,10216,Lidocaine Injection##,1,Drugs,"{'id': 1, 'name': 'Drugs', 'created_at': '-000001-11-30T00:00:00.000000Z', 'updated_at': '2022-03-17T16:53:12.000000Z', 'deleted_at': None}",146,Lidocaine Hydrochloride,Lignocaine,04-6855,107,Solution for injection,12,Intravenous,2% w/v,23,Alpha Pharmacy and Stores (Nig) Ltd,2021-09-28,2026-09-27,Inactive,Solution for Injection,1 x 25&#039;s (in vial),Each vial contains: Lidocaine 2% w/v,,N01BB02,https://greenbook.nafdac.gov.ng/products/details/10216,2026-09-29T10:52:30.242228+00:00
Greenbook NAFDAC,4051,11619,Life Vest Clarithromycin 500 mg Tablets_,1,Drugs,"{'id': 1, 'name': 'Drugs', 'created_at': '-000001-11-30T00:00:00.000000Z', 'updated_at': '2022-03-17T16:53:12.000000Z', 'deleted_at': None}",477,Clarithromycin,,A4-101364,1,Tablet,1,Oral,500 mg,1003,Life Vest Global Pharmacy Limited,2025-06-25,2030-06-24,Active,Tablet,1 x 10&#039;s (in Alu-Alu blister),"Each tablet contains: Clarithromycin 500 mg
Excipients q.s.",https://admin.greenbook.nafdac.gov.ng/uploadImage/smpc_files/2025/07/24/20250724797cb5c9-9f95-5234-a7dd-8561ea772182.pdf,J01FA09,https://greenbook.nafdac.gov.ng/products/details/11619,2026-09-29T10:52:30.242228+00:00
Greenbook NAFDAC,4052,11620,Life Vest Levofloxacin 500 mg Tablets_,1,Drugs,"{'id': 1, 'name': 'Drugs', 'created_at': '-000001-11-30T00:00:00.000000Z', 'updated_at': '2022-03-17T16:53:12.000000Z', 'deleted_at': None}",2184,Levofloxacin,,A4-101325,1,Tablet,1,Oral,500 mg,1003,Life Vest Global Pharmacy Limited,2025-05-27,2030-05-26,Active,Tablet,1 x 10&#039;s (in blister),"Each tablet contains: Levofloxacin 500 mg
Excipients q.s.",https://admin.greenbook.nafdac.gov.ng/uploadImage/smpc_files/2025/06/23/20250623cb20a583-f1f1-514e-9ab4-4b7f00857d3e.pdf,J01MA12,https://greenbook.nafdac.gov.ng/products/details/11620,2026-09-29T10:52:30.242228+00:00
Greenbook NAFDAC,4053,9990,Life Vest Loratadine Tablets_,1,Drugs,"{'id': 1, 'name': 'Drugs', 'created_at': '-000001-11-30T00:00:00.000000Z', 'updated_at': '2022-03-17T16:53:12.000000Z', 'deleted_at': None}",419,Loratadine,,A4-100913,1,Tablet,1,Oral,10 mg,1003,Life Vest Global Pharmacy Limited,2024-06-27,2029-06-26,Active,"Uncoated Tablets.

70	NF-PP-405169	Life Vest Loratadine Tablets	Loratadine USP 10mg	Loratadine USP 10mg, Lactose monohydrate, microcrystalline cellulose (E460), maize starch, magnesium stearate.	A4-100913	Drugs	Imported Products	10*10	OTC	2/7/2024	LIFE VEST GLOBAL PHARMACY LIMITED, 42, AJIBOLA CRESCENT, ALAPERE, KETU, LAGOS STATE, NIGERIA.	7015431928	mosesbourdillon@gmail.com	WINTECH PHARMACEUTICALS LTD, BROADWAY SHOPPING CENTER, Dr. AMBEDKAR ROAD DADAR, T T MUMBAI 400014 INDIA, India",1 x 10; 10 x 10 in Alu PVC blisters,Each uncoated tablet contains: Loratadine USP 10 mg,https://admin.greenbook.nafdac.gov.ng/uploadImage/smpc_files/2024/07/20/2024072038c8cdf5-5b64-578b-bcee-1bb6ab7eb5a5.pdf,R06AX13,https://greenbook.nafdac.gov.ng/products/details/9990,2026-09-29T10:52:30.242228+00:00
Greenbook NAFDAC,4054,4079,Lifeback Atorvastatin Tablets 10 mg##,1,Drugs,"{'id': 1, 'name': 'Drugs', 'created_at': '-000001-11-30T00:00:00.000000Z', 'updated_at': '2022-03-17T16:53:12.000000Z', 'deleted_at': None}",300,Atorvastatin (Atorvastatin Calcium),,B4-6457,1,Tablet,1,Oral,10 mg,214,LifeBack Pharmacy and Stores Limited,2021-12-16,2026-12-15,Active,"Tablet
Brown colored, circular slightly biconvex film coated tablets having alphabetic debossing of “LB” on one sided and other side scored on other side",,"Each film coated tablet contains: Atorvastatin Calcium USP equivalent to Atorvastatin 10 mg
Excipients q.s.
Color: Approved color used",https://admin.greenbook.nafdac.gov.ng/uploadImage/smpc_files/2024/09/19/202409198ec0bd1c-f01c-5fb9-861d-0e995e7a04b6.pdf,C10AA05,https://greenbook.nafdac.gov.ng/products/details/4079,2026-09-29T10:52:30.242228+00:00
Greenbook NAFDAC,4055,4080,Lifeback Atorvastatin Tablets 20 mg##,1,Drugs,"{'id': 1, 'name': 'Drugs', 'created_at': '-000001-11-30T00:00:00.000000Z', 'updated_at': '2022-03-17T16:53:12.000000Z', 'deleted_at': None}",300,Atorvastatin (Atorvastatin Calcium),,B4-6456,1,Tablet,1,Oral,20 mg,214,LifeBack Pharmacy and Stores Limited,2021-12-16,2026-12-15,Active,"Tablet
Yellow colored, Circular slightly biconvex film coated tablets having alphabetic debossing of “LB” on one side and other side scored on other side",3 x 10&#039;s (in Alu-Alu blisters),"Each film coated tablet contains: Atorvastatin Calcium USP equivalent to Atorvastatin 20 mg
Excipients q.s.
Color: Approved color used
",https://admin.greenbook.nafdac.gov.ng/uploadImage/smpc_files/2024/09/19/20240919a5535131-bd53-59f4-bca8-d584c67d3c51.pdf,C10AA05,https://greenbook.nafdac.gov.ng/products/details/4080,2026-09-29T10:52:30.242228+00:00
Greenbook NAFDAC,4056,3074,Lifeback Losartan Tablets 25 mg##,1,Drugs,"{'id': 1, 'name': 'Drugs', 'created_at': '-000001-11-30T00:00:00.000000Z', 'updated_at': '2022-03-17T16:53:12.000000Z', 'deleted_at': None}",263,Losartan Potassium,,B4-6424,1,Tablet,1,Oral,25 mg,214,LifeBack Pharmacy and Stores Limited,2021-12-16,2026-12-15,Active,"Film Coated Tablet
A yellow color circular biconvex film coated tablets with score on one side and &quot;LB&quot; debossing on other side of the tablet",3 x 10&#039;s (in Alu-Alu blisters),"Each film coated tablet contains: Losartan Potassium USP 25 mg
Excipients q.s.
Color: Approved color used",https://admin.greenbook.nafdac.gov.ng/uploadImage/smpc_files/2024/09/13/202409135db546a9-c7ef-513e-b20a-af0cd4649943.pdf,C09CA01,https://greenbook.nafdac.gov.ng/products/details/3074,2026-09-29T10:52:30.242228+00:00
Greenbook NAFDAC,4057,3075,Lifeback Losartan Tablets 50 mg##,1,Drugs,"{'id': 1, 'name': 'Drugs', 'created_at': '-000001-11-30T00:00:00.000000Z', 'updated_at': '2022-03-17T16:53:12.000000Z', 'deleted_at': None}",263,Losartan Potassium,,B4-6425,1,Tablet,1,Oral,50 mg,214,LifeBack Pharmacy and Stores Limited,2021-12-16,2026-12-15,Active,"Film Coated Tablet
A Red colored, circular, biconvex scoring on one side and debossing “LB” on another side film coated tablet",3 x 10&#039;s,"Each film coated tablet contains: Losartan Potassium USP 50 mg
Excipients q.s.
Color: Approved color used",https://admin.greenbook.nafdac.gov.ng/uploadImage/smpc_files/2024/09/13/20240913feccf94c-2191-573d-b4cd-42808cee946f.pdf,C09CA01,https://greenbook.nafdac.gov.ng/products/details/3075,2026-09-29T10:52:30.242228+00:00
Greenbook NAFDAC,4058,3857,Lifedrine##,1,Drugs,"{'id': 1, 'name': 'Drugs', 'created_at': '-000001-11-30T00:00:00.000000Z', 'updated_at': '2022-03-17T16:53:12.000000Z', 'deleted_at': None}",546,Proguanil (Proguanil Hydrochloride),,A4-4758,1,Tablet,1,Oral,100 mg,406,Life - Line Pharmaceuticals Ltd,2021-12-02,2026-12-01,Active,"Tablet
Scored, uncoated white tablet with &quot;P/P&quot; embossed on one side &amp; &quot;Lifeline&quot; on other side. The tablet can be divided into equal halves
",1 x 100&#039;s (in HDPE bottle),"Each tablet contains: Proguanil Tablets BP 100 mg
Excipients q.s.",https://admin.greenbook.nafdac.gov.ng/uploadImage/smpc_files/2023/05/27/20230527dcefc681-084d-509b-b16c-8c5460a40e9c.pdf,P01BB01,https://greenbook.nafdac.gov.ng/products/details/3857,2026-09-29T10:52:30.242228+00:00
Greenbook NAFDAC,4059,10713,Lifeflu Tablets##,1,Drugs,"{'id': 1, 'name': 'Drugs', 'created_at': '-000001-11-30T00:00:00.000000Z', 'updated_at': '2022-03-17T16:53:12.000000Z', 'deleted_at': None}",1237,Paracetamol; Phenylephrine; Chlorphenamine; Menthol,,A4-2594,1,Tablet,1,Oral,500 mg; 5 mg; 2 mg; 0.75 mg,453,Surelife Pharmaceutical Industries Limited,2024-06-27,2029-06-26,Active,Tablet,2 x 10&#039;s (in blisters),"Each uncoated tablet contains: Paracetamol BP 500 mg, Menthol BP 0.75 mg, Phenylephrine HCl BP 5 mg, Chlorpheniramine Maleate 2 mg
Excipients q.s.",https://admin.greenbook.nafdac.gov.ng/uploadImage/smpc_files/2024/07/20/202407206a4b816d-748d-596b-b066-b5011b9ebe6e.pdf,,https://greenbook.nafdac.gov.ng/products/details/10713,2026-09-29T10:52:30.242228+00:00
Greenbook NAFDAC,4060,6265,Lifeline Aminophylline Tablets**,1,Drugs,"{'id': 1, 'name': 'Drugs', 'created_at': '-000001-11-30T00:00:00.000000Z', 'updated_at': '2022-03-17T16:53:12.000000Z', 'deleted_at': None}",382,Aminophylline,,A4-5855,1,Tablet,1,Oral,100 mg,406,Life - Line Pharmaceuticals Ltd,2023-09-28,2028-09-27,Active,"Pale yellow, round uncoated tablets with the AMINO embossed logo on one side and BREAKLINE on the other side",1 x 1000&#039;s (in amber coloured HDPE PET bottle),Each tablet contains: Aminophylline anhydrous 100 mg,https://admin.greenbook.nafdac.gov.ng/uploadImage/smpc_files/2023/10/09/202310099581767a-02f3-573b-a742-22ccb504820b.pdf,R03DA05,https://greenbook.nafdac.gov.ng/products/details/6265,2026-09-29T10:52:30.242228+00:00
Greenbook NAFDAC,4061,4081,Lifeline Captopril 25 mg Tablets##,1,Drugs,"{'id': 1, 'name': 'Drugs', 'created_at': '-000001-11-30T00:00:00.000000Z', 'updated_at': '2022-03-17T16:53:12.000000Z', 'deleted_at': None}",222,Captopril,,A4-6728,1,Tablet,1,Oral,25 mg,406,Life - Line Pharmaceuticals Ltd,2020-12-21,2025-12-20,Inactive,Tablet,,Each tablet contains: Captopril 25 mg,,C09AA01,https://greenbook.nafdac.gov.ng/products/details/4081,2026-09-29T10:52:30.242228+00:00
Greenbook NAFDAC,4062,6287,Lifeline Dexamethasone Tablets**,1,Drugs,"{'id': 1, 'name': 'Drugs', 'created_at': '-000001-11-30T00:00:00.000000Z', 'updated_at': '2022-03-17T16:53:12.000000Z', 'deleted_at': None}",770,Dexamethasone,,A4-5794,1,Tablet,1,Oral,0.5 mg,406,Life - Line Pharmaceuticals Ltd,2023-09-28,2028-09-27,Active,"Tablet.
White, circular biconvex uncoated round and a diameter of 5.5 mm, embossed on one side and plain on other side",1 x 100&#039;s,"Dexamethasone Tablets BP 0.5 mg.
Each tablet contains: Dexamethasone BP 0.5 mg",https://admin.greenbook.nafdac.gov.ng/uploadImage/smpc_files/2023/10/09/202310096c870e2f-cb97-5683-905d-779f4cf3c2ac.pdf,H02AB02,https://greenbook.nafdac.gov.ng/products/details/6287,2026-09-29T10:52:30.242228+00:00
Greenbook NAFDAC,4063,121,Lifemotil Tablets##,1,Drugs,"{'id': 1, 'name': 'Drugs', 'created_at': '-000001-11-30T00:00:00.000000Z', 'updated_at': '2022-03-17T16:53:12.000000Z', 'deleted_at': None}",195,Loperamide Hydrochloride,,B4-0676,1,Tablet,1,Oral,2 mg,406,Life - Line Pharmaceuticals Ltd,2021-12-16,2026-12-15,Active,"Tablet
Light white colored round , uncoated tablets with on one side and score line on other side. The score line is only to facilitate breaking for ease of swallowing and not to divide into equal doses","1 x 12&#039;s, 1 x 30&#039;s (in PVC-Alu blisters)","Each tablet contains: Loperamide Hydrochloride 2 mg
Excipients with known effects: Lactose Monohydrate 100 mg, Sodium 0.32 mg
Excipients q.s.",https://admin.greenbook.nafdac.gov.ng/uploadImage/smpc_files/2023/05/27/20230527751b1d22-07f5-5836-8d9d-b329b14dc1fb.pdf,A07DA03,https://greenbook.nafdac.gov.ng/products/details/121,2026-09-29T10:52:30.242228+00:00
Greenbook NAFDAC,4064,10242,Lifenol Tablets##,1,Drugs,"{'id': 1, 'name': 'Drugs', 'created_at': '-000001-11-30T00:00:00.000000Z', 'updated_at': '2022-03-17T16:53:12.000000Z', 'deleted_at': None}",388,Salbutamol (Salbutamol Sulfate); Theophylline,,A4-1028,1,Tablet,1,Oral,2 mg; 120 mg,406,Life - Line Pharmaceuticals Ltd,2021-10-28,2026-10-27,Active,Tablet																																																																																																						,"10 x 10&#039;s, 1 x 500&#039;s","Each tablet contains: Salbutamol 2 mg, Theophylline 120 mg",,,https://greenbook.nafdac.gov.ng/products/details/10242,2026-09-29T10:52:30.242228+00:00
Greenbook NAFDAC,4065,6266,Lifesifed Tablets**,1,Drugs,"{'id': 1, 'name': 'Drugs', 'created_at': '-000001-11-30T00:00:00.000000Z', 'updated_at': '2022-03-17T16:53:12.000000Z', 'deleted_at': None}",413,Chlorphenamine Maleate,Chlorpheniramine Maleate, A4-5791,1,Tablet,1,Oral,4 mg,406,Life - Line Pharmaceuticals Ltd,2023-09-28,2028-09-27,Active,"Uncoated tablet.
Round, circular, biconvex, white tablets engraved with &#039;LIFESIFED&#039; on one side and plain on the other side",10 x 10&#039;s (in Alu-PVC blisters),Each uncoated tablet contains: Chlorphenamine maleate BP 4 mg,https://admin.greenbook.nafdac.gov.ng/uploadImage/smpc_files/2023/10/09/20231009f8d82a51-02dd-5c4a-ba38-8c0cc2281330.pdf,R06AB04,https://greenbook.nafdac.gov.ng/products/details/6266,2026-09-29T10:52:30.242228+00:00
Greenbook NAFDAC,4066,6267,Lifesix Tablet**,1,Drugs,"{'id': 1, 'name': 'Drugs', 'created_at': '-000001-11-30T00:00:00.000000Z', 'updated_at': '2022-03-17T16:53:12.000000Z', 'deleted_at': None}",227,Furosemide,Frusemide,B4-7720,1,Tablet,1,Oral,40 mg,406,Life - Line Pharmaceuticals Ltd,2023-09-28,2028-09-27,Active,"Uncoated tablet.
White to off white, flat, uncoated tablets with beveled edges, debossed &#039;LIFESIX&#039; on one side and plain on the other side",25 x 10&#039;s (in Alu-PVC blisters),Each uncoated tablet contains: Furosemide BP 40 mg,https://admin.greenbook.nafdac.gov.ng/uploadImage/smpc_files/2023/10/09/202310091fe88610-80ef-5067-821a-0f0e2a832b53.pdf,C03CA01,https://greenbook.nafdac.gov.ng/products/details/6267,2026-09-29T10:52:30.242228+00:00
Greenbook NAFDAC,4067,122,Lifevin-20 Capsules##,1,Drugs,"{'id': 1, 'name': 'Drugs', 'created_at': '-000001-11-30T00:00:00.000000Z', 'updated_at': '2022-03-17T16:53:12.000000Z', 'deleted_at': None}",91,Piroxicam,,B4-3325,2,Capsule,1,Oral,20 mg,406,Life - Line Pharmaceuticals Ltd,2021-12-16,2026-12-15,Active,Capsule,,Each capsule contains: Piroxicam 20 mg,,M01AC01,https://greenbook.nafdac.gov.ng/products/details/122,2026-09-29T10:52:30.242228+00:00
Greenbook NAFDAC,4068,8789,Lifmadol Forte Capsules**,1,Drugs,"{'id': 1, 'name': 'Drugs', 'created_at': '-000001-11-30T00:00:00.000000Z', 'updated_at': '2022-03-17T16:53:12.000000Z', 'deleted_at': None}",56,Tramadol Hydrochloride,,B4-0651,2,Capsule,1,Oral,100 mg,1069,Value Life Pharmaceutical Limited,2021-08-26,2026-08-25,Inactive,Capsule,100 x 10&#039;s,Tramadol Hydrochloride 100 mg,,N02AX02,https://greenbook.nafdac.gov.ng/products/details/8789,2026-09-29T10:52:30.242228+00:00
Greenbook NAFDAC,4069,10714,Lignocaine Gel##,1,Drugs,"{'id': 1, 'name': 'Drugs', 'created_at': '-000001-11-30T00:00:00.000000Z', 'updated_at': '2022-03-17T16:53:12.000000Z', 'deleted_at': None}",146,Lidocaine Hydrochloride,Lignocaine,A4-100994,29,Gel,21,Topical,2%,422,Maltobic Pharmaceutical Company Nigeria Limited,2024-08-28,2029-08-27,Active,"Topical Gel
Clear colorless gel",1 x 30 g (in syringe),"Lignocaine Gel contains: Lignocaine Hydrochloride 2% w/w
Excipients q.s.",https://admin.greenbook.nafdac.gov.ng/uploadImage/smpc_files/2024/11/30/20241130d517b062-4d14-5bc7-8c78-f425634019dc.pdf,D04AB01,https://greenbook.nafdac.gov.ng/products/details/10714,2026-09-29T10:52:30.242228+00:00
Greenbook NAFDAC,4070,11177,Limcee Syrup##,1,Drugs,"{'id': 1, 'name': 'Drugs', 'created_at': '-000001-11-30T00:00:00.000000Z', 'updated_at': '2022-03-17T16:53:12.000000Z', 'deleted_at': None}",346,Ascorbic Acid,Vitamin C,A11-100852,103,Syrup,1,Oral,100 mg/5 mL,468,Sagar Vitaceuticals Nigeria Ltd,2025-04-30,2030-04-29,Active,"Syrup
Orange colored sweet syrup with orange flavor filled in 100 mL Amber PET bottle with cap printed with &quot;SAGAR&quot; logo
",1 x 100 mL (in Amber PET bottle),"Each 5 mL contains: Ascorbic Acid BP 100 mg
Excipients q.s.",https://admin.greenbook.nafdac.gov.ng/uploadImage/smpc_files/2025/05/16/202505168b8790f8-730a-535d-a8cd-cff0ffe58f63.pdf,A11GA,https://greenbook.nafdac.gov.ng/products/details/11177,2026-09-29T10:52:30.242228+00:00
Greenbook NAFDAC,4071,4132,Limcee Tablets##,1,Drugs,"{'id': 1, 'name': 'Drugs', 'created_at': '-000001-11-30T00:00:00.000000Z', 'updated_at': '2022-03-17T16:53:12.000000Z', 'deleted_at': None}",346,Ascorbic Acid,Vitamin C,A11-100182,1,Tablet,1,Oral,100 mg,468,Sagar Vitaceuticals Nigeria Ltd,2021-08-27,2026-08-26,Inactive,"Tablet
Orange, circular, concave tablet with one side having a break line and the other embossed with &quot;SVNL&quot;",1 x 100&#039;s (in HDPE jar),"Each chewable tablet contains: Ascorbic Acid 100 mg
Excipients q.s.",https://admin.greenbook.nafdac.gov.ng/uploadImage/smpc_files/2025/01/16/202501169f1a9e7d-441b-5247-a193-441429fa462d.pdf,A11GA01,https://greenbook.nafdac.gov.ng/products/details/4132,2026-09-29T10:52:30.242228+00:00
Greenbook NAFDAC,4072,734,Limcee Tablets## (duplicate),1,Drugs,"{'id': 1, 'name': 'Drugs', 'created_at': '-000001-11-30T00:00:00.000000Z', 'updated_at': '2022-03-17T16:53:12.000000Z', 'deleted_at': None}",346,Ascorbic Acid,Vitamin C,A11-100182,6,Chewable tablet,1,Oral,100 mg,468,Sagar Vitaceuticals Nigeria Ltd,2021-08-27,2026-08-26,Inactive,"Chewable Tablet
Orange circular concave tablet with one side break-line and other side embossed with &quot;SVNL&quot;",1 x 100&#039;s (in HDPE jar),"Each chewable tablet contains: Ascorbic Acid 100 mg
Excipients q.s.",https://admin.greenbook.nafdac.gov.ng/uploadImage/smpc_files/2025/01/27/20250127853a962a-856c-5c90-8746-cbe47da776f8.pdf,A11GA01,https://greenbook.nafdac.gov.ng/products/details/734,2026-09-29T10:52:30.242228+00:00
Greenbook NAFDAC,4073,11621,Limcee White Tablets_,1,Drugs,"{'id': 1, 'name': 'Drugs', 'created_at': '-000001-11-30T00:00:00.000000Z', 'updated_at': '2022-03-17T16:53:12.000000Z', 'deleted_at': None}",346,Ascorbic Acid,Vitamin C,A11-100926,1,Tablet,1,Oral,100 mg,468,Sagar Vitaceuticals Nigeria Ltd,2025-07-30,2030-07-29,Active,"Tablet.
White, circular, concave tablet with a break-line on one side, and the other side embossed with &quot;SVNL&quot;",1 x 1000&#039;s (in HDPE jar),"Each tablet contains: Ascorbic Acid 100 mg
Excipients q.s.",https://admin.greenbook.nafdac.gov.ng/uploadImage/smpc_files/2025/08/29/20250829780b9bdc-53a4-5813-b951-cd29457d717e.pdf,A11GA01,https://greenbook.nafdac.gov.ng/products/details/11621,2026-09-29T10:52:30.242228+00:00
Greenbook NAFDAC,4074,5181,Limox Injectable Powder## (duplicate),1,Drugs,"{'id': 1, 'name': 'Drugs', 'created_at': '-000001-11-30T00:00:00.000000Z', 'updated_at': '2022-03-17T16:53:12.000000Z', 'deleted_at': None}",1546,Amoxicillin (Amoxicillin Trihydrate),Amoxycillin,A4-1611,40,Injection,9,Intramuscular,500 mg,625,Climax Pharmaceutical Chemist Limited,2021-12-02,2026-12-01,Active,"Injection

1279	Amoxicillin 	A4-1611	Limox Injectable Powder 	 Amoxicillin	Anti-Infectives	Injection Routes	500 mg	Injection	Prescription Only Medicine (Pom)	Climax Pharmaceutical Chemists Limited	Greenfield Pharmaceutical ( Jiang Su)Co., Ltd.	China	2021-12-02	2026-12-01",,Limox Injectable Powder contains: Amoxicillin (as Amoxcillin Trihydrate) 500 mg,,J01CA04,https://greenbook.nafdac.gov.ng/products/details/5181,2026-09-29T10:52:30.242228+00:00
Greenbook NAFDAC,4075,124,Limox Injectable Powder## (updates needed),1,Drugs,"{'id': 1, 'name': 'Drugs', 'created_at': '-000001-11-30T00:00:00.000000Z', 'updated_at': '2022-03-17T16:53:12.000000Z', 'deleted_at': None}",422,Amoxicillin (Amoxicillin Sodium),Amoxycillin,A4-1611,70,Powder for injection,12,Intravenous,500 mg,625,Climax Pharmaceutical Chemist Limited,2021-12-02,2026-12-01,Active,Powder for Injection,,Limox Injectable Powder contains: Amoxicillin Sodium equivalent Amoxicillin 500 mg,,J01CA04,https://greenbook.nafdac.gov.ng/products/details/124,2026-09-29T10:52:30.242228+00:00
Greenbook NAFDAC,4076,5147,Linafenac Tablets 550 mg##,1,Drugs,"{'id': 1, 'name': 'Drugs', 'created_at': '-000001-11-30T00:00:00.000000Z', 'updated_at': '2022-03-17T16:53:12.000000Z', 'deleted_at': None}",1549,Diclofenac Sodium; Paracetamol,,B4-7329,1,Tablet,1,Oral,50 mg; 500 mg,1191,Everliving Pharmacy Ltd,2023-07-06,2028-07-05,Active,"Tablet

72	RNW-PP-266507	LINAFENAC TABLETS 550MG	DICLOFENAC SODIUM, PARACETAMOL	ACTIVES: DICLOFENAC SODIUM BP 50MG PARACETAMOL BP 500MG EXCIPIENTS: 1. MAIZE STARCH BP 2. SODIUM STARCH GLYCOLATE BP 3. COLLOIDAL SILICON DIOXIDE BP 4. PROPYL PARABEN BP 5. MAGNESIUM STEARATE BP 6. P.V.P.K. 30 BP 7. PURIFIED TALC BP 8. COLOUR TARTRAZINE (SUPRA) HIS 9. KYRON T 314 IHS [SD]	B4-7329	Drugs	Imported Products	1*10	Prescription Only Medicine (POM)	5/26/2022	EVERLIVING PHARMACY LTD, IGWILO COMPOUND, AWKA ROAD OPPOSITE ATUMMADU FILLING STATION NANKA	8176449889	everlivingnw12@gmail.com	LESANTO LABORATORIES, PLOT NO. 9, 10, 11 &amp; 20, SURVEY NO 53, NEAR RAILWAY BRIDGE, THANE PALGHAR 401404 MAHARASHTRA, INDIA, India
",1 x 10&#039;s,"Each tablet contains: Diclofenac Sodium BP 50 mg, Paracetamol BP 500 mg
Excipients q.s.",,M01AB55,https://greenbook.nafdac.gov.ng/products/details/5147,2026-09-29T10:52:30.242228+00:00
Greenbook NAFDAC,4077,125,Linajen-M 2.5/1000 Tablet##,1,Drugs,"{'id': 1, 'name': 'Drugs', 'created_at': '-000001-11-30T00:00:00.000000Z', 'updated_at': '2022-03-17T16:53:12.000000Z', 'deleted_at': None}",1548,Metformin Hydrochloride; Linagliptin,,A4-100158,1,Tablet,1,Oral,1000 mg; 2.5 mg,512,Generix Global Investment Limited,2021-12-02,2026-12-01,Active,Tablet,,"Each tablet contains: Metformin Hydrochloride 1000 mg, Linagliptin 2.5 mg",,A10BD11,https://greenbook.nafdac.gov.ng/products/details/125,2026-09-29T10:52:30.242228+00:00
Greenbook NAFDAC,4078,126,Linajen-M 2.5/500 Tablet##,1,Drugs,"{'id': 1, 'name': 'Drugs', 'created_at': '-000001-11-30T00:00:00.000000Z', 'updated_at': '2022-03-17T16:53:12.000000Z', 'deleted_at': None}",1548,Metformin Hydrochloride; Linagliptin,,A4-100159,1,Tablet,1,Oral,500 mg; 2.5 mg,512,Generix Global Investment Limited,2021-12-02,2026-12-01,Active,"Tablet
Light orange colored, caplet shaped, standard bi-convex film coated tablet having both sides plain surface",3 x 10&#039;s (in Alu-Alu blisters),"Each tablet contains: Metformin Hydrochloride 500 mg, Linagliptin 2.5 mg",https://admin.greenbook.nafdac.gov.ng/uploadImage/smpc_files/2023/05/29/2023052977624a54-c9c3-5e2b-bd1a-c71f42720088.pdf,A10BD11,https://greenbook.nafdac.gov.ng/products/details/126,2026-09-29T10:52:30.242228+00:00
Greenbook NAFDAC,4079,10736,Lincobul Capsules##,1,Drugs,"{'id': 1, 'name': 'Drugs', 'created_at': '-000001-11-30T00:00:00.000000Z', 'updated_at': '2022-03-17T16:53:12.000000Z', 'deleted_at': None}",495,Lincomycin (Lincomycin Hydrochloride),,A4-8104,2,Capsule,1,Oral,500 mg,437,Mednoral Pharmaceutical Limited,2024-11-22,2029-11-21,Active,"Hard Gelatin Capsule

49	CMS-PP-442779	LINCOBUL CAPSULES	LINCOMYCIN HYDROCHLORIDE 500MG	ACTIVE: LINCOMYCIN HYDROCHLORIDE 500MG EXCIPIENTS: 1. Talc 2. Magnesium Stearate 3. Gelatin 4. Indigo Carmine 5. Titanium dioxide	272Jul-84	Drugs	Imported Products	3*4	Prescription Only Medicine (POM)	8/29/2024	MEDNORAL PHARMACEUTICAL LIMITED, NO. 12, CHRIS EBIE STREET, OFF AGO PALACE WAY, OKOTAL LAGOS STATE	33283730	mednoraln@gmail.com	ALLIAANCE BIOTECH, 440/3, VILL. KATHA, BADDI, DISTT. SOLAN (H.P), INDIA, India	",3 x 4&#039;s (in AIu-PVC blisters),"Each gelatin capsule contains:  Lincomycin Hydrochloride USP equivalent to Lincomycin 500 mg
Excipients: Lactose, Talc, Magnesium Stearate, Gelatin, Indigo Carmine, Titanium Dioxide",https://admin.greenbook.nafdac.gov.ng/uploadImage/smpc_files/2024/12/18/20241218bd8faaf0-68df-5de0-ac7a-963fc41189cc.pdf,J01FF02,https://greenbook.nafdac.gov.ng/products/details/10736,2026-09-29T10:52:30.242228+00:00
Greenbook NAFDAC,4080,582,Lincoclim##,1,Drugs,"{'id': 1, 'name': 'Drugs', 'created_at': '-000001-11-30T00:00:00.000000Z', 'updated_at': '2022-03-17T16:53:12.000000Z', 'deleted_at': None}",495,Lincomycin (Lincomycin Hydrochloride),,04-9888,2,Capsule,1,Oral,500 mg,625,Climax Pharmaceutical Chemist Limited,2021-05-28,2026-05-27,Inactive,Capsule,,Each capsule contains: Lincomycin Hydrochloride equivalent Lincomycin 500 mg,,J01FF02,https://greenbook.nafdac.gov.ng/products/details/582,2026-09-29T10:52:30.242228+00:00
Greenbook NAFDAC,4081,10243,Lincodon Capsules##,1,Drugs,"{'id': 1, 'name': 'Drugs', 'created_at': '-000001-11-30T00:00:00.000000Z', 'updated_at': '2022-03-17T16:53:12.000000Z', 'deleted_at': None}",495,Lincomycin (Lincomycin Hydrochloride),,04-6848,2,Capsule,1,Oral,500 mg,222,Maydon Pharmaceuticals Limited,2021-01-28,2026-01-27,Inactive,"Capsule
Hard capsule",3 x 4&#039;s,Each capsule contains: Lincomycin Hydrochloride equivalent to Lincomycin Base 500 mg,,J01FF02,https://greenbook.nafdac.gov.ng/products/details/10243,2026-09-29T10:52:30.242228+00:00
Greenbook NAFDAC,4082,1252,Lincokris Capsules## (check pack size),1,Drugs,"{'id': 1, 'name': 'Drugs', 'created_at': '-000001-11-30T00:00:00.000000Z', 'updated_at': '2022-03-17T16:53:12.000000Z', 'deleted_at': None}",495,Lincomycin (Lincomycin Hydrochloride),,B4-5262,2,Capsule,1,Oral,500 mg,370,Krishat Pharma Industries Limited,2021-09-28,2026-09-27,Inactive,Capsule,,Each capsule contains: Lincomycin Hydrochloride Monohydrate equivalent to Lincomycin 500 mg,https://admin.greenbook.nafdac.gov.ng/uploadImage/smpc_files/2023/05/28/202305285afd4f63-3f1a-5e37-814b-ddcea83bbecf.pdf,J01FF02,https://greenbook.nafdac.gov.ng/products/details/1252,2026-09-29T10:52:30.242228+00:00
Greenbook NAFDAC,4083,10244,Lincomycin Hydrochloride Capsule**,1,Drugs,"{'id': 1, 'name': 'Drugs', 'created_at': '-000001-11-30T00:00:00.000000Z', 'updated_at': '2022-03-17T16:53:12.000000Z', 'deleted_at': None}",495,Lincomycin (Lincomycin Hydrochloride),,C4-1909,2,Capsule,1,Oral,500 mg,1248,PKN Pharmaceuticals Limited,2021-10-28,2026-10-27,Active,Capsule,3 x 4&#039;s (in blisters),Each capsule contains: Lincomycin HCI USP 500 mg,,J01FF02,https://greenbook.nafdac.gov.ng/products/details/10244,2026-09-29T10:52:30.242228+00:00
Greenbook NAFDAC,4084,10245,Lincoric-500 Capsules##,1,Drugs,"{'id': 1, 'name': 'Drugs', 'created_at': '-000001-11-30T00:00:00.000000Z', 'updated_at': '2022-03-17T16:53:12.000000Z', 'deleted_at': None}",495,Lincomycin (Lincomycin Hydrochloride),,A4-0060,2,Capsule,1,Oral,500 mg,96,Richygold International Limited,2021-05-25,2026-05-24,Inactive,Hard Capsule,3 x 4&#039;s,Each capsule contains: Lincomycin Hydrochloride 500 mg,,J01FF02,https://greenbook.nafdac.gov.ng/products/details/10245,2026-09-29T10:52:30.242228+00:00
Greenbook NAFDAC,4085,7448,Lingomal 20/120 Tablets**,1,Drugs,"{'id': 1, 'name': 'Drugs', 'created_at': '-000001-11-30T00:00:00.000000Z', 'updated_at': '2022-03-17T16:53:12.000000Z', 'deleted_at': None}",528,Artemether; Lumefantrine,,A4-100524,1,Tablet,1,Oral,20 mg; 120 mg,708,Patricklingo Pharmaceuticals Limited,2023-09-28,2028-09-27,Active,"Uncoated Tablet.
Yellow coloured caplet shaped uncoated tablet with breakline on one side and plain on the other side",1 x 24&#039;s,"Each uncoated tablet contains: Artemether Ph.I 20 mg, Lumefantrine Ph.I 120 mg, Excipients q.s.",https://admin.greenbook.nafdac.gov.ng/uploadImage/smpc_files/2024/11/28/20241128007bc1e2-7b89-58cb-963a-aa1488ab107b.pdf,P01BF01,https://greenbook.nafdac.gov.ng/products/details/7448,2026-09-29T10:52:30.242228+00:00
Greenbook NAFDAC,4086,11542,Lingomal 80/480 Tablets**,1,Drugs,"{'id': 1, 'name': 'Drugs', 'created_at': '-000001-11-30T00:00:00.000000Z', 'updated_at': '2022-03-17T16:53:12.000000Z', 'deleted_at': None}",528,Artemether; Lumefantrine,,B4-3895,1,Tablet,1,Oral,80 mg; 480 mg,708,Patricklingo Pharmaceuticals Limited,2025-08-27,2030-08-26,Active,"Uncoated Tablet.
Yellow coloured, round shaped, uncoated tablets with breakline on one side and plain on other side",1 x 6&#039;s (in blister),"Artemether 80 mg &amp; Lumefantrine 480 mg Tablets.
Each uncoated tablet contains: Artemether Ph.I 80 mg, Lumefantrine Ph.I 480 mg, Excipients q.s.",https://admin.greenbook.nafdac.gov.ng/uploadImage/smpc_files/2025/10/31/20251031da9116e5-88b3-5653-b604-706bccbf4944.pdf,P01BF01,https://greenbook.nafdac.gov.ng/products/details/11542,2026-09-29T10:52:30.242228+00:00
Greenbook NAFDAC,4087,7449,Lingomal Tablets 80 mg/480 mg**,1,Drugs,"{'id': 1, 'name': 'Drugs', 'created_at': '-000001-11-30T00:00:00.000000Z', 'updated_at': '2022-03-17T16:53:12.000000Z', 'deleted_at': None}",528,Artemether; Lumefantrine,,A4-100525,1,Tablet,1,Oral,80 mg; 480 mg,708,Patricklingo Pharmaceuticals Limited,2023-09-28,2028-09-27,Active,"Uncoated Tablet.
Yellow colored caplet shaped uncoated tablets with breakline on one side and plain on other side",1 x 6&#039;s,"Artemether 80 mg &amp; Lumefantrine 480 mg Tablets.
Each uncoated tablet contains: Artemether Ph.I 80 mg, Lumefantrine Ph.I 480 mg, Excipients q.s.",https://admin.greenbook.nafdac.gov.ng/uploadImage/smpc_files/2024/05/14/20240514d914f4ef-3a03-5dab-81ff-bdf901f4e92f.pdf,P01BF01,https://greenbook.nafdac.gov.ng/products/details/7449,2026-09-29T10:52:30.242228+00:00
Greenbook NAFDAC,4088,11622,Linvaspril Tablet_,1,Drugs,"{'id': 1, 'name': 'Drugs', 'created_at': '-000001-11-30T00:00:00.000000Z', 'updated_at': '2022-03-17T16:53:12.000000Z', 'deleted_at': None}",250,Lisinopril,,A11-0684,1,Tablet,1,Oral,10 mg,59,Bond Chemical Industries Limited,2025-07-30,2030-07-29,Active,Tablet,3 x 10&#039;s (in Alu-PVC blisters),"Each tablet contains: Lisinopril 10 mg
Excipients q.s.",https://admin.greenbook.nafdac.gov.ng/uploadImage/smpc_files/2025/09/08/2025090819499127-57e8-551e-8b21-e86f8df68b85.pdf,C09AA03,https://greenbook.nafdac.gov.ng/products/details/11622,2026-09-29T10:52:30.242228+00:00
Greenbook NAFDAC,4089,6403,Liornia Cream##,1,Drugs,"{'id': 1, 'name': 'Drugs', 'created_at': '-000001-11-30T00:00:00.000000Z', 'updated_at': '2022-03-17T16:53:12.000000Z', 'deleted_at': None}",847,Triamcinolone; Econazole; Gentamicin,,A4-100557,4,Cream,21,Topical,1%; 0.1%,730,Sai Sagar Pharma Limited,2023-10-31,2028-10-30,Active,"Cream
A white soft cream

52	NF-PP-281394	LIORNIA CREAM	Econazole Nitrate, Triamcinolone Acetonide and Gentamicin Sulfate Cream	Econazole Nitrate BP 1% w/w, Triamcinolone Acetonide BP 0.1% w/w, Gentamicin Sulfate BP eq.  Gentamicin  0.1% w/w	A4-100557	Drugs	Imported Products	1x30G	Prescription Only Medicine (POM)	9/20/2022	SAI SAGAR PHARMA LTD, KAARA STREET, OFF OSOLO WAY, AJAO ESTATE, LAGOS ISOLO LAGOS	8023173150	saisagarltd@gmail.com	Ms/ S Kant Healthcare Ltd, 3-a Shivsagar, North Wing DR Annie Besant Road, Worli, Mumbai - 40018 India, India",1 x 30 g (in Alu tube),"Liornia Cream contains: Econazole Nitrate BP 1% w/w, Triamcinolone Acetonide BP 0.1% w/w, Gentamicin Sulfate BP equivalent to Gentamicin 0.1% w/w, Cream Base q.s.
Excipients q.s.",https://admin.greenbook.nafdac.gov.ng/uploadImage/smpc_files/2023/11/09/20231109928582d6-0dd0-5426-80b9-9dcbb5875485.pdf,D07CB01,https://greenbook.nafdac.gov.ng/products/details/6403,2026-09-29T10:52:30.242228+00:00
Greenbook NAFDAC,4090,5148,Lipiduce - 10 Tablet##,1,Drugs,"{'id': 1, 'name': 'Drugs', 'created_at': '-000001-11-30T00:00:00.000000Z', 'updated_at': '2022-03-17T16:53:12.000000Z', 'deleted_at': None}",300,Atorvastatin (Atorvastatin Calcium),,B4-7759,1,Tablet,1,Oral,10 mg,261,Phamatex Nigeria Limited,2023-05-25,2028-05-24,Active,"Tablet
White colored film coated oval shaped tablet, shallow convex faces, plain on both sides

Lipiduce - 10 Tablet	ARTOVASTATIN 10MG	Atorvastatin Calcium 11.02mg equivalent to Atorvastatin 10mg, Lactose, MCC, Calcium carbonate, Croscarmellose Sodium, PVP, Tween 80, Mag. Stearate, Hydroxy propyl methyl cellulose, Titanium dioxide, Talc, PG	B4-7759	Drugs	Imported Products	3*10	Prescription Only Medicine (POM)	9/19/2022	PHAMATEX NIGERIA LIMITED, 1, CRYSTAL GLASS CLOSE, AMUWO-ODOFIN	1470193	phamatex@gmail.com	Hovid Bhd., Lot 56442, 7 1/2 Miles, Jalan Ipoh/ Chemor, 31200 Chemor, Perak Malaysia, Malaysia
",3 x 10&#039;s (in PVC-Alu blisters),"Each tablet contains: Atorvastatin (as Atorvastatin Calcium) 10 mg
Excipients q.s.",https://admin.greenbook.nafdac.gov.ng/uploadImage/smpc_files/2023/08/23/20230823fc439d3f-cdfb-50c3-bd4f-b8abfe547cbd.pdf,C10AA05,https://greenbook.nafdac.gov.ng/products/details/5148,2026-09-29T10:52:30.242228+00:00
Greenbook NAFDAC,4091,10246,Lipikind-20 Tablets##,1,Drugs,"{'id': 1, 'name': 'Drugs', 'created_at': '-000001-11-30T00:00:00.000000Z', 'updated_at': '2022-03-17T16:53:12.000000Z', 'deleted_at': None}",300,Atorvastatin (Atorvastatin Calcium),,B4-2489,1,Tablet,1,Oral,20 mg,271,Phillips Pharmaceuticals (Nigeria) Limited,2021-01-28,2026-01-27,Inactive,Tablet,3 x 10&#039;s,Each tablet contains: Atorvastatin Calcium Trihydrate BP equivalent to Atorvastatin Base 20 mg,,C10AA05,https://greenbook.nafdac.gov.ng/products/details/10246,2026-09-29T10:52:30.242228+00:00
Greenbook NAFDAC,4092,5149,Lipiros Tablet##,1,Drugs,"{'id': 1, 'name': 'Drugs', 'created_at': '-000001-11-30T00:00:00.000000Z', 'updated_at': '2022-03-17T16:53:12.000000Z', 'deleted_at': None}",304,Rosuvastatin (Rosuvastatin Calcium),,B4-4600,1,Tablet,1,Oral,10 mg,218,Malven Medics International Company Ltd,2024-09-25,2029-09-24,Active,"Tablet

33	RNW-PP-208857	LIPIROS TABLET	ROSUVASTAIN 10MG	ROSUVASTATIN 10MG	B4-4600	Drugs	Imported Products	1X30	Prescription Only Medicine (POM)	4/21/2023	MALVEN MEDICS INTERNATIONAL COMPANY LTD, WILMER STREET, ILUPEJU ILUPEJU LAGOS	8037205003	malvenmedics@yahoo.com	M/S West Coast Pharmaceutical Works Ltd., NO,17 &amp; 16/5,MELDI ESTATE,NEAR PRASANG PARTY PLOT,OPP.SOLA BHAGWAT,SAYONA CITY ROAD,GOTA,AHMEDABAD 382481,GUJARAT,INDIA., India
",1 x 30&#039;s (in PVC-Alu pack),"Each tablet contains: Rosuvastatin Calcium equivalent to Rosuvastatin 10 mg
Excipients q.s.

",https://admin.greenbook.nafdac.gov.ng/uploadImage/smpc_files/2023/08/27/20230827878f12a7-f16d-55f4-a7fd-4ca9c8ace1db.pdf,C10AA07,https://greenbook.nafdac.gov.ng/products/details/5149,2026-09-29T10:52:30.242228+00:00
Greenbook NAFDAC,4093,11747,Lipiros Tablet_,1,Drugs,"{'id': 1, 'name': 'Drugs', 'created_at': '-000001-11-30T00:00:00.000000Z', 'updated_at': '2022-03-17T16:53:12.000000Z', 'deleted_at': None}",304,Rosuvastatin (Rosuvastatin Calcium),,B4-4600,1,Tablet,1,Oral,10 mg,218,Malven Medics International Company Ltd,2025-08-27,2030-08-26,Active,"Tablet.
Brown-color, round-shaped, biconvex, film-coated tablet, plain on both sides",3 x 10&#039;s (in Alu-Alu blisters),"Each film-coated tablet contains: Rosuvastatin Calcium BP equiv. to Rosuvastatin base 10 mg
Excipients q.s.",https://admin.greenbook.nafdac.gov.ng/uploadImage/smpc_files/2025/10/31/20251031e8a97f11-bcac-5be0-84a5-4db4e11b3ff7.pdf,C10AA07,https://greenbook.nafdac.gov.ng/products/details/11747,2026-09-29T10:52:30.242228+00:00
Greenbook NAFDAC,4094,11623,Lipitor 10 mg Tablets_,1,Drugs,"{'id': 1, 'name': 'Drugs', 'created_at': '-000001-11-30T00:00:00.000000Z', 'updated_at': '2022-03-17T16:53:12.000000Z', 'deleted_at': None}",300,Atorvastatin (Atorvastatin Calcium),,04-3160,1,Tablet,1,Oral,10 mg,260,Pfizer Specialties Ltd,2025-06-25,2030-06-24,Active,Tablet,3 x 10&#039;s (in Alu-PVC blisters),"Each tablet contains: Atorvastatin Calcium equiv. to Atorvastatin 10 mg
Excipients q.s.",https://admin.greenbook.nafdac.gov.ng/uploadImage/smpc_files/2025/07/25/20250725b98e83f5-3d67-5d37-b1ea-2bd81867b690.pdf,C10AA05,https://greenbook.nafdac.gov.ng/products/details/11623,2026-09-29T10:52:30.242228+00:00
Greenbook NAFDAC,4095,11624,Lipitor 20 mg Tablets_,1,Drugs,"{'id': 1, 'name': 'Drugs', 'created_at': '-000001-11-30T00:00:00.000000Z', 'updated_at': '2022-03-17T16:53:12.000000Z', 'deleted_at': None}",300,Atorvastatin (Atorvastatin Calcium),,04-3159,1,Tablet,1,Oral,20 mg,260,Pfizer Specialties Ltd,2025-06-25,2030-06-24,Active,Tablet,3 x 10&#039;s (in Alu-PVC blisters),"Each tablet contains: Atorvastatin Calcium equiv. to Atorvastatin 20 mg
Excipients q.s.",https://admin.greenbook.nafdac.gov.ng/uploadImage/smpc_files/2025/07/25/202507256c26a7f0-64f5-5f14-813b-0c81209f23d7.pdf,C10AA05,https://greenbook.nafdac.gov.ng/products/details/11624,2026-09-29T10:52:30.242228+00:00
Greenbook NAFDAC,4096,11625,Lipitor 40 mg Tablets_,1,Drugs,"{'id': 1, 'name': 'Drugs', 'created_at': '-000001-11-30T00:00:00.000000Z', 'updated_at': '2022-03-17T16:53:12.000000Z', 'deleted_at': None}",300,Atorvastatin (Atorvastatin Calcium),,04-3158,1,Tablet,1,Oral,40 mg,260,Pfizer Specialties Ltd,2025-06-25,2030-06-24,Active,Tablet,3 x 10&#039;s (in PVC-Alu blisters),"Each tablet contains: Atorvastatin Calcium equiv. to Atorvastatin 40 mg
Excipients q.s.",https://admin.greenbook.nafdac.gov.ng/uploadImage/smpc_files/2025/07/25/202507257a771766-8cc2-5610-aafa-47c052d04761.pdf,C10AA05,https://greenbook.nafdac.gov.ng/products/details/11625,2026-09-29T10:52:30.242228+00:00
Greenbook NAFDAC,4097,11626,Lipitor 80 mg Tablets_,1,Drugs,"{'id': 1, 'name': 'Drugs', 'created_at': '-000001-11-30T00:00:00.000000Z', 'updated_at': '2022-03-17T16:53:12.000000Z', 'deleted_at': None}",300,Atorvastatin (Atorvastatin Calcium),,A4-5732,1,Tablet,1,Oral,80 mg,260,Pfizer Specialties Ltd,2025-06-25,2030-06-24,Active,Tablet,3 x 10&#039;s (in PVC-Alu blisters),"Each tablet contains: Atorvastatin Calcium equivalent to Atorvastatin 80 mg
Excipients q.s.",https://admin.greenbook.nafdac.gov.ng/uploadImage/smpc_files/2025/07/25/202507250498cc7b-4168-5867-ae0c-932f95cede5f.pdf,C10AA05,https://greenbook.nafdac.gov.ng/products/details/11626,2026-09-29T10:52:30.242228+00:00
Greenbook NAFDAC,4098,10247,Lipofix 10 Tablet##,1,Drugs,"{'id': 1, 'name': 'Drugs', 'created_at': '-000001-11-30T00:00:00.000000Z', 'updated_at': '2022-03-17T16:53:12.000000Z', 'deleted_at': None}",300,Atorvastatin (Atorvastatin Calcium),,B4-1256,1,Tablet,1,Oral,10 mg,216,L&#039;PaceMaker Pharmaceuticals Limited,2021-08-03,2026-08-02,Inactive,Tablet																																																																																																																																																																																																																																																																																																																																																																																																																																																																																																																																																															,3 x 10&#039;s,Each tablet contains: Atorvastatin Calcium equivalent Atorvastatin Base 10 mg,,C10AA05,https://greenbook.nafdac.gov.ng/products/details/10247,2026-09-29T10:52:30.242228+00:00
Greenbook NAFDAC,4099,10248,Lipofix 20 Tablets##,1,Drugs,"{'id': 1, 'name': 'Drugs', 'created_at': '-000001-11-30T00:00:00.000000Z', 'updated_at': '2022-03-17T16:53:12.000000Z', 'deleted_at': None}",300,Atorvastatin (Atorvastatin Calcium),,B4-2206,1,Tablet,1,Oral,20 mg,216,L&#039;PaceMaker Pharmaceuticals Limited,2021-06-24,2026-06-23,Inactive,Tablet,3 x 10&#039;s,Each tablet contains: Atorvastatin Calcium equivalent to  Atorvastatin Base 20 mg,,C10AA05,https://greenbook.nafdac.gov.ng/products/details/10248,2026-09-29T10:52:30.242228+00:00
Greenbook NAFDAC,4100,1777,Lirapyn Capsules 50 mg##,1,Drugs,"{'id': 1, 'name': 'Drugs', 'created_at': '-000001-11-30T00:00:00.000000Z', 'updated_at': '2022-03-17T16:53:12.000000Z', 'deleted_at': None}",41,Pregabalin,,B4-4772,2,Capsule,1,Oral,50 mg,276,Ranbaxy Nigeria Limited,2021-05-07,2026-05-06,Inactive,Capsule,4 x 7&#039;s (in PVC-Alu blisters),"Each capsule contains: Pregabalin 50 mg
Excipients q.s.",https://admin.greenbook.nafdac.gov.ng/uploadImage/smpc_files/2025/01/16/20250116e3fe1693-d4d1-5d6b-96d7-ab2ce997cfa8.pdf,N03AX16,https://greenbook.nafdac.gov.ng/products/details/1777,2026-09-29T10:52:30.242228+00:00
Greenbook NAFDAC,4101,6272,Lirapyn Capsules 75 mg##,1,Drugs,"{'id': 1, 'name': 'Drugs', 'created_at': '-000001-11-30T00:00:00.000000Z', 'updated_at': '2022-03-17T16:53:12.000000Z', 'deleted_at': None}",41,Pregabalin,,B4-8165,2,Capsule,1,Oral,75 mg,276,Ranbaxy Nigeria Limited,2023-04-26,2028-04-25,Active,"Capsule

Lirapyn Capsules 75mg	PREGABALIN CAPSULES 75MG	Pregabalin 75mg, Mannitol, Talc	B4-8165	Drugs	Imported Products	4*7packs	POM 2	18/05/2022	RANBAXY NIGERIA LIMITED, ABIMBOLA STREET, ILASAMAJA, ISOLO LAGOS LAGOS	17932744	rosanna.iwuala@sunpharma.com	SUN PHARMACEUTICAL LTD (INDIA), Village Ganguwala, Paonta Sahib, Himachal Pradesh – 173025, India , India",4 x 7&#039;s (in PVC-Alu blisters),"Each capsule contains: Pregabalin 75 mg
Excipients q.s.",https://admin.greenbook.nafdac.gov.ng/uploadImage/smpc_files/2024/12/24/20241224356a9b9a-cfc0-50c6-b426-abec8bfb5bb4.pdf,N02BF02,https://greenbook.nafdac.gov.ng/products/details/6272,2026-09-29T10:52:30.242228+00:00
Greenbook NAFDAC,4102,11748,Liricon Loratadine Tablets 10 mg_,1,Drugs,"{'id': 1, 'name': 'Drugs', 'created_at': '-000001-11-30T00:00:00.000000Z', 'updated_at': '2022-03-17T16:53:12.000000Z', 'deleted_at': None}",419,Loratadine,,A4-101471,1,Tablet,1,Oral,10 mg,860,Liricon Pharmaceutical Limited,2025-08-27,2030-08-26,Active,Tablet,10 x 10&#039;s (in Alu-PVC blisters),"Each tablet contains: Loratadine BP 10 mg
Excipients q.s.",https://admin.greenbook.nafdac.gov.ng/uploadImage/smpc_files/2025/10/24/20251024f5c7adce-daa3-569f-ae7c-273a9a0e8bf3.pdf,R06AX13,https://greenbook.nafdac.gov.ng/products/details/11748,2026-09-29T10:52:30.242228+00:00
Greenbook NAFDAC,4103,11749,Lirimotil Tablet 2 mg_,1,Drugs,"{'id': 1, 'name': 'Drugs', 'created_at': '-000001-11-30T00:00:00.000000Z', 'updated_at': '2022-03-17T16:53:12.000000Z', 'deleted_at': None}",195,Loperamide Hydrochloride,,A4-101497,1,Tablet,1,Oral,2 mg,860,Liricon Pharmaceutical Limited,2025-08-27,2030-08-26,Active,Tablet,1 x 10&#039;s (in Alu-PVC blister),"Each uncoated tablet contains: Loperamide Hydrochloride USP 2 mg
Excipients q.s.",https://admin.greenbook.nafdac.gov.ng/uploadImage/smpc_files/2025/10/24/20251024c682f380-7eee-55ab-a38b-60a930affa85.pdf,A07DA03,https://greenbook.nafdac.gov.ng/products/details/11749,2026-09-29T10:52:30.242228+00:00
Greenbook NAFDAC,4104,10583,Lisikris##,1,Drugs,"{'id': 1, 'name': 'Drugs', 'created_at': '-000001-11-30T00:00:00.000000Z', 'updated_at': '2022-03-17T16:53:12.000000Z', 'deleted_at': None}",250,Lisinopril,,B4-6326,1,Tablet,1,Oral,10 mg,370,Krishat Pharma Industries Limited,2020-11-10,2025-11-09,Inactive,"Tablet
A white colored, caplet shape, uncoated embossed with break line on one side and plain on other side

6/20/2024 12:27:12	LISIKRIS	Lisinopril 10mg Tablets	B4-6326	Tablet	Oral	Lisinopril Dihydrate equivalent to Lisinopril Anhydrous	10mg	2x14 Tablets	POM	Krishat Pharma Industries Limited 	KM 15, Lagos Ibadan Expressway, Ibadan, Oyo state, Nigeria	Krishat Pharma Industries Limited 	KM 15, Lagos Ibadan Expressway, Opp. Oriental Foods, Ibadan, Oyo state, Nigeria	Nigeria	10/11/2020	09/11/2025	Yes	C09AA03",2 x 14&#039;s (in PVC-AIu blisters),"Each uncoated tablet contains: Lisinopril Dihydrate equivalent to Lisinopril Anhydrous 10 mg
Excipients: Maize Starch, Microcrystalline Cellulose, Di-basic calcium Phosphate, Poly Vinyl Pyrollidone90, Sodium Methyl Paraben, Sodium Propyl Paraben, Purified Talcum, Magnesium Stearate, Sodium Starch Glycolate, Cross Carmellose Sodium &amp; Colloidal Anhydrous Silica",https://admin.greenbook.nafdac.gov.ng/uploadImage/smpc_files/2025/01/28/202501285349096d-b536-5c44-9787-512cddf7c9e7.pdf,C09AA03,https://greenbook.nafdac.gov.ng/products/details/10583,2026-09-29T10:52:30.242228+00:00
Greenbook NAFDAC,4105,127,Lisin 10 Tablets##,1,Drugs,"{'id': 1, 'name': 'Drugs', 'created_at': '-000001-11-30T00:00:00.000000Z', 'updated_at': '2022-03-17T16:53:12.000000Z', 'deleted_at': None}",250,Lisinopril,,A4-1528,1,Tablet,1,Oral,10 mg,223,Me Cure Industries Limited,2021-12-02,2026-12-01,Active,"Uncoated Tablet
White circular tablet with break line on one side , embossed with &#039;&#039;LS /10&#039;&#039; and with &quot;Mecure&quot; embossed on the other side",2 x 14&#039;s (in PVC-Alu blisters),"Each tablet contains: Lisinopril 10 mg
Excipients q.s.",https://admin.greenbook.nafdac.gov.ng/uploadImage/smpc_files/2024/06/24/20240624d8ff9104-ee68-5530-9177-feb8c8de2726.pdf,C09AA03,https://greenbook.nafdac.gov.ng/products/details/127,2026-09-29T10:52:30.242228+00:00
Greenbook NAFDAC,4106,10737,Lisin 5 Tablets##,1,Drugs,"{'id': 1, 'name': 'Drugs', 'created_at': '-000001-11-30T00:00:00.000000Z', 'updated_at': '2022-03-17T16:53:12.000000Z', 'deleted_at': None}",250,Lisinopril,,A4-1529,1,Tablet,1,Oral,5 mg,223,Me Cure Industries Limited,2022-01-27,2027-01-26,Active,"Uncoated Tablet
White circular tablet with break line on one side , embossed with &#039;&#039;LS /5&#039;&#039; and with &quot;MECURE&quot; embossed on the other side

6/6/2024 14:51:50	LISIN 5 TABLETS	LISINOPRIL 5MG TABLETS	A4-1529	TABLETS	ORAL	LISINOPRIL	5MG	2X14	POM	MECURE INDUSTRIES LTD	PLOT 6, BLOCK H, OSHODI INDUSTRIAL SCHEME, OSHODI, LAGOS.	MECURE INDUSTRIES LTD	PLOT 6, BLOCK H, OSHODI INDUSTRIAL SCHEME, OSHODI, LAGOS.	NIGERIA	27/01/2022	26/01/2027	No	C09AA03",2 x 14&#039;s (in PVC-AIu blisters),"Each tablet contains: Lisinopril BP 5 mg
Excipients: Maize Starch, Lactose, Dibasic Calcium Phosphate, Magnesium Stearate, Talcum, PVP K30, Aerosil, Sodium Starch Glycolate, Cross Carmilose sodium",https://admin.greenbook.nafdac.gov.ng/uploadImage/smpc_files/2025/02/03/20250203ba26c8e8-2fec-5380-9e01-64fa8163b19e.pdf,C09AA03,https://greenbook.nafdac.gov.ng/products/details/10737,2026-09-29T10:52:30.242228+00:00
Greenbook NAFDAC,4107,5150,Lisinopril (Llisinopril) 10 mg##,1,Drugs,"{'id': 1, 'name': 'Drugs', 'created_at': '-000001-11-30T00:00:00.000000Z', 'updated_at': '2022-03-17T16:53:12.000000Z', 'deleted_at': None}",250,Lisinopril,,A4-100458,1,Tablet,1,Oral,10 mg,701,PhillMichael &amp; Ashetoria Pharmaceutical Limited,2023-07-06,2028-07-05,Active,"Tablet
Red colored, round shaped, biconvex, uncoated tablets plain on both sides of each tablet

187	NF-PP-337295	LISINOPRIL (LISINOPRIL) 10mg	LISINOPRIL (LISINOPRIL) 10mg	LISINOPRIL USP EQUIVALENT TO ANHYDROUS LISINOPRIL 10MG		Drugs	Imported Products	10x10Tablet	Prescription Only Medicine (POM)	6/9/2023	PHILLMICHAEL &amp; ASHERTORIA PHARMACEUTICAL LIMITED, KM 32, LEKKI EPE EXPRESSWAY ,BOGIGI BY ELEMORO POLICE STATION	0	philmichael2021@yandex.com	M/S HAB PHARMACEUTICALS &amp; RESEARCH LTD., PLOT NO. 10, PHARMACITY, SIDCUL, SELAQUI, DEHRADUN, UTTARAKHAND (INDIA)., India",10 x 10&#039;s (in Alu-Alu blisters),"Each uncoated tablet contains: Lisinopril USP equivalent to Anhydrous Lisinopril 10 mg
Excipients q.s.
Color: Approved colors used",https://admin.greenbook.nafdac.gov.ng/uploadImage/smpc_files/2023/08/25/202308259c25f2ea-ffb2-56f0-9949-d197991f208d.pdf,C09AA03,https://greenbook.nafdac.gov.ng/products/details/5150,2026-09-29T10:52:30.242228+00:00
Greenbook NAFDAC,4108,11972,Lisinopril - 10 mg Tablets_,1,Drugs,"{'id': 1, 'name': 'Drugs', 'created_at': '-000001-11-30T00:00:00.000000Z', 'updated_at': '2022-03-17T16:53:12.000000Z', 'deleted_at': None}",2250,Lisinopril Dihydrate,,A4-101658,1,Tablet,1,Oral,10 mg,1715,MULTIBASE PHARMA INDUSTRIES NIG. LTD,2025-10-29,2030-10-28,Active,Tablet,2 x 14 x 10&#039;s (in Alu-PVC blisters),"Each tablet contains: Lisinopril Dihydrate 10 mg
Excipients q.s.",https://admin.greenbook.nafdac.gov.ng/uploadImage/smpc_files/2025/11/20/202511208f052f23-bed9-59b7-9d8c-d6b2d637488f.pdf,C09AA03,https://greenbook.nafdac.gov.ng/products/details/11972,2026-09-29T10:52:30.242228+00:00
Greenbook NAFDAC,4109,10738,Lisinopril 10 mg Tablet##,1,Drugs,"{'id': 1, 'name': 'Drugs', 'created_at': '-000001-11-30T00:00:00.000000Z', 'updated_at': '2022-03-17T16:53:12.000000Z', 'deleted_at': None}",250,Lisinopril,,A4-101195,1,Tablet,1,Oral,10 mg,303,Swiss Pharma Nigeria Limited,2025-02-28,2030-02-27,Active,"Film Coated Tablet

NF-PP-410900	Lisinopril 10mg Tablet	Lisinopril dihydrate USP	&quot;LISINOPRIL 10MG, 
MICROCRYSTALLINE CELLULOSE BP 27.78MG,
MICROCRYSTALLINE CELLULOSE RQ 102 BP 55MG,
PURIFIED TALE BP 2MG,
MAGNESIUM STEARATE BP 1MG,
COLLOIDAL ANHYDROUS SILICA BP 2MG,
SODIUM STARCH GLYCOLATE BP 1MG,
INSTACOAT WHITE  ICS223 IN-HOUSE 3.5MG,
ISOPROPYL ALCOHOL BP 0.80ML,
DICHLOROMETHANE (METHYLENE DICHLORIDE) BP 1.20ML&quot;		Drugs	Imported Product	2x14	07-03-2024	SWISS PHARMA NIGERIA LIMITED, 5,DOPEMU ROAD AGEGE	017745276		&quot;VAPI CARE PHARMA PVT LTD- 396-195, VAPI CARE PHARMA PVT LTD.,
Plot No 225/3, G.I.D.C, Near Morarji Circle,
Vapi -396-195, Gujarat, INDIA
&quot;",2 x 14&#039;s (in Alu-Alu/Alu-PVC blisters),"Each film-coated tablet contains: Lisinopril Dihydrate USP equivalent to Lisinopril 10 mg
Excipients q.s.
Color: Titanium Dioxide BP",https://admin.greenbook.nafdac.gov.ng/uploadImage/smpc_files/2025/04/14/2025041432f3b0eb-beb8-5bbc-bbed-71173aa18c50.pdf,C09AA03,https://greenbook.nafdac.gov.ng/products/details/10738,2026-09-29T10:52:30.242228+00:00
Greenbook NAFDAC,4110,3495,Lisinopril 10 mg Tablet##,1,Drugs,"{'id': 1, 'name': 'Drugs', 'created_at': '-000001-11-30T00:00:00.000000Z', 'updated_at': '2022-03-17T16:53:12.000000Z', 'deleted_at': None}",250,Lisinopril,,C4-1380,1,Tablet,1,Oral,10 mg,993,Chy-Gozzy Global Concept Nig Ltd,2020-12-21,2025-12-20,Inactive,Tablet,,Each tablet contains: Lisinopril 10 mg,,C09AA03,https://greenbook.nafdac.gov.ng/products/details/3495,2026-09-29T10:52:30.242228+00:00
Greenbook NAFDAC,4111,10715,Lisinopril 10 mg Tablets##,1,Drugs,"{'id': 1, 'name': 'Drugs', 'created_at': '-000001-11-30T00:00:00.000000Z', 'updated_at': '2022-03-17T16:53:12.000000Z', 'deleted_at': None}",244,Nebivolol; Hydrochlorothiazide,,A4-9614,1,Tablet,1,Oral,10 mg,657,Hugo Drugs Limited,2024-09-25,2029-09-24,Active,"Tablet
White color, oval shape, uncoated tablet having break line on one side and plain on the other side","2 x 14&#039;s, 3 x 10&#039;s (in PVC-AIu blisters)","Each uncoated tablet contains: Lisinopril Dihydrate USP equivalent to anhydrous Lisinopril 10 mg
Excipients q.s.",https://admin.greenbook.nafdac.gov.ng/uploadImage/smpc_files/2024/12/04/20241204b5cbf01e-c89f-5309-8a24-4d0d1277038d.pdf,C09AA03,https://greenbook.nafdac.gov.ng/products/details/10715,2026-09-29T10:52:30.242228+00:00
Greenbook NAFDAC,4112,391,Lisinopril 10 mg Tablets## (check pack size),1,Drugs,"{'id': 1, 'name': 'Drugs', 'created_at': '-000001-11-30T00:00:00.000000Z', 'updated_at': '2022-03-17T16:53:12.000000Z', 'deleted_at': None}",250,Lisinopril,,A4-100074,1,Tablet,1,Oral,10 mg,669,World Wide Commercial Ventures Ltd,2021-08-03,2026-08-02,Inactive,"Tablet
Light pink oval biconvex tablets, with a break line on one side",,"Each tablet contains: Lisinopril 10 mg
Excipients q.s.",https://admin.greenbook.nafdac.gov.ng/uploadImage/smpc_files/2025/02/03/20250203a0db137c-3886-5c6e-8f4c-fa3a52eb9cbc.pdf,C09AA03,https://greenbook.nafdac.gov.ng/products/details/391,2026-09-29T10:52:30.242228+00:00
Greenbook NAFDAC,4113,392,Lisinopril 10 Tablet## (smpc null),1,Drugs,"{'id': 1, 'name': 'Drugs', 'created_at': '-000001-11-30T00:00:00.000000Z', 'updated_at': '2022-03-17T16:53:12.000000Z', 'deleted_at': None}",250,Lisinopril,,A11-100188,1,Tablet,1,Oral,10 mg,27,Fidson Healthcare PLC,2021-09-28,2026-09-27,Inactive,Tablet,,Each tablet contains: Lisinopril Tablet 10 mg,https://admin.greenbook.nafdac.gov.ng/uploadImage/smpc_files/2025/01/17/20250117be4d46b3-8499-5116-aab4-bfc25e11dc58.pdf,C09AA03,https://greenbook.nafdac.gov.ng/products/details/392,2026-09-29T10:52:30.242228+00:00
Greenbook NAFDAC,4114,396,Lisinopril 20 mg + Hydrochlorothiazide 12.5 mg##,1,Drugs,"{'id': 1, 'name': 'Drugs', 'created_at': '-000001-11-30T00:00:00.000000Z', 'updated_at': '2022-03-17T16:53:12.000000Z', 'deleted_at': None}",251,Lisinopril; Hydrochlorothiazide,,A11-100189,1,Tablet,1,Oral,20 mg; 12.5 mg,27,Fidson Healthcare PLC,2021-09-28,2026-09-27,Inactive,Tablet,,"Each tablet contains: Lisinopril 20 mg, Hydrochlorothiazide 12.5 mg",,C09BA03,https://greenbook.nafdac.gov.ng/products/details/396,2026-09-29T10:52:30.242228+00:00
Greenbook NAFDAC,4115,10739,Lisinopril 5 mg Tablet##,1,Drugs,"{'id': 1, 'name': 'Drugs', 'created_at': '-000001-11-30T00:00:00.000000Z', 'updated_at': '2022-03-17T16:53:12.000000Z', 'deleted_at': None}",250,Lisinopril,,A4-101194,1,Tablet,1,Oral,5 mg,303,Swiss Pharma Nigeria Limited,2025-02-28,2030-02-27,Active,"Film Coated Tablets

3	NF-PP-410889	Lisinopril 5mg Tablet	Lisinopril dihydrate	&quot;LISNOPRIL 5MG,
MCROCRYSTALLINE CELLULOSE BP 33.40MG,
PURIFIED TALC 2.0MG
MAGNESIUM STEARATE BP 1.0MG,
COLLOIDAL ANHYDROUS SILICA BP, 2.0MG,
SODIUM STARCH GLYCOLATE BP 1.0MG, INSTACOAT WHITE ICS223 IH 3.49MG,
ISOPROPYL ALCOHOL BP 0.03ML, DICHLOROMETHANE (METHYLENE DICHLORIDE) BP 0.0465ML&quot;		Drugs	Imported Product	2x14	07-03-2024	SWISS PHARMA NIGERIA LIMITED, 5,DOPEMU ROAD AGEGE	017745276		&quot;VAPI CARE PHARMA PVT LTD- 396-195, VAPI CARE PHARMA PVT LTD.,
Plot No 225/3, G.I.D.C, Near Morarji Circle,
Vapi -396-195, Gujarat, INDIA
&quot;	+91  9824176642	Umesh.sha@pradipkumar.com	View",2 x 14&#039;s (in Alu-Alu/Alu-PVC blisters),"Each film coated tablet contains: Lisinopril Dihydrate USP equivalent to Lisinopril 5 mg
Excipients q.s.
Color: Titanium Dioxide BP
",https://admin.greenbook.nafdac.gov.ng/uploadImage/smpc_files/2025/04/14/20250414fcca6cff-3009-592b-9e9f-cf3884a2dc7e.pdf,C09AA03,https://greenbook.nafdac.gov.ng/products/details/10739,2026-09-29T10:52:30.242228+00:00
Greenbook NAFDAC,4116,390,Lisinopril 5 mg Tablets## (check pack size),1,Drugs,"{'id': 1, 'name': 'Drugs', 'created_at': '-000001-11-30T00:00:00.000000Z', 'updated_at': '2022-03-17T16:53:12.000000Z', 'deleted_at': None}",250,Lisinopril,,A4-100073,1,Tablet,1,Oral,5 mg,669,World Wide Commercial Ventures Ltd,2021-08-03,2026-08-02,Inactive,"Tablets
White flat oval tablets, with break line on both sides",,"Each tablet contains: Lisinopril Dihydrate 5.46 mg equivalent to Lisinopril Anhydrous 5 mg
Excipients q,s,",https://admin.greenbook.nafdac.gov.ng/uploadImage/smpc_files/2025/02/03/20250203fe11c89f-76d0-5884-9f40-867af739a4ad.pdf,C09AA03,https://greenbook.nafdac.gov.ng/products/details/390,2026-09-29T10:52:30.242228+00:00
Greenbook NAFDAC,4117,394,Lisinopril 5 Tablet##,1,Drugs,"{'id': 1, 'name': 'Drugs', 'created_at': '-000001-11-30T00:00:00.000000Z', 'updated_at': '2022-03-17T16:53:12.000000Z', 'deleted_at': None}",250,Lisinopril,,A11-100187,1,Tablet,1,Oral,5 mg,27,Fidson Healthcare PLC,2021-09-28,2026-09-27,Inactive,Tablet,3 x 10&#039;s (in blisters),Each tablet contains: Anhydrous Lisinopril 5 mg (as Lisinopril Dihydrate),https://admin.greenbook.nafdac.gov.ng/uploadImage/smpc_files/2025/01/14/202501148ca0d1c7-6278-5889-995b-4a1355dc8b5a.pdf,C09AA03,https://greenbook.nafdac.gov.ng/products/details/394,2026-09-29T10:52:30.242228+00:00
Greenbook NAFDAC,4118,10740,Lisinopril Tablet 5 mg##,1,Drugs,"{'id': 1, 'name': 'Drugs', 'created_at': '-000001-11-30T00:00:00.000000Z', 'updated_at': '2022-03-17T16:53:12.000000Z', 'deleted_at': None}",250,Lisinopril,,A4-1917,1,Tablet,1,Oral,5 mg,594,Bazreal Global Limited,2024-10-31,2029-10-30,Active,"Tablet

31	CMS-PP-451421	LISINOPRIL TABLET 5MG	LISINOPRIL USP 5MG	EACH UNCOATED TABLET CONTAINS: LISINOPRIL USP 5 MG COLOUR: TITANIUM DIOXIDE BP EXCIPIENTS LACTOSE SPECIFICATION BP ,SODIUM STARCH GLYCOLATE BP, CROSCARMELLOSE SODIUM BP, 4 URIFIED TALC BP,COLLOIDAL ANHYDROUS SILICA BP,MAGNESIUM STEARATE BP ,ITANIUM DIOXIDE	&quot;A4-1917	&quot;	Drugs	Imported Products	2X14	POM 1	10/4/2024	BAZREAL GLOBAL LIMITED, NO.1, DIEGBEHA CLOSE, BABTOPE BUSTOP , AJANGBDI, LAGOS, NIGERIA	70692447	bazrealgloballtd@yahoo.com	Nestor Pharmaceuticals Limited, 11, Western Extension Area, Faridabad, Haryana, India-121001, India							",2  x 14&#039;s (in Alu-PVC blisters),"Each uncoated tablets contains: Lisinopril  USP 5 mg
Excipients q.s.
Color: Titanium Dioxide BP",https://admin.greenbook.nafdac.gov.ng/uploadImage/smpc_files/2024/11/23/202411236defdccb-e9ed-59c2-85c6-4e703bc6708d.pdf,C09AA03,https://greenbook.nafdac.gov.ng/products/details/10740,2026-09-29T10:52:30.242228+00:00
Greenbook NAFDAC,4119,10741,Lisinopril Tablets 10 mg##,1,Drugs,"{'id': 1, 'name': 'Drugs', 'created_at': '-000001-11-30T00:00:00.000000Z', 'updated_at': '2022-03-17T16:53:12.000000Z', 'deleted_at': None}",250,Lisinopril,,A4-1881,1,Tablet,1,Oral,10 mg,594,Bazreal Global Limited,2024-10-31,2029-10-30,Active,"Tablet

30	CMS-PP-451311	LISINOPRIL TABLETS 10MG	LISINOPRIL USP 10MG	Each uncoated tablet contains: Lisinopril USP 10 mg Lactose BP, Sodium starch glycolate BP. Croscarmellose sodium BP, Purified talc BP, Colloidal anhydrous silica BP , Magnesium stearate BP ,Titanium dioxide BP ,Red Iron Oxide	LISINOPRIL TABLETS 10MG		Drugs	Imported Products	2X14	POM 1	10/4/2024	BAZREAL GLOBAL LIMITED, NO.1, DIEGBEHA CLOSE, BABTOPE BUSTOP , AJANGBDI, LAGOS, NIGERIA	70692447	bazrealgloballtd@yahoo.com	Nestor Pharmaceuticals Limited, 11, Western Extension Area, Faridabad, Haryana, India-121001, India													",2 x 14&#039;s (in AIu-PVC blisters),"Each uncoated tablets contains: Lisinopril USP 10 mg
Excipients q.s. 
Approved color used",https://admin.greenbook.nafdac.gov.ng/uploadImage/smpc_files/2024/11/23/202411238084333e-a5ae-5fff-b494-0a7a5e45174f.pdf,C09AA03,https://greenbook.nafdac.gov.ng/products/details/10741,2026-09-29T10:52:30.242228+00:00
Greenbook NAFDAC,4120,7452,Lisinopril Tablets 10 mg##,1,Drugs,"{'id': 1, 'name': 'Drugs', 'created_at': '-000001-11-30T00:00:00.000000Z', 'updated_at': '2022-03-17T16:53:12.000000Z', 'deleted_at': None}",250,Lisinopril,,B4-9255,1,Tablet,1,Oral,10 mg,751,ZMC International Limited,2024-02-28,2029-02-27,Active,"Uncoated Tablet

58	RNW-PP-391793	LISINOPRIL TABLETS 10MG	LISINOPRIL USP 10MG	 LISINOPRIL USP 10MG EXCIPIENTS, LACTOSE BP, MICROCRYSTALLINE CELLULOSE BP, MAIZE STARCH BP, ISOPROPYL ALCOHOL, MAGNESIUM STEARATE BP, TALCUM BP, COLLOIDAL ANHYDROUS SILICA BP	B4-9255	Drugs	Imported Products	2*14	Prescription Only Medicine (POM)	12/22/2023	ZMC INTERNATIONAL LIMITED., 7A NIGER STREET,KANO, KANO STATE, NIGERIA	576768789	zmcinternational18@gmail.com	APEX FORMULATIONS PVT. LTD, 1276, Rajpur, Zulasan Road, Ahmedabad-mehsana Highway, Dist. Mehsana, Guajarat, India, India",2 x 14&#039;s (in PVC-Alu blisters),"Each uncoated tablet contains: Lisinopril (Dihydrate) USP equivalent to Anhydrous Lisinopril 10 mg
Excipients q.s.",https://admin.greenbook.nafdac.gov.ng/uploadImage/smpc_files/2024/03/26/202403269e3e8820-9959-54b3-8e83-b6f10dc4698f.pdf,C09AA03,https://greenbook.nafdac.gov.ng/products/details/7452,2026-09-29T10:52:30.242228+00:00
Greenbook NAFDAC,4121,11627,Lisinopril Tablets 5 mg_,1,Drugs,"{'id': 1, 'name': 'Drugs', 'created_at': '-000001-11-30T00:00:00.000000Z', 'updated_at': '2022-03-17T16:53:12.000000Z', 'deleted_at': None}",250,Lisinopril,,A4-101346,1,Tablet,1,Oral,5 mg,1003,Life Vest Global Pharmacy Limited,2025-06-25,2030-06-24,Active,"Tablet.
White, round-shaped, flat uncoated tablets with a break line on one side",1 x 28&#039;s (in blister),"Each tablet contains: Lisinopril 5 mg
Excipients q.s.",https://admin.greenbook.nafdac.gov.ng/uploadImage/smpc_files/2025/07/24/202507246534801e-54ec-520b-94dd-2e92dc614ee2.pdf,C09AA03,https://greenbook.nafdac.gov.ng/products/details/11627,2026-09-29T10:52:30.242228+00:00
Greenbook NAFDAC,4122,395,Lisinopril Tablets USP 10 mg##,1,Drugs,"{'id': 1, 'name': 'Drugs', 'created_at': '-000001-11-30T00:00:00.000000Z', 'updated_at': '2022-03-17T16:53:12.000000Z', 'deleted_at': None}",250,Lisinopril,,B4-1248,1,Tablet,1,Oral,10 mg,145,Chez Resources Pharmaceutical Limited,2021-06-24,2026-06-23,Inactive,Tablet,2 x 14&#039;s (in PVC-Alu blisters),"Each uncoated tablet contains: Lisinopril USP equivalent to Anhydrous Lisinopril 10 mg
Excipients q.s.",https://admin.greenbook.nafdac.gov.ng/uploadImage/smpc_files/2024/09/25/202409254487e258-f31b-5494-a9fd-d676d6d80952.pdf,C09AA03,https://greenbook.nafdac.gov.ng/products/details/395,2026-09-29T10:52:30.242228+00:00
Greenbook NAFDAC,4123,393,Lisinopril Tablets USP 5 mg##,1,Drugs,"{'id': 1, 'name': 'Drugs', 'created_at': '-000001-11-30T00:00:00.000000Z', 'updated_at': '2022-03-17T16:53:12.000000Z', 'deleted_at': None}",250,Lisinopril,,B4-1249,1,Tablet,1,Oral,5 mg,145,Chez Resources Pharmaceutical Limited,2021-06-24,2026-06-23,Inactive,Tablet,2 x 14&#039;s (in PVC-Alu blisters),"Each uncoated tablet contains: Lisinopril USP equivalent to Anhydrous Lisinopril 5 mg
Excipients q.s.",https://admin.greenbook.nafdac.gov.ng/uploadImage/smpc_files/2024/10/24/20241024cc148d20-a30a-5ccc-92a2-8dfe8bf23166.pdf,C09AA03,https://greenbook.nafdac.gov.ng/products/details/393,2026-09-29T10:52:30.242228+00:00
Greenbook NAFDAC,4124,10249,Lisinopril USP 10 mg Tablet##,1,Drugs,"{'id': 1, 'name': 'Drugs', 'created_at': '-000001-11-30T00:00:00.000000Z', 'updated_at': '2022-03-17T16:53:12.000000Z', 'deleted_at': None}",250,Lisinopril,,C4-1686,1,Tablet,1,Oral,10 mg,816,Exxon Pharma Nigeria Limited,2021-05-07,2026-05-06,Inactive,Tablet,2 x 14&#039;s,Each tablet contains: Lisinopril USP 10 mg,,C09AA03,https://greenbook.nafdac.gov.ng/products/details/10249,2026-09-29T10:52:30.242228+00:00
Greenbook NAFDAC,4125,10250,Lisinopril USP 5 mg Tablets##,1,Drugs,"{'id': 1, 'name': 'Drugs', 'created_at': '-000001-11-30T00:00:00.000000Z', 'updated_at': '2022-03-17T16:53:12.000000Z', 'deleted_at': None}",250,Lisinopril,,C4-1578,1,Tablet,1,Oral,5 mg,816,Exxon Pharma Nigeria Limited,2021-02-25,2026-02-24,Inactive,"Tablet
White colored, oblong shaped, biconvex uncoated tablets with break line on on side",2 x 14&#039;s (in PVC-Alu Blisters),"Each uncoated tablet contains: Lisinopril USP equivalent to Lisinopril Anhydrous Base 5 mg
Excipients q.s.",https://admin.greenbook.nafdac.gov.ng/uploadImage/smpc_files/2024/09/30/20240930523d3b9f-9f2a-5a59-801b-eb3519d9ebbc.pdf,C09AA03,https://greenbook.nafdac.gov.ng/products/details/10250,2026-09-29T10:52:30.242228+00:00
Greenbook NAFDAC,4126,10716,Lisinopril##,1,Drugs,"{'id': 1, 'name': 'Drugs', 'created_at': '-000001-11-30T00:00:00.000000Z', 'updated_at': '2022-03-17T16:53:12.000000Z', 'deleted_at': None}",250,Lisinopril,,04-3148,1,Tablet,1,Oral,10 mg,1003,Life Vest Global Pharmacy Limited,2024-11-22,2029-11-21,Active,"Tablet
Uncoated white colored oval shaped tablet, with break line on 1 side &amp; plain on the other side
",1 x 10&#039;s (in PVC-Alu blister),"Each tablet contains: Lisinopril USP 10 mg
Excipients: q.s.",https://admin.greenbook.nafdac.gov.ng/uploadImage/smpc_files/2024/12/18/2024121896175cfa-24ea-550b-9bbe-2b192e9c6bc3.pdf,C09AA03,https://greenbook.nafdac.gov.ng/products/details/10716,2026-09-29T10:52:30.242228+00:00
Greenbook NAFDAC,4127,3499,Lisinotab 10 Tablets##,1,Drugs,"{'id': 1, 'name': 'Drugs', 'created_at': '-000001-11-30T00:00:00.000000Z', 'updated_at': '2022-03-17T16:53:12.000000Z', 'deleted_at': None}",250,Lisinopril,,A4-9582,1,Tablet,1,Oral,10 mg,214,LifeBack Pharmacy and Stores Limited,2020-11-10,2025-11-09,Inactive,Tablet,,Each tablet contains: Lisinopril 10 mg,,C09AA03,https://greenbook.nafdac.gov.ng/products/details/3499,2026-09-29T10:52:30.242228+00:00
Greenbook NAFDAC,4128,3500,Lisinotab 5 Tablets##,1,Drugs,"{'id': 1, 'name': 'Drugs', 'created_at': '-000001-11-30T00:00:00.000000Z', 'updated_at': '2022-03-17T16:53:12.000000Z', 'deleted_at': None}",250,Lisinopril,,A4-9583,1,Tablet,1,Oral,5 mg,214,LifeBack Pharmacy and Stores Limited,2020-11-10,2025-11-09,Inactive,Tablet,,Each tablet contains: Lisinopril 5 mg,,C09AA03,https://greenbook.nafdac.gov.ng/products/details/3500,2026-09-29T10:52:30.242228+00:00
Greenbook NAFDAC,4129,12429,Lisiofil 10 Tablets## $,1,Drugs,"{'id': 1, 'name': 'Drugs', 'created_at': '-000001-11-30T00:00:00.000000Z', 'updated_at': '2022-03-17T16:53:12.000000Z', 'deleted_at': None}",250,Lisinopril,,04-8143,1,Tablet,1,Oral,10 mg,1319,Unique Pharmaceuticals Limited,2025-11-26,2030-11-25,Active,"Tablet
Pink colored, circular, uncoated tablets with break line &quot;L&quot; and &quot;10&quot; debossed on one side and &quot;U&quot; on the other side

LISIOFIL 10 TABLETS	LISINOPRIL USP 10MG	TABLET	04-8143	Drugs	Imported Product	2X14	06-08-2025	UNIQUE PHARMACEUTICALS LIMITED, 21/22, MARINA                                       , LAGOS                                         	08097421000	mail@uniquepharm.com	FOURRTS (INDIA) LABORATORIES PVT. LIMITED, Vandalur Road, Kelambakkam – 603 103, Tamil Nadu, INDIA
",2 x 14&#039;s (in blisters),"Each uncoated tablet contains: Lisinopril USP equivalent to Lisinopril (anhydrous) 10 mg
Excipients q.s.",https://admin.greenbook.nafdac.gov.ng/uploadImage/smpc_files/2025/12/30/2025123062a175a1-9c4c-51f5-8b5c-734168b69dc7.pdf,C09AA03 ,https://greenbook.nafdac.gov.ng/products/details/12429,2026-09-29T10:52:30.242228+00:00
Greenbook NAFDAC,4130,12203,Lisiofil 5 Tablets_,1,Drugs,"{'id': 1, 'name': 'Drugs', 'created_at': '-000001-11-30T00:00:00.000000Z', 'updated_at': '2022-03-17T16:53:12.000000Z', 'deleted_at': None}",250,Lisinopril,,04-8142,1,Tablet,1,Oral,5 mg,1319,Unique Pharmaceuticals Limited,2025-10-29,2030-10-28,Active,"Tablet.
Orange-colored, circular, uncoated tablets with break line &quot;L and 5&quot; debossed on one side and &quot;U&quot; on the other side",2 x 14&#039;s (in blister strips),"Each uncoated tablet contains: Lisinopril USP 5 mg
Excipients q.s.",https://admin.greenbook.nafdac.gov.ng/uploadImage/smpc_files/2025/12/03/202512032e5232dd-af7e-5c35-96dd-a41a82ab12ff.pdf,C09AA03,https://greenbook.nafdac.gov.ng/products/details/12203,2026-09-29T10:52:30.242228+00:00
Greenbook NAFDAC,4131,3501,Lisiofil-10 Tablets##,1,Drugs,"{'id': 1, 'name': 'Drugs', 'created_at': '-000001-11-30T00:00:00.000000Z', 'updated_at': '2022-03-17T16:53:12.000000Z', 'deleted_at': None}",250,Lisinopril,,04-8143,1,Tablet,1,Oral,10 mg,320,Unique AgroChem Ltd,2020-11-10,2025-11-09,Inactive,Tablet,,Each tablet contains: Lisinopril 10 mg,,C09AA03,https://greenbook.nafdac.gov.ng/products/details/3501,2026-09-29T10:52:30.242228+00:00
Greenbook NAFDAC,4132,5151,Lisitab 10 mg Tablets##,1,Drugs,"{'id': 1, 'name': 'Drugs', 'created_at': '-000001-11-30T00:00:00.000000Z', 'updated_at': '2022-03-17T16:53:12.000000Z', 'deleted_at': None}",250,Lisinopril,,A4-6148,1,Tablet,1,Oral,10 mg,368,KCH Consumer Healthcare Limited,2023-05-25,2028-05-24,Active,"Tablet
Each tablet is white, oblong/oval shaped, biconvex and one side have an embossing of &quot;LS/10&quot; and plain on the other side

46	CMS-PP-313181	LISITAB 10MG TABLETS	LISNOPRIL 10MG	Lisnopril 10mg. Magnesium Stearate, Talc powder, Corn Starch, Methy paraben.	A4-6148	Drugs	Nigerian Products	2*14	POM 1	2/4/2023	KCH CONSUMER HEALTHCARE LIMITED, 2B, KWAME NKRUMAH LANE, CROWN ESTATE LEKKI EPE EXPRESSWAY	8032317925	Kchconsumer@gmail.com	KCH Consumer Healthcare Ltd., Plot 1-6 KCH Close, Off Atlantic Hall Expressway, Poka, Lekki Free Trade Zone, Epe, Lagos., Nigeria",2 x 14&#039;s (in PVC-Alu blisters),"Each tablet contains: Lisinopril Dihydrate equivalent to 10 mg Anhydrous Lisinopril
Excipients q.s.",https://admin.greenbook.nafdac.gov.ng/uploadImage/smpc_files/2023/09/21/20230921693abea1-7a8b-5ae4-a56c-b37455cd2911.pdf,C09AA03,https://greenbook.nafdac.gov.ng/products/details/5151,2026-09-29T10:52:30.242228+00:00
Greenbook NAFDAC,4133,5152,Lisitab 5 mg Tablets##,1,Drugs,"{'id': 1, 'name': 'Drugs', 'created_at': '-000001-11-30T00:00:00.000000Z', 'updated_at': '2022-03-17T16:53:12.000000Z', 'deleted_at': None}",250,Lisinopril,, A4-6147,1,Tablet,1,Oral,5 mg,368,KCH Consumer Healthcare Limited,2023-05-25,2028-05-24,Active,"Tablet
Each tablet is white, oblong/oval shaped, biconvex and one side have an embossing of &quot;LS/5&quot; and plain on the other side

45	CMS-PP-313180	LISITAB 5MG TABLETS	LISINOPRIL 5MG	Lisnopril 5mg, Magnesium Stearate, Talc Powder, Corn starch, Methy paraben.	A4-6147	Drugs	Nigerian Products	2*14	POM 1	2/4/2023	KCH CONSUMER HEALTHCARE LIMITED, 2B, KWAME NKRUMAH LANE, CROWN ESTATE LEKKI EPE EXPRESSWAY	8032317925	Kchconsumer@gmail.com	KCH Consumer Healthcare Ltd., Plot 1-6 KCH Close, Off Atlantic Hall Expressway, Poka, Lekki Free Trade Zone, Epe, Lagos., Nigeria",2 x 14&#039;s (in PVC-Alu blisters),"Each tablet contains: Lisinopril Dihydrate equivalent to 5 mg Anhydrous Lisinopril
Excipients q.s.",https://admin.greenbook.nafdac.gov.ng/uploadImage/smpc_files/2023/10/04/20231004b5852127-ed45-5a0b-974b-f44d8e0423a0.pdf,C09AA03,https://greenbook.nafdac.gov.ng/products/details/5152,2026-09-29T10:52:30.242228+00:00
Greenbook NAFDAC,4134,6332,Listerine Coolmint Mouthwash##,1,Drugs,"{'id': 1, 'name': 'Drugs', 'created_at': '-000001-11-30T00:00:00.000000Z', 'updated_at': '2022-03-17T16:53:12.000000Z', 'deleted_at': None}",1415,Thymol; Alcohol (95% v/v),,04-4671,50,Mouthwash,1,Oral,12.78 mg; 4.53 mL,1084,J &amp; J Company West Africa Limited,2023-05-25,2028-05-24,Active,"Mouthwash

Listerine Coolmint Mouthwash	Thymol + Alcohol	Thymol 12.78 mg, Alcohol (95 % V/V) 4.53 ml	Apr-71	Drugs	Imported Products	250ml,500ml,750ml	Over The Counter (OTC)	5/20/2022	J &amp; J COMPANY WEST AFRICA LIMITED, SINARI DARANIJO STREET, VICTORIA ISLAND LAGOS LAGOS	9062881239	DL-CONZACTCTRegulatoryAffairs@JNJZA.JNJ.com	Johnson&#039;s &amp; Johnson&#039;s (PTY) Ltd, 241, Main Road, Retreat 7945, South Africa, South Africa","1 x 250 mL, 1 x 500 mL, 1 x 750 mL (in bottles)","Each 20 mL contains: Thymol 12.78 mg, Alcohol (95 %) w/v 4.53 mL
Excipients: Benzoic Acid, Eucalyptol, FD &amp; C Green No. 3 (C.I. 42053), L-Menthol, Mint Flavor N &amp; A SNO 11397, Methyl Salicylate, Menthol, Poloxamer 407, Sodium Benzoate, Saccharin Sodium, Sorbitol Solution
",https://admin.greenbook.nafdac.gov.ng/uploadImage/smpc_files/2023/08/23/20230823df673ebf-cbd5-576b-a3cc-0203832fbc34.pdf,R02AA19,https://greenbook.nafdac.gov.ng/products/details/6332,2026-09-29T10:52:30.242228+00:00
Greenbook NAFDAC,4135,6331,Listerine Tartar Control Mouthwash##,1,Drugs,"{'id': 1, 'name': 'Drugs', 'created_at': '-000001-11-30T00:00:00.000000Z', 'updated_at': '2022-03-17T16:53:12.000000Z', 'deleted_at': None}",1415,Thymol; Alcohol (95% v/v),,A4-3866,50,Mouthwash,1,Oral,12.78 mg; 18 mg; 4.54 mL,1084,J &amp; J Company West Africa Limited,2023-05-25,2028-05-24,Active,"Mouthwash
A clear blue solution with a mild peppermint odor and flavor, which may become cloudy in cold weather

64	RNW-PP-263025	Listerine Tartar Control Mouthwash	Thymol + Alcohol	Thymol 12.78 mg, Alcohol (95 % V/V) 4.54 ml, Zinc Chloride 18.00 mg	A4-3866	Drugs	Imported Products	250ml,500ml	Over The Counter (OTC)	5/20/2022	J &amp; J COMPANY WEST AFRICA LIMITED, SINARI DARANIJO STREET, VICTORIA ISLAND LAGOS LAGOS	9062881239	DL-CONZACTCTRegulatoryAffairs@JNJZA.JNJ.com	Johnson&#039;s &amp; Johnson&#039;s (PTY) Ltd, 241, Main Road, Retreat 7945, South Africa, South Africa","1 x 250 mL, 1 x 500 mL (in PET bottles)","Each 20 mL contains: Thymol 12.78 mg, Alcohol (95 %) w/v 4.54 mL, Zinc Chloride 18 mg
Excipients: Benzoic Acid (E210), Eucalyptol, FD &amp; C Blue No. 1 (Colorant), L-Menthol (flavorant), Mint Flavor, Methyl Salicylate, Menthol, Poloxamer, Purified water, Sodium Benzoate, Saccharin Sodium(E954), Sorbitol Solution (E211), Sorbitol solution (E420)",https://admin.greenbook.nafdac.gov.ng/uploadImage/smpc_files/2023/08/23/20230823b196ca89-3bd9-558b-8dca-8ec66fa1f752.pdf,R02AA19,https://greenbook.nafdac.gov.ng/products/details/6331,2026-09-29T10:52:30.242228+00:00
Greenbook NAFDAC,4136,5153,Listerine Teeth & Gum Defence Mouthwash##,1,Drugs,"{'id': 1, 'name': 'Drugs', 'created_at': '-000001-11-30T00:00:00.000000Z', 'updated_at': '2022-03-17T16:53:12.000000Z', 'deleted_at': None}",1414,Thymol; Sodium fluoride; Alcohol (95 % v/v),,B4-6501,50,Mouthwash,1,Oral,12.78 mg; 4.42 mg; 4.54 mL,1084,J &amp; J Company West Africa Limited,2023-05-25,2028-05-24,Active,"Mouthwash

65	RNW-PP-263026	Listerine Teeth &amp; Gum Defence Mouthwash	Thymol + Alcohol	Thymol 12.78 mg, Alcohol (95 % V/V) 4.54 ml, Sodium fluoride 4.42 mg	B4-6501	Drugs	Imported Products	250ml,500ml,750ml	Over The Counter (OTC)	5/20/2022	J &amp; J COMPANY WEST AFRICA LIMITED, SINARI DARANIJO STREET, VICTORIA ISLAND LAGOS LAGOS	9062881239	DL-CONZACTCTRegulatoryAffairs@JNJZA.JNJ.com	Johnson&#039;s &amp; Johnson&#039;s (PTY) Ltd, 241, Main Road, Retreat 7945, South Africa, South Africa","1 x 250 mL, 1x 500 mL, 1 x 750 mL","Listerine Teeth &amp; Gum Defence Mouthwash contains: Thymol 12.78 mg, Alcohol (95%) w/v 4.54 mL, Sodium Fluoride 4.42 mg",https://admin.greenbook.nafdac.gov.ng/uploadImage/smpc_files/2025/05/24/202505242e6e6126-16dd-5f31-ad26-ad55f46fe558.pdf,A01AA51,https://greenbook.nafdac.gov.ng/products/details/5153,2026-09-29T10:52:30.242228+00:00
Greenbook NAFDAC,4137,11543,Livether 20/120 Tablets**,1,Drugs,"{'id': 1, 'name': 'Drugs', 'created_at': '-000001-11-30T00:00:00.000000Z', 'updated_at': '2022-03-17T16:53:12.000000Z', 'deleted_at': None}",528,Artemether; Lumefantrine,,C4-0926,1,Tablet,1,Oral,20 mg; 120 mg,1191,Everliving Pharmacy Ltd,2025-07-30,2030-07-29,Active,"Uncoated Tablet.
Yellow coloured, round shaped, uncoated, biconvex tablets plain on both sides",3 x 8&#039;s (in Alu-PVDC blisters),"Each uncoated tablet contains: Artemether 20 mg, Lumefantrine 120 mg, Excipients q.s.",https://admin.greenbook.nafdac.gov.ng/uploadImage/smpc_files/2025/08/22/202508228a669158-86b7-5e11-964f-98b8576c8070.pdf,P01BF01,https://greenbook.nafdac.gov.ng/products/details/11543,2026-09-29T10:52:30.242228+00:00
Greenbook NAFDAC,4138,5155,Livether Tablet 80 mg/480 mg**,1,Drugs,"{'id': 1, 'name': 'Drugs', 'created_at': '-000001-11-30T00:00:00.000000Z', 'updated_at': '2022-03-17T16:53:12.000000Z', 'deleted_at': None}",528,Artemether; Lumefantrine,,B4-7401,1,Tablet,1,Oral,80 mg; 480 mg,1191,Everliving Pharmacy Ltd,2023-07-06,2028-07-05,Active,Uncoated Tablet,1 x 6&#039;s (in PVC-Alu blister),"Each uncoated coated caplet contains: Artemether Ph.I 80 mg, Lumefantrine 480 mg, Excipients q.s.",https://admin.greenbook.nafdac.gov.ng/uploadImage/smpc_files/2023/08/22/20230822c5ace2af-8947-57b6-8a20-285b55dda47d.pdf,P01BF01,https://greenbook.nafdac.gov.ng/products/details/5155,2026-09-29T10:52:30.242228+00:00
Greenbook NAFDAC,4139,12430,Livether Tablets 20 mg/120 mg $,1,Drugs,"{'id': 1, 'name': 'Drugs', 'created_at': '-000001-11-30T00:00:00.000000Z', 'updated_at': '2022-03-17T16:53:12.000000Z', 'deleted_at': None}",528,Artemether; Lumefantrine,,C4-0926,1,Tablet,1,Oral,20 mg; 120 mg,1191,Everliving Pharmacy Ltd,2025-12-18,2030-12-17,Active,"LIVETHER TABLETS 20MG/120MG	ARTEMETHER 20MG, LUMEFANTRINE 120MG	C4-0926	Drugs	Imported Product	3x8	12-08-2025	EVERLIVING PHARMACY LTD, Igwilo’s Compound, Opp. Atumadu Filling Station Along Awka-ekwulobia Road, Nanka Anambra State, Nigeria	08033535113	everlivingpharmacyltd@outlook.com	Lesanto Laboratories, Plot No. 9, 10, 11 &amp; 20, Survey No. 53, Manor Road, Near Railway Bridge, Palghar (E), Thane 401404 Maharashtra State, India
",3 x 8,"Each uncoated tablet contains: Artemether 20 mg, Lumefantrine 120 mg 
Excipients q.s.

",https://admin.greenbook.nafdac.gov.ng/uploadImage/smpc_files/2026/02/16/20260216f52ed1df-de2c-5314-9afd-df952c0e2071.pdf,P01BF01,https://greenbook.nafdac.gov.ng/products/details/12430,2026-09-29T10:52:30.242228+00:00
Greenbook NAFDAC,4140,10718,Lizopril 10##,1,Drugs,"{'id': 1, 'name': 'Drugs', 'created_at': '-000001-11-30T00:00:00.000000Z', 'updated_at': '2022-03-17T16:53:12.000000Z', 'deleted_at': None}",250,Lisinopril,,A4-2467,1,Tablet,1,Oral,10 mg,729,Sam Pharmaceutical Limited,2024-06-27,2029-06-26,Active,Tablet,2 x 14&#039;s (in PVC-Alu blisters),"Each uncoated tablet contains: Lisinopril Dihydrate USP equivalent to Lisinopril Base 10 mg
Excipients q.s.",https://admin.greenbook.nafdac.gov.ng/uploadImage/smpc_files/2024/07/20/20240720fd42f760-733f-5501-9ce6-78468215a110.pdf,C09AA03,https://greenbook.nafdac.gov.ng/products/details/10718,2026-09-29T10:52:30.242228+00:00
Greenbook NAFDAC,4141,10742,Lizopril 5_,1,Drugs,"{'id': 1, 'name': 'Drugs', 'created_at': '-000001-11-30T00:00:00.000000Z', 'updated_at': '2022-03-17T16:53:12.000000Z', 'deleted_at': None}",250,Lisinopril,,A4-2468,1,Tablet,1,Oral,5 mg,729,Sam Pharmaceutical Limited,2024-06-27,2029-06-26,Active,"Uncoated Tablets.

12	RNW-PP-417216	LIZOPRIL 5	LISINOPRIL DIHYDRATE EQ. TO LISINOPRIL 5MG	Lisinopril Dihydrate Eq. To Lisinopril 5mg,Maize starch, Microcrystalline cellulose, Povidone, Magnesium Stearate, Purified Talc, Sodium Starch Glycolate, Colloidal Anhydrous Silica.	A4-2468	Drugs	Imported Products	2X14	Prescription Only Medicine (POM)	4/17/2024	SAM PHARMACEUTICALS LIMITED, OYADIRAN ESTATE, SABO YABA SABO YABA LAGOS	17753455	sampharm18@yahoo.com	SWISS PHARMA PVT. LTD INDIA, 3709 G.T.D.C PHASE IV VATVA, AHMEDABAD-382445, India",2 x 14&#039;s in Alu PVC Blisters,Each uncoated tablet contains: Lisinopril Dihydrate USP equiv. to Lisinopril 5 mg,https://admin.greenbook.nafdac.gov.ng/uploadImage/smpc_files/2024/07/20/2024072038f044f0-452e-5d2d-8ac0-6797fc2d106d.pdf,C09AA03,https://greenbook.nafdac.gov.ng/products/details/10742,2026-09-29T10:52:30.242228+00:00
Greenbook NAFDAC,4142,5156,LNG-IUS	Levonorgestrel 52 mg**,1,Drugs,"{'id': 1, 'name': 'Drugs', 'created_at': '-000001-11-30T00:00:00.000000Z', 'updated_at': '2022-03-17T16:53:12.000000Z', 'deleted_at': None}",683,Levonorgestrel,,A4-0553,41,Intrauterine delivery system,11,Intrauterine,52 mg,133,Bayer Nigeria Limited,2023-07-06,2028-07-05,Active,"Intrauterine delivery system (IUS).
The levonorgestrel (LNG) IUS consists of a white or almost white drug core covered with an opaque membrane, which is mounted on the vertical stem of a T-body. The T-body has a loop at one end of the vertical stem and two horizontal arms at the other end. Removal threads are attached to the loop. The vertical stem of the IUS is loaded in the insertion tube at the tip of the inserter. The IUS and inserter are essentially free of visible impurities",1 x 1&#039;s,"Levonorgestrel 52 mg.
The initial release rate is 20 micrograms /24 hours",https://admin.greenbook.nafdac.gov.ng/uploadImage/smpc_files/2023/08/24/20230824d13db437-ae38-55c9-85e8-c45c8b957b65.pdf,G02BA03,https://greenbook.nafdac.gov.ng/products/details/5156,2026-09-29T10:52:30.242228+00:00
Greenbook NAFDAC,4143,6338,Locid Suspension## (check NRN),1,Drugs,"{'id': 1, 'name': 'Drugs', 'created_at': '-000001-11-30T00:00:00.000000Z', 'updated_at': '2022-03-17T16:53:12.000000Z', 'deleted_at': None}",152,Aluminium hydroxide; Magnesium hydroxide; Simeticone,,4/1/4430,102,Suspension,1,Oral,325 mg/5 mL; 100 mg/5 mL; 125 mg/5 mL,199,Interpharma Industries Limited,2023-03-28,2028-03-27,Active,"Oral Suspension
Light pink colored, flavored, viscous suspension

34	RNW-PP-250839	LOCID SUSPENSION	ALUMINA, MAGNESIA AND SIMETHICONE ORAL SUSPENSION USP	Activated polymethysiloxane USP 137.50mg, Magnesium Hydroxide USP 100mg, Dried Aluminiumhydroxide gel (suspension grade#400)eq. To Aluminium Hydroxide USP 325.00mg(248.62), Butyl hydroxyl benzoate BP 5.00mg, methyl Hydroxybenzoate BP 9.00mg, Propyl Hydroxy benzoate BP 5.00mg, Benzoic Acid BP 10.00mg, Xanthan gum USNF 20.00mg, Colloidal Silicon dioxide USNF 5.00mg, Sorbital Solution BP 1.25g, Citric acid anhydrous BP 3.00mg, Colour allura Red supra IH 75.00µg, Bronopol BP 1.00mg, flavor Spearmint	Apr-30	Drugs	ALIMENTARY TRACT AND METABOLISM	Imported Products	1x200ml,1x100ml	OTC	2/4/2022	INTERPHARMA INDUSTRIES LTD, SALVATION ROAD, OPEBI IKEJA IKEJA LAGOS	8129450972	admncpl@gmail.com	Cadila Pharmaceuticals Limited, India, 1389, Dholka - 387810 District: Ahmedabad Gujarat State India, India","1 x 100 mL, 1 x 200 mL (in PET bottles)","Each 5 mL contains: Dried Aluminium Hydroxide Gel USP (as Aluminium Hydroxide ) 325 mg, Magnesium Hydroxide USP 100 mg, Activated Polydimethylsilioxane USP (Simethicone) 125 mg
Excipients q.s.",https://admin.greenbook.nafdac.gov.ng/uploadImage/smpc_files/2023/09/24/20230924fcfac018-613e-5607-8cc9-289cfb77869d.pdf,A02AF,https://greenbook.nafdac.gov.ng/products/details/6338,2026-09-29T10:52:30.242228+00:00
Greenbook NAFDAC,4144,10251,Lodium Capsules##,1,Drugs,"{'id': 1, 'name': 'Drugs', 'created_at': '-000001-11-30T00:00:00.000000Z', 'updated_at': '2022-03-17T16:53:12.000000Z', 'deleted_at': None}",195,Loperamide Hydrochloride,,A4-2726,2,Capsule,1,Oral,2 mg,329,Vixa Pharmaceutical Company Limited,2021-03-29,2026-03-28,Inactive,Hard Capsule,"1 x 10&#039;s, 10 x 10&#039;s (in PVC-Alu blisters)","Each hard capsule contains: Loperamide Hydrochloride 2 mg
Excipient with known effect (per hard capsule): Starch 150 mg
Excipients q.s.",https://admin.greenbook.nafdac.gov.ng/uploadImage/smpc_files/2024/08/29/202408297ce61893-c074-57fd-9e2f-9440ad3120ec.pdf,A07DA03,https://greenbook.nafdac.gov.ng/products/details/10251,2026-09-29T10:52:30.242228+00:00
Greenbook NAFDAC,4145,2671,Lodivasc-10 Tablets**,1,Drugs,"{'id': 1, 'name': 'Drugs', 'created_at': '-000001-11-30T00:00:00.000000Z', 'updated_at': '2022-03-17T16:53:12.000000Z', 'deleted_at': None}",272,Amlodipine (Amlodipine Besilate),Amlodipine (Amlodipine Besylate),A4-5280,1,Tablet,1,Oral,10 mg,641,Franphino Pharmaceuticals Nigeria Limited,2020-12-21,2025-12-20,Inactive,Tablet,,Amlodipine 10 mg,,C08CA01,https://greenbook.nafdac.gov.ng/products/details/2671,2026-09-29T10:52:30.242228+00:00
Greenbook NAFDAC,4146,12204,Lofnac 100 Suppositories_,1,Drugs,"{'id': 1, 'name': 'Drugs', 'created_at': '-000001-11-30T00:00:00.000000Z', 'updated_at': '2022-03-17T16:53:12.000000Z', 'deleted_at': None}",77,Diclofenac Sodium,,04-6474,89,Suppository,18,Rectal,100 mg,189,Greenlife Pharmaceutical Limited,2025-10-29,2030-10-28,Active,"Suppository.
White to off-white bullet shaped suppositories",2 x 5&#039;s (in PVC/PE foils),"Each suppository contains: Diclofenac Sodium BP 100 mg
Excipients q.s.",https://admin.greenbook.nafdac.gov.ng/uploadImage/smpc_files/2025/12/03/20251203c51da849-f29b-542f-9490-9d97cd5f8479.pdf,M01AB05,https://greenbook.nafdac.gov.ng/products/details/12204,2026-09-29T10:52:30.242228+00:00
Greenbook NAFDAC,4147,10743,Lofnac 100 Tablet## (duplicate),1,Drugs,"{'id': 1, 'name': 'Drugs', 'created_at': '-000001-11-30T00:00:00.000000Z', 'updated_at': '2022-03-17T16:53:12.000000Z', 'deleted_at': None}",77,Diclofenac Sodium,,04-7290,1,Tablet,1,Oral,100 mg ,189,Greenlife Pharmaceutical Limited,2025-02-28,2030-02-27,Active,"Prolonged Release Tablets

LOFNAC 100 TABLET	DICLOFENAC SODIUM PROLONGED RELEASE 100MG BP	DICLOFENAC SODIUM PROLONGED RELEASE 100MG BP,SUCROSE 97MG,POVIDONE K30 10MG,CETYL ALCOHOL 75MG,COLLOIDAL SILICON DIOXIDE 3MG,MEGNESIUM STEARATE 3MG,OPADRY PINK 4.32MG,PURIFIED WATER	04-7290	Drugs	Imported Product	20X1X10	06-12-2024	GREENLIFE PHARMACEUTICAL LIMITED, 35A, ASSOCIATION AVENUE, ILUPEJU, LAGOS 	017378995		&quot;Bliss gvs pharm ltd, 10, Dewan Udyog Nagar,
Aliyai village, Palghar,
Dist. Thane - 401 404, 
Maharahtra, India. &quot;
",1 x 10&#039;s (in blisters),"Each prolonged release tablet contains: Diclofenac Sodium equivalent  to Diclofenac 100 mg
Excipients q.s.",https://admin.greenbook.nafdac.gov.ng/uploadImage/smpc_files/2025/04/15/202504151b42d40f-0fe8-5996-9197-a15039689279.pdf,M01AB05,https://greenbook.nafdac.gov.ng/products/details/10743,2026-09-29T10:52:30.242228+00:00
Greenbook NAFDAC,4148,128,Lofnac 100 Tablets##,1,Drugs,"{'id': 1, 'name': 'Drugs', 'created_at': '-000001-11-30T00:00:00.000000Z', 'updated_at': '2022-03-17T16:53:12.000000Z', 'deleted_at': None}",77,Diclofenac Sodium,,04-7290,1,Tablet,1,Oral,100 mg,189,Greenlife Pharmaceutical Limited,2021-12-02,2026-12-01,Active,Tablet,1 x 10&#039;s (in blister),"Each prolonged release tablet contains: Diclofenac Sodium 100 mg
Excipients q.s.",https://admin.greenbook.nafdac.gov.ng/uploadImage/smpc_files/2025/03/26/20250326708294c3-0094-5ae2-9bb8-20bfa9646950.pdf,M01AB05,https://greenbook.nafdac.gov.ng/products/details/128,2026-09-29T10:52:30.242228+00:00
Greenbook NAFDAC,4149,10744,Lofnac 50 Suppositories_,1,Drugs,"{'id': 1, 'name': 'Drugs', 'created_at': '-000001-11-30T00:00:00.000000Z', 'updated_at': '2022-03-17T16:53:12.000000Z', 'deleted_at': None}",77,Diclofenac Sodium,,C4-0068,89,Suppository,18,Rectal,50 mg,189,Greenlife Pharmaceutical Limited,2024-07-31,2029-07-30,Active,"Rectal Suppository.

71	RNW-PP-426542	LOFNAC 50 SUPPOSITORIES	DICLOFENAC SODIUM BP 50MG	DICLOFENAC SODIUM BP 50MG,PEG,METHYL PARABEN,PROPYL PARABEN,BHT,TITANIUM DIOXIDE	C4-0068	Drugs	Imported Products	2X5	POM 1	5/17/2024	GREENLIFE PHARMACEUTICAL LIMITED, 35A, ASSOCIATION AVENUE, ILUPEJU, LAGOS 	17378995	greenlife.regulatory@yahoo.com	Bliss gvs pharm ltd, 10, Dewan Udyog Nagar, Aliyai village, Palghar, Dist. Thane - 401 404, Maharahtra, India. , India",2 x 5&#039;s,Each suppository contains: Diclofenac Sodium BP 50 mg,https://admin.greenbook.nafdac.gov.ng/uploadImage/smpc_files/2024/11/30/20241130b3e37b38-d579-5993-8e91-939633ab6543.pdf,M01AB05,https://greenbook.nafdac.gov.ng/products/details/10744,2026-09-29T10:52:30.242228+00:00
Greenbook NAFDAC,4150,6962,Lofnac Gel##,1,Drugs,"{'id': 1, 'name': 'Drugs', 'created_at': '-000001-11-30T00:00:00.000000Z', 'updated_at': '2022-03-17T16:53:12.000000Z', 'deleted_at': None}",1149,Diclofenac Sodium (Diclofenac Diethylamine); Methyl salicylate; Menthol; Linseed oil,,04-7092,29,Gel,21,Topical,1%; 10%; 5%; 3%,189,Greenlife Pharmaceutical Limited,2023-12-21,2028-12-20,Active,"Gel
A white to off white smooth gel

106	RNW-PP-361203 	LOFNAC GEL	LINSEED OIL 3%W/W, DICLOFENAC DIETHYLAMINE 1.16%W/W EQ TO DICLOFENAC SODIUM 1%W/W, METHYL SALICYLATE 10%W/W, MENTHOL 5%W/W	Linseed oil BP 3.00% w/w, Diclofenac Diethylamine BP 1.16% w/w equivalent to Diclofenac Sodium 1% w/w, Methyl Salicylate BP 10.00% w/w, Menthol BP 5.00% w/w. Carbomer 940, Disodium Edetate, Butylated Hydroxy Toluene, Propylene Glycol, Benzyl Alcohol, Isopropyl Alcohol, Hydrogenated Caster Oil (Polyoxyl 40), Triethanolamine, Polysorbate 80, Butylated Hydroxy Anisole, Citric acid monohydrate, purified water	Apr-92	Drugs	Imported Products	30G	Over The Counter (OTC)	9/7/2023	GREENLIFE PHARMACEUTICALS LIMITED, 35A, ASSOCIATION AVENUE, ILUPEJU, LAGOS	17378995	greenlife.regulatory@yahoo.com	GOPALDAS VISRAM &amp; COMPANY LIMITED, PLOT NO. A-590/591 T.T.C INDUSTRIAL AREA,MAHAPE, NAVI MUMBAI-400 701, MAHARASHTRA STATE, INDIA , India",1 x 30 g (in Lami tube),"Each gram contains: Diclofenac Dimethylamine BP 1.16 g equivalent to Diclofenac Sodium 1.00 % w/w; Linseed oil BP 3.00% w/w/, Methyl Salicylate BP 10.00% w/w, Menthol BP 5.00 % w/w
Excipients q.s.",https://admin.greenbook.nafdac.gov.ng/uploadImage/smpc_files/2024/01/01/20240101ea7879b6-4f65-5253-8ee2-96864a85158d.pdf,M02AA15,https://greenbook.nafdac.gov.ng/products/details/6962,2026-09-29T10:52:30.242228+00:00
Greenbook NAFDAC,4151,129,Lofnac Plus Tablets##,1,Drugs,"{'id': 1, 'name': 'Drugs', 'created_at': '-000001-11-30T00:00:00.000000Z', 'updated_at': '2022-03-17T16:53:12.000000Z', 'deleted_at': None}",1549,Diclofenac Sodium; Paracetamol,,A4-5171,1,Tablet,1,Oral,50 mg; 500 mg,189,Greenlife Pharmaceutical Limited,2021-12-02,2026-12-01,Active,"Tablet
White elongated biconvex uncoated tablet having break line on one side",1 x 10&#039;s (in blister),"Each tablet contains: Diclofenac Sodium 50 mg, Paracetamol 500 mg
Excipients q.s.",https://admin.greenbook.nafdac.gov.ng/uploadImage/smpc_files/2025/03/26/20250326b0bcd478-654e-5126-9245-398a9a00f0e0.pdf,N02BE51,https://greenbook.nafdac.gov.ng/products/details/129,2026-09-29T10:52:30.242228+00:00
Greenbook NAFDAC,4152,7453,Lokmal Dispersible Tablet**,1,Drugs,"{'id': 1, 'name': 'Drugs', 'created_at': '-000001-11-30T00:00:00.000000Z', 'updated_at': '2022-03-17T16:53:12.000000Z', 'deleted_at': None}",528,Artemether; Lumefantrine,,A11-0292,13,Dispersible tablet,1,Oral,20 mg; 120 mg,167,Emzor Pharmaceutical Industries Limited,2024-03-27,2029-03-26,Active,"Dispersible Tablet.
Yellow coloured, circular, flat, bevelled edged, uncoated tablets plain surface on both the sides",1 x 6&#039;s; 2 x 6&#039;s,"Artemether + Lumefantrine Tablet 20/120 mg.
Each dispersible tablet contains: Artemether 20 mg, Lumefantrine 120 mg",https://admin.greenbook.nafdac.gov.ng/uploadImage/smpc_files/2024/04/18/20240418e37359cf-01fc-5c5c-91af-795250dc8cd6.pdf,P01BF01,https://greenbook.nafdac.gov.ng/products/details/7453,2026-09-29T10:52:30.242228+00:00
Greenbook NAFDAC,4153,5157,Lokmal Junior Tablet**,1,Drugs,"{'id': 1, 'name': 'Drugs', 'created_at': '-000001-11-30T00:00:00.000000Z', 'updated_at': '2022-03-17T16:53:12.000000Z', 'deleted_at': None}",528,Artemether; Lumefantrine,,A4-1697,1,Tablet,1,Oral,20 mg; 120 mg,167,Emzor Pharmaceutical Industries Limited,2021-05-07,2026-05-06,Inactive,Tablet,,,https://admin.greenbook.nafdac.gov.ng/uploadImage/smpc_files/2025/01/13/202501133c9311e8-8e8f-559b-a6db-3dec7f7405ef.pdf,P01BF01,https://greenbook.nafdac.gov.ng/products/details/5157,2026-09-29T10:52:30.242228+00:00
Greenbook NAFDAC,4154,6552,Lokmal QS Caplet**,1,Drugs,"{'id': 1, 'name': 'Drugs', 'created_at': '-000001-11-30T00:00:00.000000Z', 'updated_at': '2022-03-17T16:53:12.000000Z', 'deleted_at': None}",528,Artemether; Lumefantrine,,A4-1696,108,Caplet,1,Oral,80 mg; 480 mg,167,Emzor Pharmaceutical Industries Limited,2023-11-30,2028-11-29,Active,"Tablet.
Light yellow, round tablet with “NC” debossed on one side and “CG” on the other",1 x 6&#039;s (in PVC/PE/PVDC/aluminium blister),Each tablet contains 80 mg Artemether and 480 mg Lumefantrine,https://admin.greenbook.nafdac.gov.ng/uploadImage/smpc_files/2023/12/19/202312194b21bb6f-0c53-5060-be43-31116b2f286c.pdf,P01BF01,https://greenbook.nafdac.gov.ng/products/details/6552,2026-09-29T10:52:30.242228+00:00
Greenbook NAFDAC,4155,2857,Lokmal QS Combi**,1,Drugs,"{'id': 1, 'name': 'Drugs', 'created_at': '-000001-11-30T00:00:00.000000Z', 'updated_at': '2022-03-17T16:53:12.000000Z', 'deleted_at': None}",529,Artemether; Lumefantrine; Paracetamol,,A11-0157,118,Kit,1,Oral,80 mg; 480 mg; 500 mg,167,Emzor Pharmaceutical Industries Limited,2021-05-07,2026-05-06,Inactive,"Tablets, Kit",,Each Kit contains: Artemether/Lumefantrine 80 mg/480 mg (6 tablets) + Paracetamol 500 mg (12 tablets),https://admin.greenbook.nafdac.gov.ng/uploadImage/smpc_files/2025/01/13/202501132b276423-cd32-57e0-81cf-8518eae6d96b.pdf,Pending,https://greenbook.nafdac.gov.ng/products/details/2857,2026-09-29T10:52:30.242228+00:00
Greenbook NAFDAC,4156,7454,Lokmal Suspension**,1,Drugs,"{'id': 1, 'name': 'Drugs', 'created_at': '-000001-11-30T00:00:00.000000Z', 'updated_at': '2022-03-17T16:53:12.000000Z', 'deleted_at': None}",528,Artemether; Lumefantrine,,A11-0293,72,Powder for suspension,1,Oral,20 mg/5 mL; 120 mg/5 mL,167,Emzor Pharmaceutical Industries Limited,2024-03-27,2029-03-26,Active,Powder for oral suspension,60 mL (in HDPE bottle),"Artemether  20 mg + Lumefantrine 120 mg/5 mL.
Each 60-mL bottle contains: Artemether 240 mg, and Lumefantrine 1440 mg",https://admin.greenbook.nafdac.gov.ng/uploadImage/smpc_files/2024/04/18/20240418e284f1b7-eabc-5c99-a905-1b1164cd551d.pdf,P01BF01,https://greenbook.nafdac.gov.ng/products/details/7454,2026-09-29T10:52:30.242228+00:00
Greenbook NAFDAC,4157,12205,Lokmal Tablet_,1,Drugs,"{'id': 1, 'name': 'Drugs', 'created_at': '-000001-11-30T00:00:00.000000Z', 'updated_at': '2022-03-17T16:53:12.000000Z', 'deleted_at': None}",528,Artemether; Lumefantrine,,A4-1697,1,Tablet,1,Oral,20 mg; 120 mg,167,Emzor Pharmaceutical Industries Limited,2025-10-29,2030-10-28,Active,Tablet,"1 x 24&#039;s, 1 x 6&#039;s, 3 x 6&#039;s, 2 x 6&#039;s (in Alu-Alu blisters)","Each tablet contains: Artemether 20 mg, Lumefantrine 120 mg
Excipients q.s.",https://admin.greenbook.nafdac.gov.ng/uploadImage/smpc_files/2025/12/02/20251202088eecbc-5cb7-5f14-bb49-4f978c38568d.pdf,P01BF01,https://greenbook.nafdac.gov.ng/products/details/12205,2026-09-29T10:52:30.242228+00:00
Greenbook NAFDAC,4158,8777,Lomasyl Forte Tablets**,1,Drugs,"{'id': 1, 'name': 'Drugs', 'created_at': '-000001-11-30T00:00:00.000000Z', 'updated_at': '2022-03-17T16:53:12.000000Z', 'deleted_at': None}",528,Artemether; Lumefantrine,,B4-3515,1,Tablet,1,Oral,80 mg; 480 mg,391,Klusyl International Co. Ltd,2021-06-24,2026-06-23,Inactive,Tablet,1 x 6&#039;s (in blister),"Artemether 80 mg + Lumefantrine 480 mg Tablets.
Each tablet contains: Artemether Ph.Int. 80 mg and Lumefantrine Ph.Int. 480 mg",https://admin.greenbook.nafdac.gov.ng/uploadImage/smpc_files/2024/09/20/20240920684250e9-7cd0-52d5-aec3-dde341cf5bcd.pdf,P01BF01,https://greenbook.nafdac.gov.ng/products/details/8777,2026-09-29T10:52:30.242228+00:00
Greenbook NAFDAC,4159,10252,Lomez Capsules##,1,Drugs,"{'id': 1, 'name': 'Drugs', 'created_at': '-000001-11-30T00:00:00.000000Z', 'updated_at': '2022-03-17T16:53:12.000000Z', 'deleted_at': None}",176,Omeprazole,,C4-1539,2,Capsule,1,Oral,20 mg,126,Adler Products Ltd,2021-01-28,2026-01-27,Inactive,Oral Capsule,2 x 7&#039;s,Each capsule contains: Omeprazole 20 mg,,A02BC01,https://greenbook.nafdac.gov.ng/products/details/10252,2026-09-29T10:52:30.242228+00:00
Greenbook NAFDAC,4160,10745,Lonart 20/120 Powder For Oral Suspension##,1,Drugs,"{'id': 1, 'name': 'Drugs', 'created_at': '-000001-11-30T00:00:00.000000Z', 'updated_at': '2022-03-17T16:53:12.000000Z', 'deleted_at': None}",528,Artemether; Lumefantrine,,04-8970,124,Powder for oral Suspension,1,Oral,20 mg; 120 mg,189,Greenlife Pharmaceutical Limited,2025-03-27,2030-03-26,Active,"Powder for Oral Suspension

LONART 20/120 POWDER FOR ORAL SUSPENSION	ARTEMETHER 20MG, LUMENFANTRINE 120MG, LACTOSE MONOHYDRATE(PHARMATOSE 200M), CROSCARMELLOSE SODIUM, HYPROMELLOSE(HPMC E6 LV), POLYSORBATE 80, SUCROSE, SUCRALOSE, QUINOLINE, YELLOW MICROCRYSTALLINE CELLULOSE PH 101, POWDAROME ORANGE 4153	04-8970	Drugs	Imported Product	2GX6 SACHETS,2GX12 SACHETS	15-11-2023	GREENLIFE PHARMACEUTICAL LIMITED, 35A, ASSOCIATION AVENUE, ILUPEJU, LAGOS 	017378995	greenlife.regulatory@yahoo.com	&quot;Bliss gvs pharm ltd, 10, Dewan Udyog Nagar,
Aliyai village, Palghar,
Dist. Thane - 401 404, 
Maharahtra, India. &quot;
",6 x 2 g (in Alu sachets); 12 x 2 g (in Alu sachets),"Each sachet contains Artemether 20 mg, Lumefantrine 120 mg
Excipients q.s.",https://admin.greenbook.nafdac.gov.ng/uploadImage/smpc_files/2025/04/25/202504257ebb9345-a361-5723-b957-ca43bbd79319.pdf,P01BF01,https://greenbook.nafdac.gov.ng/products/details/10745,2026-09-29T10:52:30.242228+00:00
Greenbook NAFDAC,4161,2859,Lonart Dispersible Tablets##,1,Drugs,"{'id': 1, 'name': 'Drugs', 'created_at': '-000001-11-30T00:00:00.000000Z', 'updated_at': '2022-03-17T16:53:12.000000Z', 'deleted_at': None}",528,Artemether; Lumefantrine,,A4-4238,13,Dispersible tablet,1,Oral,20 mg; 120 mg,189,Greenlife Pharmaceutical Limited,2021-03-01,2026-02-28,Inactive,"Dispersible Tablet
Yellow circular biconvex uncoated dispersible tablets having “BG” embossed on one side and break line on other side of each tablet",1 x 6&#039;s (in PVC-Alu blister),"Each dispersible tablet contains: Artemether 20 mg, Lumefantrine 120 mg
Excipients q.s.",https://admin.greenbook.nafdac.gov.ng/uploadImage/smpc_files/2024/09/28/2024092879f7c3ec-a40a-5c8b-aa2f-167a56279744.pdf,P01BF01,https://greenbook.nafdac.gov.ng/products/details/2859,2026-09-29T10:52:30.242228+00:00
Greenbook NAFDAC,4162,11544,Lonart Dispersible Tablets**,1,Drugs,"{'id': 1, 'name': 'Drugs', 'created_at': '-000001-11-30T00:00:00.000000Z', 'updated_at': '2022-03-17T16:53:12.000000Z', 'deleted_at': None}",528,Artemether; Lumefantrine,,A4-4238,13,Dispersible tablet,1,Oral,20 mg; 120 mg,1161,Greenlife Herbal Network Limited,2025-08-27,2030-08-26,Active,"Dispersible Tablet.
Yellow, circular, flat, beveled edged tablet having debossed &quot;LT&quot; on one side and &quot;2&quot; on the other side",1 x 6&#039;s (in PVC-Alu blister),"Each dispersible tablet contains: Artemether 20 mg, Lumefantrine 120 mg, Excipients q.s.",https://admin.greenbook.nafdac.gov.ng/uploadImage/smpc_files/2025/10/31/20251031e0b07432-94e4-58ee-8259-42c987c67e06.pdf,P01BF01,https://greenbook.nafdac.gov.ng/products/details/11544,2026-09-29T10:52:30.242228+00:00
Greenbook NAFDAC,4163,5983,Lonart Tablets**,1,Drugs,"{'id': 1, 'name': 'Drugs', 'created_at': '-000001-11-30T00:00:00.000000Z', 'updated_at': '2022-03-17T16:53:12.000000Z', 'deleted_at': None}",528,Artemether; Lumefantrine,,04-8969,1,Tablet,1,Oral,20 mg; 120 mg,189,Greenlife Pharmaceutical Limited,2023-04-26,2028-04-25,Active,"Uncoated Tablet.
Yellow colored, circular, flat, bevelled edges uncoated tablets debossed with “L” “N” with separated with break line on one side and “11” on the other side",1 x 6&#039;s; 1 x 12&#039;s; 1 x 18&#039;s; 1 x 24&#039;s (Aluminium/PVC/PE/PVdC foil blisters),"Artemether 20 mg and Lumefantrine 120 mg Tablets.
Each uncoated tablet contains: 20 mg Artemether and 120 mg Lumefantrine",https://admin.greenbook.nafdac.gov.ng/uploadImage/smpc_files/2023/09/28/20230928ac522803-3889-5ae2-8ae3-2fa19a8b6858.pdf,P01BF01,https://greenbook.nafdac.gov.ng/products/details/5983,2026-09-29T10:52:30.242228+00:00
Greenbook NAFDAC,4164,8750,Lonart-DS Tablets**,1,Drugs,"{'id': 1, 'name': 'Drugs', 'created_at': '-000001-11-30T00:00:00.000000Z', 'updated_at': '2022-03-17T16:53:12.000000Z', 'deleted_at': None}",528,Artemether; Lumefantrine,,04-9927,1,Tablet,1,Oral,80 mg; 480 mg,189,Greenlife Pharmaceutical Limited,2024-09-25,2029-09-24,Active,"Film-coated Tablet.
Yellow coloured circular biconvex film coated tablets having “BG” embossed on one side and break line on other side of each tablet",1 x 6&#039;s (in Alu/PVC blister),"Artemether 80 mg and Lumefantrine 480 mg Tablets.
Each tablet contains: Artemether 80 mg and Lumefantrine 480 mg",https://admin.greenbook.nafdac.gov.ng/uploadImage/smpc_files/2024/11/30/202411301938cc95-9ef5-50d7-acb1-a8a96cbe8047.pdf,P01BF01,https://greenbook.nafdac.gov.ng/products/details/8750,2026-09-29T10:52:30.242228+00:00
Greenbook NAFDAC,4165,11628,Longerlife Pregabalin 300 mg Capsules_,1,Drugs,"{'id': 1, 'name': 'Drugs', 'created_at': '-000001-11-30T00:00:00.000000Z', 'updated_at': '2022-03-17T16:53:12.000000Z', 'deleted_at': None}",41,Pregabalin,,A4-101482,2,Capsule,1,Oral,300 mg,357,Longer Life Health Care Limited,2025-08-27,2030-08-26,Active,Capsule,3 x 10&#039;s (in Alu-Alu blisters),"Each capsule contains: Pregabalin 300 mg
Excipients q.s.",https://admin.greenbook.nafdac.gov.ng/uploadImage/smpc_files/2025/10/02/202510024cccccab-fead-5605-9956-b34f22c44150.pdf,N02BF02,https://greenbook.nafdac.gov.ng/products/details/11628,2026-09-29T10:52:30.242228+00:00
Greenbook NAFDAC,4166,11750,Longerlife Pregabalin 75 mg Capsules_,1,Drugs,"{'id': 1, 'name': 'Drugs', 'created_at': '-000001-11-30T00:00:00.000000Z', 'updated_at': '2022-03-17T16:53:12.000000Z', 'deleted_at': None}",41,Pregabalin,,A4-101455,2,Capsule,1,Oral,75 mg,357,Longer Life Health Care Limited,2025-08-27,2030-08-26,Active,"Capsule.
Caramel/Pink colored hard gelatin capsule shell of size &quot;2&quot; filled with white to off white colored powder",3 x 10&#039;s (in Alu-Alu blisters),"Each capsule contains: Pregabalin 75 mg
Excipients: Calcium Hydrogen Phosphate (Anhydrous), Starch (Maize Starch), Lactose Monohydrate, Magnesium Stearate, Purified Talc
Approved color used for capsule shell",https://admin.greenbook.nafdac.gov.ng/uploadImage/smpc_files/2025/10/07/20251007efa3b91e-5968-5074-9973-8aec648c9348.pdf,N02BF02,https://greenbook.nafdac.gov.ng/products/details/11750,2026-09-29T10:52:30.242228+00:00
Greenbook NAFDAC,4167,7993,Lontefan 20/120 Tablets**,1,Drugs,"{'id': 1, 'name': 'Drugs', 'created_at': '-000001-11-30T00:00:00.000000Z', 'updated_at': '2022-03-17T16:53:12.000000Z', 'deleted_at': None}",528,Artemether; Lumefantrine,,C4-1579,1,Tablet,1,Oral,20 mg; 120 mg,357,Longer Life Health Care Limited,2021-02-25,2026-02-24,Inactive,Tablet,3 x 8&#039;s,"Artemether 20 mg, Lumefantrine USP 120 mg",,,https://greenbook.nafdac.gov.ng/products/details/7993,2026-09-29T10:52:30.242228+00:00
Greenbook NAFDAC,4168,7994,Lontefan 80/480 Tablets**,1,Drugs,"{'id': 1, 'name': 'Drugs', 'created_at': '-000001-11-30T00:00:00.000000Z', 'updated_at': '2022-03-17T16:53:12.000000Z', 'deleted_at': None}",528,Artemether; Lumefantrine,,C4-1580,1,Tablet,1,Oral,80 mg; 480 mg,357,Longer Life Health Care Limited,2021-02-25,2026-02-24,Inactive,Tablet,1 x 6&#039;s,"Artemether 80 mg, Lumefantrine USP 480 mg",,,https://greenbook.nafdac.gov.ng/products/details/7994,2026-09-29T10:52:30.242228+00:00
Greenbook NAFDAC,4169,10253,Lopagen Capsules##,1,Drugs,"{'id': 1, 'name': 'Drugs', 'created_at': '-000001-11-30T00:00:00.000000Z', 'updated_at': '2022-03-17T16:53:12.000000Z', 'deleted_at': None}",195,Loperamide Hydrochloride,,B4-0408,2,Capsule,1,Oral,2 mg,655,Generics and Specialities Ltd,2021-05-07,2026-05-06,Inactive,Hard Capsule,1 x 10&#039;s ,Each capsule contains: Loperamide Hydrochloride USP 2 mg,,A07DA03,https://greenbook.nafdac.gov.ng/products/details/10253,2026-09-29T10:52:30.242228+00:00
Greenbook NAFDAC,4170,7461,Loperal Capsules 2 mg (Loperamide Hydrochloride Bp 2 mg)##,1,Drugs,"{'id': 1, 'name': 'Drugs', 'created_at': '-000001-11-30T00:00:00.000000Z', 'updated_at': '2022-03-17T16:53:12.000000Z', 'deleted_at': None}",195,Loperamide Hydrochloride,,A4-4462,1,Tablet,1,Oral,2 mg,804,Cureall Impex Nigeria Limited,2024-03-27,2029-03-26,Active,"Hard Gelatin Capsule
Size “2” capsule green cap and yellow body containing white to off white powder

54	RNW-PP-122014	LOPERAL CAPSULES 2mg (LOPERAMIDE HYDROCHLORIDE BP 2MG)	LOPERAMIDE HYDROCHLORIDE BP 2MG	Each Hard Gelatin Capsule Contains; Loperamide Hcl B.P. ---------------------------- 2mg	A4-4462	Drugs	Imported Products	1X10	Prescription Only Medicine (POM)	2/2/2022	CUREALL IMPEX NIGERIA LIMITED, MURTALA MOHAMMED WAY KANO KANO	LESANTO LABORATORIES, Plot 9,10,11,&amp;20 survey no 53 palghar east 401404. India, India",1 x 10&#039;s (in PVC-Alu blister),"Each hard gelatin capsule contains: Loperamide Hydrochloride BP 2 mg
Excipients q.s.
Approved colors used in capsule shell",https://admin.greenbook.nafdac.gov.ng/uploadImage/smpc_files/2025/01/03/20250103d373d3dc-d74d-58b9-90e9-d0e49fb84b1b.pdf,A07DA03,https://greenbook.nafdac.gov.ng/products/details/7461,2026-09-29T10:52:30.242228+00:00
Greenbook NAFDAC,4171,7460,Loperamide 2 mg Capsules##,1,Drugs,"{'id': 1, 'name': 'Drugs', 'created_at': '-000001-11-30T00:00:00.000000Z', 'updated_at': '2022-03-17T16:53:12.000000Z', 'deleted_at': None}",195,Loperamide Hydrochloride,,B4-8920,2,Capsule,1,Oral,2 mg,1114,Tallis Pharmaceutical Company Nig Ltd,2024-03-27,2029-03-26,Active,"Hard Gelatin Capsules
Gray/green colored size &quot;2&quot; capsule containing white powder

50	RNW-PP-346573	LOPERAMIDE 2MG CAPSULES	LOPERAMIDE HYDROCHLORIDE BP 2MG	Loperamide Hydrochloride 2mg. List of excipients Sodium starch glycolate, Microcrystalline cellulose, Colloidal anhydrous silica, Lactose monohydrate (Dried), Magnesium stearate, EHG Capsule Size ‘2’	B4-8920	Drugs	Imported Products	10x10	Over The Counter (OTC)	9/15/2023	TALLIS PHARMACEUTICAL COMPANY NIG LTD, NIGER ROAD, S/GARI KANO KANO	Impulse Pharma PVT. Limited , Plot No. J-201, 202/1, MIDC, Tarapur, Boisar, Tal &amp; Dist.: Palghar-401 506, India, India",10 x 10&#039;s (in PVC-Alu blisters),"Each capsule contains: Loperamide Hydrochloride BP 2 mg
Excipients q.s.",https://admin.greenbook.nafdac.gov.ng/uploadImage/smpc_files/2024/12/01/2024120147ac17ea-dabc-598b-b612-22568ddd8913.pdf,A07DA03,https://greenbook.nafdac.gov.ng/products/details/7460,2026-09-29T10:52:30.242228+00:00
Greenbook NAFDAC,4172,10325,Loperamide 2 mg Capsules##,1,Drugs,"{'id': 1, 'name': 'Drugs', 'created_at': '-000001-11-30T00:00:00.000000Z', 'updated_at': '2022-03-17T16:53:12.000000Z', 'deleted_at': None}",195,Loperamide Hydrochloride,,C4-1593,2,Capsule,1,Oral,2 mg,999,DA Ikemba Pharmaceutical Ltd,2021-02-25,2026-02-24,Inactive,"Hard Gelatin Capsule
Grey cap, green body, hard gelatin size “2” capsules containing white powder",1 x 10&#039;s (in PVC-Alu blister),"Each hard gelatin capsule contains: Loperamide Hydrochloride BP 2 mg
Excipients q.s.
Approved color used in empty capsule shell
",https://admin.greenbook.nafdac.gov.ng/uploadImage/smpc_files/2024/09/23/2024092310b40092-f5af-5826-8490-e3b07cfbbb0e.pdf,A07DA03,https://greenbook.nafdac.gov.ng/products/details/10325,2026-09-29T10:52:30.242228+00:00
Greenbook NAFDAC,4173,7464,Loperamide Capsules BP 2 mg##,1,Drugs,"{'id': 1, 'name': 'Drugs', 'created_at': '-000001-11-30T00:00:00.000000Z', 'updated_at': '2022-03-17T16:53:12.000000Z', 'deleted_at': None}",195,Loperamide Hydrochloride,,B4-9480,2,Capsule,1,Oral,2 mg,576,All StarBase Pharm Limited,2024-03-27,2029-03-26,Active,"Hard Gelatin Capsules
Gray/green colored size &quot;2&quot; capsule containing white powder

56	RNW-PP-392081	LOPERAMIDE CAPSULES BP 2MG	LOPERAMIDE CAPSULES BP 2MG	LOPERAMIDE CAPSULES BP 2MG. EXCIPIENTS:Q.S	B4-9480	Drugs	Imported Products	10X1X10	OTC	12/15/2023	ALL STARBASE PHARM LIMITED, BRIDGE HEAD MARKET, ONITSHA ANAMBRA	IMPULSE PHARMA PVT.LTD, J-201, J-202/1, M.I.D.C., Tarapur, Boisar, Dist. Palghar - 401 506, Maharashtra State, India., India",10 x 1 x 10&#039;s (in PVC-Alu blisters),"Each capsule contains: Loperamide Capsules BP 2 mg
Excipients q.s.",https://admin.greenbook.nafdac.gov.ng/uploadImage/smpc_files/2024/11/28/20241128df8cc382-229b-562b-aa60-0eb2b5490b86.pdf,A07DA03,https://greenbook.nafdac.gov.ng/products/details/7464,2026-09-29T10:52:30.242228+00:00
Greenbook NAFDAC,4174,11973,Loperamide Hydrochloride BP Capsules 2 mg_,1,Drugs,"{'id': 1, 'name': 'Drugs', 'created_at': '-000001-11-30T00:00:00.000000Z', 'updated_at': '2022-03-17T16:53:12.000000Z', 'deleted_at': None}",195,Loperamide Hydrochloride,,A4-101671,2,Capsule,1,Oral,2 mg,1698,Saint Jude Pharmacy Limited,2025-10-29,2030-10-28,Active,Hard Gelatin Capsule,1 x 10&#039;s (in Alu-PVC blister),"Each hard gelatin capsule contains: Loperamide Hydrochloride 2 mg
Excipients q.s.",https://admin.greenbook.nafdac.gov.ng/uploadImage/smpc_files/2025/11/20/202511203e467a88-8e43-5be8-a308-d806d4121348.pdf,A07DA03,https://greenbook.nafdac.gov.ng/products/details/11973,2026-09-29T10:52:30.242228+00:00
Greenbook NAFDAC,4175,10758,Loperamide Hydrochloride Capsule 2 mg##,1,Drugs,"{'id': 1, 'name': 'Drugs', 'created_at': '-000001-11-30T00:00:00.000000Z', 'updated_at': '2022-03-17T16:53:12.000000Z', 'deleted_at': None}",195,Loperamide Hydrochloride,,A4-100944,2,Capsule,1,Oral,2 mg,1259,Ice Remedies Ltd,2024-07-31,2029-07-30,Active,"Capsules
Yellow-colored unsealed hard gelatin capsules, size “4” containing almost white powder",1 x 10&#039;s (in PVC-Alu blisters),"Each hard gelatin capsule contains: Loperamide Hydrochloride USP 2 mg
Excipients q.s.
Color: Approved colors used in capsule shells",https://admin.greenbook.nafdac.gov.ng/uploadImage/smpc_files/2024/09/15/20240915301f80c4-0abf-5f24-ab14-2802991cbbb7.pdf,A07DA03,https://greenbook.nafdac.gov.ng/products/details/10758,2026-09-29T10:52:30.242228+00:00
Greenbook NAFDAC,4176,11630,Loperamide Tablets BP 2 mg_,1,Drugs,"{'id': 1, 'name': 'Drugs', 'created_at': '-000001-11-30T00:00:00.000000Z', 'updated_at': '2022-03-17T16:53:12.000000Z', 'deleted_at': None}",195,Loperamide Hydrochloride,,A4-101386,1,Tablet,1,Oral,2 mg,1677,CARE CONA NIG LTD,2025-06-25,2030-06-24,Active,"Tablet
",5 x 10&#039;s (in Alu-Alu blisters),"Each tablet contains: Loperamide Hydrochloride 2 mg
Excipients q.s.",https://admin.greenbook.nafdac.gov.ng/uploadImage/smpc_files/2025/07/24/20250724ebc19673-33a0-50c9-9f13-6693ecd82977.pdf,A07DA03,https://greenbook.nafdac.gov.ng/products/details/11630,2026-09-29T10:52:30.242228+00:00
Greenbook NAFDAC,4177,5160,Lopin-10 Tablet##,1,Drugs,"{'id': 1, 'name': 'Drugs', 'created_at': '-000001-11-30T00:00:00.000000Z', 'updated_at': '2022-03-17T16:53:12.000000Z', 'deleted_at': None}",272,Amlodipine (Amlodipine Besilate),Amlodipine (Amlodipine Besylate),A4-0994,1,Tablet,1,Oral,10 mg,189,Greenlife Pharmaceutical Limited,2023-07-06,2028-07-05,Active,"Uncoated Tablets
White to off-white colored round shaped flat uncoated tablet with break line on one side &amp; plain on other side

104	RNW-PP-320116	LOPIN-10 TABLET	AMLODIPINE BESYLATE USP 10MG	AMLODIPINE BESYLATE USP 10MG, STARCH, LACTOSE, POVIDONE K 30, ISOPROPYL ALCOHOL, MAGNESIUM STEARATE, PURIFIED TALC, SODIUM STARCH GLYCOLATE	A4-0994	Drugs	Imported Products	10X10	POM 2	3/16/2023	GREENLIFE PHARMACEUTICALS LIMITED, 35A, ASSOCIATION AVENUE, ILUPEJU, LAGOS	17378995	greenlife.regulatory@yahoo.com	SWISS PHARMA PVT LTD., 3709, G.I.D.C., PHASE-IV, VATVA, AHMEDABAD-382445, GUJARAT, INDIA, India",10 x 10&#039;s (in Alu-Alu blisters),"Each uncoated tablet contains: Amlodipine Besylate USP 10 mg
 Excipients q.s.",https://admin.greenbook.nafdac.gov.ng/uploadImage/smpc_files/2023/08/24/20230824fa0554de-1cbe-5112-b356-4b80f7c22a45.pdf,C08CA01,https://greenbook.nafdac.gov.ng/products/details/5160,2026-09-29T10:52:30.242228+00:00
Greenbook NAFDAC,4178,5161,Lopin-5 Tablet##,1,Drugs,"{'id': 1, 'name': 'Drugs', 'created_at': '-000001-11-30T00:00:00.000000Z', 'updated_at': '2022-03-17T16:53:12.000000Z', 'deleted_at': None}",272,Amlodipine (Amlodipine Besilate),Amlodipine (Amlodipine Besylate),A4-0995,1,Tablet,1,Oral,5 mg,189,Greenlife Pharmaceutical Limited,2023-07-06,2028-07-05,Active,"Uncoated Tablet
White color round shape flat uncoated tablet with break line on one side &amp; plain on other side

105	RNW-PP-320041	LOPIN-5 TABLET	AMLODIPINE BESYLATE USP 5MG	AMLODIPINE BESYLATE USP 5MG, STARCH, LACTOSE, POVIDONE K 30, ISOPROPYL ALCOHOL, MAGNESIUM STEARATE, PURIFIED TALC, SODIUM STARCH GLYCOLATE	A4-0995	Drugs	Imported Products	10X10	POM 1	3/16/2023	GREENLIFE PHARMACEUTICALS LIMITED, 35A, ASSOCIATION AVENUE, ILUPEJU, LAGOS	17378995	greenlife.regulatory@yahoo.com	SWISS PHARMA PVT LTD., 3709, G.I.D.C., PHASE-IV, VATVA, AHMEDABAD-382445, GUJARAT, INDIA, India",10 x 10&#039;s (in Alu-Alu blisters),"Each uncoated tablet contains: Amlodipine Besylate USP 5 mg
Excipients q.s.",https://admin.greenbook.nafdac.gov.ng/uploadImage/smpc_files/2023/08/24/20230824334c8fd2-6041-5e97-9c98-62bac65062db.pdf,C08CA01,https://greenbook.nafdac.gov.ng/products/details/5161,2026-09-29T10:52:30.242228+00:00
Greenbook NAFDAC,4179,7469,Lopinavir 200 mg/Ritonavir 50 mg**,1,Drugs,"{'id': 1, 'name': 'Drugs', 'created_at': '-000001-11-30T00:00:00.000000Z', 'updated_at': '2022-03-17T16:53:12.000000Z', 'deleted_at': None}",597,Lopinavir; Ritonavir,LPV/r,A4-3852,1,Tablet,1,Oral,200 mg; 50 mg,271,Phillips Pharmaceuticals (Nigeria) Limited,2024-04-30,2029-05-01,Active,"Each tablet contains: Lopinavir 200 mg, Ritonavir 50 mg.

Excipients:
Sorbitan monolaurate 83.9m g, Copovidone USNF 853.8 mg",1 x 120&#039;s,,https://admin.greenbook.nafdac.gov.ng/uploadImage/smpc_files/2024/12/29/20241229eca1a3eb-4834-5c59-a7cd-6fa2fd553eec.pdf,J05AR10,https://greenbook.nafdac.gov.ng/products/details/7469,2026-09-29T10:52:30.242228+00:00
Greenbook NAFDAC,4180,4069,Lopinavir/Ritonavir 200 mg/50 mg Tablet##,1,Drugs,"{'id': 1, 'name': 'Drugs', 'created_at': '-000001-11-30T00:00:00.000000Z', 'updated_at': '2022-03-17T16:53:12.000000Z', 'deleted_at': None}",597,Lopinavir; Ritonavir,LPV/r,A4-1023,1,Tablet,1,Oral,200 mg; 50 mg,193,Healthline Limited,2020-12-21,2025-12-20,Inactive,Tablet,,"Each tablet contains: Lopinavir 200 mg, Ritonavir 50 mg",,J05AR10,https://greenbook.nafdac.gov.ng/products/details/4069,2026-09-29T10:52:30.242228+00:00
Greenbook NAFDAC,4181,5162,Lopramax Capsules**,1,Drugs,"{'id': 1, 'name': 'Drugs', 'created_at': '-000001-11-30T00:00:00.000000Z', 'updated_at': '2022-03-17T16:53:12.000000Z', 'deleted_at': None}",195,Loperamide Hydrochloride,,B4-7560,2,Capsule,1,Oral,2 mg,708,Patricklingo Pharmaceuticals Limited,2023-07-27,2028-07-26,Active,"Capsule.
Hard gelatin capsule having grey colored cap &amp; green colored body containing white powder",10 x 1 x 10&#039;s (in PVC-Alu blisters),"Each hard gelatin capsule contains: Loperamide Hydrochloride BP (2 mg)
Approved color used in empty hard gelatin capsule shells (In-House)",https://admin.greenbook.nafdac.gov.ng/uploadImage/smpc_files/2023/08/27/20230827b262eda2-5be4-54dc-8969-69fcc068a41e.pdf,A07DA03,https://greenbook.nafdac.gov.ng/products/details/5162,2026-09-29T10:52:30.242228+00:00
Greenbook NAFDAC,4182,11629,Lorah Pregabalin Capsules 75 mg_,1,Drugs,"{'id': 1, 'name': 'Drugs', 'created_at': '-000001-11-30T00:00:00.000000Z', 'updated_at': '2022-03-17T16:53:12.000000Z', 'deleted_at': None}",41,Pregabalin,,A4-101422,2,Capsule,1,Oral,75 mg,1661,Lorah Pharm Limited,2025-07-30,2030-07-29,Active,Hard Gelatin Capsule,10 x 10&#039;s,"Each capsule contains: Pregabalin 75 mg
Excipients q.s.",https://admin.greenbook.nafdac.gov.ng/uploadImage/smpc_files/2025/08/20/2025082039a5c1f6-da93-5fcd-b642-2bb14bafa2e1.pdf,N02BF02,https://greenbook.nafdac.gov.ng/products/details/11629,2026-09-29T10:52:30.242228+00:00
Greenbook NAFDAC,4183,7462,Loranax Tablet Loratidine 10 mg##,1,Drugs,"{'id': 1, 'name': 'Drugs', 'created_at': '-000001-11-30T00:00:00.000000Z', 'updated_at': '2022-03-17T16:53:12.000000Z', 'deleted_at': None}",419,Loratadine,,A4-0469,1,Tablet,1,Oral,10 mg,189,Greenlife Pharmaceutical Limited,2024-01-31,2029-01-30,Active,"Tablet

28	CMS-PP-348377	LORANAX TABLET	LORATIDINE 10MG	LORATIDINE,LACTOSE MONOHYDRATE, MAIZE STARCH, COLLOIDAL SILICON DIOXIDE, SODIUM STARCH GLYCOLATE. CROSS CARMELLOSE SODIUM, MAGNESIUM STEARATE, TALCUM, PURIFIED WATER, P.V.P.K-30, MICROCRYSTALLINE CELLULOSE	A4-0469	Drugs	Imported Products	10X10	OTC	8/14/2023	GREENLIFE PHARMACEUTICALS LIMITED, 35A, ASSOCIATION AVENUE, ILUPEJU, LAGOS	17378995	greenlife.regulatory@yahoo.com	RELAX BIOTECH PVT.LTD., 862/1, G.I.D.C., MAKARPURA, BARODA – 390 010, GUJARAT, INDIA, India",10 x 10&#039;s (in blister packs),"Each uncoated tablet contains: Loratadine BP 10 mg
Excipients q.s.",https://admin.greenbook.nafdac.gov.ng/uploadImage/smpc_files/2024/02/16/2024021625254087-bf78-5c64-92d9-07ca787fdd6f.pdf,R06AX13,https://greenbook.nafdac.gov.ng/products/details/7462,2026-09-29T10:52:30.242228+00:00
Greenbook NAFDAC,4184,9991,Loranax Tablets_ (duplicate),1,Drugs,"{'id': 1, 'name': 'Drugs', 'created_at': '-000001-11-30T00:00:00.000000Z', 'updated_at': '2022-03-17T16:53:12.000000Z', 'deleted_at': None}",419,Loratadine,,A4-0469,1,Tablet,1,Oral,10 mg,189,Greenlife Pharmaceutical Limited,2021-03-29,2026-03-28,Inactive,"Uncoated tablet.
White-coloured round shaped flat uncoated tablet with breakline on one side.

43	LORANAX TABLETS	LORANAX	LORATADINE 	LORATADINE USP 1OMG	OVER THE COUNTER	TABLETS	10 X 10	ANTIALLERGIC	GREENLIFE PHARMACEUTICALS LIMITED.	NO. 2, BANK LANE, OFF TOWN PLANNING WAY, ILUPEJU, LAGOS STATE.	SWISS PHARMA PVT. LTD.	 3709, G.I.D.C., PHASE IV, VATVA, AHMEDABAD-382445, GUJARAT, INDIA.	A4-0469	SYMPTOMATIC RELIEF OF ALLERGIES; HAYFEVER, URTICARIA	03/29/2021	03/28/2026",10 x 10&#039;s in blisters,Each uncoated tablet contains: Loratadine USP 10 mg,https://admin.greenbook.nafdac.gov.ng/uploadImage/smpc_files/2024/08/15/20240815eb646e8e-b608-5e0c-b0c1-506884d7e04b.pdf,R06AX13,https://greenbook.nafdac.gov.ng/products/details/9991,2026-09-29T10:52:30.242228+00:00
Greenbook NAFDAC,4185,7463,Loratadine Dispersible Tablet##,1,Drugs,"{'id': 1, 'name': 'Drugs', 'created_at': '-000001-11-30T00:00:00.000000Z', 'updated_at': '2022-03-17T16:53:12.000000Z', 'deleted_at': None}",419,Loratadine,,A4-100724,13,Dispersible tablet,1,Oral,10 mg,376,First J. Pocco Pharmacy Limited,2024-01-31,2029-01-30,Active,"Dispersible Tablet

23	NF-PP-288159	LORATADINE DISPERSIBLE TABLET	LORATADINE 10MG	LORATADINE 10MG, MICROCRYSTALLINE CELLULOSE, ASPARTAME, COLLOIDAL SILICON DIOXIDE, CROSCARMELLOSE SODIUM,	A4-100724	Drugs	Imported Products	10*10	Over The Counter (OTC)	10/18/2022	FIRST J. POCCO PHARMACY LIMITED, 89, DENNIS OSADEBE WAY, ASABA DELTA	8037949861	jpocco47@gmail.com	SCOTT-EDIL PHARMACIA LTD, 56, EPIP, PHASE-I, JHARMAJRI, BADDI, DISTT, SOLAN ( H.P)INDIA., India",10 x 10&#039;s,"Each uncoated dispersible tablet contains: Loratadine USP 10 mg
Excipients q.s.",https://admin.greenbook.nafdac.gov.ng/uploadImage/smpc_files/2024/02/16/20240216cad41953-e0fb-5e6d-875b-350df4917b07.pdf,RO6AX13,https://greenbook.nafdac.gov.ng/products/details/7463,2026-09-29T10:52:30.242228+00:00
Greenbook NAFDAC,4186,3344,Loratadine Tablets 10 mg##,1,Drugs,"{'id': 1, 'name': 'Drugs', 'created_at': '-000001-11-30T00:00:00.000000Z', 'updated_at': '2022-03-17T16:53:12.000000Z', 'deleted_at': None}",419,Loratadine,,C4-1279,1,Tablet,1,Oral,10 mg,1021,Bfifcy Pharmaceuticals Ltd,2020-11-30,2025-11-29,Inactive,Tablet,,Each tablet contains: Loratadine 10 mg,,R06AX13,https://greenbook.nafdac.gov.ng/products/details/3344,2026-09-29T10:52:30.242228+00:00
Greenbook NAFDAC,4187,9992,Loratadine Tablets BP 10 mg##,1,Drugs,"{'id': 1, 'name': 'Drugs', 'created_at': '-000001-11-30T00:00:00.000000Z', 'updated_at': '2022-03-17T16:53:12.000000Z', 'deleted_at': None}",419,Loratadine,,B4-9972,1,Tablet,1,Oral,10 mg,828,Priya Pharmaceutical Nig Ltd,2024-09-25,2029-09-24,Active,"Uncoated Tablet
White, capsule shaped, bi-convex uncoated tablet, break-line on one side and plain on other side

71	RNW-PP-429085	LORATADINE TABLETS BP 10MG	LORATADINE BP 10MG	Loratadine BP 10mg. Excipients Lactose monohydrate, Microcrystalline Cellulose, Povidone K-30, Colloidal Anhydrous Silica, Maize starch, Magnesium Stearate, Croscarmellose Sodium, Colloidal Anhydrous silica, Titanium dioxide.	B4-9972	Drugs	Imported Products	10x10	Over The Counter (OTC)	6/14/2024	PRIYA PHARMACEUTICAL NIG LTD, AIRPORT ROAD 2F, KANO KANO	21020502	PRIYAPHARMACEUTICAL@HOTMAIL.COM	IMPULSE PHARMA PVT.LTD, J-201, J-202/1, M.I.D.C., Tarapur, Boisar, Dist. Palghar - 401 506, Maharashtra State, India., India			",10 x 10&#039;s (in Alu-PVC blisters),"Each uncoated tablet contains: Loratadine BP 10 mg
Excipients: Lactose Monohydrate, Microcrystalline Cellulose, Povidone K-30, Colloidal Anhydrous Silica, Maize Starch, Magnesium Stearate, Croscarmellose Sodium, Titanium Dioxide",https://admin.greenbook.nafdac.gov.ng/uploadImage/smpc_files/2024/11/18/202411188fb01d55-46c6-501d-8740-dd5948f28244.pdf,R06AX13,https://greenbook.nafdac.gov.ng/products/details/9992,2026-09-29T10:52:30.242228+00:00
Greenbook NAFDAC,4188,9993,Loratadine Tablets_,1,Drugs,"{'id': 1, 'name': 'Drugs', 'created_at': '-000001-11-30T00:00:00.000000Z', 'updated_at': '2022-03-17T16:53:12.000000Z', 'deleted_at': None}",419,Loratadine,,B4-9594,1,Tablet,1,Oral,10 mg,456,Feccox Pharmacy and General Enterprises Ltd,2024-07-31,2029-07-30,Active,"Uncoated Tablet.
White, capsule-shaped, biconvex uncoated tablet, breakline on one side and plain on other side.

82	RNW-PP-395199	LORATADINE TABLETS	LORATADINE BP 10MG	Each Uncoated Tablet Contains: Loratadine BP.....10mg Approved Colour Used Lactose monohydrate, Excipients Microcrystalline Cellulose, Povidone K-30, Colloidal Anhydrous Silica, Maize starch, Magnesium Stearate, Croscarmellose Sodium, Colloidal Anhydrous silica, Titanium dioxide.	B4-9594	Drugs	Imported Products	10*10	OTC	1/10/2024	FECCOX PHARMACY AND GENERAL ENTERPRISES LTD, JABA LAYOUT OFF AIRPORT RD KANO KANO	8063803298	stevefeccox2019@outlook.com	IMPULSE PHARMA PVT. LTD. , J-201, 202/1 TARAPUR MIDC, BOISAR THANE 401506 MAHARASHTRA STATE, INDIA. , India",10 x 10&#039;s in Alu PVC blisters,Each Uncoated Tablet Contains: Loratadine BP 10mg,https://admin.greenbook.nafdac.gov.ng/uploadImage/smpc_files/2024/09/16/20240916a08fcdb6-5337-5783-a096-45c16163125f.pdf,R06AX13,https://greenbook.nafdac.gov.ng/products/details/9993,2026-09-29T10:52:30.242228+00:00
Greenbook NAFDAC,4189,11631,Loratidine 10 mg Tablet_,1,Drugs,"{'id': 1, 'name': 'Drugs', 'created_at': '-000001-11-30T00:00:00.000000Z', 'updated_at': '2022-03-17T16:53:12.000000Z', 'deleted_at': None}",419,Loratadine,,A4-101348,1,Tablet,1,Oral,10 mg,687,Morehope Pharma Limited,2025-06-25,2030-06-24,Active,Tablet,10 x 10&#039;s (in Alu-PVC blisters),"Each tablet contains: Loratadine 10 mg
Excipients q.s.",https://admin.greenbook.nafdac.gov.ng/uploadImage/smpc_files/2025/07/24/202507245618ebbc-8156-5fe1-8d38-5bc8df0cf555.pdf,R06AX13,https://greenbook.nafdac.gov.ng/products/details/11631,2026-09-29T10:52:30.242228+00:00
Greenbook NAFDAC,4190,10257,Loratidine Tablet##,1,Drugs,"{'id': 1, 'name': 'Drugs', 'created_at': '-000001-11-30T00:00:00.000000Z', 'updated_at': '2022-03-17T16:53:12.000000Z', 'deleted_at': None}",419,Loratadine,,B4-0483,1,Tablet,1,Oral,10 mg,656,Azmu Pharmaceuticals Limited,2021-06-24,2026-06-23,Inactive,Tablet,10 x 10&#039;s,Each tablet contains: Loratadine 10 mg,,R06AX13,https://greenbook.nafdac.gov.ng/products/details/10257,2026-09-29T10:52:30.242228+00:00
Greenbook NAFDAC,4191,8615,Loratyn-10 Tablets**,1,Drugs,"{'id': 1, 'name': 'Drugs', 'created_at': '-000001-11-30T00:00:00.000000Z', 'updated_at': '2022-03-17T16:53:12.000000Z', 'deleted_at': None}",419,Loratadine,,04-4039,1,Tablet,1,Oral,10 mg,261,Phamatex Nigeria Limited,2021-08-26,2026-08-25,Inactive,"Uncoated tablet.
White, oblong uncoated tablet, shallow convex, scored on one face and &quot;H 10&quot; embossed on the same face",10 x 10&#039;s (in Alu-PVC blisters),Loratadine 10 mg,https://admin.greenbook.nafdac.gov.ng/uploadImage/smpc_files/2024/11/22/20241122fef89311-88d2-5770-b895-1d75983f752c.pdf,R06AX13,https://greenbook.nafdac.gov.ng/products/details/8615,2026-09-29T10:52:30.242228+00:00
Greenbook NAFDAC,4192,11751,Lorawood 10 mg Tablets_,1,Drugs,"{'id': 1, 'name': 'Drugs', 'created_at': '-000001-11-30T00:00:00.000000Z', 'updated_at': '2022-03-17T16:53:12.000000Z', 'deleted_at': None}",419,Loratadine,,A4-101518,1,Tablet,1,Oral,10 mg,1296,Halewood Laboratories Pvt Ltd,2025-09-24,2030-09-23,Active,Tablet,10  x 10&#039;s (in Alu-PVC blisters),"Each uncoated tablet contains: Loratadine 10 mg
Excipients q.s.
",https://admin.greenbook.nafdac.gov.ng/uploadImage/smpc_files/2025/11/13/20251113ca44d6bf-66a6-5f02-871e-ff1c96af40be.pdf,R06AX13,https://greenbook.nafdac.gov.ng/products/details/11751,2026-09-29T10:52:30.242228+00:00
Greenbook NAFDAC,4193,2307,Lorergy Tablets 10 mg**,1,Drugs,"{'id': 1, 'name': 'Drugs', 'created_at': '-000001-11-30T00:00:00.000000Z', 'updated_at': '2022-03-17T16:53:12.000000Z', 'deleted_at': None}",419,Loratadine,,A4-6921,1,Tablet,1,Oral,10 mg,145,Chez Resources Pharmaceutical Limited,2024-09-25,2029-09-24,Active,"Tablet
White, circular, biconvex uncoated tablet plain on both sides",10 x 10&#039;s (in blisters),"Each tablet contains: Loratadine 10 mg, Excipients q.s.",https://admin.greenbook.nafdac.gov.ng/uploadImage/smpc_files/2024/12/02/202412022dc88feb-1e57-53f3-a92d-8afd00a5e567.pdf,R06AX13,https://greenbook.nafdac.gov.ng/products/details/2307,2026-09-29T10:52:30.242228+00:00
Greenbook NAFDAC,4194,10259,Lornomac Tablet##,1,Drugs,"{'id': 1, 'name': 'Drugs', 'created_at': '-000001-11-30T00:00:00.000000Z', 'updated_at': '2022-03-17T16:53:12.000000Z', 'deleted_at': None}",990,Lornoxicam,,C4-1906,1,Tablet,1,Oral,8 mg,253,Onifam Laboratories Limited,2021-10-28,2026-10-27,Active,Tablet																																																																																																																																													,1 x 10&#039;s,Each tablet contains: Lornoxicam 8 mg,,,https://greenbook.nafdac.gov.ng/products/details/10259,2026-09-29T10:52:30.242228+00:00
Greenbook NAFDAC,4195,12206,Loryza 25 Tablet_,1,Drugs,"{'id': 1, 'name': 'Drugs', 'created_at': '-000001-11-30T00:00:00.000000Z', 'updated_at': '2022-03-17T16:53:12.000000Z', 'deleted_at': None}",263,Losartan Potassium,,B4-4781,1,Tablet,1,Oral,25 mg,143,Chanrai HealthCare Limited,2025-10-29,2030-10-28,Active,Tablet,3 x 10&#039;s (in Alu-Alu blisters),"Each tablet contains: Losartan Potassium USP 25 mg
Excipients q.s.",https://admin.greenbook.nafdac.gov.ng/uploadImage/smpc_files/2025/12/02/20251202a2c1f9da-9999-5f8e-9287-9ce9ba7f87b2.pdf,C09CA01,https://greenbook.nafdac.gov.ng/products/details/12206,2026-09-29T10:52:30.242228+00:00
Greenbook NAFDAC,4196,12207,Loryza 50 Tablet_,1,Drugs,"{'id': 1, 'name': 'Drugs', 'created_at': '-000001-11-30T00:00:00.000000Z', 'updated_at': '2022-03-17T16:53:12.000000Z', 'deleted_at': None}",263,Losartan Potassium,,B4-4806,1,Tablet,1,Oral,50 mg,143,Chanrai HealthCare Limited,2025-10-29,2030-10-28,Active,Tablet,3 x 10&#039;s (in Alu-Alu blisters),"Each tablet contains: Losartan Potassium USP 50 mg
Excipients q.s.",https://admin.greenbook.nafdac.gov.ng/uploadImage/smpc_files/2025/12/02/20251202e317432d-e50f-56c1-9d13-8d511025687d.pdf,C09CA01,https://greenbook.nafdac.gov.ng/products/details/12207,2026-09-29T10:52:30.242228+00:00
Greenbook NAFDAC,4197,6404,Lorzide Tablet##,1,Drugs,"{'id': 1, 'name': 'Drugs', 'created_at': '-000001-11-30T00:00:00.000000Z', 'updated_at': '2022-03-17T16:53:12.000000Z', 'deleted_at': None}",264,Losartan Potassium; Hydrochlorothiazide,,B4-7995,1,Tablet,1,Oral,50 mg; 12.5 mg,741,Unosource Pharma Nigeria Limited,2023-10-31,2028-10-30,Active,"Film Coated Tablet

34	RNW-PP-338671	LORZIDE TABLET	LOSARTAN POTASSIUM USP 50MG &amp; HYDROCHLOROTHIAIDE USP 12.5MG	LOSARTAN POTASSIUM USP 50MG &amp; HYDROCHLOROTHIAIDE USP 12.5MG excipients: microcrystalline cellulose BP 36.5MG, lactose monohydrate BP 39.05MG, Maize Starch Bp 27.75, hydroxy propyl cellulose bp 03.8mg, isopropyl alcohol (IPA) 82.40MG, AC Di sol IH 07.60mg,collodial anhydrous silica BP 00.95MG, SODIUM LAURYL SULPHATE BP 02.00MG, PURIFIED TALE BP 01.90MG, MAGNESIUM STEARATE BP01.90	B4-7995	Drugs	Imported Products	3x10Tablet	POM 1	7/5/2023	UNOSOURCE PHARMA NIGERIA LIMITED, 47, Babaponmile Street, Onipetesi-Mongoro	234803854	unosourcepharmangltd@yahoo.com	AKUMS DRUGS &amp; PHARMACEUTICALS LIMITED, 19, 20, 21, SECTOR-6A, I.I.E., SIDCUL, RANIPUR, HARIDWAR-249403, INDIA., India",3 x 10&#039;s (in Alu-Alu blisters),"Each film coated tablet contains: Losartan Potassium USP 50 mg, Hydrochlorothiazide USP 12.5 mg
Excipients q.s.
Color: Sunset Yellow Lake",https://admin.greenbook.nafdac.gov.ng/uploadImage/smpc_files/2023/11/09/20231109838b98fa-c2ca-57e9-98f5-69279989f688.pdf,C09DA01,https://greenbook.nafdac.gov.ng/products/details/6404,2026-09-29T10:52:30.242228+00:00
Greenbook NAFDAC,4198,10260,Losakind-50 H Tablets##,1,Drugs,"{'id': 1, 'name': 'Drugs', 'created_at': '-000001-11-30T00:00:00.000000Z', 'updated_at': '2022-03-17T16:53:12.000000Z', 'deleted_at': None}",264,Losartan Potassium; Hydrochlorothiazide,,B4-1130,1,Tablet,1,Oral,50 mg; 12.5 mg,271,Phillips Pharmaceuticals (Nigeria) Limited,2021-01-28,2026-01-27,Inactive,Tablet,3 x 10&#039;s,"Each tablet contains: Losartan Potassium USP 50 mg, Hydrochlorothiazide 12.5 mg",,C09DA01,https://greenbook.nafdac.gov.ng/products/details/10260,2026-09-29T10:52:30.242228+00:00
Greenbook NAFDAC,4199,10764,Losapress 50 mg Tablet##,1,Drugs,"{'id': 1, 'name': 'Drugs', 'created_at': '-000001-11-30T00:00:00.000000Z', 'updated_at': '2022-03-17T16:53:12.000000Z', 'deleted_at': None}",263,Losartan Potassium,,B4-2978,1,Tablet,1,Oral,50 mg,1280,GODEK PHARMACEUTICALS LTD,2024-03-27,2029-03-26,Active,"Tablet
Round, white film-coated tablets",5 x 10&#039;s (in PVC-Alu blisters),"Each film-coated tablet contains: Losartan Potassium 50 mg
Excipients q.s.
Color: Ponceau 4R",https://admin.greenbook.nafdac.gov.ng/uploadImage/smpc_files/2024/04/18/20240418a936a116-2407-5e68-93be-6efdc450cf08.pdf,C09CA01,https://greenbook.nafdac.gov.ng/products/details/10764,2026-09-29T10:52:30.242228+00:00
Greenbook NAFDAC,4200,3076,Losarcard 50 mg Tablets##,1,Drugs,"{'id': 1, 'name': 'Drugs', 'created_at': '-000001-11-30T00:00:00.000000Z', 'updated_at': '2022-03-17T16:53:12.000000Z', 'deleted_at': None}",263,Losartan Potassium,,A4-9904,1,Tablet,1,Oral,50 mg,641,Franphino Pharmaceuticals Nigeria Limited,2020-12-21,2025-12-20,Inactive,Tablet,,Each tablet contains: Losartan Potassium 50 mg,,C09CA01,https://greenbook.nafdac.gov.ng/products/details/3076,2026-09-29T10:52:30.242228+00:00
Greenbook NAFDAC,4201,6273,Losarmax-50 Tablets##,1,Drugs,"{'id': 1, 'name': 'Drugs', 'created_at': '-000001-11-30T00:00:00.000000Z', 'updated_at': '2022-03-17T16:53:12.000000Z', 'deleted_at': None}",263,Losartan Potassium,,A4-4222,1,Tablet,1,Oral,50 mg,456,Feccox Pharmacy and General Enterprises Ltd,2023-04-26,2028-04-25,Active,"Tablet
White colored oval shaped biconvex film coated tablet with break line on one side &amp; plain on other side

LOSARMAX-50 TABLETS	LOSARTAN POTASSIUM USP 50MG	Each film coated tablet contains Losartan Potassium USP 50 mg Excipients Lactose Micro Crystalline Cellulose Starch Polyvinyl pyrrolidone (P.V.P.K 30) Magnesium stearate Purified Talc Fumed Silica Croscarmellose sodium Sodium Lauryl Sulphate Hydroxypropyl methyl cellulose Polyethylene Glycol 4000 Titanium Dioxide	A4-4222	Drugs	Imported Products	3X10	Prescription Only Medicine (POM)	28/03/2022	FECCOX PHARMACY AND GENERAL ENTERPRISES LTD, JABA LAYOUT OFF AIRPORT RD KANO KANO	8063803298	stevefeccox2019@outlook.com	SWISS PHARMA PVT . LTD., 3709, G.I.D.C., Phase IV, Vatva AHMEDABAD - 382 445, GUJARAT, INDIA., India",3 x 10&#039;s (in Alu-Alu packs),"Each film coated tablet contains: Losartan Potassium USP 50 mg
Excipients q.s.",https://admin.greenbook.nafdac.gov.ng/uploadImage/smpc_files/2023/09/29/20230929f142cdfb-92f4-5523-aa1e-822dbbf4d0b4.pdf,C09CA01,https://greenbook.nafdac.gov.ng/products/details/6273,2026-09-29T10:52:30.242228+00:00
Greenbook NAFDAC,4202,3077,Losarnet 50 Tablets##,1,Drugs,"{'id': 1, 'name': 'Drugs', 'created_at': '-000001-11-30T00:00:00.000000Z', 'updated_at': '2022-03-17T16:53:12.000000Z', 'deleted_at': None}",263,Losartan Potassium,,C4-1311,1,Tablet,1,Oral,50 mg,726,Savocent Pharma Ltd,2020-11-30,2025-11-29,Inactive,Tablet,,Each tablet contains: Losartan Potassium 50 mg,,C09CA01,https://greenbook.nafdac.gov.ng/products/details/3077,2026-09-29T10:52:30.242228+00:00
Greenbook NAFDAC,4203,3078,Losartan 100 mg Tablets##,1,Drugs,"{'id': 1, 'name': 'Drugs', 'created_at': '-000001-11-30T00:00:00.000000Z', 'updated_at': '2022-03-17T16:53:12.000000Z', 'deleted_at': None}",263,Losartan Potassium,,C4-1224,1,Tablet,1,Oral,100 mg,761,Anyi-Tex Pharmaceuticals Limited,2020-11-10,2025-11-09,Inactive,Tablet,,Each tablet contains: Losartan Potassium 100 mg,,C09CA01,https://greenbook.nafdac.gov.ng/products/details/3078,2026-09-29T10:52:30.242228+00:00
Greenbook NAFDAC,4204,10747,Losartan 100 mg Tablets##,1,Drugs,"{'id': 1, 'name': 'Drugs', 'created_at': '-000001-11-30T00:00:00.000000Z', 'updated_at': '2022-03-17T16:53:12.000000Z', 'deleted_at': None}",263,Losartan Potassium,,A4-101173,1,Tablet,1,Oral,100 mg,1652,Ujagbatex Pharmaceutical Company Limited,2025-01-30,2030-01-29,Active,"Film Coated Tablet

NF-PP-433684	LOSARTAN 100MG TABLETS	LOSARTAN POTASSIUM USP 100MG	EACH FILM COATED TABLET CONTAINS LOSARTAN POTASSIUM USP 100MG EXCIPIENTS MICROCRYSTALLINE CELLULOSE MAIZE STARCH SODIUM LAURYL SULFATE POVIDONE K-30 MAGNESIUM STEARATE COLLOIDAL ANHYDROUS SILICA SODIUM STARCH GLYCOLATE HYDROXYPROPYLMETHYLCELLULOSE PURIFIED TALC POLYETHYLENE GLYCOL 4000 TITANIUM DIOXIDE		Drugs	Imported Products	2X14	Prescription Only Medicine (POM)	6/17/2024	UJAGBATEX PHARMACEUTICALS COMPANY LIMITED, NO 17 SHEBBA STREET, FEGGE ONITSHA ANAMBRA STATE	8063803298	steveujagbatex2019@gmail.com	SWISS PHARMA PVT. LTD., 3709, G.I.D.C., PHASE IV, VATVA, AHMEDABAD – 382 445, GUJARAT, INDIA. , India
													
													
													
													
													
													",2 x 14&#039;s (in blisters),"Each film coated tablet contains: Losartan Potassium USP equivalent to Losartan 100 mg
Excipients q.s.
Color: Titanium Dioxide BP",https://admin.greenbook.nafdac.gov.ng/uploadImage/smpc_files/2025/03/21/202503214afb757b-55db-5da6-b1c9-cdb6972c8124.pdf,C09CA01,https://greenbook.nafdac.gov.ng/products/details/10747,2026-09-29T10:52:30.242228+00:00
Greenbook NAFDAC,4205,9774,Losartan 100 Tablet_ (duplicate),1,Drugs,"{'id': 1, 'name': 'Drugs', 'created_at': '-000001-11-30T00:00:00.000000Z', 'updated_at': '2022-03-17T16:53:12.000000Z', 'deleted_at': None}",263,Losartan Potassium,,A11-100135,1,Tablet,1,Oral,100 mg,167,Emzor Pharmaceutical Industries Limited,2021-05-27,2026-05-26,Inactive,"Oral Tablet.

LOSARTAN 100 TABLET	LOSARTAN	A11-100135	TABLET	ORAL	LOSARTAN	100MG	3X10	POM	EMZOR PHARMA. IND. LTD,FLOWERGATE MIXED DEVELOPMENT SCHEME.KM 1 SAGAMU/BENIN EXPRESSWAY,SAGAMU,OGUN-STATE	EMZOR PHARMA. IND. LTD,FLOWERGATE MIXED DEVELOPMENT SCHEME.KM 1 SAGAMU/BENIN EXPRESSWAY,SAGAMU,OGUN-STATE	NIGERIA		26 MAY, 2026			
",3 x 10&#039;s,Each tablet contains: Losartan Potassium 100 mg,https://admin.greenbook.nafdac.gov.ng/uploadImage/smpc_files/2025/01/13/20250113b3ef8357-2a40-50ee-8aa9-797019754710.pdf,C09CA01,https://greenbook.nafdac.gov.ng/products/details/9774,2026-09-29T10:52:30.242228+00:00
Greenbook NAFDAC,4206,10261,Losartan 12.5 Tablets##,1,Drugs,"{'id': 1, 'name': 'Drugs', 'created_at': '-000001-11-30T00:00:00.000000Z', 'updated_at': '2022-03-17T16:53:12.000000Z', 'deleted_at': None}",263,Losartan Potassium,,C4-1870,1,Tablet,1,Oral,12.5 mg,722,SK Medicines Limited,2021-09-28,2026-09-27,Inactive,Tablet,2 x 14&#039;s,Each tablet contains: Losartan Potassium BP 12.5 mg,,,https://greenbook.nafdac.gov.ng/products/details/10261,2026-09-29T10:52:30.242228+00:00
Greenbook NAFDAC,4207,10748,Losartan 50 mg Tablets##,1,Drugs,"{'id': 1, 'name': 'Drugs', 'created_at': '-000001-11-30T00:00:00.000000Z', 'updated_at': '2022-03-17T16:53:12.000000Z', 'deleted_at': None}",263,Losartan Potassium,,A4-101172,1,Tablet,1,Oral,50 mg,1652,Ujagbatex Pharmaceutical Company Limited,2025-01-30,2030-01-29,Active,"Film Coated Tablets

NF-PP-433681	LOSARTAN 50MG TABLETS	LOSARTANPOTASSIUM USP 50MG	EACH FILM COATED TABLET CONTAINS LOSARTAN POTASSIUM USP 50MG EXCIPIENTS LACTOSE MICROCRYSTALLINE CELLULOSE MAIZE STARCH POVIDONE K-30 MAGNESIUM STEARATE PURIFIED TALC COLLOIDAL ANHYDROUS SILICA SODIUM LAURYL SULPHATE HYDROXYPROPYLMETHYLCELLULOSE POLYETHYLENE GLYCOL 4000 TITANIUM DIOXIDE		Drugs	Imported Products	2X14	Prescription Only Medicine (POM)	6/17/2024	UJAGBATEX PHARMACEUTICALS COMPANY LIMITED, NO 17 SHEBBA STREET, FEGGE ONITSHA ANAMBRA STATE	8063803298	steveujagbatex2019@gmail.com	SWISS PHARMA PVT. LTD., 3709, G.I.D.C., PHASE IV, VATVA, AHMEDABAD – 382 445, GUJARAT, INDIA. , India
													
													
													
													
													
													",2 x 14&#039;s (in blisters),"Each film coated tablet contains: Losartan Potassium USP equivalent to Losartan 50 mg
Excipients q.s.
Color: Titanium Dioxide BP",https://admin.greenbook.nafdac.gov.ng/uploadImage/smpc_files/2025/03/21/202503212a30d563-3263-5663-9cf5-f94b5d896dfa.pdf,C09CA01,https://greenbook.nafdac.gov.ng/products/details/10748,2026-09-29T10:52:30.242228+00:00
Greenbook NAFDAC,4208,3079,Losartan 50 Tablets##,1,Drugs,"{'id': 1, 'name': 'Drugs', 'created_at': '-000001-11-30T00:00:00.000000Z', 'updated_at': '2022-03-17T16:53:12.000000Z', 'deleted_at': None}",263,Losartan Potassium,,C4-1225,1,Tablet,1,Oral,50 mg,761,Anyi-Tex Pharmaceuticals Limited,2020-11-10,2025-11-09,Inactive,Tablet,,Each tablet contains: Losartan Potassium 50 mg,,C09CA01,https://greenbook.nafdac.gov.ng/products/details/3079,2026-09-29T10:52:30.242228+00:00
Greenbook NAFDAC,4209,404,Losartan Potassium 100 mg Film-Coated Tablets**,1,Drugs,"{'id': 1, 'name': 'Drugs', 'created_at': '-000001-11-30T00:00:00.000000Z', 'updated_at': '2022-03-17T16:53:12.000000Z', 'deleted_at': None}",263,Losartan Potassium,,A4-100076,1,Tablet,1,Oral,100 mg,669,World Wide Commercial Ventures Ltd,2021-08-03,2026-08-02,Inactive,"Film Coated Tablet
White, oval, slightly arched film coated tablets, debossed &quot;100&quot; on one side, score line on the other side.
The tablet can be divided into equal doses",2 x 14&#039;s (in PVC-AIu blisters),"Each tablet contains: Losartan Potassium 100 mg

Excipient(s) with known effect (per 100 mg tablet): Lactose Monohydrate 100 mg",https://admin.greenbook.nafdac.gov.ng/uploadImage/smpc_files/2025/02/03/2025020355da5357-0326-54e3-8f45-292f0f36e23e.pdf,C09CA01,https://greenbook.nafdac.gov.ng/products/details/404,2026-09-29T10:52:30.242228+00:00
Greenbook NAFDAC,4210,10264,Losartan Potassium 100 mg Tablets##,1,Drugs,"{'id': 1, 'name': 'Drugs', 'created_at': '-000001-11-30T00:00:00.000000Z', 'updated_at': '2022-03-17T16:53:12.000000Z', 'deleted_at': None}",263,Losartan Potassium,,C4-1799,1,Tablet,1,Oral,100 mg,722,SK Medicines Limited,2021-08-03,2026-08-02,Inactive,Tablet																																																																																																																																																																																																																																																																																																																																																																																																																																																																															,2 x 14&#039;s,Each tablet contains: Losartan Potassium 100 mg,,,https://greenbook.nafdac.gov.ng/products/details/10264,2026-09-29T10:52:30.242228+00:00
Greenbook NAFDAC,4211,403,Losartan Potassium 25 mg Film-Coated Tablets**,1,Drugs,"{'id': 1, 'name': 'Drugs', 'created_at': '-000001-11-30T00:00:00.000000Z', 'updated_at': '2022-03-17T16:53:12.000000Z', 'deleted_at': None}",263,Losartan Potassium,,A4-100075,1,Tablet,1,Oral,25 mg,669,World Wide Commercial Ventures Ltd,2021-08-03,2026-08-02,Inactive,"Film Coated Tablet.
White oval, slightly arched film coated tablets, debossed &quot;2&quot;, score line and &quot;5&quot; on one side, score line on the other.
The score line is only to facilitate breaking for ease of swallowing and not to divide into equal doses",2 x 14&#039;s (in PVC-AIu blisters),"Each tablet contains: Losartan Potassium 25 mg (as potassium salt)

Excipient(s) with known effect (per 25 mg tablet): Lactose Monohydrate 25 mg",https://admin.greenbook.nafdac.gov.ng/uploadImage/smpc_files/2025/02/03/202502032ff66d5b-afdf-521b-b89d-c1b4263629c3.pdf,C09CA01,https://greenbook.nafdac.gov.ng/products/details/403,2026-09-29T10:52:30.242228+00:00
Greenbook NAFDAC,4212,10265,Losartan Potassium 25 mg Tablets##,1,Drugs,"{'id': 1, 'name': 'Drugs', 'created_at': '-000001-11-30T00:00:00.000000Z', 'updated_at': '2022-03-17T16:53:12.000000Z', 'deleted_at': None}",263,Losartan Potassium,,C4-1800,1,Tablet,1,Oral,25 mg,722,SK Medicines Limited,2021-08-03,2026-08-02,Inactive,Tablet																																																																																																																																																																																																																																																																																																																																																																																																																																																																																																																,2 x 14&#039;s,Each tablet contains: Losartan Potassium 25 mg,,,https://greenbook.nafdac.gov.ng/products/details/10265,2026-09-29T10:52:30.242228+00:00
Greenbook NAFDAC,4213,405,Losartan Potassium 50 mg Film-Coated Tablets**,1,Drugs,"{'id': 1, 'name': 'Drugs', 'created_at': '-000001-11-30T00:00:00.000000Z', 'updated_at': '2022-03-17T16:53:12.000000Z', 'deleted_at': None}",263,Losartan Potassium,,A4-100077,1,Tablet,1,Oral,50 mg,669,World Wide Commercial Ventures Ltd,2021-08-03,2026-08-02,Inactive,"Film Coated Tablet
White, oval, slightly arched film coated tablets, debossed &quot;50&quot; on one side, score line on the other.
The tablet can be divided into equal doses",2 x 14&#039;s (in PVC-AIu blisters),"Each tablet contains: Losartan Potassium 50 mg (as potassium salt)

Excipient(s) with known effect (per 50 mg tablet): Lactose Monohydrate 9 mg",https://admin.greenbook.nafdac.gov.ng/uploadImage/smpc_files/2025/02/03/202502035879cf4f-058f-5c66-bc3d-b147a4bd3e42.pdf,C09CA01,https://greenbook.nafdac.gov.ng/products/details/405,2026-09-29T10:52:30.242228+00:00
Greenbook NAFDAC,4214,10266,Losartan Potassium 50 mg Tablets##,1,Drugs,"{'id': 1, 'name': 'Drugs', 'created_at': '-000001-11-30T00:00:00.000000Z', 'updated_at': '2022-03-17T16:53:12.000000Z', 'deleted_at': None}",263,Losartan Potassium,,C4-1798,1,Tablet,1,Oral,50 mg,722,SK Medicines Limited,2021-08-03,2026-08-02,Inactive,Tablet																																																																																																																																																																																																																																																																																																																																																																																																																																																																							,2 x 14&#039;s,Each tablet contains: Losartan Potassium 50 mg,,,https://greenbook.nafdac.gov.ng/products/details/10266,2026-09-29T10:52:30.242228+00:00
Greenbook NAFDAC,4215,10749,Losartan Potassium 50 mg Tablets##,1,Drugs,"{'id': 1, 'name': 'Drugs', 'created_at': '-000001-11-30T00:00:00.000000Z', 'updated_at': '2022-03-17T16:53:12.000000Z', 'deleted_at': None}",263,Losartan Potassium,,A4-9919,1,Tablet,1,Oral,50 mg,640,Freshborn Industries Ltd,2025-03-27,2030-03-26,Active,"Film Coated Tablet

LOSARTAN POTASSIUM 50MG TABLETS 	&quot;LOSARTAN POTASSIUM TABLETS USP 50 MG. 
EXCIPIENTS: SODIUM LAURYL SULFATE 0.50MG , CROSCARMELLOSE SODIUM 10.00MG, MICROCRYSTALLINE CELLULOSE -102; 79.50MG, SODIUM STARCH GLYCOLATE 5.00MG, COLLOIDAL SILICON DIOXIDE 3.00MG, MAGNESIUM STEARATE 2MG, PONCEAU 4R 5MG, PURIFIED WATER QS.

&quot;	A4-9919	Drugs	Imported Product	3X10	15-10-2024	FRESHBORN INDUSTRIES LIMITED, 45 ASHOGBON STREET IDUMOTA Lagos State	234809785	freshbornindustries@yahoo.com	Claroid Pharmaceutical PVT. Ltd., 217/P, Opp. Gurukul English Medium School, Kamod Pirana Road, Tal. -Daskroi, Dist.- Ahmedabad – 382 425 Gujarat India
",3 x 10&#039;s (in Alu-Alu blisters),"Each film coated tablet contains Losartan Potassium USP equivalent to Losartan 50 mg
Excipients q.s.
Color: Ponceau 4R",https://admin.greenbook.nafdac.gov.ng/uploadImage/smpc_files/2025/05/21/202505215add55cb-231e-542f-a745-4916a64d88da.pdf,C09CA01,https://greenbook.nafdac.gov.ng/products/details/10749,2026-09-29T10:52:30.242228+00:00
Greenbook NAFDAC,4216,3080,Losartan Potassium Tablets 50 mg##,1,Drugs,"{'id': 1, 'name': 'Drugs', 'created_at': '-000001-11-30T00:00:00.000000Z', 'updated_at': '2022-03-17T16:53:12.000000Z', 'deleted_at': None}",263,Losartan Potassium,,C4-1275,1,Tablet,1,Oral,50 mg,712,Synermed Nig Ltd,2020-11-30,2025-11-29,Inactive,Tablet,,Each tablet contains: Losartan Potassium 50 mg,,C09CA01,https://greenbook.nafdac.gov.ng/products/details/3080,2026-09-29T10:52:30.242228+00:00
Greenbook NAFDAC,4217,10750,Losartan Potassium Tablets USP 100 mg_,1,Drugs,"{'id': 1, 'name': 'Drugs', 'created_at': '-000001-11-30T00:00:00.000000Z', 'updated_at': '2022-03-17T16:53:12.000000Z', 'deleted_at': None}",263,Losartan Potassium,,A4-100995,1,Tablet,1,Oral,100 mg,751,ZMC International Limited,2024-08-28,2029-08-27,Active,"Oral Tablet.
Green coloured oval shaped biconvex film coated tablets with embossed &quot;SLPL&quot; on one side &amp; plain on another side.

LOSARTAN POTASSIUM TABLETS USP 100MG	LOSARTAN POTASSIUM USP 100MG	EACH FILM COATED TABLET CONTAINS LOSARTAN POTASSIUM USP 100MG EXCIPIENTS croscarmellose sodium, hypromellose, magnesium stearate, mannitol		Drugs	Imported Products	2X14	POM 2	20/06/2023	ZMC INTERNATIONAL LIMITED., 7A NIGER STREET,KANO, KANO STATE, NIGERIA	576768789	zmcinternational18@gmail.com	APEX FORMULATIONS PVT LTD, 1276, RAJPUR, ZULASAN ROAD, AHMEDABAD - MEHSANA HIGHWAY, DIST, MEHSANA GUJARAT, INDIA, India",2 x 14&#039;s,Each tablet contains: Losartan Potassium USP 100 mg ,https://admin.greenbook.nafdac.gov.ng/uploadImage/smpc_files/2024/09/17/202409178ad92715-4f89-5a79-934b-6cb26ba35de3.pdf,C09CA01,https://greenbook.nafdac.gov.ng/products/details/10750,2026-09-29T10:52:30.242228+00:00
Greenbook NAFDAC,4218,10751,Losartan Potassium Tablets USP 50 mg_(check smpc),1,Drugs,"{'id': 1, 'name': 'Drugs', 'created_at': '-000001-11-30T00:00:00.000000Z', 'updated_at': '2022-03-17T16:53:12.000000Z', 'deleted_at': None}",263,Losartan Potassium,,A4-100981,1,Tablet,1,Oral,50 mg,751,ZMC International Limited,2024-08-28,2029-08-27,Active,"Tablet.

84	NF-PP-338731	LOSARTAN POTASSIUM TABLETS USP 50MG	LOSARTAN POTASSIUM USP 50MG	EACH FILM COATED TABLET CONTAINS LOSARTAN POTASSIUM USP 50MG EXCIPIENTS Maize starch, Lactose, Microcrystalline cellulose, Purified water, PVP L 30, Isopropyl alcohol, Magnesium stearate, Purified talc, Colloidal anhydrous silica, Sodium starch glycolate	A4-100981	Drugs	Imported Products	2X14	Prescription Only Medicine (POM)	6/20/2023	ZMC INTERNATIONAL LIMITED., 7A NIGER STREET,KANO, KANO STATE, NIGERIA	576768789	zmcinternational18@gmail.com	APEX FORMULATIONS PVT LTD, 1276, RAJPUR, ZULASAN ROAD, AHMEDABAD - MEHSANA HIGHWAY, DIST, MEHSANA GUJARAT, INDIA, India",2 x 14&#039;s in Alu Alu Blisters,Each tablet contains: Losartan Potassium Tablets USP 50 mg,https://admin.greenbook.nafdac.gov.ng/uploadImage/smpc_files/2024/09/29/2024092973f5ba4a-d42f-594c-beb9-eae84ce3d830.pdf,C09CA01,https://greenbook.nafdac.gov.ng/products/details/10751,2026-09-29T10:52:30.242228+00:00
Greenbook NAFDAC,4219,10267,Losartan Potassium USP 50 mg Tablet##,1,Drugs,"{'id': 1, 'name': 'Drugs', 'created_at': '-000001-11-30T00:00:00.000000Z', 'updated_at': '2022-03-17T16:53:12.000000Z', 'deleted_at': None}",263,Losartan Potassium,,C4-1773,1,Tablet,1,Oral,50 mg,185,Global Organics Ltd,2021-08-03,2026-08-02,Inactive,Tablet																																																																																																																																																																																																																																																																																																																																																																																																																																																																																																																																																												,4 x 10&#039;s,Each tablet contains: Losartan Potassium USP 50 mg,,C09CA01,https://greenbook.nafdac.gov.ng/products/details/10267,2026-09-29T10:52:30.242228+00:00
Greenbook NAFDAC,4220,10262,Losartan Potassium/Hydrochlorothiazide 100 mg/50 mg Tablet##,1,Drugs,"{'id': 1, 'name': 'Drugs', 'created_at': '-000001-11-30T00:00:00.000000Z', 'updated_at': '2022-03-17T16:53:12.000000Z', 'deleted_at': None}",263,Losartan Potassium,,C4-1838,1,Tablet,1,Oral,100/25mg,722,SK Medicines Limited,2021-08-26,2026-08-25,Inactive,Tablet,2 x 14&#039;s,"Each tablet contains: Losartan Potassium 100 mg, Hydrochlorothiazide 25 mg",,,https://greenbook.nafdac.gov.ng/products/details/10262,2026-09-29T10:52:30.242228+00:00
Greenbook NAFDAC,4221,10263,Losartan Potassium/Hydrochlorothiazide 50 mg/12.5 mg Tablet##,1,Drugs,"{'id': 1, 'name': 'Drugs', 'created_at': '-000001-11-30T00:00:00.000000Z', 'updated_at': '2022-03-17T16:53:12.000000Z', 'deleted_at': None}",263,Losartan Potassium,,C4-1837,1,Tablet,1,Oral,50mg/12.5mg,722,SK Medicines Limited,2021-08-26,2026-08-25,Inactive,Tablet,2 x 14&#039;s,"Each tablet contains: Losartan Potassium 50 mg, Hydrochlorothiazide 12.5 mg",,,https://greenbook.nafdac.gov.ng/products/details/10263,2026-09-29T10:52:30.242228+00:00
Greenbook NAFDAC,4222,3082,Losatrust-25 Tablets##,1,Drugs,"{'id': 1, 'name': 'Drugs', 'created_at': '-000001-11-30T00:00:00.000000Z', 'updated_at': '2022-03-17T16:53:12.000000Z', 'deleted_at': None}",263,Losartan Potassium,,A4-3317,1,Tablet,1,Oral,25 mg,127,Al-Tinez Pharmaceuticals Limited,2020-11-10,2025-11-09,Inactive,Tablet,,Each tablet contains: Losartan Potassium 25 mg,,C09CA01,https://greenbook.nafdac.gov.ng/products/details/3082,2026-09-29T10:52:30.242228+00:00
Greenbook NAFDAC,4223,3083,Losatrust-50 Tablets##,1,Drugs,"{'id': 1, 'name': 'Drugs', 'created_at': '-000001-11-30T00:00:00.000000Z', 'updated_at': '2022-03-17T16:53:12.000000Z', 'deleted_at': None}",263,Losartan Potassium,,A4-2834,1,Tablet,1,Oral,50 mg,127,Al-Tinez Pharmaceuticals Limited,2020-11-10,2025-11-09,Inactive,Tablet,,Each tablet contains: Losartan Potassium 50 mg,,C09CA01,https://greenbook.nafdac.gov.ng/products/details/3083,2026-09-29T10:52:30.242228+00:00
Greenbook NAFDAC,4224,3093,Losatrust-H Tablets##,1,Drugs,"{'id': 1, 'name': 'Drugs', 'created_at': '-000001-11-30T00:00:00.000000Z', 'updated_at': '2022-03-17T16:53:12.000000Z', 'deleted_at': None}",264,Losartan Potassium; Hydrochlorothiazide,,A4-2814,1,Tablet,1,Oral,50 mg; 12.5 mg,127,Al-Tinez Pharmaceuticals Limited,2020-11-10,2025-11-09,Inactive,Tablet,,"Each tablet contains: Losartan Potassium 50 mg, Hydrochlorothiazide 12.5 mg",,C09DA01,https://greenbook.nafdac.gov.ng/products/details/3093,2026-09-29T10:52:30.242228+00:00
Greenbook NAFDAC,4225,10752,Lotan 100 mg Tablets##,1,Drugs,"{'id': 1, 'name': 'Drugs', 'created_at': '-000001-11-30T00:00:00.000000Z', 'updated_at': '2022-03-17T16:53:12.000000Z', 'deleted_at': None}",263,Losartan Potassium,,A4-8590,1,Tablet,1,Oral,100 mg,210,Korlyns Pharmaceuticals Ltd,2025-01-30,2030-01-29,Active,"Film Coated Tablet
white colored, round shaped, biconvex, film coated tablets

LOTAN 100MG TABLETS	LOSARTAN POTASSIUM TABLETS USP 100MG	LOSARTAN POTASSIUM 100MG TABLETS Losartan Potassium USP Lactose Monohydrate USPNF Corn Starch USPNF Resion / Indion 234 Microcrystalline Cellulose USPNF Povidone K-30 USPNF Talc USPNF Magnesium Stearate USPNF Sodium Starch Glycolate USPNF Croscarmellose Sodium USPNF (Ac-di sol 711) Collodial Silicon Dioxide USPNF Colour Opadry white (Containg Titanium Dioxide) Corn Starch (Additional)* Purified Water BP	A4-8590	Drugs	CARDIOVASCULAR SYSTEM	Imported Products	10*3SACHETS	Prescription Only Medicine (POM)	03/12/2023	KORLYNS PHARMACEUTICALS LIMITED, 7, JAIYE OYEDOTUN STREET, MAGODO LAGOS LAGOS	8123173544	hardeybeecee77@yahoo.com	CRIS PHARMA (INDIA) LTD, E-11,UPSIDC, INDUSTRIAL AREA,SELAQUI, DEHRADUN,UTTARAKHAND,INDIA, India
													
													
													
													
													
													
",3 x 10&#039;s (in Alu-Alu blisters),"Each tablet contains Losartan Potassium USP equivalent to Losartan 100 mg
Excipients q.s.",https://admin.greenbook.nafdac.gov.ng/uploadImage/smpc_files/2025/03/29/2025032975d6f3b8-47ca-57d1-8483-9cb84a9f81b8.pdf,C09CA01,https://greenbook.nafdac.gov.ng/products/details/10752,2026-09-29T10:52:30.242228+00:00
Greenbook NAFDAC,4226,10753,Lotan 50 mg Tablets##,1,Drugs,"{'id': 1, 'name': 'Drugs', 'created_at': '-000001-11-30T00:00:00.000000Z', 'updated_at': '2022-03-17T16:53:12.000000Z', 'deleted_at': None}",263,Losartan Potassium,,A4-8610,1,Tablet,1,Oral,50 mg,210,Korlyns Pharmaceuticals Ltd,2025-01-30,2030-01-29,Active,"Tablet
white colored, round shaped, biconvex, film coated tablets

LOTAN 50 MG TABLETS	LOSARTAN POTASSIUM TABLETS USP 50MG	LOSARTAN POTASSIUM USP 50MG TABLETS	A4-8610	Drugs	CARDIOVASCULAR SYSTEM	Imported Products	3X10PACK	Prescription Only Medicine (POM)	03/12/2023	KORLYNS PHARMACEUTICALS LIMITED, 7, JAIYE OYEDOTUN STREET, MAGODO LAGOS LAGOS	8123173544	hardeybeecee77@yahoo.com	CRIS PHARMA (INDIA) LTD, E-11,UPSIDC, INDUSTRIAL AREA,SELAQUI, DEHRADUN,UTTARAKHAND,INDIA, India
													
													
													
													
													
													
",3 x 10&#039;s (in Alu-Alu blisters),"Each film coated tablet contains: Losartan Potassium USP equivalent to Losartan 50 mg
Excipients q.s.",https://admin.greenbook.nafdac.gov.ng/uploadImage/smpc_files/2025/03/29/202503291c982a0e-f84d-55cc-a655-325b586f94a7.pdf,C09CA01,https://greenbook.nafdac.gov.ng/products/details/10753,2026-09-29T10:52:30.242228+00:00
Greenbook NAFDAC,4227,3843,Lotemp Paracetamol Suspension##,1,Drugs,"{'id': 1, 'name': 'Drugs', 'created_at': '-000001-11-30T00:00:00.000000Z', 'updated_at': '2022-03-17T16:53:12.000000Z', 'deleted_at': None}",1529,Paracetamol,Acetaminophen,04-4988,102,Suspension,1,Oral,125 mg/5 mL,320,Unique AgroChem Ltd,2021-08-27,2026-08-26,Inactive,"Suspension
Pink colored, viscous aqueous suspension",1 x 60 mL (in amber PET bottle),"Each 5 mL contains: Suspension 125 mg
Excipients q.s.",https://admin.greenbook.nafdac.gov.ng/uploadImage/smpc_files/2025/01/15/20250115361624ee-57dc-5826-a67e-1f4591776c58.pdf,N02BE01,https://greenbook.nafdac.gov.ng/products/details/3843,2026-09-29T10:52:30.242228+00:00
Greenbook NAFDAC,4228,6312,Lotemp Plus Tablets##,1,Drugs,"{'id': 1, 'name': 'Drugs', 'created_at': '-000001-11-30T00:00:00.000000Z', 'updated_at': '2022-03-17T16:53:12.000000Z', 'deleted_at': None}",82,Ibuprofen; Paracetamol,,A11-0594,1,Tablet,1,Oral,200 mg; 325 mg,320,Unique AgroChem Ltd,2023-09-28,2028-09-27,Active,"Tablet

24	RNW-PP-303711	LOTEMP PLUS TABLETS	IBUPROFEN 200 MG + PARACETAMOL 325 MG TABLET	Each Tablet contains: Paracetamol BP 325mg, Ibuprofen BP 200 mg, Maize starch BP 28 mg, Croscarmellose Sodium BP 6 mg, Methyl Paraben BP 1.12 mg, Propyl Paraben BP 0.28 mg, Microcrystalline Cellulose BP 11.84 mg, Colloidal Silicon dioxide BP 2.36 mg, Purified Talc BP 4.8 mg, Magnesium Stearate BP 0.6 mg	A11-0594	Drugs	Nigerian Products	10*10	OTC	12/28/2022	UNIQUE PHARMACEUTICALS LIMITED, FATAI ATERE WAY MATORI, MUSHIN LAGOS LAGOS	8097421000	mail@uniquepharm.com	UNIQUE PHARMACEUTICALS LIMITED, 11, FATAI ATERE WAY, MATORI, MUSHIN, LAGOS., Nigeria",10 x 10&#039;s (in PVC-Alu blisters),"Each tablet contains: Ibuprofen 200 mg, Paracetamol 325 mg
Excipients q.s.",https://admin.greenbook.nafdac.gov.ng/uploadImage/smpc_files/2023/10/07/20231007dfc8332f-36f1-545d-92ad-237c63e096d7.pdf,M01AE51,https://greenbook.nafdac.gov.ng/products/details/6312,2026-09-29T10:52:30.242228+00:00
Greenbook NAFDAC,4229,9981,Lotemp Suspension_ (duplicate),1,Drugs,"{'id': 1, 'name': 'Drugs', 'created_at': '-000001-11-30T00:00:00.000000Z', 'updated_at': '2022-03-17T16:53:12.000000Z', 'deleted_at': None}",1529,Paracetamol,Acetaminophen,04-4988,102,Suspension,1,Oral,125 mg/5 mL,1319,Unique Pharmaceuticals Limited,2021-05-25,2026-05-24,Inactive,"Oral suspension.

22	LOTEMP SUSPENSION	LOTEMP	Paracetamol 	Analgesic	Paracetamol 125mg/5ml	Suspension x 60ml	Relief of pains and fever	OTC	Unique Pharmaceuticals Limited	Km 38, Abeokuta Road, Sango - Ota, Ogun State	Same as Applicant	Same as Applicant	GMP - Satis RBP		04-4988			
",60 mL,Each 5 mL suspension contains: Paracetamol 125 mg/5 mL,https://admin.greenbook.nafdac.gov.ng/uploadImage/smpc_files/2025/01/21/20250121f9b94d2e-acd5-51a3-80ee-5a6963612616.pdf,N02BE01,https://greenbook.nafdac.gov.ng/products/details/9981,2026-09-29T10:52:30.242228+00:00
Greenbook NAFDAC,4230,3844,Lotemp Tablet##,1,Drugs,"{'id': 1, 'name': 'Drugs', 'created_at': '-000001-11-30T00:00:00.000000Z', 'updated_at': '2022-03-17T16:53:12.000000Z', 'deleted_at': None}",1529,Paracetamol,Acetaminophen,04-7111,1,Tablet,1,Oral,500 mg,320,Unique AgroChem Ltd,2021-05-07,2026-05-06,Inactive,"Tablet
White circular tablet debossed with “Lotemp” and &quot;P500&quot; on one side and “Unique” on the other side",8 x 12&#039;s (in PVC-Alu blisters),"Each tablet contains: Paracetamol 500 mg
Excipients q.s.",https://admin.greenbook.nafdac.gov.ng/uploadImage/smpc_files/2025/01/15/202501150f528d00-a200-52dc-aeb5-a500dc14befd.pdf,N02BE01,https://greenbook.nafdac.gov.ng/products/details/3844,2026-09-29T10:52:30.242228+00:00
Greenbook NAFDAC,4231,3756,Lotexin Tablets##,1,Drugs,"{'id': 1, 'name': 'Drugs', 'created_at': '-000001-11-30T00:00:00.000000Z', 'updated_at': '2022-03-17T16:53:12.000000Z', 'deleted_at': None}",535,Dihydroartemisinin; Piperaquine Phosphate,,B4-5963,1,Tablet,1,Oral,40 mg; 320 mg,179,Geneith Pharmaceuticals Limited,2021-03-01,2026-02-28,Inactive,"Film Coated Tablet
",1 x 12&#039;s (in PVC-Alu blister),"Each tablet contains: Dihydroartemisinin 40 mg, Piperaquine Phosphate 320 mg
Excipients q.s.",https://admin.greenbook.nafdac.gov.ng/uploadImage/smpc_files/2023/05/27/20230527168a7610-3d07-5cfe-a3ee-fdcb9b6e9f0a.pdf,P01BF07,https://greenbook.nafdac.gov.ng/products/details/3756,2026-09-29T10:52:30.242228+00:00
Greenbook NAFDAC,4232,7466,Lowator 10 mg Tablets##,1,Drugs,"{'id': 1, 'name': 'Drugs', 'created_at': '-000001-11-30T00:00:00.000000Z', 'updated_at': '2022-03-17T16:53:12.000000Z', 'deleted_at': None}",304,Rosuvastatin (Rosuvastatin Calcium),,B4-9432,1,Tablet,1,Oral,10 mg,741,Unosource Pharma Nigeria Limited,2024-01-31,2029-01-30,Active,"Tablet

56	RNW-PP-316361	LOWATOR 10MG TABLETS	ROSUVASTATIN 10mg	Rosuvastatin calcium eqv. to rosuvastatin 10mg	B4-9432	Drugs	Imported Products	3X10	Prescription Only Medicine (POM)	3/22/2023	UNOSOURCE PHARMA NIGERIA LIMITED, 47, Babaponmile Street, Onipetesi-Mongoro	234803854	unosourcepharmangltd@yahoo.com	AKUMS DRUGS &amp; PHARM LIMITED, 19.20.21,SECTOR 6A,I.I.E.BHEL AREA SIDCUL RANIPUR,HARDIWAR.INDIA, India",3 x 10&#039;s (in Alu-Alu blisters),"Each film coated tablet contains: Rosuvastatin Calcium USP equivalent to Rosuvastatin 10 mg
Colors: Idacol Lake Ponceau 4R &amp; Titanium Dioxide USP",https://admin.greenbook.nafdac.gov.ng/uploadImage/smpc_files/2024/11/28/202411282fac0796-b175-58bd-91c9-ac4885d559e0.pdf,C10AA07,https://greenbook.nafdac.gov.ng/products/details/7466,2026-09-29T10:52:30.242228+00:00
Greenbook NAFDAC,4233,7467,Lowator-5 Tablet## (wrong smpc),1,Drugs,"{'id': 1, 'name': 'Drugs', 'created_at': '-000001-11-30T00:00:00.000000Z', 'updated_at': '2022-03-17T16:53:12.000000Z', 'deleted_at': None}",304,Rosuvastatin (Rosuvastatin Calcium),,B4-9433,1,Tablet,1,Oral,5 mg,741,Unosource Pharma Nigeria Limited,2024-03-27,2029-03-26,Active,"Tablet

42	RNW-PP-362342	LOWATOR-5 TABLET	ROSUVASTATIN TABLET USP 5MG	ROSUVASTATIN TABLET USP 5MG, Excipients: Dibasic Calcium phosphate, lactose anhydrous, microcrystalline cellulose, pregelatinised starch, colour sunset yellow fcf lake, hydroxy propyl cellulose (KLUCEL EXF), Isopropyl alchohol, magnesium stearate, colloidal anhydrous silica, sodium starch glycolate (primojel) crospovidone	B4-9433	Drugs	Imported Products	3x10	Prescription Only Medicine (POM)	10/30/2023	UNOSOURCE PHARMA NIGERIA LIMITED, 47,BABAPOMILE STREET,ONIPETESI ESTATE, MANGORO, LAGOS.&quot;	AKUMS DRUGS &amp; PHARMACEUTICALS LIMITED, 19, 20, 21, SECTOR-6A, I.I.E., SIDCUL, RANIPUR, HARIDWAR-249403, INDIA., India",3 x 10&#039;s (in Alu-Alu blisters),"Each film coated tablet contains: Rosuvastatin Calcium USP equivalent to Rosuvastatin 5 mg
Colors: Idacol Lake Ponceau 4R &amp; Titanium Dioxide USP",https://admin.greenbook.nafdac.gov.ng/uploadImage/smpc_files/2024/11/28/20241128ba5f3f0a-3f3f-5b91-b140-2f59c14376ea.pdf,C10AA07,https://greenbook.nafdac.gov.ng/products/details/7467,2026-09-29T10:52:30.242228+00:00
Greenbook NAFDAC,4234,10755,Loxagyl 200 Tablet**,1,Drugs,"{'id': 1, 'name': 'Drugs', 'created_at': '-000001-11-30T00:00:00.000000Z', 'updated_at': '2022-03-17T16:53:12.000000Z', 'deleted_at': None}",485,Metronidazole,,04-0283,1,Tablet,1,Oral,200 mg,221,May &amp; Baker Nigeria PLC,2022-01-27,2027-01-26,Active,Tablet,10 x 10&#039;s (in blisters),"Each tablet contains: Metronidazole 200 mg, Excipients q.s.",https://admin.greenbook.nafdac.gov.ng/uploadImage/smpc_files/2025/01/20/202501203075510e-ab92-5af9-9e1e-d6a816a0c107.pdf,P01AB01,https://greenbook.nafdac.gov.ng/products/details/10755,2026-09-29T10:52:30.242228+00:00
Greenbook NAFDAC,4235,10754,Loxagyl 400 Tablet**,1,Drugs,"{'id': 1, 'name': 'Drugs', 'created_at': '-000001-11-30T00:00:00.000000Z', 'updated_at': '2022-03-17T16:53:12.000000Z', 'deleted_at': None}",485,Metronidazole,,04-5566,1,Tablet,1,Oral,400 mg,221,May &amp; Baker Nigeria PLC,2020-11-10,2025-11-09,Inactive,Tablet,10 x 10&#039;s (in PVC blisters),"Each tablet contains: Metronidazole 400 mg
Excipients: Micro Crystalline Cellulose BP, Tartrazine Yellow, Maize Starch BP, Methyl Hydroxybenzoate BP, Purified Water, Magnesium Stearate BP",https://admin.greenbook.nafdac.gov.ng/uploadImage/smpc_files/2025/01/20/20250120bbee3124-702c-5426-a794-dda4bf4090e8.pdf,P01AB01,https://greenbook.nafdac.gov.ng/products/details/10754,2026-09-29T10:52:30.242228+00:00
Greenbook NAFDAC,4236,10269,Loxagyl Suspension**,1,Drugs,"{'id': 1, 'name': 'Drugs', 'created_at': '-000001-11-30T00:00:00.000000Z', 'updated_at': '2022-03-17T16:53:12.000000Z', 'deleted_at': None}",485,Metronidazole,,04-0292,102,Suspension,1,Oral,200 mg/5 mL,221,May &amp; Baker Nigeria PLC,2026-04-28,2031-04-27,Inactive,Oral Suspension,1 x 60 mL (in amber PET bottle),"Each 5 mL contains: Metronidazole 200 mg, Excipients q.s.",https://admin.greenbook.nafdac.gov.ng/uploadImage/smpc_files/2025/01/20/20250120fea96f46-db7d-59ff-a9a6-201952004a6c.pdf,P01AB01,https://greenbook.nafdac.gov.ng/products/details/10269,2026-09-29T10:52:30.242228+00:00
Greenbook NAFDAC,4237,11233,Loxaprim DS Tablets**,1,Drugs,"{'id': 1, 'name': 'Drugs', 'created_at': '-000001-11-30T00:00:00.000000Z', 'updated_at': '2022-03-17T16:53:12.000000Z', 'deleted_at': None}",488,Sulfamethoxazole; Trimethoprim,Co-trimoxazole; Cotrimoxazole,B4-3620,1,Tablet,1,Oral,800 mg; 160 mg,221,May &amp; Baker Nigeria PLC,2021-03-29,2026-03-28,Inactive,Tablet,1 x 500&#039;s,Each tablet contains: Sulfamethoxazole BP 800 mg and Trimethoprim BP 160 mg  ,,J01EE01,https://greenbook.nafdac.gov.ng/products/details/11233,2026-09-29T10:52:30.242228+00:00
Greenbook NAFDAC,4238,11234,Loxaprim Suspension**,1,Drugs,"{'id': 1, 'name': 'Drugs', 'created_at': '-000001-11-30T00:00:00.000000Z', 'updated_at': '2022-03-17T16:53:12.000000Z', 'deleted_at': None}",488,Sulfamethoxazole; Trimethoprim,Co-trimoxazole; Cotrimoxazole,04-4135,102,Suspension,1,Oral,200 mg/5 mL; 40 mg/5 mL ,221,May &amp; Baker Nigeria PLC,2021-05-25,2026-05-24,Inactive,Oral Suspension,50 mL,Each 5 mL suspension contains: Sulfamethoxazole 200 mg and Trimethoprim 40 mg,https://admin.greenbook.nafdac.gov.ng/uploadImage/smpc_files/2025/07/10/2025071089c3464c-ae86-5851-908e-7bf5a62b1486.pdf,J01EE01,https://greenbook.nafdac.gov.ng/products/details/11234,2026-09-29T10:52:30.242228+00:00
Greenbook NAFDAC,4239,11235,Loxaprim Tablets**,1,Drugs,"{'id': 1, 'name': 'Drugs', 'created_at': '-000001-11-30T00:00:00.000000Z', 'updated_at': '2022-03-17T16:53:12.000000Z', 'deleted_at': None}",488,Sulfamethoxazole; Trimethoprim,Co-trimoxazole; Cotrimoxazole,04-5567,1,Tablet,1,Oral,400 mg; 80 mg,221,May &amp; Baker Nigeria PLC,2021-03-29,2026-03-28,Inactive,Tablet,10 x 10&#039;s,Each tablet contains: Sulfamethoxazole BP 400 mg and Trimethoprim BP 80 mg,,J01EE01,https://greenbook.nafdac.gov.ng/products/details/11235,2026-09-29T10:52:30.242228+00:00
Greenbook NAFDAC,4240,2315,Lozatan 25 Tablets##,1,Drugs,"{'id': 1, 'name': 'Drugs', 'created_at': '-000001-11-30T00:00:00.000000Z', 'updated_at': '2022-03-17T16:53:12.000000Z', 'deleted_at': None}",263,Losartan Potassium,,A4-2835,1,Tablet,1,Oral,25 mg,263,Pharma Ethics Limited,2021-05-07,2026-05-06,Inactive,"Film Coated Tablet
",,Each tablet contains: Losartan Potassium USP 25 mg,,C09CA01,https://greenbook.nafdac.gov.ng/products/details/2315,2026-09-29T10:52:30.242228+00:00
Greenbook NAFDAC,4241,2316,Lozatan 50 Tablets##,1,Drugs,"{'id': 1, 'name': 'Drugs', 'created_at': '-000001-11-30T00:00:00.000000Z', 'updated_at': '2022-03-17T16:53:12.000000Z', 'deleted_at': None}",263,Losartan Potassium,,A4-2972,1,Tablet,1,Oral,50 mg,263,Pharma Ethics Limited,2021-05-07,2026-05-06,Inactive,"Film Coated Tablet
",,Each tablet contains: Losartan Potassium USP 50 mg,,C09CA01,https://greenbook.nafdac.gov.ng/products/details/2316,2026-09-29T10:52:30.242228+00:00
Greenbook NAFDAC,4242,3221,Lozetrim Tablets**,1,Drugs,"{'id': 1, 'name': 'Drugs', 'created_at': '-000001-11-30T00:00:00.000000Z', 'updated_at': '2022-03-17T16:53:12.000000Z', 'deleted_at': None}",488,Sulfamethoxazole; Trimethoprim,Co-trimoxazole; Cotrimoxazole,B4-1592,1,Tablet,1,Oral,400 mg; 80 mg,1067,Daily-Need Industries Limited,2021-03-01,2026-02-28,Inactive,Tablet,10 x 10&#039;s,"Each tablet contains: Sulfamethoxazole BP 400 mg, Trimethoprim BP 80 mg",,J01EE01,https://greenbook.nafdac.gov.ng/products/details/3221,2026-09-29T10:52:30.242228+00:00
Greenbook NAFDAC,4243,11632,LT Fluconazole Capsules 150 mg_,1,Drugs,"{'id': 1, 'name': 'Drugs', 'created_at': '-000001-11-30T00:00:00.000000Z', 'updated_at': '2022-03-17T16:53:12.000000Z', 'deleted_at': None}",513,Fluconazole,,B4-9657,2,Capsule,1,Oral,150 mg,407,LifeThreads Nig Ltd,2025-07-30,2030-07-29,Active,"Capsule.
White to off-white powder filled in hard gelatin capsule of size &#039;2&quot; with white body and pink cap",1 x 4&#039;s (in Alu-PVC blister),"Each capsule contains: Fluconazole 150 mg
Excipients q.s.",https://admin.greenbook.nafdac.gov.ng/uploadImage/smpc_files/2025/08/21/20250821e5075f6d-cd08-5de5-bbfb-f662dc27284a.pdf,J02AC01,https://greenbook.nafdac.gov.ng/products/details/11632,2026-09-29T10:52:30.242228+00:00
Greenbook NAFDAC,4244,12388,LT- Artemether 80mg and Lumefantrine 480mg Tablets $,1,Drugs,"{'id': 1, 'name': 'Drugs', 'created_at': '-000001-11-30T00:00:00.000000Z', 'updated_at': '2022-03-17T16:53:12.000000Z', 'deleted_at': None}",528,Artemether; Lumefantrine,,C4-0237,1,Tablet,1,Oral,80mg; 480mg,407,LifeThreads Nig Ltd,2025-11-26,2030-11-25,Active,"LT ARTEMETHER 80MG AND LUMEFANTRINE 480MG TABLETS	LT ARTEMETHER 80MG AND LUMEFANTRINE 480MG TABLETS	TABLET	C4-0237	Drugs	Imported Product	1X6	22-04-2025	LIFETHREADS NIG LTD, NO 1 WEST ROAD, OFF NNAMDI AZIKWE AVENUE TRANS EKULU ENUGU STATE	08063803298	stevelifethreads2019@gmail.com	CIRON DRUGS &amp; PHARMACEUTICALS PVT. LTD., Plot No. 35 to 37, 43 to 45, Dewan Udyog Nagar, Aliyali, Palghar, Dist Thane-401404 Maharashtra, India.
",1 X 6,"Each uncoated tablet contains: Artemether 80 mg, Lumefantrine 480 mg
Excipients q.s.  ",https://admin.greenbook.nafdac.gov.ng/uploadImage/smpc_files/2025/12/31/20251231295cd8cb-56ca-5945-b8b5-217f14af3038.pdf,P01BF01 ,https://greenbook.nafdac.gov.ng/products/details/12388,2026-09-29T10:52:30.242228+00:00
Greenbook NAFDAC,4245,2904,LT-Azithromycin Tablets##,1,Drugs,"{'id': 1, 'name': 'Drugs', 'created_at': '-000001-11-30T00:00:00.000000Z', 'updated_at': '2022-03-17T16:53:12.000000Z', 'deleted_at': None}",475,Azithromycin (Azithromycin Dihydrate),,C4-1412,1,Tablet,1,Oral,250 mg,407,LifeThreads Nig Ltd,2020-12-21,2025-12-20,Inactive,Tablet,,Each tablet contains: Azithromycin (as Azithromycin Dihydrate) 250 mg,,J01FA10,https://greenbook.nafdac.gov.ng/products/details/2904,2026-09-29T10:52:30.242228+00:00
Greenbook NAFDAC,4246,6666,LT-Omeprazole 20 mg Capsules##,1,Drugs,"{'id': 1, 'name': 'Drugs', 'created_at': '-000001-11-30T00:00:00.000000Z', 'updated_at': '2022-03-17T16:53:12.000000Z', 'deleted_at': None}",176,Omeprazole,,B4-7035,2,Capsule,1,Oral,20 mg,407,LifeThreads Nig Ltd,2023-12-21,2028-12-20,Active,"Capsule

131	RNW-PP-260811	LT-OMEPRAZOLE 20MG CAPSULES	OMEPRAZOLE USP 20MG	EACH HARD GELATIN CAPSULE CONTAIN S OMEPRAZOLE USP 20mg Excipients sodium lauryl sulfate, disodium phosphate, mannitol, hypromellos	B4-7035	Drugs	Imported Products	1X14,3x10	Prescription Only Medicine (POM)	6/21/2022	LIFETHREADS NIG LTD, NO 1 WEST ROAD, OFF NNAMDI AZIKWE AVENUE TRANS EKULU ENUGU STATE	8063803298	stevelifethreads2019@gmail.com	CIRON DRUGS &amp; PHARMA PVT. LTD., 35-37, 43-45 DEWAN UDYOG NAGAR, ALIYALI, PALGHAR DIST. THANE 401404 INDIA, India","1 x 14&#039;s, 3 x 10&#039;s (in PVC-Alu blisters)","Each hard gelatin capsule contains: Omeprazole  USP  20 mg (as enteric coated granules)
Excipients q.s.",https://admin.greenbook.nafdac.gov.ng/uploadImage/smpc_files/2024/01/01/20240101b2973d41-966b-5ff8-bbc3-111093625285.pdf,A02BC01,https://greenbook.nafdac.gov.ng/products/details/6666,2026-09-29T10:52:30.242228+00:00
Greenbook NAFDAC,4247,8888,LTK-AM Tablet**,1,Drugs,"{'id': 1, 'name': 'Drugs', 'created_at': '-000001-11-30T00:00:00.000000Z', 'updated_at': '2022-03-17T16:53:12.000000Z', 'deleted_at': None}",277,Amlodipine (Amlodipine Besilate); Losartan Potassium,,C4-1851,1,Tablet,1,Oral,5 mg; 50 mg,253,Onifam Laboratories Limited,2021-09-28,2026-09-27,Inactive,Tablet,10 x 1 x 10&#039;s (in blisters),"Each tablet contains: Losartan Potassium USP 50 mg, Amlodipine Besylate USP 5 mg",,C09DB06,https://greenbook.nafdac.gov.ng/products/details/8888,2026-09-29T10:52:30.242228+00:00
Greenbook NAFDAC,4248,5166,Luartem Tablet 80/480 mg##,1,Drugs,"{'id': 1, 'name': 'Drugs', 'created_at': '-000001-11-30T00:00:00.000000Z', 'updated_at': '2022-03-17T16:53:12.000000Z', 'deleted_at': None}",528,Artemether; Lumefantrine,,C4-1968,1,Tablet,1,Oral,80 mg; 480 mg,253,Onifam Laboratories Limited,2022-01-27,2027-01-26,Active,"Tablet

Luartem Tablet 80/480mg	C4-1968	Luartem	ARTEMETHER + LUMEFANTRINE 		ANTIMALARIA	ARTEMETHER 80MG, LUMEFANTRINE 840MG	TABLETS	1 X 6	OVER THE COUNTER	TREATMENT OF UNCOMPLICATED MALARIA	ONIFAM LABORATORIES LTD. 	NIGERIA	FLUORISH PHARMA.	INDIA	01/27/2022	01/26/2027
",1 x 6&#039;s,"Each tablet contains: Artemether 80 mg, Lumefantrine 480 mg
Excipients q.s.",https://admin.greenbook.nafdac.gov.ng/uploadImage/smpc_files/2024/09/18/20240918363d13af-e61d-52d9-8944-231265bcf715.pdf,P01BF01,https://greenbook.nafdac.gov.ng/products/details/5166,2026-09-29T10:52:30.242228+00:00
Greenbook NAFDAC,4249,6343,Lubrex Eye Drop##,1,Drugs,"{'id': 1, 'name': 'Drugs', 'created_at': '-000001-11-30T00:00:00.000000Z', 'updated_at': '2022-03-17T16:53:12.000000Z', 'deleted_at': None}",1313,Carboxymethylcellulose Sodium,,A4-100526,24,Eye drops,15,Ophthalmic,0.5%,230,Micro Nova Pharmaceuticals Ind Ltd,2023-09-28,2028-09-27,Active,"Eye Drops

15	NF-PP-200081	Lubrex Eye Drop	Carmellose Sodium BP 0.5 % w/v (Carboxymethyl Cellulose Sodium) Stabilised Oxychloro Complex 0.005% w/v (As Preservative) Water for Injetion BP	Active Ingredient: Carboxymethyl Cellulose Sodium Ophthalmic Solution. Excipients: 1. Sodium chlorite 2. Boric Acid 3. Potassium Chloride 4. Sodium Chloride 5. Calcium Chloride Dihydrate 6. Magnesium Chloride Hexahydrate 7. Sodium Hydroxide	A4-100526	Drugs	Imported Products	1x10ML	Prescription Only Medicine (POM)	3/8/2021	MICRO NOVA PHARMACEUTICALS IND. LTD, PLOT 3, BILLINGS WAY, INDUSTRIAL ESTATE, IKEJA IKEJA LAGOS	81299901	solomonsemicrolabs@gmail.com	Micro Labs Limited, 92, SIPCOT, HOSUR-635 126, INDIA, India",1 x 10 mL (in LDPE container),"Lubrex Eye Drop contains: Carmellose Sodium BP 0.5 % w/v (Carboxymethyl cellulose Sodium), Oxychloro Complex Stabilized (as preservative) 0.005 % w/v, Water for injections BP q.s.
Excipients q.s.",https://admin.greenbook.nafdac.gov.ng/uploadImage/smpc_files/2023/10/09/202310096efba12e-018a-50d0-a756-1c83ecf62817.pdf, S01XA2,https://greenbook.nafdac.gov.ng/products/details/6343,2026-09-29T10:52:30.242228+00:00
Greenbook NAFDAC,4250,10757,Lucoptic Eye Drops##,1,Drugs,"{'id': 1, 'name': 'Drugs', 'created_at': '-000001-11-30T00:00:00.000000Z', 'updated_at': '2022-03-17T16:53:12.000000Z', 'deleted_at': None}",786,Betaxolol (Betaxolol Hydrochloride),,B4-7484,24,Eye drops,15,Ophthalmic,0.5%,268,Pharmacy Plus Ltd,2025-01-30,2030-01-29,Active,"Eye Drops

LUCOPTIC EYE DROPS	BETAXOLOL HYDROCHLORIDE	BETAXOLOL HYDROCHLORIDE USP 0.56%W/V EQ TO BETAXOLOL 0.5%W/V BENZALKONIUM CHLORIDE NF 0.01%W/V (AS PRESERVATIVE) STERILE AQUEOUS BASE Q.S. PACKING 1X5ML	B4-7484	Drugs	SENSORY ORGANS	Imported Products	5ML	Prescription Only Medicine (POM)	05/07/2023	PHARMACY PLUS LIMITED, 18, MOJIDI STREET, OFF TOYIN STREET, IKEJA-LAGOS.	19501142	info@pharplusltd.com	STALLION LABORATORIES PVT LTD, Plot No. C1B-305, 2,3,4,&amp;5, G.I.D.C., Kerala Ahmedabad, Gujarat State, India., India
													
													
													
													
													
													
",1 x  5 mL,"Each mL contains: Betaxolol Hydrochloride USP equivalent to Betaxolol 0.5% w/v
Excipients q.s.",https://admin.greenbook.nafdac.gov.ng/uploadImage/smpc_files/2025/03/28/20250328e77df34e-af7a-5244-bfc9-f70947322dd5.pdf,S01ED02,https://greenbook.nafdac.gov.ng/products/details/10757,2026-09-29T10:52:30.242228+00:00
Greenbook NAFDAC,4251,8778,Lufart 20/120 Tablet**,1,Drugs,"{'id': 1, 'name': 'Drugs', 'created_at': '-000001-11-30T00:00:00.000000Z', 'updated_at': '2022-03-17T16:53:12.000000Z', 'deleted_at': None}",528,Artemether; Lumefantrine,,A4-2995,1,Tablet,1,Oral,20 mg; 120 mg,164,E. Globa Pharmaceuticals GMBH Ltd,2021-02-25,2026-02-24,Inactive,Tablet,1 x 24&#039;s (in Alu - golden PVC blister),"Artemether 20 mg &amp; Lumefantrine 120 mg Tablets.
Each uncoated tablet contains: Artemether Ph.Int 20 mg, Lumefantrine Ph.Int 120 mg, Excipients q.s.",https://admin.greenbook.nafdac.gov.ng/uploadImage/smpc_files/2024/09/27/20240927aacbe9cc-9ee8-5fa7-b803-a6601ee762e3.pdf,P01BF01,https://greenbook.nafdac.gov.ng/products/details/8778,2026-09-29T10:52:30.242228+00:00
Greenbook NAFDAC,4252,10270,Lufart QS Tablet**,1,Drugs,"{'id': 1, 'name': 'Drugs', 'created_at': '-000001-11-30T00:00:00.000000Z', 'updated_at': '2022-03-17T16:53:12.000000Z', 'deleted_at': None}",528,Artemether; Lumefantrine,,A4-5506,1,Tablet,1,Oral,80 mg; 480 mg,164,E. Globa Pharmaceuticals GMBH Ltd,2021-02-25,2026-02-24,Inactive,Film Coated Tablet,1 x 6&#039;s (in PVC-Alu blisters),"Each film-coated tablet contains: Artemether 80 mg, Lumefantrine 480 mg, Excipients q.s.",https://admin.greenbook.nafdac.gov.ng/uploadImage/smpc_files/2024/09/27/20240927c0958ade-6ebe-5896-87ad-4b3ba394405d.pdf,P01BF01,https://greenbook.nafdac.gov.ng/products/details/10270,2026-09-29T10:52:30.242228+00:00
Greenbook NAFDAC,4253,6964,Lulican cream##,1,Drugs,"{'id': 1, 'name': 'Drugs', 'created_at': '-000001-11-30T00:00:00.000000Z', 'updated_at': '2022-03-17T16:53:12.000000Z', 'deleted_at': None}",1111,Clotrimazole; Ichthammol,,A11-100635,4,Cream,21,Topical,0.2%; 0.5%,468,Sagar Vitaceuticals Nigeria Ltd,2023-12-21,2028-12-20,Active,"Cream
White to off white cream and very smooth when applied to the skin

37	NF-PP-383174	LULICAN cream	Clotrimazole and Ichthammol cream	Each g of tube contains   Clotrimazole BP (0.5% w/w) 5.25 mg Ichthammol BP (0.2% w/w) 2 mg Cetomacrogol 1000 BP 15 mg Cetostearyl Alcohol BP 60 mg Glycerol Monostearate BP 20 mg Liquid Paraffin (Light) BP 80 mg Hard Paraffin BP 63.8 mg Benzyl Alcohol BP 15 mg Sodium Methyl Paraben BP 1.5 mg Sodium Propyl Paraben BP 0.9 mg Sodium Phosphate BP 1 mg Sodium Acid Phosphate BP 0.2 mg Propylene Glycol BP 27 mg Fragrance (Lavender) IH 6 mg Freshly Boiled Purified Water BP 702.35 mg	A11-100635	Drugs	Nigerian Products	20g	OTC	11/6/2023	SAGAR VITACEUTICALS NIGERIA LTD., PLOT 2, LADIPO OLUWOLE STREET	9022977711	suptpharm@svnl.in	Sagar Vitaceuticals Nigeria Limited, Plot 2, Ladipo Oluwole Street, Off Oba Akran Avenue, Ikeja, Lagos, Nigeria, Nigeria",1 x 20 g (in Alu tube),"Each gram of tube contains: Clotrimazole 0,2%, Ichthammol 0.5%
Excipients q.s.",https://admin.greenbook.nafdac.gov.ng/uploadImage/smpc_files/2024/12/28/20241228655b33c0-e502-5ea5-805e-7c19df27f246.pdf,D01AC01,https://greenbook.nafdac.gov.ng/products/details/6964,2026-09-29T10:52:30.242228+00:00
Greenbook NAFDAC,4254,10272,Lumaglobe Tablets**,1,Drugs,"{'id': 1, 'name': 'Drugs', 'created_at': '-000001-11-30T00:00:00.000000Z', 'updated_at': '2022-03-17T16:53:12.000000Z', 'deleted_at': None}",528,Artemether; Lumefantrine,,B4-5087,1,Tablet,1,Oral,80 mg; 480 mg,746,Uche St. Pharmaceutical Company Limited,2021-01-28,2026-01-27,Inactive,Tablet,1 x 6&#039;s,"Each tablet contains: Artemether 80 mg, Lumefantrine 480 mg",,P01BF01,https://greenbook.nafdac.gov.ng/products/details/10272,2026-09-29T10:52:30.242228+00:00
Greenbook NAFDAC,4255,406,Lumal 40/240 Tablets##,1,Drugs,"{'id': 1, 'name': 'Drugs', 'created_at': '-000001-11-30T00:00:00.000000Z', 'updated_at': '2022-03-17T16:53:12.000000Z', 'deleted_at': None}",528,Artemether; Lumefantrine,,A4-3767,1,Tablet,1,Oral,40 mg; 240 mg,291,SKG - Pharma Ltd,2021-06-24,2026-06-23,Inactive,Tablet,,"Each tablet contains: Artemether 40 mg, Lumefantrine 240 mg",,P01BF01,https://greenbook.nafdac.gov.ng/products/details/406,2026-09-29T10:52:30.242228+00:00
Greenbook NAFDAC,4256,2860,Lumal 80/480 Tablet##,1,Drugs,"{'id': 1, 'name': 'Drugs', 'created_at': '-000001-11-30T00:00:00.000000Z', 'updated_at': '2022-03-17T16:53:12.000000Z', 'deleted_at': None}",528,Artemether; Lumefantrine,,A4-3542,1,Tablet,1,Oral,80 mg; 480 mg,291,SKG - Pharma Ltd,2020-11-30,2025-11-29,Inactive,"Tablet
Yellow, round, flat-faced, beveled edge tablet debossed with, &quot;SKG‟ on one side of the tablet and, &quot;DS‟ above the score line on the other side. The tablet can be divided into equal doses",1 x 6&#039;s (in PVC-Alu blister),"Each tablet contains: Artemether 80 mg, Lumefantrine 480 mg
Excipients q.s.",https://admin.greenbook.nafdac.gov.ng/uploadImage/smpc_files/2024/11/15/20241115f3cf1d3a-23b1-5d10-9cc2-1196760eece8.pdf,P01BF01,https://greenbook.nafdac.gov.ng/products/details/2860,2026-09-29T10:52:30.242228+00:00
Greenbook NAFDAC,4257,407,Lumal Dispersible Tablets##,1,Drugs,"{'id': 1, 'name': 'Drugs', 'created_at': '-000001-11-30T00:00:00.000000Z', 'updated_at': '2022-03-17T16:53:12.000000Z', 'deleted_at': None}",528,Artemether; Lumefantrine,,B4-4300,13,Dispersible tablet,1,Oral,20 mg; 120 mg,291,SKG - Pharma Ltd,2021-06-24,2026-06-23,Inactive,Dispersible Tablet,,"Each dispersible tablet contains: Artemether 20 mg, Lumefantrine 120 mg",,P01BF01,https://greenbook.nafdac.gov.ng/products/details/407,2026-09-29T10:52:30.242228+00:00
Greenbook NAFDAC,4258,11545,Lumal Tablet (20/120)**,1,Drugs,"{'id': 1, 'name': 'Drugs', 'created_at': '-000001-11-30T00:00:00.000000Z', 'updated_at': '2022-03-17T16:53:12.000000Z', 'deleted_at': None}",528,Artemether; Lumefantrine,,A4-3541,1,Tablet,1,Oral,20 mg; 120 mg,291,SKG - Pharma Ltd,2025-07-30,2030-07-29,Active,"Tablet.
Yellow, round, flat-faced, beveled edge tablet debossed with &quot;SKG‟ on one side of the tablet and &quot;LM‟ above the score line on the other side.
The tablet can be divided into equal doses",2 x 12&#039;s (in PVC-Alu blisters),"Each tablet contains: Artemether 20 mg, Lumefantrine 120 mg, Excipients q.s.",https://admin.greenbook.nafdac.gov.ng/uploadImage/smpc_files/2025/09/08/20250908fba5902c-064b-597d-ac40-6eac7facbb27.pdf,P01BF01,https://greenbook.nafdac.gov.ng/products/details/11545,2026-09-29T10:52:30.242228+00:00
Greenbook NAFDAC,4259,2862,Lumalar-CQ Tablet 20/120 mg##,1,Drugs,"{'id': 1, 'name': 'Drugs', 'created_at': '-000001-11-30T00:00:00.000000Z', 'updated_at': '2022-03-17T16:53:12.000000Z', 'deleted_at': None}",528,Artemether; Lumefantrine,,C4-1520,1,Tablet,1,Oral,20 mg; 120 mg,1002,Rosemund Pharmaceuticals Limited,2020-12-21,2025-12-20,Inactive,Tablet,,"Each tablet contains: Artemether 20 mg, Lumefantrine 120 mg",,P01BF01,https://greenbook.nafdac.gov.ng/products/details/2862,2026-09-29T10:52:30.242228+00:00
Greenbook NAFDAC,4260,408,Lumapil DS Tablet##,1,Drugs,"{'id': 1, 'name': 'Drugs', 'created_at': '-000001-11-30T00:00:00.000000Z', 'updated_at': '2022-03-17T16:53:12.000000Z', 'deleted_at': None}",528,Artemether; Lumefantrine,,B4-2274,1,Tablet,1,Oral,40 mg; 240 mg,261,Phamatex Nigeria Limited,2021-06-24,2026-06-23,Inactive,Tablet,,"Each tablet contains: Artemether 40 mg, Lumefantrine 240 mg",,P01BF01,https://greenbook.nafdac.gov.ng/products/details/408,2026-09-29T10:52:30.242228+00:00
Greenbook NAFDAC,4261,130,Lumartem 20/120 mg##,1,Drugs,"{'id': 1, 'name': 'Drugs', 'created_at': '-000001-11-30T00:00:00.000000Z', 'updated_at': '2022-03-17T16:53:12.000000Z', 'deleted_at': None}",528,Artemether; Lumefantrine,,A4-4845,1,Tablet,1,Oral,20 mg; 120 mg,271,Phillips Pharmaceuticals (Nigeria) Limited,2021-12-02,2026-12-01,Active,Tablet,,"Each tablet contains: Artemether 20 mg, Lumefantrine 120 mg",,P01BF01,https://greenbook.nafdac.gov.ng/products/details/130,2026-09-29T10:52:30.242228+00:00
Greenbook NAFDAC,4262,738,Lumartem 40 mg/240 mg Tablets##,1,Drugs,"{'id': 1, 'name': 'Drugs', 'created_at': '-000001-11-30T00:00:00.000000Z', 'updated_at': '2022-03-17T16:53:12.000000Z', 'deleted_at': None}",528,Artemether; Lumefantrine,,B4-7908,1,Tablet,1,Oral,40 mg; 240 mg,271,Phillips Pharmaceuticals (Nigeria) Limited,2020-11-30,2025-11-29,Inactive,Tablet,,"Each tablet contains: Artemether 40 mg, Lumefantrine 240 mg",,P01BF01,https://greenbook.nafdac.gov.ng/products/details/738,2026-09-29T10:52:30.242228+00:00
Greenbook NAFDAC,4263,6366,Lumartem Dispersible Tablets (DT)**,1,Drugs,"{'id': 1, 'name': 'Drugs', 'created_at': '-000001-11-30T00:00:00.000000Z', 'updated_at': '2022-03-17T16:53:12.000000Z', 'deleted_at': None}",528,Artemether; Lumefantrine,,B4-7310,13,Dispersible tablet,1,Oral,20 mg; 120 mg,271,Phillips Pharmaceuticals (Nigeria) Limited,2023-10-31,2028-10-30,Active,"Each dispersible tablet contains: Artemether 20 mg, Lumefantrine 120 mg.

Excipients:
Microcrystalline cellulose, Hydroxypropyl Methyl Cellulose",1 x 6&#039;s; 1 x 12&#039;s; 30 x 6&#039;s; 30 x 12&#039;s,,https://admin.greenbook.nafdac.gov.ng/uploadImage/smpc_files/2023/11/07/202311078deb0f44-cfab-5eee-8f49-c2cf689d218d.pdf,P01BF01,https://greenbook.nafdac.gov.ng/products/details/6366,2026-09-29T10:52:30.242228+00:00
Greenbook NAFDAC,4264,11546,Lumef Forte**,1,Drugs,"{'id': 1, 'name': 'Drugs', 'created_at': '-000001-11-30T00:00:00.000000Z', 'updated_at': '2022-03-17T16:53:12.000000Z', 'deleted_at': None}",528,Artemether; Lumefantrine,,A11-1001,1,Tablet,1,Oral,80 mg; 480 mg,212,Laider International W.A Ltd,2025-07-30,2030-07-29,Active,Tablet,1 x 6&#039;s (in Alu-PVC blister),"Each tablet contains: Artemether 80 mg, Lumefantrine 480 mg, Excipients q.s.",https://admin.greenbook.nafdac.gov.ng/uploadImage/smpc_files/2025/09/08/20250908e0bf4cb5-6828-55ef-9e24-88609e8aa999.pdf,P01BF01,https://greenbook.nafdac.gov.ng/products/details/11546,2026-09-29T10:52:30.242228+00:00
Greenbook NAFDAC,4265,6288,Lumegil Tablet##,1,Drugs,"{'id': 1, 'name': 'Drugs', 'created_at': '-000001-11-30T00:00:00.000000Z', 'updated_at': '2022-03-17T16:53:12.000000Z', 'deleted_at': None}",296,Clopidogrel (Clopidogrel Bisulfate),,B4-7371,1,Tablet,1,Oral,75 mg,302,Superior Pharmaceuticals Limited,2023-04-26,2028-04-25,Active,"Tablet
Light brown colored, round biconvex, plain on both sides &amp; film coated tablets

LUMEGIL TABLET	CLOPIDOGREL TABLETS USP	CLOPIDOGREL BISULFATE USP EQ. TO CLOPIDOGREL 75MG	B4-7371	Drugs	Imported Products	3X10	POM 1	19/10/2022	SUPERIOR PHARMACEUTICALS LIMITED, 2 MOLARA ANIBABA CLOSE, AJAO ESTATE, LAGOS	8029403780	superiorpharmang@gmail.com	AKUMS DRUGS &amp; PHARMACEUTICALS LIMITED, 19, 20, 21, SECTOR-6A, I.I.E., SIDCUL, RANIPUR, HARIDWAR-249403, INDIA., India",3 x 10&#039;s (in Alu-Alu blisters),"Each film coated tablet contains: Clopidogrel Bisulfate USP equivalent to Clopidogrel 75 mg
Excipients q.s.
Colors: Iron Oxide of red (Ferric Oxide USNF) and Titanium Dioxide USP",https://admin.greenbook.nafdac.gov.ng/uploadImage/smpc_files/2023/09/28/202309288271330b-c918-5c16-82f9-66a52707351f.pdf,B01AC04,https://greenbook.nafdac.gov.ng/products/details/6288,2026-09-29T10:52:30.242228+00:00
Greenbook NAFDAC,4266,363,Lumerax 80/480##,1,Drugs,"{'id': 1, 'name': 'Drugs', 'created_at': '-000001-11-30T00:00:00.000000Z', 'updated_at': '2022-03-17T16:53:12.000000Z', 'deleted_at': None}",528,Artemether; Lumefantrine,,A4-3867,1,Tablet,1,Oral,80 mg; 480 mg,200,IPCA Pharma Nigeria Limited,2021-06-24,2026-06-23,Inactive,"Tablet
Yellow colored, biconvex, capsule shaped, uncoated tablet with a break line on one side and &quot;i&quot; debossed on the other side. The score line is not intended for breaking a tablet ",1 x 6&#039;s (in Alu-Alu blisters),"Each tablet contains: Artemether 80 mg, Lumefantrine 480 mg
Excipient(s) with a known effect (per tablet): Lactose Monohydrate 219 mg
Excipients q.s.",https://admin.greenbook.nafdac.gov.ng/uploadImage/smpc_files/2025/01/15/202501152f8c0cea-93a1-58be-81a8-48ba7c8b2bd7.pdf,P01BF01,https://greenbook.nafdac.gov.ng/products/details/363,2026-09-29T10:52:30.242228+00:00
Greenbook NAFDAC,4267,10759,Lumerax Dispersible 20 mg/120 mg Tablets #,1,Drugs,"{'id': 1, 'name': 'Drugs', 'created_at': '-000001-11-30T00:00:00.000000Z', 'updated_at': '2022-03-17T16:53:12.000000Z', 'deleted_at': None}",528,Artemether; Lumefantrine,,C4-0104 ,1,Tablet,1,Oral,20 mg; 120 mg,200,IPCA Pharma Nigeria Limited,2025-01-30,2030-01-29,Active,"Dispersible tablets

LUMERAX DISPERSIBLE 20MG/120MG TABLETS	ARTEMETHER 20MG &amp; LUMEFANTRINE 120MG	Artemether 20mg, Lumefantrine 120mg, Polysorbate 80 (tween 80) BP,Purified water, Saccharin Sodium, Colloidal Anhydrous silica, Magneesium stearate (vegitable Grade),microcrystalline cellulose .	C4-0104	Drugs	ANTIPARASITIC PRODUCTS, INSECTICIDES AND REPELLENTS	Imported Products	1*6,1*12,30*6,30*12	Over The Counter (OTC)	02/07/2024	IPCA PHARMA NIGERIA LIMITED, , OSOLO WAY AJAO ESTATE, LAGOS ISOLO LAGOS	8022389727	ipcapharma@yahoo.com	IPCA LABORATORIES LTD, PLOT NO , 255/1, ATHAL, SILVASSA,, PIN. 396 230, (D&amp;NH) INDIA., India
													
													
													
													
													
													
",1 x 6&#039;s; 1 x 12&#039;s; 30 x 6&#039;s; 30 x 12&#039;s,Each dispersible tablet contains Artemether 20 mg &amp; Lumefantrine 120 mg,https://admin.greenbook.nafdac.gov.ng/uploadImage/smpc_files/2025/03/28/202503285174b894-6754-5a5b-81f1-488b6678cf76.pdf,P01BF01,https://greenbook.nafdac.gov.ng/products/details/10759,2026-09-29T10:52:30.242228+00:00
Greenbook NAFDAC,4268,8713,Lushbact Cream**,1,Drugs,"{'id': 1, 'name': 'Drugs', 'created_at': '-000001-11-30T00:00:00.000000Z', 'updated_at': '2022-03-17T16:53:12.000000Z', 'deleted_at': None}",1108,Beclometasone; Clotrimazole; Gentamicin,,A4-101005,4,Cream,21,Topical,0.025%; 1%; 0.1%,674,JSP Pharma Company Nigeria Limited,2024-08-28,2029-08-27,Active,"Topical Cream.
White-coloured smooth cream",1 x 30 g tube,"Beclomethasone Dipropionate BP 0.025% w/w, Clotrimazole BP 1% w/w, Gentamicin Sulphate BP equiv. to Gentamicin base 0.1% w/w",https://admin.greenbook.nafdac.gov.ng/uploadImage/smpc_files/2024/09/29/20240929e436122e-a218-5465-b1d1-6e8f8f6371fa.pdf,D07CC04,https://greenbook.nafdac.gov.ng/products/details/8713,2026-09-29T10:52:30.242228+00:00
Greenbook NAFDAC,4269,5165,Luter Tablet##,1,Drugs,"{'id': 1, 'name': 'Drugs', 'created_at': '-000001-11-30T00:00:00.000000Z', 'updated_at': '2022-03-17T16:53:12.000000Z', 'deleted_at': None}",528,Artemether; Lumefantrine,,B4-3240,1,Tablet,1,Oral,80 mg; 480 mg,261,Phamatex Nigeria Limited,2023-05-25,2028-05-24,Active,"Tablet
Oblong, yellow film-coated tablet, deep convex faces, “HD” embossed on the same face

96	RNW-PP-100750	Luter Tablet	ARTEMETHER 80mg + LUMEFANTRINE 480mg	Artemether 80mg, Lumefantrine 480mg, Corn starch, SSG, PVP k30, IPA, Aerosil, Talc, Magnesium stearate, Titanium dioxide, Colorant.	B4 - 3240	Drugs	Imported Products	1x6	Prescription Only Medicine (POM)	9/16/2019	PHAMATEX NIGERIA LIMITED, 1, CRYSTAL GLASS CLOSE, AMUWO-ODOFIN	1470193	pharmiyke72@yahoo.co.uk	Hovid Bhd., Lot 56442, 7 1/2 Miles, Jalan Ipoh/ Chemor, 31200 Chemor, Perak Malaysia, Malaysia
														
														
														
														
														
														
",1 x 6&#039;s (in PVC-Alu blister),"Each tablet contains: Artemether 80 mg, Lumefantrine 480 mg
Excipients q.s.",https://admin.greenbook.nafdac.gov.ng/uploadImage/smpc_files/2023/08/23/202308237bbbe0eb-317e-5060-8d26-8774c7d2dc52.pdf,P01BF01,https://greenbook.nafdac.gov.ng/products/details/5165,2026-09-29T10:52:30.242228+00:00
Greenbook NAFDAC,4270,12232,Luxe Artemether Injection 80 mg/mL_,1,Drugs,"{'id': 1, 'name': 'Drugs', 'created_at': '-000001-11-30T00:00:00.000000Z', 'updated_at': '2022-03-17T16:53:12.000000Z', 'deleted_at': None}",542,Artemether,,A4-101584,40,Injection,12,Intravenous,80 mg/mL,1727,LUXE PHARMACY LIMITED,2025-10-29,2030-10-28,Active,"Injection.
Colorless or yellowish clear oily solution",6 x 1 mL ampoules,"Each mL ampoule contains: Artemether 80 mg
Excipients q.s.",https://admin.greenbook.nafdac.gov.ng/uploadImage/smpc_files/2025/12/12/20251212f9a78a87-3983-5830-af72-28cf38f1ae9c.pdf,P01BE02,https://greenbook.nafdac.gov.ng/products/details/12232,2026-09-29T10:52:30.242228+00:00
Greenbook NAFDAC,4271,410,Lycofer Capsules##,1,Drugs,"{'id': 1, 'name': 'Drugs', 'created_at': '-000001-11-30T00:00:00.000000Z', 'updated_at': '2022-03-17T16:53:12.000000Z', 'deleted_at': None}",1283,Sodium feredetate; Folic acid; Vitamin B12; Zinc,,A4-5049,2,Capsule,1,Oral,231 mg; 5 mg; 15 mcg; 5 mg,263,Pharma Ethics Limited,2021-10-28,2026-10-27,Active,"Capsule
Scarlet/Scarlet colored, hard gelatin capsules containing brown colored powder",3 x 10&#039;s (in strips),"Each capsule contains: Sodium Feredetate BP 231 mg equivalent to elemental Iron 33 mg, Folic Acid 5 mg, Cyanocobalamin 15 mcg, Zinc Sulfate Monohydrate USP equivalent to Zinc 5 mg
Excipients q.s.",https://admin.greenbook.nafdac.gov.ng/uploadImage/smpc_files/2023/05/27/2023052769dcc1f2-7cdb-5c64-ac77-503112ef6344.pdf,B03AE01,https://greenbook.nafdac.gov.ng/products/details/410,2026-09-29T10:52:30.242228+00:00
Greenbook NAFDAC,4272,411,Lycofer Syrup##,1,Drugs,"{'id': 1, 'name': 'Drugs', 'created_at': '-000001-11-30T00:00:00.000000Z', 'updated_at': '2022-03-17T16:53:12.000000Z', 'deleted_at': None}",1282,Sodium feredetate; Folic acid; Vitamin B12,,A4-5064,103,Syrup,1,Oral,231 mg; 5 mg; 15 mcg,263,Pharma Ethics Limited,2021-10-28,2026-10-27,Active,Oral Liquid,1 x 200 mL (in amber PET bottle),"Each 15 mL contains: Sodium Feredetate BP equivalent to elemental Iron 33 mg, Folic Acid BP 5 mg, Cyanocobalamin (Vitamin B12) BP 15 mcg, in a flavored syrupy base q.s.
Excipients q.s.",https://admin.greenbook.nafdac.gov.ng/uploadImage/smpc_files/2023/05/27/2023052790fa59ad-bc7e-5b9b-8cc0-146b6ea8a85c.pdf,B03AE01,https://greenbook.nafdac.gov.ng/products/details/411,2026-09-29T10:52:30.242228+00:00
Greenbook NAFDAC,4273,5167,Lyfetran Powder Injection 1 g##,1,Drugs,"{'id': 1, 'name': 'Drugs', 'created_at': '-000001-11-30T00:00:00.000000Z', 'updated_at': '2022-03-17T16:53:12.000000Z', 'deleted_at': None}",453,Ceftriaxone,,B4-7795,70,Powder for injection,29,Intravenous; Intramuscular,1 g,723,SJS Life Sciences Limited,2023-07-06,2028-07-05,Active,"Powder for Injection
White to yellowish-orange, crystalline powder filled in 10 mL type-III clear glass vial, sealed with grey/bromo butyl rubber plug and a dark pink (Rani) color flip off aluminium seal is packed in a printed carton along with 10 mL ampoule of water for injection with a leaflet
 
151	CMS-PP-299779	LYFETRAN POWDER INJECTION 1GM	CEFTRIAXONE SODIUM USP 1000MG	CEFTRIAXONE SODIUM USP (STERILE) EQUIVALENT TO ANHYDROUS CEFTRIAXONE 1000MG	B4-7795	Drugs	Imported Products	1*10	Prescription Only Medicine (POM)	12/2/2022	SJS LIFE SCIENCES LIMITED, 11, OLU AKERELE STREET, IKEJA, LAGOS	8114441430	sjslifesciencesltd@gmail.com	SHAMSHREE LIFESCIENCES LIMITED, Plot No. 11, Industrial Area, Katha-Bhatolikalan,Baddi – 173205 (H.P.), India, India",1 x 10&#039;s (in glass vials),"Each vial contains: Ceftriaxone Sodium USP (sterile) equivalent to Anhydrous Ceftriaxone 1000 mg
Excipients q.s.",https://admin.greenbook.nafdac.gov.ng/uploadImage/smpc_files/2023/08/24/20230824fa8faa01-debe-565e-90d5-27fa96ce6ef7.pdf,J01DD04,https://greenbook.nafdac.gov.ng/products/details/5167,2026-09-29T10:52:30.242228+00:00
Greenbook NAFDAC,4274,12233,Lyn-Edge Cefuroxime Axetil Tablets_,1,Drugs,"{'id': 1, 'name': 'Drugs', 'created_at': '-000001-11-30T00:00:00.000000Z', 'updated_at': '2022-03-17T16:53:12.000000Z', 'deleted_at': None}",456,Cefuroxime (Cefuroxime Axetil),,A4-101680,1,Tablet,1,Oral,500 mg,217,Lyn-Edge Pharmaceuticals Limited,2025-10-29,2030-10-28,Active,"Tablet.
White to off-white, film coated, biconvex, capsule shaped tablet, plain on both sides",1 x 10&#039;s (in Alu-Alu blister),"Each tablet contains: Cefuroxime Axetil USP equiv. to Cefuroxime base 500 mg
Excipients q.s.",https://admin.greenbook.nafdac.gov.ng/uploadImage/smpc_files/2025/12/15/202512153e8df195-44aa-5f39-96d2-301c4d980c0a.pdf,J01DC02,https://greenbook.nafdac.gov.ng/products/details/12233,2026-09-29T10:52:30.242228+00:00
Greenbook NAFDAC,4275,12234,Lyn-Edge Cefuroxime Axetil Tablets_,1,Drugs,"{'id': 1, 'name': 'Drugs', 'created_at': '-000001-11-30T00:00:00.000000Z', 'updated_at': '2022-03-17T16:53:12.000000Z', 'deleted_at': None}",456,Cefuroxime (Cefuroxime Axetil),,A4-101680,1,Tablet,1,Oral,500 mg,217,Lyn-Edge Pharmaceuticals Limited,2025-10-29,2030-10-28,Active,Tablet,1 x 10&#039;s (in Alu-Alu pack),"Each tablet contains: Cefuroxime Axetil USP equiv. to Cefuroxime base 500 mg
Excipients q.s.",https://admin.greenbook.nafdac.gov.ng/uploadImage/smpc_files/2025/12/03/202512037a5c7027-3294-5a70-aff3-4de87c8ed475.pdf,J01DC02,https://greenbook.nafdac.gov.ng/products/details/12234,2026-09-29T10:52:30.242228+00:00
Greenbook NAFDAC,4276,5168,Lyncipro 500 Tablets## (null smpc),1,Drugs,"{'id': 1, 'name': 'Drugs', 'created_at': '-000001-11-30T00:00:00.000000Z', 'updated_at': '2022-03-17T16:53:12.000000Z', 'deleted_at': None}",461,Ciprofloxacin (Ciprofloxacin Hydrochloride),,A4-6326,1,Tablet,1,Oral,500 mg,217,Lyn-Edge Pharmaceuticals Limited,2023-02-23,2028-02-22,Active,"Tablet

LYNCIPRO 500 TABLETS	A4-6326	LYNCIPRO 500 TABLETS	CIPROFLOXACIN HYDROCHLORIDE 500MG MAIZE STARCH 132MG MAIZE STARCH OF 6% STARCH PASTE 44.66MG MAGNESIUM STREARATE 11.40MG SOSIUM STARCH GLYCOLATE 37.90MG SILICON DIOXIDE 3.80MG WHITE COATING POWDER 8.24MG					Prescription Only Medicine (POM)		LYN-EDGE PHARMACEUTICALS LIMITED, 113 OLD ABA ROAD PORT HARCOURT RIVERS		CSPC QUYI PHARMA CO. LIMITED, NO. 88 YANZI ROAD ECONOMIC AND TECHNOLOGICAL DEV. ZONE SHIJIAZHUANG, HEBEEI, CHINA, China		2/23/2023	2/22/2028",,Each tablet contains: Ciprofloxacin Hydrochloride 500 mg,https://admin.greenbook.nafdac.gov.ng/uploadImage/smpc_files/2024/12/23/20241223fcd05511-6d47-5aa9-af00-e6e1e601ef14.pdf,J01MA02,https://greenbook.nafdac.gov.ng/products/details/5168,2026-09-29T10:52:30.242228+00:00
Greenbook NAFDAC,4277,12235,Lynparza 100 mg Tablets_,1,Drugs,"{'id': 1, 'name': 'Drugs', 'created_at': '-000001-11-30T00:00:00.000000Z', 'updated_at': '2022-03-17T16:53:12.000000Z', 'deleted_at': None}",2317,Olaparib,,A4-101645,1,Tablet,1,Oral,100 mg,347,AstraZeneca Nigeria Limited,2025-10-29,2030-10-28,Active,"Tablet.
Yellow to dark yellow, oval, bi-convex tablet, debossed with &quot;OP100&quot; on one side and plain on the other",7 x 8&#039;s,Each film-coated tablet contains: Olaparib 100 mg,https://admin.greenbook.nafdac.gov.ng/uploadImage/smpc_files/2025/12/01/20251201f930fca6-0041-508c-91ea-c4d4269c04f8.pdf,L01XK01,https://greenbook.nafdac.gov.ng/products/details/12235,2026-09-29T10:52:30.242228+00:00
Greenbook NAFDAC,4278,583,Lynsunate Forte 80/480 Tablet##,1,Drugs,"{'id': 1, 'name': 'Drugs', 'created_at': '-000001-11-30T00:00:00.000000Z', 'updated_at': '2022-03-17T16:53:12.000000Z', 'deleted_at': None}",528,Artemether; Lumefantrine,,A4-5641,1,Tablet,1,Oral,80 mg; 480 mg,217,Lyn-Edge Pharmaceuticals Limited,2021-08-03,2026-08-02,Inactive,Film Coated Tablet,10 x 6&#039;s (in PVC-Alu blisters),"Each tablet contains: Artemether 80 mg, Lumefantrine 480 mg
Excipients q.s.",https://admin.greenbook.nafdac.gov.ng/uploadImage/smpc_files/2024/09/18/20240918482497d1-30e2-537b-890b-2877e7d5741a.pdf,P01BF01,https://greenbook.nafdac.gov.ng/products/details/583,2026-09-29T10:52:30.242228+00:00
Greenbook NAFDAC,4279,278,Lynsunate Injection##,1,Drugs,"{'id': 1, 'name': 'Drugs', 'created_at': '-000001-11-30T00:00:00.000000Z', 'updated_at': '2022-03-17T16:53:12.000000Z', 'deleted_at': None}",542,Artemether,,B4-4398,107,Solution for injection,9,Intramuscular,80 mg/mL,217,Lyn-Edge Pharmaceuticals Limited,2021-10-28,2026-10-27,Active,Oily Solution for Injection,6  x 1 mL ampoules,Each mL contains: Artemether 80 mg,,P01BE02,https://greenbook.nafdac.gov.ng/products/details/278,2026-09-29T10:52:30.242228+00:00
Greenbook NAFDAC,4280,8978,Lyntriaxone for Injection**,1,Drugs,"{'id': 1, 'name': 'Drugs', 'created_at': '-000001-11-30T00:00:00.000000Z', 'updated_at': '2022-03-17T16:53:12.000000Z', 'deleted_at': None}",1541,Ceftriaxone (Ceftriaxone Sodium),,C4-1874,70,Powder for injection,9,Intramuscular,1 g,217,Lyn-Edge Pharmaceuticals Limited,2021-09-28,2026-09-27,Inactive,Powder for solution for injection in a vial plus Lidocaine Hydrochloride Injection (1% w/v) as diluent in ampoule,1 g x 1&#039;s (in glass vial) + 3.5 mL Lidocaine 1% (in ampoule),"Each combipack contains:
A. One vial of Ceftriaxone Sodium equiv. to Ceftriaxone 1 g
B. One ampoule of Lidocaine Hydrochloride Injection (1% w/v), 3.5 mL",,J01DD04,https://greenbook.nafdac.gov.ng/products/details/8978,2026-09-29T10:52:30.242228+00:00
Greenbook NAFDAC,4281,3686,Lyntriaxone Injection##,1,Drugs,"{'id': 1, 'name': 'Drugs', 'created_at': '-000001-11-30T00:00:00.000000Z', 'updated_at': '2022-03-17T16:53:12.000000Z', 'deleted_at': None}",1541,Ceftriaxone (Ceftriaxone Sodium),,A4-2410,70,Powder for injection,29,Intravenous; Intramuscular,1 g,217,Lyn-Edge Pharmaceuticals Limited,2021-08-26,2026-08-25,Inactive,"Powder for Solution for Injection
A white to pale yellow crystalline powder filled in a sealed clear glass vial",1 x 10 mL vial,"Each vial contains: Ceftriaxone Sodium 1.196 g equivalent to Ceftriaxone 1 g
Excipients q.s.",https://admin.greenbook.nafdac.gov.ng/uploadImage/smpc_files/2023/05/27/202305277289b579-4732-56a3-8dcf-b115b5aa0f36.pdf,J01DD04,https://greenbook.nafdac.gov.ng/products/details/3686,2026-09-29T10:52:30.242228+00:00
Greenbook NAFDAC,4282,2628,Lynxiclav 625 Tablets##,1,Drugs,"{'id': 1, 'name': 'Drugs', 'created_at': '-000001-11-30T00:00:00.000000Z', 'updated_at': '2022-03-17T16:53:12.000000Z', 'deleted_at': None}",423,Amoxicillin (Amoxicillin Trihydrate); Clavulanic Acid (Potassium Clavulanate),,A4-7801,1,Tablet,1,Oral,500 mg; 125 mg,217,Lyn-Edge Pharmaceuticals Limited,2020-12-21,2025-12-20,Inactive,Tablet,,"Each tablet contains: Amoxicillin (as Trihydrate) 500 mg, Clavulanic Acid (as Potassium Clavulanate) 125 mg",,J01CR02,https://greenbook.nafdac.gov.ng/products/details/2628,2026-09-29T10:52:30.242228+00:00
Greenbook NAFDAC,4283,2629,Lynxiclav Suspension##,1,Drugs,"{'id': 1, 'name': 'Drugs', 'created_at': '-000001-11-30T00:00:00.000000Z', 'updated_at': '2022-03-17T16:53:12.000000Z', 'deleted_at': None}",423,Amoxicillin (Amoxicillin Trihydrate); Clavulanic Acid (Potassium Clavulanate),,B4-4750,72,Powder for suspension,1,Oral,400 mg/5 mL; 57 mg/5 mL,217,Lyn-Edge Pharmaceuticals Limited,2020-12-21,2025-12-20,Inactive,"Powder for Reconstitution
",,"Each 5 mL suspension contains: Amoxicillin Trihydrate equivalent  to Amoxicillin 400 mg, Potassium Clavulanate equivalent  to Clavulanic Acid 57 mg",,J01CR02,https://greenbook.nafdac.gov.ng/products/details/2629,2026-09-29T10:52:30.242228+00:00
Greenbook NAFDAC,4284,8234,Lyrica 25 mg Capsules**,1,Drugs,"{'id': 1, 'name': 'Drugs', 'created_at': '-000001-11-30T00:00:00.000000Z', 'updated_at': '2022-03-17T16:53:12.000000Z', 'deleted_at': None}",41,Pregabalin,,A4-0004,2,Capsule,1,Oral,25 mg,260,Pfizer Specialties Ltd,2024-08-28,2029-08-27,Active,Hard capsules,2 x 14&#039;s (in PVC/Aluminium blisters),Each hard capsule contains: Pregabalin 25 mg,https://admin.greenbook.nafdac.gov.ng/uploadImage/smpc_files/2024/09/16/20240916017175d8-92e3-5198-ab69-560b0b45c29a.pdf,N02BF02,https://greenbook.nafdac.gov.ng/products/details/8234,2026-09-29T10:52:30.242228+00:00
Greenbook NAFDAC,4285,5169,Lysocyl Cough Syrup##,1,Drugs,"{'id': 1, 'name': 'Drugs', 'created_at': '-000001-11-30T00:00:00.000000Z', 'updated_at': '2022-03-17T16:53:12.000000Z', 'deleted_at': None}",403,Bromhexine (Bromhexine Hydrochloride); Dextromethorphan; Ammonium chloride; Menthol,,B4-7027,103,Syrup,1,Oral,4 mg/5 mL; 5 mg/5 mL; 50 mg/5 mL; 5 mg/5 mL,922,Lysoplus Healthcare Ltd,2023-05-25,2028-05-24,Active,"Oral Liquid

62	RNW-PP-263242	LYSOCYL COUGH SYRUP	BROMHEXINE HYDROCHLORIDE 4MG +DEXTROMETHORPHAN HYDROCHLORIDE 5MG+ AMMONIUM CHLORIDE 50MG + MENTHOL 2.5MG	Bromhexine Hydrochloride 4mg +Dextromethorphan Hydrochloride 5mg+ Ammonium Chloride 50mg + Menthol 2.5mg ExcipientsMethyl Paraben Sodium Propyl Paraben Sodium Xanthan Gum Sorbitol Liquid Polysorbate 80 Colour Quinoline yellow Brilliant Blue FCF Mixed Fruit Flavour Sucrose Purified water	B4-7027	Drugs	Imported Products	1*100ML	Over The Counter (OTC)	5/5/2022	LYSOPLUS HEALTHCARE LIMITED, BEHIND UNION BANK,OPPOSITE LGEA PRIMARY SCHOOL,NEW NYANYA NASSARAWA STATE.	0	regulatorylysoplus@gmail.com	DUPEN LABORATORIES PVT.LTD, C1-49&amp;36,Degam Road,IndustrialTownship,Vapi 396195,district valsad,state ofGujarat,India, India",1 x 100 mL (in PET bottle),"Each 5 mL contains: Bromhexine Hydrochloride BP 4 mg, Dextromethorphan Hydrobromide BP 5 mg, Ammonium Chloride BP 50 mg, Menthol BP 2.5 mg
Excipients q.s.
Approved color and flavors added",https://admin.greenbook.nafdac.gov.ng/uploadImage/smpc_files/2023/08/23/202308232b7945a1-c304-5633-a413-a711b30eb352.pdf,N07XX59,https://greenbook.nafdac.gov.ng/products/details/5169,2026-09-29T10:52:30.242228+00:00
Greenbook NAFDAC,4286,5170,Lysomax Capsules 250 mg##,1,Drugs,"{'id': 1, 'name': 'Drugs', 'created_at': '-000001-11-30T00:00:00.000000Z', 'updated_at': '2022-03-17T16:53:12.000000Z', 'deleted_at': None}",1574,Azithromycin (Azithromycin Monohydrate),,B4-7009,2,Capsule,1,Oral,250 mg,922,Lysoplus Healthcare Ltd,2023-05-25,2028-05-24,Active,"Capsule
Pinkish brown colored, capsule shaped biconvex film coated tablets

63	RNW-PP-263216	LYSOMAX CAPSULES 250MG	AZITHROMYCIN 250MG CAPSULES	Azithromycin 250mg , Excipients Lactose Monohydrate Sodium Starch Glycollate Microcrystalline Cellulose Povidone Isopropyl Alcohol Magnesium Stearate Purified Talc Cross Carmillose Sodium Methylene Chloride	B4-7009	Drugs	Imported Products	1*6CAPSULES	Prescription Only Medicine (POM)	5/4/2022	LYSOPLUS HEALTHCARE LIMITED, BEHIND UNION BANK,OPPOSITE LGEA PRIMARY SCHOOL,NEW NYANYA NASSARAWA STATE.	0	regulatorylysoplus@gmail.com	DUPEN LABORATORIES PVT.LTD, C1-49&amp;36,Degam Road,IndustrialTownship,Vapi 396195,district valsad,state ofGujarat,India, India
",1 x 6&#039;s (in PVC-Alu blister),"Each film coated tablet contains: Azithromycin Dihydrate USP equivalent to Azithromycin 250 mg
Excipients q.s.",https://admin.greenbook.nafdac.gov.ng/uploadImage/smpc_files/2023/08/23/20230823047e3edd-0c43-536d-9226-2e0756ca70bd.pdf,J01FA10,https://greenbook.nafdac.gov.ng/products/details/5170,2026-09-29T10:52:30.242228+00:00
Greenbook NAFDAC,4287,10760,Lysunate Forte 80/480 Tablet #,1,Drugs,"{'id': 1, 'name': 'Drugs', 'created_at': '-000001-11-30T00:00:00.000000Z', 'updated_at': '2022-03-17T16:53:12.000000Z', 'deleted_at': None}",528,Artemether; Lumefantrine,,A4-5641,1,Tablet,1,Oral,80 mg; 480 mg,217,Lyn-Edge Pharmaceuticals Limited,2025-01-30,2030-01-29,Active,"Tablet

LYNSUNATE FORTE 80/480 TABLET	ARTEMETER, LUMEFANTRINE	ARTEMETHER PH. INT. 80MG, LUMAFANTRINE PH. INT. 480MG, QUINOLINE YELLOW Q.S	A4-5641	Drugs	Imported Products	I*6	Over The Counter (OTC)	1/17/2025	LYN-EDGE PHARMACEUTICALS LIMITED, BLOCK VIII, PLOT 23, ORCHARD CLOSE, CHEVRON ALTERNATIVE ROAD, LEKKI LAGOS STATE	8033411628	blessing_lynedge@yahoo.com	FREDUN PHARMACEUTICALS LTD., 14, 15, 16, ZORABIAN INDUSTRIAL COMPLEX, VILLAGE VEOOR, PALGHAR, DIST. THANE 401404. INDIA., India
												
												
												
												
												
												",1 x 6&#039;s,Each tablet contains Artemether 80 mg &amp; Lumefantrine 480 mg,https://admin.greenbook.nafdac.gov.ng/uploadImage/smpc_files/2025/03/18/202503187ac11c22-f1e3-59db-81f9-3825cd30b8df.pdf,P01BF01,https://greenbook.nafdac.gov.ng/products/details/10760,2026-09-29T10:52:30.242228+00:00
Greenbook NAFDAC,4288,11635,M & B Albendazole Chewable 200 mg Tablets**,1,Drugs,"{'id': 1, 'name': 'Drugs', 'created_at': '-000001-11-30T00:00:00.000000Z', 'updated_at': '2022-03-17T16:53:12.000000Z', 'deleted_at': None}",570,Albendazole,,A11-100932,6,Chewable tablet,1,Oral,200 mg,221,May &amp; Baker Nigeria PLC,2025-07-30,2030-07-29,Active,Chewable Tablet.,20 x 2&#039;s (in PVC-Alu blisters),"Each chewable tablet contains: Albendazole 200 mg, Excipients q.s.",https://admin.greenbook.nafdac.gov.ng/uploadImage/smpc_files/2025/09/04/20250904c351d6a8-0cf4-51eb-8234-203bd245b179.pdf,P02CA03,https://greenbook.nafdac.gov.ng/products/details/11635,2026-09-29T10:52:30.242228+00:00
Greenbook NAFDAC,4289,11636,M & B Albendazole Chewable 400 mg Tablets**,1,Drugs,"{'id': 1, 'name': 'Drugs', 'created_at': '-000001-11-30T00:00:00.000000Z', 'updated_at': '2022-03-17T16:53:12.000000Z', 'deleted_at': None}",570,Albendazole,,A11-100898,6,Chewable tablet,1,Oral,400 mg,221,May &amp; Baker Nigeria PLC,2025-06-25,2030-06-24,Active,Chewable Tablet,1 x 1&#039;s (in PVC-Alu blister),"Each tablet contains: Albendazole 400 mg, Excipients q.s.",https://admin.greenbook.nafdac.gov.ng/uploadImage/smpc_files/2025/07/28/202507284aff263a-9adb-5ba4-ba2d-23668128639f.pdf,P02CA03,https://greenbook.nafdac.gov.ng/products/details/11636,2026-09-29T10:52:30.242228+00:00
Greenbook NAFDAC,4290,8889,M & B Amlodipine 10 mg Tablet**,1,Drugs,"{'id': 1, 'name': 'Drugs', 'created_at': '-000001-11-30T00:00:00.000000Z', 'updated_at': '2022-03-17T16:53:12.000000Z', 'deleted_at': None}",272,Amlodipine (Amlodipine Besilate),Amlodipine (Amlodipine Besylate),A4-1805,1,Tablet,1,Oral,10 mg,221,May &amp; Baker Nigeria PLC,2023-09-28,2028-09-27,Active,"Tablet.
Off white round-shaped tablet embossed &quot;MBN&quot; on one side and plain on the opposite",10 x 1 x 10&#039;s (in Alu-PVC blisters),Each tablet contains: Amlodipine besylate equiv. to Amlodipine 10 mg,https://admin.greenbook.nafdac.gov.ng/uploadImage/smpc_files/2024/06/28/202406287b72b9f7-8866-5ab8-882b-17bfec904d46.pdf,C08CA01,https://greenbook.nafdac.gov.ng/products/details/8889,2026-09-29T10:52:30.242228+00:00
Greenbook NAFDAC,4291,8890,M & B Amlodipine 5 mg Tablet**,1,Drugs,"{'id': 1, 'name': 'Drugs', 'created_at': '-000001-11-30T00:00:00.000000Z', 'updated_at': '2022-03-17T16:53:12.000000Z', 'deleted_at': None}",272,Amlodipine (Amlodipine Besilate),Amlodipine (Amlodipine Besylate),A4-1804,1,Tablet,1,Oral,5 mg,221,May &amp; Baker Nigeria PLC,2023-09-28,2028-09-27,Active,"Tablet.
Off-white round-shaped tablet embossed &quot;MBN&quot; on one side and plain on the opposite",10 x 1 x 10&#039;s (in Alu-PVC blisters),Each tablet contains: Amlodipine besylate equiv. to Amlodipine 5 mg,https://admin.greenbook.nafdac.gov.ng/uploadImage/smpc_files/2024/06/28/202406281ec27ce6-f292-5f1d-ba7b-c5d57e989c61.pdf,C08CA01,https://greenbook.nafdac.gov.ng/products/details/8890,2026-09-29T10:52:30.242228+00:00
Greenbook NAFDAC,4292,10761,M & B Cipro 500 Caplet**,1,Drugs,"{'id': 1, 'name': 'Drugs', 'created_at': '-000001-11-30T00:00:00.000000Z', 'updated_at': '2022-03-17T16:53:12.000000Z', 'deleted_at': None}",461,Ciprofloxacin (Ciprofloxacin Hydrochloride),,04-8805,108,Caplet,1,Oral,500 mg,221,May &amp; Baker Nigeria PLC,2022-01-27,2027-01-26,Active,Film Coated Caplet,1 x 10&#039;s; 1 x 14&#039;s (in Alu blister strips),"Each film coated caplet contains: Ciprofloxacin 500 mg

Excipients:
Maize Starch, Microcrystalline Cellulose PH 102, Aerosil 200, Purified Water, Magnesium Stearate, Sodium Starch Glycolate (Type A), Hydroxypropyl Methyl Cellulose, Polyethylene 6000, Titanium Oxide, Povidone K30",https://admin.greenbook.nafdac.gov.ng/uploadImage/smpc_files/2025/01/20/20250120258b56ea-cdc9-54f0-9a2d-be0f73e5a168.pdf,J01MA02,https://greenbook.nafdac.gov.ng/products/details/10761,2026-09-29T10:52:30.242228+00:00
Greenbook NAFDAC,4293,305,M & B Ibuprofen**,1,Drugs,"{'id': 1, 'name': 'Drugs', 'created_at': '-000001-11-30T00:00:00.000000Z', 'updated_at': '2022-03-17T16:53:12.000000Z', 'deleted_at': None}",57,Ibuprofen,,A11-0117,102,Suspension,1,Oral,100 mg/5 mL,221,May &amp; Baker Nigeria PLC,2021-06-24,2026-06-23,Inactive,Oral Suspension,100 mL (in amber PET bottle),Each 5 mL contains: Ibuprofen 100 mg,https://admin.greenbook.nafdac.gov.ng/uploadImage/smpc_files/2025/05/23/202505235104cf5a-5944-536f-a067-d47cfeda4f70.pdf,M01AE01,https://greenbook.nafdac.gov.ng/products/details/305,2026-09-29T10:52:30.242228+00:00
Greenbook NAFDAC,4294,6055,M & B Isopropyl Alcohol**,1,Drugs,"{'id': 1, 'name': 'Drugs', 'created_at': '-000001-11-30T00:00:00.000000Z', 'updated_at': '2022-03-17T16:53:12.000000Z', 'deleted_at': None}",1718,Isopropyl Alcohol,,A11-100581,101,Liquid,21,Topical,99.87%,221,May &amp; Baker Nigeria PLC,2023-09-28,2028-09-27,Active,"Liquid, external preparation",1 x 200 mL (in amber PET bottle),"M &amp; B Isopropyl Alcohol contains: Alcohol B.P 99.87% (Isopropyl alcohol 88.02%, Ethanol 11.87%, N-propanol 0.13%, Water 0.01%)
",https://admin.greenbook.nafdac.gov.ng/uploadImage/smpc_files/2023/10/07/20231007c090d737-1cf9-55e7-99ef-eb736b574766.pdf,D08AX05,https://greenbook.nafdac.gov.ng/products/details/6055,2026-09-29T10:52:30.242228+00:00
Greenbook NAFDAC,4295,5171,M & B Nifedipine Retard Tablet**,1,Drugs,"{'id': 1, 'name': 'Drugs', 'created_at': '-000001-11-30T00:00:00.000000Z', 'updated_at': '2022-03-17T16:53:12.000000Z', 'deleted_at': None}",284,Nifedipine,,04-7943,1,Tablet,1,Oral,20 mg,221,May &amp; Baker Nigeria PLC,2023-02-23,2028-02-22,Active,"Film Coated Tablet.
Brown colored, round, biconvex, film coated retard release tablets imprints of &quot;MBN&quot; on one side and &quot;CR&quot; on other side",5 x 10&#039;s (in Alu blisters),"Each tablet contains: Nifedipine BP 20 mg, Excipients q.s.",https://admin.greenbook.nafdac.gov.ng/uploadImage/smpc_files/2024/12/23/202412235aba48d6-db08-509a-a82b-fb71b0a858e1.pdf,C08CA05,https://greenbook.nafdac.gov.ng/products/details/5171,2026-09-29T10:52:30.242228+00:00
Greenbook NAFDAC,4296,5172,M & B Nifedipine XL Tablet**,1,Drugs,"{'id': 1, 'name': 'Drugs', 'created_at': '-000001-11-30T00:00:00.000000Z', 'updated_at': '2022-03-17T16:53:12.000000Z', 'deleted_at': None}",284,Nifedipine,,04-7946,1,Tablet,1,Oral,30 mg,221,May &amp; Baker Nigeria PLC,2023-02-23,2028-02-22,Active,Tablet,3 x 10&#039;s (in blister strips),"Each tablet contains: Nifedipine BP 30 mg, Excipients q.s.",https://admin.greenbook.nafdac.gov.ng/uploadImage/smpc_files/2024/12/23/2024122305083988-7696-57c4-8e3f-a713d8969f62.pdf,C08CA05,https://greenbook.nafdac.gov.ng/products/details/5172,2026-09-29T10:52:30.242228+00:00
Greenbook NAFDAC,4297,5173,M & B Paracetamol Syrup**,1,Drugs,"{'id': 1, 'name': 'Drugs', 'created_at': '-000001-11-30T00:00:00.000000Z', 'updated_at': '2022-03-17T16:53:12.000000Z', 'deleted_at': None}",1529,Paracetamol,Acetaminophen,04-0247,103,Syrup,1,Oral,120 mg/5 mL,221,May &amp; Baker Nigeria PLC,2022-01-27,2027-01-26,Active,Syrup,1 x 60 mL,Each 5 mL contains: Paracetamol 120 mg,,N02BE01,https://greenbook.nafdac.gov.ng/products/details/5173,2026-09-29T10:52:30.242228+00:00
Greenbook NAFDAC,4298,7471,M & B Vitamin C 1000 mg Tablet**,1,Drugs,"{'id': 1, 'name': 'Drugs', 'created_at': '-000001-11-30T00:00:00.000000Z', 'updated_at': '2022-03-17T16:53:12.000000Z', 'deleted_at': None}",346,Ascorbic Acid,Vitamin C,A11-100686,6,Chewable tablet,1,Oral,1000 mg,221,May &amp; Baker Nigeria PLC,2024-03-27,2029-03-26,Active,Chewable Tablet,1 x 50&#039;s (in HDPE container),"Each chewable tablet contains: Ascorbic Acid 1000 mg, Excipients q,s,",https://admin.greenbook.nafdac.gov.ng/uploadImage/smpc_files/2024/04/22/202404226c08e815-df48-5883-846f-5d1554429fda.pdf,A11GA01,https://greenbook.nafdac.gov.ng/products/details/7471,2026-09-29T10:52:30.242228+00:00
Greenbook NAFDAC,4299,7472,M & B Vitamin C 500 mg Tablet**,1,Drugs,"{'id': 1, 'name': 'Drugs', 'created_at': '-000001-11-30T00:00:00.000000Z', 'updated_at': '2022-03-17T16:53:12.000000Z', 'deleted_at': None}",346,Ascorbic Acid,Vitamin C,A11-100685,6,Chewable tablet,1,Oral,500 mg,221,May &amp; Baker Nigeria PLC,2024-03-27,2029-03-26,Active,Chewable Tablet,1 x 120&#039;s (in HDPE container),"Each tablet contains: Ascorbic Acid 500 mg, Excipients q.s.",https://admin.greenbook.nafdac.gov.ng/uploadImage/smpc_files/2024/04/22/2024042254745a7d-af62-5d59-a136-7c80b478542e.pdf,A11GA01,https://greenbook.nafdac.gov.ng/products/details/7472,2026-09-29T10:52:30.242228+00:00
Greenbook NAFDAC,4300,6303,Maalox Plus Suspension**,1,Drugs,"{'id': 1, 'name': 'Drugs', 'created_at': '-000001-11-30T00:00:00.000000Z', 'updated_at': '2022-03-17T16:53:12.000000Z', 'deleted_at': None}",152,Aluminium hydroxide; Magnesium hydroxide; Simeticone,,A4-3349,102,Suspension,1,Oral,175 mg/5 mL; 200 mg/5 mL; 25 mg/5 mL,1058,Sanofi-Aventis Nigeria Limited,2021-03-01,2026-02-28,Inactive,"Oral Suspension.
A white lemon-flavoured oral suspension",1 x 250 mL; 1 x 355 mL (in PET bottles),"Each 5 mL contains: Aluminium Hydroxide (as Aluminium Hydroxide Gel) 175 mg, Magnesium Hydroxide (as Magnesium Hydroxide Paste) 200 mg, Simeticone 25 mg

Excipients with known effect (per 5 mL): Sorbitol (E420) 224.85 mg, Sodium 1.66 mg, Ethanol 3.667 mg, Sulphur Dioxide (E220) 3 ppm",https://admin.greenbook.nafdac.gov.ng/uploadImage/smpc_files/2024/09/27/2024092759f3bde5-3781-5364-b04d-d4a55f91dd7c.pdf,A02AF,https://greenbook.nafdac.gov.ng/products/details/6303,2026-09-29T10:52:30.242228+00:00
Greenbook NAFDAC,4301,2866,Macalum 40/240 Tablets**,1,Drugs,"{'id': 1, 'name': 'Drugs', 'created_at': '-000001-11-30T00:00:00.000000Z', 'updated_at': '2022-03-17T16:53:12.000000Z', 'deleted_at': None}",528,Artemether; Lumefantrine,,C4-1564,1,Tablet,1,Oral,40 mg; 240 mg,677,JMD Pharmalinks Limited,2021-08-26,2026-08-25,Inactive,Tablet,,"Each tablet contains: Artemether 40 mg, Lumefantrine 240 mg",,P01BF01,https://greenbook.nafdac.gov.ng/products/details/2866,2026-09-29T10:52:30.242228+00:00
Greenbook NAFDAC,4302,2867,Macalum 80/480 Tablets**,1,Drugs,"{'id': 1, 'name': 'Drugs', 'created_at': '-000001-11-30T00:00:00.000000Z', 'updated_at': '2022-03-17T16:53:12.000000Z', 'deleted_at': None}",528,Artemether; Lumefantrine,,C4-1565,1,Tablet,1,Oral,80 mg; 480 mg,677,JMD Pharmalinks Limited,2021-08-26,2026-08-25,Inactive,Tablet,,"Each tablet contains: Artemether 80 mg, Lumefantrine 480 mg",,P01BF01,https://greenbook.nafdac.gov.ng/products/details/2867,2026-09-29T10:52:30.242228+00:00
Greenbook NAFDAC,4303,2868,Macalum DT Tablets**,1,Drugs,"{'id': 1, 'name': 'Drugs', 'created_at': '-000001-11-30T00:00:00.000000Z', 'updated_at': '2022-03-17T16:53:12.000000Z', 'deleted_at': None}",528,Artemether; Lumefantrine,,C4-1705,13,Dispersible tablet,1,Oral,20 mg; 120 mg,677,JMD Pharmalinks Limited,2021-08-26,2026-08-25,Inactive,"Dispersible Tablet.
Yellow colored, circular, flat, bevel edged, uncoated tablets plain surface on both the sides",6 x 17&#039;s (in PVC-Alu blisters),"Each dispersible tablet contains: Artemether 20 mg, Lumefantrine 120 mg, Excipients q.s.",https://admin.greenbook.nafdac.gov.ng/uploadImage/smpc_files/2023/05/29/202305290d670a73-2165-58c5-b45a-5c8408e2390c.pdf,P01BF01,https://greenbook.nafdac.gov.ng/products/details/2868,2026-09-29T10:52:30.242228+00:00
Greenbook NAFDAC,4304,2869,Macalum Tablets**,1,Drugs,"{'id': 1, 'name': 'Drugs', 'created_at': '-000001-11-30T00:00:00.000000Z', 'updated_at': '2022-03-17T16:53:12.000000Z', 'deleted_at': None}",528,Artemether; Lumefantrine,,B4-2289,1,Tablet,1,Oral,20 mg; 120 mg,677,JMD Pharmalinks Limited,2021-08-26,2026-08-25,Inactive,Uncoated Tablet,,"Artemether 20 mg &amp; Lumefantrine 120 mg Tablets.
Each uncoated tablet contains: Artemether 20 mg, Lumefantrine 120 mg, Excipients q.s.",https://admin.greenbook.nafdac.gov.ng/uploadImage/smpc_files/2024/09/20/20240920f972c557-da09-5d23-862f-463a00b41f2a.pdf,P01BF01,https://greenbook.nafdac.gov.ng/products/details/2869,2026-09-29T10:52:30.242228+00:00
Greenbook NAFDAC,4305,5174,Macdech Aminophylline Tablets##,1,Drugs,"{'id': 1, 'name': 'Drugs', 'created_at': '-000001-11-30T00:00:00.000000Z', 'updated_at': '2022-03-17T16:53:12.000000Z', 'deleted_at': None}",382,Aminophylline,,B4-6947,1,Tablet,1,Oral,100 mg,418,Macdech Pharmaceuticals Company Limited,2023-01-26,2028-01-25,Active,"Tablet
White circular flat uncoated tablets having embossed &quot;Amino&quot; on one side and a break line on other side of each tablet

MACDECH AMINOPHYLLINE TABLETS	B4-6947	MACDECH AMINOPHYLLINE TABLETS	EACH UNCOATED TABLET CONTAIN AMINOPHYLLINE (ANHYDROUS) BP 100MG Q.S.				Tablet	Prescription Only Medicine (POM)		MACDECH PHARMACEUTICALS COMPANY LIMITED, IHITENANSA STREET IYIOWA ODEKPE OGBARU ANAMBRA	Nigeria	M/S MANCARE PHARMACEUTICAL PVT LIMITED , NO 59, 60, 85, 86 VMIE DHOWALI VILLAGE, VASAI DIST THAME MAHARASHTRA, INDIA, India		26/01/2023	25/01/2028
",1 x 1000&#039;s (in amber PET bottle),"Each tablet contains: Aminophylline Anhydrous 100 mg
Excipients q.s.",https://admin.greenbook.nafdac.gov.ng/uploadImage/smpc_files/2024/12/03/2024120320e2f4be-3645-54e9-ade8-3af795696114.pdf,R03DA05,https://greenbook.nafdac.gov.ng/products/details/5174,2026-09-29T10:52:30.242228+00:00
Greenbook NAFDAC,4306,6284,Macdech Dexamethasone Tablets 0.5 mg##,1,Drugs,"{'id': 1, 'name': 'Drugs', 'created_at': '-000001-11-30T00:00:00.000000Z', 'updated_at': '2022-03-17T16:53:12.000000Z', 'deleted_at': None}",770,Dexamethasone,,B4-7719,1,Tablet,1,Oral,0.5 mg,418,Macdech Pharmaceuticals Company Limited,2023-08-31,2028-08-30,Active,"Tablet
White, circular biconvex uncoated round and and a diameter of 5.5 mm

MACDECH DEXAMETHASONE TABLETS 0.5MG	DEXAMETHASONE	MAIZE STARCH, DIBASIC CALCIUM PHOSPHATE, GELATIN BRONOPOL, TALCIUM, MAGNESIUM STEARATE.	B4-7719	Drugs	Imported Products	10X10TABLETS,1X1000TABLETS	Prescription Only Medicine (POM)	26/07/2022	MACDECH PHARMACEUTICALS COMPANY LIMITED, IHITENANSA STREET IYIOWA ODEKPE OGBARU ANAMBRA	8149746846	emekaduru93@gmail.com	Mancare PHARMACEUTICALS PVT LIMITED, NO 59, 60,85,86 , VMIE BHOWALI VILLAGE VASAI, DIST THEME MAHARASHTRA INDIA, India","1 x 100&#039;s (in glass vial), 1 x 10&#039;s (in PVC-Alu blister)","Each tablet contains: Dexamethasone BP 0.5 mg
Excipients q,s,",https://admin.greenbook.nafdac.gov.ng/uploadImage/smpc_files/2024/12/27/2024122756b7f77a-68d2-5d67-b466-39991bde4e00.pdf,H02AB02,https://greenbook.nafdac.gov.ng/products/details/6284,2026-09-29T10:52:30.242228+00:00
Greenbook NAFDAC,4307,5175,Macdech Piroxicam Capsules##,1,Drugs,"{'id': 1, 'name': 'Drugs', 'created_at': '-000001-11-30T00:00:00.000000Z', 'updated_at': '2022-03-17T16:53:12.000000Z', 'deleted_at': None}",91,Piroxicam,,B4-6743,2,Capsule,1,Oral,20 mg,418,Macdech Pharmaceuticals Company Limited,2023-01-26,2028-01-25,Active,"Capsule
Each scarlet/scarlet size &quot;2&quot; unprinted capsule containing white to off white powder

MACDECH PIROXICAM CAPSULES	B4-6743	MACDECH PIROXICAM CAPSULES	PIROXICAM BP Q.S.				Capsule	Prescription Only Medicine (POM)		MACDECH PHARMACEUTICALS COMPANY LIMITED, IHITENANSA STREET IYIOWA ODEKPE OGBARU ANAMBRA	Nigeria	M/S MANCARE PHARMACEUTICAL PVT LIMITED , NO 59, 60, 85, 86 VMIE DHOWALI VILLAGE, VASAI DIST THAME MAHARASHTRA, INDIA, India		26/01/2023	25/01/2028
",1 x 10&#039;s (in PVC-Alu blister),"Each capsule contains: Piroxicam 20 mg
Excipients q.s.",https://admin.greenbook.nafdac.gov.ng/uploadImage/smpc_files/2024/12/03/2024120367236240-c270-52e5-8ec3-a4ae363cca28.pdf,M01AC01,https://greenbook.nafdac.gov.ng/products/details/5175,2026-09-29T10:52:30.242228+00:00
Greenbook NAFDAC,4308,6289,Macdech Trypsin Chymotrypsin Tablets**,1,Drugs,"{'id': 1, 'name': 'Drugs', 'created_at': '-000001-11-30T00:00:00.000000Z', 'updated_at': '2022-03-17T16:53:12.000000Z', 'deleted_at': None}",127,Trypsin; Chymotrypsin,,B4-7419,1,Tablet,1,Oral,"50,000 units (6:1)",418,Macdech Pharmaceuticals Company Limited,2023-01-26,2028-01-25,Active,Tablet,10 x 10&#039;s,"Each tablet contains: Trypsin-Chymotrypsin (6:1 Approx.) equiv. to 50,000 units of proteolytic enzyme activity",https://admin.greenbook.nafdac.gov.ng/uploadImage/smpc_files/2024/12/03/20241203eb74ecf3-3413-5f42-b0e4-79071e972bfd.pdf,M09AB52,https://greenbook.nafdac.gov.ng/products/details/6289,2026-09-29T10:52:30.242228+00:00
Greenbook NAFDAC,4309,10762,Macephin Forte Injection##,1,Drugs,"{'id': 1, 'name': 'Drugs', 'created_at': '-000001-11-30T00:00:00.000000Z', 'updated_at': '2022-03-17T16:53:12.000000Z', 'deleted_at': None}",454,Ceftriaxone (Ceftriaxone Sodium); Sulbactam (Sulbactam Sodium),,A4-101145,70,Powder for injection,29,Intravenous; Intramuscular,1000 mg; 500 mg,218,Malven Medics International Company Ltd,2025-01-30,2030-01-29,Active,"Powder for Injection

NF-PP-390640	MACEPHIN FORTE INJECTION	CEFTRIAXONE AND SULBACTAM FOR INJECTION 1.5GM AND STERILISED WATER FOR INJECTION BP 10ML	CEFTRIAXONE &amp; SULBACTAM FOR INJECTION 1.5 GM AND STERILISED WATER FOR INJECTIONS BP 10ML,SULBACTAM 500MG,CEFTRIAXONE 1 GM.		Drugs	Imported Products	1X10 WFI	Prescription Only Medicine (POM)	11/20/2023	MALVEN MEDICS INTERNATIONAL COMPANY LTD, WILMER STREET, ILUPEJU ILUPEJU LAGOS	8037205003	malvenmedics@yahoo.com	SWISS PARENTALS LIMITED, PLOT NO: 808,809 &amp; 810 KERALA IN-INDUSTRIAL ESTATE, G.I.D.C, NEAR BAVLA, DISTRICT AHMEDABAD- 382220, GUJARAT, INDIA, India
													
													
													
													
													
													",1 x 1&#039;s (in vials) + 10 mL sterilised WFI (in ampoules),"Each combipack contains:
A. Ceftriaxone 1000 mg and Sulbactam 500 mg in a vial
B. Sterilised water for injection BP, 10 mL",https://admin.greenbook.nafdac.gov.ng/uploadImage/smpc_files/2025/03/19/20250319c98a43c4-e261-5a8f-9dec-3b24fbdcd9aa.pdf,J01DD0,https://greenbook.nafdac.gov.ng/products/details/10762,2026-09-29T10:52:30.242228+00:00
Greenbook NAFDAC,4310,11637,Macgenta Eye/Ear Drops_,1,Drugs,"{'id': 1, 'name': 'Drugs', 'created_at': '-000001-11-30T00:00:00.000000Z', 'updated_at': '2022-03-17T16:53:12.000000Z', 'deleted_at': None}",755,Gentamicin (Gentamicin Sulfate),,04-6820,16,Ear/eye drops,15,Ophthalmic,0.3%,418,Macdech Pharmaceuticals Company Limited,2025-07-30,2030-07-29,Active,Eye/Ear Drops,1 x 10 mL (in bottle),"Each mL contains: Gentamicin Sulphate 0.3% w/v (3 mg), Benzalkonium Chloride Solution 0.02% v/v (0.0002 mL), and Sodium Chloride 0.8% w/v
Excipients q.s.",https://admin.greenbook.nafdac.gov.ng/uploadImage/smpc_files/2025/08/22/20250822987fb6b5-337f-52cd-8dc2-b12af89cb002.pdf,S01AA11,https://greenbook.nafdac.gov.ng/products/details/11637,2026-09-29T10:52:30.242228+00:00
Greenbook NAFDAC,4311,3180,Macnil Tablets##,1,Drugs,"{'id': 1, 'name': 'Drugs', 'created_at': '-000001-11-30T00:00:00.000000Z', 'updated_at': '2022-03-17T16:53:12.000000Z', 'deleted_at': None}",621,Glibenclamide,Glyburide,C4-1430,1,Tablet,1,Oral,5 mg,864,MacJay Pharmaceutical Co. Ltd,2020-12-21,2025-12-20,Inactive,Tablet,,Each tablet contains: Glibenclamide 5 mg,,A10BB01,https://greenbook.nafdac.gov.ng/products/details/3180,2026-09-29T10:52:30.242228+00:00
Greenbook NAFDAC,4312,5650,Macroban Cream**,1,Drugs,"{'id': 1, 'name': 'Drugs', 'created_at': '-000001-11-30T00:00:00.000000Z', 'updated_at': '2022-03-17T16:53:12.000000Z', 'deleted_at': None}",834,Mupirocin,,A11-100574,4,Cream,21,Topical,2%,162,Drugfield Pharmaceuticals Limited,2023-08-31,2028-08-30,Active,"Topical Cream.
A white cream of homogeneous appearance",15 g tube,Each 100-gram cream contains: Mupirocin Calcium 2.15 g equivalent to Mupirocin 2.00 g (2% w/w),https://admin.greenbook.nafdac.gov.ng/uploadImage/smpc_files/2023/09/22/20230922b279df26-7453-5c35-a69e-b8ade97af431.pdf,D06AX09,https://greenbook.nafdac.gov.ng/products/details/5650,2026-09-29T10:52:30.242228+00:00
Greenbook NAFDAC,4313,2905,Macrosafe 250 Tablets##,1,Drugs,"{'id': 1, 'name': 'Drugs', 'created_at': '-000001-11-30T00:00:00.000000Z', 'updated_at': '2022-03-17T16:53:12.000000Z', 'deleted_at': None}",475,Azithromycin (Azithromycin Dihydrate),,B4-4572,1,Tablet,1,Oral,250 mg,271,Phillips Pharmaceuticals (Nigeria) Limited,2020-12-21,2025-12-20,Inactive,"Tablet
Round shaped white colored, film coated tablets with plain on both sides",1 x 6&#039;s (in PVC-Alu blisters),"Each film coated tablet contains: Azithromycin USP (as Dihydrate) equivalent to Azithromycin Anhydrous 250 mg
Excipients q.s.",https://admin.greenbook.nafdac.gov.ng/uploadImage/smpc_files/2025/01/04/20250104c60c9aaa-5a3b-5472-b74f-6ec3191b5c65.pdf,J01FA10,https://greenbook.nafdac.gov.ng/products/details/2905,2026-09-29T10:52:30.242228+00:00
Greenbook NAFDAC,4314,2906,Macrosafe 500 Tablets##,1,Drugs,"{'id': 1, 'name': 'Drugs', 'created_at': '-000001-11-30T00:00:00.000000Z', 'updated_at': '2022-03-17T16:53:12.000000Z', 'deleted_at': None}",475,Azithromycin (Azithromycin Dihydrate),,B4-4573,1,Tablet,1,Oral,500 mg,271,Phillips Pharmaceuticals (Nigeria) Limited,2020-12-21,2025-12-20,Inactive,Tablet,,Each tablet contains: Azithromycin 500 mg (as Azithromycin Dihydrate),,J01FA10,https://greenbook.nafdac.gov.ng/products/details/2906,2026-09-29T10:52:30.242228+00:00
Greenbook NAFDAC,4315,5869,Macthral 500 Tablets##,1,Drugs,"{'id': 1, 'name': 'Drugs', 'created_at': '-000001-11-30T00:00:00.000000Z', 'updated_at': '2022-03-17T16:53:12.000000Z', 'deleted_at': None}",475,Azithromycin (Azithromycin Dihydrate),,B4-7453,1,Tablet,1,Oral,500 mg,193,Healthline Limited,2023-03-28,2028-03-27,Active,"Tablet
A white to off white colored oblong shaped, slightly biconvex film coated tablet scored on one side

41	RNW-PP-269850	MACTHRAL 500 TABLETS	AZITHROMYCIN TABLETS USP 500MG	Azithromycin Dihydrate USP 500mg, Microcrystalline cellulose 20mg, Maize Starch 216mg, Sodium starch Glycolate 80mg, PVP K 30 (P) 20mg, Purified water 300.0 ml, Colloidal Anhydrous Silica 6.5mg, Purified Talc 17.5mg, Magnesium Stearate 16mg, Film Coat Universal 20mg, Macrogol 2mg, Dichloromethane q. s, Isopropyl Alcohol q. s.	B4-7453	Drugs	ANTIINFECTIVES FOR SYSTEMIC USE	Imported Products	1*3pack,1*10pack	POM 2	6/27/2022	HEALTHLINE LIMITED, 29,ADENIYI JONES IKEJA LAGOS	7081123545	healthline.ng@gmail.com	M/S SWISS GARNIER LIFE SCIENCES., 21-23, INDUSTRIAL AREA, MEHATPUR, DISTT, UNA (H.P.) -174315, INDIA., India","1 x 3&#039;s pack, 1 x 10&#039;s pack (in PVC blisters)","Each film coated tablet contains: Azithromycin Dihydrate USP equivalent to anhydrous Azithromycin 500 mg
Excipients q.s.
Approved color(s) used",https://admin.greenbook.nafdac.gov.ng/uploadImage/smpc_files/2023/09/24/202309240ec35e72-50a6-5602-a077-8225f48a3399.pdf,J01FA10,https://greenbook.nafdac.gov.ng/products/details/5869,2026-09-29T10:52:30.242228+00:00
Greenbook NAFDAC,4316,8575,Macthral Oral Suspension**,1,Drugs,"{'id': 1, 'name': 'Drugs', 'created_at': '-000001-11-30T00:00:00.000000Z', 'updated_at': '2022-03-17T16:53:12.000000Z', 'deleted_at': None}",475,Azithromycin (Azithromycin Dihydrate),,B4-8576,102,Suspension,1,Oral,200 mg/ 5 mL,193,Healthline Limited,2021-05-07,2026-05-06,Inactive,Oral suspension,30 mL,Each 5 mL contains: Azithromycin Dihydrate equiv. to Azithromycin 200 mg,https://admin.greenbook.nafdac.gov.ng/uploadImage/smpc_files/2025/05/06/20250506b288df29-382e-52cd-b3cc-2e5886db5baa.pdf,J01FA10,https://greenbook.nafdac.gov.ng/products/details/8575,2026-09-29T10:52:30.242228+00:00
Greenbook NAFDAC,4317,12324,Magfin Injection**,1,Drugs,"{'id': 1, 'name': 'Drugs', 'created_at': '-000001-11-30T00:00:00.000000Z', 'updated_at': '2022-03-17T16:53:12.000000Z', 'deleted_at': None}",204,Magnesium sulfate,,A4-2822,107,Solution for injection,29,Intravenous; Intramuscular,50%,1330,Eloka Pharmaceuticals Limited,2025-11-26,2030-11-25,Active,"Sterile Solution for Injection.
A clear, colourless solution",10 mL x 10&#039;s (in glass ampoules),"Each ampoule contains: Magnesium Sulphate Heptahydrate USP 50%, Water for Injection BP q.s.",https://admin.greenbook.nafdac.gov.ng/uploadImage/smpc_files/2025/12/31/20251231ba4cfd38-4868-5b6b-bcaa-e521f45f7ff2.pdf,B05XA05,https://greenbook.nafdac.gov.ng/products/details/12324,2026-09-29T10:52:30.242228+00:00
Greenbook NAFDAC,4318,5178,Magnessium Sulphate Injection## (check smpc),1,Drugs,"{'id': 1, 'name': 'Drugs', 'created_at': '-000001-11-30T00:00:00.000000Z', 'updated_at': '2022-03-17T16:53:12.000000Z', 'deleted_at': None}",204,Magnesium sulfate,,B4-1836,40,Injection,29,Intravenous; Intramuscular,500 mg/mL,565,Uwans Ventures Limited,2023-07-27,2028-07-26,Active,"Solution for Injection

48	RNW-PP-290188	MAGNESSIUM SULPHATE INJECTION	MAGNESSIUM SULPHATE 500MG/ML	EACH ML CONTAINS MAGNESSIUM SULPHATE 500MG EXCIPIENTS Water for Injections Hydrochloric Acid	B4-1836	Drugs	Imported Products	5X10ML	Prescription Only Medicine (POM)	4/27/2023	UWANS VENTURES LIMITED, J 110 Damij Avenue, House Estate, Fegge Onitsha Anambra State. Nigeria	8063803298	uwansven2019@yahoo.com	DIVINE LABORATORIES PVT. LTD, Block no. 471, Dabhasa, Tal.padra, Dist. Baroda, Gujarat, India, India",5 x 10 mL ampoules,"Each mL contains: Magnesium Sulfate USP 500 mg, Water for Injection USP q.s.
Excipients q.s.",https://admin.greenbook.nafdac.gov.ng/uploadImage/smpc_files/2023/08/27/20230827692cb83f-81e5-51be-81ff-6867771bd079.pdf,A12CC02,https://greenbook.nafdac.gov.ng/products/details/5178,2026-09-29T10:52:30.242228+00:00
Greenbook NAFDAC,4319,10217,Magphate Injection##,1,Drugs,"{'id': 1, 'name': 'Drugs', 'created_at': '-000001-11-30T00:00:00.000000Z', 'updated_at': '2022-03-17T16:53:12.000000Z', 'deleted_at': None}",204,Magnesium sulfate,,A4-2027,107,Solution for injection,29,Intravenous; Intramuscular,50% w/v,332,Zolon Healthcare Limited,2021-08-26,2026-08-25,Inactive,"Solution for Injection
Clear colorless solution filled in glass ampoule for injection",2 x 5 mL (in glass ampoule),"Each ampoule contains: Magnesium Sulphate equivalent to Magnesium base 50% w/v
Excipients q.s.",https://admin.greenbook.nafdac.gov.ng/uploadImage/smpc_files/2025/04/14/2025041470ed5af0-1d50-553d-ace3-6bf9f242b031.pdf,,https://greenbook.nafdac.gov.ng/products/details/10217,2026-09-29T10:52:30.242228+00:00
Greenbook NAFDAC,4320,10080,Makki Pentazocine Injection 30 mg/mL##,1,Drugs,"{'id': 1, 'name': 'Drugs', 'created_at': '-000001-11-30T00:00:00.000000Z', 'updated_at': '2022-03-17T16:53:12.000000Z', 'deleted_at': None}",54,Pentazocine (Pentazocine Lactate),, A4-101066,40,Injection,31,Intravenous; Intramuscular; Subcutaneous,30 mg/mL,1336,Makki Pharmaceuticals Ltd,2024-10-31,2029-10-30,Active,"Injection
A colorless or almost colorless solution packed in amber glass ampoule

35	NF-PP-413491	MAKKI PENTAZOCINE INJECTION 30mg/ml	PENTAZOCINE BP 30MG/ML	EACH ML CONTAINS: PENTAZOCINE BP ...................30.0 MG (AS LACTATE) EXCIPIENTS SODIUM CHLORIDE , LACTIC ACID WATER FOR INJECTION	A4-101066	Drugs	Imported Products	1ML*10 AMPOULES	Prescription Only Medicine (POM)	3/13/2024	MAKKI PHARMACEUTICALS LTD, 52 COMMISSIONERS QUARTERS ROAD, IFITE AWKA ANAMBRA STATE NIGERIA	8063803298	makkipharmaceuticallimited@gmail.com	MERIT ORGANICS LIMITED, PLOT NO 2104/2/A GIDC,SARIGAM, BHILAD. DIST-VALSAD - 396155 GUJARAT INDIA , India				",10 x 1 mL ampoules,"Each mL contains: Pentazocine BP 30 mg
Excipients q.s.",https://admin.greenbook.nafdac.gov.ng/uploadImage/smpc_files/2024/11/23/202411233f3e48d6-dab8-52a8-8fb3-06dd2a5009d4.pdf, N02AD0,https://greenbook.nafdac.gov.ng/products/details/10080,2026-09-29T10:52:30.242228+00:00
Greenbook NAFDAC,4321,8790,Makki Tramadol 100 Capsules**,1,Drugs,"{'id': 1, 'name': 'Drugs', 'created_at': '-000001-11-30T00:00:00.000000Z', 'updated_at': '2022-03-17T16:53:12.000000Z', 'deleted_at': None}",56,Tramadol Hydrochloride,,A4-101025,2,Capsule,1,Oral,100 mg,1336,Makki Pharmaceuticals Ltd,2024-09-25,2029-09-24,Active,Hard gelatin capsule,10 x 10&#039;s,"Each hard gelatin capsule: Tramadol Hydrochloride BP 100 mg, Excipients q.s.",https://admin.greenbook.nafdac.gov.ng/uploadImage/smpc_files/2024/11/02/20241102ae210f54-f89d-5394-8f8a-f223ec36cb5d.pdf,N02AX02,https://greenbook.nafdac.gov.ng/products/details/8790,2026-09-29T10:52:30.242228+00:00
Greenbook NAFDAC,4322,11638,Malacide Tablets_,1,Drugs,"{'id': 1, 'name': 'Drugs', 'created_at': '-000001-11-30T00:00:00.000000Z', 'updated_at': '2022-03-17T16:53:12.000000Z', 'deleted_at': None}",1613,Quinine Sulfate,,C4-1019,1,Tablet,1,Oral,300 mg  ,145,Chez Resources Pharmaceutical Limited,2025-07-30,2030-07-29,Active,Sugar-coated Tablet,10 x 10&#039;s (in blisters),"Each tablet contains: Quinine Sulfate BP 300 mg
Excipients q.s.",https://admin.greenbook.nafdac.gov.ng/uploadImage/smpc_files/2025/08/26/202508261f507244-dbba-575a-9871-cbd29106125f.pdf,P01BC01,https://greenbook.nafdac.gov.ng/products/details/11638,2026-09-29T10:52:30.242228+00:00
Greenbook NAFDAC,4323,5194,Malact Tablet**,1,Drugs,"{'id': 1, 'name': 'Drugs', 'created_at': '-000001-11-30T00:00:00.000000Z', 'updated_at': '2022-03-17T16:53:12.000000Z', 'deleted_at': None}",535,Dihydroartemisinin; Piperaquine Phosphate,,A11-100073,1,Tablet,1,Oral,40 mg; 320 mg,221,May &amp; Baker Nigeria PLC,2021-03-30,2026-03-29,Inactive,"Tablet
Blue, coated and round tablet",1 x 9&#039;s (in PVC-Alu blister),"Each tablet contains: Dihydroartemisinin 40 mg, Piperaquine Phosphate 320 mg, Excipients q.s.",https://admin.greenbook.nafdac.gov.ng/uploadImage/smpc_files/2025/01/15/20250115acdb31e7-3eea-52e6-8763-93b7d06d1809.pdf,P01BF07,https://greenbook.nafdac.gov.ng/products/details/5194,2026-09-29T10:52:30.242228+00:00
Greenbook NAFDAC,4324,10273,Malact Tablets##,1,Drugs,"{'id': 1, 'name': 'Drugs', 'created_at': '-000001-11-30T00:00:00.000000Z', 'updated_at': '2022-03-17T16:53:12.000000Z', 'deleted_at': None}",535,Dihydroartemisinin; Piperaquine Phosphate,,B4-8004,1,Tablet,1,Oral,40 mg; 320 mg,221,May &amp; Baker Nigeria PLC,2021-03-29,2026-03-28,Inactive,Tablets,1 x 9&#039;s,"Each tablet contains: Dihydroartemisinin 40 mg, Piperaquine Phosphate 320 mg",,,https://greenbook.nafdac.gov.ng/products/details/10273,2026-09-29T10:52:30.242228+00:00
Greenbook NAFDAC,4325,10765,Malact TS Tablets**,1,Drugs,"{'id': 1, 'name': 'Drugs', 'created_at': '-000001-11-30T00:00:00.000000Z', 'updated_at': '2022-03-17T16:53:12.000000Z', 'deleted_at': None}",535,Dihydroartemisinin; Piperaquine Phosphate,,A11-100745,108,Caplet,1,Oral,120 mg; 960 mg,221,May &amp; Baker Nigeria PLC,2024-07-31,2029-07-30,Active,"Tablet
Blue, coated, caplet-shaped tablet",1 x 3&#039;s (in PVC-Alu blisters),"Each tablet contains: Dihydroartemisinin 120 mg, Piperaquine Phosphate 960 mg",https://admin.greenbook.nafdac.gov.ng/uploadImage/smpc_files/2024/09/17/20240917defc2e64-822f-5e3a-adfd-95695e2ce54e.pdf,P01BF07,https://greenbook.nafdac.gov.ng/products/details/10765,2026-09-29T10:52:30.242228+00:00
Greenbook NAFDAC,4326,12236,Malafenac Suppositories 100 mg_,1,Drugs,"{'id': 1, 'name': 'Drugs', 'created_at': '-000001-11-30T00:00:00.000000Z', 'updated_at': '2022-03-17T16:53:12.000000Z', 'deleted_at': None}",77,Diclofenac Sodium,,A4-101728,89,Suppository,18,Rectal,100 mg,422,Maltobic Pharmaceutical Company Nigeria Limited,2025-11-26,2030-11-25,Active,Suppository,2 x 5&#039;s (in PVC-LDPE boxes),"Each suppository contains: Diclofenac Sodium 100 mg
Excipients q.s.",https://admin.greenbook.nafdac.gov.ng/uploadImage/smpc_files/2025/12/10/20251210a5b903da-4dda-5d28-b730-deb88b805429.pdf,M01AB05,https://greenbook.nafdac.gov.ng/products/details/12236,2026-09-29T10:52:30.242228+00:00
Greenbook NAFDAC,4327,12209,Malafenac Suppositories 50 mg## $,1,Drugs,"{'id': 1, 'name': 'Drugs', 'created_at': '-000001-11-30T00:00:00.000000Z', 'updated_at': '2022-03-17T16:53:12.000000Z', 'deleted_at': None}",77,Diclofenac Sodium,,A4-101729,89,Suppository,18,Rectal,50 mg,422,Maltobic Pharmaceutical Company Nigeria Limited,2025-11-26,2030-11-25,Active,"Suppository

MALAFENAC SUPPOSITORIES 50MG	DICLOFENAC SODUIM 50MG	SUPPOSITORY	A4-101729	Drugs	Imported Product	2*5	04-09-2024	MALTOBIC PHARMACEUTICAL COMPANY NIGERIA LIMITED, 14/15, ORLU STREET FEGGE ONITSHA ANAMBRA STATE	08032713975	maltobic352@gmail.com	JIANGXI XIER KANGTAI PHARMACEUTICAL CO LTD., NORTH  ZONE HIGH-NEW TECHNOLOGY INDUSTRIAL ZONE PINGXIAG JIANGXI CHINA.
",2 x 5&#039;s (in PVC-LDPE boxes),Each suppository contains 50 mg of Diclofenac Sodium and Excipients q.s.,https://admin.greenbook.nafdac.gov.ng/uploadImage/smpc_files/2025/12/10/20251210c077e1b5-067f-5b56-a0ad-ae1b9839e842.pdf,M01AB05 ,https://greenbook.nafdac.gov.ng/products/details/12209,2026-09-29T10:52:30.242228+00:00
Greenbook NAFDAC,4328,2870,Malagard 20/120 Tablets##,1,Drugs,"{'id': 1, 'name': 'Drugs', 'created_at': '-000001-11-30T00:00:00.000000Z', 'updated_at': '2022-03-17T16:53:12.000000Z', 'deleted_at': None}",528,Artemether; Lumefantrine,,A4-1463,1,Tablet,1,Oral,20 mg; 120 mg,151,Crowther Pharmaceutical Limited,2021-12-16,2026-12-15,Active,Tablet,,"Each tablet contains: Artemether 20 mg, Lumefantrine 120 mg",,P01BF01,https://greenbook.nafdac.gov.ng/products/details/2870,2026-09-29T10:52:30.242228+00:00
Greenbook NAFDAC,4329,11752,Malalart 20/120 Tablet_,1,Drugs,"{'id': 1, 'name': 'Drugs', 'created_at': '-000001-11-30T00:00:00.000000Z', 'updated_at': '2022-03-17T16:53:12.000000Z', 'deleted_at': None}",528,Artemether; Lumefantrine,,A4-101516,1,Tablet,1,Oral,20 mg; 120 mg,680,Jamin International Co. Nig. Ltd,2025-09-24,2030-09-23,Active,"Tablet.
Yellow-colored circular, biconvex, uncoated tablets with break line on one side and &quot;MAXHEAL&quot; on the other side",1 x 24&#039;s (in Alu-PVC blister),"Each uncoated tablet contains: Artemether 20 mg, Lumefantrine 120 mg
Excipients q.s.",https://admin.greenbook.nafdac.gov.ng/uploadImage/smpc_files/2025/11/12/2025111219dfb58a-5f0e-53a9-9cbe-4757abb8c522.pdf,P01BF01,https://greenbook.nafdac.gov.ng/products/details/11752,2026-09-29T10:52:30.242228+00:00
Greenbook NAFDAC,4330,10771,Malamis 20/120 Tablet##,1,Drugs,"{'id': 1, 'name': 'Drugs', 'created_at': '-000001-11-30T00:00:00.000000Z', 'updated_at': '2022-03-17T16:53:12.000000Z', 'deleted_at': None}",528,Artemether; Lumefantrine,,A11-100797,1,Tablet,1,Oral,20 mg; 120 mg,1632,Artemis Laboratories Ltd,2025-01-30,2030-01-29,Active,"Tablet
Light yellow, round tablet

MALAMIS 20/120 TABLET	ARTEMETHER 20MG+ LUMEFANTRIN 120MG	ARTEMETHER 20MG+LUMEFANTRIN 120MG		Drugs	ANTIPARASITIC PRODUCTS, INSECTICIDES AND REPELLENTS	Nigerian Products	1*24	Over The Counter (OTC)	3/14/2024	ARTEMIS LABORATORIES LTD, PLOT 4, BLOCK 4, OGUN STATE HOUSING CORPORATION AND INDUSTRIAL ESTATE, OTA, Ado-Odo/Ota, OGUN	8033198927	regulatoryaffairs@artemislife.com	Artemis Laboratories Limited, Plot 4, Block 4, Ogun State Housing Corporation and Industrial Estate, Ota, Ogun State, Nigeria, Nigeria
													
													
													
													
													
													",1 x 24&#039;s (in PVC-Alu blisters),"Each tablet: Artemether 20 mg, Lumefantrine 120 mg
Excipients q.s.",https://admin.greenbook.nafdac.gov.ng/uploadImage/smpc_files/2025/05/22/202505229a87207c-9c9c-5a1f-8a66-5014b2039dfc.pdf,P01BF01,https://greenbook.nafdac.gov.ng/products/details/10771,2026-09-29T10:52:30.242228+00:00
Greenbook NAFDAC,4331,10772,Malamis 80/480 Tablet##,1,Drugs,"{'id': 1, 'name': 'Drugs', 'created_at': '-000001-11-30T00:00:00.000000Z', 'updated_at': '2022-03-17T16:53:12.000000Z', 'deleted_at': None}",528,Artemether; Lumefantrine,,A11-100798,1,Tablet,1,Oral,80 mg; 480 mg,1632,Artemis Laboratories Ltd,2025-01-30,2030-01-29,Active,"Tablet
Light yellow, round tablet

MALAMIS 80/480 TABLET	ARTEMETHER 80MG+ LUMEFANTRIN 480MG TABLET	ARTEMETHER 80MG+ LUMEFANTRIN 480MG		Drugs	ANTIPARASITIC PRODUCTS, INSECTICIDES AND REPELLENTS	Nigerian Products	1X6TABS		3/14/2024	ARTEMIS LABORATORIES LTD, PLOT 4, BLOCK 4, OGUN STATE HOUSING CORPORATION AND INDUSTRIAL ESTATE, OTA, Ado-Odo/Ota, OGUN	8033198927	regulatoryaffairs@artemislife.com	Artemis Laboratories Limited, Plot 4, Block 4, Ogun State Housing Corporation and Industrial Estate, Ota, Ogun State, Nigeria, Nigeria.											",1 x 6&#039;s (in PVC-Alu blister),"Each tablet contains: Artemether 80 mg, Lumefantrine 480 mg
Excipients q.s.",https://admin.greenbook.nafdac.gov.ng/uploadImage/smpc_files/2025/05/22/20250522ed2b352f-a59a-5ec4-983b-566ce036b7fa.pdf,P01BF01,https://greenbook.nafdac.gov.ng/products/details/10772,2026-09-29T10:52:30.242228+00:00
Greenbook NAFDAC,4332,740,Malanil Paediatric Tablets**,1,Drugs,"{'id': 1, 'name': 'Drugs', 'created_at': '-000001-11-30T00:00:00.000000Z', 'updated_at': '2022-03-17T16:53:12.000000Z', 'deleted_at': None}",544,Atovaquone; Proguanil hydrochloride,,A4-0925,1,Tablet,1,Oral,62.5 mg; 25 mg,182,GlaxoSmithKline Consumer Nigeria PLC (GSK),2020-11-10,2025-11-09,Inactive,"Film-coated tablet.
Round, biconvex, pink tablets",,"Atovaquone and Proguanil Hydrochloride Tablets.
Each low-strength tablet contains: Atovaquone 62.5 mg, Proguanil Hydrochloride 250 mg",https://admin.greenbook.nafdac.gov.ng/uploadImage/smpc_files/2024/06/24/20240624cdc8128d-5985-50fc-a342-6e8138d3a0d1.pdf,P01BB51,https://greenbook.nafdac.gov.ng/products/details/740,2026-09-29T10:52:30.242228+00:00
Greenbook NAFDAC,4333,6290,Malanil Tablet**,1,Drugs,"{'id': 1, 'name': 'Drugs', 'created_at': '-000001-11-30T00:00:00.000000Z', 'updated_at': '2022-03-17T16:53:12.000000Z', 'deleted_at': None}",544,Atovaquone; Proguanil hydrochloride,,04-2010,1,Tablet,1,Oral,250 mg; 100 mg,182,GlaxoSmithKline Consumer Nigeria PLC (GSK),2023-04-26,2028-04-25,Active,"Film coated tablets.
Round, biconvex, pink tablets",1 x 12&#039;s (in PVC-Alu blister),"Atovaquone and Proguanil Hydrochloride Tablets.
Each high-strength tablet contains: Atovaquone 250 mg and Proguanil hydrochloride 100 mg",https://admin.greenbook.nafdac.gov.ng/uploadImage/smpc_files/2023/09/30/20230930f98d7676-0ee6-58e9-8522-2c286152342e.pdf,P01BB51,https://greenbook.nafdac.gov.ng/products/details/6290,2026-09-29T10:52:30.242228+00:00
Greenbook NAFDAC,4334,2871,Malanter Dispersible Tablets 20 mg/120 mg##,1,Drugs,"{'id': 1, 'name': 'Drugs', 'created_at': '-000001-11-30T00:00:00.000000Z', 'updated_at': '2022-03-17T16:53:12.000000Z', 'deleted_at': None}",528,Artemether; Lumefantrine,,B4-2838,13,Dispersible tablet,1,Oral,20 mg; 120 mg,489,Nkoyo Chemists Ltd,2020-11-30,2025-11-29,Inactive,Dispersible Tablet,,"Each tablet contains: Artemether 20 mg, Lumefantrine 120 mg",,P01BF01,https://greenbook.nafdac.gov.ng/products/details/2871,2026-09-29T10:52:30.242228+00:00
Greenbook NAFDAC,4335,11547,Malanter DS Tablet**,1,Drugs,"{'id': 1, 'name': 'Drugs', 'created_at': '-000001-11-30T00:00:00.000000Z', 'updated_at': '2022-03-17T16:53:12.000000Z', 'deleted_at': None}",528,Artemether; Lumefantrine,,B4-2872,1,Tablet,1,Oral,80 mg; 480 mg,489,Nkoyo Chemists Ltd,2025-08-27,2030-08-26,Active,"Film Coated Tablet.
Yellow coloured, circular, biconvex, film-coated tablets debossed with &quot;MAXHEAL&quot; on one side &amp; breakline on other side",1 x 6&#039;s (in blister),"Each film coated tablet contains: Artemether 80 mg, Lumefantrine 480  mg, Excipients q.s.
Colour: Tartrazine Yellow",https://admin.greenbook.nafdac.gov.ng/uploadImage/smpc_files/2025/10/09/20251009c4329d48-d978-5a62-92af-4ff0fc1a6d2d.pdf,P01BF01,https://greenbook.nafdac.gov.ng/products/details/11547,2026-09-29T10:52:30.242228+00:00
Greenbook NAFDAC,4336,6381,Malarshin DS 40/480 mg Tablets##,1,Drugs,"{'id': 1, 'name': 'Drugs', 'created_at': '-000001-11-30T00:00:00.000000Z', 'updated_at': '2022-03-17T16:53:12.000000Z', 'deleted_at': None}",528,Artemether; Lumefantrine,,A4-100566,1,Tablet,1,Oral,80 mg; 480 mg,1203,Shinfield Pharmaceuticals Limited,2023-10-31,2028-10-30,Active,"Tablet

60	NF-PP-324475	Malarshin DS 40/480mg Tablets	Artemether 80mg &amp; Lumefantrine 480mg	Artemether - - 80 Lumefantrine - - 480 Microcrystalline cellulose - - 1.10 Lactose - - 0.60 Povidone - - 1.00 Isopropyl Alcohol - - 7.0 Ltr Colloidal Anhydrous Silica - - 0.80 Magnesium Stearate - - 3.00 Croscarmellose Sodium - - 2.00 Crospovidone - - 2.00 Purified Talc - - 1.00 Hydroxypropylmethyl Cellulose - - 0.75 Purified Talc - - 0.20 Polyethylene Glycol - 4000 - - 0.28 Titanium Dioxide - - 0.21 Tartrazine Yellow - - 0.06 Isopropyl Alcohol - - 8.0 Ltr Methylene Chloride	A4-100566	Drugs	Imported Products	10*1*6	Over The Counter (OTC)	4/25/2023	SHINFIELD PHARMACEUTICALS LIMITED, 80 Luwaleyinmu Street, Ikeja	33572403	chidi.jonathan@shinfield-pharma.com	UNIZA LIFECARE PRIVATE LIMITED, SR. NO. 919/7, OLD SR. NO 404, KADI-DETROJ ROAD, BALASAR, TAL: KADI, DIST: MEHSANA, GUJARAT-382715, INDIA., India",10 x 1 x 6&#039;s (i blister packs),"Each tablet contains: Artemether 80 mg, Lumefantrine 480 mg
Excipients q.s.",https://admin.greenbook.nafdac.gov.ng/uploadImage/smpc_files/2023/11/10/2023111068fa6d7f-3be0-5b50-bd16-f0f1262f9ba9.pdf,P01BF01,https://greenbook.nafdac.gov.ng/products/details/6381,2026-09-29T10:52:30.242228+00:00
Greenbook NAFDAC,4337,10274,Malarwaip Plus Tablets**,1,Drugs,"{'id': 1, 'name': 'Drugs', 'created_at': '-000001-11-30T00:00:00.000000Z', 'updated_at': '2022-03-17T16:53:12.000000Z', 'deleted_at': None}",528,Artemether; Lumefantrine,,B4-2612,1,Tablet,1,Oral,80 mg; 480 mg,433,Medicrown Nigeria Limited,2021-01-28,2026-01-27,Inactive,Tablet,1 x 6&#039;s (in blister),Each tablet contains: Artemether 80 mg. Lumefantrine 480 mg,,P01BF01,https://greenbook.nafdac.gov.ng/products/details/10274,2026-09-29T10:52:30.242228+00:00
Greenbook NAFDAC,4338,8085,Malbeta Injection**,1,Drugs,"{'id': 1, 'name': 'Drugs', 'created_at': '-000001-11-30T00:00:00.000000Z', 'updated_at': '2022-03-17T16:53:12.000000Z', 'deleted_at': None}",551,α-β Arteether,Alpha Beta Arteether; Alfa Beta Arteether, B4-5327,107,Solution for injection,9,Intramuscular,150 mg/2 mL,1311,Asen Pharmaceutical Limited,2024-06-27,2029-06-26,Active,Oily solution for injection in 2-mL ampoule,2 mL x 3&#039;s (in amber glass ampoules),A-B Arteether 150 mg/2 mL,,P01BE,https://greenbook.nafdac.gov.ng/products/details/8085,2026-09-29T10:52:30.242228+00:00
Greenbook NAFDAC,4339,5861,Maldox 525 Dispersible Tablet## (check smpc),1,Drugs,"{'id': 1, 'name': 'Drugs', 'created_at': '-000001-11-30T00:00:00.000000Z', 'updated_at': '2022-03-17T16:53:12.000000Z', 'deleted_at': None}",547,Sulfadoxine; Pyrimethamine,,A11-100493,13,Dispersible tablet,1,Oral,500 mg; 25 mg,167,Emzor Pharmaceutical Industries Limited,2023-04-26,2028-04-25,Active,"Dispersible Tablet

15	NF-PP-248568	MALDOX 525 DISPERSIBLE TABLET	SULFADOXINE 500MG /PYRIMETHAMINE 25MG	SULFADOXINE 500MG,PYRIMETHAMINE 25MG	A11-100493	Drugs	ANTIPARASITIC PRODUCTS, INSECTICIDES AND REPELLENTS	Nigerian Products	1*3	POM 1	2/2/2022	EMZOR PHARMACEUTICAL INDUSTRIES LIMITED, plot 3c blk aswani market road isolo	14805555	chinelo@emzorpharma.com	EMZOR PHARMACEUTCAL INDUSTRIES LIMITED, Flowergate Mixed Development Scheme,Km 1 Sagamu/Benin Expressway,Sagamu,Ogun State., Nigeria
															
															
															
															
															
															
",1 x 3&#039;s,"Each tablet contains: Sulfadoxine 500 mg, Pyrimethamine 25 mg",https://admin.greenbook.nafdac.gov.ng/uploadImage/smpc_files/2023/09/25/2023092560297d32-76df-5571-96a7-8099f7439347.pdf,P01BD51,https://greenbook.nafdac.gov.ng/products/details/5861,2026-09-29T10:52:30.242228+00:00
Greenbook NAFDAC,4340,12389,Maldox Suspension $,1,Drugs,"{'id': 1, 'name': 'Drugs', 'created_at': '-000001-11-30T00:00:00.000000Z', 'updated_at': '2022-03-17T16:53:12.000000Z', 'deleted_at': None}",547,Sulfadoxine; Pyrimethamine,,04-4345,102,Suspension,1,Oral,500mg; 25mg,167,Emzor Pharmaceutical Industries Limited,2025-08-27,2030-08-26,Active,"MALDOX SUSPENSION	SULPHADOXINE BP 500MG/ PYRIMETHAMINE BP 25MG	SULPHADOXINE, PYRIMETHAMINE	04-4345	Drugs	Nigerian Products	X 15MLS	04-04-2024	EMZOR PHARMACEUTICAL INDUSTRIES LIMITED, plot 3c blk aswani market road isolo	014805555	chinelo@emzorpharma.com	EMZOR PHARMACEUTICAL INDUSTRIES LIMITED, No 10 Kolawole Shonibare Street,Ajao Estate,Lagos.
",1 x 30 mL (in amber glass bottle)  ,"Each 5 mL contains: Sulfadoxine 500 mg, Pyrimethamine 25 mg
Excipients q.s.  

",https://admin.greenbook.nafdac.gov.ng/uploadImage/smpc_files/2026/01/09/2026010900417db2-1795-5013-bdd3-f633ad6daf96.pdf,P01BD51 ,https://greenbook.nafdac.gov.ng/products/details/12389,2026-09-29T10:52:30.242228+00:00
Greenbook NAFDAC,4341,1707,Maldox Tablet##,1,Drugs,"{'id': 1, 'name': 'Drugs', 'created_at': '-000001-11-30T00:00:00.000000Z', 'updated_at': '2022-03-17T16:53:12.000000Z', 'deleted_at': None}",547,Sulfadoxine; Pyrimethamine,,04-2911,1,Tablet,1,Oral,500 mg; 25 mg,167,Emzor Pharmaceutical Industries Limited,2023-05-25,2028-05-24,Active,"Tablet

MALDOX TABLET	SULFADOXINE 500MG/PYRIMETHAMINE 25MG	SULFADOXINE 500MG, PYRIMETHAMINE 25MG	04-2911	Drugs	Nigerian Products	x3	Prescription Only Medicine (POM)	26/09/2022	EMZOR PHARMACEUTICAL INDUSTRIES LIMITED, plot 3c blk aswani market road isolo	14805555	chinelo@emzorpharma.com	EMZOR PHARMACEUTICAL IND. LTD, PLOT 3C,BLOCK A,ASWANI MARKET ROAD,OSHODI/APAPA EXPRESSWAY,LAGOS., Nigeria",1 x 3&#039;s,"Each tablet contains: Sulfadoxine 500 mg, Pyrimethamine 25 mg",https://admin.greenbook.nafdac.gov.ng/uploadImage/smpc_files/2023/09/20/202309200c574392-21f0-5b95-8d69-954d4ad94ab5.pdf,P01BD51,https://greenbook.nafdac.gov.ng/products/details/1707,2026-09-29T10:52:30.242228+00:00
Greenbook NAFDAC,4342,12237,Maldox Tablets_,1,Drugs,"{'id': 1, 'name': 'Drugs', 'created_at': '-000001-11-30T00:00:00.000000Z', 'updated_at': '2022-03-17T16:53:12.000000Z', 'deleted_at': None}",547,Sulfadoxine; Pyrimethamine,,04-2911,1,Tablet,1,Oral,500 mg; 25 mg,167,Emzor Pharmaceutical Industries Limited,2025-10-29,2030-10-28,Active,"Tablet.
White, round tablets, debossed with &quot;SP&quot; on both sides and score line on one side. The tablet can be divided into equal doses","1 x 500&#039;s, 1 x 100&#039;s (in jar); 3 x 50&#039;s, 1 x 3&#039;s, 3 x 10&#039;s (in PVC-Alu blisters)","Each tablet contains: Sulfadoxine 500 mg and Pyrimethamine 25 mg

Excipients with known effect (per tablet): Lactose Monohydrate 20 mg

Excipients q.s.",https://admin.greenbook.nafdac.gov.ng/uploadImage/smpc_files/2025/12/02/202512028e7467f2-aba2-56a2-b619-787f603b6dee.pdf,P01BD51,https://greenbook.nafdac.gov.ng/products/details/12237,2026-09-29T10:52:30.242228+00:00
Greenbook NAFDAC,4343,5196,Malether Plus 20/120 Tablets##,1,Drugs,"{'id': 1, 'name': 'Drugs', 'created_at': '-000001-11-30T00:00:00.000000Z', 'updated_at': '2022-03-17T16:53:12.000000Z', 'deleted_at': None}",528,Artemether; Lumefantrine,,B4-7667,1,Tablet,1,Oral,20 mg; 120 mg,179,Geneith Pharmaceuticals Limited,2023-07-06,2028-07-05,Active,"Tablet
Yellow, rounded tablet

31	RNW-PP-280388	MALETHER PLUS 20/120 TABLETS	ARTEMETHER 20MG + LUMEFANTRINE 120MG	ARTEMETHER 20MG + LUMEFANTRINE 120MG EXCIPIENTS: SILICON DIOXIDE USP 2MG, CROSCARMELLOSE SODIUM USP 2MG, MAGNESIUM STEARATE USP 2MG, MICROCRYSTALLINE CELLULOSE USP 74MG, POLYSORBATE 80 0.3MG, 9% HPMC 75% ETHANOL 7.5MG, CROSCARMELLOUS SODIUM USP 2.2%, SILICON DIOXIDE USP 1.8%, MAGNESIUM STEARATE 2.6%, CARBOXYMETHYL STARCH SODIUM 2.0%, HPMC USP 0.984MG, ETHANOL (95%) BP 29.680MG	B4-7667	Drugs	Imported Products	1X24	Over The Counter (OTC)	9/20/2022	GENEITH PHARMACEUTICALS LIMITED, ADEWALE CRESCENT, OFF EWENLA STREET, OSHODI ISOLO LAGOS	8122912281	ngouzoamaka@yahoo.com	Front Pharmaceuticals Plc, Economic and Technical Development Zone, Xuancheng, Anhui, China., China ",1 x 24&#039;s (in PVC-Alu blister),"Each tablet contains: Artemether 20 mg, Lumefantrine 120 mg
Excipients q.s.",https://admin.greenbook.nafdac.gov.ng/uploadImage/smpc_files/2023/08/24/20230824eda03e78-7fac-59c4-b40b-63163f49a439.pdf,P01BF01,https://greenbook.nafdac.gov.ng/products/details/5196,2026-09-29T10:52:30.242228+00:00
Greenbook NAFDAC,4344,5197,Malether Plus 80/480 Tablets## (wrong smpc),1,Drugs,"{'id': 1, 'name': 'Drugs', 'created_at': '-000001-11-30T00:00:00.000000Z', 'updated_at': '2022-03-17T16:53:12.000000Z', 'deleted_at': None}",528,Artemether; Lumefantrine,,B4-7668,1,Tablet,1,Oral,80 mg; 480 mg,179,Geneith Pharmaceuticals Limited,2023-07-06,2028-07-05,Active,"Tablet
Yellow, rounded tablet

32	RNW-PP-280362	MALETHER PLUS 80/480 TABLETS	ARTEMETHER 80MG + LUMEFANTRINE 480MG	ARTEMETHER 80MG + LUMEFANTRINE 480MG EXCIPIENTS Q.S	B4-7668	Drugs	Imported Products	1X6	Over The Counter (OTC)	9/20/2022	GENEITH PHARMACEUTICALS LIMITED, ADEWALE CRESCENT, OFF EWENLA STREET, OSHODI ISOLO LAGOS	8122912281	ngouzoamaka@yahoo.com	Front Pharmaceuticals Plc, Economic and Technical Development Zone, Xuancheng, Anhui, China., China",1 x 6&#039;s (in PVC-Alu blister),"Each tablet contains: Artemether 20 mg, Lumefantrine 120 mg
Excipients q.s.",https://admin.greenbook.nafdac.gov.ng/uploadImage/smpc_files/2023/08/24/20230824f404f844-2c19-55ad-99f1-852a9a4d014c.pdf,P01BF01,https://greenbook.nafdac.gov.ng/products/details/5197,2026-09-29T10:52:30.242228+00:00
Greenbook NAFDAC,4345,10064,Malmentin Injection BP 1.2 g##,1,Drugs,"{'id': 1, 'name': 'Drugs', 'created_at': '-000001-11-30T00:00:00.000000Z', 'updated_at': '2022-03-17T16:53:12.000000Z', 'deleted_at': None}",1545,Amoxicillin (Amoxicillin Sodium); Clavulanic Acid (Potassium Clavulanate),,A4-101163,40,Injection,12,Intravenous,1000 mg; 200 mg,218,Malven Medics International Company Ltd,2025-01-30,2030-01-29,Active,"Powder for Injection

NF-PP-390592	MALMENTIN INJECTION BP 1.2GM	CO-AMOXICLAV FOR INJECTION BP 1.2GM, CLAVULANIC ACID 200MG, AMOXICILLIN 1GM	CO-AMOXICLAV FOR INJECTION BP 1.2 GM AND ONE AMPOULES STERILISED WATER FOR INJECTIONS BP 10 ML		Drugs	Imported Products	1X10	Prescription Only Medicine (POM)	11/20/2023	MALVEN MEDICS INTERNATIONAL COMPANY LTD, WILMER STREET, ILUPEJU ILUPEJU LAGOS	8037205003	malvenmedics@yahoo.com	SWISS PARENTALS LIMITED, PLOT NO: 808,809 &amp; 810 KERALA IN-INDUSTRIAL ESTATE, G.I.D.C, NEAR BAVLA, DISTRICT AHMEDABAD- 382220, GUJARAT, INDIA, India
													
													
													
													
													
													",1 x 1&#039;s (in vials) + 10 mL sterilised WFI (in ampoules),"Each vial contains: Amoxicillin 1000 mg, Clavulanic Acid 200 mg",https://admin.greenbook.nafdac.gov.ng/uploadImage/smpc_files/2025/05/11/20250511afb5ae7c-2f1d-5d71-bc4e-dc14bbefc04e.pdf,J01CR02,https://greenbook.nafdac.gov.ng/products/details/10064,2026-09-29T10:52:30.242228+00:00
Greenbook NAFDAC,4346,11792,Malmentin Injection BP_,1,Drugs,"{'id': 1, 'name': 'Drugs', 'created_at': '-000001-11-30T00:00:00.000000Z', 'updated_at': '2022-03-17T16:53:12.000000Z', 'deleted_at': None}",423,Amoxicillin (Amoxicillin Trihydrate); Clavulanic Acid (Potassium Clavulanate),,A4-101163,40,Injection,29,Intravenous; Intramuscular,1000 mg; 200 mg,218,Malven Medics International Company Ltd,2025-01-30,2030-01-29,Active,Powder for Injection,"1 x 20 mL (in glass vial), + 10 mL Water for Injection","Each vial contains: Sterile Amoxicillin Sodium BP equiv. to Amoxicillin 1000 mg, Sterile Potassium Clavulanate BP equiv. to Clavulanic Acid BP 200 mg
Excipients q.s.",https://admin.greenbook.nafdac.gov.ng/uploadImage/smpc_files/2025/05/27/2025052758a18845-0db9-582a-82c9-aed818540ba5.pdf,J01CR02,https://greenbook.nafdac.gov.ng/products/details/11792,2026-09-29T10:52:30.242228+00:00
Greenbook NAFDAC,4347,3318,Malven Diclofenac Sodium 100 Tablets##,1,Drugs,"{'id': 1, 'name': 'Drugs', 'created_at': '-000001-11-30T00:00:00.000000Z', 'updated_at': '2022-03-17T16:53:12.000000Z', 'deleted_at': None}",77,Diclofenac Sodium,,C4-1479,1,Tablet,1,Oral,100 mg,218,Malven Medics International Company Ltd,2020-12-21,2025-12-20,Inactive,Tablet,,Each tablet contains: Diclofenac Sodium 100 mg,,M01AB05,https://greenbook.nafdac.gov.ng/products/details/3318,2026-09-29T10:52:30.242228+00:00
Greenbook NAFDAC,4348,3345,Malven Loratadine 10 Tablet##,1,Drugs,"{'id': 1, 'name': 'Drugs', 'created_at': '-000001-11-30T00:00:00.000000Z', 'updated_at': '2022-03-17T16:53:12.000000Z', 'deleted_at': None}",419,Loratadine,,C4-1392,1,Tablet,1,Oral,10 mg,218,Malven Medics International Company Ltd,2020-12-21,2025-12-20,Inactive,Tablet,,Each tablet contains: Loratadine 10 mg,,R06AX13,https://greenbook.nafdac.gov.ng/products/details/3345,2026-09-29T10:52:30.242228+00:00
Greenbook NAFDAC,4349,5198,Malven Vancomycin Hydrochloride Injection##,1,Drugs,"{'id': 1, 'name': 'Drugs', 'created_at': '-000001-11-30T00:00:00.000000Z', 'updated_at': '2022-03-17T16:53:12.000000Z', 'deleted_at': None}",496,Vancomycin (Vancomycin Hydrochloride),,C4-1979,40,Injection,12,Intravenous,1 g,218,Malven Medics International Company Ltd,2022-05-26,2027-05-25,Active,"Injection

Malven Vancomycin Hydrochloride Injection	C4-1979	Malven	VANCOMYCIN HYDROCHLORIDE 	PRESCRIPTION ONLY MEDICINE	ANTIBIOTIC	VANCOMYCIN HYDROCHLORIDE EQ. TO VANCOMYCIN 1G	INJECTION	1 X 1 VIAL + 20ML SWFI		TREATMENT OF INFECTIONS CAUSED BY SUSCEPTIBLE ORGANISMS	MALVEN MEDICS INTERNATIONAL LIMITED	NIGERIA	PHARMAX INDIA PVT LTD. 	INDIA	05/26/2022	05/25/2027
",1 x 1 vial + 20 mL sterile water for injection,Malven Vancomycin Hydrochloride Injection contains: Vanomycin (as Vanomycin Hyrdochloride) 1 g,,J01XA01,https://greenbook.nafdac.gov.ng/products/details/5198,2026-09-29T10:52:30.242228+00:00
Greenbook NAFDAC,4350,2872,Malviq 20/120 Tablets##,1,Drugs,"{'id': 1, 'name': 'Drugs', 'created_at': '-000001-11-30T00:00:00.000000Z', 'updated_at': '2022-03-17T16:53:12.000000Z', 'deleted_at': None}",528,Artemether; Lumefantrine,,C4-1409,1,Tablet,1,Oral,20 mg; 120 mg,579,Aions Pharmaceutical Limited,2020-12-21,2025-12-20,Inactive,Tablet,,"Each tablet contains: Artemether 20 mg, Lumefantrine 120 mg",,P01BF01,https://greenbook.nafdac.gov.ng/products/details/2872,2026-09-29T10:52:30.242228+00:00
Greenbook NAFDAC,4351,7513,Malwood Tablets**,1,Drugs,"{'id': 1, 'name': 'Drugs', 'created_at': '-000001-11-30T00:00:00.000000Z', 'updated_at': '2022-03-17T16:53:12.000000Z', 'deleted_at': None}",528,Artemether; Lumefantrine,,A4-100830,1,Tablet,1,Oral,80 mg; 480 mg,1296,Halewood Laboratories Pvt Ltd,2024-04-30,2029-05-01,Active,Uncoated Tablet,1 x 6&#039;s (in Alu/PVC blister),"Artemether and Lumefantrine Tablets 80/480 mg.
Each uncoated tablet contains: Artemether 80 mg, Lumefantrine 480 mg, Excipients q.s.",https://admin.greenbook.nafdac.gov.ng/uploadImage/smpc_files/2024/05/17/202405179aaaaf6f-b229-56d8-bd1f-53132bfaae30.pdf,P01BF01,https://greenbook.nafdac.gov.ng/products/details/7513,2026-09-29T10:52:30.242228+00:00
Greenbook NAFDAC,4352,10275,Man G Tablet##,1,Drugs,"{'id': 1, 'name': 'Drugs', 'created_at': '-000001-11-30T00:00:00.000000Z', 'updated_at': '2022-03-17T16:53:12.000000Z', 'deleted_at': None}",703,Sildenafil (Sildenafil Citrate),,B4-1257,1,Tablet,1,Oral,100 mg,165,Elbe Pharma Nigeria Limited,2021-05-27,2026-05-26,Inactive,Tablet,1 x 4&#039;s (in blisters),"Each film coated tablet contains: Sildenafil Citrate BP equivalent to Sildenafil Base 100 mg
Excipients q.s.
Color: Brilliant Blue FCF",https://admin.greenbook.nafdac.gov.ng/uploadImage/smpc_files/2024/09/12/20240912db32d59b-5a39-5521-bf72-40498f5a035f.pdf,G04BE03,https://greenbook.nafdac.gov.ng/products/details/10275,2026-09-29T10:52:30.242228+00:00
Greenbook NAFDAC,4353,11351,Manfes Vitamin K Tablets_,1,Drugs,"{'id': 1, 'name': 'Drugs', 'created_at': '-000001-11-30T00:00:00.000000Z', 'updated_at': '2022-03-17T16:53:12.000000Z', 'deleted_at': None}",2028,Vitamin K3 (as Menadione Bisulfate),,A4-6541,1,Tablet,1,Oral,10 mg,423,Manfes Pharmaceutical Company Limited,2021-09-28,2026-09-27,Inactive,Tablet,1 x 100&#039;s,Vitamin K3 (As Menadione Bisulfate) 10 mg,,B02BA,https://greenbook.nafdac.gov.ng/products/details/11351,2026-09-29T10:52:30.242228+00:00
Greenbook NAFDAC,4354,6548,Mantra Drops##,1,Drugs,"{'id': 1, 'name': 'Drugs', 'created_at': '-000001-11-30T00:00:00.000000Z', 'updated_at': '2022-03-17T16:53:12.000000Z', 'deleted_at': None}",1529,Paracetamol,Acetaminophen,A4-2051,60,Drops,1,Oral,100 mg/mL,201,Jawa International Limited,2023-11-30,2028-11-29,Active,"Oral Solution
A pink colored syrup with a pleasant taste

MANTRA DROPS	PARACETAMOL	Paracetamol Bp 100mg, glycerine, propylene glycol, citiric acid, methyl paraben, propyl paraben	A4-2051	Drugs	NERVOUS SYSTEM	Nigerian Products	15ML	OTC	31/08/2023	JAWA INTERNATIONAL LIMITED, Plot 6, Abimbola Way, Isolo Industrial Estate	8036887062	spjawasil@gmail.com	JAWA INTERNATIONAL LIMITED, JAWA HOUSE, PLOT 6 ABIMBOLA WAY,ISOLO INDUSTRIAL ESTATE,ISOLO,LAGOS., JAWA INTERNATIONAL LIMITED, JAWA HOUSE, PLOT 6 ABIMBOLA WAY,ISOLO INDUSTRIAL ESTATE,ISOLO,LAGOS., Nigeria",1 x 15 mL (in amber glass bottle),"Each mL contains: Paracetamol BP 100 mg
Excipients q.s.",https://admin.greenbook.nafdac.gov.ng/uploadImage/smpc_files/2023/12/17/202312175e90e170-d291-5f65-bf4a-62de2c996dec.pdf,N02BE01,https://greenbook.nafdac.gov.ng/products/details/6548,2026-09-29T10:52:30.242228+00:00
Greenbook NAFDAC,4355,5199,Maopin Tablets##,1,Drugs,"{'id': 1, 'name': 'Drugs', 'created_at': '-000001-11-30T00:00:00.000000Z', 'updated_at': '2022-03-17T16:53:12.000000Z', 'deleted_at': None}",25,Carbamazepine,,A4-9213,1,Tablet,1,Oral,200 mg,881,Pharmexco Pharmaceuticals Limited,2023-07-27,2028-07-26,Active,"Tablet
The tablets are white, round, flat, uncoated tablets with beveled edges, having one side impressed “C200”, the other side, plain

58	CMS-PP-248893	MAOPIN TABLETS 200MG	CARBAMAZEPINE BP 200MG	ACTIVE: Carbamazepine BP 200mg LIST OF EXCIPIENTS Microcrystalline cellulose, Sodium Starch Glycolate (Type A), Sodium Lauryl sulphate, Povidone (K-30), Magnesium Stearate	A4-9213	Drugs	Imported Products	1*1000	Prescription Only Medicine (POM)	1/28/2022	PHARMEXCO PHARMACEUTICALS LIMITED, 43, PRINCE FADINA STREET, OLODI LAGOS LAGOS	8186752515	stamexco@gmail.com	CE-CHEM PHARMACEUTICALS PVT. LTD, No 336, IV PHASE, 9TH CROSS, PEENYA INDUSTRIAL AREA, BANGALORE-560 058, INDIA, India",1 x 1000&#039;s (in a jar),"Each tablet contains: Carbamazepine BP 200 mg
Excipients q.s.",https://admin.greenbook.nafdac.gov.ng/uploadImage/smpc_files/2023/08/27/2023082745f744f1-172c-52ad-b7b9-37b8e22997b3.pdf,N03AF01,https://greenbook.nafdac.gov.ng/products/details/5199,2026-09-29T10:52:30.242228+00:00
Greenbook NAFDAC,4356,7042,Marc-Blast Lyophilized Powder**,1,Drugs,"{'id': 1, 'name': 'Drugs', 'created_at': '-000001-11-30T00:00:00.000000Z', 'updated_at': '2022-03-17T16:53:12.000000Z', 'deleted_at': None}",2242,Trafermin,Recombinant human basic fibroblast growth factor (Rh-bFGF),A6-100130,111,Powder,21,Topical,7000 IU/Vial,417,Marcson Healthcare Limited,2023-11-05,2028-10-30,Active,Lyophilized Powder,70000 IU x 1&#039;s (in vial),Each vial of lyophilized powder contains: Trafermin or Recombinant human basic fibroblast growth factor (Rh-bFGF) 70000 IU,,D03AX15,https://greenbook.nafdac.gov.ng/products/details/7042,2026-09-29T10:52:30.242228+00:00
Greenbook NAFDAC,4357,7514,Marc-Olivia Artemether 80 mg and Lumefantrine 480 mg Tablet**,1,Drugs,"{'id': 1, 'name': 'Drugs', 'created_at': '-000001-11-30T00:00:00.000000Z', 'updated_at': '2022-03-17T16:53:12.000000Z', 'deleted_at': None}",528,Artemether; Lumefantrine,,B4-5883,1,Tablet,1,Oral,80 mg; 480 mg,335,Marc-Olivia Healthcare Ltd,2024-03-27,2029-03-26,Active,Tablet,1 x 6&#039;s,Artemether 80 mg and Lumefantrine 480 mg Tablet,,P01BF01,https://greenbook.nafdac.gov.ng/products/details/7514,2026-09-29T10:52:30.242228+00:00
Greenbook NAFDAC,4358,7484,Marc-Olivia Ciprofloxacin 500 mg Tablet##,1,Drugs,"{'id': 1, 'name': 'Drugs', 'created_at': '-000001-11-30T00:00:00.000000Z', 'updated_at': '2022-03-17T16:53:12.000000Z', 'deleted_at': None}",752,Ciprofloxacin,,B4-5881,1,Tablet,1,Oral,500 mg,335,Marc-Olivia Healthcare Ltd,2024-03-27,2029-03-26,Active,"Tablet

78	RNW-PP-141824	MARC-OLIVIA CIPROFLOXACIN 500MG TABLET	CIPROFLOXACINUSP 500MG	CIPROFLOXACIN 500MG, MAGNESIUM STEARATE, CORN STARCH, CROSCARMELLOSE SODIUM	B4-5881	Drugs	Imported Products	1X10	Prescription Only Medicine (POM)	4/19/2021	MARC-OLIVIA HEALTHCARE LTD, 143/145 BROAD STREET LAGOS LAGOS	KESAR PHARMA PVT.LTD., PLOT NO. 50-P/2, AT BILESHWARPURA , CHHATRAL, TAL-KALOL DIST. GANDHINAGAR-382729, GUJARAT STATE, INDIA, India",1 x 10&#039;s,"Each tablet contains: Ciprofloxacin USP 500 mg
Excipients q.s.",,J01MA02,https://greenbook.nafdac.gov.ng/products/details/7484,2026-09-29T10:52:30.242228+00:00
Greenbook NAFDAC,4359,10774,Marcat 80/480 Tablet##,1,Drugs,"{'id': 1, 'name': 'Drugs', 'created_at': '-000001-11-30T00:00:00.000000Z', 'updated_at': '2022-03-17T16:53:12.000000Z', 'deleted_at': None}",528,Artemether; Lumefantrine,,A11-100809,1,Tablet,1,Oral,80 mg; 480 mg,417,Marcson Healthcare Limited,2025-01-30,2030-01-29,Active,"Tablet

NF-PP-453814	MARCAT 80/480 TABLET	ARTEMETHER 80MG/ LUMEFANTRINE 480MG	ARTHEMETHER 80MG/ LUMEFANTRINE 480MG List of excipients List of Excipients: Micro crystalline cellulose powder 101 Cross Carmellos Sodium Iso Propyl Alcohol Polysorbate 80 Aerosil Cross Carmellos Sodium Magnesium Stearate HPMC		Drugs	VARIOUS	Nigerian Products	1X6	POM 1	10/24/2024	MARCSON HEALTHCARE LIMITED, 9 ISAWO ROAD AGRIC BUSTOP	8032973738	marcsoncare@gmail.com	SAGAR VITACEUTICALS NIGERIA LIMITED. , Plot 2, LadipoOluwole Street, Off Oba-Akran Avenue, Ikeja. Lagos, Nigeri, Nigeria
														
														
														
														
														
														",1 x 6&#039;s (in blisters),"Each tablet contains: Artemether 80 mg, Lumefantrine 480 mg
Excipients q.s.
Color: Quinine Yellow",https://admin.greenbook.nafdac.gov.ng/uploadImage/smpc_files/2025/05/27/20250527688fdc63-4924-5f27-9db5-e55e0627be4a.pdf,P01BF01,https://greenbook.nafdac.gov.ng/products/details/10774,2026-09-29T10:52:30.242228+00:00
Greenbook NAFDAC,4360,8965,Marcfix 325 Tablets**,1,Drugs,"{'id': 1, 'name': 'Drugs', 'created_at': '-000001-11-30T00:00:00.000000Z', 'updated_at': '2022-03-17T16:53:12.000000Z', 'deleted_at': None}",442,Cefixime; Clavulanic Acid (Clavulanate Potassium),,B4-2215,1,Tablet,1,Oral,200 mg; 125 mg,417,Marcson Healthcare Limited,2021-02-25,2026-02-24,Inactive,Tablet,1 x 10&#039;s (in blister),Each tablet contains: Cefixime 200 mg and Clavulanic acid 125 mg,,J01DD58,https://greenbook.nafdac.gov.ng/products/details/8965,2026-09-29T10:52:30.242228+00:00
Greenbook NAFDAC,4361,8966,Marcfix Powder for Oral Suspension**,1,Drugs,"{'id': 1, 'name': 'Drugs', 'created_at': '-000001-11-30T00:00:00.000000Z', 'updated_at': '2022-03-17T16:53:12.000000Z', 'deleted_at': None}",442,Cefixime; Clavulanic Acid (Clavulanate Potassium),,B4-3825,72,Powder for suspension,1,Oral,50 mg/5 mL; 31.25 mg/5 mL,417,Marcson Healthcare Limited,2021-02-25,2026-02-24,Inactive,Powder for Oral Suspension,60 mL,Each 5 mL reconstituted suspension contains: Cefixime 50 mg and Clavulanic acid 31.25 mg,,J01DD58,https://greenbook.nafdac.gov.ng/products/details/8966,2026-09-29T10:52:30.242228+00:00
Greenbook NAFDAC,4362,8891,Marcnol 5/2.5 Tablets**,1,Drugs,"{'id': 1, 'name': 'Drugs', 'created_at': '-000001-11-30T00:00:00.000000Z', 'updated_at': '2022-03-17T16:53:12.000000Z', 'deleted_at': None}",278,Amlodipine (Amlodipine Besilate); Ramipril,,A4-7367,1,Tablet,1,Oral,5 mg; 2.5 mg,417,Marcson Healthcare Limited,2021-10-28,2026-10-27,Active,Tablet,3 x 10&#039;s (in blisters),"Each tablet contains: Amlodipine 5 mg, Ramipril 2.5 mg",,C09BB07,https://greenbook.nafdac.gov.ng/products/details/8891,2026-09-29T10:52:30.242228+00:00
Greenbook NAFDAC,4363,741,Marcnol-10/5 Tablet##,1,Drugs,"{'id': 1, 'name': 'Drugs', 'created_at': '-000001-11-30T00:00:00.000000Z', 'updated_at': '2022-03-17T16:53:12.000000Z', 'deleted_at': None}",278,Amlodipine (Amlodipine Besilate); Ramipril,,B4-5252,1,Tablet,1,Oral,10 mg; 5 mg,417,Marcson Healthcare Limited,2021-10-28,2026-10-27,Active,Tablet,,"Each tablet contains: Amlodipine (as Amlodipine Besilate) 10 mg, Ramipril 5 mg",,C09BB07,https://greenbook.nafdac.gov.ng/products/details/741,2026-09-29T10:52:30.242228+00:00
Greenbook NAFDAC,4364,7378,Marcprofen Tablets## (check smpc),1,Drugs,"{'id': 1, 'name': 'Drugs', 'created_at': '-000001-11-30T00:00:00.000000Z', 'updated_at': '2022-03-17T16:53:12.000000Z', 'deleted_at': None}",57,Ibuprofen,,B4-6410,1,Tablet,1,Oral,400 mg,335,Marc-Olivia Healthcare Ltd,2024-03-27,2029-03-26,Active,"Film Coated Tablet

79	RNW-PP-201736	MARCPROFEN TABLETS	IBUPROFEN BP 400MG	IBUPROFEN 400MG, CORN STARCH, MAGNESIUM STEARATE	B4-6410	Drugs	Imported Products	1X10	Prescription Only Medicine (POM)	4/19/2021	MARC-OLIVIA HEALTHCARE LTD, 143/145 BROAD STREET LAGOS LAGOS	KESAR PHARMA PRIVATE LIMITED , PLOT N0. 50-P/2, AT; BILESHWARPURA, PO.CHHATRAL, TAL; KALOL, DIST; GANDHINAGAR, GUJARAT, INDIA., India",1 x 10&#039;s,"Each tablet contains: Ibuprofen BP 400 mg
Excipients q.s.
Color: Erythrosine",https://admin.greenbook.nafdac.gov.ng/uploadImage/smpc_files/2024/11/28/20241128709fa627-4f2f-5320-8ddd-4e09731bf2ab.pdf,M01AE01,https://greenbook.nafdac.gov.ng/products/details/7378,2026-09-29T10:52:30.242228+00:00
Greenbook NAFDAC,4365,3703,Marcther Injection**,1,Drugs,"{'id': 1, 'name': 'Drugs', 'created_at': '-000001-11-30T00:00:00.000000Z', 'updated_at': '2022-03-17T16:53:12.000000Z', 'deleted_at': None}",551,α-β Arteether,Alpha Beta Arteether; Alfa Beta Arteether,C4-1255,107,Solution for injection,9,Intramuscular,150 mg/2 mL,417,Marcson Healthcare Limited,2020-11-10,2025-11-09,Inactive,Oily solution for injection in 2-mL ampoule,,,,P01BE,https://greenbook.nafdac.gov.ng/products/details/3703,2026-09-29T10:52:30.242228+00:00
Greenbook NAFDAC,4366,8997,Mariprist Tablet**,1,Drugs,"{'id': 1, 'name': 'Drugs', 'created_at': '-000001-11-30T00:00:00.000000Z', 'updated_at': '2022-03-17T16:53:12.000000Z', 'deleted_at': None}",667,Mifepristone; Misoprostol,,B4-6871,131,Combipack,1,Oral,200 mg; 200 mcg,1327,MSI Nigeria Reproductive Choices Ltd/Gte,2024-07-31,2029-07-30,Active,"Mifepristone Tablet: Light yellow coloured, round-shaped, uncoated tablets with break line on one side and plain on other side.
Misoprostol Tablet: White to off-white, caplet-shaped, uncoated tablets, plain on both sides

MARIPRIST is available as:
Mono Carton: 1 Combipack of 1 tablet of Mifepristone + 4 tablets of Misoprostol in Alu-Alu pack.
Outer Carton: 10 Combipacks of 1 tablet of Mifepristone + 4 tablets of Misoprostol",1 x 10&#039;s (Combipack of 1 tablet of Mifepristone + 4 tablets of Misoprostol) (in Alu-Alu blisters),"Combipack of Mifepristone Tablets 200 mg and Misoprostol Tablets 200 mcg.
Each Combipack contains: 1 Tablet of Mifepristone (A) and 4 Tablets of Misoprostol (B)
A) Each uncoated tablet contains: Mifepristone IH 200 mg
B) Each uncoated tablet contains: Misoprostol IH 200 mcg",https://admin.greenbook.nafdac.gov.ng/uploadImage/smpc_files/2024/09/16/20240916973d9101-ed36-5c6a-9ee7-3e8afb08710b.pdf,G03XB51,https://greenbook.nafdac.gov.ng/products/details/8997,2026-09-29T10:52:30.242228+00:00
Greenbook NAFDAC,4367,5203,Marley Ceftriaxone Injection 1 g## (check pack size),1,Drugs,"{'id': 1, 'name': 'Drugs', 'created_at': '-000001-11-30T00:00:00.000000Z', 'updated_at': '2022-03-17T16:53:12.000000Z', 'deleted_at': None}",1541,Ceftriaxone (Ceftriaxone Sodium),,B4-7630,70,Powder for injection,29,Intravenous; Intramuscular,1 g,689,MarleyShree Pharmaceutical Company Nigeria Limited,2023-01-26,2028-01-25,Active,"Powder for Solution for Injection or Infusion
White to pale yellow crystalline powder

MARLEY CEFTRIAXONE INJECTION 1G	B4-7630	MARLEY CEFTRIAXONE INJECTION 1G	EACH VIAL CONTAINS CEFTRIAXONE SODIUM 1G WITH 5ML AMPOULE OF LIDOCAINE HYDROCHLORIDE				Injection	Prescription Only Medicine (POM)		MARLEYSHREE PHARMACEUTICAL COMPANY NIGERIA LIMITED, , ZUNGERU ROAD, SABON GARI. KANO KANO	Nigeria	HUNAN KELUN PHARMACEUTICAL CO., LTD , KANGWANG INDUSTRIAL PACK. YUEYANG ECONOMIC AND TECHNOLOGICAL DEVELOPMENT ZONE, HUNAN PROVINCE, P.R. CHINA., China		26/01/2023	25/01/2028",1 x 1 vial,"Marley Ceftriaxone Injection 1 g contains: Ceftriaxone (as Ceftriaxone Sodium) 1 g
Excipient(s) with known effect (per gram) contains: Approximately Sodium 82 mg (3.6 mmol)
Excipients q.s.",https://admin.greenbook.nafdac.gov.ng/uploadImage/smpc_files/2024/10/17/20241017e1e36a44-3b6e-562c-8bdd-d05debf1628b.pdf,J01DD04,https://greenbook.nafdac.gov.ng/products/details/5203,2026-09-29T10:52:30.242228+00:00
Greenbook NAFDAC,4368,5204,Marley Dexamethasone Injection##,1,Drugs,"{'id': 1, 'name': 'Drugs', 'created_at': '-000001-11-30T00:00:00.000000Z', 'updated_at': '2022-03-17T16:53:12.000000Z', 'deleted_at': None}",770,Dexamethasone,,B4-8513,40,Injection,29,Intravenous; Intramuscular,4 mg/mL,689,MarleyShree Pharmaceutical Company Nigeria Limited,2023-07-27,2028-07-26,Active,"Solution for Injection

53	RNW-PP-310719	MARLEY DEXAMETHASONE INJECTION	DEXAMETHASONE 4MG/ML.	EACH 1ML AMPOULE CONTAINS DEXAMETHASONE 4MG EXCIPIENTS propylene glycol	B4-8513	Drugs	Imported Products	1MLX10AMP	Prescription Only Medicine (POM)	4/5/2023	MARLEYSHREE PHARMACEUTICAL COMPANY NIGERIA LIMITED, 83 ZUNGERU RD NOMANSLAND	8063803298	stevemarley2019@yahoo.com	TIANJIN KINGYORK GROUP HUBEI TIANYAO PHARMACEUTICAL CO., LTD, NO. 99, Hanjiang Bel ,Xiangyang, Hubei, China., China",10 x 1 mL ampoules,"Each one mL contains: Dexamethasone Phosphate 4 mg
Excipients q.s.",https://admin.greenbook.nafdac.gov.ng/uploadImage/smpc_files/2023/08/27/202308272af0774f-c70a-5c6c-88a8-3c15a96e58e7.pdf,H02AB02,https://greenbook.nafdac.gov.ng/products/details/5204,2026-09-29T10:52:30.242228+00:00
Greenbook NAFDAC,4369,10326,Marley Diclofenac Sodium Caplets##,1,Drugs,"{'id': 1, 'name': 'Drugs', 'created_at': '-000001-11-30T00:00:00.000000Z', 'updated_at': '2022-03-17T16:53:12.000000Z', 'deleted_at': None}",77,Diclofenac Sodium,,B4-5483,108,Caplet,1,Oral,50 mg,689,MarleyShree Pharmaceutical Company Nigeria Limited,2021-01-28,2026-01-28,Inactive,Caplet,1 x 10&#039;s,Each caplet contains: Diclofenac Sodium BP 50 mg,,M01AB05,https://greenbook.nafdac.gov.ng/products/details/10326,2026-09-29T10:52:30.242228+00:00
Greenbook NAFDAC,4370,11639,Marley Lisinopril 10 mg Tablets_,1,Drugs,"{'id': 1, 'name': 'Drugs', 'created_at': '-000001-11-30T00:00:00.000000Z', 'updated_at': '2022-03-17T16:53:12.000000Z', 'deleted_at': None}",243,Nebivolol,,B4-8828,1,Tablet,1,Oral,10 mg,689,MarleyShree Pharmaceutical Company Nigeria Limited,2025-05-27,2030-05-26,Active,Tablets,2 x 14&#039;s (in Alu-PVC blisters),"Each tablet contains: Lisinopril 10 mg
Excipients q.s.",https://admin.greenbook.nafdac.gov.ng/uploadImage/smpc_files/2025/07/02/20250702c783c4c3-dca3-56a8-9485-746ad165b0eb.pdf,C09AA03,https://greenbook.nafdac.gov.ng/products/details/11639,2026-09-29T10:52:30.242228+00:00
Greenbook NAFDAC,4371,11640,Marley Lisinopril 5 mg Tablets_,1,Drugs,"{'id': 1, 'name': 'Drugs', 'created_at': '-000001-11-30T00:00:00.000000Z', 'updated_at': '2022-03-17T16:53:12.000000Z', 'deleted_at': None}",250,Lisinopril,,B4-8829,1,Tablet,1,Oral,5 mg,689,MarleyShree Pharmaceutical Company Nigeria Limited,2025-07-30,2030-07-29,Active,Tablet,2 x 14&#039;s (in Alu-PVC blisters),"Each tablet contains: Lisinopril USP 5 mg
Excipients q.s.",https://admin.greenbook.nafdac.gov.ng/uploadImage/smpc_files/2025/09/04/2025090448106fbb-e085-566b-915c-c401dc30a14c.pdf,C09AA03,https://greenbook.nafdac.gov.ng/products/details/11640,2026-09-29T10:52:30.242228+00:00
Greenbook NAFDAC,4372,11641,Marley Ofloxacin Tablets_,1,Drugs,"{'id': 1, 'name': 'Drugs', 'created_at': '-000001-11-30T00:00:00.000000Z', 'updated_at': '2022-03-17T16:53:12.000000Z', 'deleted_at': None}",761,Ofloxacin,,B4-7130,1,Tablet,1,Oral,200 mg,689,MarleyShree Pharmaceutical Company Nigeria Limited,2025-05-27,2030-05-26,Active,"Oral tablets.
White, caplet-shaped, film-coated tablets, de-bossed “SMILE” logo on one side and break line on other side",1 x 10&#039;s (in Alu-Alu blister),"Each tablet contains: Ofloxacin USP 200 mg
Excipients q.s.",https://admin.greenbook.nafdac.gov.ng/uploadImage/smpc_files/2025/07/02/202507026fbe234b-d263-5ca1-93d3-6e7eeed817dd.pdf,J01MA01,https://greenbook.nafdac.gov.ng/products/details/11641,2026-09-29T10:52:30.242228+00:00
Greenbook NAFDAC,4373,3125,Marley Paracetamol Injection##,1,Drugs,"{'id': 1, 'name': 'Drugs', 'created_at': '-000001-11-30T00:00:00.000000Z', 'updated_at': '2022-03-17T16:53:12.000000Z', 'deleted_at': None}",1529,Paracetamol,Acetaminophen,C4-1496,107,Solution for injection,29,Intravenous; Intramuscular,300 mg/2 mL,689,MarleyShree Pharmaceutical Company Nigeria Limited,2020-12-21,2025-12-20,Inactive,"Solution for Injection
",1 x 2 mL ampoule,Each mL contains: Paracetamol 150 mg (300 mg/2 mL),,N02BE01,https://greenbook.nafdac.gov.ng/products/details/3125,2026-09-29T10:52:30.242228+00:00
Greenbook NAFDAC,4374,10766,Marleycid Tablet##,1,Drugs,"{'id': 1, 'name': 'Drugs', 'created_at': '-000001-11-30T00:00:00.000000Z', 'updated_at': '2022-03-17T16:53:12.000000Z', 'deleted_at': None}",2024,Bismuth Carbonate; Sodium Carbonate; Calcium Carbonate; Magnesium Carbonate,,A11-100789,1,Tablet,1,Oral,3.9mg; 15.6mg; 220mg; 220mg,689,MarleyShree Pharmaceutical Company Nigeria Limited,2024-11-22,2029-11-21,Active,"Tablet
White to off-white, round, flat-faced tablets with beveled edges and a smooth surface",1 x 10&#039;s (in blister pack),"Each tablet contains: Carbonate BP 3.9 mg, Sodium Carbonate BP 15.6 mg, Calcium Carbonate Heavy 220 mg, Magnesium Carbonate BP 220 mg
Excipients with known effect: Sodium: approximately 12.5 mg per tablet, Sorbitol: May cause a laxative effect in high doses
Excipients q.s.",https://admin.greenbook.nafdac.gov.ng/uploadImage/smpc_files/2024/12/16/20241216e557cbfd-8946-5e76-94f3-331071ea2d4f.pdf,A02A2,https://greenbook.nafdac.gov.ng/products/details/10766,2026-09-29T10:52:30.242228+00:00
Greenbook NAFDAC,4375,10094,Marleymentin 625 Tablet##,1,Drugs,"{'id': 1, 'name': 'Drugs', 'created_at': '-000001-11-30T00:00:00.000000Z', 'updated_at': '2022-03-17T16:53:12.000000Z', 'deleted_at': None}",423,Amoxicillin (Amoxicillin Trihydrate); Clavulanic Acid (Potassium Clavulanate),,C4-1905,1,Tablet,1,Oral,500 mg; 125 mg,689,MarleyShree Pharmaceutical Company Nigeria Limited,2021-10-28,2026-10-27,Active,"Tablet

57	MARLEYMENTIN 625 TABLET	MARLEYMENTIN	AMOXICILLIN +CLAVULANATE POTASSIUM 	AMOXICILLIN 500MG, CLAVULANATE POTASSIUM 125MG	PRESCRIPTION ONLY MEDICINE	TABLET	1 X 14	ANTIBIOTIC	MARLEY SHREE PHARM NIG. CO. LTD.,	PLOT 83, ZUNGERU ROAD, KANO, KANO STATE	SINOPHARM WEIQIDA PHARMA CO. LTD	ECONOMIC &amp; TECHNOLOGICAL DEVELOPMENT ZONE SECOND MEDICAL ZONE, DATONG, SHANXI PROVINCE, CHINA	C4-1905	TREATMENT OF BACTERIAL INFECTION CAUSED BY SUSCEPTIBLE MICROORGANISM	10/28/2021	10/27/2026																																																																																																																																																																																																																																													",1 x 14&#039;s,"Each tablet contains; Amoxicillin 500 mg, Clavulanate Potassium 125 mg",,J01CR02,https://greenbook.nafdac.gov.ng/products/details/10094,2026-09-29T10:52:30.242228+00:00
Greenbook NAFDAC,4376,5205,Marleypen Injection## (check strength),1,Drugs,"{'id': 1, 'name': 'Drugs', 'created_at': '-000001-11-30T00:00:00.000000Z', 'updated_at': '2022-03-17T16:53:12.000000Z', 'deleted_at': None}",428,Benzylpenicillin sodium,Penicillin G sodium,B4-2031,40,Injection,29,Intravenous; Intramuscular,600 mg,689,MarleyShree Pharmaceutical Company Nigeria Limited,2023-05-25,2028-05-24,Active,"Powder for Injection

23	RNW-PP-122497	MARLEYPEN INJECTION	BENZYLPENICILLIN SODIUM 1MEGA	EACH VIAL CONTAINS BENZYLPENICILLIN SODIUM 1 MEGA EXCIPIENTS Sulfoxylate Disodium Edetate Povidone K30 Cetrimide	B4-2031	Drugs	Imported Products	1X10VIALS	Prescription Only Medicine (POM)	1/22/2022	MARLEYSHREE PHARMACEUTICAL COMPANY NIGERIA LIMITED, , ZUNGERU ROAD, SABON GARI. KANO KANO	8063803298	marleyshreepharm2019@gmail.com	CSPC ZHONGNUO PHARMACEUTICAL(SHIJIAZHUANG) CO. LTD., 88, YANGZI ROAD,HIGH INDUSTRY ZONE OF SHIJIAZHUANG, China
",1 x 10 vials,"Each vial contains: Benzylpenicillin Sodium 1 Mega
Excipients q.s.",https://admin.greenbook.nafdac.gov.ng/uploadImage/smpc_files/2023/08/23/20230823b4981786-0b42-5c00-b595-5698c949e0c4.pdf, J01CE0,https://greenbook.nafdac.gov.ng/products/details/5205,2026-09-29T10:52:30.242228+00:00
Greenbook NAFDAC,4377,5984,Marleysunate 20-120 Tablet##,1,Drugs,"{'id': 1, 'name': 'Drugs', 'created_at': '-000001-11-30T00:00:00.000000Z', 'updated_at': '2022-03-17T16:53:12.000000Z', 'deleted_at': None}",528,Artemether; Lumefantrine,,B4-1323,1,Tablet,1,Oral,20 mg; 120 mg,689,MarleyShree Pharmaceutical Company Nigeria Limited,2023-02-23,2028-02-22,Active,"Tablet

4	Marleysunate 20-120 Tablet 	Marleysunate	Artemether, Lumefantrine 	Antimalarial	Artemether 20mg &amp; Lumefantrine 120mg	Tablet x 24	Treatment of uncomplicated malaria, caused by all forms of Plasmodium falciparum.	OTC	Marleyshree Pharma co.Nig. Ltd	Plot 83, Zungeru road, Kano, Kano state	same as applicant	same as applicant		B4-1323",1 x 24&#039;s (in PVC-Alu blister),"Each tablet contains: Artemether 20 mg, Lumefantrine 120 mg
Excipients q.s.",https://admin.greenbook.nafdac.gov.ng/uploadImage/smpc_files/2024/10/22/20241022b2f6c635-1af0-5cb1-bd9e-4950301d59ed.pdf,P01BF01,https://greenbook.nafdac.gov.ng/products/details/5984,2026-09-29T10:52:30.242228+00:00
Greenbook NAFDAC,4378,8791,Martel Capsules**,1,Drugs,"{'id': 1, 'name': 'Drugs', 'created_at': '-000001-11-30T00:00:00.000000Z', 'updated_at': '2022-03-17T16:53:12.000000Z', 'deleted_at': None}",56,Tramadol Hydrochloride,,B4-0514,2,Capsule,1,Oral,100 mg,875,Ocean Pharmaceutical &amp; Allied Products Ltd,2024-09-25,2029-09-24,Active,Hard gelatin capsule,10 x 10&#039;s (in Alu-PVC blisters),Tramadol Capsules BP 100 mg,https://admin.greenbook.nafdac.gov.ng/uploadImage/smpc_files/2024/11/18/20241118c960f64e-4c74-52f9-8caf-39279b816586.pdf,N02AX02,https://greenbook.nafdac.gov.ng/products/details/8791,2026-09-29T10:52:30.242228+00:00
Greenbook NAFDAC,4379,11154,Maryicef 400 Tablets**,1,Drugs,"{'id': 1, 'name': 'Drugs', 'created_at': '-000001-11-30T00:00:00.000000Z', 'updated_at': '2022-03-17T16:53:12.000000Z', 'deleted_at': None}",441,Cefixime (Cefixime Trihydrate),,B4-2130,1,Tablet,1,Oral,400 mg,1202,Tim Great Pharmaceutical Ventures Ltd,2025-04-30,2030-04-29,Active,"Film-coated Tablet.
White to white off, oval shaped, biconvex, film-coated tablet, plain on both sides",1 x 10&#039;s (in Alu-Alu blister),"Each film-coated tablet contains: Cefixime Trihydrate USP equivalent to Cefixime base 400 mg, Excipients q.s.",https://admin.greenbook.nafdac.gov.ng/uploadImage/smpc_files/2025/05/16/2025051650b096b7-2d1f-5844-9bbc-b52a4550bdd5.pdf,J01DD08,https://greenbook.nafdac.gov.ng/products/details/11154,2026-09-29T10:52:30.242228+00:00
Greenbook NAFDAC,4380,11153,Maryicef-200 Tablet**,1,Drugs,"{'id': 1, 'name': 'Drugs', 'created_at': '-000001-11-30T00:00:00.000000Z', 'updated_at': '2022-03-17T16:53:12.000000Z', 'deleted_at': None}",441,Cefixime (Cefixime Trihydrate),,B4-1230,13,Dispersible tablet,1,Oral,200 mg,1202,Tim Great Pharmaceutical Ventures Ltd,2025-04-30,2030-04-29,Active,"Uncoated dispersible tablet.
White to white off, round shape uncoated dispersible tablet with one side break-line and plain on the other side of the tablet",1 x 10&#039;s (in Alu-Alu blister),"Cefixime Tablet USP 200 mg.
Each uncoated dispersible tablet contains: Cefixime Trihydrate USP equivalent to Anhydrous Cefixime base 200 mg",https://admin.greenbook.nafdac.gov.ng/uploadImage/smpc_files/2025/05/16/202505163e6cf390-f00c-51fd-9ae0-81f91bf0abca.pdf,J01DD08,https://greenbook.nafdac.gov.ng/products/details/11153,2026-09-29T10:52:30.242228+00:00
Greenbook NAFDAC,4381,8725,Masrone Tablets**,1,Drugs,"{'id': 1, 'name': 'Drugs', 'created_at': '-000001-11-30T00:00:00.000000Z', 'updated_at': '2022-03-17T16:53:12.000000Z', 'deleted_at': None}",16,Risperidone,,A4-100732,1,Tablet,1,Oral,2 mg,230,Micro Nova Pharmaceuticals Ind Ltd,2024-01-31,2029-01-30,Active,"Film-coated tablets.
Orange coloured, circular. biconvex, film-coated tablets",3 x 10&#039;s (in blisters),"Each film-coated tablet contains: Risperidone USP 2 mg

Excipient(s) with known effect: Lactose Monohydrate 92.950 mg",https://admin.greenbook.nafdac.gov.ng/uploadImage/smpc_files/2024/02/16/202402164dcde707-ef8b-5053-bdcf-56e1247b77b0.pdf,N05AX08,https://greenbook.nafdac.gov.ng/products/details/8725,2026-09-29T10:52:30.242228+00:00
Greenbook NAFDAC,4382,2966,Matthewquine Chloroquine Syrup**,1,Drugs,"{'id': 1, 'name': 'Drugs', 'created_at': '-000001-11-30T00:00:00.000000Z', 'updated_at': '2022-03-17T16:53:12.000000Z', 'deleted_at': None}",1572,Chloroquine (Chloroquine Phosphate),,04-1679,103,Syrup,1,Oral,50 mg/5 mL,1067,Daily-Need Industries Limited,2020-11-30,2025-11-29,Inactive,Oral Liquid,1 x 50 mL,Each 5 mL syrup contains: Chloroquine Phosphate 80 mg equivalent to Chloroquine base 50 mg,,P01BA01,https://greenbook.nafdac.gov.ng/products/details/2966,2026-09-29T10:52:30.242228+00:00
Greenbook NAFDAC,4383,5485,Maureen Cream##,1,Drugs,"{'id': 1, 'name': 'Drugs', 'created_at': '-000001-11-30T00:00:00.000000Z', 'updated_at': '2022-03-17T16:53:12.000000Z', 'deleted_at': None}",1108,Beclometasone; Clotrimazole; Gentamicin,,A11-0100,4,Cream,26,Cutaneous/Topical,0.05%; 1%; 0.1%,201,Jawa International Limited,2021-05-07,2026-05-06,Inactive,"Cream
A white semi solid cream filled in 20 g rubber tube

430	Clotrimazole, Beclomethasone Dipropionate, Clobetasol Propionate &amp; Gentamycin Sulphate	A11-0100	Maureen Cream	Clotrimazole W/W, Beclomethasone Dipropionate W/W, Clobetasol Propionate &amp; Gentamycin Sulphate W/W, Liquid Paraffin, Chlorocresol, Sodium Dihydrogen Phosphate, Butylated Hydroxyl Toluene, Cetomacrogol, Benzyl Alcohol, Sodium Edta, White Petroleum Jelly	Antifungals	Cutaneous/Topical Route	Clotrimazole 1%W/W, Beclomethasone Dipropionate 0.025%W/W, 0.05%W/W &amp; 0.01%W/W, 1000         	Cream	Prescription Only Medicine (Pom)	Jawa International Limited	Jawa International Ltd.	Nigeria	2021-05-07	2026-05-06",1 x 20 g (in tube),"Each gram contains: Beclomethasone 0.05%, Clotrimazole 1%, Gentamicin 0.1%
Excipients q.s.",https://admin.greenbook.nafdac.gov.ng/uploadImage/smpc_files/2025/01/15/2025011519cbaafc-1825-5bad-85fc-60a12a779e7a.pdf,D07CC01,https://greenbook.nafdac.gov.ng/products/details/5485,2026-09-29T10:52:30.242228+00:00
Greenbook NAFDAC,4384,6546,Mavlon Aniseptic Liquid## (check dosage form),1,Drugs,"{'id': 1, 'name': 'Drugs', 'created_at': '-000001-11-30T00:00:00.000000Z', 'updated_at': '2022-03-17T16:53:12.000000Z', 'deleted_at': None}",1736,Benzalkonium Chloride; Chlorhexidine Gluconate,,A4-100619,101,Liquid,26,Cutaneous/Topical,2.8%-3.2%; 0.28%-0.32%,515,Root Drugs Nigeria Limited,2023-11-30,2028-11-29,Active,"Solution for Cutaneous Application

9	NF-PP-361005	MAVLON ANISEPTIC LIQUID	BENZALKONIUM CHLORIDE 2,8%-3.2%W/W,CHLORHEXIDINE GLUCONATE 0.28-0.32% W/W	CONTAINS BENZALKONIUM CHLORIDE 2.8%-3.2%W/W AND CHLORHEXIDINE GLUCONATE 0.28-0.32%W/W	A4-100619	Drugs	Imported Products	1X250ML	Over The Counter (OTC)	9/3/2023	ROOT DRUGS NIGERIA LIMITED, BAYO OYEWALE STREET, OFF AGO PALACE OKOTA LAGOS	8063803298	steverootdrugs2019@gmail.com	GUANGDONG SHUNDE NEW SENSE HYGIENE PRODUCTS CO. LTD CHINA, #13-1,ZHIAN NORTH ROAD, JUNAN TOWN, SHUNDE, FOSHAN, CHINA., China",1 x 250 mL (in bottle),"Mavlon Aniseptic Liquid contains: Benzalkonium Chloride 2.8%-3.2% w/w, Chlorhexidine Gluconate 0.28-0.32% w/w
Excipients q.s.",https://admin.greenbook.nafdac.gov.ng/uploadImage/smpc_files/2023/12/17/20231217a6bc8f7c-7a8e-54ab-ad67-e6b7363f189a.pdf,D08AC52,https://greenbook.nafdac.gov.ng/products/details/6546,2026-09-29T10:52:30.242228+00:00
Greenbook NAFDAC,4385,6275,Maxcid 200 mg Caplets##,1,Drugs,"{'id': 1, 'name': 'Drugs', 'created_at': '-000001-11-30T00:00:00.000000Z', 'updated_at': '2022-03-17T16:53:12.000000Z', 'deleted_at': None}",170,Cimetidine,,A4-5945,108,Caplet,1,Oral,200 mg,625,Climax Pharmaceutical Chemist Limited,2023-09-28,2028-09-27,Active,"Caplet

61	RNW-PP-239969	MAXCID 200MG CAPLETS.	CIMETIDINE 200MG	Each uncoated caplet contains: CIMETIDINE B.P 200MG	A4-5945	Drugs	Imported Products	1x20	Prescription Only Medicine (POM)	11/16/2021	CLIMAX PHAMACEUTICAL CHEMIST LIMITED, , SARKIN YAKI ROAD KANO KANO	7037831095	climaxpharmltd@gmail.com	GREENFIELD PHARM (JIANGSU) CO LTD, NO 38 TAIJUI ROAD, TAIZHOU IANGSU PROVINCE, CHINA, India
														
														
														
",1 x 20&#039;s (in blister strip),"Each tablet contains: Cimetidine 200 mg
Excipients q,s,",https://admin.greenbook.nafdac.gov.ng/uploadImage/smpc_files/2023/10/09/202310097d0a8798-bb76-52fa-af91-065212c0466f.pdf,A02BA01,https://greenbook.nafdac.gov.ng/products/details/6275,2026-09-29T10:52:30.242228+00:00
Greenbook NAFDAC,4386,6213,Maxcid 400 mg Caplets## (smpc null),1,Drugs,"{'id': 1, 'name': 'Drugs', 'created_at': '-000001-11-30T00:00:00.000000Z', 'updated_at': '2022-03-17T16:53:12.000000Z', 'deleted_at': None}",170,Cimetidine,,A4-5935,108,Caplet,1,Oral,400 mg,625,Climax Pharmaceutical Chemist Limited,2023-09-28,2028-09-27,Active,"Caplet

59	RNW-PP-239977	MAXCID 400MG CAPLETS	CIMETIDINE 400MG	EACH UNCOATED CAPLET CONTAINS: CIMETIDINE B.P 400MG	A4-5935	Drugs	Imported Products	1X20	Prescription Only Medicine (POM)	11/16/2021	CLIMAX PHAMACEUTICAL CHEMIST LIMITED, , SARKIN YAKI ROAD KANO KANO	7037831095	climaxpharmltd@gmail.com	GREENFIELD PHARM (JIANGU) CO LTD, 38 tai jud road, taizhou province, china, China",1 x 20&#039;s (in blister strip),"Each uncoated caplet contains: Cimetidine BP 400 mg
Excipients q.s.",https://admin.greenbook.nafdac.gov.ng/uploadImage/smpc_files/2023/10/09/2023100921ed667e-f4b4-58e3-b13e-825086a10b5e.pdf,A02BA01,https://greenbook.nafdac.gov.ng/products/details/6213,2026-09-29T10:52:30.242228+00:00
Greenbook NAFDAC,4387,10327,Maxcyclin Capsules##,1,Drugs,"{'id': 1, 'name': 'Drugs', 'created_at': '-000001-11-30T00:00:00.000000Z', 'updated_at': '2022-03-17T16:53:12.000000Z', 'deleted_at': None}",764,Tetracycline Hydrochloride,,04-3784,2,Capsule,1,Oral,250 mg,96,Richygold International Limited,2021-05-25,2026-05-24,Inactive,"Capsule
Hard Capsule",10 x 10&#039;s,Each capsule contains: Tetracycline Hydrochloride 250 mg,,J01AA07,https://greenbook.nafdac.gov.ng/products/details/10327,2026-09-29T10:52:30.242228+00:00
Greenbook NAFDAC,4388,12264,Maxcyclin Capsules_,1,Drugs,"{'id': 1, 'name': 'Drugs', 'created_at': '-000001-11-30T00:00:00.000000Z', 'updated_at': '2022-03-17T16:53:12.000000Z', 'deleted_at': None}",764,Tetracycline Hydrochloride,,04-3784,2,Capsule,1,Oral,250 mg,96,Richygold International Limited,2025-11-26,2030-11-25,Active,"Capsule.
Yellow/red capsule printed with &quot;Tetra/250&quot; on it",10 x 10&#039;s (in PVC-Alu foil),"Each capsule contains: Tetracycline BP 250 mg
Excipients q.s.",https://admin.greenbook.nafdac.gov.ng/uploadImage/smpc_files/2025/12/16/202512161a4c6f91-d870-520c-8ec6-14cd662c1593.pdf,J01AA07,https://greenbook.nafdac.gov.ng/products/details/12264,2026-09-29T10:52:30.242228+00:00
Greenbook NAFDAC,4389,3027,Maxiclav 228.5##,1,Drugs,"{'id': 1, 'name': 'Drugs', 'created_at': '-000001-11-30T00:00:00.000000Z', 'updated_at': '2022-03-17T16:53:12.000000Z', 'deleted_at': None}",423,Amoxicillin (Amoxicillin Trihydrate); Clavulanic Acid (Potassium Clavulanate),,B4-3929,72,Powder for suspension,1,Oral,200 mg/5 mL; 28.5 mg/5 mL,337,Evans Baroque Limited,2021-09-28,2026-09-27,Inactive,"Powder for Oral Suspension
",,"Each 5 mL reconstituted suspension contains: Amoxicillin Trihydrate USP equivalent to Amoxicillin 200 mg, Potassium Clavulanate BP equivalent to Clavulanic Acid 28.5 mg",,J01CR02,https://greenbook.nafdac.gov.ng/products/details/3027,2026-09-29T10:52:30.242228+00:00
Greenbook NAFDAC,4390,4215,Maxiclav 625##,1,Drugs,"{'id': 1, 'name': 'Drugs', 'created_at': '-000001-11-30T00:00:00.000000Z', 'updated_at': '2022-03-17T16:53:12.000000Z', 'deleted_at': None}",423,Amoxicillin (Amoxicillin Trihydrate); Clavulanic Acid (Potassium Clavulanate),,B4-3928,1,Tablet,1,Oral,500 mg; 125 mg,337,Evans Baroque Limited,2021-08-26,2026-08-25,Inactive,"Film Coated Tablet
White colored oval shape film coated tablet with both sides plain
",2 x 7&#039;s (in Alu-Alu strips),"Each tablet contains: Amoxicillin Trihydrate USP equivalent to Amoxicillin 250 mg, Clavulanate Potassium BP equivalent to Clavulanic Acid 125 mg
Excipients q.s.
Color: Titanium Dioxide BP",https://admin.greenbook.nafdac.gov.ng/uploadImage/smpc_files/2023/05/29/20230529b9e2d9da-7a55-50d8-ac72-d7bed5761f30.pdf,J01CR02,https://greenbook.nafdac.gov.ng/products/details/4215,2026-09-29T10:52:30.242228+00:00
Greenbook NAFDAC,4391,364,Maxiclav Injection##,1,Drugs,"{'id': 1, 'name': 'Drugs', 'created_at': '-000001-11-30T00:00:00.000000Z', 'updated_at': '2022-03-17T16:53:12.000000Z', 'deleted_at': None}",423,Amoxicillin (Amoxicillin Trihydrate); Clavulanic Acid (Potassium Clavulanate),,B4-6575,70,Powder for injection,12,Intravenous,1000 mg; 200 mg,337,Evans Baroque Limited,2021-10-28,2026-10-27,Active,"Powder for solution for injection in a vial
Dry powder for injection; almost white to off white powder",1 x 20 mL vial,"Each Combi pack contains:

1. Each vial contains: Sterile Amoxicillin Sodium BP equivalent to Amoxicillin 1 g, Sterile Potassium Clavulanate BP equivalent to Clavulanic Acid 200 mg
2. Sterile Water for Injection USP 20 mL",https://admin.greenbook.nafdac.gov.ng/uploadImage/smpc_files/2023/05/27/20230527068e8453-22b6-5f89-b8f0-fa25991fc0fd.pdf,J01CR02,https://greenbook.nafdac.gov.ng/products/details/364,2026-09-29T10:52:30.242228+00:00
Greenbook NAFDAC,4392,6410,Maxidex Eye Drops**,1,Drugs,"{'id': 1, 'name': 'Drugs', 'created_at': '-000001-11-30T00:00:00.000000Z', 'updated_at': '2022-03-17T16:53:12.000000Z', 'deleted_at': None}",770,Dexamethasone,,04-1593,112,Suspension/Drops,15,Ophthalmic,0.1%,250,Novartis Nigeria Limited,2023-10-31,2028-10-30,Active,"Ophthalmic Suspension.
White or colorless to pale yellow, clear solution/opaque suspension, without agglomerates",1 x 5 mL (in LDPE bottle),"Each mL contains: Dexamethasone 1 mg, Excipients q.s.
Excipient(s) with known effect in solution/suspension (per mL): Benzalkonium Chloride 0.1 mg",https://admin.greenbook.nafdac.gov.ng/uploadImage/smpc_files/2023/11/11/2023111116a847ad-ef57-5670-8dc7-716e9e142e9f.pdf,S01BA01,https://greenbook.nafdac.gov.ng/products/details/6410,2026-09-29T10:52:30.242228+00:00
Greenbook NAFDAC,4393,9984,Maxipol Paracetamol Suspension##,1,Drugs,"{'id': 1, 'name': 'Drugs', 'created_at': '-000001-11-30T00:00:00.000000Z', 'updated_at': '2022-03-17T16:53:12.000000Z', 'deleted_at': None}",1529,Paracetamol,Acetaminophen,A4-5668,102,Suspension,1,Oral,125 mg/5 mL,291,SKG - Pharma Ltd,2021-01-28,2026-01-27,Inactive,"Oral Suspension
A reddish colored strawberry flavored suspension

6/14/2024 13:28:18	MAXIPOL PARACETAMOL SUSPENSION	PARACETAMOL	A4-5668	LIQUID	ORAL	PARACETAMOL	PARACETAMOL 125MG/5ML	60ML	OTC	SKG-PHARMA LIMITED	7/9 SAPARA STREET, OFF OBA AKRAN AVENUE, IKEJA LAGOS	SKG-PHARMA LIMITED	7/9 SAPARA STREET, OFF OBA AKRAN AVENUE, IKEJA LAGOS	NIGERIA	28/01/2021	27/01/2026	No	N02BE01",1 x 60 mL (in amber bottle),"Each 5 mL contains: Paracetamol 125 mg
Excipients q.s.",https://admin.greenbook.nafdac.gov.ng/uploadImage/smpc_files/2025/01/22/2025012253b25055-a321-57c8-abea-ad034db20bb9.pdf,N02BE01,https://greenbook.nafdac.gov.ng/products/details/9984,2026-09-29T10:52:30.242228+00:00
Greenbook NAFDAC,4394,6963,Maxitrol Eye Drops##,1,Drugs,"{'id': 1, 'name': 'Drugs', 'created_at': '-000001-11-30T00:00:00.000000Z', 'updated_at': '2022-03-17T16:53:12.000000Z', 'deleted_at': None}",1003,Dexamethasone; Neomycin (Neomycin Sulfate); Polymyxin B Sulfate,, 04-1570,24,Eye drops,15,Ophthalmic,"1mg/ml; 3,500 IU/ml; 6,000 IU/ml",250,Novartis Nigeria Limited,2023-12-21,2028-12-20,Active,"Eye Drops, Suspension

140	RNW-PP-313543	MAXITROL EYE DROPS	NEOMYCIN SULFATE + POLYMYCIN B SULFATE + DEXAMETHOSONE	Dexamethasone 1mg/ml, Neomycin sulfate 3,500 IU/ml and Polymyxin B sulfate 6,000 IU/ml. Preservative: 1 ml of suspension contains 0.04 mg benzalkonium chlori1 mg dexamethasone, 3,500 IU neomycin sulfate and 6,000 IU polymyxin B sulfate. Preservative: 1 ml of suspension contains 0.04 mg benzalkonium chloride. de.	04-1570	Drugs	Imported Products	5MLS	POM 1	3/8/2023	NOVARTIS NIGERIA LIMITED, LANDMARK BUILDING 52/54 ISAAC JOHN STREET IKEJA-GRA LAGOS LAGOS	2.34707E+12	arit.onwusah@novartis.com	ALCON COUVREUR N.V, S.A Alcon-Couvreur N.V Rijksweg, 14 Puurs, B 2870, Belgium., Belgium",1 x 5 mL (in bottle),"Each mL contains: Dexamethasone 1 mg, Neomycin Sulfate 3,500 (International Units) IU,  Polymyxin B Sulfate 6,000 IU
Excipient(s) with known effects: Benzalkonium Chloride 0.04 mg/mL",https://admin.greenbook.nafdac.gov.ng/uploadImage/smpc_files/2024/01/01/20240101f368c1c3-28a4-5603-8a9b-b48b395b3be9.pdf,S01CA01,https://greenbook.nafdac.gov.ng/products/details/6963,2026-09-29T10:52:30.242228+00:00
Greenbook NAFDAC,4395,6049,Maxitrol Eye Ointment##,1,Drugs,"{'id': 1, 'name': 'Drugs', 'created_at': '-000001-11-30T00:00:00.000000Z', 'updated_at': '2022-03-17T16:53:12.000000Z', 'deleted_at': None}",1003,Dexamethasone; Neomycin (Neomycin Sulfate); Polymyxin B Sulfate,,A4-1744,58,Ointment,27,Ocular,1 g,250,Novartis Nigeria Limited,2023-03-28,2028-03-27,Active,"Ointment

94	RNW-PP-84348	Maxitrol Eye Ointment	Neomycin, Polymyxin B Sulphate, and Dexamethasone	1 g of ointment contains 1 mg of dexamethasone, 3,500 IU of neomycin sulfate and 6,000 IU of polymyxin B sulfate. Excipients include methyl parahydroxybenzoate (E218), propyl parahydroxybenzoate (E216), wool fat	A4-1744	Drugs	VARIOUS	Imported Products	3.5g	Prescription Only Medicine (POM)	4/29/2019	NOVARTIS NIGERIA LIMITED, LANDMARK BUILDING 52/54 ISAAC JOHN STREET IKEJA-GRA LAGOS LAGOS	2.34707E+12	arit.onwusah@novartis.com	Alcon-Couvreur NV, Alcon-Couvreur NV Rijksweg 14, 2870 Puurs Belgium, Belgium",1 x 3.5 g (in Alu tube),"Each gram of ointment contains: Dexamethasone 1 mg, Neomycin Sulfate 3500 IU, Polymyxin B. Sulfate 6000 IU 
Excipients with known effects: Methyl Parahydroxybenzoate (E218), Propyl Parahydroxybenzoate (E216), wool fat
Excipients q.s.",https://admin.greenbook.nafdac.gov.ng/uploadImage/smpc_files/2024/08/23/202408239eeb3f33-7207-5afc-9808-1c400f7400b2.pdf,S01CA01,https://greenbook.nafdac.gov.ng/products/details/6049,2026-09-29T10:52:30.242228+00:00
Greenbook NAFDAC,4396,3713,Maxmoral Tablets##,1,Drugs,"{'id': 1, 'name': 'Drugs', 'created_at': '-000001-11-30T00:00:00.000000Z', 'updated_at': '2022-03-17T16:53:12.000000Z', 'deleted_at': None}",127,Trypsin; Chymotrypsin,,04-4494,1,Tablet,1,Oral,"50,000 units (6:1)",489,Nkoyo Chemists Ltd,2026-04-28,2031-04-27,Inactive,"TabletMAXMORAL TABLET	TRYPSIN BP +CHYMOTRYPSIN BP (6:1) EQ TO 50,000 USP UNIT OF PROTEOLYTIC ENZYMES	TRYPSIN BP + CHYMOTRYPSIN BP (6:1) EQUIVALENT TO 50,000 USP UNITS OF PROTEOLYTIC ENZYME ACTIVITY	04-4494	Drugs	Imported Product	3X10 TABLETS	10-12-2025	NKOYO CHEMISTS LTD ., 18 UKPOR STREET FEGGE ONITSHA ANAMBRA STATE	08034144316	nkoyocoy@yahoo.com	MAXHEAL LABORATORIES PVT.LTD, 2-7/80-85, SURSEZ, SACHIN: DIST: SURAT: GUJARAT INDIA 
",,"Each tablet contains: Trypsin-Chymotrypsin BP (6:1 Approx.) equivalent to 50,000 USP units of proteolytic enzyme activity",https://admin.greenbook.nafdac.gov.ng/uploadImage/smpc_files/2026/07/04/20260704f89970bb-4160-5d6f-ad7d-49504588a425.pdf,M09AB52,https://greenbook.nafdac.gov.ng/products/details/3713,2026-09-29T10:52:30.242228+00:00
Greenbook NAFDAC,4397,5649,Maxnazole Cream##,1,Drugs,"{'id': 1, 'name': 'Drugs', 'created_at': '-000001-11-30T00:00:00.000000Z', 'updated_at': '2022-03-17T16:53:12.000000Z', 'deleted_at': None}",522,Ketoconazole,,B4-3350,4,Cream,21,Topical,2%,573,Aphantee Pharma Nigeria Ltd,2023-04-26,2028-04-25,Active,"Cream

MAXNAZOLE CREAM	KETOCONAZOLE 2% W/W	1 Ketoconazole USP 15.00 2 Methyl Paraben BP 1.519 3 Propyl Paraben BP 0.524 4 Disodium EDTA BP 0.748 5 Cetostearyl Alcohol BP 540.15 6 Cetomacragol 1000 BP 13.485 7 Light Liquid Paraffin BP 45.00 8 White Soft Paraffin BP 90.00 9 Isopropyl Myristate BP 15.00 10 Butylated Hydroxy Toluene BP 0.104 11 Sodium Dihydrogen Phosphate BP 2.269 12 Propylene Glycol BP 75.00 13 Purified Water BP/IH q. s.	b4-3350	Drugs	Imported Products	30G	Prescription Only Medicine (POM)	15/01/2020	APHANTEE PHARM NIGERIA LTD, SUITE FF 11, PACIFIC COMPLEX AWKA ROAD ONITSHA ANAMBRA	8077261675	aphanteepharm@yahoo.com	MAXHEAL PHARMACEUTICALS ( INDIA) LTD,., J-7,MIDC TArapur Industrial Area,Boisar 401506, Maharashtra, India , India",1 x 30 g (in Lami tube),"Each gram contains: Ketoconazole USP 1.00 % w/w, Cream Base q.s.
Excipients q.s.",https://admin.greenbook.nafdac.gov.ng/uploadImage/smpc_files/2023/09/22/20230922ad2a1869-26a9-5f09-96ab-98c1db624551.pdf,D01AC08,https://greenbook.nafdac.gov.ng/products/details/5649,2026-09-29T10:52:30.242228+00:00
Greenbook NAFDAC,4398,10329,Maxpen-V Tablets##,1,Drugs,"{'id': 1, 'name': 'Drugs', 'created_at': '-000001-11-30T00:00:00.000000Z', 'updated_at': '2022-03-17T16:53:12.000000Z', 'deleted_at': None}",431,Phenoxymethylpenicillin (Phenoxymethylpenicillin Potassium),Penicillin V,04-7087,1,Tablet,1,Oral,"500,000 IU",489,Nkoyo Chemists Ltd,2021-03-29,2026-03-28,Inactive,"Tablet
White circular, beveled-edge uncoated tablets having embossing of “MAXPEN-V” on one side &amp; “MAXHEAL” on other side of each tablet",12 x 10&#039;s (in plastic tubes),"Each uncoated tablet contains: Phenoxymethylpenicillin Potassium BP 336.662 mg
Excipients q.s.",https://admin.greenbook.nafdac.gov.ng/uploadImage/smpc_files/2024/10/01/2024100150067db6-e4c4-5db0-b7a7-d6033b17cb9a.pdf,J01CE02,https://greenbook.nafdac.gov.ng/products/details/10329,2026-09-29T10:52:30.242228+00:00
Greenbook NAFDAC,4399,3870,Maxtex Syrup##,1,Drugs,"{'id': 1, 'name': 'Drugs', 'created_at': '-000001-11-30T00:00:00.000000Z', 'updated_at': '2022-03-17T16:53:12.000000Z', 'deleted_at': None}",574,Levamisole (Levamisole Hydrochloride),,A4-2556,103,Syrup,1,Oral,40 mg/5 mL,96,Richygold International Limited,2020-12-21,2025-12-20,Inactive,Syrup,,Each 5 mL contains: Levamisole (as Levamisole Hydrochloride) 40 mg,,P02CE01,https://greenbook.nafdac.gov.ng/products/details/3870,2026-09-29T10:52:30.242228+00:00
Greenbook NAFDAC,4400,11642,Mayamoral Tablet_,1,Drugs,"{'id': 1, 'name': 'Drugs', 'created_at': '-000001-11-30T00:00:00.000000Z', 'updated_at': '2022-03-17T16:53:12.000000Z', 'deleted_at': None}",127,Trypsin; Chymotrypsin,,C4-0604,1,Tablet,1,Oral,"50,000 units (6:1)",458,MK Pharmaceuticals Ltd,2025-07-30,2030-07-29,Active,"Tablet
Red-colored, circular, biconvex, enteric sugar coated tablets, plain on both sides",3 x 10&#039;s (in strips),"Each tablet contains: Trypsin / Chymotrypsin (6:1) equiv. to 50,000 Units of Proteolytic Enzyme Activity
Excipients q.s.",https://admin.greenbook.nafdac.gov.ng/uploadImage/smpc_files/2025/08/22/20250822ce1470d8-7bcb-515c-b5ce-1acaddb1e4b2.pdf,M09AB52,https://greenbook.nafdac.gov.ng/products/details/11642,2026-09-29T10:52:30.242228+00:00
Greenbook NAFDAC,4401,11643,Mayanil 100 mg Tablet_,1,Drugs,"{'id': 1, 'name': 'Drugs', 'created_at': '-000001-11-30T00:00:00.000000Z', 'updated_at': '2022-03-17T16:53:12.000000Z', 'deleted_at': None}",546,Proguanil (Proguanil Hydrochloride),,C4-0137,1,Tablet,1,Oral,100 mg,458,MK Pharmaceuticals Ltd,2025-07-30,2030-07-29,Active,"Tablet.
Uncoated white tablet with &quot;p/p&quot; embossed on one side and Proguanil on the other side. The tablet can be divided in two equal halves",1 x 100&#039;s (in HDPE jar),"Each tablet contains: Proguanil Hydrochloride equiv. to Proguanil 100 mg
Excipients q.s.",https://admin.greenbook.nafdac.gov.ng/uploadImage/smpc_files/2025/08/22/20250822cd1caf9e-7a9c-58c7-8c53-e5ab8ab68dc4.pdf,P01BB01,https://greenbook.nafdac.gov.ng/products/details/11643,2026-09-29T10:52:30.242228+00:00
Greenbook NAFDAC,4402,10330,Maydon Zinc Sulphate##,1,Drugs,"{'id': 1, 'name': 'Drugs', 'created_at': '-000001-11-30T00:00:00.000000Z', 'updated_at': '2022-03-17T16:53:12.000000Z', 'deleted_at': None}",808,Zinc (Zinc Sulfate),,C4-1816,1,Tablet,1,Oral,20 mg,222,Maydon Pharmaceuticals Limited,2021-08-26,2026-08-25,Inactive,"Tablet
White circular, dispersible uncoated tablet, plain on one side and having a break line on one side",1 x 10&#039;s (in PVC-Alu blister),"Each tablet contains: Zinc Sulphate USP 54.9 mg equivalent to Zinc Base 20 mg Tablet
Excipients q.s.",https://admin.greenbook.nafdac.gov.ng/uploadImage/smpc_files/2024/11/20/20241120b7d418ab-2051-5314-8105-0d596a6d4bef.pdf,,https://greenbook.nafdac.gov.ng/products/details/10330,2026-09-29T10:52:30.242228+00:00
Greenbook NAFDAC,4403,5207,Maysedyl Expectorant**,1,Drugs,"{'id': 1, 'name': 'Drugs', 'created_at': '-000001-11-30T00:00:00.000000Z', 'updated_at': '2022-03-17T16:53:12.000000Z', 'deleted_at': None}",1054,Diphenhydramine; Ammonium chloride; Sodium citrate; Menthol,,A11-1213,103,Syrup,1,Oral,14 mg/5 mL; 135 mg/5 mL; 57 mg/5 mL; 1.1 mg/5 mL,221,May &amp; Baker Nigeria PLC,2021-03-29,2026-03-28,Inactive,Syrup,1 x 100 mL (in amber PET bottle),"Each 5 mL contains: Diphenhydramine Hydrochloride BP 14 mg, Ammonium Chloride BP 135 mg, Menthol BP 1.1 mg, Sodium Citrate BP 57 mg, Excipients q.s.",https://admin.greenbook.nafdac.gov.ng/uploadImage/smpc_files/2025/01/15/202501150e260149-4d8c-5d1a-902c-7447084bafc7.pdf,R06AA52,https://greenbook.nafdac.gov.ng/products/details/5207,2026-09-29T10:52:30.242228+00:00
Greenbook NAFDAC,4404,8576,Mazilat 500 Tablet**,1,Drugs,"{'id': 1, 'name': 'Drugs', 'created_at': '-000001-11-30T00:00:00.000000Z', 'updated_at': '2022-03-17T16:53:12.000000Z', 'deleted_at': None}",475,Azithromycin (Azithromycin Dihydrate),,B4-1241,1,Tablet,1,Oral,500 mg,222,Maydon Pharmaceuticals Limited,2021-12-16,2026-12-15,Active,"Film coated tablets.
White coloured capsule shaped coated tablets, having Break line on one side &amp; embossed “MAXHEAL” on the other side",1 x 10&#039;s (in Alu-Alu blister),"Azithromycin 500 mg Tablets.
Each tablet contains: Azithromycin Dihydrate USP equiv. to Anhydrous Azithromycin 500 mg, Excipients q.s.",https://admin.greenbook.nafdac.gov.ng/uploadImage/smpc_files/2024/09/16/202409160768d1ef-eef7-5a15-939c-dc6b201c418f.pdf,J01FA10,https://greenbook.nafdac.gov.ng/products/details/8576,2026-09-29T10:52:30.242228+00:00
Greenbook NAFDAC,4405,5208,Mazoka Tablet##,1,Drugs,"{'id': 1, 'name': 'Drugs', 'created_at': '-000001-11-30T00:00:00.000000Z', 'updated_at': '2022-03-17T16:53:12.000000Z', 'deleted_at': None}",1549,Diclofenac Sodium; Paracetamol,,B4-2523,1,Tablet,1,Oral,50 mg; 500 mg,554,Reagan Remedies Limited,2023-07-06,2028-07-05,Active,"Uncoated Tablet

39	RNW-PP-100956	MAZOKA TABLET	PARACETAMOL 500MG, DICLOFENAC SODIUM 50MG	PARACETAMOL 500MG,DICLOFENAC SODIUM 50MG	B4-2523	Drugs	NERVOUS SYSTEM	Nigerian Products	10*10PACKS	Prescription Only Medicine (POM)	9/28/2019	REAGAN REMEDIES LIMITED, UMARU MUSA YARA&#039;DUA DRIVE, OWERRI OWERRI IMO	8032223520	reganremedies@gmail.com	REAGAN REMEDIES LIMITED, 24 UMARU MUSA YAR&#039;ADUA DRIVE, OWERRI, IMO STATE, NIGERIA., Nigeria",10 x 10&#039;s (in blisters),"Each uncoated tablet contains: Diclofenac Sodium 50 mg. Paracetamol 500 mg
Excipients q.s.",https://admin.greenbook.nafdac.gov.ng/uploadImage/smpc_files/2023/09/19/20230919812b783a-65a4-54be-bb45-03c6937cb1b9.pdf,M01AB55,https://greenbook.nafdac.gov.ng/products/details/5208,2026-09-29T10:52:30.242228+00:00
Greenbook NAFDAC,4406,5209,MB-Chlor Eye Drops## (check pack size),1,Drugs,"{'id': 1, 'name': 'Drugs', 'created_at': '-000001-11-30T00:00:00.000000Z', 'updated_at': '2022-03-17T16:53:12.000000Z', 'deleted_at': None}",1588,Chloramphenicol,,04-4363,24,Eye drops,15,Ophthalmic,0.5%,1190,TGZ Pharma Ltd,2023-07-06,2028-07-05,Active,"Eye Drops
Clear colorless sterile solution

107	RNW-PP-255008	MB-CHLOR EYE DROPS	CHLORAMPHENICOL BP 0.5%	ACTIVE INGREDIENT FOR EACH 5ML -CHLORAMPHENICOL 0.5% --- 25MG EXCIPIENTS- BORIC ACID BP - 75.00MG BORAX -BP - 20.00MG PHENYL MERCURIC NITRATE BP - 0.1MG DISTILLED WATER q.s - 5ML	Apr-63	Drugs	Imported Products	15ML,2*5PACKS	Prescription Only Medicine (POM)	3/31/2022	TGZ PHARMA LTD, ELEGANZA PLAZA, 1ST LAGOS ------- Select State -------	8034099059	hassan@aliabass.com	MBL PHARMA LTD, PLOT NO. B-77/A, HUB INDUSTRIAL TRADING ESTATE, BALUCHISTAN, PAKISTAN., Pakistan","1 x 15 mL (in LDPE bottles), 2 x 5&#039;s","MB-Chlor Eye Drops contains: Chloramphenicol BP 0.5% w/v, Sterile Aqeous Vehicle. q.s.
Excipients q.s.",https://admin.greenbook.nafdac.gov.ng/uploadImage/smpc_files/2023/08/24/202308241b92431a-d5a9-5475-acf4-7896c24dba5e.pdf,S01AA01,https://greenbook.nafdac.gov.ng/products/details/5209,2026-09-29T10:52:30.242228+00:00
Greenbook NAFDAC,4407,6928,Mbobra Tablets##,1,Drugs,"{'id': 1, 'name': 'Drugs', 'created_at': '-000001-11-30T00:00:00.000000Z', 'updated_at': '2022-03-17T16:53:12.000000Z', 'deleted_at': None}",770,Dexamethasone,,B4-2249,1,Tablet,1,Oral,0.5 mg,377,Ibu Pharm Nig Ltd,2023-12-21,2028-12-20,Active,"Uncoated Tablet
White colored, oval shaped, biconvex, uncoated tablet having break line on one side and plain on other side

155	RNW-PP-274712	MBOBRA TABLETS	DEXAMETHSAONE BP 0.5MG	DEXAMETHASONE TABLETS BP 0.5MG. EXCIPIENTS Q.S	B4-2249	Drugs	Imported Products	10X10	Prescription Only Medicine (POM)	5/19/2023	IBU PHARM NIG LTD, LABIRAN STREET, IKENNE OGUN STATE	8184435083	ibupharm240@gmail.com	M/S IMPULSE PHARMA PVT LTD, J-201, 202/I TARAPUR M.I.D.C, BOISAR, THANE-401506, MAHARSHTRA, INDIA., India",10 x 10&#039;s,"Each uncoated tablet contains: Dexamethasone BP 0.5 mg
Excipients q.s.",https://admin.greenbook.nafdac.gov.ng/uploadImage/smpc_files/2024/01/01/20240101c9104df6-6fcd-5d25-9714-dd24f0c001cc.pdf,H02AB02,https://greenbook.nafdac.gov.ng/products/details/6928,2026-09-29T10:52:30.242228+00:00
Greenbook NAFDAC,4408,10779,MC Foris Artemether & Lumefantrine 20/120 Tablets##,1,Drugs,"{'id': 1, 'name': 'Drugs', 'created_at': '-000001-11-30T00:00:00.000000Z', 'updated_at': '2022-03-17T16:53:12.000000Z', 'deleted_at': None}",528,Artemether; Lumefantrine,,A4-101148,1,Tablet,1,Oral,20 mg; 120 mg,432,MC Foris Pharmaceuticals Limited,2025-01-30,2030-01-29,Active,"Tablet

NF-PP-454895	MCFORIS ARTEMETHER &amp; LUMEFANTRINE 20/120 TABLETS	ARTEMETHER 20 &amp; LUMEFANTRINE 120	ARTEMETHER 20MG, LUFANTRINE 120MG, MICROCRYSTALLINE CELLULOSE, PURIFRIED TALC BP, SODIUM PROPYL PARABEN BP, MAGNESIUM STERATE, ISOPROPYL ALCOHOL, CROSCARMELLOSE SODIUM BP, POLYVINYL PYROLLIDONE K-30 BP	聽	Drugs	Imported Products	1*24	Over The Counter (OTC)	10/20/2024	MC FORIS PHARMACEUTICALS LIMITED, 7, APOSTOLIC CHURCH STREET, AJAO ESTATE, LAGOS STATE	8037481202	forisadesade@yahoo.com	Alpa Laboratories Limited., 33/2, A.B. Road, Pigdamber - 453 446, Indore - India., India
													
													
													
													
													
													",1 x 24&#039;s,"Each tablet contains Artemether 20 mg, Lumefantrine 120 mg
Excipients q.s,",https://admin.greenbook.nafdac.gov.ng/uploadImage/smpc_files/2025/03/19/20250319a43f7d44-ed86-5616-929e-51d67584d5c8.pdf,P01BF01,https://greenbook.nafdac.gov.ng/products/details/10779,2026-09-29T10:52:30.242228+00:00
Greenbook NAFDAC,4409,10780,MC Foris Artemether & Lumefantrine 80/480 Tablets##,1,Drugs,"{'id': 1, 'name': 'Drugs', 'created_at': '-000001-11-30T00:00:00.000000Z', 'updated_at': '2022-03-17T16:53:12.000000Z', 'deleted_at': None}",528,Artemether; Lumefantrine,,A4-101146,1,Tablet,1,Oral,80 mg; 480 mg,432,MC Foris Pharmaceuticals Limited,2025-01-30,2030-01-29,Active,"Tablet

NF-PP-454683	MCFORIS ARTEMETHER &amp; LUMEFANTRINE 80/480 TABLETS	ARTEMETHER 80MG &amp; LUMEFANTRINE 480MG	ARTEMETHER 80MG, LUFANTRINE 480MG, MICROCRYSTALLINE CELLULOSE BP, POLYVINYL PYROLLIDONE K-30 BP, ISOPROPYL ALCOHOL BP, SODIUM METHYL PARABEN BP, SODIUM PROPYL PARABEN BP, SODIUM STARCH GLYCOLATE BP, PURIFIED TALC BP, MAGNESSIUM STERATE BP		Drugs	Imported Products	1*6	Over The Counter (OTC)	10/20/2024	MC FORIS PHARMACEUTICALS LIMITED, 7, APOSTOLIC CHURCH STREET, AJAO ESTATE, LAGOS STATE	8037481202	forisadesade@yahoo.com	Alpa Laboratories Limited., 33/2, A.B. Road, Pigdamber - 453 446, Indore - India., India
													
													
													
													
													
													",1 x 6&#039;s (in PVC-Alu blister),"Each tablet contains: Artemether 80 mg. Lumefantrine 480 mg
Excipients q.s.",https://admin.greenbook.nafdac.gov.ng/uploadImage/smpc_files/2025/05/22/202505222baf0590-966a-54b5-a386-dd59e5256c62.pdf,P01BF01,https://greenbook.nafdac.gov.ng/products/details/10780,2026-09-29T10:52:30.242228+00:00
Greenbook NAFDAC,4410,10331,MC Foris Chloramphenicol Capsules##,1,Drugs,"{'id': 1, 'name': 'Drugs', 'created_at': '-000001-11-30T00:00:00.000000Z', 'updated_at': '2022-03-17T16:53:12.000000Z', 'deleted_at': None}",1588,Chloramphenicol,,B4-9796,2,Capsule,1,Oral,250 mg,432,MC Foris Pharmaceuticals Limited,2021-03-29,2026-03-28,Inactive,Capsule,10 x 10&#039;s,Each capsule contains: Chloramphenicol 250 mg,,J01BA01,https://greenbook.nafdac.gov.ng/products/details/10331,2026-09-29T10:52:30.242228+00:00
Greenbook NAFDAC,4411,11178,"MC Foris Clotrimazole, Betamethasone & Neomycin Cream##",1,Drugs,"{'id': 1, 'name': 'Drugs', 'created_at': '-000001-11-30T00:00:00.000000Z', 'updated_at': '2022-03-17T16:53:12.000000Z', 'deleted_at': None}",1106,Betamethasone; Clotrimazole; Neomycin sulfate,,A4-101281,4,Cream,21,Topical,0.05%; 1%; 0.5%,432,MC Foris Pharmaceuticals Limited,2025-04-30,2030-04-29,Active,Cream,1 x 30 g (in Alu collapsible tube),"Each gram contains: Betamethasone USP equivalent to Betamethasone Base 0.05% w/w, Clotrimazole USP 1.0% w/w, Neomycin Sulphate USP 0.5% w/w
Excipients q.s.
Cream Base q.s.",https://admin.greenbook.nafdac.gov.ng/uploadImage/smpc_files/2025/05/23/20250523b54ab35c-5626-54b6-9a85-45fc5a9478b9.pdf,D07CC01,https://greenbook.nafdac.gov.ng/products/details/11178,2026-09-29T10:52:30.242228+00:00
Greenbook NAFDAC,4412,11179,"MC Foris Diclofenac Diethylamine, Methyl Salicylate, Menthol & Linseed Oil Ge##",1,Drugs,"{'id': 1, 'name': 'Drugs', 'created_at': '-000001-11-30T00:00:00.000000Z', 'updated_at': '2022-03-17T16:53:12.000000Z', 'deleted_at': None}",1149,Diclofenac Sodium (Diclofenac Diethylamine); Methyl salicylate; Menthol; Linseed oil,,A4-101239,29,Gel,21,Topical,"1.16.0%, 10.0%, 5.0%, 3.0% ",432,MC Foris Pharmaceuticals Limited,2025-04-30,2030-04-29,Active,Gel,1 x 30 g (in Alu collapsible tube),"Each gram contains: Diclofenac Diethylamine 1.16% w/w BP equivalent to Diclofenac Sodium 1.0% w/w, Linseed Oil BP 3.0% w/w,  Menthol BP 5.0% w/w, Methyl Salicylate BP 10.0% w/w
Excipients q.s.
Gel q.s.",https://admin.greenbook.nafdac.gov.ng/uploadImage/smpc_files/2025/05/23/202505237c9ee60b-26b0-54cf-9928-f20fa0865514.pdf,M02AA15,https://greenbook.nafdac.gov.ng/products/details/11179,2026-09-29T10:52:30.242228+00:00
Greenbook NAFDAC,4413,11180,MC Foris Ketoconazole 2% Cream##,1,Drugs,"{'id': 1, 'name': 'Drugs', 'created_at': '-000001-11-30T00:00:00.000000Z', 'updated_at': '2022-03-17T16:53:12.000000Z', 'deleted_at': None}",522,Ketoconazole,,A4-101282,4,Cream,21,Topical,2%,432,MC Foris Pharmaceuticals Limited,2025-04-30,2030-04-29,Active,Cream,1 x 30 g (in Alu collapsible tube),"Each gram contains: Ketoconazole USP 2% w/w
Excipients q.s.",https://admin.greenbook.nafdac.gov.ng/uploadImage/smpc_files/2025/05/23/20250523c7774b3b-afed-522d-bf84-4f1846c4e218.pdf,D01AC08,https://greenbook.nafdac.gov.ng/products/details/11180,2026-09-29T10:52:30.242228+00:00
Greenbook NAFDAC,4414,11181,"MC Foris Ketoconazole, Clobetasol & Neomycin Cream 10 mg##",1,Drugs,"{'id': 1, 'name': 'Drugs', 'created_at': '-000001-11-30T00:00:00.000000Z', 'updated_at': '2022-03-17T16:53:12.000000Z', 'deleted_at': None}",1112,Clobetasol; Ketoconazole; Neomycin,,A4-101280,4,Cream,21,Topical,0.25 mg; 10 mg; 5000 IU ,432,MC Foris Pharmaceuticals Limited,2025-04-30,2030-04-29,Active,Cream,1 x 30 g (in Alu tube),"Each gram contains: Clobetasol Propionate USP 0.25 mg, Ketoconazole USP 10 mg, Neomycin Sulphate USP 5000 IU
Excipients q.s.",https://admin.greenbook.nafdac.gov.ng/uploadImage/smpc_files/2025/05/23/202505232334e331-f8cb-5dde-9212-3267f6341ef9.pdf,D07CD01,https://greenbook.nafdac.gov.ng/products/details/11181,2026-09-29T10:52:30.242228+00:00
Greenbook NAFDAC,4415,11236,MC Foris Prednisolone 5 mg Tablets**,1,Drugs,"{'id': 1, 'name': 'Drugs', 'created_at': '-000001-11-30T00:00:00.000000Z', 'updated_at': '2022-03-17T16:53:12.000000Z', 'deleted_at': None}",778,Prednisolone,,A4-9597,1,Tablet,1,Oral,5 mg,432,MC Foris Pharmaceuticals Limited,2021-02-25,2026-02-24,Inactive,Tablet,10 x 10&#039;s,Each tablet contains: Prednisolone 5 mg,,H02AB06,https://greenbook.nafdac.gov.ng/products/details/11236,2026-09-29T10:52:30.242228+00:00
Greenbook NAFDAC,4416,12418,MC Foris Pregabalin Capsule 150mg $,1,Drugs,"{'id': 1, 'name': 'Drugs', 'created_at': '-000001-11-30T00:00:00.000000Z', 'updated_at': '2022-03-17T16:53:12.000000Z', 'deleted_at': None}",41,Pregabalin,,A4-101806,2,Capsule,1,Oral,150mg,432,MC Foris Pharmaceuticals Limited,2025-12-18,2030-12-17,Active,"MCFORIS PREGABALIN CAPSULE 150MG	PREGABALIN 150MG	A4-101806	Drugs	Imported Product	3*10	31-01-2025	MC FORIS PHARMACEUTICALS LIMITED, 7, APOSTOLIC CHURCH STREET, AJAO ESTATE, LAGOS STATE	08037481202	forisadesade@yahoo.com	M/S. ALPA LABORATORIES LTD, 33/2, A.B. ROAD,PIGDAMBER - 453 446, INDORE(M.P.), INDIA
",3 x10,"Each hard gelatin capsule contains: Pregabalin B.P 150 mg 
Excipients q.s.",https://admin.greenbook.nafdac.gov.ng/uploadImage/smpc_files/2026/01/16/20260116aded03c1-51be-5416-b99c-518b2b86ed89.pdf,N02BF02 ,https://greenbook.nafdac.gov.ng/products/details/12418,2026-09-29T10:52:30.242228+00:00
Greenbook NAFDAC,4417,12419,MC Foris Pregabalin Capsule 75mg $,1,Drugs,"{'id': 1, 'name': 'Drugs', 'created_at': '-000001-11-30T00:00:00.000000Z', 'updated_at': '2022-03-17T16:53:12.000000Z', 'deleted_at': None}",41,Pregabalin,,A4-101805,2,Capsule,1,Oral,75mg,432,MC Foris Pharmaceuticals Limited,2025-12-18,2030-12-17,Active,"MCFORIS PREGABALIN CAPSULE 75MG	PREGABALIN 75MG, MAGNESIUM STEARATE, TALCUM, LACTOSE MONOHYDRATE, DRIED STARCH	A4-101805	Drugs	Imported Product	3*10	31-01-2025	MC FORIS PHARMACEUTICALS LIMITED, 7, APOSTOLIC CHURCH STREET, AJAO ESTATE, LAGOS STATE	08037481202	forisadesade@yahoo.com	ALPA LABORATORIES LTD,, 33/2 A.B.ROAD,PIGDAMBER-453 446, INDORE (M.P), INDORE
",3 x10,"Each hard gelatin capsule contains: Pregabalin BP 150 mg 
Excipients q.s.",https://admin.greenbook.nafdac.gov.ng/uploadImage/smpc_files/2026/01/15/2026011534794a08-7a68-577a-a178-823ccd60f168.pdf,N02BF02,https://greenbook.nafdac.gov.ng/products/details/12419,2026-09-29T10:52:30.242228+00:00
Greenbook NAFDAC,4418,12420,MC Foris Pregabalin Capsules 300mg $,1,Drugs,"{'id': 1, 'name': 'Drugs', 'created_at': '-000001-11-30T00:00:00.000000Z', 'updated_at': '2022-03-17T16:53:12.000000Z', 'deleted_at': None}",41,Pregabalin,,A4-101807,2,Capsule,1,Oral,300mg,432,MC Foris Pharmaceuticals Limited,2025-12-18,2030-12-17,Active,"MCFORIS PREGABALIN CAPSULES 300MG	PREGABALIN BP 300MG	A4-101807	Drugs	Imported Product	1*10 	20-10-2024	MC FORIS PHARMACEUTICALS LIMITED, 7, APOSTOLIC CHURCH STREET, AJAO ESTATE, LAGOS STATE	08037481202	forisadesade@yahoo.com	Alpa Laboratories Limited., 33/2, A.B. Road, Pigdamber - 453 446, Indore - India.
",1x10 ,"Each hard gelatin capsule contains: Pregabalin BP 300 mg 
Excipients q.s.
",https://admin.greenbook.nafdac.gov.ng/uploadImage/smpc_files/2026/01/16/2026011639194753-c9f0-50f8-a47e-02f041a202e3.pdf,N02BF02 ,https://greenbook.nafdac.gov.ng/products/details/12420,2026-09-29T10:52:30.242228+00:00
Greenbook NAFDAC,4419,3687,Mcforis Ceftriaxone Sodium 1 g##,1,Drugs,"{'id': 1, 'name': 'Drugs', 'created_at': '-000001-11-30T00:00:00.000000Z', 'updated_at': '2022-03-17T16:53:12.000000Z', 'deleted_at': None}",1541,Ceftriaxone (Ceftriaxone Sodium),,B4-6379,70,Powder for injection,12,Intravenous,1 g,432,MC Foris Pharmaceuticals Limited,2021-08-26,2026-08-25,Inactive,"Powder for Solution for Injection
",1 x 1 vial,"Each Combipack contains:
1. One vial of Ceftriaxone Sodium equivalent to Ceftriaxone 1 g 
2. One ampoule of Sterile Water for Injection 10 mL",,J01DD04,https://greenbook.nafdac.gov.ng/products/details/3687,2026-09-29T10:52:30.242228+00:00
Greenbook NAFDAC,4420,12265,Mcforis Ketoconazole Cream_,1,Drugs,"{'id': 1, 'name': 'Drugs', 'created_at': '-000001-11-30T00:00:00.000000Z', 'updated_at': '2022-03-17T16:53:12.000000Z', 'deleted_at': None}",1112,Clobetasol; Ketoconazole; Neomycin,,A4-101711,4,Cream,21,Topical,0.25 mg; 10 mg; 5000 IU,432,MC Foris Pharmaceuticals Limited,2025-11-26,2030-11-25,Active,"Cream.
A clear colorless liquid",1 x 15 g,"Each gram contains: Ketoconazole 10 mg, Clobetasol Propionate 0.25 mg, and Neomycin Sulfate 5000 IU
Excipients q.s.",https://admin.greenbook.nafdac.gov.ng/uploadImage/smpc_files/2025/12/12/20251212a756ad93-bf21-5c03-91f2-5d8e1ecd4ae3.pdf,D07CD01,https://greenbook.nafdac.gov.ng/products/details/12265,2026-09-29T10:52:30.242228+00:00
Greenbook NAFDAC,4421,6313,MCN Insert##,1,Drugs,"{'id': 1, 'name': 'Drugs', 'created_at': '-000001-11-30T00:00:00.000000Z', 'updated_at': '2022-03-17T16:53:12.000000Z', 'deleted_at': None}",1642,Metronidazole; Nystatin; Clotrimazole,,C4-1523,1,Tablet,24,Vaginal,500 mg; 100000 IU; 100 mg,1012,Cyrus Pharma Limited,2020-12-21,2025-12-20,Inactive,"Tablet

MCN Insert	C4-1523	Metronidazole, Nystatin, Clotrimazole	Antiinfectives	Oral	500 Mg, 100000 Iu, 100 Mg	Tablet	Prescription Only Medicine (Pom)	Cyrus Pharma Ltd	Kwality Pharmaceuticals Limited	India	2020-12-21	2025-12-20",,"Each tablet contains: Metronidazole 500 mg, Nystatin 100,000 IU, Clotrimazole 100 mg",,G01AA51,https://greenbook.nafdac.gov.ng/products/details/6313,2026-09-29T10:52:30.242228+00:00
Greenbook NAFDAC,4422,5762,Me-Cure's Loperamide Capsules##,1,Drugs,"{'id': 1, 'name': 'Drugs', 'created_at': '-000001-11-30T00:00:00.000000Z', 'updated_at': '2022-03-17T16:53:12.000000Z', 'deleted_at': None}",195,Loperamide Hydrochloride,,A11-100486,2,Capsule,1,Oral,2 mg,223,Me Cure Industries Limited,2023-04-26,2028-04-25,Active,"Capsule
A green colored cap and yellow colored body, hard gelatin capsules; having printed with &quot;MECURE” in cap, containing white powder

8	NF-PP-245513	ME CURE&#039;S LOPERAMIDE CAPSULES	Loperamide Hydrochloride 2mg	Loperamide 2mg, SSG 40mg,Micro crystalline cellulose 50mg, Starch B.P 70mg, Colloidal silicone dioxide 1mg, Magnesium stearate 2mg, Talcum 2mg	A11-100486	Drugs	ALIMENTARY TRACT AND METABOLISM	Nigerian Products	1X10	OTC	1/11/2022	Me Cure Industries Ltd, Debo Industries Compound, Plot 6, Block H, Oshodi Industrial Scheme, Oshodi, Lagos. 	12206062	pharma@mecure.com	Me Cure Industries Ltd., Debo Industries Compound, Plot 6, Block H, Oshodi Industrial Scheme, Oshodi, Lagos. , Nigeria",1 x 10&#039;s (in PVC-Alu blister),"Each capsule contains Loperamide Hydrochloride BP 2 mg
Excipients q.s.",https://admin.greenbook.nafdac.gov.ng/uploadImage/smpc_files/2023/09/25/2023092578dcd853-03e7-59f4-9431-d25faacbff78.pdf,A07DA03,https://greenbook.nafdac.gov.ng/products/details/5762,2026-09-29T10:52:30.242228+00:00
Greenbook NAFDAC,4423,1574,Mebendazole 100 Tablet##,1,Drugs,"{'id': 1, 'name': 'Drugs', 'created_at': '-000001-11-30T00:00:00.000000Z', 'updated_at': '2022-03-17T16:53:12.000000Z', 'deleted_at': None}",571,Mebendazole,,A11-100341,1,Tablet,1,Oral,100 mg,27,Fidson Healthcare PLC,2021-12-16,2026-12-15,Active,Tablet,1 x 6&#039;s (in PVC-Alu sachet),Each tablet contains: Mebendazole 100 mg,https://admin.greenbook.nafdac.gov.ng/uploadImage/smpc_files/2025/01/14/2025011471f04e45-9028-58dc-9ccc-76210282387b.pdf,P02CA01,https://greenbook.nafdac.gov.ng/products/details/1574,2026-09-29T10:52:30.242228+00:00
Greenbook NAFDAC,4424,12266,Mebox Tablet_,1,Drugs,"{'id': 1, 'name': 'Drugs', 'created_at': '-000001-11-30T00:00:00.000000Z', 'updated_at': '2022-03-17T16:53:12.000000Z', 'deleted_at': None}",571,Mebendazole,,A4-7734,1,Tablet,1,Oral,100 mg,186,GoldMoore International Limited,2025-11-26,2030-11-25,Active,Tablet,20 x 1 x 6&#039;s (in boxes),"Each tablet contains; Mebendazole 100 mg
Excipients q.s.",https://admin.greenbook.nafdac.gov.ng/uploadImage/smpc_files/2025/12/16/202512162aa27026-9c5c-5dd9-92bd-ce98b06f1715.pdf,P02CA01,https://greenbook.nafdac.gov.ng/products/details/12266,2026-09-29T10:52:30.242228+00:00
Greenbook NAFDAC,4425,10332,Meconerve Forte Capsules##,1,Drugs,"{'id': 1, 'name': 'Drugs', 'created_at': '-000001-11-30T00:00:00.000000Z', 'updated_at': '2022-03-17T16:53:12.000000Z', 'deleted_at': None}",2030,Pyridoxine Hydrochloride; Metylcobalamin; Alpha Lipoic Acid; Benfotiamine; Inositol,,A4-8356,2,Capsule,1,Oral,3mg; 1000mcg; 200mg; 100mg; 100mg,230,Micro Nova Pharmaceuticals Ind Ltd,2021-09-28,2026-09-27,Inactive,Capsule,3 x 10&#039;s,"Each capsule contains: Pyridoxine Hydrochloride 3 mg, Mecobalamin 1000 mcg, Alpha Lipoic Acid 200 mg, Benfotiamine 100 mg, Inositol 100 mg",,,https://greenbook.nafdac.gov.ng/products/details/10332,2026-09-29T10:52:30.242228+00:00
Greenbook NAFDAC,4426,8892,MeCure's Amlodipine 10 mg Tablet**,1,Drugs,"{'id': 1, 'name': 'Drugs', 'created_at': '-000001-11-30T00:00:00.000000Z', 'updated_at': '2022-03-17T16:53:12.000000Z', 'deleted_at': None}",272,Amlodipine (Amlodipine Besilate),Amlodipine (Amlodipine Besylate),A11-100744,1,Tablet,1,Oral,10 mg,223,Me Cure Industries Limited,2024-07-31,2029-07-30,Active,"Uncoated Tablet.
A white circular biconvex uncoated tablet embossed with “MECURE” on one side and “A/10” on the other side",2 x 14&#039;s (in Alu-PVC blisters),Each uncoated tablet contains: Amlodipine Besylate BP equiv. to Amlodipine 10 mg,https://admin.greenbook.nafdac.gov.ng/uploadImage/smpc_files/2024/09/17/202409173838075f-ef86-59a3-9d31-2415c13b5387.pdf,C08CA01,https://greenbook.nafdac.gov.ng/products/details/8892,2026-09-29T10:52:30.242228+00:00
Greenbook NAFDAC,4427,8893,MeCure's Amlodipine 5 mg Tablet**,1,Drugs,"{'id': 1, 'name': 'Drugs', 'created_at': '-000001-11-30T00:00:00.000000Z', 'updated_at': '2022-03-17T16:53:12.000000Z', 'deleted_at': None}",272,Amlodipine (Amlodipine Besilate),Amlodipine (Amlodipine Besylate),A11-100743,1,Tablet,1,Oral,5 mg,223,Me Cure Industries Limited,2024-07-31,2029-07-30,Active,"Tablet.
A white circular biconvex uncoated tablet, embossed with “MECURE” on one side and “A/5” on the other side",2 x 14&#039;s (in Alu-PVC blisters),Each uncoated tablet contains: Amlodipine Besylate BP equiv. to Amlodipine 5 mg,https://admin.greenbook.nafdac.gov.ng/uploadImage/smpc_files/2024/09/17/20240917ccf36048-08a8-594b-9e01-20d29e434f95.pdf,C08CA01,https://greenbook.nafdac.gov.ng/products/details/8893,2026-09-29T10:52:30.242228+00:00
Greenbook NAFDAC,4428,12030,MeCure's Amoxicillin and Clavulanic Acid 228.5mg/5mL Oral Suspension_,1,Drugs,"{'id': 1, 'name': 'Drugs', 'created_at': '-000001-11-30T00:00:00.000000Z', 'updated_at': '2022-03-17T16:53:12.000000Z', 'deleted_at': None}",423,Amoxicillin (Amoxicillin Trihydrate); Clavulanic Acid (Potassium Clavulanate),,A11-100965,72,Powder for suspension,1,Oral,200 mg/5 mL; 28.5 mg/5 mL,223,Me Cure Industries Limited,2025-09-24,2030-09-23,Active,"Powder for Oral Suspension.
Almost white-coloured granular powder, contained in a white pet bottle. White colour in suspension form
",30 mL; 70 mL (in PET bottles),Each 5 mL contains: Amoxicillin (Amoxicillin Trihydrate) 200 mg; and Clavulanic Acid (Potassium Clavulanate) 28.5 mg,https://admin.greenbook.nafdac.gov.ng/uploadImage/smpc_files/2025/11/28/20251128a04db364-25b6-53cc-95fa-7f8e0f0587d5.pdf,J01CR02,https://greenbook.nafdac.gov.ng/products/details/12030,2026-09-29T10:52:30.242228+00:00
Greenbook NAFDAC,4429,12421,MeCure's Amoxicillin and Clavulanic Acid 375mg Tablets $,1,Drugs,"{'id': 1, 'name': 'Drugs', 'created_at': '-000001-11-30T00:00:00.000000Z', 'updated_at': '2022-03-17T16:53:12.000000Z', 'deleted_at': None}",423,Amoxicillin (Amoxicillin Trihydrate); Clavulanic Acid (Potassium Clavulanate),,A11-100961,1,Tablet,1,Oral,250mg; 125mg,223,Me Cure Industries Limited,2025-08-27,2030-08-26,Active,"MeCure&#039;s Amoxicillin and Clavulanic Acid 375mg Tablets	MeCure&#039;s Amoxicillin and Clavulanic Acid 375mg Tablets	AMOXICILLIN TRIHYDRATE B.P. 250.00 MG, POTASSIUM CLAVULANATE B.P. 125.00 MG	A11-100961	Drugs	Nigerian Products	2x10	20-02-2025	MECURE INDUSTRIES  PLC  , Debo Industries Compound, Plot 6, Block H, Oshodi Industrial Scheme, Oshodi, Lagos.	012206062	pharma@mecure.com	Me Cure Industries Ltd., Debo Industries Compound, Plot 6, Block H, Oshodi Industrial Scheme, Oshodi, Lagos.,Debo Industries Compound, Plot 6, Block H, Oshodi Industrial Scheme, Oshodi, Lagos.
",2 x10,"White oblong shaped film coated tablets, embossed with “MECURE” on one side and “375” on the other side.
Each film-coated tablet contains amoxicillin trihydrate equivalent to 250 mg amoxicillin and potassium clavulanate 
equivalent to 125 mg of clavulanic acid.   


AMOXICILLIN TRIHYDRATE B.P. 250.00 MG, POTASSIUM CLAVULANATE B.P. 125.00 MG",https://admin.greenbook.nafdac.gov.ng/uploadImage/smpc_files/2026/01/08/20260108ebc6ddbb-27c8-5972-8031-7ba7d87e5cff.pdf,J01CR02 ,https://greenbook.nafdac.gov.ng/products/details/12421,2026-09-29T10:52:30.242228+00:00
Greenbook NAFDAC,4430,7690,MeCure's Amoxicillin and Clavulanic Acid Tablets**,1,Drugs,"{'id': 1, 'name': 'Drugs', 'created_at': '-000001-11-30T00:00:00.000000Z', 'updated_at': '2022-03-17T16:53:12.000000Z', 'deleted_at': None}",423,Amoxicillin (Amoxicillin Trihydrate); Clavulanic Acid (Potassium Clavulanate),,B4-7043,1,Tablet,1,Oral,500 mg; 125 mg,223,Me Cure Industries Limited,2024-04-30,2029-05-01,Active,"Film Coated Tablet
White oblong caplet shaped film coated tablets, having embossed with &quot;MECURE’&quot; on one side and on the other side is “625”",2 x 7&#039;s (in Alu-Alu blisters),"Each film coated tablet contains: Amoxicillin Trihydrate equivalent to Amoxicillin 500 mg, Potassium Clavulanate equivalent to Clavulanic Acid 125 mg, Excipients q.s.",https://admin.greenbook.nafdac.gov.ng/uploadImage/smpc_files/2024/05/19/202405199d579490-288b-5757-a0c0-4ce3fed24d9e.pdf,J01CR02,https://greenbook.nafdac.gov.ng/products/details/7690,2026-09-29T10:52:30.242228+00:00
Greenbook NAFDAC,4431,5211,MeCure's Antacid Tablets**,1,Drugs,"{'id': 1, 'name': 'Drugs', 'created_at': '-000001-11-30T00:00:00.000000Z', 'updated_at': '2022-03-17T16:53:12.000000Z', 'deleted_at': None}",1635,Magnesium trisilicate; Dried Aluminium hydroxide,,A11-100540,6,Chewable tablet,1,Oral,250 mg; 120 mg,223,Me Cure Industries Limited,2023-07-06,2028-07-05,Active,"Chewable Tablet.
White, round and flat shaped, uncoated tablets having embossed with &quot;M&quot; on one side and the other side is plain",1 x 500&#039;s,"Compound Magnesium Trisilicate Tablets B.P.
Each tablet contains: Magnesium Trisilicate BP 250 mg, Dried Aluminum Hydroxide 120 mg, Excipients q.s.",https://admin.greenbook.nafdac.gov.ng/uploadImage/smpc_files/2023/09/19/20230919823c268f-746c-5462-a016-063052109b04.pdf,A02A,https://greenbook.nafdac.gov.ng/products/details/5211,2026-09-29T10:52:30.242228+00:00
Greenbook NAFDAC,4432,8751,MeCure's Artemether & Lumefantrine**,1,Drugs,"{'id': 1, 'name': 'Drugs', 'created_at': '-000001-11-30T00:00:00.000000Z', 'updated_at': '2022-03-17T16:53:12.000000Z', 'deleted_at': None}",528,Artemether; Lumefantrine,,A11-100748,1,Tablet,1,Oral,80 mg; 480 mg,223,Me Cure Industries Limited,2024-07-31,2029-07-30,Active,Tablet,1 x 6&#039;s (in Alu blister),"Artemether 80 mg and Lumefantrine 480 mg Tablets.
Each film-coated tablet contains: Artemether 80 mg and Lumefantrine 480 mg",https://admin.greenbook.nafdac.gov.ng/uploadImage/smpc_files/2024/09/17/2024091781ade68a-a031-59f4-9547-7cf2e3b50d16.pdf,P01BF01,https://greenbook.nafdac.gov.ng/products/details/8751,2026-09-29T10:52:30.242228+00:00
Greenbook NAFDAC,4433,8752,MeCure's Artemether and Lumefantrine Tablets**,1,Drugs,"{'id': 1, 'name': 'Drugs', 'created_at': '-000001-11-30T00:00:00.000000Z', 'updated_at': '2022-03-17T16:53:12.000000Z', 'deleted_at': None}",528,Artemether; Lumefantrine,,A11-100747,1,Tablet,1,Oral,20 mg; 120 mg,223,Me Cure Industries Limited,2024-07-31,2029-07-30,Active,"Film-coated tablets.
Yellow circular biconvex film-coated tablet embossed with “MECURE” on one side and the other side is plain",1 x 24&#039;s (in PVC/PE/PVDC/aluminium blister),"Artemether 20mg and Lumefantrine 120mg Tablets.
Each film-coated tablet contains: Artemether 20 mg, Lumefantrine 120 mg, Excipients q.s.",https://admin.greenbook.nafdac.gov.ng/uploadImage/smpc_files/2024/09/17/20240917c48d1370-76e6-5661-90a1-bff552a9cb72.pdf,P01BF01,https://greenbook.nafdac.gov.ng/products/details/8752,2026-09-29T10:52:30.242228+00:00
Greenbook NAFDAC,4434,5210,MeCure's Blood Tone Tablets**,1,Drugs,"{'id': 1, 'name': 'Drugs', 'created_at': '-000001-11-30T00:00:00.000000Z', 'updated_at': '2022-03-17T16:53:12.000000Z', 'deleted_at': None}",315,Ferrous sulfate,,04-9611,1,Tablet,1,Oral,200 mg,223,Me Cure Industries Limited,2022-05-26,2027-05-25,Active,"Sugar-coated Tablet.
Red colored circular biconvex sugar-coated tablet",2 x 50&#039;s (in blister packs),"Each sugar-coated tablet contains: Ferrous Sulfate 200 mg equivalent to Elemental Iron 65 mg, Excipients q.s.",https://admin.greenbook.nafdac.gov.ng/uploadImage/smpc_files/2023/10/02/2023100280860bb5-7d63-5723-a528-38f6f192eca1.pdf,B03AA07,https://greenbook.nafdac.gov.ng/products/details/5210,2026-09-29T10:52:30.242228+00:00
Greenbook NAFDAC,4435,3675,MeCure's Chlorpheniramine Tablets**,1,Drugs,"{'id': 1, 'name': 'Drugs', 'created_at': '-000001-11-30T00:00:00.000000Z', 'updated_at': '2022-03-17T16:53:12.000000Z', 'deleted_at': None}",413,Chlorphenamine Maleate,Chlorpheniramine Maleate,A11-100244,1,Tablet,1,Oral,4 mg,223,Me Cure Industries Limited,2021-10-28,2026-10-27,Active,"Uncoated Tablet
Pale, yellow-colored circular biconvex uncoated tablets, having embossed with &quot;Me Cure&quot; on one side and a break line on the other side",10 x 10&#039;s (in PVC-Alu blisters),"Each tablet contains: Chlorphenamine Maleate 4 mg, Excipients q.s.",https://admin.greenbook.nafdac.gov.ng/uploadImage/smpc_files/2024/11/12/2024111253f9c7dd-9a9d-5295-b38b-35d1568e25b5.pdf,R06AB04,https://greenbook.nafdac.gov.ng/products/details/3675,2026-09-29T10:52:30.242228+00:00
Greenbook NAFDAC,4436,132,MeCure's Cimetidine 200 mg Tablets**,1,Drugs,"{'id': 1, 'name': 'Drugs', 'created_at': '-000001-11-30T00:00:00.000000Z', 'updated_at': '2022-03-17T16:53:12.000000Z', 'deleted_at': None}",170,Cimetidine,,A11-0264,1,Tablet,1,Oral,200 mg,223,Me Cure Industries Limited,2021-10-28,2026-10-27,Active,"Uncoated Tablet.
Almost white oblong shaped uncoated tablet, having embossed with &quot;Mecure&quot; on one side and &quot;200&#039; on the other side",1 x 20&#039;s (in blister),"Each tablet contains: Cimetidine 200 mg, Excipients q.s.",https://admin.greenbook.nafdac.gov.ng/uploadImage/smpc_files/2024/11/12/202411128c0ad4bc-a179-52e0-9b9e-d2d56c832919.pdf,A02BA01,https://greenbook.nafdac.gov.ng/products/details/132,2026-09-29T10:52:30.242228+00:00
Greenbook NAFDAC,4437,409,MeCure's Cimetidine 400 mg Tablets**,1,Drugs,"{'id': 1, 'name': 'Drugs', 'created_at': '-000001-11-30T00:00:00.000000Z', 'updated_at': '2022-03-17T16:53:12.000000Z', 'deleted_at': None}",170,Cimetidine,,A11-0265,1,Tablet,1,Oral,400 mg,223,Me Cure Industries Limited,2021-10-28,2026-10-27,Active,Tablet,1 x 20&#039;s (in blister),"Each tablet contains: Cimetidine 400 mg, Excipients q.s.",https://admin.greenbook.nafdac.gov.ng/uploadImage/smpc_files/2024/11/12/20241112c6124a46-0659-5e6c-a16d-ed924e9791e0.pdf,A02BA01,https://greenbook.nafdac.gov.ng/products/details/409,2026-09-29T10:52:30.242228+00:00
Greenbook NAFDAC,4438,4549,MeCure's Cold Free Tablet**,1,Drugs,"{'id': 1, 'name': 'Drugs', 'created_at': '-000001-11-30T00:00:00.000000Z', 'updated_at': '2022-03-17T16:53:12.000000Z', 'deleted_at': None}",1025,Paracetamol; Caffeine; Phenylephrine; Chlorphenamine; Ascorbic acid,,A4-1032,1,Tablet,1,Oral,500 mg; 30 mg; 5 mg; 4 mg; 50 mg,223,Me Cure Industries Limited,2021-05-07,2026-05-06,Inactive,"Cold Tablet
Orange circular flat beveled edge uncoated tablets, embossed with “COLD FREE“ on one side and other side is &quot;MECURE&quot;

Vitamin C Tablet
Almost white circular biconvex uncoated tablets, embossed with “VIT C” on one side and other is plain",1 x 4&#039;s Cold Tablet &amp; 1 x 4&#039;s Vitamin C Tablet (in PVC-Alu blisters),"Cold tablet
Each uncoated tablet contains: Paracetamol 500 mg, Phenylephrine 5 mg, Chlorpheniramine Maleate 4 mg, Caffeine 30 mg, Excipients q.s.

Vitamin C tablet
Each uncoated tablet contains: Ascorbic acid 50 mg, Excipients q.s.",https://admin.greenbook.nafdac.gov.ng/uploadImage/smpc_files/2024/06/24/20240624c5870242-5c20-5e69-b4ef-0b8a7e5d0485.pdf,N02B,https://greenbook.nafdac.gov.ng/products/details/4549,2026-09-29T10:52:30.242228+00:00
Greenbook NAFDAC,4439,4216,MeCure's Dexamethasone Tablets**,1,Drugs,"{'id': 1, 'name': 'Drugs', 'created_at': '-000001-11-30T00:00:00.000000Z', 'updated_at': '2022-03-17T16:53:12.000000Z', 'deleted_at': None}",770,Dexamethasone,,A4-0201,1,Tablet,1,Oral,0.5 mg,223,Me Cure Industries Limited,2021-03-01,2026-02-28,Inactive,,,,https://admin.greenbook.nafdac.gov.ng/uploadImage/smpc_files/2024/11/12/2024111216bbc0af-2d5f-569f-b81d-7d98dbaa9420.pdf,H02AB02,https://greenbook.nafdac.gov.ng/products/details/4216,2026-09-29T10:52:30.242228+00:00
Greenbook NAFDAC,4440,10767,MeCure's Diclofenac 50 mg Tablet**,1,Drugs,"{'id': 1, 'name': 'Drugs', 'created_at': '-000001-11-30T00:00:00.000000Z', 'updated_at': '2022-03-17T16:53:12.000000Z', 'deleted_at': None}",77,Diclofenac Sodium,,A11-100742,1,Tablet,1,Oral,50 mg,223,Me Cure Industries Limited,2024-07-31,2029-07-30,Active,"Uncoated Tablet.
Yellow colored oblong shaped uncoated tablets, having both sides plain",1 x 10&#039;s (in PVC-Alu blister),"Each uncoated tablet contains: Diclofenac Sodium BP 50 mg, Excipients: q.s.",https://admin.greenbook.nafdac.gov.ng/uploadImage/smpc_files/2024/09/16/2024091679cff8f5-5330-585a-930f-671e639ccc67.pdf,M01AB05,https://greenbook.nafdac.gov.ng/products/details/10767,2026-09-29T10:52:30.242228+00:00
Greenbook NAFDAC,4441,10781,MeCure's Diclofenac and Vitamins B1+B6+B12 Tablets**,1,Drugs,"{'id': 1, 'name': 'Drugs', 'created_at': '-000001-11-30T00:00:00.000000Z', 'updated_at': '2022-03-17T16:53:12.000000Z', 'deleted_at': None}",1562,Diclofenac Sodium; Vit B1; Vit B6; Vit B12,,B4-4631,1,Tablet,1,Oral,50 mg; 50 mg; 100 mg; 100 mcg,223,Me Cure Industries Limited,2024-09-25,2029-09-24,Active,Film-coated Tablet,10 x 10 (in Alu-PVC blisters),"Each film-coated tablet contains: Diclofenac Sodium 50 mg, Vitamin B1 50 mg, Vitamin B6 100 mg, Vitamin B12 100 mcg

Excipients:
Lactose, Starch, PVP K30, IPA, Talcum, Croscarmellose, Sodium, Magnesium Stearate.
Tablet Coating: Isopropyl Alcohol, Ready Mix Coat (Yellow), Methylene Chloride",https://admin.greenbook.nafdac.gov.ng/uploadImage/smpc_files/2024/11/11/20241111f93b2c8f-08cc-578c-bba8-12d3c62824d9.pdf,M01AB55,https://greenbook.nafdac.gov.ng/products/details/10781,2026-09-29T10:52:30.242228+00:00
Greenbook NAFDAC,4442,12031,MeCure's Diclofenac Potassium Tablets	50 mg_,1,Drugs,"{'id': 1, 'name': 'Drugs', 'created_at': '-000001-11-30T00:00:00.000000Z', 'updated_at': '2022-03-17T16:53:12.000000Z', 'deleted_at': None}",1125,Diclofenac Potassium,,A11-100966,1,Tablet,1,Oral,50 mg,223,Me Cure Industries Limited,2025-09-24,2030-09-23,Active,"Uncoated tablets.
A dark pink-colored, circular, biconvex, uncoated tablets, both sides are plain",1 x 10&#039;s (in Alu-PVC blister),"Each Uncoated Tablet Contains: Diclofenac Potassium 50 mg B.P
Excipients: q.s.",https://admin.greenbook.nafdac.gov.ng/uploadImage/smpc_files/2025/11/28/202511280d4cd2f0-44f9-538f-a007-a5a75c60d498.pdf,M01AB05,https://greenbook.nafdac.gov.ng/products/details/12031,2026-09-29T10:52:30.242228+00:00
Greenbook NAFDAC,4443,5886,MeCure's Diclofenac Tablet**,1,Drugs,"{'id': 1, 'name': 'Drugs', 'created_at': '-000001-11-30T00:00:00.000000Z', 'updated_at': '2022-03-17T16:53:12.000000Z', 'deleted_at': None}",77,Diclofenac Sodium,,A11-0663,1,Tablet,1,Oral,50 mg,223,Me Cure Industries Limited,2023-08-31,2028-08-30,Active,"Sugar Coated Tablet.
A peach colored, circular biconvex sugar-coated tablets, having both sides plain",10 x 10&#039;s (in blisters),"Each tablet contains: Diclofenac Sodium BP 50 mg, Excipients q.s.",https://admin.greenbook.nafdac.gov.ng/uploadImage/smpc_files/2023/09/22/202309226da3cb0e-86c0-5dd9-90a3-0433af942899.pdf,M01AB05,https://greenbook.nafdac.gov.ng/products/details/5886,2026-09-29T10:52:30.242228+00:00
Greenbook NAFDAC,4444,133,MeCure's Diclopar**,1,Drugs,"{'id': 1, 'name': 'Drugs', 'created_at': '-000001-11-30T00:00:00.000000Z', 'updated_at': '2022-03-17T16:53:12.000000Z', 'deleted_at': None}",1549,Diclofenac Sodium; Paracetamol,,A11-0262,1,Tablet,1,Oral,50 mg; 500 mg,223,Me Cure Industries Limited,2021-12-02,2026-12-01,Active,"Tablet
A pale-yellow oblong shaped uncoated tablet having embossed with &quot;Diclopar&quot; on one side and a break-line on the other side",1 x 10&#039;s (in blister),"Each tablet contains: Diclofenac Sodium 50 mg, Paracetamol BP 500 mg, Excipients q.s.",https://admin.greenbook.nafdac.gov.ng/uploadImage/smpc_files/2024/06/24/2024062449ff5712-dfc4-52ea-935c-3886f2614c13.pdf,N02BE51,https://greenbook.nafdac.gov.ng/products/details/133,2026-09-29T10:52:30.242228+00:00
Greenbook NAFDAC,4445,134,MeCure's Erythromycin Tablets**,1,Drugs,"{'id': 1, 'name': 'Drugs', 'created_at': '-000001-11-30T00:00:00.000000Z', 'updated_at': '2022-03-17T16:53:12.000000Z', 'deleted_at': None}",1164,Erythromycin,,A11-0263,1,Tablet,1,Oral,500 mg,223,Me Cure Industries Limited,2021-10-28,2026-10-27,Active,"Film Coated Tablet.
White oblong shaped film coated tablet with break-line on one side and other side is plain",1 x 10&#039;s (in blister),"Each tablet contains: Erythromycin 500 mg, Excipients q.s.",https://admin.greenbook.nafdac.gov.ng/uploadImage/smpc_files/2024/06/24/20240624da2901ca-9b51-5cdb-96eb-f9cf409249f5.pdf,J01FA01,https://greenbook.nafdac.gov.ng/products/details/134,2026-09-29T10:52:30.242228+00:00
Greenbook NAFDAC,4446,5213,MeCure's Folic Acid Tablet**,1,Drugs,"{'id': 1, 'name': 'Drugs', 'created_at': '-000001-11-30T00:00:00.000000Z', 'updated_at': '2022-03-17T16:53:12.000000Z', 'deleted_at': None}",326,Folic acid; Vitamin B12,,A11-100539,1,Tablet,1,Oral,5 mg; 5 mcg,223,Me Cure Industries Limited,2023-07-06,2028-07-05,Active,"Uncoated Tablet.
Yellow, circular, biconvex uncoated tablets having embossed with &quot;MECURE&quot; on one side and the other side is plain",1 x 100&#039;s (in a jar),"Each tablet contains: Folic Acid 5 mg, Vitamin B12 5 mcg, Excipients q.s.",https://admin.greenbook.nafdac.gov.ng/uploadImage/smpc_files/2023/09/18/20230918bfbbc906-e192-57fc-a4f4-e7f9f6219c1b.pdf,B03B,https://greenbook.nafdac.gov.ng/products/details/5213,2026-09-29T10:52:30.242228+00:00
Greenbook NAFDAC,4447,11644,Mecure's Glibenclamide Tablet_,1,Drugs,"{'id': 1, 'name': 'Drugs', 'created_at': '-000001-11-30T00:00:00.000000Z', 'updated_at': '2022-03-17T16:53:12.000000Z', 'deleted_at': None}",621,Glibenclamide,Glyburide,A11-100897,1,Tablet,1,Oral,5 mg,223,Me Cure Industries Limited,2025-06-25,2030-06-24,Active,"Tablet.
A white circular biconvex uncoated tablet, having embossed with “MECURE” on one side and “GB/5” on the other side",2 x 14&#039;s (in Alu-PVC blisters),"Each film-coated tablet contains: Glibenclamide 5 mg
Excipients q.s.",https://admin.greenbook.nafdac.gov.ng/uploadImage/smpc_files/2025/07/28/2025072880f5fd68-04a1-513d-882f-f301c8c04f82.pdf,A10BB01,https://greenbook.nafdac.gov.ng/products/details/11644,2026-09-29T10:52:30.242228+00:00
Greenbook NAFDAC,4448,10768,MeCure's Hyoscine Butylbromide Tablet**,1,Drugs,"{'id': 1, 'name': 'Drugs', 'created_at': '-000001-11-30T00:00:00.000000Z', 'updated_at': '2022-03-17T16:53:12.000000Z', 'deleted_at': None}",185,Hyoscine Butylbromide,Hyoscine-N-butyl Bromide; Butylscopolamine,A4-5627,1,Tablet,1,Oral,10 mg,223,Me Cure Industries Limited,2024-09-25,2029-09-24,Active,"Sugar-coated Tablet.
White, circular, biconvex sugar-coated tablets, both sides are plain",1 x 100 (in a jar),"Each sugar-coated tablet contains: Hyoscine Butylbromide 10 mg, Excipients q.s.",https://admin.greenbook.nafdac.gov.ng/uploadImage/smpc_files/2024/11/11/2024111198441519-c016-5090-bacc-1884869925fd.pdf,A03BB01,https://greenbook.nafdac.gov.ng/products/details/10768,2026-09-29T10:52:30.242228+00:00
Greenbook NAFDAC,4449,11645,MeCure's Loratadine Tablets 10 mg_,1,Drugs,"{'id': 1, 'name': 'Drugs', 'created_at': '-000001-11-30T00:00:00.000000Z', 'updated_at': '2022-03-17T16:53:12.000000Z', 'deleted_at': None}",419,Loratadine,,A11-100931,1,Tablet,1,Oral,10 mg,223,Me Cure Industries Limited,2025-07-30,2030-07-29,Active,"Tablet.
White color oblong-shaped, uncoated tablets with a break line on one side and the other side is plain",10 x 10&#039;s (in blisters),"Each tablet contains: Loratadine 10 mg
Excipients q.s.
",https://admin.greenbook.nafdac.gov.ng/uploadImage/smpc_files/2025/09/04/2025090412964e33-fdba-519a-a697-6b1430cda15b.pdf,R06AX13,https://greenbook.nafdac.gov.ng/products/details/11645,2026-09-29T10:52:30.242228+00:00
Greenbook NAFDAC,4450,11237,MeCure's Losartan Tablets**,1,Drugs,"{'id': 1, 'name': 'Drugs', 'created_at': '-000001-11-30T00:00:00.000000Z', 'updated_at': '2022-03-17T16:53:12.000000Z', 'deleted_at': None}",263,Losartan Potassium,,A11-100876,1,Tablet,1,Oral,25 mg,223,Me Cure Industries Limited,2025-05-27,2030-05-26,Active,"Uncoated tablet.
White colored, circular biconvex uncoated tablets, having “MECURE” on one side and “L/25” on the other side",2 x 14&#039;s (in blisters),"Each uncoated tablet contains: Losartan 25 mg, Excipients q.s.",https://admin.greenbook.nafdac.gov.ng/uploadImage/smpc_files/2025/07/02/20250702bf795f07-7005-5e7a-b18d-7b7bae4969eb.pdf,C09CA01,https://greenbook.nafdac.gov.ng/products/details/11237,2026-09-29T10:52:30.242228+00:00
Greenbook NAFDAC,4451,10769,MeCure's Mebendazole Tablet**,1,Drugs,"{'id': 1, 'name': 'Drugs', 'created_at': '-000001-11-30T00:00:00.000000Z', 'updated_at': '2022-03-17T16:53:12.000000Z', 'deleted_at': None}",571,Mebendazole,,A11-0714,1,Tablet,1,Oral,100 mg,223,Me Cure Industries Limited,2024-07-31,2029-07-30,Active,"Uncoated Tablet.
Orange colored circular flat beveled edge uncoated tablets embossed with ‘MECURE” on one side and break line on the other side contained in a PVC-Alu blister",20 x 1 x 6&#039;s (in PVC-Alu blisters); 1 x 100&#039;s (in jar),"Each tablet contains: Mebendazole USP 100 mg, Excipients q.s.",https://admin.greenbook.nafdac.gov.ng/uploadImage/smpc_files/2024/09/17/2024091786a7c907-6051-5ded-bae2-b881e4ba9ae5.pdf,P02CA01,https://greenbook.nafdac.gov.ng/products/details/10769,2026-09-29T10:52:30.242228+00:00
Greenbook NAFDAC,4452,8915,MeCure's Metformin 500 mg Tablet**,1,Drugs,"{'id': 1, 'name': 'Drugs', 'created_at': '-000001-11-30T00:00:00.000000Z', 'updated_at': '2022-03-17T16:53:12.000000Z', 'deleted_at': None}",625,Metformin Hydrochloride,,A11-100741,1,Tablet,1,Oral,500 mg,223,Me Cure Industries Limited,2024-07-31,2029-07-30,Active,"Film-coated Tablet.
White circular biconvex film-coated tablet, having embossed with “MFT” on one side and “500” on the other side",4 x 21&#039;s (in Alu-PVC blisters),"Each film-coated tablet contains: Metformin Hydrochloride 500 mg, Excipients q.s.",https://admin.greenbook.nafdac.gov.ng/uploadImage/smpc_files/2024/09/17/2024091709984a71-6ab1-54e8-99f8-d34a90af6dd7.pdf,A10BA02,https://greenbook.nafdac.gov.ng/products/details/8915,2026-09-29T10:52:30.242228+00:00
Greenbook NAFDAC,4453,135,MeCure's Prednisolone Tablets**,1,Drugs,"{'id': 1, 'name': 'Drugs', 'created_at': '-000001-11-30T00:00:00.000000Z', 'updated_at': '2022-03-17T16:53:12.000000Z', 'deleted_at': None}",778,Prednisolone,,A11-100245,1,Tablet,1,Oral,5 mg,223,Me Cure Industries Limited,2021-10-28,2026-10-27,Active,"Uncoated Tablet.
White circular biconvex uncoated tablets having embossed with &quot;Mecure&quot; on one side and break line on the other side",1 x 10 x 10&#039;s (in PVC-Alu blisters),"Each uncoated tablet contains: Prednisolone 5 mg BP, Excipients q.s.",https://admin.greenbook.nafdac.gov.ng/uploadImage/smpc_files/2024/06/24/202406244d4f8451-5820-5b90-93d8-91f729001f3f.pdf,H02AB06,https://greenbook.nafdac.gov.ng/products/details/135,2026-09-29T10:52:30.242228+00:00
Greenbook NAFDAC,4454,11238,MeCure's Telmisartan 40 mg Tablets**,1,Drugs,"{'id': 1, 'name': 'Drugs', 'created_at': '-000001-11-30T00:00:00.000000Z', 'updated_at': '2022-03-17T16:53:12.000000Z', 'deleted_at': None}",267,Telmisartan,,A11-100890,1,Tablet,1,Oral,40 mg,223,Me Cure Industries Limited,2025-05-27,2030-05-26,Active,"Uncoated tablet.
White circular uncoated tablet, having embossed with “MECURE” on one side and “TM” on the other side",2 x 14&#039;s (in Alu-PVC blisters),"Each uncoated tablet contains: Telmisartan BP 40 mg, Excipients: q.s.",https://admin.greenbook.nafdac.gov.ng/uploadImage/smpc_files/2025/07/02/20250702b15ead5c-856c-5d06-a16f-2d991affc851.pdf,C09CA07,https://greenbook.nafdac.gov.ng/products/details/11238,2026-09-29T10:52:30.242228+00:00
Greenbook NAFDAC,4455,11239,MeCure's Telmisartan 80 mg Tablets**,1,Drugs,"{'id': 1, 'name': 'Drugs', 'created_at': '-000001-11-30T00:00:00.000000Z', 'updated_at': '2022-03-17T16:53:12.000000Z', 'deleted_at': None}",267,Telmisartan,,A11-100875,1,Tablet,1,Oral,80 mg,223,Me Cure Industries Limited,2025-05-27,2030-05-26,Active,"Uncoated Tablet.
White circular uncoated tablet, having embossed with “MECURE” on one side and “TM” on the other side",2 x 14&#039;s (in Alu-PVC blisters),"Each tablet contains: Telmisartan 80 mg, Excipients q.s.",https://admin.greenbook.nafdac.gov.ng/uploadImage/smpc_files/2025/07/02/20250702f0dcaf55-4e8b-56ad-aca6-b36c6f189a9b.pdf,C09CA07,https://greenbook.nafdac.gov.ng/products/details/11239,2026-09-29T10:52:30.242228+00:00
Greenbook NAFDAC,4456,6927,Mederax Tablets##,1,Drugs,"{'id': 1, 'name': 'Drugs', 'created_at': '-000001-11-30T00:00:00.000000Z', 'updated_at': '2022-03-17T16:53:12.000000Z', 'deleted_at': None}",58,Metoclopramide Hydrochloride,,04-6476,1,Tablet,1,Oral,10 mg,329,Vixa Pharmaceutical Company Limited,2021-08-26,2026-08-25,Inactive,"Tablet
White film coated tablet

79	CMS-PP-390973	MEDERAX TABLETS	METOCLOPRAMIDE 10MG	ACTIVE INGREDIENT METOCLOPRAMIDE HYDROCHLORIDE 10MG List of excipient (s). Starch 52mg, Sucrose 48mg, Microcrystalline cellulose 43mg, Talc 22mg, Sodium Carboxy Methyl Starch 7.6mg, Silica dioxide 6.8mg, Magnesium Stearate 1.6mg, White film coated materials 2mg	Apr-76	Drugs	Imported Products	10X10	Prescription Only Medicine (POM)	11/21/2023	VIXA PHARMACEUTICAL COMPANY LIMITED, SUNNY JIGIDE STREET, OFF CELESTIAL WAY, OGUDU LAGOS LAGOS	18980619	vixaregulatory@gmail.com	HUAZHONG PHARMACEUTICAL CO. LTD., NO. 118, Xianshan Road City, Hubei China",10 x 10&#039;s,"Each tablet contains: Metoclopramide Hydrochloride 10 mg
Excipients q.s.",https://admin.greenbook.nafdac.gov.ng/uploadImage/smpc_files/2024/12/25/20241225cb643dfb-d5b1-57a0-86c0-ad3d9a53b925.pdf,A03FA01,https://greenbook.nafdac.gov.ng/products/details/6927,2026-09-29T10:52:30.242228+00:00
Greenbook NAFDAC,4457,10333,Medhealth Diclofenac Potassium Tablets##,1,Drugs,"{'id': 1, 'name': 'Drugs', 'created_at': '-000001-11-30T00:00:00.000000Z', 'updated_at': '2022-03-17T16:53:12.000000Z', 'deleted_at': None}",1125,Diclofenac Potassium,,C4-1734,1,Tablet,1,Oral,50 mg,1332,Metrak Pharmacy &amp; Industries Ltd,2021-06-24,2026-06-23,Inactive,Tablet,1 x 10&#039;s ,Each tablet contains: Diclofenac Potassium USP 50 mg,,M01AB05,https://greenbook.nafdac.gov.ng/products/details/10333,2026-09-29T10:52:30.242228+00:00
Greenbook NAFDAC,4458,10334,Medhealth Omeprazole Capsules##,1,Drugs,"{'id': 1, 'name': 'Drugs', 'created_at': '-000001-11-30T00:00:00.000000Z', 'updated_at': '2022-03-17T16:53:12.000000Z', 'deleted_at': None}",176,Omeprazole,,C4-1733,2,Capsule,1,Oral,20 mg,1332,Metrak Pharmacy &amp; Industries Ltd,2021-06-24,2026-06-23,Inactive,Hard Capsule,1 x 14&#039;s,Each capsule contains: Omeprazole BP 20 mg,,A02BC01,https://greenbook.nafdac.gov.ng/products/details/10334,2026-09-29T10:52:30.242228+00:00
Greenbook NAFDAC,4459,10335,Medhealth Prednisolone Tablets##,1,Drugs,"{'id': 1, 'name': 'Drugs', 'created_at': '-000001-11-30T00:00:00.000000Z', 'updated_at': '2022-03-17T16:53:12.000000Z', 'deleted_at': None}",778,Prednisolone,,C4-1732,1,Tablet,1,Oral,5 mg,1332,Metrak Pharmacy &amp; Industries Ltd,2021-06-24,2026-06-23,Inactive,Tablet,10 x 10&#039;s,Each tablet contains: Prednisolone BP 5 mg,,H02AB06,https://greenbook.nafdac.gov.ng/products/details/10335,2026-09-29T10:52:30.242228+00:00
Greenbook NAFDAC,4460,5985,Mediclav 1 g Tablets##,1,Drugs,"{'id': 1, 'name': 'Drugs', 'created_at': '-000001-11-30T00:00:00.000000Z', 'updated_at': '2022-03-17T16:53:12.000000Z', 'deleted_at': None}",423,Amoxicillin (Amoxicillin Trihydrate); Clavulanic Acid (Potassium Clavulanate),,B4-6927,1,Tablet,1,Oral,875 mg; 125 mg,722,SK Medicines Limited,2023-04-26,2028-04-25,Active,"Tablet
White colored, elongated, biconvex, film coated tablets, having a break line on one side. Free from any obvious defect

MEDICLAV 1G TABLETS	AMOXICILLIN &amp; CLAVULANIC ACID TABLETS	AMOXICILLIN 875MG &amp; CLAVULANIC ACID 125MG , EXCIPIENT Q.S	B4-6927	Drugs	Imported Products	2x7TABLETS	Prescription Only Medicine (POM)	30/03/2022	SK MEDICINES LIMITED, KOFO ABAYOMI STREET, VICTORIA ISLAND LAGOS	8037777070	info@skmedicines.com	MEDICEF PHARMA., PLOT NO. 28, PHASE-1, EPIP JHARMAJRI, BADDI DIST. SOLAN (H.P) INDIA, India",2 x 7&#039;s (in Alu-Alu blisters),"Each film coated tablet contains: Amoxicillin 875 mg, Clavulanic Acid 125 mg
Excipients q.s.
Color: Titanium Dioxide BP",https://admin.greenbook.nafdac.gov.ng/uploadImage/smpc_files/2023/09/23/20230923bebc2f31-c567-5b7f-9d43-614ebce005ae.pdf,J01CR02,https://greenbook.nafdac.gov.ng/products/details/5985,2026-09-29T10:52:30.242228+00:00
Greenbook NAFDAC,4461,5839,Mediclav 625 Tablets##,1,Drugs,"{'id': 1, 'name': 'Drugs', 'created_at': '-000001-11-30T00:00:00.000000Z', 'updated_at': '2022-03-17T16:53:12.000000Z', 'deleted_at': None}",423,Amoxicillin (Amoxicillin Trihydrate); Clavulanic Acid (Potassium Clavulanate),,B4-6926,1,Tablet,1,Oral,500 mg; 125 mg,722,SK Medicines Limited,2023-04-26,2028-04-25,Active,"Tablet
Film coated tablets for oral use only. White to off white colored elongated biconvex film coated tablets, plain on both sides

MEDICLAV 625 TABLETS	AMOXICILLIN 500MG &amp; CLAVULANIC ACID 125MG TABLETS USP	PRODUCT EXCIPIENTS INCLUDES: Crospovidone Microcrystalline Cellulose pH 12 Silicon Dioxide Colloidal Silicon Dioxide Magensium Stearate Purified Talc Hydroxypropyl Methyl Cellulose Ethyl Cellulose Titanium Dioxide Dibutyl Phthalanate Methylene Dichloride Isopropyl Alcohol	B4-6926	Drugs	Imported Products	2X7GTABLETS	Prescription Only Medicine (POM)	30/03/2022	SK MEDICINES LIMITED, KOFO ABAYOMI STREET, VICTORIA ISLAND LAGOS	8037777070	info@skmedicines.com	MEDICEF PHARMA.., 28, Phase-1, Epip, Jhamajiri, Baddi, Dist. Solan (H.P)-173205, India, India",2 x 7&#039;s (in Alu-Alu blisters),"Each film coated tablet contains: Amoxicillin Trihydrate USP equivalent to Amoxicillin 500 mg, Diluted Potassium Clavulanate BP equivalent to Clavulanic acid 125 mg
Excipients q.s.
Color: Titanium Dioxide BP",https://admin.greenbook.nafdac.gov.ng/uploadImage/smpc_files/2024/12/24/2024122434c55619-8447-5e48-afe2-6e636f75f669.pdf,J01CR02,https://greenbook.nafdac.gov.ng/products/details/5839,2026-09-29T10:52:30.242228+00:00
Greenbook NAFDAC,4462,5214,Mediclav Injection 1.2 g##,1,Drugs,"{'id': 1, 'name': 'Drugs', 'created_at': '-000001-11-30T00:00:00.000000Z', 'updated_at': '2022-03-17T16:53:12.000000Z', 'deleted_at': None}",423,Amoxicillin (Amoxicillin Trihydrate); Clavulanic Acid (Potassium Clavulanate),,A4-100469,40,Injection,12,Intravenous,1000 mg; 200 mg,722,SK Medicines Limited,2023-07-06,2028-07-05,Active,"Dry Powder for Injection (Parenteral Liquid Dosage Form)
White to off white color powder filled in clear colorless glass vials, plugged with Bromobutyl rubber plugs and sealed with colored F/O aluminum seal

207	NF-PP-242696	MEDICLAV Injection 1.2 Gm	Co-Amoxiclav Injection 1.2 Gm	Amoxicillin 1000mg and clavunate potassium 200mg		Drugs	Imported Products	i	POM 1	12/9/2021	SK MEDICINES LIMITED, KOFO ABAYOMI STREET, VICTORIA ISLAND LAGOS	8037777070	info@skmedicines.com	M/s Aqua Vitoe Laboratories, Vill. Kunjhal,Near Jharmajri, Baddi, Distt. Solan India. , India",1 x 20 mL vial + 20 mL sterile water for injection,"Each film coated tablet contains: Amoxicillin 1000 mg, Clavulanate Potassium 200 mg
Excipients q.s.",https://admin.greenbook.nafdac.gov.ng/uploadImage/smpc_files/2023/08/24/20230824736461f1-934c-5c5d-b376-949e1d71854a.pdf,J01CR02,https://greenbook.nafdac.gov.ng/products/details/5214,2026-09-29T10:52:30.242228+00:00
Greenbook NAFDAC,4463,7571,Mediprazo Capsule	Omeprazole 20 mg##,1,Drugs,"{'id': 1, 'name': 'Drugs', 'created_at': '-000001-11-30T00:00:00.000000Z', 'updated_at': '2022-03-17T16:53:12.000000Z', 'deleted_at': None}",176,Omeprazole,,B4-9705,2,Capsule,1,Oral,20 mg,432,MC Foris Pharmaceuticals Limited,2024-03-27,2029-03-26,Active,"Capsule

91	CMS-PP-412149	MEDIPRAZO CAPSULE	OMEPRAZOLE 20MG	OMEPRAZOLE 20mg, maize starch, Talc, Magnesium oxide, Gelatin Capsule shell, Titanium dioxide	B4-9705	Drugs	Imported Products	1*10,2*7	Prescription Only Medicine (POM)	3/8/2024	MC FORIS PHARMACEUTICALS LIMITED, 7, APOSTOLIC CHURCH STREET, AJAO ESTATE, LAGOS STATE	MANCARE PHARMACEUTICALS PVT, LTD, , MANCARE PHARMACEUTICALS PVT, LTD, PLOT NO, 59,60,85,86, V.M.I.E, DOWALI VILLAGE, VASAI (W), DIST, THANE, MAHARASHTRA,, India","1 x 10&#039;s, 2 x 7&#039;s (in Alu-Alu blisters)","Each capsule contains: Omeprazole (as enteric coated pellets) 20 mg
Excipients q.s.
Approved color used in capsule shell",https://admin.greenbook.nafdac.gov.ng/uploadImage/smpc_files/2024/05/13/2024051390de926b-4592-51d3-aaf6-934127fbe713.pdf,A02BC01,https://greenbook.nafdac.gov.ng/products/details/7571,2026-09-29T10:52:30.242228+00:00
Greenbook NAFDAC,4464,10782,Meditex Injection##,1,Drugs,"{'id': 1, 'name': 'Drugs', 'created_at': '-000001-11-30T00:00:00.000000Z', 'updated_at': '2022-03-17T16:53:12.000000Z', 'deleted_at': None}",542,Artemether,,A4-3891,40,Injection,9,Intramuscular,80 mg/mL,206,Justeen Pharmaceuticals Ltd,2024-09-25,2029-09-24,Active,"Small Volume Injection
1 mL of colorless to light yellow transparent oily liquid is filled in the glass ampoule

79	CMS-PP-397491	MEDITEX INJECTION	ARTEMETHER 80MG/ML	Each ampoule (1ml) contains artemether 80mg	392Dec-96	Drugs	Imported Products	1ml x 6 ampoules	Prescription Only Medicine (POM)	1/8/2024	JUSTEEN PHARMACEUTICALS LTD, COKER ROAD ILUPEJU LAGOS LAGOS LAGOS	17747929	justeen2a@yahoo.com	ANHUI CHENGSHI PHAERMACEUTICAL CO., LTD, N0. 5068, HUAISHANG ROAD, BENGBU. ANHUI PROVINCE. CHINA , China							",6 x 1 mL ampoules,"Each mL contains: Artemether Injection 80 mg
Excipients q.s.",https://admin.greenbook.nafdac.gov.ng/uploadImage/smpc_files/2024/11/18/20241118aceb3709-1bd1-5430-8c12-ca4c68e1219a.pdf,P01BE02,https://greenbook.nafdac.gov.ng/products/details/10782,2026-09-29T10:52:30.242228+00:00
Greenbook NAFDAC,4465,10338,Medizone Cream##,1,Drugs,"{'id': 1, 'name': 'Drugs', 'created_at': '-000001-11-30T00:00:00.000000Z', 'updated_at': '2022-03-17T16:53:12.000000Z', 'deleted_at': None}",1106,Betamethasone; Clotrimazole; Neomycin sulfate,,C4-1606,4,Cream,21,Topical,0.05%; 1%; 0.5%,1310,HikMeg Pharma Limited,2021-02-25,2026-02-24,Inactive,Topical Cream,1 x 30 g (in Lami tube),"The cream contains: Clotrimazole USP 1% w/w, Betamethasone Dipropionate USP equivalent to Betamethasone Base 0.05% w/w, Neomycin Sulfate USP equivalent to Neomycin Base 0.5% w/w
Excipients q.s.",https://admin.greenbook.nafdac.gov.ng/uploadImage/smpc_files/2024/09/23/202409232f9dca0c-d7c5-5a52-b1cd-81d1a1229595.pdf,D07CC01,https://greenbook.nafdac.gov.ng/products/details/10338,2026-09-29T10:52:30.242228+00:00
Greenbook NAFDAC,4466,3714,Medmoral Tablets##,1,Drugs,"{'id': 1, 'name': 'Drugs', 'created_at': '-000001-11-30T00:00:00.000000Z', 'updated_at': '2022-03-17T16:53:12.000000Z', 'deleted_at': None}",127,Trypsin; Chymotrypsin,,04-5309,1,Tablet,1,Oral,"50,000 units (6:1)",166,Embassy Pharmaceutical and Chemicals Limited,2020-11-30,2025-11-29,Inactive,Tablet,,"Each tablet contains: Trypsin-Chymotrypsin (6:1 Approx.) equivalent to 50,000 units of proteolytic enzyme activity",,M09AB52,https://greenbook.nafdac.gov.ng/products/details/3714,2026-09-29T10:52:30.242228+00:00
Greenbook NAFDAC,4467,10065,Mednoclav Injection 1.2 g##,1,Drugs,"{'id': 1, 'name': 'Drugs', 'created_at': '-000001-11-30T00:00:00.000000Z', 'updated_at': '2022-03-17T16:53:12.000000Z', 'deleted_at': None}",1545,Amoxicillin (Amoxicillin Sodium); Clavulanic Acid (Potassium Clavulanate),,B4-6018,40,Injection,12,Intravenous,1000 mg; 200 mg,437,Mednoral Pharmaceutical Limited,2025-02-28,2030-02-27,Active,"Powder for Injection

CMS-PP-438165	MEDNOCLAV INJECTION 1.2G	AMOXICILLIN 1000MG &amp; CLAVULANIC ACID 200MG	&quot;AMOXICILLIN SODIUM BP EQV. TO AMOXICILLIN 1000MG,
STERILE CLAVULANATE POTASSIUM USP EQV. TO CLAVULANIC ACID 200MG&quot;	B4-6018	Drugs	Imported Product	1*1VIAL	30-07-2024	MEDNORAL PHARMACEUTICAL LIMITED, NO. 12, CHRIS EBIE STREET, OFF AGO PALACE WAY, OKOTAL LAGOS STATE	33283730		ALLIAANCE BIOTECH, 440/3, VILL. KATHA, BADDI, DISTT. SOLAN (H.P)-173205, INDIA",1 x 1&#039;s (in vial),"Each vial contains: Amoxicillin Sodium equivalent Amoxicillin 1000 mg, Potassium Clavulanate equivalent to Clavulanic Acid 200 mg
Excipients q.s.",https://admin.greenbook.nafdac.gov.ng/uploadImage/smpc_files/2025/05/22/202505229fb3082a-084d-507f-a6ef-ef057db0dfaf.pdf,J01CR02,https://greenbook.nafdac.gov.ng/products/details/10065,2026-09-29T10:52:30.242228+00:00
Greenbook NAFDAC,4468,10783,Medogen 150 mg/mL Suspension for Injection##,1,Drugs,"{'id': 1, 'name': 'Drugs', 'created_at': '-000001-11-30T00:00:00.000000Z', 'updated_at': '2022-03-17T16:53:12.000000Z', 'deleted_at': None}",1586,Medroxyprogesterone Acetate,,A4-101057,90,Suspension for injection,9,Intramuscular,150 mg/mL,1095,Deep K. Tyagi Foundation Nigeria,2024-10-31,2029-10-30,Active,"Sterile Suspension for Injection
White to off-white, sterile suspension for injection

3	NF-PP-389022	MEDOGEN 150mg/ml SUSPENSION FOR INJECTION	MEDROXYPROGESTERONE ACETATE	150mg medroxyprogesterone acetate	A4-101057	Drugs	Imported Products	1ml x 1vial ,1ml x 20 vials	Prescription Only Medicine (POM)	11/22/2023	DEEP K. TYAGI FOUNDATION NIGERIA, 4th FLOOR, A.G LEVENTIS BUILDING, IDDO HOUSE, IDDO, LAGOS	9094998782	info@dktnigeria.org	INCEPTA PHARMACEUTICALS LTD, 40 Shahid Tajuddin Ahmed Sarani, Tejgaon I/A Dhaka - 1208, Bangladesh., Bangladesh","1 x 1 mL, 1 x 20 mL vials","Each mL contains: Medroxyprogesterone Acetate 150 mg
Excipients q.s.",https://admin.greenbook.nafdac.gov.ng/uploadImage/smpc_files/2024/11/22/20241122f64f9f8c-f413-50ad-934c-0efdbe3fec8e.pdf,G03AC06,https://greenbook.nafdac.gov.ng/products/details/10783,2026-09-29T10:52:30.242228+00:00
Greenbook NAFDAC,4469,2873,Mefameter Tablets 80 mg/480 mg##,1,Drugs,"{'id': 1, 'name': 'Drugs', 'created_at': '-000001-11-30T00:00:00.000000Z', 'updated_at': '2022-03-17T16:53:12.000000Z', 'deleted_at': None}",528,Artemether; Lumefantrine,,A4-8050,1,Tablet,1,Oral,80 mg; 480 mg,444,Merit Healthcare Limited,2020-11-10,2025-11-09,Inactive,Tablet,,"Each tablet contains: Artemether 80 mg, Lumefantrine 480 mg",,P01BF01,https://greenbook.nafdac.gov.ng/products/details/2873,2026-09-29T10:52:30.242228+00:00
Greenbook NAFDAC,4470,7206,Mefanther Forte Tablet**,1,Drugs,"{'id': 1, 'name': 'Drugs', 'created_at': '-000001-11-30T00:00:00.000000Z', 'updated_at': '2022-03-17T16:53:12.000000Z', 'deleted_at': None}",528,Artemether; Lumefantrine,,A11-100646,1,Tablet,1,Oral,80 mg; 480 mg,1319,Unique Pharmaceuticals Limited,2024-01-31,2029-01-30,Active,"Uncoated Tablet.
Yellow colored circular, flat, bevel edged, 12.5mm tablets with “UNIQUE” engraved on one side and ‘MFT” and a break-line on the other side",1 x 6&#039;s (in Alu/PVC blister),"Each uncoated tablet contains: Artemether 80 mg, Lumefantrine 480 mg, Excipients q.s.",https://admin.greenbook.nafdac.gov.ng/uploadImage/smpc_files/2024/02/18/202402188af4cfe1-55e9-5c97-96d2-8b106d6f366d.pdf,P01BF01,https://greenbook.nafdac.gov.ng/products/details/7206,2026-09-29T10:52:30.242228+00:00
Greenbook NAFDAC,4471,7207,Mefanther Tablet**,1,Drugs,"{'id': 1, 'name': 'Drugs', 'created_at': '-000001-11-30T00:00:00.000000Z', 'updated_at': '2022-03-17T16:53:12.000000Z', 'deleted_at': None}",528,Artemether; Lumefantrine,,A11-100645,1,Tablet,1,Oral,20 mg; 120 mg,1319,Unique Pharmaceuticals Limited,2024-01-31,2029-01-30,Active,"Uncoated Tablet.
Yellow in colour, round and flat on both sides. It has “MT” and score line embossed on one side and “UNIQUE” on the other side.
The score line is only to facilitate breaking of tablet for ease of swallowing and not to divide into equal doses",1 x 24&#039;s (in blister),"Each uncoated tablet contains: Artemether 20 mg, Lumefantrine 120 mg, Excipients q.s.",https://admin.greenbook.nafdac.gov.ng/uploadImage/smpc_files/2024/02/18/20240218612f80b7-d1a0-57f3-820c-6b85d330ddda.pdf,P01BF01,https://greenbook.nafdac.gov.ng/products/details/7207,2026-09-29T10:52:30.242228+00:00
Greenbook NAFDAC,4472,136,Mefartem 20/120 Tablets##,1,Drugs,"{'id': 1, 'name': 'Drugs', 'created_at': '-000001-11-30T00:00:00.000000Z', 'updated_at': '2022-03-17T16:53:12.000000Z', 'deleted_at': None}",528,Artemether; Lumefantrine,,A4-100140,1,Tablet,1,Oral,20 mg; 120 mg,506,AnnyGod Pharmaceutical Company Ltd,2021-12-02,2026-12-01,Active,Tablet,,"Each tablet contains: Artemether 20 mg, Lumefantrine 120 mg",,P01BF01,https://greenbook.nafdac.gov.ng/products/details/136,2026-09-29T10:52:30.242228+00:00
Greenbook NAFDAC,4473,137,Mefartem 80/480 Tablets##,1,Drugs,"{'id': 1, 'name': 'Drugs', 'created_at': '-000001-11-30T00:00:00.000000Z', 'updated_at': '2022-03-17T16:53:12.000000Z', 'deleted_at': None}",528,Artemether; Lumefantrine,,A4-100139,1,Tablet,1,Oral,80 mg; 480 mg,506,AnnyGod Pharmaceutical Company Ltd,2021-12-02,2026-12-01,Active,Tablet,,"Each tablet contains: Artemether 80 mg, Lumefantrine 480 mg",,P01BF01,https://greenbook.nafdac.gov.ng/products/details/137,2026-09-29T10:52:30.242228+00:00
Greenbook NAFDAC,4474,10770,Mefspas Tablet##,1,Drugs,"{'id': 1, 'name': 'Drugs', 'created_at': '-000001-11-30T00:00:00.000000Z', 'updated_at': '2022-03-17T16:53:12.000000Z', 'deleted_at': None}",183,Drotaverine Hydrochloride,,A4-100899,1,Tablet,1,Oral,80 mg,1247,Ncure Healthcare Ltd,2024-06-27,2029-06-26,Active,"Tablet
Light yellow to yellow colored, round -shaped, biconvex, film-coated tablets, plain on both sides",1 x 10&#039;s (in Alu-Alu blister),"Each film coated tablet contains: Drotaverine Hydrochloride 80 mg
Excipients q.s.
Color: Approved color used",https://admin.greenbook.nafdac.gov.ng/uploadImage/smpc_files/2024/07/20/20240720575c904a-fdc6-5dc4-abaa-44585498769f.pdf,A03AD02,https://greenbook.nafdac.gov.ng/products/details/10770,2026-09-29T10:52:30.242228+00:00
Greenbook NAFDAC,4475,4356,Mega-2D##,1,Drugs,"{'id': 1, 'name': 'Drugs', 'created_at': '-000001-11-30T00:00:00.000000Z', 'updated_at': '2022-03-17T16:53:12.000000Z', 'deleted_at': None}",454,Ceftriaxone (Ceftriaxone Sodium); Sulbactam (Sulbactam Sodium),,B4-2094,40,Injection,12,Intravenous,1.5 g,451,Dony-Triumph and Company Nigeria Limited,2022-12-15,2027-12-14,Active,Injection,1 x 1 vial + 10 mL sterile water for injection (in ampoule),"Each combipack contains:

1. Each vial contains: Sterile Ceftriaxone Sodium USP equivalent to Anhydrous Ceftriaxone 1 g, Sterile Sulbactam Sodium USP equivalent to Sulbactam 500 mg
2. One ampoule of Sterilised Water for Injections BP 10 mL
3. One ampoule of Lidocaine Injection BP 1% 5 mL",https://admin.greenbook.nafdac.gov.ng/uploadImage/smpc_files/2023/05/28/20230528fc4a07f6-6af0-56c2-bac3-7571d3cb001c.pdf,J01DD63,https://greenbook.nafdac.gov.ng/products/details/4356,2026-09-29T10:52:30.242228+00:00
Greenbook NAFDAC,4476,138,Megalis 10 Tablets##,1,Drugs,"{'id': 1, 'name': 'Drugs', 'created_at': '-000001-11-30T00:00:00.000000Z', 'updated_at': '2022-03-17T16:53:12.000000Z', 'deleted_at': None}",705,Tadalafil,,B4-4340,1,Tablet,1,Oral,10 mg,677,JMD Pharmalinks Limited,2021-12-02,2026-12-01,Active,Tablet,,Each tablet contains: Tadalafil 10 mg,,G04BE08,https://greenbook.nafdac.gov.ng/products/details/138,2026-09-29T10:52:30.242228+00:00
Greenbook NAFDAC,4477,139,Megalis 20 Tablets##,1,Drugs,"{'id': 1, 'name': 'Drugs', 'created_at': '-000001-11-30T00:00:00.000000Z', 'updated_at': '2022-03-17T16:53:12.000000Z', 'deleted_at': None}",705,Tadalafil,,B4-4214,1,Tablet,1,Oral,20 mg,677,JMD Pharmalinks Limited,2021-12-02,2026-12-01,Active,Tablet,,Each tablet contains: Tadalafil 20 mg,,G04BE08,https://greenbook.nafdac.gov.ng/products/details/139,2026-09-29T10:52:30.242228+00:00
Greenbook NAFDAC,4478,10339,Megastrole 20 Capsules##,1,Drugs,"{'id': 1, 'name': 'Drugs', 'created_at': '-000001-11-30T00:00:00.000000Z', 'updated_at': '2022-03-17T16:53:12.000000Z', 'deleted_at': None}",176,Omeprazole,,A4-3180,2,Capsule,1,Oral,20 mg,37,Biomedicine Sckivs Pharmaceutical Nigeria Limited,2021-01-28,2026-01-27,Inactive,"Capsule
A green/white colored hard gelatin capsule, size &quot;2&quot; containing white colored enteric coated granules, having symbol &quot;conical flask B&quot; on cap &amp; body",2 x 7&#039;s (in Alu-Alu blisters),"Each capsule contains: Omeprazole BP 20 mg
Excipients: Empty hard gelatin capsule shells size &quot;2&quot;",https://admin.greenbook.nafdac.gov.ng/uploadImage/smpc_files/2024/09/27/20240927e00d632d-90fe-587d-8113-ac5c0c9b2e83.pdf,A02BC01,https://greenbook.nafdac.gov.ng/products/details/10339,2026-09-29T10:52:30.242228+00:00
Greenbook NAFDAC,4479,10218,Megastrole Injection**,1,Drugs,"{'id': 1, 'name': 'Drugs', 'created_at': '-000001-11-30T00:00:00.000000Z', 'updated_at': '2022-03-17T16:53:12.000000Z', 'deleted_at': None}",2327,Omeprazole (Omeprazole Sodium),,B4-1298,70,Powder for injection,12,Intravenous,40 mg,37,Biomedicine Sckivs Pharmaceutical Nigeria Limited,2021-08-03,2026-08-02,Inactive,"Lyophilized Powder for Injection.
A white or almost white, hygroscopic powder for injection in amber glass vial",1 x 1&#039;s (in amber glass vial) + water for injection,Each vial contains: Sterile Omeprazole Sodium (Lyophilized) BP equivalent to Omeprazole base 40 mg,https://admin.greenbook.nafdac.gov.ng/uploadImage/smpc_files/2024/10/21/2024102199d558b6-f47c-570b-beea-acd475d1fffa.pdf,A02BC01,https://greenbook.nafdac.gov.ng/products/details/10218,2026-09-29T10:52:30.242228+00:00
Greenbook NAFDAC,4480,5216,Meks Clopidogrel 75 mg Tablet##,1,Drugs,"{'id': 1, 'name': 'Drugs', 'created_at': '-000001-11-30T00:00:00.000000Z', 'updated_at': '2022-03-17T16:53:12.000000Z', 'deleted_at': None}",296,Clopidogrel (Clopidogrel Bisulfate),,B4-8467,1,Tablet,1,Oral,75 mg,688,Meks HealthCare Limited,2023-07-27,2028-07-26,Active,"Film Coated Tablet

42	RNW-PP-319468	MEKS CLOPIDOGREL 75MG TABLET	CLOPIDOGREL TABLET USP 75MG	Clopidogrel Tablet USP 75mg	B4-8467	Drugs	Imported Products	3x10	POM 1	3/6/2023	MEKS HEALTHCARE LIMITED, GODSWILL BALOGUN STREET AKONWONJO LAGOS LAGOS	8055293063	meks.healthcareltd@gmail.com	CORAL LABORATORIES LIMITED, 57/1 ( 16 ) , BHENSLORE, DUNETHA, NANI DAMAN - 396 210 INDIA., India",3 x 10&#039;s (in Alu-Alu blisters),"Each film coated tablet contains: Clopidogrel Bisulfate USP equivalent to Clopidogrel 75 mg
Excipients q.s.
Color: Red Oxide of Iron and Titanium Dioxide",https://admin.greenbook.nafdac.gov.ng/uploadImage/smpc_files/2023/08/27/202308276b8474cd-d0cc-5682-b1c4-1b48747406dc.pdf,B01AC04,https://greenbook.nafdac.gov.ng/products/details/5216,2026-09-29T10:52:30.242228+00:00
Greenbook NAFDAC,4481,6056,Mektovi 15 mg Tablets**,1,Drugs,"{'id': 1, 'name': 'Drugs', 'created_at': '-000001-11-30T00:00:00.000000Z', 'updated_at': '2022-03-17T16:53:12.000000Z', 'deleted_at': None}",1678,Binimetinib,,A4-100332,1,Tablet,1,Oral,15 mg,260,Pfizer Specialties Ltd,2023-01-26,2028-01-25,Active,"Film-coated tablet (tablet).
Yellow to dark yellow, unscored biconvex, ovaloid film-coated tablets approximately 12 mm in length and 5 mm in width, with the “A” logo debossed on one side of the tablet and “15” on the other side",7 x 12&#039;s (in PVC/PVDC/Alu blisters),"Each film-coated tablet contains 15 mg of Binimetinib.

Excipient with known effect:
Each film-coated tablet contains 133.5 mg of Lactose monohydrate",https://admin.greenbook.nafdac.gov.ng/uploadImage/smpc_files/2024/10/11/20241011b09e29a6-145e-50ff-85ed-d3ce056363e6.pdf,L01EE03,https://greenbook.nafdac.gov.ng/products/details/6056,2026-09-29T10:52:30.242228+00:00
Greenbook NAFDAC,4482,4550,Melanov - M##,1,Drugs,"{'id': 1, 'name': 'Drugs', 'created_at': '-000001-11-30T00:00:00.000000Z', 'updated_at': '2022-03-17T16:53:12.000000Z', 'deleted_at': None}",627,Metformin Hydrochloride; Gliclazide,,B4-3166,1,Tablet,1,Oral,500 mg; 80 mg,230,Micro Nova Pharmaceuticals Ind Ltd,2022-09-29,2027-09-28,Active,"Tablets
White oblong shaped, uncoated tablets with &quot;ML&quot; engraved on one surface and break line on other surface. Break line is to facilitate breaking for ease of swallowing and not for dividing into equal doses",3 x 10&#039;s (in Alu-Alu blister pack),"Each uncoated tablet contains: Metformin Hydrochloride 500 mg, Gliclazide 80 mg
Excipients q.s.",https://admin.greenbook.nafdac.gov.ng/uploadImage/smpc_files/2023/05/28/2023052802d08cd6-e274-5705-892c-b6d8c2cefcc6.pdf,A10B,https://greenbook.nafdac.gov.ng/products/details/4550,2026-09-29T10:52:30.242228+00:00
Greenbook NAFDAC,4483,10340,Melanov 80 Tablets##,1,Drugs,"{'id': 1, 'name': 'Drugs', 'created_at': '-000001-11-30T00:00:00.000000Z', 'updated_at': '2022-03-17T16:53:12.000000Z', 'deleted_at': None}",622,Gliclazide,,B4-1489,1,Tablet,1,Oral,80 mg,230,Micro Nova Pharmaceuticals Ind Ltd,2021-08-26,2026-08-25,Inactive,"Tablets
White, flat, circular, bevel-edged uncoated tablets with &quot;ML&quot; engraved on one surface and a break line on other surface. Break line is to facilitate breaking for ease of swallowing and not for dividing into equal doses",3 x 10&#039;s (in blister packs),"Each uncoated tablet contains: Gliclazide BP 80 mg
Excipient(s) with known effect (per tablet): Lactose Monohydrate 27.507 mg
Excipients q.s.",https://admin.greenbook.nafdac.gov.ng/uploadImage/smpc_files/2024/11/20/202411205b1b2b91-990b-5ccb-8d04-0235ed9ae2cf.pdf,,https://greenbook.nafdac.gov.ng/products/details/10340,2026-09-29T10:52:30.242228+00:00
Greenbook NAFDAC,4484,7569,Melocap 15 mg Tablets##,1,Drugs,"{'id': 1, 'name': 'Drugs', 'created_at': '-000001-11-30T00:00:00.000000Z', 'updated_at': '2022-03-17T16:53:12.000000Z', 'deleted_at': None}",87,Meloxicam,,A4-3132,1,Tablet,1,Oral,15 mg,169,Evans Therapeutics Limited,2024-02-28,2029-02-27,Active,"Tablet
A light yellow colored round shape, flat, uncoated tablets, having a embossed &quot;M&quot; on one side and embossed &quot;15&quot; mark on other side of the tablets

40	RNW-PP-344999	MELOCAP 15MG TABLETS	MELOXICAM BP	Meloxicam Tablets BP 15 mg Lactose Monohydrate • Microcrystalline Cellulose Powder • Potassium Hydroxide Pellets • PVPK 30 (Polyvinyl Pyrrolidone K-30) • Purified Water • Crospovidone • Purified Talc • Magnesium Stearate	A4-3132	Drugs	Imported Products	1X10Tablets	Prescription Only Medicine (POM)	9/19/2023	EVANS THERAPEUTICS LIMITED, 24 ABIMBOLA WAY,ISOLO INDUSTRIAL ESTATE, ISOLO. LAGOS. NIGERIA.	9062972898	info@evanstherapeutics.com	BHARAT PARENTERALS LTD, SURVEY NO. 144 &amp; 146, JAROD SAMLAYA ROAD, VILL. HARPURA, TAL. SAVIL, DIST. VADODARA - 391520 ( GUJARAT) , INDIA., India",1 x 10&#039;s (in PVC-Alu blister),"Each tablet contains: Meloxicam 15 mg
Excipients q.s.",https://admin.greenbook.nafdac.gov.ng/uploadImage/smpc_files/2024/03/26/202403264925280f-b0cb-5918-9abc-2beeeb712349.pdf,M01AC06,https://greenbook.nafdac.gov.ng/products/details/7569,2026-09-29T10:52:30.242228+00:00
Greenbook NAFDAC,4485,7570,Melocap 7.5 mg Tablet##,1,Drugs,"{'id': 1, 'name': 'Drugs', 'created_at': '-000001-11-30T00:00:00.000000Z', 'updated_at': '2022-03-17T16:53:12.000000Z', 'deleted_at': None}",87,Meloxicam,,A4-3131,1,Tablet,1,Oral,7.5 mg,169,Evans Therapeutics Limited,2024-02-28,2029-02-27,Active,"Tablet
A light yellow colored round shape, flat, uncoated tablets, having a embossed &quot;M&quot; on one side of the tablets

55	RNW-PP-345007	MELOCAP 7.5MG TABLET	MELOXICAM 7.5MG	Meloxicam Tablets BP 7.5 mg Lactose Monohydrate • Microcrystalline Cellulose Powder • Potassium Hydroxide Pellets • PVPK 30 (Polyvinyl Pyrrolidone K-30) • Purified Water • Crospovidone • Purified Talc • Magnesium Stearate	A4-3131	Drugs	Imported Products	1*10Tablets	Prescription Only Medicine (POM)	9/19/2023	EVANS THERAPEUTICS LIMITED, 24 ABIMBOLA WAY,ISOLO INDUSTRIAL ESTATE, ISOLO. LAGOS. NIGERIA.	9062972898	info@evanstherapeutics.com	BHARAT PARENTERALS LTD, SURVEY NO. 144 &amp; 146, JAROD SAMLAYA ROAD, VILL. HARPURA, TAL. SAVIL, DIST. VADODARA - 391520 ( GUJARAT) , INDIA., India",1 x 10&#039;s (in PVC-Alu blisters),"Each tablet contains: Meloxicam 7.5 mg
Excipients q.s.",https://admin.greenbook.nafdac.gov.ng/uploadImage/smpc_files/2024/03/26/20240326a7b58301-dea2-5f3a-ae64-a37e8cf1e261.pdf,M01AC06,https://greenbook.nafdac.gov.ng/products/details/7570,2026-09-29T10:52:30.242228+00:00
Greenbook NAFDAC,4486,10219,Melocap Injection##,1,Drugs,"{'id': 1, 'name': 'Drugs', 'created_at': '-000001-11-30T00:00:00.000000Z', 'updated_at': '2022-03-17T16:53:12.000000Z', 'deleted_at': None}",87,Meloxicam,,A4-3679,107,Solution for injection,12,Intravenous,15 mg/3 mL,168,Evans Medical PLC,2021-10-28,2026-10-27,Active,Solution for Injection																																																																																																																																																																																																														,5 x 3 mL (in ampoules),Each 3 mL ampoule contains: Meloxicam 15 mg,,M01AC06,https://greenbook.nafdac.gov.ng/products/details/10219,2026-09-29T10:52:30.242228+00:00
Greenbook NAFDAC,4487,11182,Melotears Eyedrops##,1,Drugs,"{'id': 1, 'name': 'Drugs', 'created_at': '-000001-11-30T00:00:00.000000Z', 'updated_at': '2022-03-17T16:53:12.000000Z', 'deleted_at': None}",810,Hypromellose,,B4-9924,24,Eye drops,15,Ophthalmic,0.3%,210,Korlyns Pharmaceuticals Ltd,2025-03-27,2030-03-26,Active,"Eye Drops
Clear colorless solution, free from any type of visible particles",1 x 10 mL (in LDPE bottle),"Each 10 mL-bottle contains: Hypromellose USP 0.30% w/v, Benzalkonium Chloride Solution NF 0.02% w/v (as preservative), Sterile Aqueous Base q.s.
Excipients q.s.",https://admin.greenbook.nafdac.gov.ng/uploadImage/smpc_files/2025/04/25/202504256def1b93-4c80-57a1-948a-519f356d82b8.pdf,S01KA02,https://greenbook.nafdac.gov.ng/products/details/11182,2026-09-29T10:52:30.242228+00:00
Greenbook NAFDAC,4488,3591,Melovad Tablet##,1,Drugs,"{'id': 1, 'name': 'Drugs', 'created_at': '-000001-11-30T00:00:00.000000Z', 'updated_at': '2022-03-17T16:53:12.000000Z', 'deleted_at': None}",87,Meloxicam,,B4-3323,1,Tablet,1,Oral,15 mg,1130,Discovery Pharmaceuticals Limited,2020-11-10,2025-11-09,Inactive,Tablet,,"Each tablet contains: Meloxicam 15 mg
Excipients q.s.",,M01AC06,https://greenbook.nafdac.gov.ng/products/details/3591,2026-09-29T10:52:30.242228+00:00
Greenbook NAFDAC,4489,10342,Meloxicam 15 mg Tablet##,1,Drugs,"{'id': 1, 'name': 'Drugs', 'created_at': '-000001-11-30T00:00:00.000000Z', 'updated_at': '2022-03-17T16:53:12.000000Z', 'deleted_at': None}",87,Meloxicam,,C4-1589,1,Tablet,1,Oral,15 mg,253,Onifam Laboratories Limited,2021-02-25,2026-02-24,Inactive,"Tablet
Uncoated tablet",1 x 10&#039;s (in Alu Alu blister),"Each uncoated tablet contains: Meloxicam BP 15 mg
Excipients q.s.",https://admin.greenbook.nafdac.gov.ng/uploadImage/smpc_files/2024/07/22/20240722a4159d8f-f169-58f2-84e7-9a2fdbcfed22.pdf,M01AC06,https://greenbook.nafdac.gov.ng/products/details/10342,2026-09-29T10:52:30.242228+00:00
Greenbook NAFDAC,4490,11646,MeMyCo Plus_,1,Drugs,"{'id': 1, 'name': 'Drugs', 'created_at': '-000001-11-30T00:00:00.000000Z', 'updated_at': '2022-03-17T16:53:12.000000Z', 'deleted_at': None}",2255,Neomycin sulfate; Clotrimazole; Betamethasone Dipropionate,,A11-100913,4,Cream,21,Topical,0.5%; 1%; 0.05%,223,Me Cure Industries Limited,2025-06-25,2030-06-24,Active,"Cream.
White to off-white cream",1 x 30 g (in tube),"MeMyCo Plus contains: Neomycin Sulfate 0.5% w/w, Clotrimazole 1% w/w, and Betamethasone Dipropionate 0.05% w/w
Excipients q.s.",https://admin.greenbook.nafdac.gov.ng/uploadImage/smpc_files/2025/07/28/202507284f2b0c09-207d-5cc6-a75c-2e81cc2eeec9.pdf,D07CC01,https://greenbook.nafdac.gov.ng/products/details/11646,2026-09-29T10:52:30.242228+00:00
Greenbook NAFDAC,4491,5730,Menaven Gel**,1,Drugs,"{'id': 1, 'name': 'Drugs', 'created_at': '-000001-11-30T00:00:00.000000Z', 'updated_at': '2022-03-17T16:53:12.000000Z', 'deleted_at': None}",334,Heparin sodium,,B4-7696,29,Gel,21,Topical,1000 IU/g,271,Phillips Pharmaceuticals (Nigeria) Limited,2023-04-26,2028-04-25,Active,"Colourless, almost transparent gel with aromatic odour.
Each gram of gel contains: Heparin sodium 1000 IU

Excipents:
Methyl-4-hydroxybenzoate and Propyl-4-hydroxybenzoate (as conservatives); Neroli oil and lavender oil (as fragrances) containing citral, citronellol, coumarin, d-limonene, farnesol, geraniol and linalool.",1 x 15 g; 1 x 30 g (in Aluminum tubes),,https://admin.greenbook.nafdac.gov.ng/uploadImage/smpc_files/2023/09/24/202309244035b991-345e-576e-9f95-9e505d5cddc2.pdf,C05BA03,https://greenbook.nafdac.gov.ng/products/details/5730,2026-09-29T10:52:30.242228+00:00
Greenbook NAFDAC,4492,6459,Menthodex Cough Syrup**,1,Drugs,"{'id': 1, 'name': 'Drugs', 'created_at': '-000001-11-30T00:00:00.000000Z', 'updated_at': '2022-03-17T16:53:12.000000Z', 'deleted_at': None}",1082,Ammonium chloride; Sodium citrate; Squill; Menthol,,04-0971,103,Syrup,1,Oral,100 mg/5 mL; 50 mg/5 mL; 0.001 mL/5 mL; 7.75 mg/5 mL,141,Ceemike Pharmaceutical Company Limited,2023-03-28,2028-03-27,Active,Oral Solution,1 x 100 mL; 1 x 200 mL (in amber glass bottles),"Each 5 mL contains: Ammonium Chloride 100 mg, Sodium Citrate 50 mg, Levomenthol 7.75 mg, Squill Tincture 0.001 mL 

Excipient(s) with known effect: Methyl Hydroxybenzoate E218
Each 10 mL dose contains: Sucrose 3.2 g and Ethanol less than 10 mg",https://admin.greenbook.nafdac.gov.ng/uploadImage/smpc_files/2024/12/26/20241226e9196d16-310e-5667-a5e5-15c99cf50230.pdf,R05FB,https://greenbook.nafdac.gov.ng/products/details/6459,2026-09-29T10:52:30.242228+00:00
Greenbook NAFDAC,4493,4217,Mepalem-100 Tablet##,1,Drugs,"{'id': 1, 'name': 'Drugs', 'created_at': '-000001-11-30T00:00:00.000000Z', 'updated_at': '2022-03-17T16:53:12.000000Z', 'deleted_at': None}",1169,Mepacrine Hydrochloride,Quinacrine,B4-0927,1,Tablet,1,Oral,100 mg,449,Great Timec Pharma Nigeria Limited,2021-03-29,2026-03-28,Inactive,Tablet,,Each tablet contains: Mepacrine Hydrochloride 100 mg,,P01AX05,https://greenbook.nafdac.gov.ng/products/details/4217,2026-09-29T10:52:30.242228+00:00
Greenbook NAFDAC,4494,4218,Mepalem-50 Tablet##,1,Drugs,"{'id': 1, 'name': 'Drugs', 'created_at': '-000001-11-30T00:00:00.000000Z', 'updated_at': '2022-03-17T16:53:12.000000Z', 'deleted_at': None}",1169,Mepacrine Hydrochloride,Quinacrine,B4-0928,1,Tablet,1,Oral,50 mg,449,Great Timec Pharma Nigeria Limited,2021-03-29,2026-03-28,Inactive,Tablet,,Each tablet contains: Mepacrine Hydrochloride 50 mg,,P01AX05,https://greenbook.nafdac.gov.ng/products/details/4218,2026-09-29T10:52:30.242228+00:00
Greenbook NAFDAC,4495,11647,Mepiryl 2 mg Tablet**,1,Drugs,"{'id': 1, 'name': 'Drugs', 'created_at': '-000001-11-30T00:00:00.000000Z', 'updated_at': '2022-03-17T16:53:12.000000Z', 'deleted_at': None}",623,Glimepiride,,04-9605,1,Tablet,1,Oral,2 mg,221,May &amp; Baker Nigeria PLC,2025-05-27,2030-05-26,Active,Tablet,3 x 10&#039;s (in blisters),"Each tablets contains: Glimepiride 2 mg, Excipients q.s.",https://admin.greenbook.nafdac.gov.ng/uploadImage/smpc_files/2025/07/03/20250703179b3f36-1ff0-5241-bbc4-f2cb920792c0.pdf,A10BB12,https://greenbook.nafdac.gov.ng/products/details/11647,2026-09-29T10:52:30.242228+00:00
Greenbook NAFDAC,4496,11648,Mepiryl 4 mg Tablet**,1,Drugs,"{'id': 1, 'name': 'Drugs', 'created_at': '-000001-11-30T00:00:00.000000Z', 'updated_at': '2022-03-17T16:53:12.000000Z', 'deleted_at': None}",623,Glimepiride,,04-9439,1,Tablet,1,Oral,4 mg,221,May &amp; Baker Nigeria PLC,2025-05-27,2030-05-26,Active,Tablet,3 x 10&#039;s (in blisters),"Each tablets contains: Glimepiride 4 mg, Excipients q.s.",https://admin.greenbook.nafdac.gov.ng/uploadImage/smpc_files/2025/07/02/202507024b26c8cc-49e0-53dd-8e9b-d090b51b5f57.pdf,A10BB12,https://greenbook.nafdac.gov.ng/products/details/11648,2026-09-29T10:52:30.242228+00:00
Greenbook NAFDAC,4497,3184,Mepiryl Tablets##,1,Drugs,"{'id': 1, 'name': 'Drugs', 'created_at': '-000001-11-30T00:00:00.000000Z', 'updated_at': '2022-03-17T16:53:12.000000Z', 'deleted_at': None}",623,Glimepiride,,04-9605,1,Tablet,1,Oral,2 mg,221,May &amp; Baker Nigeria PLC,2020-12-21,2025-12-20,Inactive,Tablet,3 x 10&#039;s (in blister strips),"Each tablets contains; Glimepiride 2.06 mg
Excipients q.s.",https://admin.greenbook.nafdac.gov.ng/uploadImage/smpc_files/2024/06/28/2024062898e04e65-aca5-5607-9546-46e01afdd2b9.pdf,A10BB12,https://greenbook.nafdac.gov.ng/products/details/3184,2026-09-29T10:52:30.242228+00:00
Greenbook NAFDAC,4498,10590,Mepracid Capsules	Omeprazole_,1,Drugs,"{'id': 1, 'name': 'Drugs', 'created_at': '-000001-11-30T00:00:00.000000Z', 'updated_at': '2022-03-17T16:53:12.000000Z', 'deleted_at': None}",176,Omeprazole,,A11-100731,2,Capsule,1,Oral,20 mg,162,Drugfield Pharmaceuticals Limited,2024-07-31,2029-07-30,Active,"Hard Capsule.

34	NF-PP-313658	MEPRACID CAPSULES	OMEPRAZOLE	OMEPRAZOLE ENTERIC COATED PELLET 8.5% W/W (EQUIVALENT TO 20MG OMEPRAZOLE) 470.58G		Drugs	Nigerian Products	2x10capsules	POM 1	2/9/2023	DRUGFIELD PHARMACEUTICALS LIMITED., LYNSON CHEMICAL AVENUE, KM 38 LAGOS-ABEOKUTA EXPRESSWAY, SANGO-OTA,OGUN STATE	8029055002	info@drugfieldpharma.com	DRUGFIELD PHARMACEUTICALS LIMITED, 48, AKEJU STREET, PALMGROVE, SOMOLU, LAGOS STATE. P.O BOX 5831, IKEJA, LAGOS STATE., Nigeria",2 x 10&#039;s,Each tablet contains: Omeprazole 20mg,https://admin.greenbook.nafdac.gov.ng/uploadImage/smpc_files/2024/09/17/2024091759cf52ee-b6cf-5625-baad-92721bcb8281.pdf,A02BC01,https://greenbook.nafdac.gov.ng/products/details/10590,2026-09-29T10:52:30.242228+00:00
Greenbook NAFDAC,4499,4552,Meprasil**,1,Drugs,"{'id': 1, 'name': 'Drugs', 'created_at': '-000001-11-30T00:00:00.000000Z', 'updated_at': '2022-03-17T16:53:12.000000Z', 'deleted_at': None}",2327,Omeprazole (Omeprazole Sodium),,04-5478,70,Powder for injection,12,Intravenous,40 mg,27,Fidson Healthcare PLC,2022-12-15,2027-12-14,Active,Sterile lyophilized powder/cake for injection in a 10-mL lyo vial,1 x 1&#039;s (in amber glass lyo vial),"Each vial contains: Omeprazole Sodium BP equiv. to Omeprazole 40 mg, Disodium hydrogen phosphate USP (buffering agent) 10 mg, Sodium Hydroxide USP-NF (pH adjuster) q.s., Water for Injection USP q.s. to 2 mL",https://admin.greenbook.nafdac.gov.ng/uploadImage/smpc_files/2023/10/03/20231003debe3340-0f5b-527e-92b3-422750bd5ee7.pdf,A02BC01,https://greenbook.nafdac.gov.ng/products/details/4552,2026-09-29T10:52:30.242228+00:00
Greenbook NAFDAC,4500,9775,Meprid 4 Tablet_,1,Drugs,"{'id': 1, 'name': 'Drugs', 'created_at': '-000001-11-30T00:00:00.000000Z', 'updated_at': '2022-03-17T16:53:12.000000Z', 'deleted_at': None}",623,Glimepiride,,A4-9438,1,Tablet,1,Oral,4 mg,332,Zolon Healthcare Limited,2026-08-26,2031-08-25,Inactive,"Tablet.

30	MEPRID 4 TABLET	MEPRID 	Glimepiride	Antidiabetic	Glimepiride 4mg	Tablet x 3 x 10	Used for the treatment of type 2 diabetes	POM	Zolon Healthcare Limited	No 37, Osolo way Ajao Estate, Isolo, Lagos	Emzor Pharmaceutical Industries Limited	Flowergate Mixed Development Scheme, Km. 1, Sagmu-Benin Expressway, Makun, Sagamu, Ogun State	GMP - Satis RBP		A4-9438			",3 x 10&#039;s,Each tablet contains: Glimepiride 4 mg,https://admin.greenbook.nafdac.gov.ng/uploadImage/smpc_files/2025/04/14/20250414bc15dcc8-cc8f-5e3a-bc16-1628d07a0de7.pdf,A10BB12,https://greenbook.nafdac.gov.ng/products/details/9775,2026-09-29T10:52:30.242228+00:00
Greenbook NAFDAC,4501,6008,Mercybact Cream 30 g## (strength format),1,Drugs,"{'id': 1, 'name': 'Drugs', 'created_at': '-000001-11-30T00:00:00.000000Z', 'updated_at': '2022-03-17T16:53:12.000000Z', 'deleted_at': None}",1112,Clobetasol; Ketoconazole; Neomycin,,A4-100341,4,Cream,21,Topical,0.05mg; 10mg; 5000IU,1100,Everdestiny Pharmaceutical Ltd,2023-02-23,2028-02-22,Active,"Cream

MERCYBACT CREAM 30G	A4-100341	MERCYBACT CREAM 30G	Ketoconazole 10mg, Clobetasol Propionate 0.05mg, Neomycin sulphate 5000 IU					Prescription Only Medicine (POM)		EVERDESTINY PHARMACEUTICAL LIMITED, IYANU OLUWA STREET, LAGOS LAGOS		YASH MEDICARE PVT. LTD, NR. SABAR DAIRY, TALOD ROAD, PO. HAJIPUR, TA-HIMATNAGAR-383006, GUJARAT, INDIA, India		2/23/2023	2/22/2028
",1 x 30 g (in a tube),"Each gram of cream contains: Ketoconazole 10 mg, Clobetasol Propionate 0.05 mg, Neomycin Sulfate 5000 IU",https://admin.greenbook.nafdac.gov.ng/uploadImage/smpc_files/2024/12/30/20241230288a7f81-d51c-5ad3-bde7-3de677b0f90b.pdf,D07CD01,https://greenbook.nafdac.gov.ng/products/details/6008,2026-09-29T10:52:30.242228+00:00
Greenbook NAFDAC,4502,3048,Meroclav 625 Tablet##,1,Drugs,"{'id': 1, 'name': 'Drugs', 'created_at': '-000001-11-30T00:00:00.000000Z', 'updated_at': '2022-03-17T16:53:12.000000Z', 'deleted_at': None}",423,Amoxicillin (Amoxicillin Trihydrate); Clavulanic Acid (Potassium Clavulanate),,C4-1291,1,Tablet,1,Oral,500 mg; 125 mg,1022,Esmero Pharmaceutical Ltd,2020-11-30,2025-11-29,Inactive,Tablet,,"Each tablet contains: Amoxicillin Trihydrate equivalent to Amoxicillin 500 mg, Potassium Clavulanate equivalent to Clavulanic Acid 125 mg",,J01CR02,https://greenbook.nafdac.gov.ng/products/details/3048,2026-09-29T10:52:30.242228+00:00
Greenbook NAFDAC,4503,3028,Meroclav for Oral Suspension##,1,Drugs,"{'id': 1, 'name': 'Drugs', 'created_at': '-000001-11-30T00:00:00.000000Z', 'updated_at': '2022-03-17T16:53:12.000000Z', 'deleted_at': None}",423,Amoxicillin (Amoxicillin Trihydrate); Clavulanic Acid (Potassium Clavulanate),,C4-1290,72,Powder for suspension,1,Oral,200 mg/5 mL; 28.5 mg/5 mL,1022,Esmero Pharmaceutical Ltd,2020-11-30,2025-11-29,Inactive,"Powder for Oral Suspension
",,"Each 5 mL reconstituted suspension contains: Amoxicillin Trihydrate USP equivalent to Amoxicillin 200 mg, Diluted Potassium Clavulanate BP equivalent to Clavulanic Acid 28.5 mg",,J01CR02,https://greenbook.nafdac.gov.ng/products/details/3028,2026-09-29T10:52:30.242228+00:00
Greenbook NAFDAC,4504,5831,Meroglobin##,1,Drugs,"{'id': 1, 'name': 'Drugs', 'created_at': '-000001-11-30T00:00:00.000000Z', 'updated_at': '2022-03-17T16:53:12.000000Z', 'deleted_at': None}",1666,Haemoglobin; Chelated iron; Cyanocobalamin; Malt extract,,A11-100536,61,Oral gel,1,Oral,5%; 0.3%; 0.0004%; 2%,1184,GREENVILLE PHARMA NIGERIA LIMITED,2023-07-06,2028-06-05,Active,"Oral Gel
A dark brown viscous liquid with a faint chocolate flavor

MEROGLOBIN	HAEMOGLOBIN	HAEMOGLOBIN	A11-100536	Drugs	BLOOD AND BLOOD FORMING ORGANS	Nigerian Products	200ML	OTC	13/03/2023	GREENVINE PHARMACEUTICAL LIMITED, 30 ADEKITAN STREET, OFF PALM AVENUE, MUSHIN, LAGOS	8161888886	agboarinze7@gmail.com	JEHYSON HEALTHCARE LIMITED, JEHYSON CRESCENT, 78KM LAGOS-ABEOKUTA EXP-WAY, APOMU, EWEKORO LGA, OGUN STATE, Nigeria",1 x 200 mL (in amber glass bottle),"Each 5 mL contains: Haemoglobin 5% w/v, Chelated iron 0.3% w/v, Cyanocobalamin 0.0004% w/v, Malt Extract 2% w/v
Excipients q.s.",https://admin.greenbook.nafdac.gov.ng/uploadImage/smpc_files/2023/09/19/20230919918c193c-0e0b-58d4-b935-40ba52b52d50.pdf,B03AE01,https://greenbook.nafdac.gov.ng/products/details/5831,2026-09-29T10:52:30.242228+00:00
Greenbook NAFDAC,4505,5217,Meronem 500 mg IV Powder for Injection**,1,Drugs,"{'id': 1, 'name': 'Drugs', 'created_at': '-000001-11-30T00:00:00.000000Z', 'updated_at': '2022-03-17T16:53:12.000000Z', 'deleted_at': None}",459,Meropenem (Meropenem Trihydrate),,A4-6947,73,Powder for solution for injection/infusion,12,Intravenous,500 mg,260,Pfizer Specialties Ltd,2023-01-26,2028-01-25,Active,"Powder for solution for injection or infusion in 20-mL glass vial.
A white to light yellow powder",500 mg x 10&#039;s (in glass vials),"Each vial contains: Meropenem Trihydrate equiv. to Anhydrous Meropenem 500 mg

Excipients with known effect:
Each 500 mg vial contains 104 mg sodium carbonate which equates to approximately 2 mEq of sodium (approximately 45 mg)",https://admin.greenbook.nafdac.gov.ng/uploadImage/smpc_files/2024/10/11/2024101119969eef-6eca-5e8b-8437-608fc6f88bb5.pdf,J01DH02,https://greenbook.nafdac.gov.ng/products/details/5217,2026-09-29T10:52:30.242228+00:00
Greenbook NAFDAC,4506,5218,Meronem Powder for Injection 1 g IV**,1,Drugs,"{'id': 1, 'name': 'Drugs', 'created_at': '-000001-11-30T00:00:00.000000Z', 'updated_at': '2022-03-17T16:53:12.000000Z', 'deleted_at': None}",459,Meropenem (Meropenem Trihydrate),,A4-6948,73,Powder for solution for injection/infusion,12,Intravenous,1 g,260,Pfizer Specialties Ltd,2023-01-26,2028-01-25,Active,"Powder for solution for injection or infusion in 30-mL glass vial.
A white to light yellow powder",1 g x 10&#039;s (in glass vials),"Each vial contains: Meropenem Trihydrate equiv. to Anhydrous Meropenem 1 g

Each 1 g vial contains 208 mg sodium carbonate which equates to approximately 4 mEq of sodium (approximately 90 mg)",https://admin.greenbook.nafdac.gov.ng/uploadImage/smpc_files/2024/10/11/20241011ff1c5e66-3ef6-5ac2-aec3-6c84b26b7618.pdf,J01DH02,https://greenbook.nafdac.gov.ng/products/details/5218,2026-09-29T10:52:30.242228+00:00
Greenbook NAFDAC,4507,12238,Meropenem 1 g IV Injection_,1,Drugs,"{'id': 1, 'name': 'Drugs', 'created_at': '-000001-11-30T00:00:00.000000Z', 'updated_at': '2022-03-17T16:53:12.000000Z', 'deleted_at': None}",459,Meropenem (Meropenem Trihydrate),,A4-101763,40,Injection,12,Intravenous,1 g,303,Swiss Pharma Nigeria Limited,2025-11-26,2030-11-25,Active,"Injection.
A white to light-yellow powder",1 x 10 vials,"Each vial contains: Meropenem Trihydrate

Excipients with known effect (per gram in vial): Sodium Carbonate 208 mg equiv. to approximately of Sodium base (approximately 90 mg)",https://admin.greenbook.nafdac.gov.ng/uploadImage/smpc_files/2025/12/05/20251205bd3afca4-3489-5d47-bc1c-02d503fadd51.pdf,J01DH02,https://greenbook.nafdac.gov.ng/products/details/12238,2026-09-29T10:52:30.242228+00:00
Greenbook NAFDAC,4508,6214,Meropenem for Injection USP 1 g**,1,Drugs,"{'id': 1, 'name': 'Drugs', 'created_at': '-000001-11-30T00:00:00.000000Z', 'updated_at': '2022-03-17T16:53:12.000000Z', 'deleted_at': None}",459,Meropenem (Meropenem Trihydrate),,A4-100538,73,Powder for solution for injection/infusion,12,Intravenous,1 g,367,Excel Charis Pharmaceutical Chemical Limited,2023-09-28,2028-09-27,Active,Powder for Solution for Injection or Infusion in 30-mL glass vial,"1 g x 1&#039;s (in glass vial) + 20 mL SWFI (in 2 ampoules), both in Plastic tray","Meropenem for Injection USP 1 g.
Each vial contains: Meropenem Trihydrate USP equivalent to Anhydrous Meropenem 1g, Sodium Carbonate 208 mg approximately 4.0 mmol of sodium (approximately 90 mg)",https://admin.greenbook.nafdac.gov.ng/uploadImage/smpc_files/2023/10/09/202310097e043442-d0a4-5549-aa18-25e33e320409.pdf,J01DH02,https://greenbook.nafdac.gov.ng/products/details/6214,2026-09-29T10:52:30.242228+00:00
Greenbook NAFDAC,4509,7745,Meropenem Injection**,1,Drugs,"{'id': 1, 'name': 'Drugs', 'created_at': '-000001-11-30T00:00:00.000000Z', 'updated_at': '2022-03-17T16:53:12.000000Z', 'deleted_at': None}",459,Meropenem (Meropenem Trihydrate),,C4-1534,73,Powder for solution for injection/infusion,12,Intravenous,1 g,1008,Ukanwa Pharmaceutical Company Nigeria Limited,2021-01-28,2026-01-27,Inactive,Powder for Solution for Injection or Infusion in a vial,1 g x 1&#039;s (in vial),Each vial contains: Meropenem Trihydrate equiv. to Anhydrous Meropenem 1 g,,J01DH02,https://greenbook.nafdac.gov.ng/products/details/7745,2026-09-29T10:52:30.242228+00:00
Greenbook NAFDAC,4510,12239,Meropenem IV 500 mg_,1,Drugs,"{'id': 1, 'name': 'Drugs', 'created_at': '-000001-11-30T00:00:00.000000Z', 'updated_at': '2022-03-17T16:53:12.000000Z', 'deleted_at': None}",459,Meropenem (Meropenem Trihydrate),,A4-101707,73,Powder for solution for injection/infusion,12,Intravenous,500 mg,303,Swiss Pharma Nigeria Limited,2025-11-26,2030-11-25,Active,"Powder for Solution for Intravenous Infusion/Injection
A white to light-yellow powder",1 x 10&#039;s (in vials),"Each vial contains: Meropenem Trihydrate equiv. to Meropenem IV 500 mg

Excipients with known effect: Sodium Carbonate 104 mg equiv. to Sodium 45 mg",https://admin.greenbook.nafdac.gov.ng/uploadImage/smpc_files/2025/12/12/20251212a444bd73-4f32-595b-a94b-b4aceb13740b.pdf,J01DH02,https://greenbook.nafdac.gov.ng/products/details/12239,2026-09-29T10:52:30.242228+00:00
Greenbook NAFDAC,4511,6216,Merother Tablets##,1,Drugs,"{'id': 1, 'name': 'Drugs', 'created_at': '-000001-11-30T00:00:00.000000Z', 'updated_at': '2022-03-17T16:53:12.000000Z', 'deleted_at': None}",528,Artemether; Lumefantrine,,B4-7897,1,Tablet,1,Oral,80 mg; 480 mg,1022,Esmero Pharmaceutical Ltd,2023-09-28,2028-09-27,Active,"Uncoated Dispersible Tablet
A yellow colored, round shaped biconvex, uncoated dispersible tablet

38	RNW-PP-290283	MEROTHER TABLETS 	ARTHERMETHER 80MG/LUMEFANTRINE 480MG	*Artemether 8.000 *Lumefantrine 48.000 Maize Starch 4.550 Calcium Sulfate Dihydrate 3.450 Microcrystalline Cellulose 3.500 Purified Talc 1.500 Maize starch 3.000 Magnesium Stearate 1.500 Polacrilin Potassium 0.750 Colloidal Anhydrous Silica 0.750 **Purified water 0.15ml	B4-7897	Drugs	Imported Products	1*6	Over The Counter (OTC)	12/28/2022	ESMERO PHARMACEUTICAL LTD, PLOT 2, ADEKOLA ADEDEJI CLOSE OFF FREEDOM WAY LEKKI PHASE 1	9133219592	esmeropharmaceuticalltd@gmail.com	M/S SALUD CARE (I) PVT. LTD., 435, KISHANPUR, JAMALPUR, ROORKEE, HARIDWAR UTTARAKHAND, INDIA, India",1 x 6&#039;s (in PVC-Alu blister),"Each uncoated dispersible tablet contains: Artemether 80 mg, Lumefantrine USP 480 mg
Excipients q.s.",https://admin.greenbook.nafdac.gov.ng/uploadImage/smpc_files/2023/10/09/20231009448864ca-1dd3-551e-baf6-7cec7d6ec397.pdf,P01BF01,https://greenbook.nafdac.gov.ng/products/details/6216,2026-09-29T10:52:30.242228+00:00
Greenbook NAFDAC,4512,2928,Meroxime 125 Powder for Oral Suspension##,1,Drugs,"{'id': 1, 'name': 'Drugs', 'created_at': '-000001-11-30T00:00:00.000000Z', 'updated_at': '2022-03-17T16:53:12.000000Z', 'deleted_at': None}",456,Cefuroxime (Cefuroxime Axetil),,C4-1315,72,Powder for suspension,1,Oral,125 mg/5 mL,1022,Esmero Pharmaceutical Ltd,2020-11-30,2025-11-29,Inactive,"Powder for Oral Suspension
",,Each 5 mL reconstituted suspension contains: Cefuroxime Axetil equivalent to Cefuroxime 125 mg,,J01DC02,https://greenbook.nafdac.gov.ng/products/details/2928,2026-09-29T10:52:30.242228+00:00
Greenbook NAFDAC,4513,2947,Meroxime 500 Tablets##,1,Drugs,"{'id': 1, 'name': 'Drugs', 'created_at': '-000001-11-30T00:00:00.000000Z', 'updated_at': '2022-03-17T16:53:12.000000Z', 'deleted_at': None}",456,Cefuroxime (Cefuroxime Axetil),,C4-1312,1,Tablet,1,Oral,500 mg,1022,Esmero Pharmaceutical Ltd,2020-11-30,2025-11-29,Inactive,Tablet,,Each tablet contains: Cefuroxime (as Cefuroxime Axetil) 500 mg,,J01DC02,https://greenbook.nafdac.gov.ng/products/details/2947,2026-09-29T10:52:30.242228+00:00
Greenbook NAFDAC,4514,6217,Mesone Cream##,1,Drugs,"{'id': 1, 'name': 'Drugs', 'created_at': '-000001-11-30T00:00:00.000000Z', 'updated_at': '2022-03-17T16:53:12.000000Z', 'deleted_at': None}",1302,Beclometasone; Clotrimazole; Neomycin,,B4-7912,4,Cream,21,Topical,0.025%; 1%; 0.5%,1022,Esmero Pharmaceutical Ltd,2023-09-28,2028-09-27,Active,"Cream

53	RNW-PP-305369	MESONE CREAM 	(BECLOMETHASONE DIPROPIORATE , CLOTRIMAZOLE, NEOMYCIN)	Beclomethasone Dipropiorate 0.025%w/w, Clotrimazole 1.0%w/w, Neomycin 0.5%w/w	B4-7912	Drugs	Imported Products	12*1*30g	Prescription Only Medicine (POM)	4/4/2023	ESMERO PHARMACEUTICAL LTD, PLOT 2, ADEKOLA ADEDEJI CLOSE OFF FREEDOM WAY LEKKI PHASE 1	9133219592	esmeropharmaceuticalltd@gmail.com	SALUDE CARE (INDIA) PVT LTD, PLOT NO: 435 JAMALPUR, KISHANPUR, ROORKEE, (UTTARAKHAND), INDIA, India",12 x 1 x 30 g (in Alu/Lami tube),"Each Mesone Cream contains: Beclomethasone Dipropiorate 0.025% w/w, Clotrimazole 1.0% w/w, Neomycin 0.5% w/w",https://admin.greenbook.nafdac.gov.ng/uploadImage/smpc_files/2023/10/09/20231009224a8057-aeb1-5c69-9073-4eba0d945aa9.pdf,D07CC04,https://greenbook.nafdac.gov.ng/products/details/6217,2026-09-29T10:52:30.242228+00:00
Greenbook NAFDAC,4515,10785,Mestymin Syrup 200 mL_,1,Drugs,"{'id': 1, 'name': 'Drugs', 'created_at': '-000001-11-30T00:00:00.000000Z', 'updated_at': '2022-03-17T16:53:12.000000Z', 'deleted_at': None}",1810,L-Leucine; L-Isoleucine; L-Lysine Hydrochloride; L-Methionine; L-Phenylalanine; L-Threonine; L-Tryptophan; L-Valine; Vitamin A; Cholecalciferol; Alpha Tocopheryl Acetate; Thiamine Hydrochloride; Riboflavin; Nicotinamide; Calcium Pantothenate; Pyridoxine Hydrochloride; Cyanocobalamin; Ascorbic Acid; Folic Acid,,A11-100661,103,Syrup,1,Oral,"18.3 mg; 5.9 mg; 25 mg; 5 mg; 4.2 mg; 6.7 mg; 5 mg;18.4 mg; 2500iu; 200iu; 5 mg; 3 mg;  25 mg;  1.5 mg;  0.75 mg;  5 mg, 2.5 mg; 40 mg; 7.5iu",1209,MUCHIS HEALTHCARE LIMITED,2024-02-28,2029-02-27,Active,"Syrup.
Caramel coloured oral liquid.

MESTYMIN SYRUP 200ML	MULTIVITAMINS	L-LEUCINE USP 16.3MG, L-ISOLEUCINE USP 5.9MG, L-LYSINE HYDROCHLORIDE USP 25MG, L-PHENYLALANINE USP 5MG, L-THREONINE USP 4.2MG, L-METHIONINE USP 9.2MG, L-TRYPTOPHAN USP 5MG, L-VALINE USP 6.7MG, THAIMINE HYDROCHLORIDE BP 5MG, RIBOFLAVIN (AS-RIBOFLAVINE SODIUM PHOSPHATE) BP 3MG, PYRIDOXINE HYDROCHLORIDE BP 5MG, NICOTINAMIDE BP 25MG, CALCIUM PANTOTHENATE BP 5MG, CANOCOBALAMIN BP 2.5MG, FOLIC ACID BP 0.75MG, ASCORBIC ACID BP 40MG, VITAMIN A (AS SYNTHETIC RETINAL CONCENTRATE OILY FORM) BP 2500IU, COLE		Drugs	Nigerian Products	200ml	OTC	11/01/2024	MUCHIS HEALTHCARE LIMITED, OGUNDANA STREET, OFF ALLEN AVENUE, IKEJA IKEJA LAGOS	8074606192	muchishealthcareltd@yahoo.com	JEHYSON HEALTHCARE LIMITED, JEHYSON CRESCENT, 78KM LAGOS-ABEOKUTA EXP-WAY, APOMU, EWEKORO LGA, OGUN STATE, Nigeria",200 mL in amber glass bottle,"Each 15 mL syrup contains: L-Leucine USP 18.3 mg, L-Isoleucine USP 5.9 mg, L-Lysine Hydrochloride USP 25 mg, L-Phenylalanine USP 5 mg, L-Threonine USP 4.2 mg, L-Methionine USP 9.2 mg, L-Tryptophan USP 5 mg, L-Valine USP 6.7 mg, Thiamine Hydrochloride BP 5 mg, Riboflavin (as-Riboflavin Sodium Phosphate) BP 3 mg, Pyridoxine Hydrochloride BP 1.5 mg, Nicotinamide BP 25 mg, Calcium Pantothenate BP 5 mg, Cyanocobalamin BP 2.5 mg, Folic Acid BP 0.75 mg, Ascorbic Acid BP 40 mg, Vitamin A (as Synthetic Retinal Concentrate Oily Form) BP 2500 IU, Cholecalciferol BP 200 IU and Alpha Tocopheryl Acetate BP 7.5 IU",https://admin.greenbook.nafdac.gov.ng/uploadImage/smpc_files/2024/03/18/2024031894328ecd-b888-5ea5-80b4-c860d1aa9db7.pdf,A11A,https://greenbook.nafdac.gov.ng/products/details/10785,2026-09-29T10:52:30.242228+00:00
Greenbook NAFDAC,4516,5220,Mesutyl 1 g Injection**,1,Drugs,"{'id': 1, 'name': 'Drugs', 'created_at': '-000001-11-30T00:00:00.000000Z', 'updated_at': '2022-03-17T16:53:12.000000Z', 'deleted_at': None}",446,Cefoperazone; Sulbactam (Sulbactam Sodium),,B4-2048,70,Powder for injection,12,Intravenous,500 mg; 500 mg,145,Chez Resources Pharmaceutical Limited,2023-05-25,2028-05-24,Active,"Dry Powder for Solution for Injection in vial + SWFI as diluent in ampoule.
White crystalline powder filled in intactly sealed clear glass vials",1 g x 1&#039;s (in glass vial) + 10 mL sterile water for injection (in ampoule),"Combipack of Cefoperazone &amp; Sulbactam for Injection &amp; Sterilised Water for Injection BP.
Each combipack contains:
A) Sterile Cefoperazone Sodium BP equivalent to Cefoperazone 500 mg, Sterile Sulbactam Sodium USP equivalent to Sulbactam 500 mg in vial
B) Sterilized Water for Injections BP 10 mL in ampoule",https://admin.greenbook.nafdac.gov.ng/uploadImage/smpc_files/2023/10/20/202310201a5b7d43-8022-5b0a-a764-a44ecee3164c.pdf,J01DD62,https://greenbook.nafdac.gov.ng/products/details/5220,2026-09-29T10:52:30.242228+00:00
Greenbook NAFDAC,4517,5219,Mesutyl 1.5 g Injection**,1,Drugs,"{'id': 1, 'name': 'Drugs', 'created_at': '-000001-11-30T00:00:00.000000Z', 'updated_at': '2022-03-17T16:53:12.000000Z', 'deleted_at': None}",446,Cefoperazone; Sulbactam (Sulbactam Sodium),,C4-1730,70,Powder for injection,29,Intravenous; Intramuscular,1000 mg; 500 mg,145,Chez Resources Pharmaceutical Limited,2023-07-06,2028-07-05,Active,"Dry Powder for Solution for Injection in vial + SWFI as diluent in ampoule.
A white to off white crystalline powder",1.5 g x 1&#039;s (in vial) + 10 mL sterile water for injection (in ampoule),"Each combipack contains:
A) Sterile Cefoperazone Sodium BP equivalent to Cefoperazone 1000 mg, Sterile Sulbactam Sodium USP equivalent to Sulbactam 500 mg in vial
B) Sterilized Water for Injections BP 10 mL in ampoule",https://admin.greenbook.nafdac.gov.ng/uploadImage/smpc_files/2024/09/24/202409249529e368-8ace-5dbb-a637-92ed7bbc4842.pdf,J01DD62,https://greenbook.nafdac.gov.ng/products/details/5219,2026-09-29T10:52:30.242228+00:00
Greenbook NAFDAC,4518,3168,Met-Glim Tablets##,1,Drugs,"{'id': 1, 'name': 'Drugs', 'created_at': '-000001-11-30T00:00:00.000000Z', 'updated_at': '2022-03-17T16:53:12.000000Z', 'deleted_at': None}",626,Metformin Hydrochloride; Glibenclamide,,A4-6739,1,Tablet,1,Oral,500 mg; 5 mg,261,Phamatex Nigeria Limited,2020-12-21,2025-12-20,Inactive,Tablet,,"Each tablet contains: Glibenclamide 5 mg, Metformin Hydrochloride 500 mg",,A10BD02,https://greenbook.nafdac.gov.ng/products/details/3168,2026-09-29T10:52:30.242228+00:00
Greenbook NAFDAC,4519,11352,Meta B-Fort Tablets_,1,Drugs,"{'id': 1, 'name': 'Drugs', 'created_at': '-000001-11-30T00:00:00.000000Z', 'updated_at': '2022-03-17T16:53:12.000000Z', 'deleted_at': None}",1925,Vitamins,Multivitamin,A4-1872,1,Tablet,1,Oral,see Composition,329,Vixa Pharmaceutical Company Limited,2021-03-29,2026-03-28,Inactive,Tablet,1 x 10&#039;s; 10 x 10&#039;s ,"Each tablet contains: Vitamin B1 250 mg, Vitamin B6 250 mg and Vitamin B12 1 mg",,A11BA,https://greenbook.nafdac.gov.ng/products/details/11352,2026-09-29T10:52:30.242228+00:00
Greenbook NAFDAC,4520,10220,Metaclim Injection##,1,Drugs,"{'id': 1, 'name': 'Drugs', 'created_at': '-000001-11-30T00:00:00.000000Z', 'updated_at': '2022-03-17T16:53:12.000000Z', 'deleted_at': None}",58,Metoclopramide Hydrochloride,,A4-6082,107,Solution for injection,29,Intravenous; Intramuscular,10 mg/2 mL,625,Climax Pharmaceutical Chemist Limited,2021-06-24,2026-06-23,Inactive,Sterile Injection or Infusion,10 x 2 mL (in ampoules),"Each 2 mL ampoule contains: Metoclopramide Hydrochloride BP equivalent to anhydrous Metoclopramide 10 mg
Excipients q.s.",https://admin.greenbook.nafdac.gov.ng/uploadImage/smpc_files/2024/09/18/20240918187dcdc6-55b7-578c-99ad-6f3507a65069.pdf,A03FA01,https://greenbook.nafdac.gov.ng/products/details/10220,2026-09-29T10:52:30.242228+00:00
Greenbook NAFDAC,4521,10344,Metap-Xl 25 Tablets##,1,Drugs,"{'id': 1, 'name': 'Drugs', 'created_at': '-000001-11-30T00:00:00.000000Z', 'updated_at': '2022-03-17T16:53:12.000000Z', 'deleted_at': None}",1595,Metoprolol Tartrate (Metoprolol Succinate),,B4-0556,1,Tablet,1,Oral,25 mg,230,Micro Nova Pharmaceuticals Ind Ltd,2021-08-26,2026-08-25,Inactive,"Tablet
Yellow colored, circular, biconvex, film coated tablets with &quot;Micro&quot;’ engraved on both sides",3 x 10&#039;s (in blisters),"Each film coated extended release tablet contains: Metoprolol Succinate USP 23.75 mg equivalent to Metoprolol Succinate Base 25 mg
Excipients q.s.",https://admin.greenbook.nafdac.gov.ng/uploadImage/smpc_files/2024/11/20/2024112032beb6ef-668a-5aba-bbc0-1d27ff055172.pdf,,https://greenbook.nafdac.gov.ng/products/details/10344,2026-09-29T10:52:30.242228+00:00
Greenbook NAFDAC,4522,10345,Metap-Xl 50 Tablets##,1,Drugs,"{'id': 1, 'name': 'Drugs', 'created_at': '-000001-11-30T00:00:00.000000Z', 'updated_at': '2022-03-17T16:53:12.000000Z', 'deleted_at': None}",1595,Metoprolol Tartrate (Metoprolol Succinate),,B4-0555,1,Tablet,1,Oral,50 mg,230,Micro Nova Pharmaceuticals Ind Ltd,2021-08-26,2026-08-25,Inactive,"Tablet
White, circular, biconvex, film coated tablets with &quot;Micro&quot; engraved on both sides",3 x 10 (in blister packs),"Each film coated extended release tablet contains: Metoprolol succinate USP 47.5 mg equivalent to Metoprolol Succinate Base 50 mg
Excipients q.s.",https://admin.greenbook.nafdac.gov.ng/uploadImage/smpc_files/2024/11/20/20241120e710d3b4-c787-5fb8-a5d3-55d156cf0f98.pdf,,https://greenbook.nafdac.gov.ng/products/details/10345,2026-09-29T10:52:30.242228+00:00
Greenbook NAFDAC,4523,6558,Metarbul Injection 80 mg/mL##,1,Drugs,"{'id': 1, 'name': 'Drugs', 'created_at': '-000001-11-30T00:00:00.000000Z', 'updated_at': '2022-03-17T16:53:12.000000Z', 'deleted_at': None}",542,Artemether,,04-8849,40,Injection,9,Intramuscular,80 mg/mL,437,Mednoral Pharmaceutical Limited,2023-11-30,2028-11-29,Active,"Injection

52	RNW-PP-270627	METARBUL INJECTION 80MG/ML	ARTEMETHER 80MG/ML	ARTEMETHER 80MG/ML	Apr-49	Drugs	Imported Products	1MLX6AMPOULES	Prescription Only Medicine (POM)	7/6/2022	MEDNORAL PHARMACEUTICAL LIMITED, NO.12, CHRIS EBIE STREET, OFF AGO PALACE WAY, OKOTA, LAGOS STATE.	33283730	mednoraln@gmail.com	JIANGSU RUINIAN QIAN JIN PHARMACEUTICAL CO, LTD, CHUANBU, YIXING ECONMIC DEVELOPMENT ZONE, JIANGSU PROVINCE, CHINA, China",6 x 1 mL ampoules,"Each 1 mL ampoule contains: Artemether 80 mg
Excipients: Tea-Seed Oil
",https://admin.greenbook.nafdac.gov.ng/uploadImage/smpc_files/2023/12/17/20231217512f04cc-be2b-5190-bf33-c9f515088732.pdf,P01BE02,https://greenbook.nafdac.gov.ng/products/details/6558,2026-09-29T10:52:30.242228+00:00
Greenbook NAFDAC,4524,4553,Metazine Syrup##,1,Drugs,"{'id': 1, 'name': 'Drugs', 'created_at': '-000001-11-30T00:00:00.000000Z', 'updated_at': '2022-03-17T16:53:12.000000Z', 'deleted_at': None}",1585,Promethazine Hydrochloride,,04-7921,103,Syrup,1,Oral,5 mg/5 mL,320,Unique AgroChem Ltd,2023-02-23,2028-02-22,Active,"Syrup
A clear, light-yellow syrup

METAZINE SYRUP	04-7921	METAZINE SYRUP	Each 5ml contains: Promethazine Hydrochloride BP 5mg, Ethanol (96%) BP 0.25ml, Sucrose BP 3400mg, Citric Acid Anhydrous BP 36mg, Sodium Citrate BP 140mg, Sodium Sulphite BP 5mg, Sodium Metabisulphite BP 5mg, Ascorbic Acid BP 12mg, Caramel Colour USP 1.5mg, Sodium Benzoate BP 5mg, Orange Flavour 0.0125ml, Purified Water BP ……..qs.. 5ml.		Drugs	ALIMENTARY TRACT AND METABOLISM		Drugs		UNIQUE PHARMACEUTICALS LIMITED, FATAI ATERE WAY MATORI, MUSHIN LAGOS LAGOS	8097421000	UNIQUE PHARMARCEUTICALS LIMITED, 11, FATAI ATERE WAY, MATORI, MUSHIN, LAGOS., Nigeria		2/23/2023	2/22/2028
","1 x 60 mL, 1 x 100 mL (in amber PET bottles)","Each 5 mL contains: Promethazine Hydrochloride BP 5 mg
Excipients q,s,",https://admin.greenbook.nafdac.gov.ng/uploadImage/smpc_files/2025/01/10/2025011016f7b5b5-d89c-5f4d-b8eb-3e20dccdc420.pdf,,https://greenbook.nafdac.gov.ng/products/details/4553,2026-09-29T10:52:30.242228+00:00
Greenbook NAFDAC,4525,6818,Metforcap Tablet##,1,Drugs,"{'id': 1, 'name': 'Drugs', 'created_at': '-000001-11-30T00:00:00.000000Z', 'updated_at': '2022-03-17T16:53:12.000000Z', 'deleted_at': None}",625,Metformin Hydrochloride,,04-1811,1,Tablet,1,Oral,500 mg,212,Laider International W.A Ltd,2023-12-21,2028-12-20,Active,"Film Coated Tablet
Off-white, round film coated tablet

23	RNW-PP-360557	METFORCAP TABLET	METFORMIN HCL	Metformin HCL 500mg	04-1811	Drugs	Nigerian Products	10 x10	Prescription Only Medicine (POM)	9/25/2023	LAIDER INTERNATIONAL W.A. LTD, 16B,SEHINDE CALLISTO OSHODI	17945374	layiabidoye@yahoo.com	ECOMED PHARMA LIMITED., PLOT 32, LYNSON CHEMICAL AVENUE, KM 38 LAGOS-ABEOKUTA EXPRESS WAY, SANGO OTTA., Nigeria",10 x 10&#039;s (in blisters),"Each tablet contains: Metformin Hydrochloride 500 mg equivalent to Metformin Base 390 mg
Excipients q.s.",https://admin.greenbook.nafdac.gov.ng/uploadImage/smpc_files/2024/12/27/202412271d7d1a10-0cf8-5315-874d-87cb58975d3f.pdf,A10BA02,https://greenbook.nafdac.gov.ng/products/details/6818,2026-09-29T10:52:30.242228+00:00
Greenbook NAFDAC,4526,5221,Metfordeal Tablet##,1,Drugs,"{'id': 1, 'name': 'Drugs', 'created_at': '-000001-11-30T00:00:00.000000Z', 'updated_at': '2022-03-17T16:53:12.000000Z', 'deleted_at': None}",625,Metformin Hydrochloride,,A4-3687,1,Tablet,1,Oral,500 mg,265,Pharmadeal Nigeria Limited,2023-07-06,2028-07-05,Active,"Tablet
A yellow colored, round, biconvex, film coated tablet with plain surfaces

54	RNW-PP-212593	Metfordeal Tablet	METFORMIN 500MG	Metformin 500mg, Microcrystalline cellulose, Povidone K-30, Croscamellose sodium, magnesium stearate, Opadry AMB80W52123, Carnauba wax	A4-3687	Drugs	Imported Products	10*10	POM 1	5/20/2021	PHARMADEAL NIGERIA LIMITED, 1A Oyewole Oshodi street, Ilupeju.	8038510048	ccnwabisi2010@yahoo.com	Beximco Pharmaceuticals Limited, 126, Kathaldia, Auchpara, Tongi-Gazipur, Bangladesh, Bangladesh",10 x 10&#039;s,"Each tablet contains: Metformin Hydrochloride 500 mg
Excipients q.s.",https://admin.greenbook.nafdac.gov.ng/uploadImage/smpc_files/2023/08/24/20230824d32b0915-0288-5cf3-9f41-7dbbc96aada4.pdf,A10BA02,https://greenbook.nafdac.gov.ng/products/details/5221,2026-09-29T10:52:30.242228+00:00
Greenbook NAFDAC,4527,5222,Metformin 1000 mg Tablet**,1,Drugs,"{'id': 1, 'name': 'Drugs', 'created_at': '-000001-11-30T00:00:00.000000Z', 'updated_at': '2022-03-17T16:53:12.000000Z', 'deleted_at': None}",625,Metformin Hydrochloride,,B4-7689,1,Tablet,1,Oral,1000 mg,250,Novartis Nigeria Limited,2023-07-27,2028-07-26,Active,Film Coated Tablet,4 x 15&#039;s,"Each tablet contains: Metformin Hydrochloride 1000 mg, Excipients q.s.",https://admin.greenbook.nafdac.gov.ng/uploadImage/smpc_files/2023/08/27/20230827b917bab0-b315-5223-91fe-ceac03e25841.pdf,A10BA02,https://greenbook.nafdac.gov.ng/products/details/5222,2026-09-29T10:52:30.242228+00:00
Greenbook NAFDAC,4528,3160,Metformin 1000 mg Tablets##,1,Drugs,"{'id': 1, 'name': 'Drugs', 'created_at': '-000001-11-30T00:00:00.000000Z', 'updated_at': '2022-03-17T16:53:12.000000Z', 'deleted_at': None}",625,Metformin Hydrochloride,,C4-1431,1,Tablet,1,Oral,1000 mg,864,MacJay Pharmaceutical Co. Ltd,2020-12-21,2025-12-20,Inactive,Tablet,,Each tablet contains: Metformin Hydrochloride 1000 mg,,A10BA02,https://greenbook.nafdac.gov.ng/products/details/3160,2026-09-29T10:52:30.242228+00:00
Greenbook NAFDAC,4529,6819,Metformin 500 mg Tablet##,1,Drugs,"{'id': 1, 'name': 'Drugs', 'created_at': '-000001-11-30T00:00:00.000000Z', 'updated_at': '2022-03-17T16:53:12.000000Z', 'deleted_at': None}",625,Metformin Hydrochloride,,A4-2278,1,Tablet,1,Oral,500 mg,303,Swiss Pharma Nigeria Limited,2023-12-21,2028-12-20,Active,"Tablet
White, cylindrical, convex film-coated tablets

137	CMS-PP-395682	METFORMIN 500MG TABLET	METFORMIN HYDROCHLORIDE BP	Metformin Hydrochloride BP 500mg Povidone K 30, Magnesium Stearate, Hypromellose, Talc, Povidone K 25, Titanium Dioxide, Stearic Acid, Ethanol.	A4-2278	Drugs	Nigerian Products	3x10,10x10	POM 1	12/14/2023	SWISS PHARMA NIGERIA LIMITED, , DOPEMU ROAD, IKEJA LAGOS	17745276	swipha@swiphanigeria.com	Swiss Pharma Nigeria Ltd, P.o.box 463 ikeja lagos, Nigeria","3 x 10&#039;s, 10&#039;s x 10&#039;s (in PVC-Alu blisters)","One film-coated tablet contains: Metformin Hydrochloride 500 mg
Excipients q.s.",https://admin.greenbook.nafdac.gov.ng/uploadImage/smpc_files/2024/01/03/20240103950cfd67-500c-526d-8160-897656389600.pdf,A10BA02,https://greenbook.nafdac.gov.ng/products/details/6819,2026-09-29T10:52:30.242228+00:00
Greenbook NAFDAC,4530,3161,Metformin 500 mg Tablet## (check pack size),1,Drugs,"{'id': 1, 'name': 'Drugs', 'created_at': '-000001-11-30T00:00:00.000000Z', 'updated_at': '2022-03-17T16:53:12.000000Z', 'deleted_at': None}",625,Metformin Hydrochloride,,A4-8314,1,Tablet,1,Oral,500 mg,167,Emzor Pharmaceutical Industries Limited,2020-12-21,2025-12-20,Inactive,"Tablet
White colored, film coated, round biconvex tablets",,"Each tablet contains: Metformin Hydrochloride 500 mg
Excipients q.s.",https://admin.greenbook.nafdac.gov.ng/uploadImage/smpc_files/2025/01/13/202501135878eccc-6426-5da9-970d-990e9c1c62e3.pdf,A10BA02,https://greenbook.nafdac.gov.ng/products/details/3161,2026-09-29T10:52:30.242228+00:00
Greenbook NAFDAC,4531,3169,Metformin Hydrochloride 500 mg & Glimepiride 2 mg Tablet##,1,Drugs,"{'id': 1, 'name': 'Drugs', 'created_at': '-000001-11-30T00:00:00.000000Z', 'updated_at': '2022-03-17T16:53:12.000000Z', 'deleted_at': None}",628,Metformin Hydrochloride; Glimepiride,,C4-1280,1,Tablet,1,Oral,500 mg; 2 mg,358,Brent Cross Pharmaceutical Co. Limited,2020-11-30,2025-11-29,Inactive,Tablet,,"Each tablet contains: Glimepiride 2 mg, Metformin Hydrochloride 500 mg",,A10BD02,https://greenbook.nafdac.gov.ng/products/details/3169,2026-09-29T10:52:30.242228+00:00
Greenbook NAFDAC,4532,3170,Metformin Sandoz 850 mg Tablets##,1,Drugs,"{'id': 1, 'name': 'Drugs', 'created_at': '-000001-11-30T00:00:00.000000Z', 'updated_at': '2022-03-17T16:53:12.000000Z', 'deleted_at': None}",625,Metformin Hydrochloride,,B4-2915,1,Tablet,1,Oral,850 mg,250,Novartis Nigeria Limited,2020-12-21,2025-12-20,Inactive,"Tablet
Oval, white film-coated tablet with a score on one side and embossed “M 850” on the other side. The score line is only to facilitate breaking for ease of swallowing and not to divide into equal doses",,"Each tablet contains: Metformin Hydrochloride 850 mg equivalent to Metformin Base 662.9 g
Excipients q.s.",https://admin.greenbook.nafdac.gov.ng/uploadImage/smpc_files/2024/09/10/20240910549e333b-b89d-541b-8340-a3f579513ed0.pdf,A10BA02,https://greenbook.nafdac.gov.ng/products/details/3170,2026-09-29T10:52:30.242228+00:00
Greenbook NAFDAC,4533,8222,Metformin Tablets**,1,Drugs,"{'id': 1, 'name': 'Drugs', 'created_at': '-000001-11-30T00:00:00.000000Z', 'updated_at': '2022-03-17T16:53:12.000000Z', 'deleted_at': None}",625,Metformin Hydrochloride,,C4-1668,1,Tablet,1,Oral,500 mg,250,Novartis Nigeria Limited,2021-03-29,2026-03-28,Inactive,Tablet,6 x 10&#039;s,Each tablet contains: Metformin Hydrochloride equiv. to Metformin 500 mg,,,https://greenbook.nafdac.gov.ng/products/details/8222,2026-09-29T10:52:30.242228+00:00
Greenbook NAFDAC,4534,5223,Metfosyn Tablet##,1,Drugs,"{'id': 1, 'name': 'Drugs', 'created_at': '-000001-11-30T00:00:00.000000Z', 'updated_at': '2022-03-17T16:53:12.000000Z', 'deleted_at': None}",625,Metformin Hydrochloride,,B4-6658,1,Tablet,1,Oral,500 mg,712,Synermed Nig Ltd,2023-07-06,2028-07-05,Active,"Tablet

67	RNW-PP-226005	METFOSYN TABLET	METFORMIN TABLETS BP 500MG	Metformin Hydrochloride BP 500mg	B4-6658	Drugs	Imported Products	1*10,10*10	Prescription Only Medicine (POM)	10/27/2022	SYNERMED (NIGERIA) LIMITED, ADENIYI JONES IKEJA LAGOS LAGOS	8035873263	synermednigeria@hotmail.com	ZEST PHARMA, PLOT NO.275, SECTOR &#039;F&#039; SANWAR ROAD, INDORE :- 452015 (M.P), INDIA, India","1 x 10&#039;s,10 x 10&#039;s (in PVC-Alu blisters)","Each tablet contains: Metformin Hydrochloride 500 mg
Excipients q.s.",https://admin.greenbook.nafdac.gov.ng/uploadImage/smpc_files/2023/08/24/202308240c4f358a-944e-5cde-92b9-7d6211c52e6e.pdf,A10BA02,https://greenbook.nafdac.gov.ng/products/details/5223,2026-09-29T10:52:30.242228+00:00
Greenbook NAFDAC,4535,6084,Metherine Forte Tablet##,1,Drugs,"{'id': 1, 'name': 'Drugs', 'created_at': '-000001-11-30T00:00:00.000000Z', 'updated_at': '2022-03-17T16:53:12.000000Z', 'deleted_at': None}",528,Artemether; Lumefantrine,,A4-4737,1,Tablet,1,Oral,80 mg; 480 mg,573,Aphantee Pharma Nigeria Ltd,2023-04-26,2028-04-25,Active,"Tablet
Yellow colored, circular, biconvex, film coated tablets debossed with &quot;MAXHEAL&quot; on one side &amp; break line on other side

METHERINE FORTE TABLET	ARTEMETHER &amp; LUMEFANTRINE	ARTEMETHER 80mg &amp; LUMEFANTRINE 480mg Maize Starch--41.40mg Microcrystalline Cellulose-18mg Crospovidone--8mg PVP K-30--10mg Sodium Benzoate-0.6 Isopropyl -Alcohol--qs Purified Talc-10mg Crospovidone--10mg Colloidal Anhydrous Silica --17mg(Aerosil)-- Magnesium Stearate--25mg Spray tab Yellow--5mg Methylene dichloride--qs Isopropyl -Alcohol--qs	A4-4737	Drugs	Imported Products	1X6	Prescription Only Medicine (POM)	14/11/2022	APHANTEE PHARM NIGERIA LTD, SUITE FF 11, PACIFIC COMPLEX AWKA ROAD ONITSHA ANAMBRA	8077261675	aphanteepharm@yahoo.com	MAXHEAL LABORATORIES PVT. LTD., 2-7/80-85, SURSEZ SACHIN, GUJARAT-394230 INDIA, India",1 x 6&#039;s (in PVC-Alu blister),"Each film coated  tablet contains: Artemether 80 mg, Lumefantrine 480 mg
Excipients q.s.
Color: Tartrazine Yellow",https://admin.greenbook.nafdac.gov.ng/uploadImage/smpc_files/2023/09/28/2023092855f0cc63-21c5-5d4e-95c2-94115c2c5713.pdf,P01BF01,https://greenbook.nafdac.gov.ng/products/details/6084,2026-09-29T10:52:30.242228+00:00
Greenbook NAFDAC,4536,5224,Methionine 250 mg Capsules##,1,Drugs,"{'id': 1, 'name': 'Drugs', 'created_at': '-000001-11-30T00:00:00.000000Z', 'updated_at': '2022-03-17T16:53:12.000000Z', 'deleted_at': None}",961,Methionine,,A4-0546,2,Capsule,1,Oral,250 mg,241,Neros Pharmaceuticals Limited,2023-07-27,2028-07-26,Active,"Hard Gelatin Capsule
A maroon colored cap and body with &quot;NEROS&quot; printed on 360 degree band on the cap in white ink and &quot;METHIONINE&quot; printed on 360 degree band on the body in white ink

METHIONINE 250MG CAPSULES	METHIONINE 250MG	METHIONINE 250MG	A4-0546	Drugs	ALIMENTARY TRACT AND METABOLISM	Nigerian Products	100CAPSULES	POM 1	16/02/2022	NEROS PHARMACETICALS LIMITED, CANAL AVENUE, OKOTA LAGOS OKOTA LAGOS	17414013	chimaokoro@yahoo.co.uk	NEROS PHARMACEUTICALS LIMITED, NIGERIA DISTILLERIES LIMITED, KM 40, LAGOS-ABEOKUTA EXPRESSWAY, SANGO-OTTA, OGUN STATE, Nigeria",1 x 100&#039;s (in bottle),"Each Capsule contains: Methionine 250 mg
Excipient(s) with known effect: Lactose 134 mg
Excipients q.s.",https://admin.greenbook.nafdac.gov.ng/uploadImage/smpc_files/2023/09/21/2023092136ad72b2-ca34-5fe2-821a-df2c573da004.pdf,V03AB26,https://greenbook.nafdac.gov.ng/products/details/5224,2026-09-29T10:52:30.242228+00:00
Greenbook NAFDAC,4537,140,Methocarbamol 500 Tablet**,1,Drugs,"{'id': 1, 'name': 'Drugs', 'created_at': '-000001-11-30T00:00:00.000000Z', 'updated_at': '2022-03-17T16:53:12.000000Z', 'deleted_at': None}",105,Methocarbamol,,A4-100146,1,Tablet,1,Oral,500 mg,376,First J. Pocco Pharmacy Limited,2021-12-02,2026-12-01,Active,Tablet,,Methocarbamol 500 mg,,M03BA03,https://greenbook.nafdac.gov.ng/products/details/140,2026-09-29T10:52:30.242228+00:00
Greenbook NAFDAC,4538,744,Methocarbamol Tablets**,1,Drugs,"{'id': 1, 'name': 'Drugs', 'created_at': '-000001-11-30T00:00:00.000000Z', 'updated_at': '2022-03-17T16:53:12.000000Z', 'deleted_at': None}",105,Methocarbamol,,A4-3218,1,Tablet,1,Oral,500 mg,325,Visko Pharmacy Ltd,2021-05-28,2026-05-27,Inactive,Uncoated tablet,,Each uncoated tablet contains: Methocarbamol USP 500 mg,,M03BA03,https://greenbook.nafdac.gov.ng/products/details/744,2026-09-29T10:52:30.242228+00:00
Greenbook NAFDAC,4539,10588,Methyldopa Tablets 250 mg_,1,Drugs,"{'id': 1, 'name': 'Drugs', 'created_at': '-000001-11-30T00:00:00.000000Z', 'updated_at': '2022-03-17T16:53:12.000000Z', 'deleted_at': None}",248,Methyldopa,,A4-100925,1,Tablet,1,Oral,250 mg,1325,PHARMA-LINE HEALTHCARE G.D.W LIMITED,2024-07-31,2029-07-30,Active,"Film-coated tablet.
Round, yellow, film-coated, biconvex tablet.

39	NF-PP-423286	METHYLDOPA TABLETS 250MG	METHYLDOPA 250MG	ACTIVE: Methyldopa 250mg LIST OF EXCIPIENTS: Powdered cellulose, Citric acid anhydrous, Collodial silicon dioxide, Ethylcellulose, Guar gum, Magnesium stearate, Edetate calcium disodium,	A4-100925	Drugs	Imported Products	10*10	Prescription Only Medicine (POM)	4/22/2024	PHARMA-LINE HEALTHCARE G.D.W LIMITED AGBOR, NO.. 11, BISHOP STREET, OFF AGEGE MOTOR ROAD, SURULERE, LAGOS STATE	8163341319	linephar@gmail.com	SHANDONG XIER KANGTAI PHARMACEUTICAL CO. LTD, PRIVATE ECONOMY GARDEN,XINYAN TOWN,YANZHOU,JINING CITY, SHANDONG, CHINA, China",10 x 10&#039;s,Each tablet contains: Methyldopa 250 mg,https://admin.greenbook.nafdac.gov.ng/uploadImage/smpc_files/2024/09/15/202409155e0816b8-cde3-5547-a90b-f84a72ec5c4a.pdf,C02AB01,https://greenbook.nafdac.gov.ng/products/details/10588,2026-09-29T10:52:30.242228+00:00
Greenbook NAFDAC,4540,10221,Methylprednisolone Sodium Succinate for Injection##,1,Drugs,"{'id': 1, 'name': 'Drugs', 'created_at': '-000001-11-30T00:00:00.000000Z', 'updated_at': '2022-03-17T16:53:12.000000Z', 'deleted_at': None}",1538,Methylprednisolone sodium succinate,,C4-1759,70,Powder for injection,29,Intravenous; Intramuscular,500 mg,476,Zadip Healthcare Ltd,2021-08-03,2026-08-02,Inactive,Powder for Injection																																																																																																																																																																																																																																																																																																																																																																																																																																																																																																																																																																																													,1 x 1&#039;s (in vials),Each vial contains: Methylprednisolone Sodium Succinate USP equivalent to Methylprednisolone base 500 mg,,H02AB04,https://greenbook.nafdac.gov.ng/products/details/10221,2026-09-29T10:52:30.242228+00:00
Greenbook NAFDAC,4541,10346,Metoclop-10 Tablet##,1,Drugs,"{'id': 1, 'name': 'Drugs', 'created_at': '-000001-11-30T00:00:00.000000Z', 'updated_at': '2022-03-17T16:53:12.000000Z', 'deleted_at': None}",58,Metoclopramide Hydrochloride,,04-5946,1,Tablet,1,Oral,10 mg,1177,De - Godstime Industry Nig Ltd,2021-03-29,2026-03-28,Inactive,"Tablet
White, circular, flat uncoated tablets embossed &quot;METACLOP-10&quot; on one side &amp; break line on other side of each tablet. The score line is only to facilitate breaking for ease of swallowing and not to divide into equal doses",1 x 1000&#039;s (in plastic container),"Each uncoated tablet contains: Metoclopramide Hydrochloride BP equivalent to anhydrous Metoclopramide Hydrochloride Base 10 mg
Excipients with known effects (per tablet): Lactose 50 mg, Dibasic Calcium Phosphate 15 mg, Magnesium Stearate 1.5 mg
Excipients q.s.",https://admin.greenbook.nafdac.gov.ng/uploadImage/smpc_files/2024/08/14/20240814489dc84f-e56c-5917-85e5-763bf6af7d61.pdf,A03FA01,https://greenbook.nafdac.gov.ng/products/details/10346,2026-09-29T10:52:30.242228+00:00
Greenbook NAFDAC,4542,10363,Metoprolol 50 mg Tablets##,1,Drugs,"{'id': 1, 'name': 'Drugs', 'created_at': '-000001-11-30T00:00:00.000000Z', 'updated_at': '2022-03-17T16:53:12.000000Z', 'deleted_at': None}",1595,Metoprolol Tartrate (Metoprolol Succinate),,C4-1616,1,Tablet,1,Oral,50 mg,761,Anyi-Tex Pharmaceuticals Limited,2021-02-25,2026-02-24,Inactive,"Film Coated Tablet, Extended Release
White colored round shaped biconvex film-coated tablet plain on both sides",2 x 14&#039;s (in PVC-Alu blisters),"Each extended release film coated tablet contains: Metoprolol Succinate USP 47.5 mg equivalent to Metoprolol Tartrate 50 mg
Excipients q.s.
Color: Titanium Dioxide B.P.",https://admin.greenbook.nafdac.gov.ng/uploadImage/smpc_files/2024/07/24/20240724a31f7441-886b-5fab-a82a-cd8551c2e554.pdf,C07AB02,https://greenbook.nafdac.gov.ng/products/details/10363,2026-09-29T10:52:30.242228+00:00
Greenbook NAFDAC,4543,3162,Metoram 500 Tablet##,1,Drugs,"{'id': 1, 'name': 'Drugs', 'created_at': '-000001-11-30T00:00:00.000000Z', 'updated_at': '2022-03-17T16:53:12.000000Z', 'deleted_at': None}",625,Metformin Hydrochloride,,B4-8287,1,Tablet,1,Oral,500 mg,253,Onifam Laboratories Limited,2020-12-21,2025-12-20,Inactive,Tablet,,Each tablet contains: Metformin Hydrochloride 500 mg,,A10BA02,https://greenbook.nafdac.gov.ng/products/details/3162,2026-09-29T10:52:30.242228+00:00
Greenbook NAFDAC,4544,8916,Metoreg 500 G5 Tablet**,1,Drugs,"{'id': 1, 'name': 'Drugs', 'created_at': '-000001-11-30T00:00:00.000000Z', 'updated_at': '2022-03-17T16:53:12.000000Z', 'deleted_at': None}",626,Metformin Hydrochloride; Glibenclamide,,C4-1590,1,Tablet,1,Oral,500 mg; 5 mg,253,Onifam Laboratories Limited,2021-02-25,2026-02-24,Inactive,"Uncoated Tablet.
White uncoated oval tablet scored on one side and plain on other side",10 x 10&#039;s (in blisters),Each uncoated tablet contains: Metformin BP 500 mg and Glibenclamide BP 5 mg,https://admin.greenbook.nafdac.gov.ng/uploadImage/smpc_files/2024/07/22/20240722c52dd4ac-d437-5dc4-bc5a-c0871f3deb34.pdf,A10BD02,https://greenbook.nafdac.gov.ng/products/details/8916,2026-09-29T10:52:30.242228+00:00
Greenbook NAFDAC,4545,10347,Metoz 2.5 Tablets##,1,Drugs,"{'id': 1, 'name': 'Drugs', 'created_at': '-000001-11-30T00:00:00.000000Z', 'updated_at': '2022-03-17T16:53:12.000000Z', 'deleted_at': None}",231,Metolazone,,A4-5411,1,Tablet,1,Oral,2.5 mg,127,Al-Tinez Pharmaceuticals Limited,2021-01-28,2026-01-27,Inactive,Tablet,10 x 10&#039;s,Each tablet contains: Metolazone USP 2.5 mg,,C03BA08,https://greenbook.nafdac.gov.ng/products/details/10347,2026-09-29T10:52:30.242228+00:00
Greenbook NAFDAC,4546,10348,Metoz 5 Tablets##,1,Drugs,"{'id': 1, 'name': 'Drugs', 'created_at': '-000001-11-30T00:00:00.000000Z', 'updated_at': '2022-03-17T16:53:12.000000Z', 'deleted_at': None}",231,Metolazone,,A4-5588,1,Tablet,1,Oral,5 mg,127,Al-Tinez Pharmaceuticals Limited,2021-01-28,2026-01-27,Inactive,Tablet,10 x 10&#039;s,Each tablet contains: Metolazone USP 5 mg,,C03BA08,https://greenbook.nafdac.gov.ng/products/details/10348,2026-09-29T10:52:30.242228+00:00
Greenbook NAFDAC,4547,8792,Metrak Tramadol 100 mg Capsules**,1,Drugs,"{'id': 1, 'name': 'Drugs', 'created_at': '-000001-11-30T00:00:00.000000Z', 'updated_at': '2022-03-17T16:53:12.000000Z', 'deleted_at': None}",56,Tramadol Hydrochloride,,A4-101027,2,Capsule,1,Oral,100 mg,1332,Metrak Pharmacy &amp; Industries Ltd,2024-09-25,2029-09-24,Active,Hard gelatin capsule,20 x 10&#039;s,"Each hard gelatin capsule contains: Tramadol Hydrochloride BP 100 mg, Excipients q.s.",https://admin.greenbook.nafdac.gov.ng/uploadImage/smpc_files/2024/11/03/2024110349ef014b-6e05-514c-ba7a-c1c6264238a8.pdf,N02AX02,https://greenbook.nafdac.gov.ng/products/details/8792,2026-09-29T10:52:30.242228+00:00
Greenbook NAFDAC,4548,5787,Metrodine Suspension##,1,Drugs,"{'id': 1, 'name': 'Drugs', 'created_at': '-000001-11-30T00:00:00.000000Z', 'updated_at': '2022-03-17T16:53:12.000000Z', 'deleted_at': None}",485,Metronidazole,,04-8334,102,Suspension,1,Oral,200 mg/5 mL,162,Drugfield Pharmaceuticals Limited,2023-05-25,2028-05-24,Active,"Suspension

21	RNW-PP-262842	METRODINE SUSPENSION	METRONIDAZOLE	Metronidazole benzoate 128.645kg, Sucrose 500.000kg, Sodium saccharin 2.000kg, Methyl paraben 3.520kg, Propyl paraben 0.880kg, Potassium Sorbate 4.000kg, Propylene Glycol 160.000kg, Sodium carboxyl methyl cellulose (M.V) 7.351kg, Xanthan Gum 5.703kg, Disodium hydrogen phosphate 0.234kg, Sodium dihydrogen phosphate 2.344kg, Polysorbate 80 (Tween 80) 6.000kg, Ethanol 96% 12.001L, tartrazine yellow 5.002g, Vanilla flavour (liquid) 4.356L, Purified water (to volume) 2000.00L	Apr-34	Drugs	Nigerian Products	X60ml	POM 1	4/29/2022	DRUGFIELD PHARMACEUTICALS LIMITED., LYNSON CHEMICAL AVENUE, KM 38 LAGOS-ABEOKUTA EXPRESSWAY, SANGO-OTA,OGUN STATE	8029055002	info@drugfieldpharma.com	DRUGFIELD PHARMACEUTICALS LIMITED, 48, AKEJU STREET, PALMGROVE, SOMOLU, LAGOS STATE. P.O BOX 5831, IKEJA, LAGOS STATE., Nigeria",1 x 60 mL,Each 5 mL contains: Metronidazole BP 200 mg,https://admin.greenbook.nafdac.gov.ng/uploadImage/smpc_files/2023/09/20/202309208669ce2d-ebd6-5565-9a35-ba0ff283fcd9.pdf,P01AB01,https://greenbook.nafdac.gov.ng/products/details/5787,2026-09-29T10:52:30.242228+00:00
Greenbook NAFDAC,4549,5225,Metrodine Tablet##,1,Drugs,"{'id': 1, 'name': 'Drugs', 'created_at': '-000001-11-30T00:00:00.000000Z', 'updated_at': '2022-03-17T16:53:12.000000Z', 'deleted_at': None}",485,Metronidazole,,04-7950,1,Tablet,1,Oral,200 mg,162,Drugfield Pharmaceuticals Limited,2023-05-25,2028-05-24,Active,"Tablet

22	RNW-PP-273354	METRODINE TABLET	METRONIDAZOLE	Metrodinazole powder 100.0000kg, Lactose hydrous 200 39.7327kg, Corn starch 37.3861kg, Sodium starch glycolate 1.0000kg, Polyvinyl pyrrolidone (K-30) for paste 8.0000kg, Corn starch for paste 11.2000kg, Tartrazine yellow (colorant) 0.3129kg, Yellow iron oxide (Colorant) 0.1267kg, Sodium starch glycolate (blending) 1.0020kg, Magnessium stearate (blending) 1.2495kg	Apr-50	Drugs	Nigerian Products	10X10	POM 1	7/1/2022	DRUGFIELD PHARMACEUTICALS LIMITED., LYNSON CHEMICAL AVENUE, KM 38 LAGOS-ABEOKUTA EXPRESSWAY, SANGO-OTA,OGUN STATE	8029055002	info@drugfieldpharma.com	DRUGFIELD PHARMACEUTICALS LIMITED, 48, AKEJU STREET, PALMGROVE, SOMOLU, LAGOS STATE. P.O BOX 5831, IKEJA, LAGOS STATE., Nigeria
														
														
														
														
",10 x 10&#039;s (in blister),"Each tablet contains: Metronidazole 200 mg
Excipients q.s.",https://admin.greenbook.nafdac.gov.ng/uploadImage/smpc_files/2023/09/20/202309209d5bfd65-ad94-5166-96c7-5b2f241b4eba.pdf,P01AB01,https://greenbook.nafdac.gov.ng/products/details/5225,2026-09-29T10:52:30.242228+00:00
Greenbook NAFDAC,4550,5788,Metrokris Suspension##,1,Drugs,"{'id': 1, 'name': 'Drugs', 'created_at': '-000001-11-30T00:00:00.000000Z', 'updated_at': '2022-03-17T16:53:12.000000Z', 'deleted_at': None}",485,Metronidazole,,A11-100575,102,Suspension,1,Oral,200 mg/5 mL,370,Krishat Pharma Industries Limited,2023-08-31,2028-08-30,Active,"Oral Suspension

METROKRIS SUSPENSION	METRONIDAZOLE 200MG	METRONIDAZOLE 200mg		Drugs	Nigerian Products	60ML	POM 1	04/05/2023	KRISHAT PHARMA INDUSTRIES LIMITED, KM 15, LAGOS IBADAN EXPRESSWAY, IBADAN, OYO STATE, NIGERIA	8083636904	operations@krishatpharma.com	KRISHAT PHARMA INDUSTRIES LTD, KM 15, LAGOS IBADAN EXPRESSWAY, OPP. ORIENTAL FOODS. IBADAN, OYO STATE, NIGERIA., Nigeria",1 x 60 mL (in amber plastic bottle),"Each 5 mL contains: Metronidazole Benzoate Ph EUR 321.6 mg
Excipient(s) with known effect: Sucrose 2250 mg/5 mL, Methyl hydroxybenzoate (E218)10 mg/5 mL, Propyl hydroxybenzoate (E216) 4 mg/5 mL
Excipients q.s.

",https://admin.greenbook.nafdac.gov.ng/uploadImage/smpc_files/2023/09/22/202309229be1ce41-513a-5f65-becb-a5b67cfd9118.pdf,P01AB01,https://greenbook.nafdac.gov.ng/products/details/5788,2026-09-29T10:52:30.242228+00:00
Greenbook NAFDAC,4551,5790,Metrokris-200 Tablet##,1,Drugs,"{'id': 1, 'name': 'Drugs', 'created_at': '-000001-11-30T00:00:00.000000Z', 'updated_at': '2022-03-17T16:53:12.000000Z', 'deleted_at': None}",485,Metronidazole,,A4-5659,1,Tablet,1,Oral,200 mg,370,Krishat Pharma Industries Limited,2023-08-31,2028-08-30,Active,"Tablet
Yellow colored, round uncoated tablet, one side middle line and other side embossed with &quot;METROKRIS 200&quot;

METROKRIS-200 TABLET	METRONIDAZOLE 200MG	METRONIDAZOLE200MG	A4-5659	Drugs	Nigerian Products	10X10	POM 1	03/05/2023	KRISHAT PHARMA INDUSTRIES LIMITED, KM 15, LAGOS IBADAN EXPRESSWAY, IBADAN, OYO STATE, NIGERIA	8083636904	operations@krishatpharma.com	KRISHAT PHARMA INDUSTRIES LTD, KM 15, LAGOS IBADAN EXPRESSWAY, OPP. ORIENTAL FOODS. IBADAN, OYO STATE, NIGERIA., Nigeria",10 x 10&#039;s (in PVC-Alu blisters),"Each Metrokris 200 tablet contains: Metronidazole 200 mg
Excipients q.s.",https://admin.greenbook.nafdac.gov.ng/uploadImage/smpc_files/2023/09/22/2023092208b966b2-871e-5b1a-b6aa-a9468c2a003b.pdf,P01AB01,https://greenbook.nafdac.gov.ng/products/details/5790,2026-09-29T10:52:30.242228+00:00
Greenbook NAFDAC,4552,745,Metromax Suspension##,1,Drugs,"{'id': 1, 'name': 'Drugs', 'created_at': '-000001-11-30T00:00:00.000000Z', 'updated_at': '2022-03-17T16:53:12.000000Z', 'deleted_at': None}",485,Metronidazole,,A4-2671,102,Suspension,1,Oral,200 mg/5 mL,186,GoldMoore International Limited,2021-09-28,2026-09-27,Inactive,Suspension,,Each 5 mL contains: Metronidazole 200 mg,,P01AB01,https://greenbook.nafdac.gov.ng/products/details/745,2026-09-29T10:52:30.242228+00:00
Greenbook NAFDAC,4553,12267,Metromax Tablet_,1,Drugs,"{'id': 1, 'name': 'Drugs', 'created_at': '-000001-11-30T00:00:00.000000Z', 'updated_at': '2022-03-17T16:53:12.000000Z', 'deleted_at': None}",485,Metronidazole,,04-3483,1,Tablet,1,Oral,200 mg,186,GoldMoore International Limited,2025-11-26,2030-11-25,Active,Tablet,10 x 10&#039;s,"Each tablet contains: Metronidazole BP 200 mg
Excipients q.s.",https://admin.greenbook.nafdac.gov.ng/uploadImage/smpc_files/2025/12/16/202512166a059a60-db1c-5b6c-9fce-250c3a625d9a.pdf,J01XD01,https://greenbook.nafdac.gov.ng/products/details/12267,2026-09-29T10:52:30.242228+00:00
Greenbook NAFDAC,4554,7202,Metrone 200 mg Tablet## (check pack size),1,Drugs,"{'id': 1, 'name': 'Drugs', 'created_at': '-000001-11-30T00:00:00.000000Z', 'updated_at': '2022-03-17T16:53:12.000000Z', 'deleted_at': None}",485,Metronidazole,,04-9620,1,Tablet,1,Oral,200 mg,27,Fidson Healthcare PLC,2024-01-31,2029-01-30,Active,"Tablet
Whitish yellow tablets. The score line is only to facilitate breaking ease for swallowing and not to provide equal doses

7	RNW-PP-313654	METRONE 200MG TABLET	METRONIDAZOLE 200MG	Metronidazole 200MG	Apr-20	Drugs	Nigerian Products	10X10,1X1000	POM 1	2/8/2023	FIDSON HEALTHCARE PLC, IKORODU ROAD, OBANIKORO LAGOS LAGOS	8023067964	nmakaokolo@yahoo.com	Fidson Healthcare Plc., KM 38, Lagos- Abeokuta Expressway Sango-ota, Ogun State., Nigeria","10 x 10&#039;s (in PVC-Alu blisters),1 x 1000&#039;s","Each film coated tablet contains: Metronidazole 200 mg
Excipients q.s.
",https://admin.greenbook.nafdac.gov.ng/uploadImage/smpc_files/2024/12/01/2024120110632083-8970-5a46-ad17-a5c2c0ef3aa3.pdf,J01XD01,https://greenbook.nafdac.gov.ng/products/details/7202,2026-09-29T10:52:30.242228+00:00
Greenbook NAFDAC,4555,7203,Metrone Intravenous Infusion	Metronidazole 500 mg## (smpc null),1,Drugs,"{'id': 1, 'name': 'Drugs', 'created_at': '-000001-11-30T00:00:00.000000Z', 'updated_at': '2022-03-17T16:53:12.000000Z', 'deleted_at': None}",485,Metronidazole,,A11-0242,43,Intravenous infusion,12,Intravenous,500 mg,27,Fidson Healthcare PLC,2024-01-31,2029-01-30,Active,"Intravenous Infusion

8	RNW-PP-313679	METRONE INTRAVENOUS INFUSION	METRONIDAZOLE 500MG	METRONIDAZOLE 500MG	A11-0242	Drugs	Nigerian Products	100ML	POM 1	2/9/2023	FIDSON HEALTHCARE PLC, IKORODU ROAD, OBANIKORO LAGOS LAGOS	8023067964	nmakaokolo@yahoo.com	Fidson Healthcare Plc., KM 38, Lagos- Abeokuta Expressway Sango-ota, Ogun State., Nigeria",1 x 100 mL,Metrone 500 mg contains: Metronidazole 500 mg,https://admin.greenbook.nafdac.gov.ng/uploadImage/smpc_files/2024/12/01/20241201cf58bc27-de44-5a64-9a0a-664e6d945009.pdf,J01XD01,https://greenbook.nafdac.gov.ng/products/details/7203,2026-09-29T10:52:30.242228+00:00
Greenbook NAFDAC,4556,7204,Metrone Suspension##,1,Drugs,"{'id': 1, 'name': 'Drugs', 'created_at': '-000001-11-30T00:00:00.000000Z', 'updated_at': '2022-03-17T16:53:12.000000Z', 'deleted_at': None}",485,Metronidazole,,04-8438,102,Suspension,1,Oral,200 mg/5 mL,27,Fidson Healthcare PLC,2024-01-31,2029-01-30,Active,"Oral Suspension
A white to cream-yellow oral suspension easily dispersible with gentle shaking

10	RNW-PP-319064	METRONE SUSPENSION	METRONIDAZOLE 200MG/ 5ML	METRONIDAZOLE 200MG/5ML	Apr-38	Drugs	Nigerian Products	60ML	POM 1	2/28/2023	FIDSON HEALTHCARE PLC, IKORODU ROAD, OBANIKORO LAGOS LAGOS	8023067964	nmakaokolo@yahoo.com	Fidson Healthcare Plc., KM 38, Lagos- Abeokuta Expressway Sango-ota, Ogun State., Nigeria",1 x 60 mL (in amber glass bottle),Each 5 mL of suspension contains: Metronidazole Benzoate equivalent to 200 mg of Metronidazole,https://admin.greenbook.nafdac.gov.ng/uploadImage/smpc_files/2024/02/17/20240217e136b3e5-965e-5450-b828-d2a8deff6322.pdf,J01XD01,https://greenbook.nafdac.gov.ng/products/details/7204,2026-09-29T10:52:30.242228+00:00
Greenbook NAFDAC,4557,5791,Metronidazole (White) Tablet##,1,Drugs,"{'id': 1, 'name': 'Drugs', 'created_at': '-000001-11-30T00:00:00.000000Z', 'updated_at': '2022-03-17T16:53:12.000000Z', 'deleted_at': None}",485,Metronidazole,,A11-0607,1,Tablet,1,Oral,200 mg,504,Cardinal Drugs Limited,2023-04-26,2028-04-25,Active,"Tablet

METRONIDAZOLE (WHITE) TABLET	METRONIDAZOLE 200MG	METRONIZAZOLE 200MG	A11-0607	Drugs	ANTIINFECTIVES FOR SYSTEMIC USE	Nigerian Products	10X10,X1000	POM 1	04/02/2023	CARDINAL DRUGS LTD, , AJOKE OSHO STREET OWOYEMI ESTATE NEW OKO OBA AGEGE AGEGE LAGOS LAGOS	9036726918	olayodeolusina09@gmail.com	CARDINAL DRUGS LIMITED, 14,AJOKE OSHO STREET, OFF OLANIYI STREET, OWOYEMI ESTATE, NEW OKO OBA,AGEGE,LAGOS STATE, Nigeria","10 x 10&#039;s, 1 x 1000&#039;s ",Each tablet contains: Metronidazole 200 mg,,P01AB01,https://greenbook.nafdac.gov.ng/products/details/5791,2026-09-29T10:52:30.242228+00:00
Greenbook NAFDAC,4558,10787,Metronidazole 500 mg Infusion##,1,Drugs,"{'id': 1, 'name': 'Drugs', 'created_at': '-000001-11-30T00:00:00.000000Z', 'updated_at': '2022-03-17T16:53:12.000000Z', 'deleted_at': None}",485,Metronidazole,,A4-101183,43,Intravenous infusion,12,Intravenous,500 mg/100 mL,1242,Grace Lifesciences Limited,2025-01-30,2030-01-29,Active,"Intravenous Infusion
An almost colorless to pale yellow solution

NF-PP-391553	Metronidazole 500mg Infusion	Metronidazole 500mg	Each bottle (100 mL) contains: Metronidazole 500mg Sodium Chloride 900mg Water for Injection	聽	Drugs	Imported Products	100ml	Prescription Only Medicine (POM)	12/18/2023	GRACE LIFESCIENCES LIMITED, NO. 1 OGUNLANA DRIVE, LAGOS, , LAGOS	8104638301	nwoye.maryjohn@gracegroup.com.ng	Cisen Pharmaceutical Co. Ltd., Hai Chuan Road, Jining High &amp; New Technology Industries Development Zone, Shandong, P.R. China, China",1 x 100 mL,"Each 100 mL bottle contains: Metronidazole 500 mg
Excipients q.s.",https://admin.greenbook.nafdac.gov.ng/uploadImage/smpc_files/2025/05/22/202505228bd086d9-a918-5b14-b5dd-249332028f4e.pdf,J01XD01,https://greenbook.nafdac.gov.ng/products/details/10787,2026-09-29T10:52:30.242228+00:00
Greenbook NAFDAC,4559,5226,Metronidazole 500 mg##,1,Drugs,"{'id': 1, 'name': 'Drugs', 'created_at': '-000001-11-30T00:00:00.000000Z', 'updated_at': '2022-03-17T16:53:12.000000Z', 'deleted_at': None}",485,Metronidazole,,A11-100558,40,Injection,12,Intravenous,500 mg,1176,HMA Medical Ltd,2023-07-27,2028-07-26,Active,"Injection

34	NF-PP-281448	METRONIDAZOLE 500mg	METRONIDAZOLE 500mg	Each 100ml contains / 100ml contient: 500mg Metronidazole B.P Water for injection (Eau pour injection		Drugs	VARIOUS	Nigerian Products	100ml	POM 1	9/2/2022	HMA MEDICAL LTD, CAMP RD, PLOT 98, BLOCK 4 TPS 140B ILORIN KWARA	8031918697	hmamedical4@gmail.com	HMA MEDICAL LIMITED, Plot 9B, Block 4, Transit Camp Road, Ilorin, Kwara State, Nigeria",1 x 100 mL,"Each 100 mL contains: Metronidazole BP 500 mg, Water for Injection",,P01AB01,https://greenbook.nafdac.gov.ng/products/details/5226,2026-09-29T10:52:30.242228+00:00
Greenbook NAFDAC,4560,8689,Metronidazole Infusion**,1,Drugs,"{'id': 1, 'name': 'Drugs', 'created_at': '-000001-11-30T00:00:00.000000Z', 'updated_at': '2022-03-17T16:53:12.000000Z', 'deleted_at': None}",485,Metronidazole,,04-6636,114,Solution for infusion,12,Intravenous,500 mg/100 mL,823,Jimmi-Well International Company Limited,2024-10-31,2029-10-29,Active,"Solution for intravenous infusion.
A clear, almost colourless to pale yellow solution.
pH: 4.5 to 6.0",1 x 100 mL (in Viaflo bag),"Metronidazole 5 mg/mL.
Each 100 mL of solution for infusion contains 500 mg of Metronidazole.
Osmolarity: 308 mOsm/L",https://admin.greenbook.nafdac.gov.ng/uploadImage/smpc_files/2024/11/23/2024112318c699a6-12fc-5a89-b4af-d716cc0d47b2.pdf,P01AB01,https://greenbook.nafdac.gov.ng/products/details/8689,2026-09-29T10:52:30.242228+00:00
Greenbook NAFDAC,4561,10458,Metronidazole Intravenous Infusion##,1,Drugs,"{'id': 1, 'name': 'Drugs', 'created_at': '-000001-11-30T00:00:00.000000Z', 'updated_at': '2022-03-17T16:53:12.000000Z', 'deleted_at': None}",485,Metronidazole,,C4-1674,114,Solution for infusion,12,Intravenous,500 mg/100 mL,1193,Yellow Pharmaceutical Company Limited,2021-05-07,2026-05-06,Inactive,Solution for Intravenous Infusion,1 x 100 mL,Each 100 mL contains: Metronidazole BP 500 mg,,J01XD01,https://greenbook.nafdac.gov.ng/products/details/10458,2026-09-29T10:52:30.242228+00:00
Greenbook NAFDAC,4562,12268,Metronidazole Suspension 200 mg/5 mL_,1,Drugs,"{'id': 1, 'name': 'Drugs', 'created_at': '-000001-11-30T00:00:00.000000Z', 'updated_at': '2022-03-17T16:53:12.000000Z', 'deleted_at': None}",485,Metronidazole,,04-3110,102,Suspension,1,Oral,200 mg/5 mL,337,Evans Baroque Limited,2025-11-26,2030-11-25,Active,Oral Suspension,1 x 60 mL (in plastic bottle),"Each 5 mL contains: Metronidazole Liquid 200 mg
Excipients q.s.
",https://admin.greenbook.nafdac.gov.ng/uploadImage/smpc_files/2025/12/16/20251216c9bc4bbc-62d7-5c68-9702-2bd6d83e6314.pdf,J01XD01,https://greenbook.nafdac.gov.ng/products/details/12268,2026-09-29T10:52:30.242228+00:00
Greenbook NAFDAC,4563,10349,Metropaed Suspension**,1,Drugs,"{'id': 1, 'name': 'Drugs', 'created_at': '-000001-11-30T00:00:00.000000Z', 'updated_at': '2022-03-17T16:53:12.000000Z', 'deleted_at': None}",485,Metronidazole,,04-8699,102,Suspension,1,Oral,200 mg/5 mL,291,SKG - Pharma Ltd,2021-01-28,2026-01-27,Inactive,Oral Suspension,1 x 60 mL (in amber bottle),"Each 5 mL contains: Metronidazole 200 mg, Excipients q.s.",https://admin.greenbook.nafdac.gov.ng/uploadImage/smpc_files/2025/01/23/20250123cc4b54da-701d-5146-8932-7e3c8195e912.pdf,P01AB01,https://greenbook.nafdac.gov.ng/products/details/10349,2026-09-29T10:52:30.242228+00:00
Greenbook NAFDAC,4564,6560,Metrosam 500 mg/100 mL Injection##,1,Drugs,"{'id': 1, 'name': 'Drugs', 'created_at': '-000001-11-30T00:00:00.000000Z', 'updated_at': '2022-03-17T16:53:12.000000Z', 'deleted_at': None}",485,Metronidazole,,B4-9113,40,Injection,12,Intravenous,500 mg/100 mL,729,Sam Pharmaceutical Limited,2023-11-30,2028-11-29,Active,"Solution for Infusion
A clear and almost colorless to pale yellow solution essentially free form visible particles

81	RNW-PP-347715	METROSAM 500MG/100ML INJECTION	METRONIDAZOLE USP	METRONIDAZOLE USP 0.5G, WATER FOR INJECTION USP QP	B4-9113	Drugs	Imported Products	1*100	Prescription Only Medicine (POM)	8/8/2023	SAM PHARMACEUTICALS LIMITED, BLOCK A, FLAT A5, EKO COURT COMPLEX, KOFO ABAYOMI STREET, VICTORIA ISLAND	17753455	sampharm18@yahoo.com	ABARIS HEALTHCARE PVT LTD, PLOT NO 1407-11, AT &amp; POST - RAJPUR, TAL., KADI, DIST. MEHSANA - 382 740, INDIA, India",1 x 100 mL (in plastic bottle),"Each 100 mL contains: Metronidazole 500 mg
Excipient(s) with known effect: Sodium 13.84 mmol (or 326.02 mg)/100 mL 
Excipients q.s.",https://admin.greenbook.nafdac.gov.ng/uploadImage/smpc_files/2024/11/16/20241116920a7b28-9b5f-596d-adcf-515ec8acba60.pdf,J01XDO1,https://greenbook.nafdac.gov.ng/products/details/6560,2026-09-29T10:52:30.242228+00:00
Greenbook NAFDAC,4565,746,Metrotab##,1,Drugs,"{'id': 1, 'name': 'Drugs', 'created_at': '-000001-11-30T00:00:00.000000Z', 'updated_at': '2022-03-17T16:53:12.000000Z', 'deleted_at': None}",485,Metronidazole,,04-9101,1,Tablet,1,Oral,400 mg,291,SKG - Pharma Ltd,2021-09-28,2026-09-27,Inactive,Tablet,,Each tablet contains: Metronidazole 400 mg,,P01AB01,https://greenbook.nafdac.gov.ng/products/details/746,2026-09-29T10:52:30.242228+00:00
Greenbook NAFDAC,4566,6559,Metrozol Tablet 200 mg##,1,Drugs,"{'id': 1, 'name': 'Drugs', 'created_at': '-000001-11-30T00:00:00.000000Z', 'updated_at': '2022-03-17T16:53:12.000000Z', 'deleted_at': None}",485,Metronidazole,,04-0072,7,Chewable/dispersible tablet,1,Oral,200 mg,326,Vitabiotics Nigeria Limited,2023-11-30,2028-11-29,Active,"Chewable Dispersible Tablet
White circular shaped tablet with &quot;METROZOL&quot; inscribed on one side and a break line on the other side presented in white &quot;HDPE&quot; plastic secured container with red press on cap containing 1000 tablets with insert

METROZOL TABLET 200MG	METRONIDAZOLE B.P. 200MG	Metronidazole B.P. 200mg, Nipagin (Methyl Paraben), Nipasol (Propyl Paraben), Corn Starch B.P. (Bulk), Corn Starch B.P. (Paste), Dicalcium Phosphate B.P., Talcum, Magnesium Stearate, Gelatin, Purified Water.	04-0072	Drugs	ANTIINFECTIVES FOR SYSTEMIC USE	Nigerian Products	1*1000	Prescription Only Medicine (POM)	27/07/2023	VITABIOTICS NIGERIA LIMITED, MOBOLAJI JOHNSON AVENUE, OREGUN INDUSTRIAL ESTATE, IKEJA LAGOS LAGOS	8023770671	dayo.otiko@yahoo.com	VITABIOTICS NIGERIA LIMITED, 35, MOBOLAJI JOHNSON AVENUE, OREGUN INDUSTRIAL ESTATE, IKEJA, LAGOS, NIGERIA., Nigeria",1 x 1000&#039;s (in HDPE container),"Each tablet contains: Metronidazole BP 200 mg
Excipients q.s.
 ",https://admin.greenbook.nafdac.gov.ng/uploadImage/smpc_files/2023/12/17/202312177b3910f6-5439-5eb6-b8da-3d24c9cb554c.pdf,J01XD01,https://greenbook.nafdac.gov.ng/products/details/6559,2026-09-29T10:52:30.242228+00:00
Greenbook NAFDAC,4567,6561,Metrozol® Paediatric Suspension##,1,Drugs,"{'id': 1, 'name': 'Drugs', 'created_at': '-000001-11-30T00:00:00.000000Z', 'updated_at': '2022-03-17T16:53:12.000000Z', 'deleted_at': None}",485,Metronidazole,,A4-2285,102,Suspension,1,Oral,200 mg/5 mL,326,Vitabiotics Nigeria Limited,2023-11-30,2028-11-29,Active,"Oral Suspension
Orange suspension with orange flavor presented in 60 mL amber PET bottle with metallic screw cap packed in a carton with insert and measuring cup

METROZOL® PAEDIATRIC SUSPENSION	METRONIDAZOLE B.P 200MG/5ML	Metronidazole B.P 200mg, Nipagin (Methyl Paraben), Nipasol (Propyl Paraben), Sodium C.M.C., Glycerin, Citric Acid Monohydrate, Tween 80, Sorbitol 70%, Sodium Citrate, Sucrose B.P., Sunset Yellow, Orange Flavor, Purified Water B.P.	A4-2285	Drugs	ANTIINFECTIVES FOR SYSTEMIC USE	Nigerian Products	1*60ML	POM 1	27/07/2023	VITABIOTICS NIGERIA LIMITED, MOBOLAJI JOHNSON AVENUE, OREGUN INDUSTRIAL ESTATE, IKEJA LAGOS LAGOS	8023770671	dayo.otiko@yahoo.com	VITABIOTICS NIGERIA LIMITED, 35, MOBOLAJI JOHNSON AVENUE, OREGUN INDUSTRIAL ESTATE, IKEJA, LAGOS, NIGERIA., Nigeria",1 x 60 mL (in amber glass bottle),"Each 5 mL contains: Metronidazole 200 mg
Excipients q.s.",https://admin.greenbook.nafdac.gov.ng/uploadImage/smpc_files/2023/12/17/202312172d3e74ab-8a94-5b39-bd0f-ef0b38a86643.pdf,J01XD01,https://greenbook.nafdac.gov.ng/products/details/6561,2026-09-29T10:52:30.242228+00:00
Greenbook NAFDAC,4568,6562,Metrozol® Tablet 400 mg##,1,Drugs,"{'id': 1, 'name': 'Drugs', 'created_at': '-000001-11-30T00:00:00.000000Z', 'updated_at': '2022-03-17T16:53:12.000000Z', 'deleted_at': None}",485,Metronidazole,,A4-6028,1,Tablet,1,Oral,400 mg,326,Vitabiotics Nigeria Limited,2023-11-30,2028-11-29,Active,"Chewable Dispersible Tablet
Yellow circular shaped tablet with &quot;METROZOL/400&quot; inscribed on one side and &quot;O&quot; on the other side presented in a blister strips of 10 x 10 tablets packed into a carton with insert

METROZOL® TABLET 400MG	METRONIDAZOLE B.P. 400MG	Metronidazole B.P. 400mg, Nipagin (Methyl Paraben), Nipasol (Propyl Paraben), Dicalcium Phosphate, Corn Starch(Paste), Gelatin, Corn Starch (Bulk), Tartrazine Yellow, Talcum, Magnesium Stearate, Purified Water	A4-6028	Drugs	ANTIINFECTIVES FOR SYSTEMIC USE	Nigerian Products	10*10	POM 1	27/07/2023	VITABIOTICS NIGERIA LIMITED, MOBOLAJI JOHNSON AVENUE, OREGUN INDUSTRIAL ESTATE, IKEJA LAGOS LAGOS	8023770671	dayo.otiko@yahoo.com	VITABIOTICS NIGERIA LIMITED, 35, MOBOLAJI JOHNSON AVENUE, OREGUN INDUSTRIAL ESTATE, IKEJA, LAGOS, NIGERIA., Nigeria
													
													
													
													
													
													
",10 x 10&#039;s (in blisters),"Each tablet contains: 400 mg
Excipients q.s.",https://admin.greenbook.nafdac.gov.ng/uploadImage/smpc_files/2023/12/17/2023121748053a1e-b605-5029-b6cd-e8a2e3eace09.pdf,J01XD01,https://greenbook.nafdac.gov.ng/products/details/6562,2026-09-29T10:52:30.242228+00:00
Greenbook NAFDAC,4569,10350,Metwise ER 50 Tablet##,1,Drugs,"{'id': 1, 'name': 'Drugs', 'created_at': '-000001-11-30T00:00:00.000000Z', 'updated_at': '2022-03-17T16:53:12.000000Z', 'deleted_at': None}",1595,Metoprolol Tartrate (Metoprolol Succinate),,C4-1850,1,Tablet,1,Oral,50 mg,253,Onifam Laboratories Limited,2021-09-28,2026-09-27,Inactive,Tablet,3 x 10&#039;s,Each tablet contains: Metoprolol Succinate USP 50 mg,,,https://greenbook.nafdac.gov.ng/products/details/10350,2026-09-29T10:52:30.242228+00:00
Greenbook NAFDAC,4570,2948,Mextil 500 Tablets##,1,Drugs,"{'id': 1, 'name': 'Drugs', 'created_at': '-000001-11-30T00:00:00.000000Z', 'updated_at': '2022-03-17T16:53:12.000000Z', 'deleted_at': None}",456,Cefuroxime (Cefuroxime Axetil),,A4-7143,1,Tablet,1,Oral,500 mg,1023,Greater Life Pharma Ltd,2020-11-30,2025-11-29,Inactive,Tablet,,Each tablet contains: Cefuroxime (as Cefuroxime Axetil) 500 mg,,J01DC02,https://greenbook.nafdac.gov.ng/products/details/2948,2026-09-29T10:52:30.242228+00:00
Greenbook NAFDAC,4571,2929,Mextil Powder for Oral Suspension 125 mg/5 mL##,1,Drugs,"{'id': 1, 'name': 'Drugs', 'created_at': '-000001-11-30T00:00:00.000000Z', 'updated_at': '2022-03-17T16:53:12.000000Z', 'deleted_at': None}",456,Cefuroxime (Cefuroxime Axetil),,A4-6431,72,Powder for suspension,1,Oral,125 mg/5 mL,1023,Greater Life Pharma Ltd,2020-11-30,2025-11-29,Inactive,"Powder for Oral Suspension
",,Each 5 mL reconstituted suspension contains: Cefuroxime Axetil equivalent to Cefuroxime 125 mg,,J01DC02,https://greenbook.nafdac.gov.ng/products/details/2929,2026-09-29T10:52:30.242228+00:00
Greenbook NAFDAC,4572,10351,Mezol-C Capsules##,1,Drugs,"{'id': 1, 'name': 'Drugs', 'created_at': '-000001-11-30T00:00:00.000000Z', 'updated_at': '2022-03-17T16:53:12.000000Z', 'deleted_at': None}",176,Omeprazole,,04-5068,2,Capsule,1,Oral,20 mg,166,Embassy Pharmaceutical and Chemicals Limited,2021-01-28,2026-01-27,Inactive,"Capsule
Hard capsule",2 x 7&#039;s,Each capsule contains: Omeprazole 20 mg,,A02BC01,https://greenbook.nafdac.gov.ng/products/details/10351,2026-09-29T10:52:30.242228+00:00
Greenbook NAFDAC,4573,5832,Mezron##,1,Drugs,"{'id': 1, 'name': 'Drugs', 'created_at': '-000001-11-30T00:00:00.000000Z', 'updated_at': '2022-03-17T16:53:12.000000Z', 'deleted_at': None}",1666,Haemoglobin; Chelated iron; Cyanocobalamin; Malt extract,,A11-100516,103,Syrup,1,Oral,5%; 0.3%; 0.0004%; 2%,1209,MUCHIS HEALTHCARE LIMITED,2023-05-25,2028-05-24,Active,"Oral Liquid
A dark brown viscous liquid with a faint chocolate flavor

MEZRON	HAEMOGLOBIN		A11-100516	Drugs	Nigerian Products	200ML		22/06/2022	MUCHIS HEALTHCARE LIMITED LAGOS, OGUNDANA STREET, OFF ALLEN AVENUE, IKEJA IKEJA LAGOS	8074606192	muchishealthcareltd@yahoo.com	JEHYSON HEALTHCARE LIMITED, JEHYSON CRESCENT, 78KM LAGOS-ABEOKUTA EXP-WAY, APOMU, EWEKORO LGA, OGUN STATE, Nigeria
												
",1 x 200 mL (in amber glass bottle),"Each 5 mL contains: Haemoglobin 5% w/v, Chelated Iron 0.3% w/v, Cyanocobalamin 0.0004% w/v, Malt extract 2% w/v
Excipients q.s.",https://admin.greenbook.nafdac.gov.ng/uploadImage/smpc_files/2023/09/20/20230920960a69d3-dbfe-5c2b-8428-ee23a9e38fb8.pdf,B03AE01,https://greenbook.nafdac.gov.ng/products/details/5832,2026-09-29T10:52:30.242228+00:00
Greenbook NAFDAC,4574,6314,"Mezvite Multivitamin Syrup## (strength format, active ingredients)",1,Drugs,"{'id': 1, 'name': 'Drugs', 'created_at': '-000001-11-30T00:00:00.000000Z', 'updated_at': '2022-03-17T16:53:12.000000Z', 'deleted_at': None}",1449,L-Lysine ; Vitamin A; Vitamin B1; Vitamin B2; Vitamin B6; Vitamin B12; Vitamin C; Vitamin D3; Vitamin E; Biotin; Folic acid; Niacin; Pantothenic acid; Iodine; Iron; Magnesium; Manganese; Zinc,,A11-100466,103,Syrup,1,Oral,50mg; 2mg; 2 5mg;1000IU;30mg;3mg;1mg; 1.5mg; 1.5mg;10mg; 5mg; 5mg,1209,MUCHIS HEALTHCARE LIMITED,2023-03-28,2028-03-27,Active,"Syrup
A brownish colored syrup

15	NF-PP-271908	MEZVITE MULTIVITAMIN SYRUP	MULTIVITAMINS	L-LYSINE 40MG, L-HISTIDINE 5MG, MALT EXTRACT 2100MG, VIT D3 300IU, VIT E 10MG, VIT B1 12MG, VIT B2 3MG, VIT B3 20MGNE, VIT B6 5MG, FOLIC ACID 200CG, VIT B12 10g	A11-100466	Drugs	ALIMENTARY TRACT AND METABOLISM	Nigerian Products	200ML	OTC	6/22/2022	MUCHIS HEALTHCARE LIMITED LAGOS, OGUNDANA STREET, OFF ALLEN AVENUE, IKEJA IKEJA LAGOS	8074606192	muchishealthcareltd@yahoo.com	JEHYSON HEALTHCARE LIMITED, JEHYSON CRESCENT, 78KM LAGOS-ABEOKUTA EXP-WAY, APOMU, EWEKORO LGA, OGUN STATE, Nigeria",1 x 200 mL (in amber glass bottle),"Each mL contains: L-Lysine 40 mg, L-Histidine 5 mg, Vitamin D3 300 IU, Vitamin E 10 mg, Vitamin B1 12 mg, Vitamin B2 3 mg, Vitamin B3 20 mg, Vitamin B6 5 mg, Folic Acid 200 mcg, Vitamin B12 10 mcg, Biotin 8 mcg, Pantothenic Acid 3 mg, Iron 10 mg, Zinc 6 mg, Copper 100 mg, Manganese 1 mg, Iodine 120 mg
Excipients q.s.
",https://admin.greenbook.nafdac.gov.ng/uploadImage/smpc_files/2024/12/23/20241223312c0290-5205-556d-a7c6-4fad91077249.pdf,B03AE04,https://greenbook.nafdac.gov.ng/products/details/6314,2026-09-29T10:52:30.242228+00:00
Greenbook NAFDAC,4575,11974,MGZ Magzo Benzyl Benzoate Lotion_,1,Drugs,"{'id': 1, 'name': 'Drugs', 'created_at': '-000001-11-30T00:00:00.000000Z', 'updated_at': '2022-03-17T16:53:12.000000Z', 'deleted_at': None}",859,Benzyl Benzoate,,A11-100967,110,Lotion,21,Topical,25%,1711,MAGZO PHARMACEUTICAL &amp; LABS  LTD,2025-09-24,2030-09-23,Active,Lotion,1 x 100 mL (in amber PET bottle),"MGZ Magzo Benzyl Benzoate Lotion contains: Benzyl Benzoate 25% v/v

Excipients q.s.",https://admin.greenbook.nafdac.gov.ng/uploadImage/smpc_files/2025/11/19/202511191d9cc59d-2595-56d3-a3eb-36c0e34d8a85.pdf,P03AX01,https://greenbook.nafdac.gov.ng/products/details/11974,2026-09-29T10:52:30.242228+00:00
Greenbook NAFDAC,4576,11975,MGZ Magzo Hydrogen Peroxide_,1,Drugs,"{'id': 1, 'name': 'Drugs', 'created_at': '-000001-11-30T00:00:00.000000Z', 'updated_at': '2022-03-17T16:53:12.000000Z', 'deleted_at': None}",908,Hydrogen peroxide,,A11-100982,105,Solution,21,Topical,6%,1711,MAGZO PHARMACEUTICAL &amp; LABS  LTD,2025-09-24,2030-09-23,Active,"Solution.
A clear colorless solution",1 x 100 mL (in amber bottle),"MGZ Magzo Hydrogen Peroxide contains: Hydrogen Peroxide 6% w/v
Excipients q.s.",https://admin.greenbook.nafdac.gov.ng/uploadImage/smpc_files/2025/11/19/202511194d7e9171-1e6a-52dd-ab3d-7b83e4b3bd29.pdf,D08AX01,https://greenbook.nafdac.gov.ng/products/details/11975,2026-09-29T10:52:30.242228+00:00
Greenbook NAFDAC,4577,11976,MGZ Magzo Methylated Spirit_,1,Drugs,"{'id': 1, 'name': 'Drugs', 'created_at': '-000001-11-30T00:00:00.000000Z', 'updated_at': '2022-03-17T16:53:12.000000Z', 'deleted_at': None}",915,Ethanol,Ethyl Alcohol,A11-100983,105,Solution,21,Topical,95%,1711,MAGZO PHARMACEUTICAL &amp; LABS  LTD,2025-09-24,2030-09-23,Active,"Solution.
A clear colorless solution",1 x 100 mL (in bottle),MGZ Magzo Methylated Spirit contains: Ethanol 95%,https://admin.greenbook.nafdac.gov.ng/uploadImage/smpc_files/2025/11/19/202511191153d2fd-d399-5793-bb6c-6e4d4d45388a.pdf,D08AX08,https://greenbook.nafdac.gov.ng/products/details/11976,2026-09-29T10:52:30.242228+00:00
Greenbook NAFDAC,4578,5876,Mic-Cine Tablets##,1,Drugs,"{'id': 1, 'name': 'Drugs', 'created_at': '-000001-11-30T00:00:00.000000Z', 'updated_at': '2022-03-17T16:53:12.000000Z', 'deleted_at': None}",461,Ciprofloxacin (Ciprofloxacin Hydrochloride),,B4-2017,1,Tablet,1,Oral,500 mg,1201,MICPON PHARMACY LIMITED,2023-08-31,2028-08-30,Active,"Film Coated Tablet

MIC-CINE TABLETS	CIPROFLOXACIN	EACH FILM COATED TABLETS CONTAINS: CIPROFLOXACIN HYDROCHLORIDE USP EQUIVALENT TO CIPROFLOXACIN 500MG EXCIPIENTS Q.S APPROVED COLOUR USED.	B4-2017	Drugs	Imported Products	1 X10	Prescription Only Medicine (POM)	31/10/2022	MICPON PHARMACY LIMITED, UPPER KUTA ROAD SAIKO MINNA NIGER	0	micponpharmacy1@gmail.com	JIANGXI XIERKANGTAI PHARMACEUTICAL CO., LTD,, NORTH ZONE, HIGH - NEW TECHNOLOGY INDUSTRIAL ZONE, PINGXIANG, JIANGXI, CHINA., China",1 x 10&#039;s (in Alu-Alu blister),"Each tablet contains: Ciprofloxacin Hydrochloride 568 mg is equivalent of Ciprofloxacin 500 mg
Excipients q.s.",https://admin.greenbook.nafdac.gov.ng/uploadImage/smpc_files/2023/09/06/20230906de399bc1-c140-535f-8c29-f47da171c0f6.pdf,J01MA02,https://greenbook.nafdac.gov.ng/products/details/5876,2026-09-29T10:52:30.242228+00:00
Greenbook NAFDAC,4579,6563,"Mic-Oral Sachets## (check dosage form, active ingredients)",1,Drugs,"{'id': 1, 'name': 'Drugs', 'created_at': '-000001-11-30T00:00:00.000000Z', 'updated_at': '2022-03-17T16:53:12.000000Z', 'deleted_at': None}",1669,Sodium Chloride; Potassium Chloride; Anhydrous Glucose,,B4-2034,31,Granules for solution,1,Oral,2.6g; 1.4g; 13.5g,1201,MICPON PHARMACY LIMITED,2023-11-30,2028-11-29,Active,"Oral Rehydration
White to off white colored crystalline powder

113	RNW-PP-264029	MIC-ORAL SACHETS	GLUCOSE 13.5G, SODIUM CHLORIDE 2.6G, POTASSIUM CHLORIDE 1.5G	Each sachet contains GLUCOSE 13.5G, SODIUM CHLORIDE 2.6G, POTASSIUM CHLORIDE 1.5G	B4-2034	Drugs	Imported Products	1X5&#039;S	Over The Counter (OTC)	10/31/2022	MICPON PHARMACY LIMITED, UPPER KUTA ROAD SAIKO MINNA NIGER	0	micponpharmacy1@gmail.com	JIANGXI XIER KANGTAI PHARMACEUTICAL CO. LTD , NORTH ZONE, HIGH-NEW TECHNOLOGY INDUSTRIAL ZONE, PINGXIANG. JIANGXI, CHINA, China",1 x 5&#039;s (in Alu sachet),"Each sachet contains: Glucose 13.5 g, Sodium Chloride 2.6 g, Potassium Chloride 1.5 g, Sodium Citrate 2.9 g
Excipients q,s.",https://admin.greenbook.nafdac.gov.ng/uploadImage/smpc_files/2023/12/18/20231218e70a9421-b00b-5822-b70e-028e72dc0371.pdf,A07CA,https://greenbook.nafdac.gov.ng/products/details/6563,2026-09-29T10:52:30.242228+00:00
Greenbook NAFDAC,4580,4554,Micardis 40 mg##,1,Drugs,"{'id': 1, 'name': 'Drugs', 'created_at': '-000001-11-30T00:00:00.000000Z', 'updated_at': '2022-03-17T16:53:12.000000Z', 'deleted_at': None}",267,Telmisartan,,A4-2151,1,Tablet,0,N/A,40 mg,669,World Wide Commercial Ventures Ltd,2022-09-29,2027-09-28,Active,"Tablet
White oblong tablets of 3.8 mm engraved with the code number &quot;51H&quot; on one side and the company logo on the other side",4 x 7&#039;s (in PVC-Alu blisters),"Each tablet contains: Telmisartan 40 mg
Excipient(s) with known effect (per tablet): Sorbitol (E420) 169 mg
Excipients q.s.
",https://admin.greenbook.nafdac.gov.ng/uploadImage/smpc_files/2023/05/27/202305278f8e16db-45e3-5a31-bb82-d696269fd40c.pdf,C09CA07,https://greenbook.nafdac.gov.ng/products/details/4554,2026-09-29T10:52:30.242228+00:00
Greenbook NAFDAC,4581,4555,Micardis 80 mg##,1,Drugs,"{'id': 1, 'name': 'Drugs', 'created_at': '-000001-11-30T00:00:00.000000Z', 'updated_at': '2022-03-17T16:53:12.000000Z', 'deleted_at': None}",267,Telmisartan,,A4-2152,1,Tablet,1,Oral,80 mg,669,World Wide Commercial Ventures Ltd,2022-09-28,2027-09-28,Active,"Tablet
White oblong tablets of 4.6 mm engraved with the code number &#039;52H&#039; on one side and the company logo on the other side",4 x 7&#039;s (in PVC-Alu blisters),"Each tablet contains: Telmisartan 80 mg
Excipient(s) with known effect (per tablet): Sorbitol (E420) 338 mg
Excipients q.s.
",https://admin.greenbook.nafdac.gov.ng/uploadImage/smpc_files/2023/05/27/20230527301c2c0d-4bc4-5877-a1e7-5f16be08f60c.pdf,C09CA07,https://greenbook.nafdac.gov.ng/products/details/4555,2026-09-29T10:52:30.242228+00:00
Greenbook NAFDAC,4582,6411,Micocin Cream##,1,Drugs,"{'id': 1, 'name': 'Drugs', 'created_at': '-000001-11-30T00:00:00.000000Z', 'updated_at': '2022-03-17T16:53:12.000000Z', 'deleted_at': None}",1119,Clobetasol; Miconazole; Gentamicin,,A4-100556,4,Cream,21,Topical,0.5%; 2.0%; 0.1%,367,Excel Charis Pharmaceutical Chemical Limited,2023-10-31,2028-10-30,Active,"Cream
A white cream

51	NF-PP-274079	MICOCIN CREAM	CLOBETASOLE PROPIONATE 0.5% , GENTAMICIN SULFATE 0.1% , MICONAZOLE NITRATE 2%.	CLOBETASOLE PROPIONATE 0.5% , GENTAMICIN SULFATE 0.1% , MICONAZOLE NITRATE 2%.	A4-100556	Drugs	Imported Products	30G	Prescription Only Medicine (POM)	7/29/2022	EXCEL CHARIS PHARMACEUTICAL CHEMICAL LIMITED, 128, IKORODU ROAD	80385597	excelcharisltd@yahoo.com	CIRON DRUG &amp; PHARMACEUTICALS PVT. LTD, N-118,118/1,119,119/1,119/2,113 MIDC, TARAPUR, BOISAR, PALGHAR, 401506,MAHARASHTRA STATE, INDIA., India",1 x 30 g (in Lami tube),"Micocin Cream contains: Clobetasol Propionate 0.5%, Gentamicin Sulfate 0.1%, Miconazole Nitrate 2%
Excipients q.s.",https://admin.greenbook.nafdac.gov.ng/uploadImage/smpc_files/2023/11/09/20231109bf936691-616c-5b95-8d88-4e2eef91b4f2.pdf,D07CD01,https://greenbook.nafdac.gov.ng/products/details/6411,2026-09-29T10:52:30.242228+00:00
Greenbook NAFDAC,4583,10775,"Miconazole Nitrate, Fluocinolone Acetonide & Gentamicin Sulphate Cream##",1,Drugs,"{'id': 1, 'name': 'Drugs', 'created_at': '-000001-11-30T00:00:00.000000Z', 'updated_at': '2022-03-17T16:53:12.000000Z', 'deleted_at': None}",1190,Fluocinolone; Miconazole; Gentamicin,,A4-100954,4,Cream,21,Topical,0.01%; 2%; 0.1%,760,Anyigold Global Services Nigeria Ltd,2024-07-31,2029-07-30,Active,"Topical Cream
White colored homogenous cream",1 x 10 x 30 g (in Lami tubes),"Each gram of cream contains: Miconazole Nitrate BP 2.0 % w/w, Gentamicin Sulphate BP equivalent to Gentamicin Base 0.1 % w/w, Fluocinolone Acetonide BP 0.01 % w/w, Chlorocresol BP (as preservative) 0.1 % w/w, Cream base q.s.
Excipients q.s.",https://admin.greenbook.nafdac.gov.ng/uploadImage/smpc_files/2024/09/14/202409149e3bf02a-d80a-5ec5-b227-54bc23d0f6b7.pdf,D07CC02,https://greenbook.nafdac.gov.ng/products/details/10775,2026-09-29T10:52:30.242228+00:00
Greenbook NAFDAC,4584,6218,Micozol Cream##,1,Drugs,"{'id': 1, 'name': 'Drugs', 'created_at': '-000001-11-30T00:00:00.000000Z', 'updated_at': '2022-03-17T16:53:12.000000Z', 'deleted_at': None}",671,Miconazole nitrate,,04-2860,4,Cream,21,Topical,2%,162,Drugfield Pharmaceuticals Limited,2023-09-28,2028-09-27,Active,"Cream

12	RNW-PP-310571	MICOZOL CREAM	MICONAZOLE NITRATE	Miconazole nitrate 10.000kg, Liquid paraffin (Heavy) 22.277kg, Stearic acid 22.277kg, Ceto-stearyl alcohol 27.227kg, Cetomacrogol 1000 4.950kg, Propylene glycol 49.504kg, Benzyl alcohol 4.950kg, Purified water 358.910kg	Apr-60	Drugs	Nigerian Products	X20G	POM 1	1/30/2023	DRUGFIELD PHARMACEUTICALS LIMITED., LYNSON CHEMICAL AVENUE, KM 38 LAGOS-ABEOKUTA EXPRESSWAY, SANGO-OTA,OGUN STATE	8029055002	info@drugfieldpharma.com	DRUGFIELD PHARMACEUTICALS LIMITED, 48, AKEJU STREET, PALMGROVE, SOMOLU, LAGOS STATE. P.O BOX 5831, IKEJA, LAGOS STATE., Nigeria",1 x 20 g (in Alu tube),"Each gram of cream contains: Miconazole Nitrate 20 mg
Excipients q.s.",https://admin.greenbook.nafdac.gov.ng/uploadImage/smpc_files/2023/10/07/202310079986e645-2d7f-57ec-8237-bc80e57cb1e0.pdf,D01AC02,https://greenbook.nafdac.gov.ng/products/details/6218,2026-09-29T10:52:30.242228+00:00
Greenbook NAFDAC,4585,4219,Micozol-Plus Vaginal Tablet##,1,Drugs,"{'id': 1, 'name': 'Drugs', 'created_at': '-000001-11-30T00:00:00.000000Z', 'updated_at': '2022-03-17T16:53:12.000000Z', 'deleted_at': None}",678,Metronidazole; Miconazole,,B4-4483,1,Tablet,24,Vaginal,750 mg; 200 mg,162,Drugfield Pharmaceuticals Limited,2021-03-29,2026-03-28,Inactive,Vaginal Tablet,1 x 7&#039;s (in blister pack),"Each tablet contains: Metronidazole 750 mg, Miconazole 200 mg
Excipients q.s.",https://admin.greenbook.nafdac.gov.ng/uploadImage/smpc_files/2024/06/25/20240625a7b4934b-6f71-53f7-b5a2-6a7bd5e2a889.pdf,G01AF20,https://greenbook.nafdac.gov.ng/products/details/4219,2026-09-29T10:52:30.242228+00:00
Greenbook NAFDAC,4586,5843,Micpon Artemether & Lumefantrine 80/480##,1,Drugs,"{'id': 1, 'name': 'Drugs', 'created_at': '-000001-11-30T00:00:00.000000Z', 'updated_at': '2022-03-17T16:53:12.000000Z', 'deleted_at': None}",528,Artemether; Lumefantrine,,A4-9664,1,Tablet,1,Oral,80 mg; 480 mg,1201,MICPON PHARMACY LIMITED,2023-08-31,2028-08-30,Active,"Tablet
Film Coated Tablet

MICPON ARTEMETHER &amp; LUMEFANTRINE 80/480	ARTEMETHER 80MG + LUMEFANTRINE 480MG	EACH FILM COATED TABLET CONTAINS: ARTEMETHER 80MG LUMEFANTRINE 480MG EXCIPIENTS Q.S COLOUR: TARTRAZINE SUPRA	A4-9664	Drugs	Imported Products	1X6 ALU-PVC BLISTER	Over The Counter (OTC)	27/10/2022	MICPON PHARMACY LIMITED, UPPER KUTA ROAD SAIKO MINNA NIGER	0	micponpharmacy1@gmail.com	`JIANGSU RUINIAN QIANJIN PHARMACEUTICAL CO.LTD, CHUANBU VILLAGE,YIXING ECONOMIC DEVELOPMENT ZONE,JIANGSU PROVINCE,P.R.C, China",1 x 6&#039;s (in PVC-Alu blister),"Each tablet contains: Artemether 80 mg, Lumefantrine 480 mg
Excipients q.s.",https://admin.greenbook.nafdac.gov.ng/uploadImage/smpc_files/2023/09/06/20230906985db2e2-4337-55b6-a5c9-94a827b90bf3.pdf,P01BF01,https://greenbook.nafdac.gov.ng/products/details/5843,2026-09-29T10:52:30.242228+00:00
Greenbook NAFDAC,4587,5845,Micpon Artemether Injection##,1,Drugs,"{'id': 1, 'name': 'Drugs', 'created_at': '-000001-11-30T00:00:00.000000Z', 'updated_at': '2022-03-17T16:53:12.000000Z', 'deleted_at': None}",542,Artemether,,A4-9824,40,Injection,9,Intramuscular,80 mg/mL,1201,MICPON PHARMACY LIMITED,2023-08-31,2028-08-30,Active,"Injection
Colorless or yellowish clear oily solution

MICPON ARTEMETHER INJECTION	MICPON ARTEMETHER INJECTION	EACH ML CONTAINS: ARTEMETHER 80MG TEA SEED OIL Q.S	A4-9824	Drugs	Imported Products	1ML X 6AMPS	Prescription Only Medicine (POM)	27/10/2022	MICPON PHARMACY LIMITED, UPPER KUTA ROAD SAIKO MINNA NIGER	0	micponpharmacy1@gmail.com	`JIANGSU RUINIAN QIANJIN PHARMACEUTICAL CO.LTD, CHUANBU VILLAGE,YIXING ECONOMIC DEVELOPMENT ZONE,JIANGSU PROVINCE,P.R.C, China",6 x 1 mL amoules,"Each 1 mL ampoule contains: Artemether 80 mg
Excipients q.s.",https://admin.greenbook.nafdac.gov.ng/uploadImage/smpc_files/2023/09/06/20230906b58a495c-40ea-5877-8a6a-b3b2f6893550.pdf,P01BE02,https://greenbook.nafdac.gov.ng/products/details/5845,2026-09-29T10:52:30.242228+00:00
Greenbook NAFDAC,4588,5846,Micpon Gentamycin Injection##,1,Drugs,"{'id': 1, 'name': 'Drugs', 'created_at': '-000001-11-30T00:00:00.000000Z', 'updated_at': '2022-03-17T16:53:12.000000Z', 'deleted_at': None}",755,Gentamicin (Gentamicin Sulfate),,B4-1928,40,Injection,9,Intramuscular,80 mg/2 mL,1201,MICPON PHARMACY LIMITED,2023-08-31,2028-08-30,Active,"Solution for Injection
A clear colorless solution

MICPON GENTAMYCIN INJECTION	GENTAMYCIN SULPHATE 80MG/2ML	EACH ML CONTAINS: GENTAMYCIN SULPHATE USP 40MG/ML EXCIPIENTS Q.S	B4-1928	Drugs	Imported Products	2MLX100AMPOULES	Prescription Only Medicine (POM)	31/10/2022	MICPON PHARMACY LIMITED, UPPER KUTA ROAD SAIKO MINNA NIGER	0	micponpharmacy1@gmail.com	ANHUI CHENGSHI MANUFACTURER MEDICINE CO., LTD, HEBEI/XINGU INDUSTRIAL AREA, BENGBA CITY, ANHUI, CHINA, China",100 x 2 mL ampoules,"Each ampoule of 2 mL contains: Gentamicin (as Sulfate) 80 mg equivalent to Gentamicin 80000 IU
Excipients q.s.",https://admin.greenbook.nafdac.gov.ng/uploadImage/smpc_files/2023/09/06/202309061ffa3f9e-241a-5264-be29-0e1d7897aa9c.pdf,J01GB03,https://greenbook.nafdac.gov.ng/products/details/5846,2026-09-29T10:52:30.242228+00:00
Greenbook NAFDAC,4589,8934,Microcef-250 Tablet**,1,Drugs,"{'id': 1, 'name': 'Drugs', 'created_at': '-000001-11-30T00:00:00.000000Z', 'updated_at': '2022-03-17T16:53:12.000000Z', 'deleted_at': None}",456,Cefuroxime (Cefuroxime Axetil),,A4-6425,1,Tablet,1,Oral,250 mg,230,Micro Nova Pharmaceuticals Ind Ltd,2021-08-26,2026-08-25,Inactive,"Film-coated Tablet.
White to off white, oblong shaped biconvex film coated tablets having embossed with ‘250’ on one side",1 x 10&#039;s (in Alu-Alu blister),"Each film-coated tablet contains: Cefuroxime Axetil USP equivalent to Cefuroxime 250 mg
",https://admin.greenbook.nafdac.gov.ng/uploadImage/smpc_files/2024/11/20/2024112026771494-87ea-5e0a-a705-a895d1d496bf.pdf,J01DC02,https://greenbook.nafdac.gov.ng/products/details/8934,2026-09-29T10:52:30.242228+00:00
Greenbook NAFDAC,4590,8935,Microcef-500 Tablets**,1,Drugs,"{'id': 1, 'name': 'Drugs', 'created_at': '-000001-11-30T00:00:00.000000Z', 'updated_at': '2022-03-17T16:53:12.000000Z', 'deleted_at': None}",456,Cefuroxime (Cefuroxime Axetil),,A4-6427,1,Tablet,1,Oral,500 mg,230,Micro Nova Pharmaceuticals Ind Ltd,2021-08-03,2026-08-02,Inactive,Tablet,1 x 10&#039;s (in blister),Each tablet contains: Cefuroxime Axetil USP equiv. to Cefuroxime 500 mg,,J01DC02,https://greenbook.nafdac.gov.ng/products/details/8935,2026-09-29T10:52:30.242228+00:00
Greenbook NAFDAC,4591,8330,Microgynon 30 Tablet**,1,Drugs,"{'id': 1, 'name': 'Drugs', 'created_at': '-000001-11-30T00:00:00.000000Z', 'updated_at': '2022-03-17T16:53:12.000000Z', 'deleted_at': None}",679,Ethinylestradiol; Levonorgestrel,,04-1226,1,Tablet,1,Oral,0.03 mg; 0.15 mg,133,Bayer Nigeria Limited,2024-06-27,2029-06-26,Active,"Coated tablet.
Beige-coloured, round, convex and coated tablet",1 x 21&#039;s (in PVC/aluminium blister),Each coated tablet contains 150 ,https://admin.greenbook.nafdac.gov.ng/uploadImage/smpc_files/2024/07/10/202407100a98aeaf-3994-516b-86a0-c443594eda20.pdf,G03AA07,https://greenbook.nafdac.gov.ng/products/details/8330,2026-09-29T10:52:30.242228+00:00
Greenbook NAFDAC,4592,4221,Microgynon Fe Tablet**,1,Drugs,"{'id': 1, 'name': 'Drugs', 'created_at': '-000001-11-30T00:00:00.000000Z', 'updated_at': '2022-03-17T16:53:12.000000Z', 'deleted_at': None}",680,Ethinylestradiol; Levonorgestrel; Ferrous fumarate,,B4-2889,1,Tablet,1,Oral,0.03 mg; 0.15 mg; 75 mg,133,Bayer Nigeria Limited,2021-05-28,2026-05-27,Inactive,"Coated tablet in combipack containing
- 21 active tablets: beige-coloured, round, convex and coated tablet.
- 7 inactive tablets: brown, round, convex and coated tablet.",1 x 28&#039;s (in blister strip),Each coated tablet contains 150 ,https://admin.greenbook.nafdac.gov.ng/uploadImage/smpc_files/2023/05/29/2023052948318938-422a-51e9-b7bf-a5e5f0f3543f.pdf,G03AA07,https://greenbook.nafdac.gov.ng/products/details/4221,2026-09-29T10:52:30.242228+00:00
Greenbook NAFDAC,4593,11683,Microlut Tablets**,1,Drugs,"{'id': 1, 'name': 'Drugs', 'created_at': '-000001-11-30T00:00:00.000000Z', 'updated_at': '2022-03-17T16:53:12.000000Z', 'deleted_at': None}",683,Levonorgestrel,,B4-9836,1,Tablet,1,Oral,0.03 mg,133,Bayer Nigeria Limited,2025-08-27,2030-08-26,Active,"Coated tablets
The tablets are white, biconvex and round",3 x 35&#039;s (in PVC-Alu blisters),"Each coated tablet contains: Levonorgestrel 30 micrograms
Excipients with known effects: Lactose monohydrate 33 mg and Sucrose 19.6 mg",https://admin.greenbook.nafdac.gov.ng/uploadImage/smpc_files/2025/10/09/2025100952704f5c-adaa-5cf9-ae97-f59a29a6871c.pdf,G03AC03,https://greenbook.nafdac.gov.ng/products/details/11683,2026-09-29T10:52:30.242228+00:00
Greenbook NAFDAC,4594,11649,Micromox 400 Tablets_,1,Drugs,"{'id': 1, 'name': 'Drugs', 'created_at': '-000001-11-30T00:00:00.000000Z', 'updated_at': '2022-03-17T16:53:12.000000Z', 'deleted_at': None}",2251,Moxifloxacin,,B4-1488,1,Tablet,1,Oral,400 mg,230,Micro Nova Pharmaceuticals Ind Ltd,2025-06-25,2030-06-24,Active,"Tablet.
Pink-colored, capsule-shaped, biconvex, bevel edged film coated tablets with “MF” engraved on one side and other side plain",3 x 5&#039;s (in Alu-Alu blisters),"Each film-coated tablet contains: Moxifloxacin 400 mg
Excipients q.s.",https://admin.greenbook.nafdac.gov.ng/uploadImage/smpc_files/2025/08/05/202508055972329c-ac6c-5fa9-9729-dbf05fe57c0b.pdf,J01MA14,https://greenbook.nafdac.gov.ng/products/details/11649,2026-09-29T10:52:30.242228+00:00
Greenbook NAFDAC,4595,5228,Micromox Eye Drops## (incomplete smpc),1,Drugs,"{'id': 1, 'name': 'Drugs', 'created_at': '-000001-11-30T00:00:00.000000Z', 'updated_at': '2022-03-17T16:53:12.000000Z', 'deleted_at': None}",1542,Moxifloxacin (Moxifloxacin Hydrochloride),,B4-6287,24,Eye drops,15,Ophthalmic,0.5%,230,Micro Nova Pharmaceuticals Ind Ltd,2023-07-27,2028-07-26,Active,"Eye Drops, Solution

99	RNW-PP-255278	MICROMOX EYE DROPS	(MOXIFLOXACIN AS HYDROCHLORIDE 0.5%W/V EYE DROPS SOLUTION)	Moxifloxacin Ophthalmic Solution USP 0.5% w/v). 1. Boric acid 2 Sodium chloride 3 Sodium Hydroxide 4 Hydrochloric acid 5 Water for injections	B4-6287	Drugs	Imported Products	1X5ML	Prescription Only Medicine (POM)	3/7/2022	MICRO NOVA PHARMACEUTICALS IND LTD, Plot 3, Billings Way, Oregun	81299901	solomonsemicrolabs@gmail.com	M/S Micro Lab Limited, No. 113 To 116, 4th phase, K.I.A.D.B. BOMMASANDRA IND AREA, BANGALORE- 560 099, INDIA, India",1 x 5 mL,"Micromox Eye Drops contains: Moxifloxacin Hydrochloride USP 5.45 mg equivalent to Moxifloxacin base 5.0 mg, Water for injection USP q.s to 1 mL
",https://admin.greenbook.nafdac.gov.ng/uploadImage/smpc_files/2023/08/27/20230827932c222f-7dda-5237-a658-e3b10010cef9.pdf,S01AE07,https://greenbook.nafdac.gov.ng/products/details/5228,2026-09-29T10:52:30.242228+00:00
Greenbook NAFDAC,4596,5878,Microsol Eye Drop##,1,Drugs,"{'id': 1, 'name': 'Drugs', 'created_at': '-000001-11-30T00:00:00.000000Z', 'updated_at': '2022-03-17T16:53:12.000000Z', 'deleted_at': None}",1694,Naphazoline HCl; Zinc Sulfate; Chlorphenamine maleate,,B4-5388,24,Eye drops,15,Ophthalmic,0.056%; 0.12%; 0.01%,230,Micro Nova Pharmaceuticals Ind Ltd,2023-04-26,2028-04-25,Active,"Ophthalmic Solution

MICROSOL EYE DROP	Naphazoline HCL USP 0.056% w/v Chlorpheniramine maleate BP 0.01%&quot;	Naphazoline HCL USP 0.056% w/v Chlorpheniramine maleate BP 0.01% w/v Ophthalmic solution Boric Acid BP 125% w/v Sodium Chloride BP 0.05% w/v Zinc Sulfate USP 0.12% w/v Chlortbutol 0.5% w/v (as preservative) water for injection BP	B4-5388	Drugs	Imported Products	1x10ML	Prescription Only Medicine (POM)	05/05/2021	MICRO NOVA PHARMACEUTICALS IND. LTD, PLOT 3, BILLINGS WAY, INDUSTRIAL ESTATE, IKEJA IKEJA LAGOS	81299901	solomonsemicrolabs@gmail.com	M/S Micro Lab Limited, No. 113 To 116, 4th phase, K.I.A.D.B. BOMMASANDRA IND AREA, BANGALORE- 560 099, INDIA, India",1 x 10 mL (in a container),"Microsol Eye Drop contains: Naphazoline HCl USP 0.056% w/v, Chlorpheniramine Maleate BP 0.01%, Boric Acid BP 125% w/v, Sodium Chloride BP 0.05% w/v, Zinc Sulfate USP 0.12% w/v, Chlortbutol 0.5% w/v (as preservative) Water for Injection BP q.s.
Excipients q.s.",https://admin.greenbook.nafdac.gov.ng/uploadImage/smpc_files/2023/09/29/2023092993ece6cc-8937-51d5-a66b-f34254912807.pdf,S01GA51,https://greenbook.nafdac.gov.ng/products/details/5878,2026-09-29T10:52:30.242228+00:00
Greenbook NAFDAC,4597,10788,Midashin 5 mg/mL Injection##,1,Drugs,"{'id': 1, 'name': 'Drugs', 'created_at': '-000001-11-30T00:00:00.000000Z', 'updated_at': '2022-03-17T16:53:12.000000Z', 'deleted_at': None}",138,Midazolam (Midazolam Hydrochloride),,A4-101180,40,Injection,12,Intravenous,5 mg/mL,1203,Shinfield Pharmaceuticals Limited,2025-01-30,2030-01-29,Active,"Sterile Solution for Injection
A clear, colorless liquid

NF-PP-413798	Midashin 5mg/ml Injection	MIDAZOLAM INJECTION BP 5 MG/ML	Midazolam * API 5.00 mg 0.50 Benzyl Alcohol Preservatives 10.00 mg 1.00 Sodium chloride Isotonic Agent 9.00 mg 0.900 Disodium EDTA Chelating Agent 0.10 mg 0.010 Sodium Hydroxide pH Adjust 1.11 mg 0.11 Hydrochloric acid pH Adjust 0.0016 ml 0.16 Water for Injection Vehicle q.s. to 1ml 97.32	聽	Drugs	Imported Products	5X2X3ML	Prescription Only Medicine (POM)	3/15/2024	SHINFIELD PHARMACEUTICALS LIMITED, 80 Luwaleyinmu Street, Ikeja	33572403	chidi.jonathan@shinfield-pharma.com	Farbe Firma Pvt. Ltd, Plot No. 1508, GIDC Estate, Ankleshwar, 393 002, Gujarat, INDIA, India
													
													
													
													
													
													",2 x 5&#039;s x 3 mL (in amber bottles),"Each mL contains: Midazolam 5 mg, Water for Injection BP q.s.
Excipients q.s.",https://admin.greenbook.nafdac.gov.ng/uploadImage/smpc_files/2025/05/22/2025052219a7af55-1c4f-5b56-bb76-b2145b9ba550.pdf,N05CD08,https://greenbook.nafdac.gov.ng/products/details/10788,2026-09-29T10:52:30.242228+00:00
Greenbook NAFDAC,4598,10776,Midozol Eye Drops##,1,Drugs,"{'id': 1, 'name': 'Drugs', 'created_at': '-000001-11-30T00:00:00.000000Z', 'updated_at': '2022-03-17T16:53:12.000000Z', 'deleted_at': None}",795,Dorzolamide (Dorzolamide Hydrochloride); Timolol (Timolol Maleate),,B4-9608,24,Eye drops,15,Ophthalmic,2%; 0.5%,268,Pharmacy Plus Ltd,2024-03-27,2029-03-26,Active,Eye Drops,1 x 5 mL (in plastic bottle),"Midozol Eye Drops contains: Dorzolamine Hydrochloride BP equivalent to Dorzolamide Base 2.0% w/v, Timolol Maleate USP equivalent to Timolol Base 0.5% w/v
Excipients q.s.",https://admin.greenbook.nafdac.gov.ng/uploadImage/smpc_files/2024/12/04/2024120495a2a639-3f63-5b6b-9ef0-d60ff816d007.pdf,S01ED51,https://greenbook.nafdac.gov.ng/products/details/10776,2026-09-29T10:52:30.242228+00:00
Greenbook NAFDAC,4599,11209,Mikatem 80/480 Tablet**,1,Drugs,"{'id': 1, 'name': 'Drugs', 'created_at': '-000001-11-30T00:00:00.000000Z', 'updated_at': '2022-03-17T16:53:12.000000Z', 'deleted_at': None}",528,Artemether; Lumefantrine,,B4-9365,1,Tablet,1,Oral,80 mg; 480 mg,376,First J. Pocco Pharmacy Limited,2025-05-27,2030-05-26,Active,Tablet,1 x 6&#039;s (in PVC blister),"Each tablet contains: Artemether 80 mg, Lumefantrine 480 mg, Excipients q.s.",https://admin.greenbook.nafdac.gov.ng/uploadImage/smpc_files/2025/06/24/2025062407866bd7-80a2-54e3-8426-132c3d2be862.pdf,P01BF01,https://greenbook.nafdac.gov.ng/products/details/11209,2026-09-29T10:52:30.242228+00:00
Greenbook NAFDAC,4600,4222,MIL-VK Tablets##,1,Drugs,"{'id': 1, 'name': 'Drugs', 'created_at': '-000001-11-30T00:00:00.000000Z', 'updated_at': '2022-03-17T16:53:12.000000Z', 'deleted_at': None}",431,Phenoxymethylpenicillin (Phenoxymethylpenicillin Potassium),Penicillin V,C4-1158,1,Tablet,1,Oral,250 mg,374,Aquatix Pharmaceuticals Limited,2020-11-10,2025-11-09,Inactive,Tablet,,Each tablet contains: Phenoxymethylpenicillin (as Potassium Salt) 250 mg,,J01CE02,https://greenbook.nafdac.gov.ng/products/details/4222,2026-09-29T10:52:30.242228+00:00
Greenbook NAFDAC,4601,10789,MIM Tonic_,1,Drugs,"{'id': 1, 'name': 'Drugs', 'created_at': '-000001-11-30T00:00:00.000000Z', 'updated_at': '2022-03-17T16:53:12.000000Z', 'deleted_at': None}",1803,Ferric Ammonium Citrate; Folic Acid; Vitamin B12; Vitamin B1; Vitamin B6; Zinc Sulphate Monohydrate; Copper Sulphate,,04-1194,103,Syrup,1,Oral,54 mg; 200 mcg; 5 mcg; 2 mg; 2 mg; 4 mg; 0.4 mg,126,Adler Products Ltd,2024-02-28,2029-02-27,Active,"Blood Tonic (Liquid Syrup).
Reddish-brown viscous liquid with raspberry and pineapple flavour.

MIM TONIC	FERRIC AMMONIUM CITRATE	FERRIC AMMONIUM CITRATE 54MG, VIT B12 5MCG, FOLIC ACIOD 200MCG, VIT B1 2MG, ZINC 4MG, VIT B6 2MG, COPPER 0.4/5ML	04-1194	Drugs	Nigerian Products	1*100ml,1*300ml	OTC	13/08/2021	ADLER PRODUCTS LTD, 32, Oduyemi Street,, Ikeja	8035960825	adler_products@yahoo.com	FARMEX MEYER LTD, KM 38 LAGOS ABEOKUTA ROAD, SANGO OTA OGUN STATE, NIGERIA, Nigeria",100 mL; 300 mL (in amber PET bottle with metallic screw cap),"Each 5 mL contains: Ferric Ammonium Citrate BP 54 mg, Folic Acid BP 200 mcg, Vitamin B12 (Cyanocobalamin) BP 5 mcg, Vitamin B1 (Thiamine) HCl BP 2 mg, Vitamin B6 (Pyridoxine) HCl BP 2 mg, Zinc Sulphate Monohydrate 4 mg and Copper Sulphate 0.4 mg",https://admin.greenbook.nafdac.gov.ng/uploadImage/smpc_files/2024/03/12/202403127f59e312-f9e2-503e-8e11-2229138008ac.pdf,B03AE,https://greenbook.nafdac.gov.ng/products/details/10789,2026-09-29T10:52:30.242228+00:00
Greenbook NAFDAC,4602,5229,Mimglobin Liquid##,1,Drugs,"{'id': 1, 'name': 'Drugs', 'created_at': '-000001-11-30T00:00:00.000000Z', 'updated_at': '2022-03-17T16:53:12.000000Z', 'deleted_at': None}",1431,Ferric ammonium citrate; Folic acid; Vit B1; Vit B2; Vit B6; Vit B12; Dexpanthenol; L-Lysine,,A4-8998,101,Liquid,1,Oral,12.78 mg; 4.42 mg; 4.54 mL,126,Adler Products Ltd,2023-07-06,2028-07-05,Active,"Liquid
Brown colored sweet viscous liquid with orange flavor

22	RNW-PP-252570	MIMGLOBIN LIQUID	Elemental Iron 12 mg (as Ferric Ammonium Citrate), Elemental Zinc 7 mg (as Zinc Sulphate, Heptahydrate B.P.), L – Histidine Hydrochloride Monohydrate B.P. 4 mg, L – Lysine Hydrochloride U.S.P. 50 mg, Thiamine Hydrochloride B.P. (Vitamin B1) 5 mg, Riboflav	Elemental Iron 12 mg (as Ferric Ammonium Citrate), Elemental Zinc 7 mg (as Zinc Sulphate, Heptahydrate B.P.), L – Histidine Hydrochloride Monohydrate B.P. 4 mg, L – Lysine Hydrochloride U.S.P. 50 mg, Thiamine Hydrochloride B.P. (Vitamin B1) 5 mg, Riboflavin B.P. (Vitamin B2) 1.5 mg (as Riboflavin Sodium Phosphate B.P.), Pyridoxine Hydrochloride B.P. (Vitamin B6) 2.5 mg, Nicotinamide B.P. 25 mg, Dexpanthenol B.P. 2.5 mg Folic Acid B.P. 500 mcg, Cyanocobalamin B.P. (Vitamin B12) 4 mcg, Sodium	A4-8998	Drugs	Imported Products	1*200ML	Over The Counter (OTC)	2/18/2022	ADLER PRODUCTS LTD, 32, Oduyemi Street,, Ikeja	8035960825	adler_products@yahoo.com	MEYER ORGANICS PVT LTD, 10-D, 2ND PHASE, PEENYA INDI. ASREA, BANGALOR-560058 . (INDIA)., India
",1 x 200 mL ,"Each 10 mL contains: Elemental Iron (as Ferric Ammonium Citrate) 12 mg, Elemental Zinc (as Zinc Sulfate, Heptahydrate BP) 7 mg, L - Histidine Hydrochloride Monohydrate BP 4 mg, L - Lysine Hydrochloride USP 50 mg, Thiamine Hydrochloride BP (Vitamin B1) 5 mg, Riboflavin BP (Vitamin B2) (as Riboflavin Sodium Phosphate BP) 1.5 mg, Pyridoxine Hydrochloride BP (Vitamin B6) 2.5 mg, Nicotinamide BP 25 mg, Dexpanthenol BP 2.5 mg, Folic Acid BP 500 mcg, Cyanocobalamin BP (Vitamin B12) 4 mcg, Flavored Base q.s.
Excipients q.s.
Colorant: Caramel",https://admin.greenbook.nafdac.gov.ng/uploadImage/smpc_files/2023/08/24/202308249be5d626-aff6-5036-b90c-74e3511b5100.pdf,B03AE01,https://greenbook.nafdac.gov.ng/products/details/5229,2026-09-29T10:52:30.242228+00:00
Greenbook NAFDAC,4603,6764,Min-C Drops##,1,Drugs,"{'id': 1, 'name': 'Drugs', 'created_at': '-000001-11-30T00:00:00.000000Z', 'updated_at': '2022-03-17T16:53:12.000000Z', 'deleted_at': None}",346,Ascorbic Acid,Vitamin C, B4-1983,60,Drops,1,Oral,100 mg/mL,360,Ugo Lab Productions (Nig). Ltd,2023-12-21,2028-12-20,Active,"Drops
A brown viscous oral syrup with pleasant banana taste

19	RNW-PP-343450	MIN-C DROPS	ASCORBIC ACID (VITAMIN C) 100MG/ML	ASCORBIC ACID 100MG/ML SUGAR, PROPYL PARABEN, METHYL PARABEN, Na METABISULPHITE, NA EDTA, CARAMEL, BANANA FLAVOUR.	B4-1983	Drugs	Nigerian Products	15ML	OTC	12/11/2023	UGO LAB PRODUCTIONS (NIG). LTD, , BURMA ROAD KANO KANO	64944047	ofodilechinedu@ymail.com	UGOLAB PRODUCTION NIGERIA LIMITED, 157/159 CLUB ROAD BOMPAI INDUSTRIAL LAYOUT KANO NIGERIA, Nigeria",1 x 15 mL (in amber glass bottle),"Each 1 mL contains: Ascorbic acid BP 100 mg
Excipients q.s.
",https://admin.greenbook.nafdac.gov.ng/uploadImage/smpc_files/2024/12/23/2024122369b9f406-30b7-5044-a813-6bfb00449915.pdf,A11GA01,https://greenbook.nafdac.gov.ng/products/details/6764,2026-09-29T10:52:30.242228+00:00
Greenbook NAFDAC,4604,5231,Miraclox Capsules##,1,Drugs,"{'id': 1, 'name': 'Drugs', 'created_at': '-000001-11-30T00:00:00.000000Z', 'updated_at': '2022-03-17T16:53:12.000000Z', 'deleted_at': None}",425,Ampicillin (Ampicillin Trihydrate); Cloxacillin (Cloxacillin Sodium),,A11-0038,2,Capsule,1,Oral,250 mg; 250 mg,231,Miraflash Nig Ltd,2022-08-25,2027-08-24,Active,"Capsule
Hard gelatin capsules filled with almost white granular powder

Miraclox Capsules	A11-0038         	Miraclox	AMPICILLIN, CLOXACILLIN		ANTIBIOTICS	AMPICILLIN 250MG, CLOXACILLIN 250MG	CAPSULES	10 X 10	PRESCRIPTION ONLY MEDICINE	TREATMENT OF SUSCEPTIBLE BACTERIA INFECTIONS	MIRAFLASH NIGERIA LIMITED	NIGERIA	MIRAFLASH NIGERIA LIMITED	NIGERIA	08/25/2022	08/24/2027",10 x 10&#039;s (in PVC-Alu blisters),"Each capsule contains: Ampicillin (as Ampicillin Trihydrate) 250 mg, Cloxacillin (as Cloxacillin Sodium 250 mg)
Excipients q.s.",https://admin.greenbook.nafdac.gov.ng/uploadImage/smpc_files/2023/10/21/20231021daf8e617-8d02-51ce-95b1-6427433d749c.pdf,J01CA51,https://greenbook.nafdac.gov.ng/products/details/5231,2026-09-29T10:52:30.242228+00:00
Greenbook NAFDAC,4605,6567,Miradroxil 125 mg Suspension##,1,Drugs,"{'id': 1, 'name': 'Drugs', 'created_at': '-000001-11-30T00:00:00.000000Z', 'updated_at': '2022-03-17T16:53:12.000000Z', 'deleted_at': None}",436,Cefadroxil,,A11-100598,102,Suspension,1,Oral,125 mg/5 mL,231,Miraflash Nig Ltd,2023-11-30,2028-11-29,Active,"Powder for Oral Suspension
Powder – white to slightly yellowish powder
Ready to use suspension – white to slightly yellowish suspension

MIRADROXIL 125MG SUSPENSION	CEFADROXIL	CEFADROXIL		Drugs	Nigerian Products	100ML	Prescription Only Medicine (POM)	14/09/2023	MIRAFLASH NIG LTD, 2-8, SUCCESS ESTATE, OFF BRENTFIELD AVENUE, OKE AFA MAGBORO, OGUN OGUN	18192902	tollyrock@yahoo.com	MIRAFLASH NIGERIA LIMITED, 2-8 SUCCESS ESTATE ,OFF BRENTFIELD AVENUE OKE AFA OMOTEDO, MAGBORO, OGUN STATE. , Nigeria",1 x 100 mL (in polypropylene bottle),"Each 5 mL of reconstituted oral suspension contains: Cefadroxil (as Monohydrate) 125 mg
Excipients q.s.",https://admin.greenbook.nafdac.gov.ng/uploadImage/smpc_files/2023/12/19/2023121995172157-e841-5392-8653-24b342ba5893.pdf,J01DB05,https://greenbook.nafdac.gov.ng/products/details/6567,2026-09-29T10:52:30.242228+00:00
Greenbook NAFDAC,4606,6568,Miradroxil 250 mg Suspension##,1,Drugs,"{'id': 1, 'name': 'Drugs', 'created_at': '-000001-11-30T00:00:00.000000Z', 'updated_at': '2022-03-17T16:53:12.000000Z', 'deleted_at': None}",436,Cefadroxil,,A11-100597,102,Suspension,1,Oral,250 mg/5 mL,231,Miraflash Nig Ltd,2023-11-30,2028-11-29,Active,"Powder for Oral Suspension
Powder – white to slightly yellowish powder
Ready to use suspension – white to slightly yellowish suspension

MIRADROXIL 250MG SUSPENSION	CEFADROXIL	CEFADROXIL		Drugs	Nigerian Products	100ML	Prescription Only Medicine (POM)	14/09/2023	MIRAFLASH NIG LTD, 2-8, SUCCESS ESTATE, OFF BRENTFIELD AVENUE, OKE AFA MAGBORO, OGUN OGUN	18192902	tollyrock@yahoo.com	MIRAFLASH NIGERIA LIMITED, 2-8 SUCCESS ESTATE ,OFF BRENTFIELD AVENUE OKE AFA OMOTEDO, MAGBORO, OGUN STATE. , Nigeria",1 x 100 mL (in polypropylene bottle),"Each 5 mL of reconstituted suspension: Cefadroxil (as Monohydrate) 250 mg
Excipients q.s. ",https://admin.greenbook.nafdac.gov.ng/uploadImage/smpc_files/2023/12/19/20231219a7b09245-8e77-59b3-b5c5-a24c0e63b7e9.pdf,J01DB05,https://greenbook.nafdac.gov.ng/products/details/6568,2026-09-29T10:52:30.242228+00:00
Greenbook NAFDAC,4607,10790,Miradroxil 500 mg Capsule##,1,Drugs,"{'id': 1, 'name': 'Drugs', 'created_at': '-000001-11-30T00:00:00.000000Z', 'updated_at': '2022-03-17T16:53:12.000000Z', 'deleted_at': None}",436,Cefadroxil,,A11-1005,2,Capsule,1,Oral,500 mg,231,Miraflash Nig Ltd,2024-06-27,2029-06-26,Active,"Hard Capsule
Maroon-white colored hard gelatin capsule contains white granular powder

51	RNW-PP-405739	MIRADROXIL 500MG CAPSULE	CEFADROXIL	CEFADROXIL 500MG	A11-1005	Drugs	Nigerian Products	500MG	POM 1	2/13/2024	MIRAFLASH NIG LTD, 2-8, SUCCESS ESTATE, OFF BRENTFIELD AVENUE, OKE AFA MAGBORO, OGUN OGUN	18192902	tollyrock@yahoo.com	MIRAFLASH NIGERIA LIMITED, 2-8 SUCCESS ESTATE ,OFF BRENTFIELD AVENUE OKE AFA OMOTEDO, MAGBORO, OGUN STATE. , Nigeria",1 x 10&#039;s (in blisters),"Each capsule contains: Cefadroxil 500 mg
Excipients q.s.",https://admin.greenbook.nafdac.gov.ng/uploadImage/smpc_files/2024/11/30/20241130ec757f2d-07e9-52b9-a254-d2936d737f2c.pdf,J01DB05,https://greenbook.nafdac.gov.ng/products/details/10790,2026-09-29T10:52:30.242228+00:00
Greenbook NAFDAC,4608,8967,Mirafix 400 mg Capsule**,1,Drugs,"{'id': 1, 'name': 'Drugs', 'created_at': '-000001-11-30T00:00:00.000000Z', 'updated_at': '2022-03-17T16:53:12.000000Z', 'deleted_at': None}",441,Cefixime (Cefixime Trihydrate),,A11-1020,2,Capsule,1,Oral,400 mg,231,Miraflash Nig Ltd,2024-06-27,2029-06-26,Active,Hard Capsule,1 x 10&#039;s (in blister),Each capsule contains: Cefixime Trihydrate equiv. to Cefixime 400 mg,https://admin.greenbook.nafdac.gov.ng/uploadImage/smpc_files/2024/11/30/202411305e310e27-6c7f-5eea-9563-3422f2baf384.pdf,J01DD08,https://greenbook.nafdac.gov.ng/products/details/8967,2026-09-29T10:52:30.242228+00:00
Greenbook NAFDAC,4609,5234,Mirafix Oral Suspension##,1,Drugs,"{'id': 1, 'name': 'Drugs', 'created_at': '-000001-11-30T00:00:00.000000Z', 'updated_at': '2022-03-17T16:53:12.000000Z', 'deleted_at': None}",441,Cefixime (Cefixime Trihydrate),,B4-5532,102,Suspension,1,Oral,50 mg/5 mL,231,Miraflash Nig Ltd,2022-08-25,2027-08-24,Active,"Suspension

Mirafix Oral Suspension	B4-5532	Mirafix	CEFIXIME 		ANTIBIOTICS	CEFIXIME 50MG/5ML	SUSPENSION	X 100ML	PRESCRIPTION ONLY MEDICINE	TREATMENT OF SUSCEPTIBLE BACTERIA INFECTIONS	MIRAFLASH NIGERIA LIMITED	NIGERIA	MIRAFLASH NIGERIA LIMITED	NIGERIA	08/25/2022	08/24/2027
",1 x 100 mL (in HDPE bottle),"Each 5 mL contains: Cefixime (as Cefixime Trihydrate) 50 mg
Excipients q.s.",https://admin.greenbook.nafdac.gov.ng/uploadImage/smpc_files/2023/10/21/202310212ef2f4a2-5024-5cf7-9266-70badece3d3d.pdf,J01DD08,https://greenbook.nafdac.gov.ng/products/details/5234,2026-09-29T10:52:30.242228+00:00
Greenbook NAFDAC,4610,5235,Mirafix-200 Capsules##,1,Drugs,"{'id': 1, 'name': 'Drugs', 'created_at': '-000001-11-30T00:00:00.000000Z', 'updated_at': '2022-03-17T16:53:12.000000Z', 'deleted_at': None}",441,Cefixime (Cefixime Trihydrate),,B4-5535,2,Capsule,1,Oral,200 mg,231,Miraflash Nig Ltd,2022-08-25,2027-08-24,Active,"Capsule
Blue-purple colored hard gelatin capsule contains off white granules

Mirafix-200 Capsules	B4-5535	Mirafix	CEFIXIME 		ANTIBIOTICS	CEFIXIME 200MG	CAPSULES	1 X 10	PRESCRIPTION ONLY MEDICINE	TREATMENT OF SUSCEPTIBLE BACTERIA INFECTIONS	MIRAFLASH NIGERIA LIMITED	NIGERIA	MIRAFLASH NIGERIA LIMITED	NIGERIA	08/25/2022	08/24/2027",1 x 10&#039;s (in PVC-Alu blisters),"Each capsule contains: Anhydrous Cefixime (as Cefixime Trihydrate) 200 mg
Excipients q.s.",https://admin.greenbook.nafdac.gov.ng/uploadImage/smpc_files/2023/10/21/202310210cd6c8d7-de86-51e7-9c9d-a14190db3640.pdf,J01DD08,https://greenbook.nafdac.gov.ng/products/details/5235,2026-09-29T10:52:30.242228+00:00
Greenbook NAFDAC,4611,6398,Miraflash Vitamin C##,1,Drugs,"{'id': 1, 'name': 'Drugs', 'created_at': '-000001-11-30T00:00:00.000000Z', 'updated_at': '2022-03-17T16:53:12.000000Z', 'deleted_at': None}",346,Ascorbic Acid,Vitamin C,A11-100589,1,Tablet,1,Oral,100 mg,231,Miraflash Nig Ltd,2023-10-31,2028-10-30,Active,"Tablet
White to off-white convex tablets

9	NF-HN-242874	MIRAFLASH VITAMIN C	ASCORBIC ACID TABLETS B.P		A11-100589	Drugs	Nigerian Products	1OOMG		12/17/2021	MIRAFLASH NIG LTD, 2-8, SUCCESS ESTATE, OFF BRENTFIELD AVENUE, OKE AFA MAGBORO, OGUN OGUN	18192902	tollyrock@yahoo.com	NEROS PHARMACEUTICALS LTD, PLOT 3,NEROS PHARMA AVENUE,KM 38, LAGOS ABEOKUTA EXPRESSWAY,BY SINGER BUSSTOP, SANGO OTA,OGUN STATE,NIGERIA, Nigeria",1 x 100&#039;s (in plastic container),"Each tablet contains: Ascorbic Acid 100 mg
Excipient(s) with known effect: Lactose Monohydrate
Excipients q.s.",https://admin.greenbook.nafdac.gov.ng/uploadImage/smpc_files/2023/11/11/20231111bfaab001-20bc-53f4-a80e-a85b3668dfa1.pdf,A11GA01,https://greenbook.nafdac.gov.ng/products/details/6398,2026-09-29T10:52:30.242228+00:00
Greenbook NAFDAC,4612,5236,Miramox Capsules##,1,Drugs,"{'id': 1, 'name': 'Drugs', 'created_at': '-000001-11-30T00:00:00.000000Z', 'updated_at': '2022-03-17T16:53:12.000000Z', 'deleted_at': None}",1546,Amoxicillin (Amoxicillin Trihydrate),Amoxycillin,B4-5536,2,Capsule,1,Oral,500 mg,231,Miraflash Nig Ltd,2022-08-25,2027-08-24,Active,"Capsule
Maroon - yellow colored hard gelatin capsule contains white to off-white granular powder filled in size &quot;0&quot;

Miramox Capsules	B4-5536	Miramox	AMOXYCILLIN 		ANTIBIOTICS	AMOXYCILLIN 500MG	CAPSULES 	10 X 10	PRESCRIPTION ONLY MEDICINE	TREATMENT OF SUSCEPTIBLE BACTERIA INFECTIONS	MIRAFLASH NIGERIA LIMITED	NIGERIA	MIRAFLASH NIGERIA LIMITED	NIGERIA	08/25/2022	08/24/2027",10 x 10&#039;s (in PVC-Alu blister),"Each capsule contains: Amoxcillin (as Amoxicillin Trihydrate) 500 mg
Excipients q.s.",https://admin.greenbook.nafdac.gov.ng/uploadImage/smpc_files/2023/10/21/20231021b0829eac-fc96-58a4-8a58-f11b9d170ab6.pdf,J01CA04,https://greenbook.nafdac.gov.ng/products/details/5236,2026-09-29T10:52:30.242228+00:00
Greenbook NAFDAC,4613,5238,Mirapicin Capsules##,1,Drugs,"{'id': 1, 'name': 'Drugs', 'created_at': '-000001-11-30T00:00:00.000000Z', 'updated_at': '2022-03-17T16:53:12.000000Z', 'deleted_at': None}",424,Ampicillin (Ampicillin Trihydrate),, 04-6868,2,Capsule,1,Oral,125 mg/5 mL,231,Miraflash Nig Ltd,2022-09-29,2027-09-28,Active,"Capsule

Mirapicin Capsules	04-6868	Mirapicin	AMPICILLIN 		ANTIBIOTICS	AMPICILLIN 125MG/5ML	SUSPENSION	X 100ML	PRESCRIPTION ONLY MEDICINE	TREATMENT OF SUSCEPTIBLE BACTERIA INFECTIONS	MIRAFLASH NIGERIA LIMITED	NIGERIA	MIRAFLASH NIGERIA LIMITED	NIGERIA	09/29/2022	09/28/2027
",1 x 100 mL,Each 5 mL contains: Ampicillin (as Ampicillin Trihydrate) 125 mg,,J01CA01,https://greenbook.nafdac.gov.ng/products/details/5238,2026-09-29T10:52:30.242228+00:00
Greenbook NAFDAC,4614,5239,Mirapicin Capsules##,1,Drugs,"{'id': 1, 'name': 'Drugs', 'created_at': '-000001-11-30T00:00:00.000000Z', 'updated_at': '2022-03-17T16:53:12.000000Z', 'deleted_at': None}",424,Ampicillin (Ampicillin Trihydrate),,B4-5538,2,Capsule,1,Oral,250 mg,231,Miraflash Nig Ltd,2022-08-25,2027-08-24,Active,"Capsule

Mirapicin Capsules	B4-5538	Mirapicin	AMPICILLIN 		ANTIBIOTICS	AMPICILLIN 250MG	CAPSULES	10 X 10	PRESCRIPTION ONLY MEDICINE	TREATMENT OF SUSCEPTIBLE BACTERIA INFECTIONS	MIRAFLASH NIGERIA LIMITED	NIGERIA	MIRAFLASH NIGERIA LIMITED	NIGERIA	08/25/2022	08/24/2027",10 x 10&#039;s (in PVC-Alu blisters),"Each capsule contains: Ampicillin 250 mg
Excipients q.s.",https://admin.greenbook.nafdac.gov.ng/uploadImage/smpc_files/2023/10/21/202310211260090b-261f-5945-a929-5d344a883fef.pdf,J01CA01,https://greenbook.nafdac.gov.ng/products/details/5239,2026-09-29T10:52:30.242228+00:00
Greenbook NAFDAC,4615,5237,Mirapicin Capsules## (duplicate),1,Drugs,"{'id': 1, 'name': 'Drugs', 'created_at': '-000001-11-30T00:00:00.000000Z', 'updated_at': '2022-03-17T16:53:12.000000Z', 'deleted_at': None}",424,Ampicillin (Ampicillin Trihydrate),, 04-6868,2,Capsule,1,Oral,125 mg/5 mL,231,Miraflash Nig Ltd,2022-09-29,2027-09-28,Active,"Mirapicin Capsules	04-6868	Mirapicin	AMPICILLIN 		ANTIBIOTICS	AMPICILLIN 125MG/5ML	SUSPENSION	X 100ML	PRESCRIPTION ONLY MEDICINE	TREATMENT OF SUSCEPTIBLE BACTERIA INFECTIONS	MIRAFLASH NIGERIA LIMITED	NIGERIA	MIRAFLASH NIGERIA LIMITED	NIGERIA	09/29/2022	09/28/2027
",1 X 100ML,,,J01CA01,https://greenbook.nafdac.gov.ng/products/details/5237,2026-09-29T10:52:30.242228+00:00
Greenbook NAFDAC,4616,5240,Miraxim Capsules##,1,Drugs,"{'id': 1, 'name': 'Drugs', 'created_at': '-000001-11-30T00:00:00.000000Z', 'updated_at': '2022-03-17T16:53:12.000000Z', 'deleted_at': None}",456,Cefuroxime (Cefuroxime Axetil),,B4-5537,2,Capsule,1,Oral,250 mg,231,Miraflash Nig Ltd,2022-08-25,2027-08-24,Active,"Capsule
White colored hard gelatin capsule contains white granular powder

Miraxim Capsules	B4-5537	Miraxim	CEFUROXIME 		ANTIBIOTICS	CEFUROXIME 250MG	CAPSULES 	1 X 10	PRESCRIPTION ONLY MEDICINE	TREATMENT OF SUSCEPTIBLE BACTERIA INFECTIONS	MIRAFLASH NIGERIA LIMITED	NIGERIA	MIRAFLASH NIGERIA LIMITED	NIGERIA	08/25/2022	08/24/2027",1 x 10&#039;s (in PVC-Alu blisters),"Each capsule contains: Cefuroxime (as Cefuroxime Axetil) 20 mg
Excipients q.s.",https://admin.greenbook.nafdac.gov.ng/uploadImage/smpc_files/2023/10/21/20231021b1a80c5e-ccad-59fb-be02-08363f1fb85a.pdf,J01DC02,https://greenbook.nafdac.gov.ng/products/details/5240,2026-09-29T10:52:30.242228+00:00
Greenbook NAFDAC,4617,5241,Miraxim Suspension##,1,Drugs,"{'id': 1, 'name': 'Drugs', 'created_at': '-000001-11-30T00:00:00.000000Z', 'updated_at': '2022-03-17T16:53:12.000000Z', 'deleted_at': None}",456,Cefuroxime (Cefuroxime Axetil),,B4-5533,102,Suspension,1,Oral,125 mg/5 mL,231,Miraflash Nig Ltd,2022-08-25,2027-08-24,Active,"Suspension

Miraxim Suspension	B4-5533	Miraxim	CEFUROXIME 		ANTIBIOTICS	CEFUROXIME 125MG/5ML	SUSPENSION 	X 100ML	PRESCRIPTION ONLY MEDICINE	TREATMENT OF SUSCEPTIBLE BACTERIA INFECTIONS	MIRAFLASH NIGERIA LIMITED	NIGERIA	MIRAFLASH NIGERIA LIMITED	NIGERIA	08/25/2022	08/24/2027
",1 x 100 mL (in HDPE container),"Each 5 mL contains: Cefuroxime (as Cefuroxime Axetil) 5 mL
Excipients q.s.",https://admin.greenbook.nafdac.gov.ng/uploadImage/smpc_files/2023/10/21/20231021ca017d80-a60f-57c8-abee-9a903c0bf5c0.pdf,J01DC02,https://greenbook.nafdac.gov.ng/products/details/5241,2026-09-29T10:52:30.242228+00:00
Greenbook NAFDAC,4618,10277,Mirtazapine 15 mg Tablets##,1,Drugs,"{'id': 1, 'name': 'Drugs', 'created_at': '-000001-11-30T00:00:00.000000Z', 'updated_at': '2022-03-17T16:53:12.000000Z', 'deleted_at': None}",1943,Mirtazapine,,C4-1801,1,Tablet,1,Oral,15 mg,722,SK Medicines Limited,2021-08-03,2026-08-02,Inactive,Tablet																																																																																																																																																																																																																																																																																																																																																																																																																																																																																																																																																										,2 x 14&#039;s,Each tablet contains: Mirtazapine 15 mg,,,https://greenbook.nafdac.gov.ng/products/details/10277,2026-09-29T10:52:30.242228+00:00
Greenbook NAFDAC,4619,10278,Mirtazapine 30 mg Tablets##,1,Drugs,"{'id': 1, 'name': 'Drugs', 'created_at': '-000001-11-30T00:00:00.000000Z', 'updated_at': '2022-03-17T16:53:12.000000Z', 'deleted_at': None}",1943,Mirtazapine,,C4-1802,1,Tablet,1,Oral,30 mg,722,SK Medicines Limited,2021-08-03,2026-08-02,Inactive,Tablet																																																																																																																																																																																																																																																																																																																																																																																																																																																																																																																																																										,2 x 14&#039;s,Each tablet contains: Mirtazapine 30 mg,,,https://greenbook.nafdac.gov.ng/products/details/10278,2026-09-29T10:52:30.242228+00:00
Greenbook NAFDAC,4620,10279,Mirtazapine 45 mg Tablets##,1,Drugs,"{'id': 1, 'name': 'Drugs', 'created_at': '-000001-11-30T00:00:00.000000Z', 'updated_at': '2022-03-17T16:53:12.000000Z', 'deleted_at': None}",1943,Mirtazapine,,C4-1871,1,Tablet,1,Oral,45 mg,722,SK Medicines Limited,2021-09-28,2026-09-27,Inactive,Tablet,2 x 14&#039;s,Each tablet contains: Mirtazapine 45 mg,,,https://greenbook.nafdac.gov.ng/products/details/10279,2026-09-29T10:52:30.242228+00:00
Greenbook NAFDAC,4621,362,Misinac##,1,Drugs,"{'id': 1, 'name': 'Drugs', 'created_at': '-000001-11-30T00:00:00.000000Z', 'updated_at': '2022-03-17T16:53:12.000000Z', 'deleted_at': None}",1125,Diclofenac Potassium,,B4-3099,1,Tablet,1,Oral,50 mg,489,Nkoyo Chemists Ltd,2021-06-24,2026-06-23,Inactive,"Film Coated Tablet
Multicolor circular shape, biconvex uncoated tablets having embossing “Diclo 50” on one side and &quot;Maxheal&quot; on other side",1 x 12&#039;s (in PVC-Alu blisters),"Each tablet contains: Diclofenac Potassium 50 mg
Excipients q.s.",https://admin.greenbook.nafdac.gov.ng/uploadImage/smpc_files/2024/10/24/202410242e9e0b6b-4546-5f57-b113-00c3e016e256.pdf,M01AB05,https://greenbook.nafdac.gov.ng/products/details/362,2026-09-29T10:52:30.242228+00:00
Greenbook NAFDAC,4622,8793,Mislem Tramadol 100 mg Capsules**,1,Drugs,"{'id': 1, 'name': 'Drugs', 'created_at': '-000001-11-30T00:00:00.000000Z', 'updated_at': '2022-03-17T16:53:12.000000Z', 'deleted_at': None}",56,Tramadol Hydrochloride,,A4-101094,2,Capsule,1,Oral,100 mg,1630,Mislem Pharmaceutical Limited,2024-11-22,2029-11-21,Active,"Hard gelatin capsule.
A Green/Yellow hard gelatin capsule shell having size &quot;4&quot; containing white powder",20 x 10&#039;s (in Alu-PVC blisters),"Each hard gelatin capsule contains: Tramadol Hydrochloride BP 100 mg, Excipients q.s.",https://admin.greenbook.nafdac.gov.ng/uploadImage/smpc_files/2024/12/18/20241218a6955f74-a457-5243-aa63-f2b1cb781749.pdf,N02AX02,https://greenbook.nafdac.gov.ng/products/details/8793,2026-09-29T10:52:30.242228+00:00
Greenbook NAFDAC,4623,3428,Miso-Fem Tablet**,1,Drugs,"{'id': 1, 'name': 'Drugs', 'created_at': '-000001-11-30T00:00:00.000000Z', 'updated_at': '2022-03-17T16:53:12.000000Z', 'deleted_at': None}",175,Misoprostol,,B4-3625,1,Tablet,1,Oral,200 mcg,1095,Deep K. Tyagi Foundation Nigeria,2021-03-29,2026-03-28,Inactive,"Uncoated Tablets.
White to off-white, round, biconvex, scored on one side, plain on other side &amp; uncoated tablets",1 x 4&#039;s; 3 x 4&#039;s; 1 x 12&#039;s; 6 x 12&#039;s; 10 x 4&#039;s; 100 x 4&#039;s (in blisters),Each uncoated tablet contains: Misoprostol Dispersion USP 20 mg (as 1% HPMC Dispersion) equiv. to Misoprostol USP 200 mcg,https://admin.greenbook.nafdac.gov.ng/uploadImage/smpc_files/2025/07/12/202507125b313bc4-7a37-5dba-9578-72ab74fb8882.pdf,G02AD06,https://greenbook.nafdac.gov.ng/products/details/3428,2026-09-29T10:52:30.242228+00:00
Greenbook NAFDAC,4624,10777,Misoclear 200 mcg Tablet##,1,Drugs,"{'id': 1, 'name': 'Drugs', 'created_at': '-000001-11-30T00:00:00.000000Z', 'updated_at': '2022-03-17T16:53:12.000000Z', 'deleted_at': None}",175,Misoprostol,,A4-6446,1,Tablet,1,Oral,200 mcg,1327,MSI Nigeria Reproductive Choices Ltd/Gte,2024-07-31,2029-07-30,Active,"Tablet
White to off-white, round, biconvex, uncoated tablets, plain on one side and cross break line on other side",1 x 3&#039;s; 1 x 10&#039;s (in Alu-Alu blisters),"Each uncoated tablet contains: Misoprostol 200 mcg (as 1% HPMC Dispersion of Misoprostol)
Excipients q.s.",https://admin.greenbook.nafdac.gov.ng/uploadImage/smpc_files/2024/09/16/202409164dea916b-6448-52d7-9f30-ea59a9cbb15b.pdf,G02AD06,https://greenbook.nafdac.gov.ng/products/details/10777,2026-09-29T10:52:30.242228+00:00
Greenbook NAFDAC,4625,11249,Misofree Tablet**,1,Drugs,"{'id': 1, 'name': 'Drugs', 'created_at': '-000001-11-30T00:00:00.000000Z', 'updated_at': '2022-03-17T16:53:12.000000Z', 'deleted_at': None}",175,Misoprostol,,C4-1140,1,Tablet,1,Oral,200 mcg,374,Aquatix Pharmaceuticals Limited,2024-11-22,2029-11-21,Active,"Uncoated Tablet.
White to off white color capsule shape biconvex tablet having break line on upper side and plain on other side",1 x 4&#039;s (in blister),"Each uncoated tablet contains: Misoprostol USP 200 mcg (1% HPMC Dispersion), Excipients q.s.",https://admin.greenbook.nafdac.gov.ng/uploadImage/smpc_files/2024/12/19/2024121909e4fdd2-6973-5ebb-ae5c-be96d60eb2db.pdf,A02BB01,https://greenbook.nafdac.gov.ng/products/details/11249,2026-09-29T10:52:30.242228+00:00
Greenbook NAFDAC,4626,751,Misofree Tablets**,1,Drugs,"{'id': 1, 'name': 'Drugs', 'created_at': '-000001-11-30T00:00:00.000000Z', 'updated_at': '2022-03-17T16:53:12.000000Z', 'deleted_at': None}",175,Misoprostol,,C4-1140,1,Tablet,1,Oral,200 mcg,374,Aquatix Pharmaceuticals Limited,2020-11-10,2025-11-09,Inactive,"Uncoated Tablet.
White to off white color capsule shape biconvex tablet having break line on upper side and plain on other side ",1 x 4&#039;s (in blister),"Each uncoated tablet contains: Misoprostol USP 200 mcg (1% HPMC Dispersion), Excipients q.s. ",https://admin.greenbook.nafdac.gov.ng/uploadImage/smpc_files/2025/04/08/202504089390f018-9296-5ec9-ad6f-12599f930b10.pdf,A02BB01,https://greenbook.nafdac.gov.ng/products/details/751,2026-09-29T10:52:30.242228+00:00
Greenbook NAFDAC,4627,10791,Misone-N Cream##,1,Drugs,"{'id': 1, 'name': 'Drugs', 'created_at': '-000001-11-30T00:00:00.000000Z', 'updated_at': '2022-03-17T16:53:12.000000Z', 'deleted_at': None}",1114,Beclometasone; Miconazole; Neomycin,,A4-101024,4,Cream,21,Topical,0.025%; 2%; 0.5%,308,Teta Pharmaceuticals Nig Ltd,2024-09-25,2029-09-24,Active,"Ointment in Collapsible Tube

16	NF-PP-347750	MISONE-N CREAM	BECLOMETHASONE DIPROPIONATE BP 0.025% W/W, MICONAZOLE NITRATE BP 2% W/W, NEOMYCIN SULPHATE BP 0.5% W/W	MICONAZOLE NITRATE BP 2% W/W, NEOMYCIN SULPHATE BP 0.5% W/W, BECLOMETHASONE DIPROPIONATE BP 0.025% W/W, CREAM BASE QS	A4-101024	Drugs	Imported Products	30g	Over The Counter (OTC)	8/16/2023	TETA PHARMACEUTICALS NIG LTD, PLOT A28, MOKOLA EXTENSION, IBADAN	8023176919	tetapharm@yahoo.com	CURIS LIFESCIENCES PVT LTD, PF-23, GIDC IND EST SANAND II, SANAND, AHMEDABAD, GUJARAT, INDIA, India			",1 x 30 g (in a tube),"Each tablet contains: Beclomethasone Dipropionate BP 0.025% w/w, Miconazole Nitrate Bp 2% w/w, Neomycin Sulphate BP 0.5% w/w
Excipients: Chlorocresol, White Soft Paraffin, Liquid Paraffin, Sodium Acid Phosphate, Phosphoric Acid, Sodium Hydroxide, Purified Water",https://admin.greenbook.nafdac.gov.ng/uploadImage/smpc_files/2024/11/03/2024110348f885d2-e814-5a75-8e76-5c8b6037fc0a.pdf,D07CC04,https://greenbook.nafdac.gov.ng/products/details/10791,2026-09-29T10:52:30.242228+00:00
Greenbook NAFDAC,4628,10280,Misoprostol 200 mcg Tablet##,1,Drugs,"{'id': 1, 'name': 'Drugs', 'created_at': '-000001-11-30T00:00:00.000000Z', 'updated_at': '2022-03-17T16:53:12.000000Z', 'deleted_at': None}",175,Misoprostol,,C4-1588,1,Tablet,1,Oral,200 mcg,253,Onifam Laboratories Limited,2021-02-25,2026-02-24,Inactive,Film Coated Tablet,1 x 10&#039;s (in PVC-Alu blister),"Each film-coated tablet contains: Misoprostol USP 200 mcg
Excipients q.s.",https://admin.greenbook.nafdac.gov.ng/uploadImage/smpc_files/2024/07/22/20240722d11810ca-3cbe-5171-b1ea-4d3b0617ce8b.pdf,A02BB01,https://greenbook.nafdac.gov.ng/products/details/10280,2026-09-29T10:52:30.242228+00:00
Greenbook NAFDAC,4629,6304,Mission B-Complex Injection## (strength format),1,Drugs,"{'id': 1, 'name': 'Drugs', 'created_at': '-000001-11-30T00:00:00.000000Z', 'updated_at': '2022-03-17T16:53:12.000000Z', 'deleted_at': None}",1643,Thiamine Hydrochloride; Riboflavin; Pyridoxine Hydrochloride; Niacinamide,,B4-4020,40,Injection,9,Intramuscular,10mg; 0.5mg; 1mg; 10mg,220,Mark Pharmaceutical Limited,2021-08-26,2026-08-25,Inactive,"Injection

784	Thiamine Hcl 10 mg, Riboflavin 0.5 mg, Pyridoxine Hcl 1 mg,Niacinamide 10 mg	B4-4020	Mission B-Complex Injection	Thiamine Hcl, Riboflavin, Pyridoxine Hcl, Niacinamide 	Vitamins	Intramuscular Route	10 mg, 0.5 mg, 1 mg, 10 mg	Injection	Prescription Only Medicine (Pom)	Mark Pharm Ltd	Nitin Lifesciences Limited	India	2021-08-26	2026-08-25",,"Mission B-Complex Injection contains: Thiamine Hydrochloride 10 mg, Riboflavin 0.5 mg, Pyridoxine Hydrochloride 1 mg, Niacinamide 10 mg",,A11EA,https://greenbook.nafdac.gov.ng/products/details/6304,2026-09-29T10:52:30.242228+00:00
Greenbook NAFDAC,4630,10792,Mist Magnesium Trisilicate Suspension_,1,Drugs,"{'id': 1, 'name': 'Drugs', 'created_at': '-000001-11-30T00:00:00.000000Z', 'updated_at': '2022-03-17T16:53:12.000000Z', 'deleted_at': None}",167,Magnesium trisilicate; Magnesium carbonate; Sodium bicarbonate,,04-3412,102,Suspension,1,Oral,250 mg; 250 mg; 250 mg,559,Tuyil Pharmaceutical Industries Ltd,2024-08-28,2029-08-27,Active,"Mixture.
A white viscous suspension with a characteristic odour.

11	RNW-PP-407875	MIST MAGNESIUM TRISILICATE SUSPENSION	MAGNESIUM TRISILACATE + LIGHT MAGNESIUM CARBONATE + SODIUM BICARBONATE	MAGNESIUM TRISCILICATE BP 250MG LIGHT MAGNESIUM CARBONATE BP 250MG SODIUM BICARBONATE BP 250MG/5ML	Apr-12	Drugs	Nigerian Products	100ML	OTC	3/15/2024	TUYIL PHARMACEUTICAL INDUSTRIES LTD, , M.M WAY ILORIN KWARA	8033565739	tuyilpharma18@gmail.com	Tuyil Pharmaceutical Industries Limited, 22, New Yidi Road, Ilorin, Kwara State., Nigeria",100 mL ( in transparent PET bottle),"Each 5 mL contains: Magnesium Trisilicate BP 250 mg, Light Magnesium Carbonate BP 250 mg, and Sodium Bicarbonate BP 250 mg",https://admin.greenbook.nafdac.gov.ng/uploadImage/smpc_files/2024/09/29/202409291be61349-4aaf-59cd-96eb-eb43b0e091df.pdf,A02AA,https://greenbook.nafdac.gov.ng/products/details/10792,2026-09-29T10:52:30.242228+00:00
Greenbook NAFDAC,4631,10793,Mistol Tablet 200 Mcg_,1,Drugs,"{'id': 1, 'name': 'Drugs', 'created_at': '-000001-11-30T00:00:00.000000Z', 'updated_at': '2022-03-17T16:53:12.000000Z', 'deleted_at': None}",175,Misoprostol,,A4-5922,1,Tablet,1,Oral,200 mcg,171,Society for Family Health,2024-02-28,2029-02-27,Active,"Uncoated tablets.
White to off-white, round, biconvex, uncoated tablets, plain on one side and cross break line on other side.

39	RNW-PP-347130	MISTOL TABLET (200mcg)	MISOPROSTOL 200mcg	Misoprostol 200mcg	A4-5922	Drugs	Imported Products	1x3,1x10	Prescription Only Medicine (POM)	8/2/2023	SOCIETY FOR FAMILY HEALTH, PORTHARCOURT CRESCENT GIMBIYA AREA 11 ABUJA FCT	8173271337	ooyindamola@sfhnigeria.org	ACME FORMULATION PVT LTD, Ropar road, Nalagarh, Dist. Solan, Himachal Pradesh - 174101, India","1 x 3&#039;s,1 x 10&#039;s (in Alu Alu blisters)","Each Uncoated tablet contains: Misoprostol IH 200 mcg
Excipients q.s. ",https://admin.greenbook.nafdac.gov.ng/uploadImage/smpc_files/2024/03/26/2024032634b6e4fc-2d63-58f7-91b1-4927ec030408.pdf,G02AD06,https://greenbook.nafdac.gov.ng/products/details/10793,2026-09-29T10:52:30.242228+00:00
Greenbook NAFDAC,4632,10794,Mitide Tablets_,1,Drugs,"{'id': 1, 'name': 'Drugs', 'created_at': '-000001-11-30T00:00:00.000000Z', 'updated_at': '2022-03-17T16:53:12.000000Z', 'deleted_at': None}",740,Bicalutamide,,B4-3936,1,Tablet,1,Oral,50 mg,219,Manola Pharmaceuticals Limited,2024-08-28,2029-08-27,Active,"Film-coated Tablets.
Yellow coloured, round-shaped biconvex tablet, both sides plain.

MITIDE TABLETS	BICALUTAMIDE TABLETS USP 50MG	BICALUTAMIDE USP 50MG Q.S.	B4-3936	Drugs	Imported Products	1X30	Prescription Only Medicine (POM)	03/12/2023	MANOLA PHARMACEUTICALS LTD, BLOCK 89A, OBA KAYODE AKNYEMI WAY, AMUWO ODOFIN LAGOS LAGOS LAGOS	8103078742	regulatorymanola@gmail.com	NAPROD LIFE SCIENCES PVT. LTD, G-17/1, M.I.D.C., BOISAR THANE, INDIA, India",1 x 30&#039;s (in blisters or HDPE bottle),"Each film-coated tablet contains: Bicalutamide USP 50 mg
Excipients q.s ",https://admin.greenbook.nafdac.gov.ng/uploadImage/smpc_files/2024/09/12/202409125a0c8a28-1231-5ac6-a611-3dc2bba5eb38.pdf,L02BB03,https://greenbook.nafdac.gov.ng/products/details/10794,2026-09-29T10:52:30.242228+00:00
Greenbook NAFDAC,4633,752,Mixanal Caplet##,1,Drugs,"{'id': 1, 'name': 'Drugs', 'created_at': '-000001-11-30T00:00:00.000000Z', 'updated_at': '2022-03-17T16:53:12.000000Z', 'deleted_at': None}",1365,Paracetamol; Guaranine,,04-4184,108,Caplet,1,Oral,500 mg; 30 mg,254,Orange Drug Ltd,2021-05-27,2026-05-26,Inactive,"Caplet
White with red spot and specific odor, caplet no. 2, with “D/K” emboss on one side and &quot;MXL&quot; emboss on the other side with unidirectional position ",25 x 4&#039;s (in strips),"Each caplet contains: Paracetamol 500 mg, Guaranine 30 mg
Excipients q.s.",https://admin.greenbook.nafdac.gov.ng/uploadImage/smpc_files/2023/05/29/202305294a109916-1703-538e-be12-ca16676232b1.pdf,N02BE51,https://greenbook.nafdac.gov.ng/products/details/752,2026-09-29T10:52:30.242228+00:00
Greenbook NAFDAC,4634,10795,Mobitin Syrup**,1,Drugs,"{'id': 1, 'name': 'Drugs', 'created_at': '-000001-11-30T00:00:00.000000Z', 'updated_at': '2022-03-17T16:53:12.000000Z', 'deleted_at': None}",413,Chlorphenamine Maleate,Chlorpheniramine Maleate,A11-0115,103,Syrup,1,Oral,2 mg/5 mL,221,May &amp; Baker Nigeria PLC,2022-01-27,2026-01-26,Inactive,"Syrup
An amber or brownish yellow syrup",1 x 60 mL (in amber glass bottle),"Each 5 mL syrup contains: Chlorpheniramine Maleate 2 mg

Excipients:
Granulated Sugar, Sodium Benzoate, Methyl Hydroxybenzoate, Citric Acid, Sodium Citrate, Sodium CMC Caramel, Sweet Orange Flavour, Purified Water",https://admin.greenbook.nafdac.gov.ng/uploadImage/smpc_files/2025/01/20/202501203261e119-004a-5915-aa1f-14c2ffb29f92.pdf,R06AB04,https://greenbook.nafdac.gov.ng/products/details/10795,2026-09-29T10:52:30.242228+00:00
Greenbook NAFDAC,4635,3667,Moclopin-100 Tablets##,1,Drugs,"{'id': 1, 'name': 'Drugs', 'created_at': '-000001-11-30T00:00:00.000000Z', 'updated_at': '2022-03-17T16:53:12.000000Z', 'deleted_at': None}",11,Clozapine,,C4-1477,1,Tablet,1,Oral,100 mg,230,Micro Nova Pharmaceuticals Ind Ltd,2020-12-21,2025-12-20,Inactive,Tablet,,Each tablet contains: Clozapine 100 mg,,N05AH02,https://greenbook.nafdac.gov.ng/products/details/3667,2026-09-29T10:52:30.242228+00:00
Greenbook NAFDAC,4636,3668,Moclopin-25 Tablets##,1,Drugs,"{'id': 1, 'name': 'Drugs', 'created_at': '-000001-11-30T00:00:00.000000Z', 'updated_at': '2022-03-17T16:53:12.000000Z', 'deleted_at': None}",11,Clozapine,,C4-1478,1,Tablet,1,Oral,25 mg,230,Micro Nova Pharmaceuticals Ind Ltd,2020-12-21,2025-12-20,Inactive,Tablet,,Each tablet contains: Clozapine 25 mg,,N05AH02,https://greenbook.nafdac.gov.ng/products/details/3668,2026-09-29T10:52:30.242228+00:00
Greenbook NAFDAC,4637,12240,Modia Loperamide 2 mg Capsules_,1,Drugs,"{'id': 1, 'name': 'Drugs', 'created_at': '-000001-11-30T00:00:00.000000Z', 'updated_at': '2022-03-17T16:53:12.000000Z', 'deleted_at': None}",195,Loperamide Hydrochloride,,A4-101597,2,Capsule,1,Oral,2 mg,1724,Medplus Limited,2025-10-29,2030-10-28,Active,Hard Gelatin Capsule,1 x 10&#039;s,"Each hard gelatin capsule contains: Loperamide Hydrochloride 2 mg

Excipients: q.s.",https://admin.greenbook.nafdac.gov.ng/uploadImage/smpc_files/2025/12/09/202512096dc2c238-63ef-51ed-871a-846dfa91882a.pdf,A07DA03,https://greenbook.nafdac.gov.ng/products/details/12240,2026-09-29T10:52:30.242228+00:00
Greenbook NAFDAC,4638,12241,Modia Loperamide 2 mg Orodispersible Tablets_,1,Drugs,"{'id': 1, 'name': 'Drugs', 'created_at': '-000001-11-30T00:00:00.000000Z', 'updated_at': '2022-03-17T16:53:12.000000Z', 'deleted_at': None}",195,Loperamide Hydrochloride,,A4-101598,65,Orodispersible tablet,1,Oral,2 mg,1724,Medplus Limited,2025-10-29,2030-10-28,Active,Orodispersible Tablet,1 x 10&#039;s (in blister),"Each uncoated orodispersible tablet contains: Loperamide Hydrochloride 2 mg

Excipients: q.s.",https://admin.greenbook.nafdac.gov.ng/uploadImage/smpc_files/2025/12/09/20251209640bf811-5aec-5f77-9ed8-3f21fc127e02.pdf,A07DA03,https://greenbook.nafdac.gov.ng/products/details/12241,2026-09-29T10:52:30.242228+00:00
Greenbook NAFDAC,4639,10282,Modutab Tablets##,1,Drugs,"{'id': 1, 'name': 'Drugs', 'created_at': '-000001-11-30T00:00:00.000000Z', 'updated_at': '2022-03-17T16:53:12.000000Z', 'deleted_at': None}",234,Amiloride Hydrochloride; Hydrochlorothiazide,,A4-3025,1,Tablet,1,Oral,5 mg; 50 mg,253,Onifam Laboratories Limited,2021-05-07,2026-05-06,Inactive,Tablet,3 x 10&#039;s,"Each tablet contains: Amiloride 5 mg, Hydrochlorothiazide 50 mg",,C03EA01,https://greenbook.nafdac.gov.ng/products/details/10282,2026-09-29T10:52:30.242228+00:00
Greenbook NAFDAC,4640,6011,Mofenac Eye Drops##,1,Drugs,"{'id': 1, 'name': 'Drugs', 'created_at': '-000001-11-30T00:00:00.000000Z', 'updated_at': '2022-03-17T16:53:12.000000Z', 'deleted_at': None}",77,Diclofenac Sodium,,A4-8418,24,Eye drops,15,Ophthalmic,0.1%,293,SKT Healthcare Pharmaceuticals Ltd,2023-08-31,2028-08-30,Active,"Eye Drops
Clear colorless solution filled in 10 mL plastic vials

MOFENAC EYE DROPS	DICLOFENAC SODIUM 0.1%W/V	Diclofenac sodium 0.1%w/v Excipients: Sodium metabisulphite, EDTA Di-Sodium, Sorbic Acid, Boric Acid, Borax, P.E.G -400	A4-8418	Drugs	Imported Products	1*10ml	Prescription Only Medicine (POM)	19/04/2022	SKT HEALTHCARE PHARMACEUTICALS LTD, OGUNLOWO ST OFF AWOLOWO WAY IKEJA IKEJA LAGOS	14534862	info@sktpharma.com	NITIN LIFESCIENCES LIMITED, RAMPUR GHAT ROAD, PAONTA SAHIB,DISTRICT-SIRMOUR (H.P.)- 173 025, INDIA, India",1 x 10 mL vial,"Each mL contains: Diclofenac Sodium BP 0.1% w/v, Sorbic Acid 0.2% w/v
Sterile Aqueous Base q.s.",https://admin.greenbook.nafdac.gov.ng/uploadImage/smpc_files/2023/09/05/202309055c34fd20-df1e-5933-b6c5-dbc7f2d0d5c7.pdf,S01BC03,https://greenbook.nafdac.gov.ng/products/details/6011,2026-09-29T10:52:30.242228+00:00
Greenbook NAFDAC,4641,5645,Moloxan Eye Drops##,1,Drugs,"{'id': 1, 'name': 'Drugs', 'created_at': '-000001-11-30T00:00:00.000000Z', 'updated_at': '2022-03-17T16:53:12.000000Z', 'deleted_at': None}",1542,Moxifloxacin (Moxifloxacin Hydrochloride),,A4-8885,24,Eye drops,15,Ophthalmic,0.5%,293,SKT Healthcare Pharmaceuticals Ltd,2023-08-31,2028-08-30,Active,"Eye Drops
Clear slightly yellow to pale yellow colored solution filled in 10 mL plastic vials

MOLOXAN EYE DROPS	MOXIFLOXACIN	Moxifloxacin Ophthalmic Solution USP 0.5%w/v Excipients: Borax, Boric Acid, Sodium Chloride	A4-8885	Drugs	Imported Products	1x10	Prescription Only Medicine (POM)	30/01/2020	SKT HEALTHCARE PHARMACEUTICALS LTD, OGUNLOWO ST OFF AWOLOWO WAY IKEJA IKEJA LAGOS	14534862	info@sktpharma.com	NITIN LIFESCIENCES LIMITED, RAMPUR GHAT ROAD, PAONTA SAHIB,DISTRICT-SIRMOUR (H.P.)- 173 025, INDIA, India",1 x 10 mL vial,"Each mL contains: Moxifloxacin Hydrochloride USP equivalent to Moxifloxacin 0.5 % w/v, Sterile Aqueous Base q.s.
Excipients q.s.",https://admin.greenbook.nafdac.gov.ng/uploadImage/smpc_files/2023/09/05/20230905c696b6ec-dac5-5dda-b4e9-e10f9c1b3128.pdf,S01AE07,https://greenbook.nafdac.gov.ng/products/details/5645,2026-09-29T10:52:30.242228+00:00
Greenbook NAFDAC,4642,5657,Moloxidex Eye Drops##,1,Drugs,"{'id': 1, 'name': 'Drugs', 'created_at': '-000001-11-30T00:00:00.000000Z', 'updated_at': '2022-03-17T16:53:12.000000Z', 'deleted_at': None}",759,Dexamethasone; Moxifloxacin,,A4-8999,24,Eye drops,15,Ophthalmic,0.1%; 0.5%,293,SKT Healthcare Pharmaceuticals Ltd,2023-08-31,2028-08-30,Active,"Eye Drops
Pale yellow colored, clear solution filled in 5 mL plastic vials

MOLOXIDEX EYE DROPS	MOXIFLOXACIN+DEXAMETHASONE	Moxifloxacin 0.5%w/v and Dexamethasone 0.1%w/v. Excipients: Borax, Boric Acid, Sodium Chloride, Hydroxypropyl Betacyclodextrin, Benalkonium Chloride Solution	A4-8999	Drugs	Imported Products	1 X 5ml	Prescription Only Medicine (POM)	19/04/2022	SKT HEALTHCARE PHARMACEUTICALS LTD, OGUNLOWO ST OFF AWOLOWO WAY IKEJA IKEJA LAGOS	14534862	info@sktpharma.com	NITIN LIFESCIENCES LIMITED, RAMPUR GHAT ROAD, PAONTA SAHIB,DISTRICT-SIRMOUR (H.P.)- 173 025, INDIA, India",1 x 5 mL vial,"Each mL contains: Moxifloxacin Hydrochloride BP equivalent to Moxifloxacin 0.5% w/v, Dexamethasone sodium Phosphate USP equivalent to Dexamethasone Phosphate  0.1% w/v, Benzalkonium Chloride NF 0.01% w/v (as preservative), Sterile Aqueous Base q.s.
Excipients q.s.",https://admin.greenbook.nafdac.gov.ng/uploadImage/smpc_files/2023/09/05/202309053dc0c82e-82db-500b-b854-68e9b34358cd.pdf,S01CA01,https://greenbook.nafdac.gov.ng/products/details/5657,2026-09-29T10:52:30.242228+00:00
Greenbook NAFDAC,4643,10284,Momento Syrup**,1,Drugs,"{'id': 1, 'name': 'Drugs', 'created_at': '-000001-11-30T00:00:00.000000Z', 'updated_at': '2022-03-17T16:53:12.000000Z', 'deleted_at': None}",415,Desloratadine,,A4-9528,103,Syrup,1,Oral,2.5 mg/5 mL,265,Pharmadeal Nigeria Limited,2021-08-03,2026-08-02,Inactive,Syrup,1 x 60 mL,Each 5 mL contains: Desloratadine 2.5 mg,,R06AX27,https://greenbook.nafdac.gov.ng/products/details/10284,2026-09-29T10:52:30.242228+00:00
Greenbook NAFDAC,4644,6219,Momento Tablet**,1,Drugs,"{'id': 1, 'name': 'Drugs', 'created_at': '-000001-11-30T00:00:00.000000Z', 'updated_at': '2022-03-17T16:53:12.000000Z', 'deleted_at': None}",415,Desloratadine,,A4-3320,1,Tablet,1,Oral,5 mg,265,Pharmadeal Nigeria Limited,2023-04-26,2028-04-25,Active,Tablet,10 x 10&#039;s,Each tablet contains: Desloratadine 5 mg,https://admin.greenbook.nafdac.gov.ng/uploadImage/smpc_files/2023/09/29/202309298a7e6a6c-5afa-5166-85b9-409f3918aea1.pdf,R06AX27,https://greenbook.nafdac.gov.ng/products/details/6219,2026-09-29T10:52:30.242228+00:00
Greenbook NAFDAC,4645,950,Monacef 500 Capsules##,1,Drugs,"{'id': 1, 'name': 'Drugs', 'created_at': '-000001-11-30T00:00:00.000000Z', 'updated_at': '2022-03-17T16:53:12.000000Z', 'deleted_at': None}",437,Cefalexin,,A4-4110,2,Capsule,1,Oral,500 mg,451,Dony-Triumph and Company Nigeria Limited,2021-05-07,2026-05-06,Inactive,"Capsule
White body and green cap hard gelatin capsule containing white crystalline powder",1 x 10&#039;s (in PVC-Alu blisters),"Each hard gelatin capsule contains: Cefalexin Monohydrate BP equivalent to Anhydrous Cefalexin 500 mg
Excipients q.s.",https://admin.greenbook.nafdac.gov.ng/uploadImage/smpc_files/2023/05/29/20230529c761e5bc-2068-5514-a36c-ce60d856b706.pdf,J01DB01,https://greenbook.nafdac.gov.ng/products/details/950,2026-09-29T10:52:30.242228+00:00
Greenbook NAFDAC,4646,10095,Monamox 500 Capsules_,1,Drugs,"{'id': 1, 'name': 'Drugs', 'created_at': '-000001-11-30T00:00:00.000000Z', 'updated_at': '2022-03-17T16:53:12.000000Z', 'deleted_at': None}",1546,Amoxicillin (Amoxicillin Trihydrate),Amoxycillin,C4-0680,2,Capsule,1,Oral,500 mg,451,Dony-Triumph and Company Nigeria Limited,2024-08-28,2029-08-27,Active,"MONAMOX 500 CAPSULES	AMOXICILLIN 500MG	EACH CAPSULE CONTAINS AMOXICILLIN TRIHYDRATE EQ TO AMOXICLLIN 500MG EXCIPIENTS COLLODIAL SILICON DIOXIDE BP, SODIUM LAURYL SULPHATE BP, PURIFIED TALC AND MAGNESSIUM STEARATE BP	C4-0680	Drugs	Imported Products	10X10	POM 1	23/04/2024	DONY-TRIUMPH AND COMPANY NIGERIA LIMITED, I/I J POND STREET,HOUSING ESTATE FEGGE ONITSHA ANAMBRA STATE	80868969	donytrump15@yahoo.com	MEDICO REMEDIES PVT.LTD., 8&amp;9, DEWAN &amp; SONS UDYOG NAGAR, PALGHAR, MAHARASHTRA-401 404, INDIA., India",10 x 10&#039;s,Each capsule contains: Amoxicillin Trihydrate equiv. to Amoxicillin 500 mg,,J01CA04,https://greenbook.nafdac.gov.ng/products/details/10095,2026-09-29T10:52:30.242228+00:00
Greenbook NAFDAC,4647,5881,Monsteo Tablets##,1,Drugs,"{'id': 1, 'name': 'Drugs', 'created_at': '-000001-11-30T00:00:00.000000Z', 'updated_at': '2022-03-17T16:53:12.000000Z', 'deleted_at': None}",1125,Diclofenac Potassium,,B4-7320,1,Tablet,1,Oral,50 mg,708,Patricklingo Pharmaceuticals Limited,2023-03-28,2028-03-27,Active,"Tablet
Round, biconvex, film coated tablet having plain surface on both sides

54	RNW-PP-275849	MONSTEO TABLETS	DICLOFENAC POTASSIUM BP 50MG	ACTIVE INGREDIENT: Diclofenac Potassium BP 50mg LIST OF EXCIPIENTS: Silica colloidal anhydrous, Sodium starch glycollate, Povidone, Starch maize, Calcium hydrogen phosphate anhydrous, Magnesium stearate	B4-7320	Drugs	MUSCULO-SKELETAL SYSTEM	Imported Products	1*12	Prescription Only Medicine (POM)	1/27/2023	PATRICKLINGO PHARMACEUTICALS LIMITED, INNO UWAKWE STREET OKWE ASABA DELTA	8033629550	patricklingopharma@gmail.com	WINTECH PHARMACEUTICALS LTD , PLOT NO. 45-46, STICE, MUSALGAON, SINNER-422112 ( DISTRICT NASHIK), MAHARASHTRA, INDIA. , India									",1 x 12&#039;s (in blister),"Each film coated tablet contains: Diclofenac Potassium BP 50 mg
Excipients q.s.
Approved colors used",https://admin.greenbook.nafdac.gov.ng/uploadImage/smpc_files/2023/09/24/2023092439f3da90-6db1-5ed6-9b82-1ff1641d4199.pdf,M01AB05,https://greenbook.nafdac.gov.ng/products/details/5881,2026-09-29T10:52:30.242228+00:00
Greenbook NAFDAC,4648,10285,Montelukast Sodium USP 10 mg & Levocetrizine Hydrochloride 5 mg Tablet##,1,Drugs,"{'id': 1, 'name': 'Drugs', 'created_at': '-000001-11-30T00:00:00.000000Z', 'updated_at': '2022-03-17T16:53:12.000000Z', 'deleted_at': None}",418,Montelukast (Montelukast Sodium); Levocetirizine Dihydrochloride,,C4-1797,1,Tablet,1,Oral,10 mg; 5 mg,185,Global Organics Ltd,2021-08-03,2026-08-02,Inactive,"LUMIHALE + TABLETS 	MONTELUKAST SODIUM AND LEVOCETRIZINE HYDROCHLORIDE 	MONTELUKAST SODIUM 10MG AND LEVOCETRIZINE HYDROCHLORIDE 5MG	C4-1797	Drugs	Imported Product	3X10	28-01-2026	GLOBAL ORGANICS LTD, PLOT NO 868, KM 34 AJEGUNLE BUS-STOP, LAGOS ABEOKUTA EXPRESSWAY, LAGOS STATE.	017747123	info@globorg.net	DAGON PHARMACEUTICALS PVT LTD, AT BADDI- NALAGARH ROAD, VILLAGE AND POST-MANPURA, DIST.-SOLAN HIMACHAL PRADESH 174 101 INDIA. 
																																																																																																																																																																																																																																																																																																																																																																																																																																																																																																																																																																																						",3 x 10&#039;s,"Each tablet contains: Montelukast Sodium USP equivalent to Montelukast 10 mg, Levocetirizine Hydrochloride 5 mg",https://admin.greenbook.nafdac.gov.ng/uploadImage/smpc_files/2026/07/15/20260715915fefc1-9a31-5ea9-a03d-122a82fdfa03.pdf,R03DC53,https://greenbook.nafdac.gov.ng/products/details/10285,2026-09-29T10:52:30.242228+00:00
Greenbook NAFDAC,4649,10286,Montelukast Sodium USP 10 mg Tablet##,1,Drugs,"{'id': 1, 'name': 'Drugs', 'created_at': '-000001-11-30T00:00:00.000000Z', 'updated_at': '2022-03-17T16:53:12.000000Z', 'deleted_at': None}",396,Montelukast (Montelukast Sodium),,C4-1796,1,Tablet,1,Oral,10 mg,185,Global Organics Ltd,2021-08-03,2026-08-02,Inactive,"LUMIHALE 10	MONTELUKAST SODIUM 	MONTELUKAST SODIUM 10MG	C4-1796	Drugs	Imported Product	3X10	27-01-2026	GLOBAL ORGANICS LTD, PLOT NO 868, KM 34 AJEGUNLE BUS-STOP, LAGOS ABEOKUTA EXPRESSWAY, LAGOS STATE.	017747123	info@globorg.net	DAGON PHARMACEUTICALS PVT LTD , AT BADDI- NALAGARH ROAD, VILLAGE AND POST-MANPURA, DIST.-SOLAN HIMACHAL PRADESH 174 101 INDIA. 
																																																																																																																																																																																																																																																																																																																																																																																																																																																																																																									",3 x 10&#039;s,Each tablet contains: Montelukast Sodium USP equivalent to Montelukast Base 10 mg,https://admin.greenbook.nafdac.gov.ng/uploadImage/smpc_files/2026/07/15/20260715f4af82a5-5bf2-585c-8a54-c2244e116382.pdf,R03DC03,https://greenbook.nafdac.gov.ng/products/details/10286,2026-09-29T10:52:30.242228+00:00
Greenbook NAFDAC,4650,10287,Montelukast Sodium USP 4 mg Tablet##,1,Drugs,"{'id': 1, 'name': 'Drugs', 'created_at': '-000001-11-30T00:00:00.000000Z', 'updated_at': '2022-03-17T16:53:12.000000Z', 'deleted_at': None}",396,Montelukast (Montelukast Sodium),,C4-1795,1,Tablet,1,Oral,4 mg,185,Global Organics Ltd,2021-08-03,2026-08-02,Inactive,Tablet																																																																																																																																																																																																																																																																																																																																																																																																																																																																																																																																																															,3 x 10&#039;s,Each tablet contains: Montelukast Sodium USP equivalent to Montelukast Base 4 mg,,R03DC03,https://greenbook.nafdac.gov.ng/products/details/10287,2026-09-29T10:52:30.242228+00:00
Greenbook NAFDAC,4651,5242,Montiget 10 mg Tablet##,1,Drugs,"{'id': 1, 'name': 'Drugs', 'created_at': '-000001-11-30T00:00:00.000000Z', 'updated_at': '2022-03-17T16:53:12.000000Z', 'deleted_at': None}",396,Montelukast (Montelukast Sodium),,A4-8766,1,Tablet,1,Oral,10 mg,181,Getz Pharma Nigeria Limited,2023-05-25,2028-05-24,Active,"Tablet
Cream to light yellow colored square shaped film coated tablet having bisected line on one side and plain on other side

35	RNW-PP-305064	MONTIGET 10MG TABLET	MONTELUKAST SODIUM	MONTELUKAST SODIUM (DMF GRADE) 10.40MG; MICROCRYSTALLINE CELLULOSE (AVICEL PH-102) 51.0MG; LACTOSE MONOHYDRATE 104.60MG; HYDROXYPROPYL CELLULOSE (KLUCEL LF PHARMA) 4.0MG; PURIFIED WATER Q.S; CROSCARMELLOSE SODIUM 22.0MG; MICROCRYSTALLINE CELLULOSE (AVICEL PH-102) 15.0MG; MAGNESIUM STEARATE 2.0MG; OPADRY II YELLOW 85G32558- 6.0MG; PURIFIED TALC Q.S; PURIFIED WATER 30.0MG	A4-8766	Drugs	Imported Products	2*7,4*7	Prescription Only Medicine (POM)	1/9/2023	GETZ PHARMA NIGERIA LIMITED, PLOT 2, IJAODOLA CLOSE, OFF ADEYEMO ALAKIJA STREET, IKEJA GRA, LAGOS.	8165370750	nneka.obegolu@getzpharma.com	GETZ PHARMA (PRIVATE) LIMITED, 29 – 30/27, KORANGI INDUSTRIAL AREA,KARACHI-74900 PAKISTAN , Pakistan","2 x 7&#039;s, 4 x 7&#039;s (in Alu-Alu blisters)","Each film coated tablet contains: Montelukast Sodium equivalent to Montelukast 10 mg
Excipients q.s.",https://admin.greenbook.nafdac.gov.ng/uploadImage/smpc_files/2023/08/23/202308235b8e5f19-6eeb-5472-a1da-e21c0c720fcd.pdf, R03DC0,https://greenbook.nafdac.gov.ng/products/details/5242,2026-09-29T10:52:30.242228+00:00
Greenbook NAFDAC,4652,5243,Montiget 4 mg Tablet##,1,Drugs,"{'id': 1, 'name': 'Drugs', 'created_at': '-000001-11-30T00:00:00.000000Z', 'updated_at': '2022-03-17T16:53:12.000000Z', 'deleted_at': None}",396,Montelukast (Montelukast Sodium),,A4-0296,1,Tablet,1,Oral,4 mg,181,Getz Pharma Nigeria Limited,2023-05-25,2028-05-24,Active,"Tablet
Light pink to pink, round, biconvex shaped tablet engraved “GETZ” on one side and plain on other side

36	RNW-PP-305069	MONTIGET 4MG TABLET	MONTELUKAST SODIUM	MONTELUKAST SODIUM 4.16MG; HYDROXYPROPYL CELLULOSE (KLUCEL LF PHARM) 5.50MG; MICROCRYSTALLINE CELLULOSE (AVICEL PH-102 ) 59.80MG; MANNITOL 203MG; FERRIC OXIDE RED 0.04MG; CROSCARMELLOSE SODIUM 9.00MG; PURIFIED WATER - Q.S; ASPARTAME 1.50MG; CROSCAMELLOSE SODIUM 10.00MG; CHERRY FLAVOR 108B 3.0MG; MAGNESIUM STEARATE 3.0MG	A4-0296	Drugs	Imported Products	2*7,4*7	Prescription Only Medicine (POM)	1/9/2023	GETZ PHARMA NIGERIA LIMITED, PLOT 2, IJAODOLA CLOSE, OFF ADEYEMO ALAKIJA STREET, IKEJA GRA, LAGOS.	8165370750	nneka.obegolu@getzpharma.com	GETZ PHARMA (PRIVATE) LIMITED, 29 – 30/27, KORANGI INDUSTRIAL AREA,KARACHI-74900 PAKISTAN , Pakistan"," 2 x 7&#039;s, 4 x 7&#039;s (in Alu-Alu blisters)","Each chewable tablet contains: Montelukast Sodium USP equivalent to Montelukast 4 mg
Excipients q.s.",https://admin.greenbook.nafdac.gov.ng/uploadImage/smpc_files/2023/08/23/202308231997a92a-c26f-5442-9976-5fb46857a7ca.pdf,R03DC03,https://greenbook.nafdac.gov.ng/products/details/5243,2026-09-29T10:52:30.242228+00:00
Greenbook NAFDAC,4653,5244,Montiget Chewable Tablet##,1,Drugs,"{'id': 1, 'name': 'Drugs', 'created_at': '-000001-11-30T00:00:00.000000Z', 'updated_at': '2022-03-17T16:53:12.000000Z', 'deleted_at': None}",396,Montelukast (Montelukast Sodium),,A4-8765,6,Chewable tablet,1,Oral,5 mg,181,Getz Pharma Nigeria Limited,2023-05-25,2028-05-24,Active,"Tablet
White round biconvex shaped tablet engraved “GETZ” on one side and plain on other side

34	RNW-PP-305057	MONTIGET CHEWABLE TABLET 5MG	MONTELUKAST SODIUM	MONTELUKAST SODIUM 5.20MG; HYDROXYPROPYL CELLULOSE (KLUCEL LF PHARM) 5.50MG; MICROCRYSTALLINE CELLULOSE (AVICEL PH-102) 59.80MG; MANNITOL 202.0MG; CROSCARMELLOSE SODIUM 9.0MG; PURIFIED WATER Q.S; ASPARTAME 1.5MG; CROSCAMELLOSE SODIUM 10.0MG; CHERRY FLAVOUR 108B 3.0MG; MAGNESIUM STEARATE 3.0MG	A4-8765	Drugs	Imported Products	2*7,4*7	Prescription Only Medicine (POM)	1/10/2023	GETZ PHARMA NIGERIA LIMITED, PLOT 2, IJAODOLA CLOSE, OFF ADEYEMO ALAKIJA STREET, IKEJA GRA, LAGOS.	8165370750	nneka.obegolu@getzpharma.com	GETZ PHARMA (PRIVATE) LIMITED, 29 – 30/27, KORANGI INDUSTRIAL AREA,KARACHI-74900 PAKISTAN , Pakistan"," 2 x 7&#039;s, 4 x 7&#039;s (in Alu-Alu blisters)","Each chewable tablet contains: Montelukast Sodium USP equivalent to Montelukast 5 mg
Excipients q.s.",https://admin.greenbook.nafdac.gov.ng/uploadImage/smpc_files/2023/08/23/20230823001354ff-2381-5fb8-b6eb-54860661d715.pdf,R03DC03,https://greenbook.nafdac.gov.ng/products/details/5244,2026-09-29T10:52:30.242228+00:00
Greenbook NAFDAC,4654,6220,Montral Tablets##,1,Drugs,"{'id': 1, 'name': 'Drugs', 'created_at': '-000001-11-30T00:00:00.000000Z', 'updated_at': '2022-03-17T16:53:12.000000Z', 'deleted_at': None}",418,Montelukast (Montelukast Sodium); Levocetirizine Dihydrochloride,,B4-6888,1,Tablet,1,Oral,10 mg; 5 mg,230,Micro Nova Pharmaceuticals Ind Ltd,2023-04-26,2028-04-25,Active,"Film Coated Tablets
Yellow, circular, biconvex film-coated tablets with &quot;MICRO/MICRO&quot; engraved on both sides

MONTRAL TABLETS	MONTELUKAST 10MG, LEVOCETRIZINE DIHYDROCHLORIDE 5MG	MONTELUKAST 10MG, LEVOCETRIZINE DIHYDROCHLORIDE 5MG. 1 Lactose (Pharmatose DCL 15) 2 Pregelatinized starch 3 Cross Povidone Type-A 4 Talc 5 Magnesium Stearate 6 Hydroxy Propyl Methyl Cellulose 15 CPS 7 Isopropyl Alcohol 8 Dichloromethane (Methylene Chloride) 9 Titanium Dioxide 10 Propylene Glycol 11 Iron Oxide Yellow	B4-6888	Drugs	Imported Products	1x10	POM 1	07/01/2022	MICRO NOVA PHARMACEUTICALS IND. LTD, PLOT 3, BILLINGS WAY, INDUSTRIAL ESTATE, IKEJA IKEJA LAGOS	81299901	solomonsemicrolabs@gmail.com	MICRO LABS LIMITED UNIT III, 92, SIPCOT COMPLEX HOSUR 635 126 INDIA, India					",1 x 10&#039;s (in blister),"Each tablet contains: Montelukast Sodium equivalent to Montelukast 10 mg, Levocetirizine Dihydrochloride 5 mg
Excipients q.s.",https://admin.greenbook.nafdac.gov.ng/uploadImage/smpc_files/2023/09/28/2023092805a70ccc-c973-5372-80ad-93bba700ae46.pdf,R03DC53,https://greenbook.nafdac.gov.ng/products/details/6220,2026-09-29T10:52:30.242228+00:00
Greenbook NAFDAC,4655,8690,Monuril Granules**,1,Drugs,"{'id': 1, 'name': 'Drugs', 'created_at': '-000001-11-30T00:00:00.000000Z', 'updated_at': '2022-03-17T16:53:12.000000Z', 'deleted_at': None}",1854,Fosfomycin Trometamol,,B4-4173,31,Granules for solution,1,Oral,3 g,271,Phillips Pharmaceuticals (Nigeria) Limited,2024-09-25,2029-09-24,Active,"Granules for oral solution.
Sachets are a four layer laminate: paper, polyethylene, aluminium, polyethylene. Sachets are supplied in cardboard outer containing 1 sachet",3 g x 1&#039;s (in sachet),"Each sachet contains: Fosfomycin trometamol 5.631 g equiv. to 3.0 g Fosfomycin.

Excipient(s) with known effect:
Each sachet contains 2.213 g of sucrose",https://admin.greenbook.nafdac.gov.ng/uploadImage/smpc_files/2024/11/18/202411183b60245f-98b8-59a1-a676-8fc6b5434f48.pdf,J01XX01,https://greenbook.nafdac.gov.ng/products/details/8690,2026-09-29T10:52:30.242228+00:00
Greenbook NAFDAC,4656,6966,Monza Adult##,1,Drugs,"{'id': 1, 'name': 'Drugs', 'created_at': '-000001-11-30T00:00:00.000000Z', 'updated_at': '2022-03-17T16:53:12.000000Z', 'deleted_at': None}",406,Carbocisteine,,A4-100643,103,Syrup,1,Oral,250 mg,730,Sai Sagar Pharma Limited,2023-12-21,2028-12-20,Active,"Syrup

30	NF-PP-221956	MONZA ADULT	CARBOCISTEINE 5% 250mg	Each 5 mL contains: Carbocisteine BP……….250 mg Flavoured base …………q,s. Colour : Sunset Yellow FCF For complete list of excipients refer section 6.1	A4-100643	Drugs	Imported Products	125MlAMBERPETBOTTLE,,with measuring cap	Over The Counter (OTC)	8/25/2021	SAI SAGAR PHARMA LTD, KAARA STREET, OFF OSOLO WAY, AJAO ESTATE, LAGOS ISOLO LAGOS	8023173150	saisagarltd@gmail.com	S KANT HEALTHCARE LIMITED , PLOT NO 1802-1805, G.I.D.C PHASE -111, VAPI-396 195, DISTRICT VALSAD, GUJARAT, INDIA., India										",1 x 125 mL (in amber PET bottle),"Each 5 mL contains: Carbocisteine BP 250 mg, Flavored Base q.s.
Excipients q.s.
Color: Sunset Yellow FCF",https://admin.greenbook.nafdac.gov.ng/uploadImage/smpc_files/2023/12/31/20231231b94df31d-997b-553f-a170-febda5acc005.pdf,R05CB03,https://greenbook.nafdac.gov.ng/products/details/6966,2026-09-29T10:52:30.242228+00:00
Greenbook NAFDAC,4657,6971,Monza Junior##,1,Drugs,"{'id': 1, 'name': 'Drugs', 'created_at': '-000001-11-30T00:00:00.000000Z', 'updated_at': '2022-03-17T16:53:12.000000Z', 'deleted_at': None}",406,Carbocisteine,,A4-100644,103,Syrup,1,Oral,100 mg,730,Sai Sagar Pharma Limited,2023-12-21,2028-12-20,Active,"Syrup

31	NF-PP-223137	MONZA JUNIOR	CARBOCISTEINE 100mg	Carbocisteine BP 100mg. Sucrose BP, Sodium hydroxide BP, Flavour caramel IHS, Methyl Hydroxybenzoate BP, Propyl Hydroxybenzoate BP, Sodium benzoate BP, Flavour essence Vanilla IHS, Flavour essence ice cream soda IHS, Colour Sunset yellow IHS, Citric acid anhydrous BP, Disodium Edetate BP, Sorbitol solution 70% BP, Hyflosupercel IHS, Propylene glycol BP, Purified water BP	A4-100644	Drugs	Imported Products	125ml,xbottle	Over The Counter (OTC)	8/25/2021	SAI SAGAR PHARMA LTD, KAARA STREET, OFF OSOLO WAY, AJAO ESTATE, LAGOS ISOLO LAGOS	8023173150	saisagarltd@gmail.com	S KANT HEALTHCARE LTD, PLOT NO. 1802-1805, G.I.D.C., PHASE 111, VAPI-396195, DISTRICT VALSAD, GUJARAT, INDIA., India										",1 x 125 mL (in amber PET bottle),"Each 5 mL contains: Carbocisteine BP 100 mg, Flavored Base q.s.
Excipients q.s.
Color: Sunset Yellow FCF
",https://admin.greenbook.nafdac.gov.ng/uploadImage/smpc_files/2023/12/31/202312311de774bc-46a4-5dc4-b788-9b4d9773398e.pdf,R05CB03,https://greenbook.nafdac.gov.ng/products/details/6971,2026-09-29T10:52:30.242228+00:00
Greenbook NAFDAC,4658,7093,Mooven Extra Gel## (wrong smpc),1,Drugs,"{'id': 1, 'name': 'Drugs', 'created_at': '-000001-11-30T00:00:00.000000Z', 'updated_at': '2022-03-17T16:53:12.000000Z', 'deleted_at': None}",1149,Diclofenac Sodium (Diclofenac Diethylamine); Methyl salicylate; Menthol; Linseed oil,,A4-100665,29,Gel,21,Topical,1.16%; 3.00%; 10.00%; 5.00%,145,Chez Resources Pharmaceutical Limited,2023-12-21,2028-12-20,Active,"Gel

42	NF-PP-336856	MOOVEN EXTRA GEL	Methyl Salicylate, Diclofenac Diethylamine, Menthol and Linseed Oil, Gel.	Methyl Salicylate BP 15.0% w/w Diclofenac Diethylamine BP 1.16% w/w Menthol BP 5.0% Linseed Oil BP 3.0% Benzyl Alcohol BP q.s Gel base q.s	A4-100665	Drugs	Imported Products	1*30gm	OTC	6/20/2023	CHEZ RESOURCES PHARMACEUTICAL LIMITED, 7 CALABAR STREET FEGGE ONITSHA Anambra STATE.	7036097470	chezrespharm@gmail.com	BHARAT PARENTERALS LTD I, SURVEY NO. :144 &amp; 146, JAROD SAMLAYA ROAD, VILL. HARIPURA. TAL. SAVLI, DIST. VADODARA - 391520 , GUJARAT, INDIA., India														",1 x 30 g,"Mooven Extra Gel contains: Diclofenac Diethylamine BP 1.16% w/w, Methyl Salicylate BP 15.0% w/w, Menthol BP 5.0%, Linseed Oil BP 3.0%",https://admin.greenbook.nafdac.gov.ng/uploadImage/smpc_files/2023/12/31/2023123193efdab5-6902-53db-a753-67e359f786b1.pdf,M01AB55,https://greenbook.nafdac.gov.ng/products/details/7093,2026-09-29T10:52:30.242228+00:00
Greenbook NAFDAC,4659,6221,Mordam Cream**,1,Drugs,"{'id': 1, 'name': 'Drugs', 'created_at': '-000001-11-30T00:00:00.000000Z', 'updated_at': '2022-03-17T16:53:12.000000Z', 'deleted_at': None}",1106,Betamethasone; Clotrimazole; Neomycin sulfate,,B4-8172,4,Cream,21,Topical,0.05%; 1%; 0.5%,687,Morehope Pharma Limited,2023-09-28,2028-09-27,Active,"Topical Cream.
Semi solid external preparation",30 g (in Lami tube),"Betamethasone Dipropionate USP equivalent to Betamethasone 0.05% w/w, Clotrimazole USP 1.0% w/w, Neomycin Sulphate USP equivalent to Neomycin base 0.5% w/w, Cream base Q.S.
Preservative: Chlorocresol USP 0.1% w/w",https://admin.greenbook.nafdac.gov.ng/uploadImage/smpc_files/2023/10/09/20231009a0878da1-b6e6-5882-9145-da15d3e4cc70.pdf,D07CC01,https://greenbook.nafdac.gov.ng/products/details/6221,2026-09-29T10:52:30.242228+00:00
Greenbook NAFDAC,4660,11650,Morehope Cefixime 200 mg Tablets_,1,Drugs,"{'id': 1, 'name': 'Drugs', 'created_at': '-000001-11-30T00:00:00.000000Z', 'updated_at': '2022-03-17T16:53:12.000000Z', 'deleted_at': None}",441,Cefixime (Cefixime Trihydrate),,A4-101436,1,Tablet,1,Oral,200 mg,687,Morehope Pharma Limited,2025-07-30,2030-07-29,Active,Tablet,10 x 1 x 10&#039;s (in Alu-Alu blisters),"Each tablet contains: Cefixime Trihydrate USP equiv. to Cefixime 200 mg
Excipients q.s.",https://admin.greenbook.nafdac.gov.ng/uploadImage/smpc_files/2025/08/26/20250826386af9ad-339f-59e9-b839-5ed759c1432f.pdf,J01DD08,https://greenbook.nafdac.gov.ng/products/details/11650,2026-09-29T10:52:30.242228+00:00
Greenbook NAFDAC,4661,11651,Morehope Cefuroxime Axetil 250 mg Tablets_,1,Drugs,"{'id': 1, 'name': 'Drugs', 'created_at': '-000001-11-30T00:00:00.000000Z', 'updated_at': '2022-03-17T16:53:12.000000Z', 'deleted_at': None}",456,Cefuroxime (Cefuroxime Axetil),,A4-101395,1,Tablet,1,Oral,250 mg,687,Morehope Pharma Limited,2025-07-30,2030-07-29,Active,Tablet,10 x 1 x 10&#039;s (in Alu-Alu blisters),"Each tablet contains: Cefuroxime Axetil equiv. to Cefuroxime 250 mg
Excipients q.s.",https://admin.greenbook.nafdac.gov.ng/uploadImage/smpc_files/2025/08/27/20250827a14b0e81-9d79-5cf6-8c73-94cc6144976b.pdf,J01DC02,https://greenbook.nafdac.gov.ng/products/details/11651,2026-09-29T10:52:30.242228+00:00
Greenbook NAFDAC,4662,11652,Morehope Cefuroxime Axetil 500 mg Tablets_,1,Drugs,"{'id': 1, 'name': 'Drugs', 'created_at': '-000001-11-30T00:00:00.000000Z', 'updated_at': '2022-03-17T16:53:12.000000Z', 'deleted_at': None}",456,Cefuroxime (Cefuroxime Axetil),,A4-101396,1,Tablet,1,Oral,500 mg,687,Morehope Pharma Limited,2025-07-30,2030-07-29,Active,"Tablet
White to off-white, oval shaped, biconvex, film coated tablets plain on both sides",10 x 1 x 10&#039;s (in Alu-Alu blisters),"Each tablet contains: Cefuroxime Axetil USP (amorphous) equiv. to Anhydrous Cefuroxime 500 mg 
Excipients q.s.

",https://admin.greenbook.nafdac.gov.ng/uploadImage/smpc_files/2025/08/27/2025082782cc2810-8614-5f7a-9116-d7c08fed6077.pdf,J01DC02,https://greenbook.nafdac.gov.ng/products/details/11652,2026-09-29T10:52:30.242228+00:00
Greenbook NAFDAC,4663,11653,Morehope Pregabalin Capsule 150 mg_,1,Drugs,"{'id': 1, 'name': 'Drugs', 'created_at': '-000001-11-30T00:00:00.000000Z', 'updated_at': '2022-03-17T16:53:12.000000Z', 'deleted_at': None}",41,Pregabalin,,A4-101392,2,Capsule,1,Oral,150 mg,687,Morehope Pharma Limited,2025-07-30,2030-07-29,Active,Capsule,3 x 10&#039;s (in Alu-PVC blisters),"Each capsule contains: Pregabalin 150 mg
Excipients q.s.",https://admin.greenbook.nafdac.gov.ng/uploadImage/smpc_files/2025/08/26/202508265d213a65-23e4-5c80-9109-3d4168b10a48.pdf,N02BF02,https://greenbook.nafdac.gov.ng/products/details/11653,2026-09-29T10:52:30.242228+00:00
Greenbook NAFDAC,4664,11383,Morelife Artemether and Lumefantrine Tablets 20 mg/120 mg**,1,Drugs,"{'id': 1, 'name': 'Drugs', 'created_at': '-000001-11-30T00:00:00.000000Z', 'updated_at': '2022-03-17T16:53:12.000000Z', 'deleted_at': None}",528,Artemether; Lumefantrine,,A4-101382,1,Tablet,1,Oral,20 mg; 120 mg,991,Morelife Pharmacy and General Merchant Ltd,2025-06-25,2030-06-24,Active,Uncoated Tablet,1 x 24&#039;s (in Alu-PVC blister),"Each uncoated tablet contains: Artemether 20 mg, Lumefantrine 120 mg, Excipients q.s.",https://admin.greenbook.nafdac.gov.ng/uploadImage/smpc_files/2025/07/25/20250725875cecea-706b-5aec-be5a-fdfe749842d5.pdf,P01BF01,https://greenbook.nafdac.gov.ng/products/details/11383,2026-09-29T10:52:30.242228+00:00
Greenbook NAFDAC,4665,11384,Morelife Artemether and Lumefantrine Tablets 80 mg/480 mg**,1,Drugs,"{'id': 1, 'name': 'Drugs', 'created_at': '-000001-11-30T00:00:00.000000Z', 'updated_at': '2022-03-17T16:53:12.000000Z', 'deleted_at': None}",528,Artemether; Lumefantrine,,A4-101383,1,Tablet,1,Oral,80 mg; 480 mg,991,Morelife Pharmacy and General Merchant Ltd,2025-06-25,2030-06-24,Active,Uncoated Tablet,1 x 6&#039;s (in Alu-PVC blister),"Each uncoated tablet contains: Artemether 80 mg, Lumefantrine 480 mg, Excipients q.s.",https://admin.greenbook.nafdac.gov.ng/uploadImage/smpc_files/2025/07/25/202507253662e6b5-8e95-5872-8c84-7b136df93895.pdf,P01BF01,https://greenbook.nafdac.gov.ng/products/details/11384,2026-09-29T10:52:30.242228+00:00
Greenbook NAFDAC,4666,3274,Morelife Dexamethasone Tablet##,1,Drugs,"{'id': 1, 'name': 'Drugs', 'created_at': '-000001-11-30T00:00:00.000000Z', 'updated_at': '2022-03-17T16:53:12.000000Z', 'deleted_at': None}",770,Dexamethasone,,C4-1246,1,Tablet,1,Oral,0.5 mg,991,Morelife Pharmacy and General Merchant Ltd,2020-11-10,2025-11-09,Inactive,Tablet,,Each tablet contains: Dexamethasone 0.5 mg,,H02AB02,https://greenbook.nafdac.gov.ng/products/details/3274,2026-09-29T10:52:30.242228+00:00
Greenbook NAFDAC,4667,11654,Morelife Fluconazole Capsules 200 mg_,1,Drugs,"{'id': 1, 'name': 'Drugs', 'created_at': '-000001-11-30T00:00:00.000000Z', 'updated_at': '2022-03-17T16:53:12.000000Z', 'deleted_at': None}",513,Fluconazole,,A4-101357,2,Capsule,1,Oral,200 mg,991,Morelife Pharmacy and General Merchant Ltd,2025-06-25,2030-06-24,Active,Hard Gelatin Capsule,1 x 10&#039;s (in Alu-PVC blister),"Each capsule contains: Fluconazole  200 mg
Excipients q.s.",https://admin.greenbook.nafdac.gov.ng/uploadImage/smpc_files/2025/07/25/202507252500b9c7-4cb3-5d08-a5af-918bb51d5bc9.pdf,J02AC01,https://greenbook.nafdac.gov.ng/products/details/11654,2026-09-29T10:52:30.242228+00:00
Greenbook NAFDAC,4668,5648,Morelife Ketoconazole Cream##,1,Drugs,"{'id': 1, 'name': 'Drugs', 'created_at': '-000001-11-30T00:00:00.000000Z', 'updated_at': '2022-03-17T16:53:12.000000Z', 'deleted_at': None}",522,Ketoconazole,,A4-100504,4,Cream,21,Topical,2%,991,Morelife Pharmacy and General Merchant Ltd,2023-08-31,2028-08-30,Active,"Cream

MORELIFE KETOCONAZOLE CREAM	KETOCONAZOLE BP 2%W/W	ACTIVE: Ketoconazole BP 2%w/w LIST OF EXCIPIENTS: Cetostearyl Alcohol, Self-Emulsifying Glyceryl Monostearate, Cetomacrogol Emulsifying Wax, Silicone Oil, White Soft Paraffin, Light Liquid Paraffin, Methyl Paraben, Propyl Paraben, Propylene Glycol, Disodium Edetate, Sodium Acid Phosphate, Sodium Phosphate and Purified Water.		Drugs	Imported Products	1X20GX10TUBES	OTC	07/07/2023	MORELIFE PHARMACY AND GENERAL MERCHANT LTD, JYF MALAM KATO PARK-NIGER STREET OFF GIDAN DUTSE KANO, KANO STATE.	8022862544	morephar@gmail.com	M/S CLAROID PHARMACEUTICAL PVT. LTD., PLOT NO. 217/P, PIRANA-KAMOD ROAD, AHMEDABAD, GUJARAT, INDIA., India			",1 x 10 x 20 g (in Lami tubes),"Each gram contains: Ketoconazole BP 2% w/w, Cream Base q.s.
Excipients q.s.",https://admin.greenbook.nafdac.gov.ng/uploadImage/smpc_files/2023/09/09/202309094856a18e-48b6-569a-8d8a-9e73cc7d01e1.pdf,D01AC08,https://greenbook.nafdac.gov.ng/products/details/5648,2026-09-29T10:52:30.242228+00:00
Greenbook NAFDAC,4669,6222,Moremocan Cream**,1,Drugs,"{'id': 1, 'name': 'Drugs', 'created_at': '-000001-11-30T00:00:00.000000Z', 'updated_at': '2022-03-17T16:53:12.000000Z', 'deleted_at': None}",1106,Betamethasone; Clotrimazole; Neomycin sulfate,,B4-8893,4,Cream,21,Topical,0.05%; 1%; 0.5%,687,Morehope Pharma Limited,2023-09-28,2028-09-27,Active,"Topical Cream.
Semi solid external preparation",30 g (in Lami tube),"Betamethasone Dipropionate USP equivalent to Betamethasone 0.05% w/w, Clotrimazole USP 1.0% w/w, Neomycin Sulphate USP equivalent to Neomycin base 0.5% w/w, Cream base Q.S.
Preservative: Chlorocresol USP 0.1% w/w",https://admin.greenbook.nafdac.gov.ng/uploadImage/smpc_files/2023/10/09/20231009de1ed39d-7076-537e-a079-2dba8802abb0.pdf,D07CC01,https://greenbook.nafdac.gov.ng/products/details/6222,2026-09-29T10:52:30.242228+00:00
Greenbook NAFDAC,4670,4355,Morestar Ceftriaxone Powder for Injection##,1,Drugs,"{'id': 1, 'name': 'Drugs', 'created_at': '-000001-11-30T00:00:00.000000Z', 'updated_at': '2022-03-17T16:53:12.000000Z', 'deleted_at': None}",453,Ceftriaxone,,C4-2044,70,Powder for injection,29,Intravenous; Intramuscular,1 g,462,Morestar Pharmaceuticals Limited,2022-12-15,2027-12-14,Active,Powder for Injection,1 x 1 vial + 10 mL sterilised water for injection,Each vial contains: Ceftriaxone Sodium USP equivalent to Ceftriaxone 1 g,https://admin.greenbook.nafdac.gov.ng/uploadImage/smpc_files/2023/05/28/20230528595f7801-bb39-503d-8535-dc76077fdeeb.pdf,J01DD04,https://greenbook.nafdac.gov.ng/products/details/4355,2026-09-29T10:52:30.242228+00:00
Greenbook NAFDAC,4671,8702,Morigad Lysol Disinfectant**,1,Drugs,"{'id': 1, 'name': 'Drugs', 'created_at': '-000001-11-30T00:00:00.000000Z', 'updated_at': '2022-03-17T16:53:12.000000Z', 'deleted_at': None}",913,Saponated Cresol,Cresol and soap solution,04-0962,101,Liquid,21,Topical,50%,684,Morison Industries PLC,2024-06-27,2029-06-26,Active,Topical Solution,150 mL; 4 L,Saponated Cresol 50% v/v,,,https://greenbook.nafdac.gov.ng/products/details/8702,2026-09-29T10:52:30.242228+00:00
Greenbook NAFDAC,4672,10796,Mororate Cream_ (check strength),1,Drugs,"{'id': 1, 'name': 'Drugs', 'created_at': '-000001-11-30T00:00:00.000000Z', 'updated_at': '2022-03-17T16:53:12.000000Z', 'deleted_at': None}",1179,Mometasone furoate,,A4-101002,4,Cream,21,Topical,1 mg,1050,Akso Pharmaceutical Nigeria Limited,2024-08-28,2029-08-27,Active,"White Cream.

61	NF-PP-413427	MORORATE CREAM	MOMETASONE FUROATE 15G	MOMETASONE FUROATE 0.1% (Excipients: Hexylene glycol , Titanium Dioxide, Aluminum Starch Octenylsuccinate, White Beeswax, White Soft Paraffin , Hydrogenated Soybean Lecithin , Phosphoric acid , Purified water)	A4-101002	Drugs	Imported Products	1X15G,1X5G	POM 2	3/20/2024	AKSO PHARMACEUTICAL NIGERIA LIMITED, ODUSAMI STREET OFF WEMPCO ROAD OGBA IKEJA LAGOS	8180218332	506798052@qq.com	Front Pharmaceuticals PLC, Xuancheng Economic and Technical Development Zone, anhui China, China",5 g ; 15 g (in collapsible aluminum tube),Each gram contains: Mometasone Furoate 1 mg,https://admin.greenbook.nafdac.gov.ng/uploadImage/smpc_files/2024/09/29/20240929902db7cc-6106-5e8f-bfa6-2d6a3f659a9a.pdf,D07XC03,https://greenbook.nafdac.gov.ng/products/details/10796,2026-09-29T10:52:30.242228+00:00
Greenbook NAFDAC,4673,6224,Morpent Injection**,1,Drugs,"{'id': 1, 'name': 'Drugs', 'created_at': '-000001-11-30T00:00:00.000000Z', 'updated_at': '2022-03-17T16:53:12.000000Z', 'deleted_at': None}",54,Pentazocine (Pentazocine Lactate),,B4-7078,107,Solution for injection,29,Intravenous; Intramuscular,30 mg/mL,687,Morehope Pharma Limited,2023-09-28,2028-09-27,Active,"Solution for Injection.
A clear colourless solution filled in glass ampoule",1 mL x 10&#039;s (in glass ampoules),"Each mL contains: Pentazocine Lactate BP equiv. to Pentazocine 30 mg, Water for Injection BP Q.S.",https://admin.greenbook.nafdac.gov.ng/uploadImage/smpc_files/2023/10/09/202310097c5bf197-b327-56f3-9eb9-6e41351aca78.pdf,N02AD01,https://greenbook.nafdac.gov.ng/products/details/6224,2026-09-29T10:52:30.242228+00:00
Greenbook NAFDAC,4674,4227,Moscine Elixir##,1,Drugs,"{'id': 1, 'name': 'Drugs', 'created_at': '-000001-11-30T00:00:00.000000Z', 'updated_at': '2022-03-17T16:53:12.000000Z', 'deleted_at': None}",185,Hyoscine Butylbromide,Hyoscine-N-butyl Bromide; Butylscopolamine,A4-2573,103,Syrup,1,Oral,5 mg/5 mL,96,Richygold International Limited,2021-03-29,2026-03-28,Inactive,Syrup,,Each 5 mL contains: Hyoscine Butylbromide 5 mg,,A03BB01,https://greenbook.nafdac.gov.ng/products/details/4227,2026-09-29T10:52:30.242228+00:00
Greenbook NAFDAC,4675,6926,Mosegor 0.5 mg Tablets##,1,Drugs,"{'id': 1, 'name': 'Drugs', 'created_at': '-000001-11-30T00:00:00.000000Z', 'updated_at': '2022-03-17T16:53:12.000000Z', 'deleted_at': None}",65,Pizotifen,,04-8105,1,Tablet,1,Oral,0.5 mg,250,Novartis Nigeria Limited,2023-12-21,2028-12-20,Active,"Tablet

102	RNW-PP-293970  	MOSEGOR 0.5MG TABLETS	PIZOTIFEN HYDROGEN MALEATE 0.5mg	pizotifen hydrogen malate 0.5mg Excipients: magnesium stearate; talc; povidone; maize starch; lactose, monohydrate. The coating constituents are: titanium dioxide (E171); silica, colloidal anhydrous; acacia; talc, sucrose, cetyl palmitate	Apr-05	Drugs	Imported Products	3*10	Prescription Only Medicine (POM)	1/16/2023	NOVARTIS NIGERIA LIMITED, LANDMARK BUILDING 52/54 ISAAC JOHN STREET IKEJA-GRA LAGOS LAGOS	2.34707E+12	arit.onwusah@novartis.com	Novartis Farma S.P.A, Novartis Farma S.P.A Torre Annunziata, Italy, Italy									",3 x 10&#039;s,"Each tablet contains: Pizotifen Hydrogen Maleate 0.5 mg
Excipients q.s.
",https://admin.greenbook.nafdac.gov.ng/uploadImage/smpc_files/2024/01/01/20240101a4cb9d00-ce37-5a99-97aa-5616ec5a9077.pdf,N02CX01,https://greenbook.nafdac.gov.ng/products/details/6926,2026-09-29T10:52:30.242228+00:00
Greenbook NAFDAC,4676,10288,Mosegor Syrup**,1,Drugs,"{'id': 1, 'name': 'Drugs', 'created_at': '-000001-11-30T00:00:00.000000Z', 'updated_at': '2022-03-17T16:53:12.000000Z', 'deleted_at': None}",65,Pizotifen,,04-8106,103,Syrup,1,Oral,0.05 mg/mL,250,Novartis Nigeria Limited,2021-08-26,2026-08-25,Inactive,Syrup,1 x 100 mL,Each mL contains: Pizotifen 0.05 mg,https://admin.greenbook.nafdac.gov.ng/uploadImage/smpc_files/2025/05/25/20250525b7549ac9-1af9-57ca-8bbc-87efa5ab4df4.pdf,,https://greenbook.nafdac.gov.ng/products/details/10288,2026-09-29T10:52:30.242228+00:00
Greenbook NAFDAC,4677,12242,Mospodox 100 mg/5 mL Suspension_,1,Drugs,"{'id': 1, 'name': 'Drugs', 'created_at': '-000001-11-30T00:00:00.000000Z', 'updated_at': '2022-03-17T16:53:12.000000Z', 'deleted_at': None}",448,Cefpodoxime (Cefpodoxime Proxetil),,A11-0875,102,Suspension,0,N/A,100 mg,231,Miraflash Nig Ltd,2025-10-29,2030-10-28,Active,"Granules for Suspension.
After reconstitution: Off-white colored suspension with strawberry flavor",1 x 100 mL (in HDPE container),"Each 5 mL contains: Cefpodoxime Proxetil equiv. to Cefpodoxime base 100 mg

Excipients: Silica Anhydrous and Sucrose",https://admin.greenbook.nafdac.gov.ng/uploadImage/smpc_files/2025/12/03/20251203150b3b9a-61ba-56db-8f24-366471adfefb.pdf,J01DD13,https://greenbook.nafdac.gov.ng/products/details/12242,2026-09-29T10:52:30.242228+00:00
Greenbook NAFDAC,4678,10797,Mospodox 200 mg Capsule_,1,Drugs,"{'id': 1, 'name': 'Drugs', 'created_at': '-000001-11-30T00:00:00.000000Z', 'updated_at': '2022-03-17T16:53:12.000000Z', 'deleted_at': None}",448,Cefpodoxime (Cefpodoxime Proxetil),,A11-0859,2,Capsule,1,Oral,200 mg,231,Miraflash Nig Ltd,2024-06-27,2029-06-26,Active,"Hard Capsule.

54	RNW-PP-406707	MOSPODOX 200MG CAPSULE	CEFPODOXIME PROXETIL 200MG	CEFPODOXIME PROXETIL / 200MG	A11-0859 	Drugs	Nigerian Products	1*10 	POM 1	2/13/2024	MIRAFLASH NIG LTD, 2-8, SUCCESS ESTATE, OFF BRENTFIELD AVENUE, OKE AFA MAGBORO, OGUN OGUN	18192902	tollyrock@yahoo.com	MIRAFLASH NIGERIA LIMITED, 2-8 SUCCESS ESTATE, OFF BRENTFIELD AVENUE OKE AFA OMOTEDO, MAGBORO, OGUN STATE. , Nigeria",1 x 10&#039;s,Each capsule contains: Cefpodoxime Proxetil 200 mg,https://admin.greenbook.nafdac.gov.ng/uploadImage/smpc_files/2024/11/30/20241130592cafe5-17f4-5734-85ce-8ef8f299c048.pdf,J01DD13,https://greenbook.nafdac.gov.ng/products/details/10797,2026-09-29T10:52:30.242228+00:00
Greenbook NAFDAC,4679,12269,Mospodox 50 mg/5 mLSuspension_,1,Drugs,"{'id': 1, 'name': 'Drugs', 'created_at': '-000001-11-30T00:00:00.000000Z', 'updated_at': '2022-03-17T16:53:12.000000Z', 'deleted_at': None}",448,Cefpodoxime (Cefpodoxime Proxetil),,A11-0860,102,Suspension,1,Oral,50 mg/5 mL,231,Miraflash Nig Ltd,2025-11-26,2030-11-25,Active,"Suspension.
Off-white colored granular powder",1 x 100 mL (in HDPE container),"Each 5 mL contains: Cefpodoxime Proxetil equiv. to Cefpodoxime base 50 mg
Excipients q.s.",https://admin.greenbook.nafdac.gov.ng/uploadImage/smpc_files/2025/12/16/20251216d7010f28-3828-5138-9403-2973728d664e.pdf,J01DD13,https://greenbook.nafdac.gov.ng/products/details/12269,2026-09-29T10:52:30.242228+00:00
Greenbook NAFDAC,4680,5674,Motilium 10 mg Tablets##,1,Drugs,"{'id': 1, 'name': 'Drugs', 'created_at': '-000001-11-30T00:00:00.000000Z', 'updated_at': '2022-03-17T16:53:12.000000Z', 'deleted_at': None}",207,Domperidone (Domperidone Maleate),,04-1293,1,Tablet,1,Oral,10 mg,1084,J &amp; J Company West Africa Limited,2023-08-31,2028-08-30,Active,"Film Coated Tablet
White to slightly cream-colored, round, biconvex tablet

MOTILIUM 10 MG TABLETS	DOMPERIDONE	The active substance is domperidone.• The other ingredients are:lactose, maizestarch, microcrystalline cellulose, potato starch, polyvidon, magnesium stearate,vegetable oil, sodium lauryl sulphate, hypromellose	04-1293	Drugs	Imported Products	1*30	OTC	19/04/2023	J &amp; J COMPANY WEST AFRICA LIMITED, SINARI DARANIJO STREET, VICTORIA ISLAND LAGOS LAGOS	9062881239	uugwulek@its.jnj.com	LUSOMEDICAMENTA S.A, LUSOMEDICAMENTA S.A, ESTRADA CONSIGLIERI PEDROSO,69-B-QUELUZ DE BAIXO, 2730-055 BARCARENA, PORTUGAL, Portugal				",1 x 30 (in blister),"One film-coated tablet contains: Domperidone 10 mg
Excipient(s) with known effect: Lactose Monohydrate 54.2 mg and less than Sodium  1 mmol (23 mg), that is to say essentially ",https://admin.greenbook.nafdac.gov.ng/uploadImage/smpc_files/2023/09/06/202309060e2e8d59-ae02-5c10-aa74-682ef8729796.pdf,A03FA03,https://greenbook.nafdac.gov.ng/products/details/5674,2026-09-29T10:52:30.242228+00:00
Greenbook NAFDAC,4681,7201,Motitec Dispersible Tablet Zinc Sulphate##,1,Drugs,"{'id': 1, 'name': 'Drugs', 'created_at': '-000001-11-30T00:00:00.000000Z', 'updated_at': '2022-03-17T16:53:12.000000Z', 'deleted_at': None}",808,Zinc (Zinc Sulfate),,A4-8341,13,Dispersible tablet,1,Oral,20 mg,27,Fidson Healthcare PLC,2024-01-31,2029-01-30,Active,"Dispersible Tablet

14	RNW-PP-383738	MOTITEC DISPERSIBLE TABLET	ZINC SULPHATE	ZINC SULPHATE 20MG	A4-8341	Drugs	Nigerian Products	1X10	Over The Counter (OTC)	11/7/2023	FIDSON HEALTHCARE PLC, IKORODU ROAD, OBANIKORO LAGOS LAGOS	8023067964	nmakaokolo@yahoo.com	Fidson Healthcare Plc., KM 38, Lagos- Abeokuta Expressway Sango-ota, Ogun State., Nigeria										",1 x 10&#039;s (in PVC-Alu blister),"Each dispersible tablet contains: Zinc Sulfate 20 mg
Each dispersible tablet also contains Aspartame 46.43 mg, Vanilla Flavor 4.5 mg (contains 3.42 mg Glucose)
Excipients q.s.",https://admin.greenbook.nafdac.gov.ng/uploadImage/smpc_files/2024/12/01/20241201d83ee54f-e5a5-5bd4-a4bb-896a3712f264.pdf,A12CB01,https://greenbook.nafdac.gov.ng/products/details/7201,2026-09-29T10:52:30.242228+00:00
Greenbook NAFDAC,4682,11977,Moxie Paracetamol Suspension_,1,Drugs,"{'id': 1, 'name': 'Drugs', 'created_at': '-000001-11-30T00:00:00.000000Z', 'updated_at': '2022-03-17T16:53:12.000000Z', 'deleted_at': None}",1529,Paracetamol,Acetaminophen,A11-0803,102,Suspension,1,Oral,120 mg/5 mL,1710,Pharmalliance Consulting Limited,2025-09-24,2030-09-23,Active,"Suspension.
A pink, strawberry flavored, viscous oral suspension",1 x 100 mL (in PET bottle),"Each 5 mL contains: Paracetamol 120 mg
Excipients q.s.",https://admin.greenbook.nafdac.gov.ng/uploadImage/smpc_files/2025/11/18/202511180e17cf20-1d25-5236-a127-329f8b516225.pdf,N02BE01,https://greenbook.nafdac.gov.ng/products/details/11977,2026-09-29T10:52:30.242228+00:00
Greenbook NAFDAC,4683,1241,Moxifloxacin Hydrochloride Eye Drops##,1,Drugs,"{'id': 1, 'name': 'Drugs', 'created_at': '-000001-11-30T00:00:00.000000Z', 'updated_at': '2022-03-17T16:53:12.000000Z', 'deleted_at': None}",1542,Moxifloxacin (Moxifloxacin Hydrochloride),,B4-4335,104,Solution/Drops,15,Ophthalmic,0.5%,408,Lin-Kabs Pharmaceutical Limited,2021-09-28,2026-09-27,Inactive,Eye Drops (Solution),1 x 5 mL (in bottle),"Each ml contains: Moxifloxacin Hydrochloride BP equivalent to Moxifloxacin 5.0 mg, Aqueous Base q.s.
Excipients q.s.",https://admin.greenbook.nafdac.gov.ng/uploadImage/smpc_files/2023/05/27/20230527789900b1-972b-5f59-9d51-ee1202c0acd1.pdf,S01AE07,https://greenbook.nafdac.gov.ng/products/details/1241,2026-09-29T10:52:30.242228+00:00
Greenbook NAFDAC,4684,10289,Moxifloxacin Ophthalmic Solution## (strength format),1,Drugs,"{'id': 1, 'name': 'Drugs', 'created_at': '-000001-11-30T00:00:00.000000Z', 'updated_at': '2022-03-17T16:53:12.000000Z', 'deleted_at': None}",1542,Moxifloxacin (Moxifloxacin Hydrochloride),,C4-1823,24,Eye drops,15,Ophthalmic,0.5%w/v,424,Mankind Life-Sciences Limited,2021-08-26,2026-08-25,Inactive,Ophthalmic Solution,1 x 10 mL,Moxifloxacin Ophthalmic Solution contains: Moxifloxacin 0.5% w/v,,,https://greenbook.nafdac.gov.ng/products/details/10289,2026-09-29T10:52:30.242228+00:00
Greenbook NAFDAC,4685,6413,Moxifloxacin Tablets USP 400 mg##,1,Drugs,"{'id': 1, 'name': 'Drugs', 'created_at': '-000001-11-30T00:00:00.000000Z', 'updated_at': '2022-03-17T16:53:12.000000Z', 'deleted_at': None}",1542,Moxifloxacin (Moxifloxacin Hydrochloride),,A4-100588,1,Tablet,1,Oral,400 mg,253,Onifam Laboratories Limited,2023-10-31,2028-10-30,Active,"Tablet
Peach-colored, capsule-shaped, biconvex, film-coated tablet having a score line on one side and plain on the other side

85	NF-PP-355431	MOXIFLOXACIN TABLETS USP 400MG	MOXIFLOXACIN 400MG	Each tablet contains moxifloxacin hydrochloride equivalent to 400 mg moxifloxacin List of excipients Core tablet: Microcrystalline cellulose Lactose monohydrate Croscarmellose sodium Magnesium stearate Film coat: Hydroxypropyl methylcellulose Titanium dioxide Macrogol/PEG Talc Iron oxide	A4-100588	Drugs	Imported Products	10X10	POM 2	8/29/2023	ONIFAM LABORATORIES LIMITED, IDIMU ROAD, ORELOPE EGBEDA, LAGOS. EGBEDA LAGOS	17763208	onifamconsultant@yahoo.com	Lupin Limited, EPIP, SIDCO ROAD INDUSTRIAL COMPLEX KARTHOLI BARI BRAHMANA, JANMU (J&amp;K) 181133, INDIA, India														",10 x 10&#039;s (in PVC-Alu blisters),"Each tablet contains: Moxifloxacin Hydrochloride equivalent to Moxifloxacin 400 mg
Excipients q.s.",https://admin.greenbook.nafdac.gov.ng/uploadImage/smpc_files/2023/11/11/202311114919d011-a1d7-5331-87fa-c8f29b3ecf05.pdf,J01MA14,https://greenbook.nafdac.gov.ng/products/details/6413,2026-09-29T10:52:30.242228+00:00
Greenbook NAFDAC,4686,10096,Moxikind-CV 228.5 Powder for Oral Suspension## (no smpc),1,Drugs,"{'id': 1, 'name': 'Drugs', 'created_at': '-000001-11-30T00:00:00.000000Z', 'updated_at': '2022-03-17T16:53:12.000000Z', 'deleted_at': None}",423,Amoxicillin (Amoxicillin Trihydrate); Clavulanic Acid (Potassium Clavulanate),,B4-1128,72,Powder for suspension,1,Oral,200 mg,271,Phillips Pharmaceuticals (Nigeria) Limited,2021-10-28,2026-10-27,Active,"Powder for Suspension

70	MOXIKIND-CV 228.5 POWDER FOR ORAL SUSPENSION	MOXIKIND	AMOXICILLIN +CLAVULANIC ACID	AMOXICILLIN 200MG, CLAVULANIC ACID 28.5MG/5ML	PRESCRIPTION ONLY MEDICINE	SUSPENSION	1 X 100ML	ANTIBIOTIC	PHILLIP PHARMACEUTICALS NIG. LTD	PLOT 122-132, AFPRINT IND. EST. APAPA-OSHODI EXPRESSWAY, IYANA ISOLO, LAGOS STATE	COPMED PHARMACEUTICAL PVT LTD	UNIT II, PLOT NO. 50 GONDPUR INDUSTRIAL AREA, TEHSIL PAONTA SAHIB, DISTRICT SIRMOUR173025, HIMACHAL PRADESH, INDIA	B4-1128	TREATMENT OF INFECTIONS CAUSED BY SUSCEPTIBLE MICRO-ORGANISMS	10/28/2021	10/27/2026																																																																																																																																																																																																																																													",1 x 100 mL,"Each 5 mL contains: Amoxicillin 200 mg, Clavulanic Acid 28.5 mg",,J01CR02,https://greenbook.nafdac.gov.ng/products/details/10096,2026-09-29T10:52:30.242228+00:00
Greenbook NAFDAC,4687,10098,Moxikind-Cv 375 Tablets## (no smpc),1,Drugs,"{'id': 1, 'name': 'Drugs', 'created_at': '-000001-11-30T00:00:00.000000Z', 'updated_at': '2022-03-17T16:53:12.000000Z', 'deleted_at': None}",423,Amoxicillin (Amoxicillin Trihydrate); Clavulanic Acid (Potassium Clavulanate),,B4-1672,1,Tablet,1,Oral,250 mg; 125 mg,271,Phillips Pharmaceuticals (Nigeria) Limited,2021-10-28,2026-10-27,Active,"Tablets

MOXIKIND-CV 375 TABLETS	MOXIKIND	AMOXICILLIN + CLAVULANIC ACID 	AMOXICILLIN 250MG, CLAVULANIC ACID 125MG	PRESCRIPTION ONLY MEDICINE	TABLETS	2 X 7	ANTIBIOTIC	PHILLIP PHARMACEUTICALS NIG. LTD	PLOT 122-132, AFPRINT IND. EST. APAPA-OSHODI EXPRESSWAY, IYANA ISOLO, LAGOS STATE	COPMED PHARMACEUTICAL PVT LTD	UNIT II, PLOT NO. 50 GONDPUR INDUSTRIAL AREA, TEHSIL PAONTA SAHIB, DISTRICT SIRMOUR173025, HIMACHAL PRADESH, INDIA	B4-1672	TREATMENT OF INFECTIONS CAUSED BY SUSCEPTIBLE MICRO-ORGANISMS	10/28/2021	10/27/2026																																																																																																																																																																																																																																													",2 x 7&#039;s,"Each tablet contains: Amoxicillin Trihydrate equivalent to Amoxicillin 250 mg, Potassium Clavulanate equivalent Clavulanic Acid 125 mg",,J01CR02,https://greenbook.nafdac.gov.ng/products/details/10098,2026-09-29T10:52:30.242228+00:00
Greenbook NAFDAC,4688,10097,Moxikind-Cv 625 Tablets##,1,Drugs,"{'id': 1, 'name': 'Drugs', 'created_at': '-000001-11-30T00:00:00.000000Z', 'updated_at': '2022-03-17T16:53:12.000000Z', 'deleted_at': None}",423,Amoxicillin (Amoxicillin Trihydrate); Clavulanic Acid (Potassium Clavulanate),,B4-1129,1,Tablet,1,Oral,500 mg; 125 mg,271,Phillips Pharmaceuticals (Nigeria) Limited,2021-10-28,2026-10-27,Active,"Tablet

72	MOXIKIND-CV 625 TABLETS	MOXIKIND	AMOXICILLIN + CLAVULANIC ACID 	AMOXICILLIN 500MG, CLAVULANIC ACID 125MG	PRESCRIPTION ONLY MEDICINE	TABLETS	2 X 7 	ANTIBIOTIC	PHILLIP PHARMACEUTICALS NIG. LTD	PLOT 122-132, AFPRINT IND. EST. APAPA-OSHODI EXPRESSWAY, IYANA ISOLO, LAGOS STATE	COPMED PHARMACEUTICAL PVT LTD	UNIT II, PLOT NO. 50 GONDPUR INDUSTRIAL AREA, TEHSIL PAONTA SAHIB, DISTRICT SIRMOUR173025, HIMACHAL PRADESH, INDIA	B4-1129	TREATMENT OF INFECTIONS CAUSED BY SUSCEPTIBLE MICRO-ORGANISMS	10/28/2021	10/27/2026																																																																																																																																																																																																																																													",2 x 7&#039;s,"Each tablet contains; Amoxicillin 500 mg, Clavulanic Acid 125 mg",,J01CR02,https://greenbook.nafdac.gov.ng/products/details/10097,2026-09-29T10:52:30.242228+00:00
Greenbook NAFDAC,4689,6415,Moxipil-CV 1000 Tablets## (smpc null),1,Drugs,"{'id': 1, 'name': 'Drugs', 'created_at': '-000001-11-30T00:00:00.000000Z', 'updated_at': '2022-03-17T16:53:12.000000Z', 'deleted_at': None}",423,Amoxicillin (Amoxicillin Trihydrate); Clavulanic Acid (Potassium Clavulanate),,A4-100574,1,Tablet,1,Oral,875 mg; 125 mg,17,Bio-Generics Nigeria Limited,2023-10-31,2028-10-30,Active,"Tablet

68	NF-PP-332180	MOXIPIL-CV 1000 TABLETS	Amoxicillin Trihydrate BP 875mg and Diluted Potassium Clavulanate BP 125mg	Amoxicillin Trihydrate BP 500mg, Diluted Potassium Clavulanate BP 125mg, Colloidal anhydrous silica BP, Magnesium Stearate BP, Sodium Starch Glycolate BP, Purified Talc BP, Microcrystalline cellulose BP, Opadry white (IH), Dibutyl Phthalate BP, Isopropyl Alcohol BP, Dichlromethane BP.	A4-100574	Drugs	Imported Products	2*7	Prescription Only Medicine (POM)	5/17/2023	BIO-GENERICS NIGERIA LIMITED, HOUSE, 13, HUGHES AVENUE, ALAGOMEJI, YABA, LAGOS LAGOS	-7051431516	drabiogenerics@gmail.com	PIL PHARMACEUTICALS LIMITED, Plot no.71 &amp; 72, Sector-6A, IIE, SIIDCUL, Haridwar-249403 (Uttarakhand), INDIA, India",2 x 7&#039;s,"Each tablet contains: Amoxicillin Trihydrate BP 875 mg, Diluted Potassium Clavulanate BP 125 mg
Excipients q.s.",https://admin.greenbook.nafdac.gov.ng/uploadImage/smpc_files/2024/12/26/20241226f4a5a241-a48a-5c84-b62d-31ef1e169f0a.pdf,J01CR02,https://greenbook.nafdac.gov.ng/products/details/6415,2026-09-29T10:52:30.242228+00:00
Greenbook NAFDAC,4690,6382,Moxipil-CV 625 Tablets##,1,Drugs,"{'id': 1, 'name': 'Drugs', 'created_at': '-000001-11-30T00:00:00.000000Z', 'updated_at': '2022-03-17T16:53:12.000000Z', 'deleted_at': None}",423,Amoxicillin (Amoxicillin Trihydrate); Clavulanic Acid (Potassium Clavulanate),,A4-100573,1,Tablet,1,Oral,500 mg; 125 mg,17,Bio-Generics Nigeria Limited,2023-10-31,2028-10-30,Active,"Tablet
Off-white colored, elongated, biconvex, on one side scored, film coated tablet

67	NF-PP-332146	MOXIPIL-CV 625 TABLETS	Amoxicillin Trihydrate BP 500mg and Diluted Potassium Clavulanate BP 125mg	Amoxicillin Trihydrate BP 500mg, Diluted Potassium Clavulanate BP 125mg, Colloidal anhydrous silica BP, Magnesium Stearate BP, Sodium Starch Glycolate BP, Purified Talc BP, Carmellose Calcium BP, Opadry white (IH), Dibutyl Phthalate BP, Isopropyl Alcohol BP, Dichlromethane BP.	A4-100573	Drugs	Imported Products	2*10	POM 2	5/17/2023	BIO-GENERICS NIGERIA LIMITED, HOUSE, 13, HUGHES AVENUE, ALAGOMEJI, YABA, LAGOS LAGOS	-7051431516	drabiogenerics@gmail.com	PIL PHARMACEUTICALS LIMITED, Plot no.71 &amp; 72, Sector-6A, IIE, SIIDCUL, Haridwar-249403 (Uttarakhand), INDIA, India			",2 x 10&#039;s (in Alu-Alu strips),"Each film coated tablet contains: Amoxicillin Trihydrate BP 500 mg, Diluted Potassium Clavulanate BP 125 mg
Excipients q.s.
Color: Titanium Dioxide BP",https://admin.greenbook.nafdac.gov.ng/uploadImage/smpc_files/2024/12/26/20241226998bcdad-bfe4-5b13-9afb-816ee27ede7e.pdf,J01CR02,https://greenbook.nafdac.gov.ng/products/details/6382,2026-09-29T10:52:30.242228+00:00
Greenbook NAFDAC,4691,10066,Moxitin 500 Capsules_,1,Drugs,"{'id': 1, 'name': 'Drugs', 'created_at': '-000001-11-30T00:00:00.000000Z', 'updated_at': '2022-03-17T16:53:12.000000Z', 'deleted_at': None}",1546,Amoxicillin (Amoxicillin Trihydrate),Amoxycillin,04-4800,2,Capsule,1,Oral,500 mg,351,Clarion Medicals Limited,2021-01-28,2026-01-27,Inactive,"Hard Capsule.

22	MOXITIN  500 CAPSULES	MOXITIN	AMOXICILLIN 	AMOXICILLIN 500MG	PRESCRIPTION ONLY MEDICINE	CAPSULES	10 X 10	ANTIBIOTIC	CLARION MEDICALS LTD	23, AFOLABI LESI STREET, ILUPEJU, LAGOS STATE	CSPC ZHONGNUO PHARMACEUTICAL (SHIJIAHUANG) CO., LTD.,     	NO. 88, YANGZI ROAD, SHIJIAZHUANG CITY, P. R CHINA.      	04-4800	TREATMENT OF INFECTIONS CAUSED BY SUSCEPTIBLE MICRO-ORGANISMS	28/01/2021	0127/2026	",10 x 10&#039;s,Each capsule contains: Amoxicillin Trihydrate equiv. to Amoxicillin 500 mg,https://admin.greenbook.nafdac.gov.ng/uploadImage/smpc_files/2025/01/27/2025012748e4a4e5-4146-56fc-8ec2-2984059172ca.pdf,J01CA04,https://greenbook.nafdac.gov.ng/products/details/10066,2026-09-29T10:52:30.242228+00:00
Greenbook NAFDAC,4692,5245,Moxypak Gelules##,1,Drugs,"{'id': 1, 'name': 'Drugs', 'created_at': '-000001-11-30T00:00:00.000000Z', 'updated_at': '2022-03-17T16:53:12.000000Z', 'deleted_at': None}",1546,Amoxicillin (Amoxicillin Trihydrate),Amoxycillin,A11-1276,2,Capsule,1,Oral,500 mg,631,Charles Mekus Pharmaceutical &amp; Stores Nig. Limited,2022-01-27,2027-01-26,Active,"Capsule
Marron/yellow hard gelatin capsules size &quot;0&quot; printed with &quot;Moxypak-500&quot; containing white powder

Moxypak  Gelules	A11-1276	Moxypak	AMOXYCILLINE 	DRUG	ANTIBIOTICS	AMOXYCILLINE TRIHYDRATE EQUIVILENT TO AMOXYCILLINE 500MG	GELULES 	10 X 10 	PRESCRIPTION ONLY MEDICINE	TREATMENT OF INFECTION CAUSED BY  SUSCEPTIBLE ORGANISM 	CHARLES MEKUS PHARMACEUTICAL &amp; STORES NIG. LTD	NIGERIA	CHARLES MEKUS PHARMACEUTICAL &amp; STORES NIG. LTD	NIGERIA	05/26/2022	05/25/2027",10 x 10&#039;s (in blisters),"Each capsule contains: Amoxicillin (as Amoxicillin Trihydrate) 500 mg
Excipients q.s.",https://admin.greenbook.nafdac.gov.ng/uploadImage/smpc_files/2023/10/02/202310020e6309f7-6deb-5d9a-b23a-6ab16420ad71.pdf,J01CA04,https://greenbook.nafdac.gov.ng/products/details/5245,2026-09-29T10:52:30.242228+00:00
Greenbook NAFDAC,4693,11548,Mozatem 80/480 Tablet**,1,Drugs,"{'id': 1, 'name': 'Drugs', 'created_at': '-000001-11-30T00:00:00.000000Z', 'updated_at': '2022-03-17T16:53:12.000000Z', 'deleted_at': None}",528,Artemether; Lumefantrine,,A4-101499,1,Tablet,1,Oral,80 mg; 480 mg,1702,Lemon Drugs Trading,2025-08-27,2030-08-26,Active,"Film Coated Tablet.
Yellow coloured, circular, biconvex, film-coated tablet",1 x 6&#039;s (in blister),"Each film-coated tablet contains: Artemether 80 mg, Lumefantrine 480 mg",https://admin.greenbook.nafdac.gov.ng/uploadImage/smpc_files/2025/10/23/202510237c714f2e-cde7-5179-a8e4-e5cd49967808.pdf,P01BF01,https://greenbook.nafdac.gov.ng/products/details/11548,2026-09-29T10:52:30.242228+00:00
Greenbook NAFDAC,4694,6100,Mplon-200 Tablet**,1,Drugs,"{'id': 1, 'name': 'Drugs', 'created_at': '-000001-11-30T00:00:00.000000Z', 'updated_at': '2022-03-17T16:53:12.000000Z', 'deleted_at': None}",448,Cefpodoxime (Cefpodoxime Proxetil),,A4-4972,1,Tablet,1,Oral,200 mg,456,Feccox Pharmacy and General Enterprises Ltd,2023-04-26,2028-04-25,Active,Film Coated Tablet,1 x 10&#039;s (in blister),"Each film coated tablet contains: Cefpodoxime Proxetil USP equivalent to Cefpodoxime 200 mg, Excipients q.s.",https://admin.greenbook.nafdac.gov.ng/uploadImage/smpc_files/2023/09/29/202309296298c746-7fd3-53e3-89c8-b2c8bc40f22b.pdf,J01DD13,https://greenbook.nafdac.gov.ng/products/details/6100,2026-09-29T10:52:30.242228+00:00
Greenbook NAFDAC,4695,11505,Muditin 40 Injection**,1,Drugs,"{'id': 1, 'name': 'Drugs', 'created_at': '-000001-11-30T00:00:00.000000Z', 'updated_at': '2022-03-17T16:53:12.000000Z', 'deleted_at': None}",1786,Enoxaparin Sodium,,A6-100201,107,Solution for injection,19,Subcutaneous,40 mg/0.4 mL,1224,Ignite Pharma Nigeria Limited,2025-06-25,2030-06-24,Active,Solution for injection in pre-filled syringes (PFS),0.4 mL x 1&#039;s (in clear PFS with needle),"Each 0.4 mL PFS contains: Enoxaparin sodium 40mg, Water for injection q.s.",https://admin.greenbook.nafdac.gov.ng/uploadImage/smpc_files/2025/09/01/20250901a91449e0-c0a0-5578-b80c-f03becafb3b3.pdf,B01AB05,https://greenbook.nafdac.gov.ng/products/details/11505,2026-09-29T10:52:30.242228+00:00
Greenbook NAFDAC,4696,11506,Muditin 60 Injection**,1,Drugs,"{'id': 1, 'name': 'Drugs', 'created_at': '-000001-11-30T00:00:00.000000Z', 'updated_at': '2022-03-17T16:53:12.000000Z', 'deleted_at': None}",1786,Enoxaparin Sodium,,A6-100201,107,Solution for injection,19,Subcutaneous,60 mg/0.6 mL,1224,Ignite Pharma Nigeria Limited,2025-06-25,2030-06-24,Active,Solution for injection in pre-filled syringes (PFS),0.6 mL x 1&#039;s (in clear PFS with needle),"Each 0.6 mL PFS contains: Enoxaparin sodium 60mg, Water for injection q.s.",https://admin.greenbook.nafdac.gov.ng/uploadImage/smpc_files/2025/09/01/20250901075a6dec-a602-5c7c-b55f-1b9db445d132.pdf,B01AB05,https://greenbook.nafdac.gov.ng/products/details/11506,2026-09-29T10:52:30.242228+00:00
Greenbook NAFDAC,4697,12427,MUJID Artemether & Lumefantrine Tablet $,1,Drugs,"{'id': 1, 'name': 'Drugs', 'created_at': '-000001-11-30T00:00:00.000000Z', 'updated_at': '2022-03-17T16:53:12.000000Z', 'deleted_at': None}",528,Artemether; Lumefantrine,,B4-9551,1,Tablet,1,Oral,20mg; 120mg,869,Mujid Healthcare Limited,2025-12-18,2030-12-17,Active,"MUJID ARTEMETHER &amp; LUMEFANTRINE TABLET	&quot;ARTEMETHER 20MG, LUMEFANTRINE 12OMG
Q.S&quot;	B4-9551	Drugs	Imported Product	1X10,1X24	03-07-2025	MUJID HEALTHCARE LIMITED, ROAD 8, GREENLAND ES AJAH LAGOS	08069718539	mujidhealth@gmail.com	GLOW PHARMA PVT. LTD, Plot No. 26,27,28/2, Shangrilla Indl. Complex, Vasai (East), Dist. Palgar-401 208. India.
","1x10,1x 24","Each tablet contains: Artemether 20 mg, Lumefantrine 120 mg
Excipients q.s.  
",https://admin.greenbook.nafdac.gov.ng/uploadImage/smpc_files/2026/02/02/202602026c96c9a8-88e2-56d6-8342-6f32dca2220f.pdf,P01BF01,https://greenbook.nafdac.gov.ng/products/details/12427,2026-09-29T10:52:30.242228+00:00
Greenbook NAFDAC,4698,7651,Mujid Diclofenac BP 50 mg & Paracetamol BP 500 mg Tablets##,1,Drugs,"{'id': 1, 'name': 'Drugs', 'created_at': '-000001-11-30T00:00:00.000000Z', 'updated_at': '2022-03-17T16:53:12.000000Z', 'deleted_at': None}",1549,Diclofenac Sodium; Paracetamol,,B4-9288,1,Tablet,1,Oral,50 mg; 500 mg,869,Mujid Healthcare Limited,2024-03-27,2029-03-26,Active,"Tablet
Green colored, oval shaped, uncoated tablet having a break line on one side of each tablet

57	RNW-PP-349123	MUJID DICLOFENAC BP 50MG &amp; PARACETAMOL BP 500MG TABLETS	DICLOFENAC SODIUM BP 50MG &amp; PARACETAMOL BP 500MG	DICLOFENAC SODIUM BP 50MG &amp; PARACETAMOL BP 500MG	B4-9288	Drugs	Imported Products	10X1X10	POM 1	8/15/2023	MUJID HEALTHCARE LIMITED, ROAD 8, GREENLAND ES AJAH LAGOS	GLOW PHARMA PVT. LTD., PLOT NO. 26, 27, 28/2, SHANGNILLA INDUSTRIAL COMPLEX CHINCHPADA, GOKHIVARE , VASAL ( E) THANE 401208 MAHARASHTRA STATE, INDIA. , India						",10 x 1 x 10&#039;s,"Each uncoated tablet contains: Diclofenac Sodium BP 50 mg, Paracetamol BP 500 mg
Color: Approved color used (In house)
Excipients q.s.",https://admin.greenbook.nafdac.gov.ng/uploadImage/smpc_files/2024/11/28/2024112877f69d0e-3095-5a0e-96da-f6b03a872bac.pdf,M01AB55,https://greenbook.nafdac.gov.ng/products/details/7651,2026-09-29T10:52:30.242228+00:00
Greenbook NAFDAC,4699,7605,Mujid Diclofenac Potassium Bp 50 mg Tablets##,1,Drugs,"{'id': 1, 'name': 'Drugs', 'created_at': '-000001-11-30T00:00:00.000000Z', 'updated_at': '2022-03-17T16:53:12.000000Z', 'deleted_at': None}",1125,Diclofenac Potassium,,B4-9502,1,Tablet,1,Oral,50 mg,869,Mujid Healthcare Limited,2024-03-27,2029-03-26,Active,"Tablet
Purple colored, circular shaped, biconvex  film coated tablet

38	RNW-PP-349026	MUJID DICLOFENAC POTASSIUM BP 50MG TABLETS	DICLOFENAC POTASSIUM BP 50MG	DICLOFENAC POTASSIUM BP 50MG EXCIPIENTS: Q.S	B4-9502	Drugs	Imported Products	10X1X10	Prescription Only Medicine (POM)	8/15/2023	MUJID HEALTHCARE LIMITED, ROAD 8, GREENLAND ES AJAH LAGOS	M/S GLOW PHARMA PVT. LTD, 26,27,28/2, SHANGRILLA IND. COMPLEX, CHINCHPADA, VASAI EAST, DISTRICT PAGHAR-401208, MAHASHRATA STATE, INDIA., India			",10 x 1 x 10&#039;s (in AIu-PVC blisters),"Each film coated tablet contains: Diclofenac Potassium BP 50 mg
Excipients q.s.
Color: Approved color used",https://admin.greenbook.nafdac.gov.ng/uploadImage/smpc_files/2024/11/28/202411288b6a1ea7-32b4-59bc-bdf2-20816d1ede5b.pdf,M01AB05,https://greenbook.nafdac.gov.ng/products/details/7605,2026-09-29T10:52:30.242228+00:00
Greenbook NAFDAC,4700,7195,Multichris Allopurinol 300 mg Tablets##,1,Drugs,"{'id': 1, 'name': 'Drugs', 'created_at': '-000001-11-30T00:00:00.000000Z', 'updated_at': '2022-03-17T16:53:12.000000Z', 'deleted_at': None}",102,Allopurinol,,B4-8171,1,Tablet,1,Oral,300 mg,466,Multichris Pharmaceutical and Chemical Company Limited,2024-01-31,2029-01-30,Active,"Tablet
White colored, round shaped, biconvex uncoated tablet, with one side plain and the other side embossing of &quot;MCP&quot;

39	RNW-PP-313235	MULTICHRIS ALLOPURINOL 300MG TABLETS	ALLOPURINOL 300MG	ALLOPURINOL 300MG LACTOSE, MAIZE STARCH, PURIFIED TALC, COLLOIDAL SILICON DIOXIDE, CROSCAMELOSSE SODIUM, PVPK-30, METHY HYDROXYBENZOATE, SODIUM LAURYL SULPHATE, MAGNESIUM STEARATE, PURIFIED WATER	B4-8171	Drugs	Imported Products	2X14	Prescription Only Medicine (POM)	4/26/2023	MULTICHRIS PHARMACEUTICAL AND CHEMICAL COMPANY LIMITED, , HERBERT MACAULAY STREET, YABA, LAGOS	8054517002	multichris20@gmail.com	RELAX BIOTECH PVT.LTD, 862/1, G.I.D.C., MAKARPURA, VADODARA- 390010, GUJARAT, INDIA., India														",2 x 14&#039;s (in blisters),"Each uncoated tablet contains: Allopurinol 300 mg
Excipients q.s.",https://admin.greenbook.nafdac.gov.ng/uploadImage/smpc_files/2024/12/01/2024120101b184c4-4592-51be-9cbd-5490bc69f3ac.pdf,M04AA01,https://greenbook.nafdac.gov.ng/products/details/7195,2026-09-29T10:52:30.242228+00:00
Greenbook NAFDAC,4701,8894,Multichris Amlodipine 10 mg Tablets**,1,Drugs,"{'id': 1, 'name': 'Drugs', 'created_at': '-000001-11-30T00:00:00.000000Z', 'updated_at': '2022-03-17T16:53:12.000000Z', 'deleted_at': None}",272,Amlodipine (Amlodipine Besilate),Amlodipine (Amlodipine Besylate),C4-1617,1,Tablet,1,Oral,10 mg,466,Multichris Pharmaceutical and Chemical Company Limited,2021-02-25,2026-02-24,Inactive,Tablet,2 x 14&#039;s (in blisters),Each tablet contains: Amlodipine Besilate equiv. to Amlodipine 10 mg,,C08CA01,https://greenbook.nafdac.gov.ng/products/details/8894,2026-09-29T10:52:30.242228+00:00
Greenbook NAFDAC,4702,7196,Multichris Atenolol 50 mg Tablets##,1,Drugs,"{'id': 1, 'name': 'Drugs', 'created_at': '-000001-11-30T00:00:00.000000Z', 'updated_at': '2022-03-17T16:53:12.000000Z', 'deleted_at': None}",237,Atenolol,,B4-7529,1,Tablet,1,Oral,50 mg,466,Multichris Pharmaceutical and Chemical Company Limited,2024-01-31,2029-01-30,Active,"Tablet
Orange colored, round shaped, biconvex film coated tablet, with one side plain and the other side plain

75	RNW-PP-279827	MULTICHRIS ATENOLOL 50MG TABLETS	ATENOLOL BP 50MG	ATENOLOL BP 50MG	B4-7529	Drugs	Imported Products	2X14TABLETS	Prescription Only Medicine (POM)	9/19/2022	MULTICHRIS PHARMACEUTICAL AND CHEMICAL COMPANY LIMITED, , HERBERT MACAULAY STREET, YABA, LAGOS	8054517002	multichris20@gmail.com	RELAX BIOTECH PVT.LTD, 862/1, G.I.D.C., MAKARPURA, VADODARA- 390010, GUJARAT, INDIA., India",2 x 14&#039;s (in blisters),"Each film coated tablet contains: Atenolol BP 50 mg
Excipients q.s. including Lactose
Color: Sunset Yellow YCF",https://admin.greenbook.nafdac.gov.ng/uploadImage/smpc_files/2024/11/29/20241129df271993-81dd-51dc-adc0-2d500d94260f.pdf,C07AB03,https://greenbook.nafdac.gov.ng/products/details/7196,2026-09-29T10:52:30.242228+00:00
Greenbook NAFDAC,4703,7197,Multichris Atenolol BP 100 mg Tablets##,1,Drugs,"{'id': 1, 'name': 'Drugs', 'created_at': '-000001-11-30T00:00:00.000000Z', 'updated_at': '2022-03-17T16:53:12.000000Z', 'deleted_at': None}",237,Atenolol,,B4-7530,1,Tablet,1,Oral,100 mg,466,Multichris Pharmaceutical and Chemical Company Limited,2024-01-31,2029-01-30,Active,"Tablet
Orange colored, round shaped, biconvex film coated tablet, with one side plain and the other side plain

74	RNW-PP-279823	MULTICHRIS ATENOLOL BP 100MG TABLETS	ATENOLOL BP 100MG	ATENOLOL BP 100MG	B4-7530	Drugs	Imported Products	2X14TABLETS	Prescription Only Medicine (POM)	9/19/2022	MULTICHRIS PHARMACEUTICAL AND CHEMICAL COMPANY LIMITED, , HERBERT MACAULAY STREET, YABA, LAGOS	8054517002	multichris20@gmail.com	RELAX BIOTECH PVT.LTD, 862/1, G.I.D.C., MAKARPURA, VADODARA- 390010, GUJARAT, INDIA., India",2 x 14&#039;s (in blisters),"Each film coated tablet contains: Atenolol BP 100 mg
Excipients q.s.",https://admin.greenbook.nafdac.gov.ng/uploadImage/smpc_files/2024/11/29/20241129a2c490f2-7992-5259-9bcb-e3b78788072f.pdf,C07AB03,https://greenbook.nafdac.gov.ng/products/details/7197,2026-09-29T10:52:30.242228+00:00
Greenbook NAFDAC,4704,9004,Multichris Lisinopril 10 mg Tablet**,1,Drugs,"{'id': 1, 'name': 'Drugs', 'created_at': '-000001-11-30T00:00:00.000000Z', 'updated_at': '2022-03-17T16:53:12.000000Z', 'deleted_at': None}",250,Lisinopril,,C4-1618,1,Tablet,1,Oral,10 mg,466,Multichris Pharmaceutical and Chemical Company Limited,2021-02-25,2026-02-24,Inactive,Tablet,2 x 14&#039;s,Each tablet contains: Lisinopril BP 10 mg,,C09AA03,https://greenbook.nafdac.gov.ng/products/details/9004,2026-09-29T10:52:30.242228+00:00
Greenbook NAFDAC,4705,7538,Multichris Losartan Potassium Tablets 50 mg##,1,Drugs,"{'id': 1, 'name': 'Drugs', 'created_at': '-000001-11-30T00:00:00.000000Z', 'updated_at': '2022-03-17T16:53:12.000000Z', 'deleted_at': None}",263,Losartan Potassium,,B4-8652,1,Tablet,1,Oral,50 mg,466,Multichris Pharmaceutical and Chemical Company Limited,2024-03-27,2029-03-26,Active,"Tablet

94	RNW-PP-339131	MULTICHRIS LOSARTAN POTASSIUM TABLETS 50MG	LOSARTAN POTASSIUM B.P 50MG	LOSARTAN POTASSIUM BP 50MG Lactose, Maize starch, Microcrystalline cellulose crosoamellose sodium, Povidone K-30%, Isoprophyl Alcohol, Magnesium Stearate, Purified Talc Colloidal Silicon dioxide, Kyron T-314	B4-8652	Drugs	Imported Products	2X14TABLETS	Prescription Only Medicine (POM)	9/18/2023	MULTICHRIS PHARMACEUTICAL AND CHEMICAL COMPANY LIMITED, , HERBERT MACAULAY STREET, YABA, LAGOS	M/S RELAX BIOTECH PVT LTD, 862/1 G.I.D.C MAKARPURA , VADODARA 390010, India							",2 x 14&#039;s (in AIu-PVC blisters),"Each film coated tablet contains: Losartan Potassium BP 50 mg
Excipients q.s.
Color: Titanium Dioxide BP",https://admin.greenbook.nafdac.gov.ng/uploadImage/smpc_files/2024/11/29/20241129fe597c1b-a6f8-5db3-870b-cddbc5adb38f.pdf,C09CA01,https://greenbook.nafdac.gov.ng/products/details/7538,2026-09-29T10:52:30.242228+00:00
Greenbook NAFDAC,4706,7198,Multichris Ramipril Capsules 10 mg##,1,Drugs,"{'id': 1, 'name': 'Drugs', 'created_at': '-000001-11-30T00:00:00.000000Z', 'updated_at': '2022-03-17T16:53:12.000000Z', 'deleted_at': None}",255,Ramipril,,B4-8676,2,Capsule,1,Oral,10 mg,466,Multichris Pharmaceutical and Chemical Company Limited,2024-01-31,2029-01-30,Active,"Capsule
A white colored powder filled in Caramel White with &quot;R-5&quot; printed hard gelatin capsule

73	RNW-PP-328862	MULTICHRIS RAMIPRIL CAPSULES 10MG	RAMIPRIL BP 10MG	RAMIPRIL 10MG MAIZE STARCH, LACTOSE, COLLOIDAL SILICON DIOXIDE, PURIFIED TALC, MAGNESIUM STEARATE, CROSCARMELLOSE SODIUM, EMPTY PRINTED HARD GELATIN CAPSULE LIGHT BLUE/WHITE WITH R-10 SIZE &quot;4&quot;	B4-8676	Drugs	Imported Products	2X14	Prescription Only Medicine (POM)	5/10/2023	MULTICHRIS PHARMACEUTICAL AND CHEMICAL COMPANY LIMITED, , HERBERT MACAULAY STREET, YABA, LAGOS	8054517002	multichris20@gmail.com	RELAX BIOTECH PVT.LTD, 862/1, G.I.D.C., MAKARPURA, VADODARA- 390010, GUJARAT, INDIA., India									",2 x 14&#039;s (in blisters),"Each capsule contains: Ramipril BP 10 mg
Excipients q.s.
Approved color used in capsule shell",https://admin.greenbook.nafdac.gov.ng/uploadImage/smpc_files/2024/12/01/20241201572b3e26-0f02-5e4f-bb5b-d7d2c4703bc7.pdf,C09AA05,https://greenbook.nafdac.gov.ng/products/details/7198,2026-09-29T10:52:30.242228+00:00
Greenbook NAFDAC,4707,7199,Multichris Ramipril Capsules 5 mg##,1,Drugs,"{'id': 1, 'name': 'Drugs', 'created_at': '-000001-11-30T00:00:00.000000Z', 'updated_at': '2022-03-17T16:53:12.000000Z', 'deleted_at': None}",255,Ramipril,,B4-8677,2,Capsule,1,Oral,5 mg,466,Multichris Pharmaceutical and Chemical Company Limited,2024-01-31,2029-01-30,Active,"Capsule
A white colored powder filled in Caramel White with &quot;R-5&quot; printed hard gelatin capsule

40	RNW-PP-328329	MULTICHRIS RAMIPRIL CAPSULES 5MG	RAMIPRIL BP 5MG	RAMIPRIL 5MG MAIZE STARCH, LACTOSE, COLLOIDAL SILICON DIOXIDE, PURIFIED TALC, MAGNESIUM STEARATE, CROSCARMELLOSE SODIUM, EMPTY PRINTED HARD GELATIN CAPSULE CARAMEL/WHITE WITH R-5 SIZE &quot;4&quot;	B4-8677	Drugs	Imported Products	2X14	Prescription Only Medicine (POM)	5/10/2023	MULTICHRIS PHARMACEUTICAL AND CHEMICAL COMPANY LIMITED, , HERBERT MACAULAY STREET, YABA, LAGOS	8054517002	multichris20@gmail.com	RELAX BIOTECH PVT.LTD, 862/1, G.I.D.C., MAKARPURA, VADODARA- 390010, GUJARAT, INDIA., India		",2 x 14&#039;s (in blisters),"Each capsule contains: Ramipril BP 5 mg
Excipients q.s. including Lactose
Approved colors used in capsule shell",https://admin.greenbook.nafdac.gov.ng/uploadImage/smpc_files/2024/12/01/20241201e73e0480-ce8e-565f-96bd-26930940c992.pdf,C09AA05,https://greenbook.nafdac.gov.ng/products/details/7199,2026-09-29T10:52:30.242228+00:00
Greenbook NAFDAC,4708,7200,Multichris Warfarin Tablets##,1,Drugs,"{'id': 1, 'name': 'Drugs', 'created_at': '-000001-11-30T00:00:00.000000Z', 'updated_at': '2022-03-17T16:53:12.000000Z', 'deleted_at': None}",335,Warfarin Sodium,,B4-8907,1,Tablet,1,Oral,5 mg,466,Multichris Pharmaceutical and Chemical Company Limited,2024-01-31,2029-01-30,Active,"Tablet
White colored, round shaped, biconvex uncoated tablet having a break line on one side and the other side having an embossing of &quot;MCP&quot;

38	RNW-PP-328882	MULTICHRIS WARFARIN TABLETS	WARFARIN SODIUM BP 5MG	WARFARIN SODIUM 5MG&quot; LACTOSE, MAIZE STARCH IRORYSTALLINE ELLULOSE POIDONE K-30%, ISOPROPYL ALCHOHOL, PURIFIED TACL, MAGNESIUM STEARATE, COLLOIDAL SILICON DIOXIDE, KYRON T-314	MULTICHRIS WARFARIN TABLETSMULTICHRIS WARFARIN TABLETS	Drugs	Imported Products	2X14	Prescription Only Medicine (POM)	5/10/2023	MULTICHRIS PHARMACEUTICAL AND CHEMICAL COMPANY LIMITED, , HERBERT MACAULAY STREET, YABA, LAGOS	8054517002	multichris20@gmail.com	RELAX BIOTECH PVT.LTD, 862/1, G.I.D.C., MAKARPURA, VADODARA- 390010, GUJARAT, INDIA., India	",2 x 14&#039;s (in blisters),"Each uncoated tablet contains: Warfarin Sodium BP 5 mg
Excipients q.s.",https://admin.greenbook.nafdac.gov.ng/uploadImage/smpc_files/2024/12/01/20241201e6d36612-2382-51fa-952f-fae6894ad48c.pdf,B01AA03,https://greenbook.nafdac.gov.ng/products/details/7200,2026-09-29T10:52:30.242228+00:00
Greenbook NAFDAC,4709,12032,Mumfer Chewable Tablets_,1,Drugs,"{'id': 1, 'name': 'Drugs', 'created_at': '-000001-11-30T00:00:00.000000Z', 'updated_at': '2022-03-17T16:53:12.000000Z', 'deleted_at': None}",321,Iron (Iron polymaltose); Folic acid,,A4-7821,6,Chewable tablet,1,Oral,100 mg; 500 mcg,1062,Glenmark Pharmaceuticals Nigeria Limited,2021-03-01,2026-02-28,Inactive,Chewable Tablet,,"Each tablet contains: Iron (iii) Hydroxide Polymaltose 100 mg, and Folic Acid 500 mcg",,B03AD04,https://greenbook.nafdac.gov.ng/products/details/12032,2026-09-29T10:52:30.242228+00:00
Greenbook NAFDAC,4710,10798,Mumfer Syrup_ (Updates needed),1,Drugs,"{'id': 1, 'name': 'Drugs', 'created_at': '-000001-11-30T00:00:00.000000Z', 'updated_at': '2022-03-17T16:53:12.000000Z', 'deleted_at': None}",318,Iron (Iron polymaltose),Iron (III) hydroxide polymaltose,A4-7822,103,Syrup,1,Oral,50 mg/5 mL,1062,Glenmark Pharmaceuticals Nigeria Limited,2021-03-01,2026-02-28,Inactive,"Oral solution.
Clear brown-coloured viscous flavoured liquid with a sweet taste.

42	Iron (Iii) Hydroxide Polymaltose	A4-7822	Mumfer Syrup	Iron (Iii) Hydroxide Polymaltose	Vitamins	Oral	50 mg/5ml	Syrup	Prescription Only Medicine (Pom)	Glenmark Pharmaceuticals Nig  Ltd	M/S Glenmark Pharmaceutical Ltd	India	2021-03-01	2026-02-28",,Each 5 mL contains: Iron (III) Hydroxide Polymaltose Complex equiv. to Elemental Iron 50 mg (In Syrup Base),https://admin.greenbook.nafdac.gov.ng/uploadImage/smpc_files/2023/05/27/20230527d403525d-830f-5497-a2a1-5889961524df.pdf,B03A,https://greenbook.nafdac.gov.ng/products/details/10798,2026-09-29T10:52:30.242228+00:00
Greenbook NAFDAC,4711,10222,Munart Injection##,1,Drugs,"{'id': 1, 'name': 'Drugs', 'created_at': '-000001-11-30T00:00:00.000000Z', 'updated_at': '2022-03-17T16:53:12.000000Z', 'deleted_at': None}",542,Artemether,,B4-3570,107,Solution for injection,9,Intramuscular,80 mg/mL,473,Nasajones Industries Ltd,2021-09-28,2026-09-27,Inactive,Solution for Injection,6 x 1 mL (in ampoules),Each mL ampoule contains: Artemether 80 mg,,P01BE02,https://greenbook.nafdac.gov.ng/products/details/10222,2026-09-29T10:52:30.242228+00:00
Greenbook NAFDAC,4712,975,Mupiderm Ointment**,1,Drugs,"{'id': 1, 'name': 'Drugs', 'created_at': '-000001-11-30T00:00:00.000000Z', 'updated_at': '2022-03-17T16:53:12.000000Z', 'deleted_at': None}",834,Mupirocin,,B4-2835,58,Ointment,21,Topical,2%,374,Aquatix Pharmaceuticals Limited,2021-05-07,2026-05-06,Inactive,Ointment,,"Mupirocin 2% w/w Ointment.
Each gram contains: Mupirocin 20 mg",https://admin.greenbook.nafdac.gov.ng/uploadImage/smpc_files/2025/03/27/2025032777b5592b-cc12-5ba8-a4e2-a8c15f0bc923.pdf,D06AX09,https://greenbook.nafdac.gov.ng/products/details/975,2026-09-29T10:52:30.242228+00:00
Greenbook NAFDAC,4713,5246,Mupirocin Ointment USP 2% w/w**,1,Drugs,"{'id': 1, 'name': 'Drugs', 'created_at': '-000001-11-30T00:00:00.000000Z', 'updated_at': '2022-03-17T16:53:12.000000Z', 'deleted_at': None}",834,Mupirocin,,A4-100451,58,Ointment,21,Topical,2%,885,Restore Healthcare Ltd,2023-07-06,2028-07-05,Active,Topical Ointment,15 g (in lami tube),"Each gram contains: Mupirocin USP 20 mg, Ointment base q.s.",https://admin.greenbook.nafdac.gov.ng/uploadImage/smpc_files/2023/08/24/20230824cf3fbdf0-04ee-50c2-90d8-4961ea17d2f9.pdf,D06AX09,https://greenbook.nafdac.gov.ng/products/details/5246,2026-09-29T10:52:30.242228+00:00
Greenbook NAFDAC,4714,12243,Mupirocin Ointment USP 2.0% w/w_,1,Drugs,"{'id': 1, 'name': 'Drugs', 'created_at': '-000001-11-30T00:00:00.000000Z', 'updated_at': '2022-03-17T16:53:12.000000Z', 'deleted_at': None}",834,Mupirocin,,A4-101637,58,Ointment,21,Topical,2%,1694,NIMO PHARMACEUTICALS LTD,2025-10-29,2030-10-28,Active,Ointment,1 x 15 g (in Lami tube),"The ointment contains: Mupirocin USP 2% w/w, Water Soluble Ointment Base q.s.
Excipients q.s.",https://admin.greenbook.nafdac.gov.ng/uploadImage/smpc_files/2025/12/01/2025120139d26bb7-6359-576d-81c8-1590b0646df4.pdf,D06AX09,https://greenbook.nafdac.gov.ng/products/details/12243,2026-09-29T10:52:30.242228+00:00
Greenbook NAFDAC,4715,7182,Mupirocin Ointment**,1,Drugs,"{'id': 1, 'name': 'Drugs', 'created_at': '-000001-11-30T00:00:00.000000Z', 'updated_at': '2022-03-17T16:53:12.000000Z', 'deleted_at': None}",834,Mupirocin,,A4-100733,58,Ointment,21,Topical,2%,376,First J. Pocco Pharmacy Limited,2024-01-31,2029-01-30,Active,Topical Ointment,15 g (in lami tube),"Mupirocin USP 2% w/w, Water Soluble Base q.s.",https://admin.greenbook.nafdac.gov.ng/uploadImage/smpc_files/2024/02/16/202402165214abaa-1760-57e6-a58d-348a5b11bc9c.pdf,D06AX09,https://greenbook.nafdac.gov.ng/products/details/7182,2026-09-29T10:52:30.242228+00:00
Greenbook NAFDAC,4716,12244,Mupisoft Ointment_,1,Drugs,"{'id': 1, 'name': 'Drugs', 'created_at': '-000001-11-30T00:00:00.000000Z', 'updated_at': '2022-03-17T16:53:12.000000Z', 'deleted_at': None}",834,Mupirocin,,A4-101740,58,Ointment,21,Topical,2%,568,Al-Samparda Pharmaceuticals Nigeria Limited,2025-11-26,2030-11-25,Active,Ointment,1 x 5 g (in Alu tube),"Mupisoft Ointment contains: Mupirocin USP 2.0 % w/w, Ointment base q.s.
Excipients q.s.",https://admin.greenbook.nafdac.gov.ng/uploadImage/smpc_files/2025/12/10/202512109eba2967-886a-59b3-a761-e61c543ad483.pdf,D06AX09,https://greenbook.nafdac.gov.ng/products/details/12244,2026-09-29T10:52:30.242228+00:00
Greenbook NAFDAC,4717,3876,Muposan Powder##,1,Drugs,"{'id': 1, 'name': 'Drugs', 'created_at': '-000001-11-30T00:00:00.000000Z', 'updated_at': '2022-03-17T16:53:12.000000Z', 'deleted_at': None}",1191,Sorbitol,,A4-9952,111,Powder,1,Oral,5 g/sachet,1150,Smart Way Pharma Ltd Ikeja,2021-12-16,2026-12-15,Active,"Powder
Oral Powder in 5-g sachet",20 x 5 g (in sachets),Each sachet contains: Sorbitol 5 g,https://admin.greenbook.nafdac.gov.ng/uploadImage/smpc_files/2024/09/19/2024091983dad74a-954a-5d75-afca-eb1a3a620ec3.pdf,A06AD18,https://greenbook.nafdac.gov.ng/products/details/3876,2026-09-29T10:52:30.242228+00:00
Greenbook NAFDAC,4718,8779,Mureal Tablet**,1,Drugs,"{'id': 1, 'name': 'Drugs', 'created_at': '-000001-11-30T00:00:00.000000Z', 'updated_at': '2022-03-17T16:53:12.000000Z', 'deleted_at': None}",528,Artemether; Lumefantrine,,C4-1647,1,Tablet,1,Oral,80 mg; 480 mg,869,Mujid Healthcare Limited,2021-03-29,2026-03-28,Inactive,Tablets,10 x 1 x 6&#039;s (in PVC/PE/PVDC/aluminium blisters),"Each uncoated tablet contains: Artemether 80 mg, Lumefantrine 480 mg, Excipients q.s.",https://admin.greenbook.nafdac.gov.ng/uploadImage/smpc_files/2024/08/15/2024081597cfa27e-cde9-547c-a03a-bb1360593bb2.pdf,P01BF01,https://greenbook.nafdac.gov.ng/products/details/8779,2026-09-29T10:52:30.242228+00:00
Greenbook NAFDAC,4719,4232,Myclav 156##,1,Drugs,"{'id': 1, 'name': 'Drugs', 'created_at': '-000001-11-30T00:00:00.000000Z', 'updated_at': '2022-03-17T16:53:12.000000Z', 'deleted_at': None}",423,Amoxicillin (Amoxicillin Trihydrate); Clavulanic Acid (Potassium Clavulanate),,B4-6039,72,Powder for suspension,1,Oral,125 mg/5 mL; 31.25 mg/5 mL,271,Phillips Pharmaceuticals (Nigeria) Limited,2021-08-26,2026-08-25,Inactive,"Powder for Reconstitution
",1 x 125 mL bottle,"Each 5 mL suspension contains: Amoxicillin (as Amoxicillin Trihydrate) 125 mg, Potassium Clavulanate (as Potassium Clavulanate) 31.25 mg
Excipients q.s.",https://admin.greenbook.nafdac.gov.ng/uploadImage/smpc_files/2023/05/29/202305290ab19b0b-29bb-5650-befd-d6302e9e4bb4.pdf,J01CR02,https://greenbook.nafdac.gov.ng/products/details/4232,2026-09-29T10:52:30.242228+00:00
Greenbook NAFDAC,4720,3030,Myclav 228.5## (wrong smpc),1,Drugs,"{'id': 1, 'name': 'Drugs', 'created_at': '-000001-11-30T00:00:00.000000Z', 'updated_at': '2022-03-17T16:53:12.000000Z', 'deleted_at': None}",423,Amoxicillin (Amoxicillin Trihydrate); Clavulanic Acid (Potassium Clavulanate),,B4-6040,72,Powder for suspension,1,Oral,200 mg/5 mL; 28.5 mg/5 mL,271,Phillips Pharmaceuticals (Nigeria) Limited,2021-08-26,2026-08-25,Inactive,"Powder for Oral Suspension
",,"Each 5 mL reconstituted suspension contains: Amoxicillin Trihydrate equivalent to Amoxicillin 200 mg, Potassium Clavulanate equivalent to Clavulanic Acid 28.5 mg",https://admin.greenbook.nafdac.gov.ng/uploadImage/smpc_files/2023/05/29/202305299928bc20-b37f-57ee-aa99-5bd6c095b582.pdf,J01CR02,https://greenbook.nafdac.gov.ng/products/details/3030,2026-09-29T10:52:30.242228+00:00
Greenbook NAFDAC,4721,10100,Myclav-375 Tablets_,1,Drugs,"{'id': 1, 'name': 'Drugs', 'created_at': '-000001-11-30T00:00:00.000000Z', 'updated_at': '2022-03-17T16:53:12.000000Z', 'deleted_at': None}",423,Amoxicillin (Amoxicillin Trihydrate); Clavulanic Acid (Potassium Clavulanate),,A4-2146,1,Tablet,1,Oral,250 mg; 125 mg,271,Phillips Pharmaceuticals (Nigeria) Limited,2021-01-28,2026-01-27,Inactive,"Tablet.

91	MYCLAV-375 TABLETS 	MYCLAV	AMOXICILLIN TRIHYDRATE USP +CLAVULANATE POTASSIUM 	AMOXICILLIN TRIHYDRATE USP EQV TO AMOXICILLIN 250MG, CLAVULANATE POTASSIUM USP EQV TO CLAVULANIC ACID 125MG	PRESCRIPTION ONLY MEDICINE	TABLETS	2 X 10	ANTIBIOTIC	PHILLIPS PHARMACEUTICALS NIG. LTD	122-132, AFPRINT IND. ESTATE, APAPA-OSHODI, EXPRESS WAY, IYANA ISOLO, LAGOS STATE	UNICHEM LABORATORIES LTD., 	VILLAGE BHATAULI KALAN, BADDI DIST. SOLAN (H.P.)- 173205, INDIA.	A4-2146	TREATMENT OF INFECTIONS CAUSED BY SUSCEPTIBLE MICRO-ORGANISMS	28/01/2021	0127/2026	",2 x 10&#039;s,Each tablet contains: Amoxicillin Trihydrate USP equiv. to Amoxicillin 250 mg and Clavulanate Potassium USP equiv. to Clavulanic Acid 125 mg,,J01CR02,https://greenbook.nafdac.gov.ng/products/details/10100,2026-09-29T10:52:30.242228+00:00
Greenbook NAFDAC,4722,10099,Myclav-625 Tablets_,1,Drugs,"{'id': 1, 'name': 'Drugs', 'created_at': '-000001-11-30T00:00:00.000000Z', 'updated_at': '2022-03-17T16:53:12.000000Z', 'deleted_at': None}",423,Amoxicillin (Amoxicillin Trihydrate); Clavulanic Acid (Potassium Clavulanate),,A4-2324,1,Tablet,1,Oral,500 mg; 125 mg,271,Phillips Pharmaceuticals (Nigeria) Limited,2021-01-28,2026-01-27,Inactive,"Tablet.

90	MYCLAV-625 TABLETS 	MYCLAV	AMOXICILLIN TRIHYDRATE+CLAVULANATE POTASSIUM 	AMOXICILLIN TRIHYDRATE USP EQV TO AMOXICILLIN 500MG, CLAVULANATE POTASSIUM USP EQV TO CLAVULANIC ACID 125MG	PRESCRIPTION ONLY MEDICINE	TABLETS	2 X 7	ANTIBIOTIC	PHILLIPS PHARMACEUTICALS NIG. LTD	122-132, AFPRINT IND. ESTATE, APAPA-OSHODI, EXPRESS WAY, IYANA ISOLO, LAGOS STATE	UNICHEM LABORATORIES LTD., 	VILLAGE BHATAULI KALAN, BADDI DIST. SOLAN (H.P.)- 173205, INDIA.	A4-2324	TREATMENT OF INFECTIONS CAUSED BY SUSCEPTIBLE MICRO-ORGANISMS	28/01/2021	0127/2026	",2 x 7&#039;s,Each tablet contains: Amoxicillin Trihydrate USP equiv. to Amoxicillin 500 mg and Clavulanate Potassium USP equiv. to Clavulanic Acid 125 mg,,J01CR02,https://greenbook.nafdac.gov.ng/products/details/10099,2026-09-29T10:52:30.242228+00:00
Greenbook NAFDAC,4723,7181,Mycobutin Capsules 150 mg**,1,Drugs,"{'id': 1, 'name': 'Drugs', 'created_at': '-000001-11-30T00:00:00.000000Z', 'updated_at': '2022-03-17T16:53:12.000000Z', 'deleted_at': None}",505,Rifabutin,,A4-4726,2,Capsule,1,Oral,150 mg,260,Pfizer Specialties Ltd,2020-11-30,2025-11-29,Inactive,"Capsules for oral administration.
Capsules are opaque, red-brown, hard gelatin Size No. 0",1 x 30&#039;s (in PVC/AI blisters),Each capsule contains 150 mg Rifabutin,https://admin.greenbook.nafdac.gov.ng/uploadImage/smpc_files/2024/10/11/2024101187117c75-2dc6-5487-9571-27ec39ab50a2.pdf,J04AB04,https://greenbook.nafdac.gov.ng/products/details/7181,2026-09-29T10:52:30.242228+00:00
Greenbook NAFDAC,4724,6580,Myconys Oral Suspension##,1,Drugs,"{'id': 1, 'name': 'Drugs', 'created_at': '-000001-11-30T00:00:00.000000Z', 'updated_at': '2022-03-17T16:53:12.000000Z', 'deleted_at': None}",672,Nystatin,,A11-0671,102,Suspension,1,Oral,"100,000 IU",201,Jawa International Limited,2023-11-30,2028-11-22,Active,"Suspension
A yellow colored suspension

MYCONYS ORAL SUSPENSION	NYSTATIN	NYSTATIN 100,000 IU GLYCERINE PROPYLENE GLYCOL MAGNESIUM ALUMINIUM SILICATE METHYL PARABEN	A11-0671	Drugs	ANTIINFECTIVES FOR SYSTEMIC USE	Nigerian Products	30ml	POM 1	19/05/2023	JAWA INTERNATIONAL LIMITED, Plot 6, Abimbola Way, Isolo Industrial Estate	8036887062	spjawasil@gmail.com	JAWA INTERNATIONAL LIMITED, JAWA HOUSE, PLOT 6 ABIMBOLA WAY,ISOLO INDUSTRIAL ESTATE,ISOLO,LAGOS., JAWA INTERNATIONAL LIMITED, JAWA HOUSE, PLOT 6 ABIMBOLA WAY,ISOLO INDUSTRIAL ESTATE,ISOLO,LAGOS., Nigeria								",1 x 30 mL (in amber bottle),"Each mL contains: Nystatin 100,000 IU
Excipients q.s.",https://admin.greenbook.nafdac.gov.ng/uploadImage/smpc_files/2023/12/14/202312144e282e99-478e-52cd-9438-1dfefb9ed42d.pdf, A07AA0,https://greenbook.nafdac.gov.ng/products/details/6580,2026-09-29T10:52:30.242228+00:00
Greenbook NAFDAC,4725,4233,Mycoten Clotrimazole Cream##,1,Drugs,"{'id': 1, 'name': 'Drugs', 'created_at': '-000001-11-30T00:00:00.000000Z', 'updated_at': '2022-03-17T16:53:12.000000Z', 'deleted_at': None}",669,Clotrimazole,,04-1468,4,Cream,21,Topical,1%,162,Drugfield Pharmaceuticals Limited,2021-03-29,2026-03-28,Inactive,"Cream
A smooth white cream",1 x 35 g (in LDPE bottle),"Each tube of Mycoten contains: Clotrimazole 1% w/w
Excipients q.s.",https://admin.greenbook.nafdac.gov.ng/uploadImage/smpc_files/2024/06/25/202406256499fc6b-d70b-5ddf-8b00-e2b11f35a5e0.pdf,D01AC01,https://greenbook.nafdac.gov.ng/products/details/4233,2026-09-29T10:52:30.242228+00:00
Greenbook NAFDAC,4726,6096,Mycoten Plus Vaginal Tablet##,1,Drugs,"{'id': 1, 'name': 'Drugs', 'created_at': '-000001-11-30T00:00:00.000000Z', 'updated_at': '2022-03-17T16:53:12.000000Z', 'deleted_at': None}",675,Clindamycin (Clindamycin Phosphate); Clotrimazole,,A11-0693,97,Vaginal tablet,24,Vaginal,100 mg; 200 mg,162,Drugfield Pharmaceuticals Limited,2023-09-28,2028-09-27,Active,"Tablet

19	RNW-PP-311333	MYCOTEN PLUS VAGINAL TABLET	CLOTRIMAZOLE, CLINDAMYCIN	Clotrimazole Powder 28.000kg, Clindamycin Hydrochloride (1.1g of Clindamycin Hydrochloride equivalent 1.0g of Clindamycin) 15.400kg, Lactose Hydrous 24.310kg, Corn Starch 56.416kg, Polyvinyl Pyrollidone (K-30) 2.772kg, FD and C Blue Lake 3.000g, Tartrazine Yellow 3.000g, Magnessium stearate 1.386kg	A11-0693	Drugs	Nigerian Products	X7	POM 1	2/2/2023	DRUGFIELD PHARMACEUTICALS LIMITED., LYNSON CHEMICAL AVENUE, KM 38 LAGOS-ABEOKUTA EXPRESSWAY, SANGO-OTA,OGUN STATE	8029055002	info@drugfieldpharma.com	DRUGFIELD PHARMACEUTICALS LIMITED, 48, AKEJU STREET, PALMGROVE, SOMOLU, LAGOS STATE. P.O BOX 5831, IKEJA, LAGOS STATE., Nigeria					",1 x 7&#039;s (in blister),"Each tablet contains: Clindamycin 100 mg, Clotrimazole 200 mg
Excipients q.s.",https://admin.greenbook.nafdac.gov.ng/uploadImage/smpc_files/2023/10/07/202310078ee98525-27b4-5ca5-9a43-7d3153719252.pdf,G01AA10,https://greenbook.nafdac.gov.ng/products/details/6096,2026-09-29T10:52:30.242228+00:00
Greenbook NAFDAC,4727,4234,Mycoten Solution##,1,Drugs,"{'id': 1, 'name': 'Drugs', 'created_at': '-000001-11-30T00:00:00.000000Z', 'updated_at': '2022-03-17T16:53:12.000000Z', 'deleted_at': None}",669,Clotrimazole,,04-4911,105,Solution,21,Topical,2%,162,Drugfield Pharmaceuticals Limited,2021-03-29,2026-03-28,Inactive,Liquid (Solution),1 x 25 mL (in plastic container),"Each mL contains: Clotrimazole 2% w/w
Excipients q.s.",https://admin.greenbook.nafdac.gov.ng/uploadImage/smpc_files/2024/06/25/2024062585862de7-b425-56f3-8aa2-759a217ed82a.pdf,D01AC01,https://greenbook.nafdac.gov.ng/products/details/4234,2026-09-29T10:52:30.242228+00:00
Greenbook NAFDAC,4728,10868,Mycozoral Cream##,1,Drugs,"{'id': 1, 'name': 'Drugs', 'created_at': '-000001-11-30T00:00:00.000000Z', 'updated_at': '2022-03-17T16:53:12.000000Z', 'deleted_at': None}",522,Ketoconazole,,A4-0259,4,Cream,21,Topical,20 mg,383,Kenbarth Pharmaceuticals Limited,2024-01-31,2029-01-30,Active,Cream,1 x 20 g,"Mycozoral Cream contains: Ketoconazole USP 2% w/w
Excipients q.s.",,D01AC08,https://greenbook.nafdac.gov.ng/products/details/10868,2026-09-29T10:52:30.242228+00:00
Greenbook NAFDAC,4729,11655,Mydekla 60 Tablet_,1,Drugs,"{'id': 1, 'name': 'Drugs', 'created_at': '-000001-11-30T00:00:00.000000Z', 'updated_at': '2022-03-17T16:53:12.000000Z', 'deleted_at': None}",1352,Daclatasvir (Daclatasvir Dihydrochloride),,B4-9861,1,Tablet,1,Oral,60 mg,193,Healthline Limited,2025-08-27,2030-08-26,Active,"Tablet.
A  green film-coated, biconvex beveled edge tablet debossed with &quot;D&quot; on the left side and &quot;T&quot; on the left side and &quot;T&quot; on the right side on one side and 6 on left side and &quot;0&quot; on the right side of the score line on the other side",1 x 28&#039;s (in HDPE bottle),"Each film-coated tablet contains: Daclatasvir Dihydrochloride equiv. to Daclatasvir 60 mg 
Excipients q.s.",https://admin.greenbook.nafdac.gov.ng/uploadImage/smpc_files/2025/10/09/20251009b7206012-9948-54f1-a9f0-0317fa2aa447.pdf,J05AP07,https://greenbook.nafdac.gov.ng/products/details/11655,2026-09-29T10:52:30.242228+00:00
Greenbook NAFDAC,4730,7646,Mydicloron##,1,Drugs,"{'id': 1, 'name': 'Drugs', 'created_at': '-000001-11-30T00:00:00.000000Z', 'updated_at': '2022-03-17T16:53:12.000000Z', 'deleted_at': None}",77,Diclofenac Sodium,,A4-100797,1,Tablet,1,Oral,50 mg,1289,MYRON PHARMA LIMITED,2024-03-27,2029-03-26,Active,"Tablet

20	NF-PP-385981	MYDICLORON	Diclofenac Sodium Tablets BP 50 mg	Composition: Each uncoated tablet contains Diclofenac Sodium BP 50 mg Excipients Q.S. Colour: Tartrazine BP	A4-100797	Drugs	Imported Products	1*10	Prescription Only Medicine (POM)	11/15/2023	MYRON PHARMA LIMITED, SALMA PLAZA SUITE 36 ABUJA FCT	Jash Pharma Private Limited, PLOT NO . 143 / 144, SURAT SPECIAL ECONOMIC ZONE, NEAR SACHIN RAILWAY STATION, SACHIN, DIST- SURAT - 394230 GUJARAT (INDIA), India					",1 x 10&#039;s (in Alu-PVC blister),"Each uncoated tablet contains: Diclofenac Sodium BP 50 mg
Excipients q.s.
Color: Tartrazine BP",https://admin.greenbook.nafdac.gov.ng/uploadImage/smpc_files/2024/12/04/202412044f5157be-6161-5411-8e72-77b3bf0863fe.pdf,M01AB05,https://greenbook.nafdac.gov.ng/products/details/7646,2026-09-29T10:52:30.242228+00:00
Greenbook NAFDAC,4731,10101,Myfil Amoxicillin Clavulanate Tablet_,1,Drugs,"{'id': 1, 'name': 'Drugs', 'created_at': '-000001-11-30T00:00:00.000000Z', 'updated_at': '2022-03-17T16:53:12.000000Z', 'deleted_at': None}",423,Amoxicillin (Amoxicillin Trihydrate); Clavulanic Acid (Potassium Clavulanate),,C4-1551,1,Tablet,1,Oral,875 mg; 125 mg,1307,"MYFIL PHARM. (NIG.) LTD.,",2021-01-28,2026-01-27,Inactive,"Tablet.

64	MYFIL AMOXICILLIN CLAVULANATE TABLET	MYFIL	AMOXICILLIN + CLAVULANATE 	AMOXICILLIN BP  875MG, CLAVULANATE BP 125MG	PRESCRIPTION ONLY MEDICINE	TABLET	2X7	ANTIBIOTICS	MYFIL PHARM. (NIG.) LTD.,	167, AKWONJO, LAGOS STATE.	CORAL LABORATORIES LTD	PLOT NO. 27-28, PHARMACITY, SELAQUI, DEHRADUN- 248 197, UTTARAKHAND, INDIA	C4-1551	TREATMENT OF BACTERIAL INFECTION CAUSED BY SUSCEPTIBLE ORGANISM	28/01/2021	0127/2026	",2 x 7&#039;s,Each tablet contains: Amoxicillin Trihydrate BP equiv. to Amoxicillin 875 mg and Clavulanate Potassium BP equiv. to Clavulanic Acid 125 mg,,J01CR02,https://greenbook.nafdac.gov.ng/products/details/10101,2026-09-29T10:52:30.242228+00:00
Greenbook NAFDAC,4732,6974,Myfortic 360 mg Tablets##,1,Drugs,"{'id': 1, 'name': 'Drugs', 'created_at': '-000001-11-30T00:00:00.000000Z', 'updated_at': '2022-03-17T16:53:12.000000Z', 'deleted_at': None}",1323,Mycophenolate Sodium,Mycophenolic Acid,A4-4289,1,Tablet,1,Oral,360 mg,250,Novartis Nigeria Limited,2023-12-21,2028-12-20,Active,"Tablet
Gastro-Resistant Tablet

95	RNW-PP-263148 	Myfortic 360mg Tablets	MYCOPHENOLATE SODIUM 360mg	Mycophenolate sodium 360mg Excipients - Maize starch; povidone (K-30); crospovidone; lactose; colloidal silicon dioxide; magnesium stearate	A4-4289	Drugs	Imported Products	12x10	Prescription Only Medicine (POM)	5/27/2022	NOVARTIS NIGERIA LIMITED, LANDMARK BUILDING 52/54 ISAAC JOHN STREET IKEJA-GRA LAGOS LAGOS	2.34707E+12	arit.onwusah@novartis.com	Novartis Pharma Produktions GmbH, Oeflingerstrasse 44, 79664 Wehr, Germany, Switzerland",12 x 10&#039;s,"Each tablet contains: Mycophenolate Sodium 360 mg
Excipients q.s.",https://admin.greenbook.nafdac.gov.ng/uploadImage/smpc_files/2024/01/01/202401017054e733-db29-5154-b458-b1c95938716d.pdf,L04AA06,https://greenbook.nafdac.gov.ng/products/details/6974,2026-09-29T10:52:30.242228+00:00
Greenbook NAFDAC,4733,11155,MyHep ALL Tablets##,1,Drugs,"{'id': 1, 'name': 'Drugs', 'created_at': '-000001-11-30T00:00:00.000000Z', 'updated_at': '2022-03-17T16:53:12.000000Z', 'deleted_at': None}",1351,Sofosbuvir; Velpatasvir,,B4-9585,1,Tablet,1,Oral,400 mg; 100 mg,193,Healthline Limited,2025-01-30,2030-01-29,Active,"Film Coated Tablet
Light green to green colored, modified capsule shaped biconvex, beveled edge, film coated tablet debossed with &quot;M&quot; on one side and &quot;SFV&quot; on the other side
			
",1 x 28&#039;s (in bottle),"Each tablet contains: Sofosbuvir 400 mg, Velpatasvir 100 mg
Excipients q.s.",https://admin.greenbook.nafdac.gov.ng/uploadImage/smpc_files/2025/05/23/20250523e8e30abf-a690-55a7-a8f9-fb4c76d490e1.pdf,J05AP55,https://greenbook.nafdac.gov.ng/products/details/11155,2026-09-29T10:52:30.242228+00:00
Greenbook NAFDAC,4734,10799,MyHep DVIR Tablets##,1,Drugs,"{'id': 1, 'name': 'Drugs', 'created_at': '-000001-11-30T00:00:00.000000Z', 'updated_at': '2022-03-17T16:53:12.000000Z', 'deleted_at': None}",1350,Sofosbuvir; Daclatasvir (Daclatasvir Dihydrochloride),,B4-8331,1,Tablet,1,Oral,400 mg; 60 mg,193,Healthline Limited,2025-01-30,2030-01-29,Active,"Film Coated Tablets
Peach colored, modified capsule shaped, biconvex beveled edge film coated tablet debossed with &quot;M&quot; on one side and &quot;DTS&quot; on other side

MYHEP DVIR TABLETS	DACLATASVIR AND SOFOSBUVIR 60MG/400MG	Active Ingredients: Daclatasvir Dihydrochloride 60mg, Sofosbuvir 400mg, Inactive Ingredients: Anhydrous Lactose 300mg, Microcrystalline Cellulose 314mg, Croscarmellose Sodium 96mg, Collodial Silicon Dioxide 6mg, Magnesium Stearate 18mg, Purified Water	B4-8331	Drugs	ANTIINFECTIVES FOR SYSTEMIC USE	Imported Products	1*28	Prescription Only Medicine (POM)	22/04/2024	HEALTHLINE LIMITED, 29,ADENIYI JONES IKEJA LAGOS	7081123545	healthline.ng@gmail.com	Mylan Laboratories Limited (Nashik), F-4 &amp; F-12 MIDC, Malegaon, Sinnar, Nashik - 422 113, Maharashtra, India, India
													
													
													
													
													
													
",1 x 28&#039;s (in bottle),"Each tablet contains: Daclatasvir Dihydrochloride equivalent to Daclatasvir 60 mg, Sofosbuvir 400 mg
Excipient with known effect (per tablet) contains: Lactose Monohydrate 300 mg
Excipients q.s.",https://admin.greenbook.nafdac.gov.ng/uploadImage/smpc_files/2025/03/28/2025032851a716dd-565d-58f9-ac5c-9f0599957719.pdf,J05AP07,https://greenbook.nafdac.gov.ng/products/details/10799,2026-09-29T10:52:30.242228+00:00
Greenbook NAFDAC,4735,10801,MyHep Tablets##,1,Drugs,"{'id': 1, 'name': 'Drugs', 'created_at': '-000001-11-30T00:00:00.000000Z', 'updated_at': '2022-03-17T16:53:12.000000Z', 'deleted_at': None}",613,Sofosbuvir,,B4-8329,1,Tablet,1,Oral,400 mg,193,Healthline Limited,2025-01-30,2030-01-29,Active,"Film Coated Tablets
Peach colored, capsule shaped, biconvex, beveled edge film-coated tablets debossed with &quot;SF400&quot; on one side of the tablet and &quot;M&quot; on the other side

MYHEP TABLETS	SOFOSBUVIR 400MG	Sofosbuvir 400mg.Inactive Ingredients: Mannitol 360mg,Microcrystalline Cellulose 356mg, Croscarmellose Sodium 60mg, Colloidal Silicon Dioxide 6mg, Magnesium Stearate 18 mg, Opadry II Orange 36mg, Purified Water	B4-8329	Drugs	ANTIINFECTIVES FOR SYSTEMIC USE	Imported Products	1*28	Prescription Only Medicine (POM)	22/04/2024	HEALTHLINE LIMITED, 29,ADENIYI JONES IKEJA LAGOS	7081123545	healthline.ng@gmail.com	Mylan Laboratories Limited (Nashik), F-4 &amp; F-12 MIDC, Malegaon, Sinnar, Nashik - 422 113, Maharashtra, India, India
													
													
													
													
													
													
",1 x 28&#039;s (in HDPE bottle),"Each tablet contains: Sofosbuvir 400 mg
Excipients q.s.",https://admin.greenbook.nafdac.gov.ng/uploadImage/smpc_files/2025/05/22/2025052253718869-810c-5d17-ac79-e7aa385d98a0.pdf,J05AP08,https://greenbook.nafdac.gov.ng/products/details/10801,2026-09-29T10:52:30.242228+00:00
Greenbook NAFDAC,4736,7501,Mylovasc 2.5 Tablet##,1,Drugs,"{'id': 1, 'name': 'Drugs', 'created_at': '-000001-11-30T00:00:00.000000Z', 'updated_at': '2022-03-17T16:53:12.000000Z', 'deleted_at': None}",272,Amlodipine (Amlodipine Besilate),Amlodipine (Amlodipine Besylate),A4-9649,1,Tablet,1,Oral,2.5 mg,271,Phillips Pharmaceuticals (Nigeria) Limited,2024-03-27,2029-03-26,Active,"Tablet
White to off white colored, circular shaped, biconvex, uncoated tablets plain on both sides

88	RNW-PP-372797	MYLOVASC 2.5 TABLET	S -AMLODIPINE 2.5 MG	S-Amlodipine 2.5 Crospovidoine ,Soduim Starch Glycolate,Soduim Acid citrate Collodial Anhydrous ,Magnesuim Sterate	A4-9649	Drugs	Imported Products	3*10	POM 1	10/23/2023	PHILLIPS PHARMACEUTICALS (NIGERIA) LIMITED, PLOT 122-123 AFRIPRINT ESTATE, ISOLO	BAFNA PHARMACEUTICALS LTD., No 147, Madhavaram Redhills High Road, Grantlyon Village, Vadakarai Post, Chennai- 600 052, India., India",3 x 10&#039;s (in Alu-PVC blisters),"Each tablet contains: Amlodipine Besilate equivalent Amlodipine 2.5 mg
Excipients q.s.",https://admin.greenbook.nafdac.gov.ng/uploadImage/smpc_files/2024/12/11/202412113f7ec1df-3f95-5faf-abd6-26e50326a254.pdf,C08CA01,https://greenbook.nafdac.gov.ng/products/details/7501,2026-09-29T10:52:30.242228+00:00
Greenbook NAFDAC,4737,7502,Mylovasc 5 mg##,1,Drugs,"{'id': 1, 'name': 'Drugs', 'created_at': '-000001-11-30T00:00:00.000000Z', 'updated_at': '2022-03-17T16:53:12.000000Z', 'deleted_at': None}",272,Amlodipine (Amlodipine Besilate),Amlodipine (Amlodipine Besylate),A4-9650,1,Tablet,1,Oral,5 mg,271,Phillips Pharmaceuticals (Nigeria) Limited,2024-03-27,2029-03-26,Active,"Tablet

87	RNW-PP-371587	MYLOVASC 5MG	S-AMLODIPINE BESILATE TABLETS 5MG	S- Amlodipine Micro crystalline&#039; Croscarmellose,Soduim Acid,Collodial Anhydrous Magnesuim sterate	A4-9650	Drugs	Imported Products	3*10	POM 1	10/17/2023	PHILLIPS PHARMACEUTICALS (NIGERIA) LIMITED, PLOT 122-123 AFRIPRINT ESTATE, ISOLO	BAFNA PHARMA LIMITED, 147 MADHAVARAM RED HILLS ROAD GRANTLYON VILLAGE VADAKARI CHENNAI TAMIL, NADU INDIA, India",3 x 10&#039;s (in AIu-PVC blisters),"Each tablet contains: Amlodipine Besilate equivalent Amlodipine 5 mg
Excipients q.s.",https://admin.greenbook.nafdac.gov.ng/uploadImage/smpc_files/2024/12/04/2024120456f29b6c-cf3d-5f13-8780-4df0b882f096.pdf,C08CA01,https://greenbook.nafdac.gov.ng/products/details/7502,2026-09-29T10:52:30.242228+00:00
Greenbook NAFDAC,4738,6225,Myospaz Tablet**,1,Drugs,"{'id': 1, 'name': 'Drugs', 'created_at': '-000001-11-30T00:00:00.000000Z', 'updated_at': '2022-03-17T16:53:12.000000Z', 'deleted_at': None}",984,Chlorzoxazone; Paracetamol,,B4-3633,1,Tablet,1,Oral,250 mg; 500 mg,271,Phillips Pharmaceuticals (Nigeria) Limited,2023-04-26,2028-04-25,Active,"Each tablet contains: Chlorzoxazone, 250 mg, Paracetamol 500 mg

Excipients:
Croscamellose sodium, Anhydrous silica, Gelatin, Magnesium stearate, Microcrystalline cellulose, Talc",10 x 10&#039;s (in blisters),,https://admin.greenbook.nafdac.gov.ng/uploadImage/smpc_files/2023/09/29/20230929698b7ea2-caa6-5bf5-b9b2-c5718a40ca65.pdf,M03BB53,https://greenbook.nafdac.gov.ng/products/details/6225,2026-09-29T10:52:30.242228+00:00
Greenbook NAFDAC,4739,3235,Myotel-10 Tablets##,1,Drugs,"{'id': 1, 'name': 'Drugs', 'created_at': '-000001-11-30T00:00:00.000000Z', 'updated_at': '2022-03-17T16:53:12.000000Z', 'deleted_at': None}",300,Atorvastatin (Atorvastatin Calcium),,C4-1155,1,Tablet,1,Oral,10 mg,1109,Pushkal Pharmaceutical Limited,2020-11-10,2025-11-09,Inactive,"Film Coated Tablet
Yellow colored, round, biconvex, film coated tablet",1 x 10&#039;s (in Alu-Alu blister),"Each film coated tablet contains: Atorvastatin Calcium USP equivalent to Atorvastatin 10 mg, Fenofibrate USP 160 mg
Excipients q.s.
Color: Lake of Quinoline Yellow",https://admin.greenbook.nafdac.gov.ng/uploadImage/smpc_files/2023/05/29/20230529426f6a21-37ba-55e9-a103-c96c8ad7557f.pdf,C10AA05,https://greenbook.nafdac.gov.ng/products/details/3235,2026-09-29T10:52:30.242228+00:00
Greenbook NAFDAC,4740,10290,Myotel-TG Tablets##,1,Drugs,"{'id': 1, 'name': 'Drugs', 'created_at': '-000001-11-30T00:00:00.000000Z', 'updated_at': '2022-03-17T16:53:12.000000Z', 'deleted_at': None}",1915,Atorvastatin; Fenofibrate,,C4-1714,1,Tablet,1,Oral,10 mg; 160 mg,1109,Pushkal Pharmaceutical Limited,2021-05-27,2026-05-26,Inactive,"Film Coated Tablet
Yellow colored, round, biconvex, film-coated tablet",1 x 10&#039;s (in Alu- Alu blisters),"Each film-coated tablet contains: Atorvastatin Calcium USP equivalent to Atorvastatin Base 10 mg, Fenofibrate USP 160 mg
Excipients q.s.",https://admin.greenbook.nafdac.gov.ng/uploadImage/smpc_files/2024/09/17/202409171c3f72ca-2517-566e-9b9a-62195226977c.pdf,,https://greenbook.nafdac.gov.ng/products/details/10290,2026-09-29T10:52:30.242228+00:00
Greenbook NAFDAC,4741,6188,Mystatin Oral Suspension##,1,Drugs,"{'id': 1, 'name': 'Drugs', 'created_at': '-000001-11-30T00:00:00.000000Z', 'updated_at': '2022-03-17T16:53:12.000000Z', 'deleted_at': None}",672,Nystatin,,A4-4634,102,Suspension,1,Oral,"100,000 IU/mL",823,Jimmi-Well International Company Limited,2023-04-26,2028-04-25,Active,"Oral Suspension

MYSTATIN ORAL SUSPENSION	NYSTATIN	NYSTATIN 100,000 IU/ML	A4-4634	Drugs	Imported Products	30ml	Prescription Only Medicine (POM)	23/09/2020	JIMMI-WELL INTERNATIONAL COMPANY LIMITED, No. 5 Abazuonu Street, Iyiowa Odekpe, Onitsha, Anambra State, Nigeria	80370704	jimmipharm@gmail.com	CIRON DRUG &amp; PHARMACEUTICALS PVT. LTD., N-118 MIDC TARAPUR, BOISAR, DIST THANE-401 506, INDIA, India					",1 x 30 mL (in amber glass bottle),"Each mL contains: Nystatin 100,000 IU
Excipients q.s.
Approved colors used",https://admin.greenbook.nafdac.gov.ng/uploadImage/smpc_files/2023/09/29/202309291c51b6a1-8463-5013-bb83-5630d41c1b14.pdf,A07AA02,https://greenbook.nafdac.gov.ng/products/details/6188,2026-09-29T10:52:30.242228+00:00
Greenbook NAFDAC,4742,6973,Mytar 15 g**,1,Drugs,"{'id': 1, 'name': 'Drugs', 'created_at': '-000001-11-30T00:00:00.000000Z', 'updated_at': '2022-03-17T16:53:12.000000Z', 'deleted_at': None}",834,Mupirocin,,A4-100656,58,Ointment,21,Topical,2%,145,Chez Resources Pharmaceutical Limited,2023-12-21,2028-12-20,Active,Topical Ointment,15 g (in collapsible aluminium tube),Mupirocin Ointment BP 2% w/w,https://admin.greenbook.nafdac.gov.ng/uploadImage/smpc_files/2023/12/31/20231231ed057560-e4c7-5558-9228-81c330e3da8d.pdf,D06AX09,https://greenbook.nafdac.gov.ng/products/details/6973,2026-09-29T10:52:30.242228+00:00
Greenbook NAFDAC,4743,11983,Nabicon Gentian Violet_,1,Drugs,"{'id': 1, 'name': 'Drugs', 'created_at': '-000001-11-30T00:00:00.000000Z', 'updated_at': '2022-03-17T16:53:12.000000Z', 'deleted_at': None}",832,Methylrosanilinium Chloride,Methylrosaniline Chloride; Crystal violet; Gentian violet,A11-100986,105,Solution,21,Topical,0.5%,1316,Aicon Pharmacueticals Limited,2025-09-24,2030-09-23,Active,"Solution.
Topical dye paint. Easy flowing purple color liquid.",1 x 60 mL (in amber glass bottle),"Nabicon Gentian Violet contains: Methylrosanlinium Chloride 0.5%
Excipients q.s.",https://admin.greenbook.nafdac.gov.ng/uploadImage/smpc_files/2025/11/18/20251118d9ad69df-e577-5c1e-b104-a37cb4519c7f.pdf,G01AX09,https://greenbook.nafdac.gov.ng/products/details/11983,2026-09-29T10:52:30.242228+00:00
Greenbook NAFDAC,4744,10815,Nabicon Hydrogen Peroxide##,1,Drugs,"{'id': 1, 'name': 'Drugs', 'created_at': '-000001-11-30T00:00:00.000000Z', 'updated_at': '2022-03-17T16:53:12.000000Z', 'deleted_at': None}",908,Hydrogen peroxide,,A11-100563,101,Liquid,21,Topical,6%,1316,Aicon Pharmacueticals Limited,2024-06-27,2029-06-26,Active,Topical Solution,1 x 100 mL,"Nabicon Hydrogen Peroxide contains: Hydrogen Peroxide BP 6% w/v
Excipients q.s.",,D08AX01,https://greenbook.nafdac.gov.ng/products/details/10815,2026-09-29T10:52:30.242228+00:00
Greenbook NAFDAC,4745,10110,Nabicon Methylated Spirit##,1,Drugs,"{'id': 1, 'name': 'Drugs', 'created_at': '-000001-11-30T00:00:00.000000Z', 'updated_at': '2022-03-17T16:53:12.000000Z', 'deleted_at': None}",2048,Ethanol; Methanol,,A11-100562,101,Liquid,21,Topical,80%; 20%,1316,Aicon Pharmacueticals Limited,2024-06-27,2029-06-26,Active,Topical Liquid,1 x 100 mL,"Nabicon Methylated Spirit contains: Ethanol B.P 80%, Methanol B.P 20%, Deionized water q.s.",,D08AX08,https://greenbook.nafdac.gov.ng/products/details/10110,2026-09-29T10:52:30.242228+00:00
Greenbook NAFDAC,4746,10803,Nafrobact A Cream##,1,Drugs,"{'id': 1, 'name': 'Drugs', 'created_at': '-000001-11-30T00:00:00.000000Z', 'updated_at': '2022-03-17T16:53:12.000000Z', 'deleted_at': None}",1106,Betamethasone; Clotrimazole; Neomycin sulfate,,A4-101156,4,Cream,21,Topical,0.05%; 1%; 0.5%,470,Nafro Pharma Nigeria Limited,2025-01-30,2030-01-29,Active,"Cream

NF-PP-106613	NAFROBACT A CREAM	Betamethasone Dipropionate USP Equivalent to Betamethasone…....................... 0.05% w/w Clotrimazole USP ..............................................1.0% w/w Neomycin Sulphate USP Equivalent to Neomycin Base.................................... 0.5%	Betamethasone Dipropionate USP Equivalent to Betamethasone…....................... 0.05% w/w Clotrimazole USP ..............................................1.0% w/w Neomycin Sulphate USP Equivalent to Neomycin Base.................................... 0.5% w/w Cream base........................................................... Q.S. Preservative Chlorocresol USP.........................................0.1% w/w List of excipients Chlorocresol Cetostearyl Alcohol Cetomacragol 1000 Li		Drugs	Imported Products	30 gm	Prescription Only Medicine (POM)	1/7/2020	NAFRO PHARMA NIGERIA LIMITED, SUITE B16, AMORI SHOPPING PLAZA, LAGOS.	80230536	nafropharma@gmail.com	ASTAMED HEALTHCARE PVT LTD, PLOT NO. 2 &amp; 3, PHASE 11, GENESIS IND. COMPLEX, KALGAON, PALGHAR, DIST: THANE, MAHARASHTRA, INDIA, India
													
													
													
													
													
													",1 x 30 g (in Lami tube),"Each grams contains: Betamethasone Dipropionate USP equivalent to Betamethasone 0.05% w/w, Clotrimazole USP 1.0% w/w, Neomycin Sulphate USP equivalent to Neomycin Base 0.5% w/w
Excipients q.s.",https://admin.greenbook.nafdac.gov.ng/uploadImage/smpc_files/2025/03/19/20250319ebf3f171-6e0a-54d9-b29b-68228f7b36b6.pdf,D07CC01,https://greenbook.nafdac.gov.ng/products/details/10803,2026-09-29T10:52:30.242228+00:00
Greenbook NAFDAC,4747,10804,Nafrozoral Cream 2% w/w##,1,Drugs,"{'id': 1, 'name': 'Drugs', 'created_at': '-000001-11-30T00:00:00.000000Z', 'updated_at': '2022-03-17T16:53:12.000000Z', 'deleted_at': None}",522,Ketoconazole,,A4-101153,4,Cream,21,Topical,2%,470,Nafro Pharma Nigeria Limited,2025-01-30,2030-01-29,Active,"Cream

NF-PP-106616	NAFROZORAL CREAM 2% W/W	KETOCANAZOLE BP 2% W/W	Each gm contains: Ketoconazole BP ............... 2% w/w List of excipients Cetyl Alcohol Polysorbate 80 (Tween 80) Propylene Glycol Isopropyl Myristate Stearyl Alcohol Sorbitan Mon stearate (Span-60) Polysorbate 60 (Tween-60) Sodium Sulphite Purified Water		Drugs	Imported Products	20 gm	Prescription Only Medicine (POM)	1/7/2020	NAFRO PHARMA NIGERIA LIMITED, SUITE B16, AMORI SHOPPING PLAZA, LAGOS.	80230536	nafropharma@gmail.com	ASTAMED HEALTHCARE PVT LTD, PLOT NO. 2 &amp; 3, PHASE 11, GENESIS IND. COMPLEX, KALGAON, PALGHAR, DIST: THANE, MAHARASHTRA, INDIA, India
													
													
													
													
													
													",1 x 20 g (in Lami tube),"Each gram contains: Ketoconazole BP 2% w/w
Excipients q.s.",https://admin.greenbook.nafdac.gov.ng/uploadImage/smpc_files/2025/03/19/20250319e1c40498-d1f3-5e5e-95f6-03b059412fc2.pdf,D01AC08,https://greenbook.nafdac.gov.ng/products/details/10804,2026-09-29T10:52:30.242228+00:00
Greenbook NAFDAC,4748,7519,Nalis Artemether 20 mg + Lumefantrine 120 mg Tablets**,1,Drugs,"{'id': 1, 'name': 'Drugs', 'created_at': '-000001-11-30T00:00:00.000000Z', 'updated_at': '2022-03-17T16:53:12.000000Z', 'deleted_at': None}",528,Artemether; Lumefantrine,,A11-100707,1,Tablet,1,Oral,20 mg; 120 mg,233,Nalis Pharmaceuticals Ltd,2024-04-30,2029-04-29,Active,"Uncoated Tablet.
Yellow-coloured, flat-shaped, uncoated tablet",1 x 24&#039;s (in Alu-PVC blister),"Each tablet contains: Artemether Ph.I 20 mg, Lumefantrine Ph.I 120 mg, Excipients q.s.",https://admin.greenbook.nafdac.gov.ng/uploadImage/smpc_files/2024/05/19/2024051901353cc9-17b5-531c-9a75-247ea8bfc6a2.pdf,P01BF01,https://greenbook.nafdac.gov.ng/products/details/7519,2026-09-29T10:52:30.242228+00:00
Greenbook NAFDAC,4749,6730,Nalis Artemether 80 mg + Lumefantrine 480 mg Tablets##,1,Drugs,"{'id': 1, 'name': 'Drugs', 'created_at': '-000001-11-30T00:00:00.000000Z', 'updated_at': '2022-03-17T16:53:12.000000Z', 'deleted_at': None}",528,Artemether; Lumefantrine,,A11-100637,1,Tablet,1,Oral,80 mg; 480 mg,233,Nalis Pharmaceuticals Ltd,2023-12-21,2028-12-20,Active,"Oral Tablet

17	NF-PP-311011	Nalis Artemether 80mg + Lumefantrine 480mg Tablets	Nalis Artemether 80mg + Lumefantrine 480mg Tablets	Artemether 80mg Lumefantrine 480mg Excipients. qs	A11-100637	Drugs	Nigerian Products	1x6	Over The Counter (OTC)	1/31/2023	NALIS PHARMACEUTICALS LTD, DOCEMO STREET, IDUMOTA, LAGOS LAGOS	14532221	nalispharma@gmail.com	NALIS PHARMACEUTICALS LIMITED, PLOT R67-R68, NEKEDE-NAZE INDUSTRIAL CLUSTER, NEKEDE, OWERRI, IMO STATE, Nigeria",1 x 6&#039;s (in PVC-Alu blister),"Each uncoated tablet contains: Artemether IP 80 mg, Lumefantrine IP 480 mg
Excipients q.s.
",https://admin.greenbook.nafdac.gov.ng/uploadImage/smpc_files/2024/06/24/20240624f67553cf-e944-5e34-a4d3-3d5593e5f4e4.pdf,P01BF01,https://greenbook.nafdac.gov.ng/products/details/6730,2026-09-29T10:52:30.242228+00:00
Greenbook NAFDAC,4750,4561,Nalis Cough Syrup##,1,Drugs,"{'id': 1, 'name': 'Drugs', 'created_at': '-000001-11-30T00:00:00.000000Z', 'updated_at': '2022-03-17T16:53:12.000000Z', 'deleted_at': None}",1054,Diphenhydramine; Ammonium chloride; Sodium citrate; Menthol,,A11-100036,103,Syrup,1,Oral,14 mg/5 mL; 135 mg/5 mL; 57 mg/5 mL; 1.1 mg/5 mL,233,Nalis Pharmaceuticals Ltd,2021-03-29,2026-03-28,Inactive,"Syrup

124	Cough Syrup	A11-100036	Nalis Cough Syrup	Each Syrup Contains: Diphenhydramine HCl BP Ammonium Chloride BP Sodium Citrate BP Menthol BP Flavoured Syrup Base Q.S	Antihistamines And Antiallergics	Oral	5ml, 14  mg, 135  mg, 57  mg, 1.1  mg	Syrup	Prescription Only Medicine (Pom)	Nalis Pharmaceuticals Limited	Nalis Pharmaceutical Limited	Nigeria	2021-03-29	2026-03-28",1 x 100 mL (in amber PET bottle),"Each 5 mL contains: Diphenhydramine BP 14 mg, Ammonium Chloride BP 135 mg, Sodium Citrate BP 57 mg, Menthol BP 1.1 mg
Excipients q.s.",https://admin.greenbook.nafdac.gov.ng/uploadImage/smpc_files/2024/06/24/20240624611d52b3-c5c3-530a-8bc4-f7b706c88ec8.pdf,R06AA52,https://greenbook.nafdac.gov.ng/products/details/4561,2026-09-29T10:52:30.242228+00:00
Greenbook NAFDAC,4751,755,Nalis Cyproheptadine##,1,Drugs,"{'id': 1, 'name': 'Drugs', 'created_at': '-000001-11-30T00:00:00.000000Z', 'updated_at': '2022-03-17T16:53:12.000000Z', 'deleted_at': None}",414,Cyproheptadine Hydrochloride,,A11-100203,103,Syrup,1,Oral,2 mg/5 mL,233,Nalis Pharmaceuticals Ltd,2021-09-28,2026-09-27,Inactive,Syrup,1 x 200 mL (in amber PET bottle),"Each 5 mL syrup contains: Cyproheptadine Hydrochloride USP 2 mg
Excipients q.s.",https://admin.greenbook.nafdac.gov.ng/uploadImage/smpc_files/2024/06/24/20240624ebb872a1-7569-5625-9836-05e2dafe764f.pdf,R06AX02,https://greenbook.nafdac.gov.ng/products/details/755,2026-09-29T10:52:30.242228+00:00
Greenbook NAFDAC,4752,3277,Nalis Dexamethasone## (check strength),1,Drugs,"{'id': 1, 'name': 'Drugs', 'created_at': '-000001-11-30T00:00:00.000000Z', 'updated_at': '2022-03-17T16:53:12.000000Z', 'deleted_at': None}",770,Dexamethasone,,A11-100040,103,Syrup,1,Oral,0.5 mg/5 mL,233,Nalis Pharmaceuticals Ltd,2021-03-29,2026-03-28,Inactive,Syrup,1 x 100 mL (in amber glass bottle),"Each 5 mL of solution contains: Dexamethasone (as Dexamethasone Sodium Phosphate) 0.5 mg
Excipients q.s.",https://admin.greenbook.nafdac.gov.ng/uploadImage/smpc_files/2024/06/24/20240624985ebcbc-2a97-5387-8df9-7ea44ac4f9aa.pdf,H02AB02,https://greenbook.nafdac.gov.ng/products/details/3277,2026-09-29T10:52:30.242228+00:00
Greenbook NAFDAC,4753,7506,Nalis Diazepam Tablets##,1,Drugs,"{'id': 1, 'name': 'Drugs', 'created_at': '-000001-11-30T00:00:00.000000Z', 'updated_at': '2022-03-17T16:53:12.000000Z', 'deleted_at': None}",4,Diazepam,,A11-100706,1,Tablet,1,Oral,5 mg,233,Nalis Pharmaceuticals Ltd,2024-04-30,2029-05-01,Active,"Tablet
Yellow-colored, flat-shaped, round uncoated tablets with D-5 inscribed on one side and plain on the other side

46	NF-PP-410113	NALIS DIAZEPAM TABLETS 5MG	DIAZEPAM	Diazepam, USP 5mg	A11-100706	Drugs	VARIOUS	Nigerian Products	1000	Prescription Only Medicine (POM)	2/29/2024	NALIS PHARMACEUTICALS LTD, DOCEMO STREET, IDUMOTA, LAGOS LAGOS	14532221	nalispharma@gmail.com	NALIS PHARMACEUTICALS LIMITED, PLOT R67-R68, NEKEDE-NAZE INDUSTRIAL CLUSTER, NEKEDE, OWERRI, IMO STATE, Nigeria					",24 x 1000&#039;s (in plastics jars),"Each tablet contains: Diazepam BP 5 mg
Excipients: Lactose Monohydrate BP, Maize Starch BP, Gelatin BP, Methyl Paraben BP, Propyl Paraben BP, Magnesium Stearate BP, Purified Talc BP, Purified Water BP, Tartrazine Yellow In-house",https://admin.greenbook.nafdac.gov.ng/uploadImage/smpc_files/2024/05/19/20240519ba274833-a59e-5708-bd6b-fa82a73e887e.pdf,C08CA01,https://greenbook.nafdac.gov.ng/products/details/7506,2026-09-29T10:52:30.242228+00:00
Greenbook NAFDAC,4754,7160,Nalis Diazepam##,1,Drugs,"{'id': 1, 'name': 'Drugs', 'created_at': '-000001-11-30T00:00:00.000000Z', 'updated_at': '2022-03-17T16:53:12.000000Z', 'deleted_at': None}",4,Diazepam,,A11-100652,1,Tablet,1,Oral,10 mg,233,Nalis Pharmaceuticals Ltd,2024-01-31,2029-01-30,Active,"Tablet
Yellow-colored, flat-shaped, round uncoated tablets with &quot;D-5&quot;inscribed on one side and plain on the other side

33	NF-PP-310545	NALIS DIAZEPAM	NALIS DIAZEPAM	Diazepam, USP .10mg Dispense in a tight, light-resistant container with child-resistant closure.	A11-100652	Drugs	Nigerian Products	1X100	Over The Counter (OTC)	1/31/2023	NALIS PHARMACEUTICALS LTD, DOCEMO STREET, IDUMOTA, LAGOS LAGOS	14532221	nalispharma@gmail.com	NALIS PHARMACEUTICALS LIMITED, PLOT R67-R68, NEKEDE-NAZE INDUSTRIAL CLUSTER, NEKEDE, OWERRI, IMO STATE, Nigeria",1 x 100&#039;s (in plastic jars),"Each tablet contains: Diazepam USP 10 mg
Excipients: Lactose Monohydrate BP, Maize Starch BP, Gelatin BP, Methyl Paraben BP, Propyl Paraben BP, Magnesium Stearate BP, Purified Talc BP, Purified Water BP, Tartrazine Yellow In-house",https://admin.greenbook.nafdac.gov.ng/uploadImage/smpc_files/2024/06/24/2024062450deefc6-38a9-52a2-8811-42c88a45648c.pdf,N05BA01,https://greenbook.nafdac.gov.ng/products/details/7160,2026-09-29T10:52:30.242228+00:00
Greenbook NAFDAC,4755,5719,Nalis Ferrous Sulphate## (no NRN),1,Drugs,"{'id': 1, 'name': 'Drugs', 'created_at': '-000001-11-30T00:00:00.000000Z', 'updated_at': '2022-03-17T16:53:12.000000Z', 'deleted_at': None}",315,Ferrous sulfate,,A11-100456,1,Tablet,1,Oral,200 mg,233,Nalis Pharmaceuticals Ltd,2023-01-26,2028-01-25,Active,"Tablet
Red colored, circular, flat and coated tablets

NALIS FERROUS SULPHATE		NALIS FERROUS SULPHATE	Each sugar coated tablet of Nalis Ferrous Sulphate® contains Dried Ferrous Sulphate B.P. 200mg equivalent to 65mg of elemental iron.	Drugs	OTC		Tablet				NALIS PHARMACEUTICALS LTD, DOCEMO STREET, IDUMOTA, LAGOS LAGOS		NALIS PHARMACEUTICALS LIMITED, PLOT R67-R68, NEKEDE-NAZE INDUSTRIAL CLUSTER, NEKEDE, OWERRI, IMO STATE, Nigeria	1/26/2023	1/25/2028",1 x 1000&#039;s (in a jar),"Each tablet contains: Ferrous Sulfate 200 mg
Excipients q.s",https://admin.greenbook.nafdac.gov.ng/uploadImage/smpc_files/2024/06/24/20240624e57cbf3e-ae10-5ea0-a502-78eb02b635c8.pdf,B03AA07,https://greenbook.nafdac.gov.ng/products/details/5719,2026-09-29T10:52:30.242228+00:00
Greenbook NAFDAC,4756,5597,Nalis Hb 12##,1,Drugs,"{'id': 1, 'name': 'Drugs', 'created_at': '-000001-11-30T00:00:00.000000Z', 'updated_at': '2022-03-17T16:53:12.000000Z', 'deleted_at': None}",993,Vitamin B12; Haemoglobin,,A11-100042,103,Syrup,1,Oral,5%,233,Nalis Pharmaceuticals Ltd,2021-03-29,2026-03-28,Inactive,"Syrup

924	Hermoglobin Syrup With B12	A11-100042	Nalis Hb 12	Each Contains:Haemoglobin W/V,Liver Extract For Oral Use . W/V,Cyanocobalamine (Vitamin B) W/V,Excipients Qs Ml	Blood Products And Drugs Affecting The Blood	-- Select --	5ml,5.0 % W/V, 3.1 % W/V,0.0001% W/V,100ml	Syrup	Over The Counter (Otc)	Nalis Pharmaceuticals Limited	Nalis Pharmaceuticals Limited	Nigeria	2021-03-29	2026-03-28",1 x 200 mL (in HDPE bottle),"Each 5 ml contains: Haemoglobin B.P 5 % w/v, Vitamin B12 B.P 0.0004 % w/v
Excipients q.s.",https://admin.greenbook.nafdac.gov.ng/uploadImage/smpc_files/2024/06/24/20240624e1d56485-8719-5c41-a778-4c0ba656623a.pdf,A11AA01,https://greenbook.nafdac.gov.ng/products/details/5597,2026-09-29T10:52:30.242228+00:00
Greenbook NAFDAC,4757,2784,Nalis Ibuprofen Oral Suspension##,1,Drugs,"{'id': 1, 'name': 'Drugs', 'created_at': '-000001-11-30T00:00:00.000000Z', 'updated_at': '2022-03-17T16:53:12.000000Z', 'deleted_at': None}",57,Ibuprofen,,A11-100038,102,Suspension,1,Oral,100 mg/5 mL,233,Nalis Pharmaceuticals Ltd,2021-03-29,2026-03-28,Inactive,"Oral Suspension
",1 x 100 mL (in HDPE bottle),"Each 5 mL contains: Ibuprofen 100 mg
Excipients q.s.",https://admin.greenbook.nafdac.gov.ng/uploadImage/smpc_files/2024/06/24/2024062431709b17-7e07-5b69-839b-007fefc253a6.pdf,M01AE01,https://greenbook.nafdac.gov.ng/products/details/2784,2026-09-29T10:52:30.242228+00:00
Greenbook NAFDAC,4758,3346,Nalis Loratadine##,1,Drugs,"{'id': 1, 'name': 'Drugs', 'created_at': '-000001-11-30T00:00:00.000000Z', 'updated_at': '2022-03-17T16:53:12.000000Z', 'deleted_at': None}",419,Loratadine,,A11-100059,105,Solution,1,Oral,5 mg/5 mL,233,Nalis Pharmaceuticals Ltd,2021-03-29,2026-03-28,Inactive,Solution,1 x 100 mL (in amber PET bottle),"Each 5 mL contains: Loratadine 5 mg
Excipients q.s.",https://admin.greenbook.nafdac.gov.ng/uploadImage/smpc_files/2024/06/25/202406252dadabf3-4b79-5fb0-a8a9-b14b4b91ac59.pdf,R06AX13,https://greenbook.nafdac.gov.ng/products/details/3346,2026-09-29T10:52:30.242228+00:00
Greenbook NAFDAC,4759,2766,Nalis Salbutamol Syrup##,1,Drugs,"{'id': 1, 'name': 'Drugs', 'created_at': '-000001-11-30T00:00:00.000000Z', 'updated_at': '2022-03-17T16:53:12.000000Z', 'deleted_at': None}",385,Salbutamol (Salbutamol Sulfate),,A11-100044,103,Syrup,1,Oral,2 mg/5 mL,233,Nalis Pharmaceuticals Ltd,2021-03-29,2026-03-28,Inactive,"Syrup
Red colored syrup",1 x 100 mL (in PET bottle),"Each 5 mL syrup contains: Salbutamol Sulfate BP equivalent to Salbutamol BP 2 mg
Excipients q.s.",https://admin.greenbook.nafdac.gov.ng/uploadImage/smpc_files/2024/06/25/20240625d32af307-6032-5624-8d65-d3fe60d6b639.pdf,R03CC02,https://greenbook.nafdac.gov.ng/products/details/2766,2026-09-29T10:52:30.242228+00:00
Greenbook NAFDAC,4760,7180,Nalis Tramadol Capsules**,1,Drugs,"{'id': 1, 'name': 'Drugs', 'created_at': '-000001-11-30T00:00:00.000000Z', 'updated_at': '2022-03-17T16:53:12.000000Z', 'deleted_at': None}",56,Tramadol Hydrochloride,,A11-100644,2,Capsule,1,Oral,100 mg,233,Nalis Pharmaceuticals Ltd,2024-01-31,2029-01-30,Active,"Hard gelatin capsule.
A hard gelatin capsule of size ‘4’ having unprinted dark green coloured cap and unprinted light green coloured body, filled with an off white coloured granular powder which is packed in 10 strips of alu pvc blister of 10 capsules in a carton along with insert",10 x 10&#039;s (in Alu-PVC blisters),"Each hard gelatin capsule contains: Tramadol Hydrochloride BP 100 mg, Excipients q.s.",https://admin.greenbook.nafdac.gov.ng/uploadImage/smpc_files/2024/02/17/2024021785246ac5-9365-56db-8301-2d92d282f101.pdf,N02AX02,https://greenbook.nafdac.gov.ng/products/details/7180,2026-09-29T10:52:30.242228+00:00
Greenbook NAFDAC,4761,5718,Nalis Vitamin C##,1,Drugs,"{'id': 1, 'name': 'Drugs', 'created_at': '-000001-11-30T00:00:00.000000Z', 'updated_at': '2022-03-17T16:53:12.000000Z', 'deleted_at': None}",346,Ascorbic Acid,Vitamin C,A11-100474,6,Chewable tablet,1,Oral,100 mg,233,Nalis Pharmaceuticals Ltd,2023-03-28,2028-03-27,Active,"Chewable Tablet

5	NF-PP-314031	Nalis Vitamin C	Vitamin C	Serving Size: 1 Tablet Servings Per Container: 100 Ascorbic acid 100mg “Sweetened with Aspartame. Sugar Free, Saccharine Free.	A11-100474	Drugs	VARIOUS	Nigerian Products	100mg	OTC	2/10/2023	NALIS PHARMACEUTICALS LTD, DOCEMO STREET, IDUMOTA, LAGOS LAGOS	14532221	nalispharma@gmail.com	NALIS PHARMACEUTICALS LIMITED, PLOT R67-R68, NEKEDE-NAZE INDUSTRIAL CLUSTER, NEKEDE, OWERRI, IMO STATE, Nigeria",1 x 1000&#039;s (in plasitc container),Each tablet contains: Ascorbic Acid 100 mg,https://admin.greenbook.nafdac.gov.ng/uploadImage/smpc_files/2023/09/25/20230925c48a39f0-cb4b-541f-b503-d28333ae715b.pdf,A11GA01,https://greenbook.nafdac.gov.ng/products/details/5718,2026-09-29T10:52:30.242228+00:00
Greenbook NAFDAC,4762,6187,Nalis Yeast##,1,Drugs,"{'id': 1, 'name': 'Drugs', 'created_at': '-000001-11-30T00:00:00.000000Z', 'updated_at': '2022-03-17T16:53:12.000000Z', 'deleted_at': None}",1580,Yeast,,A11-100584,1,Tablet,1,Oral,300 mg,233,Nalis Pharmaceuticals Ltd,2023-09-28,2028-09-27,Active,"Tablet

7	NF-PP-343897	NALIS YEAST	YEAST	Each tablet contain Yeast 300mg/tablet: Vitamins Amino Acids Lutein Minerals Choline Co-Factors		Drugs	Nigerian Products	100	OTC	7/14/2023	NALIS PHARMACEUTICALS LTD, DOCEMO STREET, IDUMOTA, LAGOS LAGOS	14532221	nalispharma@gmail.com	NALIS PHARMACEUTICALS LIMITED, PLOT R67-R68, NEKEDE-NAZE INDUSTRIAL CLUSTER, NEKEDE, OWERRI, IMO STATE, Nigeria						",1 x 100&#039;s (in plastic jars),"Each tablet contains: Yeast Powder 300 mg
Excipients: Lactose Monohydrate BP, Maize Starch BP, Purified talc BP, Magnesium Stearate BP, Sodium Starch Glycollate BP, Methyl Paraben BP, Propyl Paraben BP",https://admin.greenbook.nafdac.gov.ng/uploadImage/smpc_files/2023/10/09/20231009ca396b93-e382-5124-a463-639cba2cd078.pdf,V01AA04,https://greenbook.nafdac.gov.ng/products/details/6187,2026-09-29T10:52:30.242228+00:00
Greenbook NAFDAC,4763,10806,Naraflox 500 mg Tablet_ (duplicate),1,Drugs,"{'id': 1, 'name': 'Drugs', 'created_at': '-000001-11-30T00:00:00.000000Z', 'updated_at': '2022-03-17T16:53:12.000000Z', 'deleted_at': None}",464,Levofloxacin (Levofloxacin Hemihydrate),,B4-6433,1,Tablet,1,Oral,500 mg,222,Maydon Pharmaceuticals Limited,2023-07-06,2028-07-05,Active,"Film-coated Tablets
Red-coloured, Caplet shaped film-coated tablets, plain on both the side.

108	CMS-PP-422040	NARAFLOX 500MG TABLET	LEVOFLOXACIN 500MG	(levofloxacin 500mg) Microcrystalline Cellulose, Lactose, Carmellose Sodium, Sodium Lauryl Sulfate, Crosspovidone, PVP K-30, Maize Starch, Purified Talc, Colloidal Anhydrous Silica (Aerosil), Magnesium Stearate, Insta Coat Universal (IC-U-1308) (White), Ponceau 4R	B4-6433	Drugs	Imported Products	1X10	POM 1	4/30/2024	MAYDON PHARMACEUTICAL LIMITED., WILMER STREET, OFF TOWN PLANNING, ILUPEJU, LAGOS LAGOS	1740194511	maydonp@outlook.com	MAXHEAL LABORATORIES PVT LTD, PLOT NO. 2-7/80-85 SURSEZ SACHIN DIST. SURAT GUJARAT 394 230 INDIA, India",1 x 10&#039;s (in Alu Alu blisters),"Each film-coated tablet contains: Levofloxacin Hemihydrate USP equiv. to Levofloxacin 500 mg
Excipients q.s.",https://admin.greenbook.nafdac.gov.ng/uploadImage/smpc_files/2024/09/16/20240916b730d114-05d5-5a67-bf31-c2b0e7868f01.pdf,J01MA12,https://greenbook.nafdac.gov.ng/products/details/10806,2026-09-29T10:52:30.242228+00:00
Greenbook NAFDAC,4764,11656,Naroxine Tablet_,1,Drugs,"{'id': 1, 'name': 'Drugs', 'created_at': '-000001-11-30T00:00:00.000000Z', 'updated_at': '2022-03-17T16:53:12.000000Z', 'deleted_at': None}",88,Naproxen,,C4-0560,1,Tablet,1,Oral,500 mg,145,Chez Resources Pharmaceutical Limited,2025-06-25,2030-06-24,Active,Tablet,1 x 20&#039;s (in blister),"Each tablet contains: Naproxen 500 mg
Excipients q.s.",https://admin.greenbook.nafdac.gov.ng/uploadImage/smpc_files/2025/07/25/2025072553e030bb-0ca0-53f1-91b3-934eabbf0236.pdf,M01AE02,https://greenbook.nafdac.gov.ng/products/details/11656,2026-09-29T10:52:30.242228+00:00
Greenbook NAFDAC,4765,7248,Narvam 300 Capsule##,1,Drugs,"{'id': 1, 'name': 'Drugs', 'created_at': '-000001-11-30T00:00:00.000000Z', 'updated_at': '2022-03-17T16:53:12.000000Z', 'deleted_at': None}",35,Gabapentin,,A4-100760,2,Capsule,1,Oral,300 mg,723,SJS Life Sciences Limited,2024-02-28,2029-02-27,Active,"Capsule
White colored powder filled in light blue/ dark size &quot;0&quot; capsule shell

18	NF-PP-369048	NARVAM 300 CAPSULE	GABAPENTIN USP 300 MG	GABAPENTIN USP 300 MG, Lactose Monohydrate, Maize Starch, Talcum (Purified Talc), E.H.G. Capsules size “0” Dark Blue / light Blue, Magnesium Stearate, Low-substituted Hydroxypropyl Cellulose, Povidone, Micorcrystalline Cellulose, Titanium Dioxide, macrogol (PEG 6000)	A4-100760	Drugs	Imported Products	3*10	POM 1	9/26/2023	SJS LIFE SCIENCES LIMITED, 11, OLU AKERELE STREET IKEJA LAGOS	8114441430	sjslifesciencesltd@gmail.com	GLOBELA PHARMA PVT. LTD., 357 358, G.I.D.C., SACHIN, SURAT - 394 230, GUJARAT, INDIA, India							",3 x 10&#039;s (in AIu-AIu blisters),"Each tablet contains: Gabapentin USP 300 mg
Excipients q.s.
Approved color used in capsule shell",https://admin.greenbook.nafdac.gov.ng/uploadImage/smpc_files/2024/03/23/2024032382de983d-356f-5fb3-a7a4-6056e41dbf37.pdf,N02BF01,https://greenbook.nafdac.gov.ng/products/details/7248,2026-09-29T10:52:30.242228+00:00
Greenbook NAFDAC,4766,4564,Nasacam## (incomplete smpc),1,Drugs,"{'id': 1, 'name': 'Drugs', 'created_at': '-000001-11-30T00:00:00.000000Z', 'updated_at': '2022-03-17T16:53:12.000000Z', 'deleted_at': None}",91,Piroxicam,,B4-2313,2,Capsule,1,Oral,20 mg,473,Nasajones Industries Ltd,2022-09-29,2027-09-28,Active,Capsule,"1 x 10&#039;s, 3 x 10&#039;s","Each capsule contains: Piroxicam 20 mg
Excipients q.s.",https://admin.greenbook.nafdac.gov.ng/uploadImage/smpc_files/2023/05/27/20230527ed453dfb-6c80-5ea0-b02e-4094a3350fa5.pdf,M01AC01,https://greenbook.nafdac.gov.ng/products/details/4564,2026-09-29T10:52:30.242228+00:00
Greenbook NAFDAC,4767,12325,Nasacef Ceftriaxone Sodium Injection**,1,Drugs,"{'id': 1, 'name': 'Drugs', 'created_at': '-000001-11-30T00:00:00.000000Z', 'updated_at': '2022-03-17T16:53:12.000000Z', 'deleted_at': None}",1541,Ceftriaxone (Ceftriaxone Sodium),,B4-3034,70,Powder for injection,12,Intravenous,1 g,473,Nasajones Industries Ltd,2025-11-26,2030-11-25,Active,"Powder for Solution for Injection or Infusion.
White powder",1 g x 1&#039;s (in vial) + 10 mL SWFI (in ampoule),"Combipack:
A) Each vial contains: Ceftriaxone Sodium equivalent to 1 g of Ceftriaxone
B) Each ampoule contains: Water for Injection 10 mL

Excipients with known effect: Sodium approx. 82 mg (3.6 mmol)",https://admin.greenbook.nafdac.gov.ng/uploadImage/smpc_files/2025/12/23/20251223b4eeb5c5-e797-51eb-aa92-923eb8fc99b9.pdf,J01DD04,https://greenbook.nafdac.gov.ng/products/details/12325,2026-09-29T10:52:30.242228+00:00
Greenbook NAFDAC,4768,11793,Nasacef Powder for Injection_,1,Drugs,"{'id': 1, 'name': 'Drugs', 'created_at': '-000001-11-30T00:00:00.000000Z', 'updated_at': '2022-03-17T16:53:12.000000Z', 'deleted_at': None}",1541,Ceftriaxone (Ceftriaxone Sodium),,B4-3034,70,Powder for injection,12,Intravenous,1 g,473,Nasajones Industries Ltd,2025-07-30,2030-07-29,Active,"Powder for Injection.
White powder",1 x 15 mL (in clear glass vial) + 10 mL WFI,"Each vials contains: Ceftriaxone Sodium 1 g
Excipients q.s.",https://admin.greenbook.nafdac.gov.ng/uploadImage/smpc_files/2025/08/22/2025082269dfba21-fc86-5900-9097-52e1adf1c879.pdf,J01DD04,https://greenbook.nafdac.gov.ng/products/details/11793,2026-09-29T10:52:30.242228+00:00
Greenbook NAFDAC,4769,4235,Nasacillin Injection##,1,Drugs,"{'id': 1, 'name': 'Drugs', 'created_at': '-000001-11-30T00:00:00.000000Z', 'updated_at': '2022-03-17T16:53:12.000000Z', 'deleted_at': None}",1608,Ampicillin (Ampicillin Sodium),,C4-1253,70,Powder for injection,29,Intravenous; Intramuscular,1 g,473,Nasajones Industries Ltd,2020-11-10,2025-11-09,Inactive,Powder for Solution for Injection,1 x 1 vial,Nasacillin Injection contains: Ampicillin (as Ampicillin Sodium) 1 g,,J01CA01,https://greenbook.nafdac.gov.ng/products/details/4235,2026-09-29T10:52:30.242228+00:00
Greenbook NAFDAC,4770,7647,Nasadic Diclofenac Sodium Injection BP 75 mg/3 mL##,1,Drugs,"{'id': 1, 'name': 'Drugs', 'created_at': '-000001-11-30T00:00:00.000000Z', 'updated_at': '2022-03-17T16:53:12.000000Z', 'deleted_at': None}",77,Diclofenac Sodium,,A4-100828,40,Injection,9,Intramuscular,75 mg/3 mL,473,Nasajones Industries Ltd,2024-04-30,2029-05-01,Active,"Solution for injection

57	NF-PP-382964	NASADIC DICLOFENAC SODIUM INJECTION BP 75MG/3ML	DICLOFENAC SODIUM INJECTION BP 75MG/3ML.	DICLOFENAC SODIUM INJECTION	A4-100828	Drugs	Imported Products	3X2X5AMPS	Over The Counter (OTC)	NASAJONES INDUSTRIES LTD, OFFICE COMPLEX MIDDLE ROAD BY ADO BAYERO SQUARE SABON GARI KANO KANO	0	nasajones2021@gmail.com	Shandong Xier Kangtai Pharmaceutical Company Ltd, Private Economy Garden, Xinyan town Yanzhou Jining City Shandong China, China					",3 x 2 x 5 ampoules,"Each 3 mL ampoule contains: Diclofenac Sodium Injection BP 75 mg
Excipients: Hydroxypropylbetadex, Polysorbate 20, Water for lnjection",https://admin.greenbook.nafdac.gov.ng/uploadImage/smpc_files/2024/12/04/2024120409db2fb3-562c-5f53-ba26-955afc964c5e.pdf,M01AB05,https://greenbook.nafdac.gov.ng/products/details/7647,2026-09-29T10:52:30.242228+00:00
Greenbook NAFDAC,4771,8794,Nasadol Tramadol Hydrochloride Capsules 100 mg**,1,Drugs,"{'id': 1, 'name': 'Drugs', 'created_at': '-000001-11-30T00:00:00.000000Z', 'updated_at': '2022-03-17T16:53:12.000000Z', 'deleted_at': None}",56,Tramadol Hydrochloride,,A4-101089,2,Capsule,1,Oral,100 mg,473,Nasajones Industries Ltd,2024-11-22,2029-11-21,Active,Capsule,20 x 10&#039;s,"Each capsule contains: Tramadol Hydrochloride 100 mg, Excipients q.s.",https://admin.greenbook.nafdac.gov.ng/uploadImage/smpc_files/2024/12/11/2024121160dc9832-2147-5f9c-b4ce-f79d59181460.pdf,N02AX02,https://greenbook.nafdac.gov.ng/products/details/8794,2026-09-29T10:52:30.242228+00:00
Greenbook NAFDAC,4772,10807,Nasafen Diclofenac Potassium Tablet_,1,Drugs,"{'id': 1, 'name': 'Drugs', 'created_at': '-000001-11-30T00:00:00.000000Z', 'updated_at': '2022-03-17T16:53:12.000000Z', 'deleted_at': None}",1125,Diclofenac Potassium,,B4-9763,1,Tablet,1,Oral,50 mg,473,Nasajones Industries Ltd,2024-08-28,2029-08-27,Active,"Gastro-resistant tablet.
Round, biconvex, reddish-brown coloured tablet, marked &quot;DICL50&quot; on one face.

NASAFEN DICLOFENAC POTASSIUM TABLET	DICLOFENAC POTASSIUM 50MG	EACH TABLET CONTAINS , DICLOFENAC POTASSSIUM 50MG , EXCIPIENT Q.S.	B4-9763	Drugs	Imported Products	1X12,1X10,10X1X20	Prescription Only Medicine (POM)	03/04/2024	NASAJONES INDUSTRIES LTD, OFFICE COMPLEX MIDDLE ROAD BY ADO BAYERO SQUARE SABON GARI KANO KANO	0	nasajones2021@gmail.com	SHANDONG XIER KANGTAI PHARM CO.LTD, PRIVATE ECONOMY GARDEN, XINYAN TOWN, YANZHOU CITY, SHANDONG CHINA, China","1 x 12&#039;s, 1 x 10&#039;s, 1 x 20&#039;s",Each tablet contains: Diclofenac Potassium BP 50 mg,https://admin.greenbook.nafdac.gov.ng/uploadImage/smpc_files/2024/09/17/20240917b4befd92-5047-5da6-b411-37cd26fd3406.pdf,M01AB05,https://greenbook.nafdac.gov.ng/products/details/10807,2026-09-29T10:52:30.242228+00:00
Greenbook NAFDAC,4773,5849,Nasagent Injection##,1,Drugs,"{'id': 1, 'name': 'Drugs', 'created_at': '-000001-11-30T00:00:00.000000Z', 'updated_at': '2022-03-17T16:53:12.000000Z', 'deleted_at': None}",755,Gentamicin (Gentamicin Sulfate),,B4-7134,40,Injection,9,Intramuscular,80 mg/mL,473,Nasajones Industries Ltd,2023-08-31,2028-08-30,Active,"Injection
A clear colorless liquid

NASAGENT INJECTION	GENTAMYCIN SULPHATE 80MG/2ML	GENTAMYCIN 80MG/2ML	B4-7134	Drugs	Imported Products	2MLX5AMPOULESX2	Prescription Only Medicine (POM)	11/08/2022	NASAJONES INDUSTRIES LTD, NO. 31 OFFICE COMPLEX, MIDDLE ROAD BY ADO BAYERO SQUARE, SABON GARI	0	nasajones2021@gmail.com	GUIZHOU TIANDI PHARACEUTICAL CO., LTD, NO 6 BAOKAND ROAD, XINGYI CITY, GUIZHOU PROVINCE, CHINA, China",2 x 5 x 2 mL ampoules,"Each 2 mL contains: Gentamycin Sulfate 80 mg
Excipients: Anhydrous Sodium Sulfate, Water for Injection",https://admin.greenbook.nafdac.gov.ng/uploadImage/smpc_files/2023/09/06/20230906b51fad6d-53b1-518c-ae2a-facb901a5a0e.pdf,J01GB03,https://greenbook.nafdac.gov.ng/products/details/5849,2026-09-29T10:52:30.242228+00:00
Greenbook NAFDAC,4774,10809,Nasodyne Adult Expectorant**,1,Drugs,"{'id': 1, 'name': 'Drugs', 'created_at': '-000001-11-30T00:00:00.000000Z', 'updated_at': '2022-03-17T16:53:12.000000Z', 'deleted_at': None}",406,Carbocisteine,,A11-1162,103,Syrup,1,Oral,250 mg/5 mL,221,May &amp; Baker Nigeria PLC,2021-01-28,2026-01-27,Inactive,Oral Syrup,100 mL (in amber PET bottle),Each 5 mL contains: Carbocisteine 250 mg,https://admin.greenbook.nafdac.gov.ng/uploadImage/smpc_files/2024/11/16/20241116072398c3-aee5-530a-93fe-f80d1a9a222e.pdf,R05CB03,https://greenbook.nafdac.gov.ng/products/details/10809,2026-09-29T10:52:30.242228+00:00
Greenbook NAFDAC,4775,10810,Nasodyne Child Expectorant**,1,Drugs,"{'id': 1, 'name': 'Drugs', 'created_at': '-000001-11-30T00:00:00.000000Z', 'updated_at': '2022-03-17T16:53:12.000000Z', 'deleted_at': None}",406,Carbocisteine,,A11-1161,103,Syrup,1,Oral,100 mg/5 mL,221,May &amp; Baker Nigeria PLC,2021-01-28,2026-01-27,Inactive,Oral Syrup,100 mL,Each 5 mL contains: Carbocisteine 100 mg,https://admin.greenbook.nafdac.gov.ng/uploadImage/smpc_files/2024/11/16/2024111650f30ab4-4319-52e3-976b-52a12638d0cd.pdf,R05CB03,https://greenbook.nafdac.gov.ng/products/details/10810,2026-09-29T10:52:30.242228+00:00
Greenbook NAFDAC,4776,5249,Nasodyne Syrup (with Promethazine & Carbocisteine)**,1,Drugs,"{'id': 1, 'name': 'Drugs', 'created_at': '-000001-11-30T00:00:00.000000Z', 'updated_at': '2022-03-17T16:53:12.000000Z', 'deleted_at': None}",407,Carbocisteine; Promethazine Hydrochloride,,A11-1163,103,Syrup,1,Oral,100 mg/5 mL; 2.5 mg/5 mL,221,May &amp; Baker Nigeria PLC,2020-12-21,2025-12-20,Inactive,Expectorant,1 x 100 mL (in amber PET bottle),"Each 5 mL of syrup contains: Carbocisteine 100 mg, Promethazine HCl 2.5 mg, Excipients q.s.",https://admin.greenbook.nafdac.gov.ng/uploadImage/smpc_files/2024/11/16/2024111649db928e-04ab-5360-a841-ee6d97d3cf45.pdf,R06AD52,https://greenbook.nafdac.gov.ng/products/details/5249,2026-09-29T10:52:30.242228+00:00
Greenbook NAFDAC,4777,5250,Natnaw Tablets##,1,Drugs,"{'id': 1, 'name': 'Drugs', 'created_at': '-000001-11-30T00:00:00.000000Z', 'updated_at': '2022-03-17T16:53:12.000000Z', 'deleted_at': None}",683,Levonorgestrel,,B4-8612,1,Tablet,1,Oral,1.5 mg,741,Unosource Pharma Nigeria Limited,2023-05-25,2028-05-24,Active,"Film Coated Tablet
Pink, colored, round, biconvex film coated tablets

75	RNW-PP-276433	NATNAW TABLETS	Levonorgestrel 1.5mg	Levonorgestrel 1.5mg, dichloromethane BP, isopropyl alcohol BP, Lactose BP, Starch BP, Polyvinyl pyrrolidone BP, colloidal anhydrous silica BP, magnesium stearate.hypromellose BP, polyethylene glycol BP, titanium dioxide BP, purified talc BP.	B4-8612	Drugs	Imported Products	3 X 10	Prescription Only Medicine (POM)	5/2/2022	UNOSOURCE PHARMA NIGERIA LIMITED, 47, Babaponmile Street, Onipetesi-Mongoro	9030750939	 	&quot;AKUMS DRUGS &amp; PHARMACEUTICALS LIMITED, 19, 20, 21, SECTOR-6A, I.I.E., SIDCUL, RANIPUR, HARIDWAR-249403, INDIA.	",3 x 10&#039;s (in AIu-PVC blisters),"Each film coated tablet contains: Levonorgestrel BP 1.5 mg
Excipients q.s.
Colors: Lake Erythrosine, Lake Indigo, Carmine &amp; Titanium Dioxide BP",https://admin.greenbook.nafdac.gov.ng/uploadImage/smpc_files/2023/08/23/20230823bcbfffee-25f6-5793-b1c0-615cf702c891.pdf,G03AD01,https://greenbook.nafdac.gov.ng/products/details/5250,2026-09-29T10:52:30.242228+00:00
Greenbook NAFDAC,4778,4236,Natrilix SR Tablets 1.5 mg##,1,Drugs,"{'id': 1, 'name': 'Drugs', 'created_at': '-000001-11-30T00:00:00.000000Z', 'updated_at': '2022-03-17T16:53:12.000000Z', 'deleted_at': None}",230,Indapamide,,04-8509,1,Tablet,1,Oral,1.5 mg,146,Caesar &amp; Jones Nigeria Ltd,2021-09-28,2026-09-27,Inactive,"Tablet
Film-coated, extended-release tablet",,"Each tablet contains: Indapamide 1.5 mg
Excipient(s) with known effect: Lactose Monohydrate 124.5 mg
Excipients q.s.",https://admin.greenbook.nafdac.gov.ng/uploadImage/smpc_files/2023/05/28/202305288d30c601-dd1c-5d36-af22-9580c0bb61f5.pdf,C03BA11,https://greenbook.nafdac.gov.ng/products/details/4236,2026-09-29T10:52:30.242228+00:00
Greenbook NAFDAC,4779,307,Natrixam 1.5 mg/10 mg Modified-Release Tablets**,1,Drugs,"{'id': 1, 'name': 'Drugs', 'created_at': '-000001-11-30T00:00:00.000000Z', 'updated_at': '2022-03-17T16:53:12.000000Z', 'deleted_at': None}",275,Amlodipine (Amlodipine Besilate); Indapamide,,B4-4152,1,Tablet,1,Oral,10 mg; 1.5 mg,338,Assene-Laborex Limited,2021-08-03,2026-08-02,Inactive,"Modified-release tablet.
Pink, round, film-coated, bilayer, modified-release tablet of 9 mm diameter engraved with symbol on one face",1 x 30&#039;s (in PVC-Alu blister),"Each tablet contains: Indapamide 1.5 mg, Amlodipine Besilate 13.87 mg equivalent to Amlodipine 10 mg
Excipient(s) with known effects: Lactose Monohydrate 104.5 mg",https://admin.greenbook.nafdac.gov.ng/uploadImage/smpc_files/2024/11/16/20241116557b5788-d095-5e1d-886b-e17d9d6737f2.pdf,C08GA02,https://greenbook.nafdac.gov.ng/products/details/307,2026-09-29T10:52:30.242228+00:00
Greenbook NAFDAC,4780,308,Natrixam 1.5 mg/5 mg Modified-Release Tablets**,1,Drugs,"{'id': 1, 'name': 'Drugs', 'created_at': '-000001-11-30T00:00:00.000000Z', 'updated_at': '2022-03-17T16:53:12.000000Z', 'deleted_at': None}",275,Amlodipine (Amlodipine Besilate); Indapamide,,B4-4153,1,Tablet,1,Oral,5 mg; 1.5 mg,338,Assene-Laborex Limited,2021-05-03,2026-05-02,Inactive,"Modified-release tablet.
White, round, film-coated, bilayer, modified-release tablet of 9 mm diameter engraved with symbol on one face",1 x 30&#039;s (in PVC-Alu blister),"Each tablet contains: Indapamide 1.5 mg, Amlodipine Besilate 6.935 mg equivalent to Amlodipine 5 mg
Excipient(s) with known effects:  Lactose Monohydrate 104.5 mg",https://admin.greenbook.nafdac.gov.ng/uploadImage/smpc_files/2024/11/16/20241116ee86fc5e-c06f-5ee2-8f08-dae536c2166d.pdf,C08GA02,https://greenbook.nafdac.gov.ng/products/details/308,2026-09-29T10:52:30.242228+00:00
Greenbook NAFDAC,4781,11761,Naza A-B Arteether Injection_,1,Drugs,"{'id': 1, 'name': 'Drugs', 'created_at': '-000001-11-30T00:00:00.000000Z', 'updated_at': '2022-03-17T16:53:12.000000Z', 'deleted_at': None}",551,α-β Arteether,Alpha Beta Arteether; Alfa Beta Arteether,A4-8881,40,Injection,31,Intravenous; Intramuscular; Subcutaneous,150 mg,1315,Naza Associates Nigeria Ltd,2025-08-27,2030-08-26,Active,Injection,3 x 2 mL ampoules,"Each 2 mL ampoule contains: A-B Arteether 150 mg
Excipients: Arachis Oil BP, Benzyl Alcohol BP, Ethyl ",https://admin.greenbook.nafdac.gov.ng/uploadImage/smpc_files/2025/10/15/202510158173db35-0b6d-59fc-9805-86305f76e55d.pdf,P01BE04,https://greenbook.nafdac.gov.ng/products/details/11761,2026-09-29T10:52:30.242228+00:00
Greenbook NAFDAC,4782,12245,Naza Ceftriaxone Injection 1 g_,1,Drugs,"{'id': 1, 'name': 'Drugs', 'created_at': '-000001-11-30T00:00:00.000000Z', 'updated_at': '2022-03-17T16:53:12.000000Z', 'deleted_at': None}",1541,Ceftriaxone (Ceftriaxone Sodium),,A4-101606,40,Injection,12,Intravenous,1 g,1315,Naza Associates Nigeria Ltd,2025-10-29,2030-10-28,Active,"Injection.
White to yellowish-orange crystalline powder filled",1 x 1 (in clear glass vial) + 10 mL sterile water for injection (in ampoule),"Each vial contains: Ceftriaxone Sodium USP 1000 mg equiv. to Ceftriaxone base 1 g

Each ampoule contains: Sterile Water for Injection BP 10 mL",https://admin.greenbook.nafdac.gov.ng/uploadImage/smpc_files/2025/12/10/20251210cabb878a-5d28-5bec-9b17-6f3d731b2bc2.pdf,J01DD04,https://greenbook.nafdac.gov.ng/products/details/12245,2026-09-29T10:52:30.242228+00:00
Greenbook NAFDAC,4783,12326,NAZA Omeprazole 40mg for Injection with Sodium Chloride Injection BP 10 mL**,1,Drugs,"{'id': 1, 'name': 'Drugs', 'created_at': '-000001-11-30T00:00:00.000000Z', 'updated_at': '2022-03-17T16:53:12.000000Z', 'deleted_at': None}",2327,Omeprazole (Omeprazole Sodium),,A4-101686,70,Powder for injection,12,Intravenous,40 mg,1315,Naza Associates Nigeria Ltd,2025-11-26,2030-11-25,Active,Powder for Solution for Injection in a vial with Sodium Chloride Injection for dilution in an ampoule,1 x 1&#039;s (in vial) + 10 mL Sodium Chloride Injection (in ampoule),Each vial contains: Omeprazole Sodium equiv. to Omeprazole 40 mg,https://admin.greenbook.nafdac.gov.ng/uploadImage/smpc_files/2025/12/31/20251231ec910757-ed7d-522a-b757-0ee80c4e0c1f.pdf,A02BC01,https://greenbook.nafdac.gov.ng/products/details/12326,2026-09-29T10:52:30.242228+00:00
Greenbook NAFDAC,4784,11978,Nazaneen Suspension_,1,Drugs,"{'id': 1, 'name': 'Drugs', 'created_at': '-000001-11-30T00:00:00.000000Z', 'updated_at': '2022-03-17T16:53:12.000000Z', 'deleted_at': None}",2257,Dried Aluminum Hydroxide; Magnesium Hydroxide; Simethicone,,B4-7311,102,Suspension,1,Oral,250 mg; 250 mg; 50 mg,374,Aquatix Pharmaceuticals Limited,2025-08-27,2030-08-26,Active,"Suspension.
Pink-colored solution",1 x 200 mL (in PET bottle),"Each 10 mL contains: Dried Aluminum Hydroxide 250 mg, Magnesium Hydroxide 250 mg, and Simethicone 50 mg",https://admin.greenbook.nafdac.gov.ng/uploadImage/smpc_files/2025/11/04/20251104ba040cfe-3ca1-524d-97f2-69dffb4ebcfb.pdf,A02AF02,https://greenbook.nafdac.gov.ng/products/details/11978,2026-09-29T10:52:30.242228+00:00
Greenbook NAFDAC,4785,12335,Nazaneen Suspension_,1,Drugs,"{'id': 1, 'name': 'Drugs', 'created_at': '-000001-11-30T00:00:00.000000Z', 'updated_at': '2022-03-17T16:53:12.000000Z', 'deleted_at': None}",2257,Dried Aluminum Hydroxide; Magnesium Hydroxide; Simethicone,,B4-7311,102,Suspension,1,Oral,250 mg; 250 mg; 50 mg,374,Aquatix Pharmaceuticals Limited,2025-11-26,2030-11-25,Active,"Suspension.
Pink-colored suspension",1 x 200 mL (in PET bottle),"Each 10 mL contains: Aluminum Hydroxide BP 250 mg, Dried Magnesium Hydroxide BP 250 mg, Simethicone BP 50 mg
Excipients q.s.",https://admin.greenbook.nafdac.gov.ng/uploadImage/smpc_files/2025/12/16/202512162d58580a-888d-50e0-a76d-da527d6ed44c.pdf,A02A,https://greenbook.nafdac.gov.ng/products/details/12335,2026-09-29T10:52:30.242228+00:00
Greenbook NAFDAC,4786,4237,Nazeedex Eye/Ear Drops##,1,Drugs,"{'id': 1, 'name': 'Drugs', 'created_at': '-000001-11-30T00:00:00.000000Z', 'updated_at': '2022-03-17T16:53:12.000000Z', 'deleted_at': None}",420,Dexamethasone phosphate (Dexamethasone sodium phosphate),,B4-4222,104,Solution/Drops,28,Ophthalmic/Otic,0.1%,331,Zeenat Nigeria Ltd,2020-11-10,2025-11-09,Inactive,"Ophthalmic/Otic Solution
",1 x 5 mL,"Nazeedex Eye/Ear Drops contains: Dexamethasone Sodium Phosphate USP equivalent to Dexamethasone Phosphate 0.1% w/v, Benzalkonium Chloride BP 0.02% w/v (as preservative)",,S03BA01,https://greenbook.nafdac.gov.ng/products/details/4237,2026-09-29T10:52:30.242228+00:00
Greenbook NAFDAC,4787,10811,Nazol Capsules##,1,Drugs,"{'id': 1, 'name': 'Drugs', 'created_at': '-000001-11-30T00:00:00.000000Z', 'updated_at': '2022-03-17T16:53:12.000000Z', 'deleted_at': None}",664,Danazol,,A4-4683,2,Capsule,1,Oral,200 mg,145,Chez Resources Pharmaceutical Limited,2025-01-30,2030-01-29,Active,"Hard Gelatin Capsules
Approved colors used in empty hard gelatin capsule shell

NAZOL CAPSULES	DANAZOL	Danazol USP 200mg (Active), maize starch (Excipients), lactose monohydrate 110mg(Excipients), SLS 12mg (Excipients), Purified Talc 5mg (Excipient)	A4-4683	Drugs	Imported Products	3*10CAPSULES	Prescription Only Medicine (POM)	8/30/2024	CHEZ RESOURCES PHARMACEUTICAL LIMITED, NO 7 CALABAR STREET, FEGGE-ONITSHA, ANAMBRA STATE	7036097470	chezrespharm@gmail.com	M/s BHARAT PARENTERALS LTD, Survey No. 144-A, Jarod Samlaya Road, Village: Haripura, Tal.- Savli, Dist.Vadodara-391520, Gujarat, India, India
												
												
												
												
												
												




",3 x 10&#039;s (in Alu-PVC blisters),"Each hard gelatin capsule contains: Danazol USP 200 mg
Excipients q.s.",https://admin.greenbook.nafdac.gov.ng/uploadImage/smpc_files/2025/03/19/20250319fd540f9a-0d16-5374-a0f2-8affa34c1ad2.pdf,G03XA01,https://greenbook.nafdac.gov.ng/products/details/10811,2026-09-29T10:52:30.242228+00:00
Greenbook NAFDAC,4788,5252,NCI Albendazole USP 400 mg Tablet##,1,Drugs,"{'id': 1, 'name': 'Drugs', 'created_at': '-000001-11-30T00:00:00.000000Z', 'updated_at': '2022-03-17T16:53:12.000000Z', 'deleted_at': None}",570,Albendazole,,B4-5177,1,Tablet,1,Oral,400 mg,236,NCI PharmChem Industries Limited,2023-07-06,2028-07-05,Active,"Chewable Tablet

26	RNW-PP-134862	NCI ALBENDAZOLE USP 400MG TABLET	ALBENDAZOLE TABLETS	ALBENDAZOLE USP 400MG	B4-5177	Drugs	Imported Products	10x1x1	Prescription Only Medicine (POM)	3/31/2022	NCI PHARMCHEM INDUSTRIES LIMITED, , IGBEHINADUN STREET OSHODI LAGOS	7066643820	ncipharmltd@gmail.com	SYNCOM FORMULATION (INDIA) LIMITED, 256 - 257, SECTOR - 1 PITHAMPUR (DHAR) 454 775, INDIA, India	26873356",10 x 1 x 1&#039;s (in Alu-PVC blister),"Each chewable tablet contains: Albendazole USP 400 mg
Excipients q.s.
Color: Sunset Yellow Supra",https://admin.greenbook.nafdac.gov.ng/uploadImage/smpc_files/2023/08/25/202308258d765dfe-ed99-59b2-af48-452bccea39e3.pdf,P02CA03,https://greenbook.nafdac.gov.ng/products/details/5252,2026-09-29T10:52:30.242228+00:00
Greenbook NAFDAC,4789,5721,NCI Amlodipine 10 mg Tablet##,1,Drugs,"{'id': 1, 'name': 'Drugs', 'created_at': '-000001-11-30T00:00:00.000000Z', 'updated_at': '2022-03-17T16:53:12.000000Z', 'deleted_at': None}",272,Amlodipine (Amlodipine Besilate),Amlodipine (Amlodipine Besylate),B4-6860,1,Tablet,1,Oral,10 mg,236,NCI PharmChem Industries Limited,2023-04-26,2028-04-25,Active,"Uncoated Tablet

NCI AMLODIPINE 10mg Tablet	AMLODIPINE 10mg Tablet	Each uncoated tablets contains: Amlodipine Besylate USP eq to Amlodipine 10mg Excipients: Calcium Hydrgen phosphate 259 9mg, starch (maize) 101.2mg sodium starch glycolate 6.25 mg collodial silica (aerosil-200) 2mg, povidone(PVPK-30) 14mg, methy Hydroxybenzoate 1mg, rppyl Hydroxyberzoate 0.2mg	B4-6860	Drugs	Imported Products	2*14	Prescription Only Medicine (POM)	08/03/2022	NCI PHARMCHEM INDUSTRIES LIMITED, , IGBEHINADUN STREET OSHODI LAGOS	7066643820	ncipharmltd@gmail.com	M/S SYNCOM FORMULATIONS ( INDIA) LIMITED, , 256-257, SECTOR 1, PITHAMPUR ( DHAR), M.P- 454775, INDIA. , India",2 x 14 (in Alu-PVC blisters),"Each uncoated tablet contains: Amlodipine Besylate USP equivalent to Amlodipine 10 mg
Excipients q.s.",https://admin.greenbook.nafdac.gov.ng/uploadImage/smpc_files/2023/09/29/202309292f2b6888-46d2-5278-971f-726ef2a66c0c.pdf,C08CA01,https://greenbook.nafdac.gov.ng/products/details/5721,2026-09-29T10:52:30.242228+00:00
Greenbook NAFDAC,4790,8895,NCI Amlodipine 5 mg Tablets**,1,Drugs,"{'id': 1, 'name': 'Drugs', 'created_at': '-000001-11-30T00:00:00.000000Z', 'updated_at': '2022-03-17T16:53:12.000000Z', 'deleted_at': None}",272,Amlodipine (Amlodipine Besilate),Amlodipine (Amlodipine Besylate),A4-9224,1,Tablet,1,Oral,5 mg,236,NCI PharmChem Industries Limited,2021-03-29,2026-03-28,Inactive,"Tablet.
White to off-white, circular biconvex bevel-edged tablet with break line on one side and plain on other side",2 x 14&#039;s (in Alu-PVC blisters),Each tablet contains: Amlodipine Besilate 6.94 mg equiv. to Amlodipine 5 mg,https://admin.greenbook.nafdac.gov.ng/uploadImage/smpc_files/2024/10/02/20241002d93d609d-c485-5121-9a9d-d983b30e413c.pdf,C08CA01,https://greenbook.nafdac.gov.ng/products/details/8895,2026-09-29T10:52:30.242228+00:00
Greenbook NAFDAC,4791,12033,NCI Amlodipine 5 mg Tablets_,1,Drugs,"{'id': 1, 'name': 'Drugs', 'created_at': '-000001-11-30T00:00:00.000000Z', 'updated_at': '2022-03-17T16:53:12.000000Z', 'deleted_at': None}",272,Amlodipine (Amlodipine Besilate),Amlodipine (Amlodipine Besylate),A4-9224,1,Tablet,1,Oral,5 mg,235,Nigerian Army Drug Manufacturing Co. (NADMACO),2021-03-29,2026-03-28,Inactive,Tablet,2 x 14&#039;s,Each tablet contains: Amlodipine Besylate 6.94 mg equiv. to Amlodipine 5 mg,,C08CA01,https://greenbook.nafdac.gov.ng/products/details/12033,2026-09-29T10:52:30.242228+00:00
Greenbook NAFDAC,4792,11549,NCI Artemether Injection**,1,Drugs,"{'id': 1, 'name': 'Drugs', 'created_at': '-000001-11-30T00:00:00.000000Z', 'updated_at': '2022-03-17T16:53:12.000000Z', 'deleted_at': None}",542,Artemether,,A4-5223,107,Solution for injection,9,Intramuscular,80 mg/mL,236,NCI PharmChem Industries Limited,2025-07-30,2030-07-29,Active,Oily solution for injection,1 mL x 6&#039;s (in ampoules),"Each mL contains: Artemether 80 mg, Excipients q.s.",https://admin.greenbook.nafdac.gov.ng/uploadImage/smpc_files/2025/09/04/20250904439e6cf9-05b0-5520-8257-f7580ad9b24b.pdf,P01BE02,https://greenbook.nafdac.gov.ng/products/details/11549,2026-09-29T10:52:30.242228+00:00
Greenbook NAFDAC,4793,5720,NCI Artemether Injection**,1,Drugs,"{'id': 1, 'name': 'Drugs', 'created_at': '-000001-11-30T00:00:00.000000Z', 'updated_at': '2022-03-17T16:53:12.000000Z', 'deleted_at': None}",542,Artemether,,A4-5223,107,Solution for injection,9,Intramuscular,80 mg/mL,236,NCI PharmChem Industries Limited,2023-04-26,2028-04-25,Active,Oily Solution for Injection,1 mL x 6&#039;s (in ampoules),Each mL contains: Artemether 80 mg,,P01BE02,https://greenbook.nafdac.gov.ng/products/details/5720,2026-09-29T10:52:30.242228+00:00
Greenbook NAFDAC,4794,10078,NCI Brimonidine Eye Drops_,1,Drugs,"{'id': 1, 'name': 'Drugs', 'created_at': '-000001-11-30T00:00:00.000000Z', 'updated_at': '2022-03-17T16:53:12.000000Z', 'deleted_at': None}",790,Brimonidine Tartrate,,C4-1722,24,Eye drops,15,Ophthalmic,0.1% ,236,NCI PharmChem Industries Limited,2021-06-24,2026-06-23,Inactive,"Ophthalmic solution.

58	NCI BRIMONIDINE EYE DROPS	BRIMONIDINE	BRIMONIDINE TARTRATE 	BRIMONIDINE TARTRATE 0.1% W/V	PRESCRIPTION ONLY MEDICINE	EYE DROP	1 X 10ML	ALPHA 2 ADRENERGIC RECEPTOR AGONIST	NCI PHARM CHEM IND. LTD	29, IGBEHINADUN STREET, OSHODI, LAGOS STATE	HANUCHEM LABORATORIES	PLOT NO 13, SECTOR 5 INDUSTRIAL AREA PARWANOO, DISTT. SOLAN (HP) 173220, INDIA	C4-1722	TREATMENT OF GLAUCOMA	06/24/2021	06/23/2026		",10 mL ,Composition: Brimonidine Tartrate 0.1% w/v,https://admin.greenbook.nafdac.gov.ng/uploadImage/smpc_files/2024/09/20/2024092030cde4a1-f458-5f66-a465-165778db3216.pdf,S01EA05,https://greenbook.nafdac.gov.ng/products/details/10078,2026-09-29T10:52:30.242228+00:00
Greenbook NAFDAC,4795,11388,NCI Chloroquine Injection 30 mL**,1,Drugs,"{'id': 1, 'name': 'Drugs', 'created_at': '-000001-11-30T00:00:00.000000Z', 'updated_at': '2022-03-17T16:53:12.000000Z', 'deleted_at': None}",1572,Chloroquine (Chloroquine Phosphate),,A4-5224,107,Solution for injection,29,Intravenous; Intramuscular,40 mg/mL,236,NCI PharmChem Industries Limited,2025-06-25,2030-06-24,Active,Solution for Injection,30 mL x 25&#039;s (in vials),"Chloroquine Phosphate Injection 40 mg/mL.
Each mL contains: Chloroquine Phosphate BP 64.5 m equiv. to Chloroquine base 40 mg, Benzyl Alcohol BP 2 % v/v (as Preservative), Water for Injection BP q.s.",https://admin.greenbook.nafdac.gov.ng/uploadImage/smpc_files/2025/07/25/20250725d25576a2-1622-585f-9493-f63436fb5a79.pdf,P01BA01,https://greenbook.nafdac.gov.ng/products/details/11388,2026-09-29T10:52:30.242228+00:00
Greenbook NAFDAC,4796,5722,NCI Hydrocortsone Injection**,1,Drugs,"{'id': 1, 'name': 'Drugs', 'created_at': '-000001-11-30T00:00:00.000000Z', 'updated_at': '2022-03-17T16:53:12.000000Z', 'deleted_at': None}",1536,Hydrocortisone (Hydrocortisone Sodium Succinate),,B4-2771,70,Powder for injection,29,Intravenous; Intramuscular,100 mg,236,NCI PharmChem Industries Limited,2023-04-26,2028-04-25,Active,Dry Powder for Injection,1 x 10&#039;s (in vials),Each vial contains: Hydrocortisone Sodium Succinate equivalent to Hydrocortisone 100 mg,https://admin.greenbook.nafdac.gov.ng/uploadImage/smpc_files/2023/09/26/20230926ee3cf9b4-b49b-5f05-bfd3-a3ce8452c9d3.pdf,H02AB09,https://greenbook.nafdac.gov.ng/products/details/5722,2026-09-29T10:52:30.242228+00:00
Greenbook NAFDAC,4797,8699,NCI Metronidazole Infusion (500 mg/100 mL)##,1,Drugs,"{'id': 1, 'name': 'Drugs', 'created_at': '-000001-11-30T00:00:00.000000Z', 'updated_at': '2022-03-17T16:53:12.000000Z', 'deleted_at': None}",485,Metronidazole,,B4-4972,114,Solution for infusion,12,Intravenous,500 mg/100 mL,236,NCI PharmChem Industries Limited,2024-09-25,2029-09-24,Active,Solution for Intravenous Infusion,1 x 100 mL (in PP bottle),"Each 100 mL bottle contains: Metronidazole 500 mg
Excipients: Sodium Chloride 800 mg, Water for Injection q.s.",https://admin.greenbook.nafdac.gov.ng/uploadImage/smpc_files/2024/11/18/202411182174c4bd-4f93-52dc-a1c4-2a23dc3a9bfd.pdf,J01XD01,https://greenbook.nafdac.gov.ng/products/details/8699,2026-09-29T10:52:30.242228+00:00
Greenbook NAFDAC,4798,5723,NCI Sildenafil 100 mg Tablets##,1,Drugs,"{'id': 1, 'name': 'Drugs', 'created_at': '-000001-11-30T00:00:00.000000Z', 'updated_at': '2022-03-17T16:53:12.000000Z', 'deleted_at': None}",703,Sildenafil (Sildenafil Citrate),,B4-2672,1,Tablet,1,Oral,100 mg,236,NCI PharmChem Industries Limited,2023-04-26,2028-04-25,Active,"Tablet
Blue colored, diamond shaped, biconvex film coated tablets plain on both sides

NCI SILDENAFIL 100mg tablets	SILDENAFIL CITRATE	EACH FILM COATED TABLETS CONTAINS: SILDENAFIL CITRATE BP EQ TO SILDENAFIL 100MG	B4-2672	Drugs	Imported Products	1x4	Prescription Only Medicine (POM)	04/06/2021	NCI PHARMCHEM INDUSTRIES LIMITED, , IGBEHINADUN STREET OSHODI LAGOS	7066643820	ncipharmltd@gmail.com	M/S SYNCOM FORMULATIONS ( INDIA) LIMITED, , 256-257, SECTOR 1, PITHAMPUR ( DHAR), M.P- 454775, INDIA. , India						",1 x 4&#039;s (in blister),"Each film coated tablets contains: Sildenafil Citrate BP equivalent to Sildenafil 100 mg
Excipients q.s.
Approved color used",https://admin.greenbook.nafdac.gov.ng/uploadImage/smpc_files/2023/09/26/2023092693e59c53-ebe9-59ac-95eb-4f566aca0cc0.pdf,G04BE03,https://greenbook.nafdac.gov.ng/products/details/5723,2026-09-29T10:52:30.242228+00:00
Greenbook NAFDAC,4799,10293,NCI Timolol Eye Drops##,1,Drugs,"{'id': 1, 'name': 'Drugs', 'created_at': '-000001-11-30T00:00:00.000000Z', 'updated_at': '2022-03-17T16:53:12.000000Z', 'deleted_at': None}",787,Timolol (Timolol Maleate),,C4-1731,24,Eye drops,15,Ophthalmic,0.5%  ,236,NCI PharmChem Industries Limited,2021-06-24,2026-06-23,Inactive,Ophthalmic Solution,1 x 10 mL ,"Each mL contains: Timolol Maleate USP equivalent to Timolol Base 0.5% w/v, Benzalkonium Chloride Solution BP 0.02% v/v (as preservative), Sterile aqueous base q.s.
Excipients q.s.",https://admin.greenbook.nafdac.gov.ng/uploadImage/smpc_files/2024/09/20/20240920ff7f37ab-b490-59a9-a56c-94f03a9f81bc.pdf,S01ED01,https://greenbook.nafdac.gov.ng/products/details/10293,2026-09-29T10:52:30.242228+00:00
Greenbook NAFDAC,4800,8795,NCI Tramadol 100 Capsules**,1,Drugs,"{'id': 1, 'name': 'Drugs', 'created_at': '-000001-11-30T00:00:00.000000Z', 'updated_at': '2022-03-17T16:53:12.000000Z', 'deleted_at': None}",56,Tramadol Hydrochloride,,A4-5318,2,Capsule,1,Oral,100 mg,236,NCI PharmChem Industries Limited,2021-03-29,2026-03-28,Inactive,"Hard Capsule.
Green CT, size &#039;4&#039; hard gelatin capsules filled with white to off-white powder and imprinted with monogram green CT",1 x 10&#039;s (in Alu-PVC blister),Each hard capsule contains: Tramadol Hydrochloride 100 mg,https://admin.greenbook.nafdac.gov.ng/uploadImage/smpc_files/2024/10/02/2024100253905a4c-0db6-5bbf-922d-7142277b7760.pdf,N02AX02,https://greenbook.nafdac.gov.ng/products/details/8795,2026-09-29T10:52:30.242228+00:00
Greenbook NAFDAC,4801,10812,NCI Tramadol 50 Capsules##,1,Drugs,"{'id': 1, 'name': 'Drugs', 'created_at': '-000001-11-30T00:00:00.000000Z', 'updated_at': '2022-03-17T16:53:12.000000Z', 'deleted_at': None}",56,Tramadol Hydrochloride,,A4-4990,2,Capsule,1,Oral,50 mg,236,NCI PharmChem Industries Limited,2025-01-30,2030-01-29,Active,"Hard Gelatin Capsule
Green/yellow, size &quot;4&quot; hard gelatin capsules filled with white to off-white powder and imprinted with monogram green/yellow

NCI TRAMADOL 50 CAPSULES	TRAMADOL HYDROCHLORIDE	Contents of Capsule Lactose, silica, collodal anhydrous, maize starch, magnesium stearate , Talcum, Capsule shell Body Gelain sodium lauryl sulphate, iron oxide yellow { E172} Titanium dioxide ( E171} Cap Gelatin sodium lauryl sulphate, indigo carmine, iron oxide yrllow {E172} Titanium dioxide { E171)	A4-4990	Drugs	NERVOUS SYSTEM	Imported Products	1X10	Prescription Only Medicine (POM)	08/11/2024	NCI PHARMCHEM INDUSTRIES LIMITED, NO 208/210, OSHODI APAPA EXPRESS WAY LAGOS, LAGOS, , LAGOS	7066643820	ncipharmltd@gmail.com	MANCARE PHARMACEUTICALS PVT LTD, 60, VASAI MUNICIPAL INDUSTRIAL ESTATE, DHOWALI VILLAGE, VASAI (W). DIST. PALGHAR, MAHARASTRA STATE, INDIA., MANCARE PHARMACEUTICALS PVT LTD, 60, VASAI MUNICIPAL INDUSTRIAL ESTATE, DHOWALI VILLAGE, VASAI (W). DIST. PALGHAR, MAHARASTRA STATE, INDIA., Nigeria
													
													
													
													
													
													
",1 x 10&#039;s (in PVC-Alu blister),"Each capsule contains Tramadol Hydrochloride equivalent to Tramadol base 50 mg
Excipients q.s.",https://admin.greenbook.nafdac.gov.ng/uploadImage/smpc_files/2025/05/22/20250522731961d2-d9fa-5cb9-9581-fe21e7e47093.pdf,N02AX02,https://greenbook.nafdac.gov.ng/products/details/10812,2026-09-29T10:52:30.242228+00:00
Greenbook NAFDAC,4802,3545,Ncipro 500 Tablets##,1,Drugs,"{'id': 1, 'name': 'Drugs', 'created_at': '-000001-11-30T00:00:00.000000Z', 'updated_at': '2022-03-17T16:53:12.000000Z', 'deleted_at': None}",461,Ciprofloxacin (Ciprofloxacin Hydrochloride),,A4-9639,1,Tablet,1,Oral,500 mg,236,NCI PharmChem Industries Limited,2020-11-10,2025-11-09,Inactive,Tablet,,Each tablet contains: Ciprofloxacin Hydrochloride equivalent to Ciprofloxacin 500 mg,,J01MA02,https://greenbook.nafdac.gov.ng/products/details/3545,2026-09-29T10:52:30.242228+00:00
Greenbook NAFDAC,4803,6365,Ncpc Artemether Injection##,1,Drugs,"{'id': 1, 'name': 'Drugs', 'created_at': '-000001-11-30T00:00:00.000000Z', 'updated_at': '2022-03-17T16:53:12.000000Z', 'deleted_at': None}",542,Artemether,,B4-2922,40,Injection,9,Intramuscular,80 mg/mL,628,Chrisnelb Pharma Ltd,2023-10-31,2028-10-30,Active,"Injection

8	RNW-PP-100757	NCPC ARTEMETHER INJECTION	ARTEMETHER 80MG/ML	ARTEMETHER 80MG. EXCIPIENT Q.S.	B4-2922	Drugs	Imported Products	1 ML X 6AMPOULES	Prescription Only Medicine (POM)	9/16/2019	CHRIS NELB PHARMACEUTICAL NIGERIA IMITED, , ASHOGBON STREET, IDUMOTA LAGOS LAGOS	7034590442	chrisnelbpharmnigltd@gmail.com	REYOUNG PHARMA CO. LTD, NO 1, RUIYANG ROAD , YIYUAN COUNTY , SHANDONG. PROVINCE, P.R CHINA, China						",6 x 1 mL ampoules,"Each mL contains: Artemether 80 mg
Excipients q.s.",https://admin.greenbook.nafdac.gov.ng/uploadImage/smpc_files/2023/11/07/202311070f8ac08d-8010-5c9b-9244-7b570483cd66.pdf,P01BE02,https://greenbook.nafdac.gov.ng/products/details/6365,2026-09-29T10:52:30.242228+00:00
Greenbook NAFDAC,4804,3688,NCPC Ceftriaxone Sodium Powder for Injection (IM)##,1,Drugs,"{'id': 1, 'name': 'Drugs', 'created_at': '-000001-11-30T00:00:00.000000Z', 'updated_at': '2022-03-17T16:53:12.000000Z', 'deleted_at': None}",1541,Ceftriaxone (Ceftriaxone Sodium),,B4-2307,70,Powder for injection,9,Intramuscular,1 g,628,Chrisnelb Pharma Ltd,2020-12-21,2025-12-20,Inactive,Powder for Solution for Injection,1 x 1 vial,NCPC Ceftriaxone Sodium Powder for Injection (IM) contains: Ceftriaxone 1 g,,J01DD04,https://greenbook.nafdac.gov.ng/products/details/3688,2026-09-29T10:52:30.242228+00:00
Greenbook NAFDAC,4805,4238,NCPC Cefuroxime Powder for Injection##,1,Drugs,"{'id': 1, 'name': 'Drugs', 'created_at': '-000001-11-30T00:00:00.000000Z', 'updated_at': '2022-03-17T16:53:12.000000Z', 'deleted_at': None}",1543,Cefuroxime (Cefuroxime Sodium),,C4-1231,70,Powder for injection,29,Intravenous; Intramuscular,750 mg,628,Chrisnelb Pharma Ltd,2020-11-10,2025-11-09,Inactive,Powder for Solution for Injection,1 x 1 vial,NCPC Cefuroxime Powder for Injection contains: Cefuroxime 750 mg,,J01DC02,https://greenbook.nafdac.gov.ng/products/details/4238,2026-09-29T10:52:30.242228+00:00
Greenbook NAFDAC,4806,3947,NCPC Procaine Benzyl Penicillin Injection 4 Mega##,1,Drugs,"{'id': 1, 'name': 'Drugs', 'created_at': '-000001-11-30T00:00:00.000000Z', 'updated_at': '2022-03-17T16:53:12.000000Z', 'deleted_at': None}",434,Procaine Benzylpenicillin; Benzylpenicillin Sodium,Procaine Penicillin Fortified,B4-2356,70,Powder for injection,9,Intramuscular,3 MU; 1 MU (4 MU),628,Chrisnelb Pharma Ltd,2021-12-16,2026-12-15,Active,Powder for Solution for Injection,1 x 1 vial,"Each vial contains: Procaine Penicillin 3 g (3 MU), Benzylpenicillin Sodium 0.6 g (1 MU)",,J01CE30,https://greenbook.nafdac.gov.ng/products/details/3947,2026-09-29T10:52:30.242228+00:00
Greenbook NAFDAC,4807,11657,Ndosoln Eye/Ear Drops_,1,Drugs,"{'id': 1, 'name': 'Drugs', 'created_at': '-000001-11-30T00:00:00.000000Z', 'updated_at': '2022-03-17T16:53:12.000000Z', 'deleted_at': None}",769,Betamethasone (Betamethasone Sodium Phosphate); Neomycin sulfate,,A4-101510,16,Ear/eye drops,28,Ophthalmic/Otic,0.1%; 0.5%,1338,NDOZZ PHARMACEUTICAL NIG LTD,2025-08-27,2030-08-26,Active,Ear/Eye Drops,1 x 10 mL (in plastic vial),"Ndosoln Eye/Ear Drops contains: Betamethasone Sodium Phosphate BP 0.1% w/v, Neomycin Sulphate BP 0.5% w/v, Thiomersal BP 0.005% w/v
Excipients q.s.",https://admin.greenbook.nafdac.gov.ng/uploadImage/smpc_files/2025/10/24/20251024033b833d-dc4e-5393-a58a-784a65a770f7.pdf,S03CA06,https://greenbook.nafdac.gov.ng/products/details/11657,2026-09-29T10:52:30.242228+00:00
Greenbook NAFDAC,4808,10294,Nebilong 5 Tablets##,1,Drugs,"{'id': 1, 'name': 'Drugs', 'created_at': '-000001-11-30T00:00:00.000000Z', 'updated_at': '2022-03-17T16:53:12.000000Z', 'deleted_at': None}",243,Nebivolol,,A4-8928,1,Tablet,1,Oral,5 mg,230,Micro Nova Pharmaceuticals Ind Ltd,2021-09-28,2026-09-27,Inactive,Tablet,3 x 10&#039;s,Each tablet contains; Nebivolol Hydrochloride equivalent to Nebivolol 5 mg,https://admin.greenbook.nafdac.gov.ng/uploadImage/smpc_files/2024/12/31/202412319e65bc2b-bc83-562f-a818-166f5fe6d824.pdf,,https://greenbook.nafdac.gov.ng/products/details/10294,2026-09-29T10:52:30.242228+00:00
Greenbook NAFDAC,4809,8936,"Nechcef 500 mg Tablet** (duplicate, different product name)",1,Drugs,"{'id': 1, 'name': 'Drugs', 'created_at': '-000001-11-30T00:00:00.000000Z', 'updated_at': '2022-03-17T16:53:12.000000Z', 'deleted_at': None}",456,Cefuroxime (Cefuroxime Axetil),,C4-1159,1,Tablet,1,Oral,500 mg,1066,De-Zubik Pharmaceutical Ltd,2024-10-31,2029-10-30,Active,"Film-coated Tablet.
White to off white colored, oval shape standard concave film coated tablets, plain on both sides",1 x 10&#039;s (in Alu-Alu blister),"Each film coated tablet contains: Cefuroxime Axetil USP Equiv. to Cefuroxime 500 mg

Excipients: 
Microcrystalline Cellulose-102 (spray Dried), Lactose Monohydrate, Colloidal Silicon Dioxide (Aerosil), Talc, Croscarmellose Sodium, Hydrogenated Castor Oil Powder Form, Sodium Lauryl Sulphate, Crospovidone Xl 10, Color Coat Fc4 W-U (White)
Solvent: Isopropyl Alcohol, Methylene Chloride",https://admin.greenbook.nafdac.gov.ng/uploadImage/smpc_files/2024/11/22/202411220f610bda-db6a-540d-b67e-7dc14fdc18a8.pdf,J01DC02,https://greenbook.nafdac.gov.ng/products/details/8936,2026-09-29T10:52:30.242228+00:00
Greenbook NAFDAC,4810,10295,Necodex Eye Drop##,1,Drugs,"{'id': 1, 'name': 'Drugs', 'created_at': '-000001-11-30T00:00:00.000000Z', 'updated_at': '2022-03-17T16:53:12.000000Z', 'deleted_at': None}",1971,Dexamethasone (Dexamethasone Sodium Phosphate); Neomycin(Neomycin Sulphate),,A4-7380,24,Eye drops,15,Ophthalmic,0.1%w/v; 0.35w/v,220,Mark Pharmaceutical Limited,2021-08-26,2026-08-25,Inactive,Eye Drop,10 x 5 mL,"Necodex Eye Drop contains: Dexamethasone Sodium Phosphate USP 0.1% w/v, Neomycin Sulphate USP 0.35% w/v",,,https://greenbook.nafdac.gov.ng/products/details/10295,2026-09-29T10:52:30.242228+00:00
Greenbook NAFDAC,4811,3212,Necotrim 960 mg Tablet##,1,Drugs,"{'id': 1, 'name': 'Drugs', 'created_at': '-000001-11-30T00:00:00.000000Z', 'updated_at': '2022-03-17T16:53:12.000000Z', 'deleted_at': None}",488,Sulfamethoxazole; Trimethoprim,Co-trimoxazole; Cotrimoxazole,A11-100053,1,Tablet,1,Oral,800 mg; 160 mg,238,Neimeth International Pharmaceuticals PLC,2021-03-29,2026-03-28,Inactive,Tablet,,"Each tablet contains: Sulfamethoxazole 800 mg, Trimethoprim 160 mg",,J01EE01,https://greenbook.nafdac.gov.ng/products/details/3212,2026-09-29T10:52:30.242228+00:00
Greenbook NAFDAC,4812,12022,Necotrim Suspension_,1,Drugs,"{'id': 1, 'name': 'Drugs', 'created_at': '-000001-11-30T00:00:00.000000Z', 'updated_at': '2022-03-17T16:53:12.000000Z', 'deleted_at': None}",488,Sulfamethoxazole; Trimethoprim,Co-trimoxazole; Cotrimoxazole,04-2377,102,Suspension,1,Oral,200 mg/5 mL; 40 mg/5 mL ,238,Neimeth International Pharmaceuticals PLC,2021-03-29,2026-03-28,Inactive,Oral Suspension,1 x 60 mL,"Each 5 mL contains: Sulfamethoxazole 200 mg, and Trimethoprim 40 mg
",,J01EE01,https://greenbook.nafdac.gov.ng/products/details/12022,2026-09-29T10:52:30.242228+00:00
Greenbook NAFDAC,4813,3213,Necotrim**,1,Drugs,"{'id': 1, 'name': 'Drugs', 'created_at': '-000001-11-30T00:00:00.000000Z', 'updated_at': '2022-03-17T16:53:12.000000Z', 'deleted_at': None}",488,Sulfamethoxazole; Trimethoprim,Co-trimoxazole; Cotrimoxazole,04-2377,102,Suspension,1,Oral,200 mg/5 mL; 40 mg/5 mL,238,Neimeth International Pharmaceuticals PLC,2021-03-29,2026-03-28,Inactive,Oral Suspension,,"Each 5 mL suspension contains: Sulfamethoxazole 200 mg, Trimethoprim 40 mg",,J01EE01,https://greenbook.nafdac.gov.ng/products/details/3213,2026-09-29T10:52:30.242228+00:00
Greenbook NAFDAC,4814,6998,Necsartan Tablets##,1,Drugs,"{'id': 1, 'name': 'Drugs', 'created_at': '-000001-11-30T00:00:00.000000Z', 'updated_at': '2022-03-17T16:53:12.000000Z', 'deleted_at': None}",259,Candesartan Cilexetil; Hydrochlorothiazide,,A4-9507,1,Tablet,1,Oral,16 mg; 12.5 mg,237,Nectar Healthcare Limited,2023-12-21,2028-12-20,Active,"Tablet
Light orange color, oblong shape, biconvex un-coated tablet, break line on one side and plain on other side

134	RNW-PP-361530 	NECSARTAN TABLETS	CANDESARTAN CILEXETIL USP 16MG, HYDROCHLOROTHIAZIDE USP 12.5MG	Candesartan cilexetil USP 16 mg,, Hydrochlorothiazide USP 12.5 mg (EXCIPIENTS- Starch, Microcrystalline cellulose, Isopropyl alcohol, PVPK-30, Colour sunset yellow Supra, Magnesium stearate, Sodium starch glycolate, Colloidal silicon dioxide, Talcum)	A4-9507	Drugs	Imported Products	2x14tablets	POM 1	10/13/2023	NECTAR HEALTHCARE LIMITED, RESIDENCE ROAD, GBAGADA PHASE 2 LAGOS LAGOS	14141978	kingsley.okeke2@gmail.com	RATNAMANI HEALTHCARE PVT.LTD., 750/1 Ahmedabad-Mahsana Highway, Village-Indrad, Chhatral-382721., India												",2 x 14&#039;s (in strips),"Each uncoated tablet contains: Candesartan Cilexetil USP 16 mg, Hydrochlorothiazide USP 12.5 mg
Excipients: Starch BP, Microcrystalline Cellulose BP,  Isopropyl Alcohol BP, PVPK-30 BP, Color Sunset Yellow Supra IHS, Magnesium Stearate BP, Sodium Starch Glycolate BP, Colloidal Silicon Dioxide BP, Talcum BP
Color: Sunset Yellow",https://admin.greenbook.nafdac.gov.ng/uploadImage/smpc_files/2024/01/01/202401014b4cba9f-6a57-5796-8e4f-1783e71e1c6f.pdf,C09DA06,https://greenbook.nafdac.gov.ng/products/details/6998,2026-09-29T10:52:30.242228+00:00
Greenbook NAFDAC,4815,7692,Nectaclav 625 Tablets##,1,Drugs,"{'id': 1, 'name': 'Drugs', 'created_at': '-000001-11-30T00:00:00.000000Z', 'updated_at': '2022-03-17T16:53:12.000000Z', 'deleted_at': None}",423,Amoxicillin (Amoxicillin Trihydrate); Clavulanic Acid (Potassium Clavulanate),,A4-9508,1,Tablet,1,Oral,500 mg; 125 mg,237,Nectar Healthcare Limited,2024-03-27,2029-03-26,Active,"Tablet
White colored, capsule shaped film coated tablet with break-line on one side and plain on the other side

66	CMS-PP-362199	66	CMS-PP-362199	NECTACLAV 625 TABLETS	AMOXICILLIN TRIHYDRATE USP EQ. TO AMOXICILLIN 500MG, CLAVULANATE POTASSIUM USP EQ. TO CLAVULANIC ACID 125MG	AMOXICILLIN TRIHYDRATE USP EQ. TO AMOXICILLIN 500MG, CLAVULANATE POTASSIUM USP EQ. TO CLAVULANIC ACID 125MG (EXCIPIENTS: Syloid 244 FP, Sodium Starch Glycolate, Ac-di-sol, Aerosil (Colloidal Silicon Dioxide), MCC RQ 102, Magnesium Stearate, Ethyl Cellulose, Isopropyl Alcohol, Insta coat solution ICS223 WHITE, Methylene Dichloride, Isopropyl Alcohol, Diethyl Phthalates)	A4-9508	Drugs	Imported Products	2X7Tablets	POM 1	10/6/2023	NECTAR HEALTHCARE LIMITED, 16B Residence Road, Gbagada Phase 2, Gbagada, Lagos	VAPI CARE PHARMA PVT LIMITED, PLOT NO. 225/3 G.I.D.C. NEAR MORARJI CIRCLE, VAPI - 396 195, DIST. VALSAD, GUJARAT, INDIA., India	",2 x 7&#039;s (in Alu-Alu bisters),"Each film coated tablet contains: Amoxicillin Trihydrate USP equivalent to Amoxicillin 500 mg, Clavulanate Potassium USP equivalent to Clavulanic acid 125 mg
Excipients q.s.
Color: Titanium Dioxide",https://admin.greenbook.nafdac.gov.ng/uploadImage/smpc_files/2024/12/04/202412045b0a04bc-3cec-5cb5-8395-53e51bda3402.pdf,J01CR02,https://greenbook.nafdac.gov.ng/products/details/7692,2026-09-29T10:52:30.242228+00:00
Greenbook NAFDAC,4816,7693,"Nectaclav Powder for Oral Suspension## (duplicate, different product)",1,Drugs,"{'id': 1, 'name': 'Drugs', 'created_at': '-000001-11-30T00:00:00.000000Z', 'updated_at': '2022-03-17T16:53:12.000000Z', 'deleted_at': None}",423,Amoxicillin (Amoxicillin Trihydrate); Clavulanic Acid (Potassium Clavulanate),,A4-9505,72,Powder for suspension,1,Oral,200 mg; 28.5 mg,237,Nectar Healthcare Limited,2024-03-27,2029-03-26,Active,"Powder for Suspension
A white colored free flowing powder, which on reconstitution becomes off-white colored suspension, having a pleasant flavor

64	CMS-PP-361437	NECTACLAV POWDER FOR ORAL SUSPENSION	AMOXICILLIN 200MG, CLAVULANIC ACID 28.5MG/5ML	AMOXICILLIN 200MG, CLAVULANIC ACID 28.5MG/5ML (EXCIPIENTS: Syloid 244 FP, Sodium Starch Glycolate, Ac-di-sol, Aerosil (Colloidal Silicon Dioxide), MCC RQ 102, Magnesium Stearate, Ethyl Cellulose, Isopropyl Alcohol, Insta coat solution ICS223 WHITE, Methylene Dichloride, Isopropyl Alcohol, Diethyl Phthalates)	A4-9505	Drugs	Imported Products	1X100ML	POM 1	10/10/2023	NECTAR HEALTHCARE LIMITED, 16B Residence Road, Gbagada Phase 2, Gbagada, Lagos	VAPI CARE PHARMA PVT LIMITED, PLOT NO. 225/3 G.I.D.C. NEAR MORARJI CIRCLE, VAPI - 396 195, DIST. VALSAD, GUJARAT, INDIA., India						",1 x 100 mL (in glass bottle),"Each 5 mL of the reconstituted suspension contains: Amoxicillin Trihydrate BP equivalent to Amoxicillin 200 mg, Diluted Potassium Clavulanate BP equivalent to Clavulanic Acid 28.5 mg in a Flavoued Syrupy Base
Excipients q.s.
",https://admin.greenbook.nafdac.gov.ng/uploadImage/smpc_files/2024/12/01/20241201c6089758-caa3-5a85-b173-e5c31ef8bd6b.pdf,J01CR02,https://greenbook.nafdac.gov.ng/products/details/7693,2026-09-29T10:52:30.242228+00:00
Greenbook NAFDAC,4817,9994,Nectadine Tablets_,1,Drugs,"{'id': 1, 'name': 'Drugs', 'created_at': '-000001-11-30T00:00:00.000000Z', 'updated_at': '2022-03-17T16:53:12.000000Z', 'deleted_at': None}",419,Loratadine,,A4-7933,6,Chewable tablet,1,Oral,10 mg,237,Nectar Healthcare Limited,2024-08-28,2029-08-27,Active,"Chewable Uncoated Tablets.
White coloured, elongated, biconvex uncoated tablets with break line on one side and other side plain. 

NECTADINE TABLETS	LORATADINE 10MG	Loratadine 10mg (Excipients-Magnesium Hydroxide BP, Microcrystalline Cellulose BP, Polyvinyl Pyrrolidone BP, Isopropyl Alcohol BP, Colour Titanium Di oxide, Kyron-T-314, Aspartame BP, Purified Talc BP, Colloidal Silicon di oxide BP, Magnesium Stearate BP, Flavour mix fruit STR DM, Sodium hydrogen carbonate))	A4-7933	Drugs	Imported Products	10X10TABLETS	OTC	29/11/2023	NECTAR HEALTHCARE LIMITED, 16B Residence Road, Gbagada Phase 2, Gbagada, Lagos	14141978	kingsley.okeke2@gmail.com	McW HEALTHCARE PVT. LTD., 286, 287-A, 287-B, SECTOR-E, INDUSTRIAL AREA, SANWER ROAD INDORE (M.P.), INDIA., India",10 x 10&#039;s (in Alu PVC blisters),"Each uncoated chewable tablet contains: Loratadine USP 10 mg
Excipients q.s.",https://admin.greenbook.nafdac.gov.ng/uploadImage/smpc_files/2024/09/12/2024091233a87daf-3612-58af-8629-f0be91e3cdc9.pdf,R06AX13,https://greenbook.nafdac.gov.ng/products/details/9994,2026-09-29T10:52:30.242228+00:00
Greenbook NAFDAC,4818,5254,Nectamal Tablets##,1,Drugs,"{'id': 1, 'name': 'Drugs', 'created_at': '-000001-11-30T00:00:00.000000Z', 'updated_at': '2022-03-17T16:53:12.000000Z', 'deleted_at': None}",528,Artemether; Lumefantrine,,B4-7705,1,Tablet,1,Oral,80 mg; 480 mg,237,Nectar Healthcare Limited,2023-07-06,2028-07-05,Active,"Tablet
Yellow colored round shaped biconvex, film coated tablets, plain on both sides

7	RNW-PP-292171	NECTAMAL TABLETS	ARTEMETHER 80MG, LUMEFANTRINE 480MG	ARTEMETHER 80MG, LUMEFANTRINE 480MG (EXCIPIENTS: Ethyl cellulose, Isopropyl alcohol, Microcrystalline cellulose, Cross carmellose sodium, Talcum, PEG 6000, HPMC 15, Lake tartrazine, Sodium methyl paraben, Sodium propyl paraben, Cross povidone, Titanium dioxide, Magnesium stearate, Colloidal silicon dioxide)	B4-7705	Drugs	Imported Products	1X6TABLETS	OTC	11/24/2022	NECTAR HEALTHCARE LTD, 16B,RESIDENTIAL ROAD,GBAGADA PHASE II	14141978	kingsley.okeke2@gmail.com	GLOBELA PHARMA PVT. LTD., 357 358, G.I.D.C., SACHIN, SURAT - 394 230, GUJARAT, INDIA, India",1 x 6&#039;s (in blister strip),"Each film coated tablet contains: Artemether 80 mg, Lumefantrine 480 mg
Excipients q.s.
Color: Tartrazine",https://admin.greenbook.nafdac.gov.ng/uploadImage/smpc_files/2023/08/25/2023082592234db7-247c-58ae-ac14-1202999afdd0.pdf,P01BF01,https://greenbook.nafdac.gov.ng/products/details/5254,2026-09-29T10:52:30.242228+00:00
Greenbook NAFDAC,4819,7237,Nectar Cefuroxime 125 Powdwer for Oral Suspension##,1,Drugs,"{'id': 1, 'name': 'Drugs', 'created_at': '-000001-11-30T00:00:00.000000Z', 'updated_at': '2022-03-17T16:53:12.000000Z', 'deleted_at': None}",456,Cefuroxime (Cefuroxime Axetil),,B4-7802,72,Powder for suspension,1,Oral,125 mg,237,Nectar Healthcare Limited,2024-03-27,2029-03-26,Active,"Powder for Suspension
White, free flowing powder. It yields a white colored suspension after reconstitution as per the label

63	CMS-PP-361139	NECTAR CEFUROXIME 125 POWDWER FOR ORAL SUSPENSION	CEFUROXIME 125MG/5ML	Cefuroxime Axetil USP Eq. to Cefuroxime 125mg (EXCIPIENTS: Maltodextrin, Purified Water, Isopropyl Alcohol, Sucrose (Dried), Xanthan Gum, Tutti fruity Powder Flavour, Peppermint Powder Flavour, Pineapple Powder Flavour, Aspartame Powder, Sunnet (Acesulfame-K))	B4-7802	Drugs	Imported Products	1X100ML	Prescription Only Medicine (POM)	10/10/2023	NECTAR HEALTHCARE LIMITED, 16B Residence Road, Gbagada Phase 2, Gbagada, Lagos	VAPI CARE PHARMA PVT. LTD., , PLOT NO. 225/3, GIDC, NEAR MORARJI CIRCLE, VAPI - 396 195. INDIA., India		",1 x 100 mL (in glass bottle),"Each 5 mL contains: Cefuroxime 125 mg
Excipients q.s.",https://admin.greenbook.nafdac.gov.ng/uploadImage/smpc_files/2024/12/04/20241204357f9bcd-4ae8-5b8e-846d-e4670ddc3a92.pdf,J01DC02,https://greenbook.nafdac.gov.ng/products/details/7237,2026-09-29T10:52:30.242228+00:00
Greenbook NAFDAC,4820,7288,Nectar Cefuroxime 500 Tablets##,1,Drugs,"{'id': 1, 'name': 'Drugs', 'created_at': '-000001-11-30T00:00:00.000000Z', 'updated_at': '2022-03-17T16:53:12.000000Z', 'deleted_at': None}",456,Cefuroxime (Cefuroxime Axetil),,B4-7497,1,Tablet,1,Oral,500 mg,237,Nectar Healthcare Limited,2024-03-27,2029-03-26,Active,"Tablet
White colored, standard concave, film coated tablets embossed &quot;500&quot; on one side

71	&quot;CMS-PP-361432
&quot;	&quot;NECTAR CEFUROXIME 500 TABLETS
&quot;	&quot;CEFUROXIME 500MG
&quot;	&quot;CEFUROXIME 500MG (EXCIPIENTS: Indion Resin 234, Aerosil, Cross Carmellose Sodium, Sodium Lauryl, Sulphate, Talcum MCC 102- vivapur, Magnesium Stearate, Ready Mix Powder ICS 223 White, Methylene Dichloride, Isopropyl Alcohol)
&quot;	B4-7497	Drugs	Imported Products	1X10 TABLET	POM 1	10/10/2023	NECTAR HEALTHCARE LIMITED, 16B Residence Road, Gbagada Phase 2, Gbagada, Lagos	VAPI CARE PHARMA PVT LIMITED, PLOT NO. 225/3 G.I.D.C. NEAR MORARJI CIRCLE, VAPI - 396 195, DIST. VALSAD, GUJARAT, INDIA., India",1 x 10&#039;s (in blister strip),"Each film coated tablet contains: Cefuroxime Axetil USP equivalent to Cefuroxime 500 mg
Excipients q.s.
Color: Titanium Dioxide BP",https://admin.greenbook.nafdac.gov.ng/uploadImage/smpc_files/2024/12/01/20241201f8a6758d-84c1-52e2-8d51-99dd9daba7df.pdf,J01DC02,https://greenbook.nafdac.gov.ng/products/details/7288,2026-09-29T10:52:30.242228+00:00
Greenbook NAFDAC,4821,5255,Nectranox Capsule##,1,Drugs,"{'id': 1, 'name': 'Drugs', 'created_at': '-000001-11-30T00:00:00.000000Z', 'updated_at': '2022-03-17T16:53:12.000000Z', 'deleted_at': None}",521,Itraconazole,,B4-8255,2,Capsule,1,Oral,100 mg,237,Nectar Healthcare Limited,2023-07-06,2028-07-05,Active,"Capsule
A red T/CT size “0” hard gelatin capsule containing white and off white colored mixed pellets

6	RNW-PP-292165	NECTRANOX CAPSULE	ITRACONAZOLE 100MG	ITRACONAZOLE BP 100MG (EXCIPIENTS: E.H.G Capsule size “0”Red T/CT BP, Dummy pallets BP)	B4-8255	Drugs	Imported Products	4X7CAPSULES	Prescription Only Medicine (POM)	11/9/2022	NECTAR HEALTHCARE LTD, 16B,RESIDENTIAL ROAD,GBAGADA PHASE II	14141978	kingsley.okeke2@gmail.com	GLOBELA PHARMA PVT. LTD., 357 358, G.I.D.C., SACHIN, SURAT - 394 230, GUJARAT, INDIA, India",4 x 7&#039;s (in Alu-PVC blisters),"Each capsules contains: Itraconazole BP 100 mg
Excipients q.s.
Approved colors used in capsule shells",https://admin.greenbook.nafdac.gov.ng/uploadImage/smpc_files/2023/08/25/20230825c1123b1d-8ec3-5d28-aacb-e6c18f6c6d85.pdf,J02AC02,https://greenbook.nafdac.gov.ng/products/details/5255,2026-09-29T10:52:30.242228+00:00
Greenbook NAFDAC,4822,7231,Nefixime 200 Tablet Cefixime USP 200 mg##,1,Drugs,"{'id': 1, 'name': 'Drugs', 'created_at': '-000001-11-30T00:00:00.000000Z', 'updated_at': '2022-03-17T16:53:12.000000Z', 'deleted_at': None}",441,Cefixime (Cefixime Trihydrate),,B4-7947,1,Tablet,1,Oral,200 mg,237,Nectar Healthcare Limited,2020-12-21,2025-12-20,Inactive,"Tablet
White to off white  colored circular biconvex film coated tablet, with one side plain and the other side embossed with &quot;200&quot;

65	CMS-PP-362195	NEFIXIME 200 TABLET	CEFIXIME USP 200MG	CEFIXIME USP 200MG (EXCIPIENTS: Colloidal Silicon dioxide, Micro Crystalline Cellulose, Magnesium Stearate, Cross Carmellose Sodium (Aerosil), Purified Talc, PVPK 30, Insta coat ICS, Methylene Dichloride, Isopropyl Alcohol)	B4-7947	Drugs	Imported Products	1X10TABLET	POM 1	10/10/2023	NECTAR HEALTHCARE LIMITED, 16B Residence Road, Gbagada Phase 2, Gbagada, Lagos	VAPI CARE PHARMA PVT LIMITED, PLOT NO. 225/3 G.I.D.C. NEAR MORARJI CIRCLE, VAPI - 396 195, DIST. VALSAD, GUJARAT, INDIA., India												",1 x 10&#039;s (in blister strip),"Each film coated tablet contains: Cefixime USP as Trihydrate equivalent to 200 mg
Excipients q.s.
Color: Titanium Dioxide",https://admin.greenbook.nafdac.gov.ng/uploadImage/smpc_files/2024/12/04/20241204dee3cc68-44c4-55a4-bc0c-905390d2fb64.pdf,J01DD08,https://greenbook.nafdac.gov.ng/products/details/7231,2026-09-29T10:52:30.242228+00:00
Greenbook NAFDAC,4823,6860,Nefixime 400 Tablet##,1,Drugs,"{'id': 1, 'name': 'Drugs', 'created_at': '-000001-11-30T00:00:00.000000Z', 'updated_at': '2022-03-17T16:53:12.000000Z', 'deleted_at': None}",441,Cefixime (Cefixime Trihydrate),,B4-7838,1,Tablet,1,Oral,400 mg,237,Nectar Healthcare Limited,2023-12-21,2028-12-20,Active,"Tablet
An orange colored, elongated, film coated tablet

100	RNW-PP-292195 	NEFIXIME 400 TABLET	CEFIXIME 400MG	CEFIXIME 400MG, (EXCIPIENTS: HPMC E 15 USP, M.C.C.P (102) USP, SODIUM STARCH GLYCOLLATE USP, TALC USP, CALCIUM STEARATE USP, COLLOIDAL SILICON DIOXIDE USP)	B4-7838	Drugs	Imported Products	1X10TABLET	POM 1	11/24/2022	NECTAR HEALTHCARE LIMITED, RESIDENCE ROAD, GBAGADA PHASE 2 LAGOS LAGOS	14141978	kingsley.okeke2@gmail.com	CHIROS PHARMA, VILLAGE. - LOHARON, P.O-GHATTI, TEASIL &amp; DISTT,SOLAN (H.P) INDIA. , India						",1 x 10&#039;s (in AIu-AIu blister),"Each film coated tablet contains: Cefixime (as Trihydrate) USP equivalent to Anhydrous Cefixime 400 mg
Excipients q.s.
Color: Approved Color",https://admin.greenbook.nafdac.gov.ng/uploadImage/smpc_files/2024/01/01/2024010100fb6a9d-07d5-5ee0-aa08-1c08b5f9e4dd.pdf,J01DD08,https://greenbook.nafdac.gov.ng/products/details/6860,2026-09-29T10:52:30.242228+00:00
Greenbook NAFDAC,4824,6861,Nefixime Oral Suspension##,1,Drugs,"{'id': 1, 'name': 'Drugs', 'created_at': '-000001-11-30T00:00:00.000000Z', 'updated_at': '2022-03-17T16:53:12.000000Z', 'deleted_at': None}",441,Cefixime (Cefixime Trihydrate),,A4-7843,102,Suspension,1,Oral,100 mg,237,Nectar Healthcare Limited,2023-12-21,2028-12-20,Active,"Oral Suspension

99	RNW-PP-292191 	NEFIXIME ORAL SUSPENSION	CEFIXIME 100MG	CEFIXIME 100MG (EXCIPIENTS: Sucrose, Sodium Benzoate, Sunset yellow supra colour, Orange flavour, Colloidal silicone dioxide, Aspartame, Xanthan gum)	A4-7843	Drugs	Imported Products	1X60ML	POM 1	11/22/2022	NECTAR HEALTHCARE LIMITED, RESIDENCE ROAD, GBAGADA PHASE 2 LAGOS LAGOS	14141978	kingsley.okeke2@gmail.com	CHIROS PHARMA, VILLAGE. - LOHARON, P.O-GHATTI, TEASIL &amp; DISTT,SOLAN (H.P) INDIA. , India					",1 x 60 mL (in HDPE bottle),"Each 5 mL of reconstituted suspension contains: Cefixime (as Trihydrate) USP equivalent to Anhydrous Cefixime 100 mg
Excipients q.s.
Approved color used",https://admin.greenbook.nafdac.gov.ng/uploadImage/smpc_files/2024/01/01/20240101b2df39c6-cb6c-5f96-a9d5-e30b83525ab7.pdf,J01DD08,https://greenbook.nafdac.gov.ng/products/details/6861,2026-09-29T10:52:30.242228+00:00
Greenbook NAFDAC,4825,8979,Nefzon-SB Injection**,1,Drugs,"{'id': 1, 'name': 'Drugs', 'created_at': '-000001-11-30T00:00:00.000000Z', 'updated_at': '2022-03-17T16:53:12.000000Z', 'deleted_at': None}",454,Ceftriaxone (Ceftriaxone Sodium); Sulbactam (Sulbactam Sodium),,C4-1757,70,Powder for injection,9,Intramuscular,1000 mg; 500 mg,220,Mark Pharmaceutical Limited,2021-08-03,2026-08-02,Inactive,Powder for solution for injection in a vial plus Lidocaine Hydrochloride Injection (1% w/v) as diluent in ampoule,1.5 g x 1&#039;s (in vial) + 3.5 mL Lidocaine HCl 1% (in ampoule),"Each combipack contains:
A. One vial of Ceftriaxone Sodium USP equiv. to Ceftriaxone 1000 mg and Sulbactam Sodium USP equiv. to Sulbactam 500 mg
B. One ampoule of Lidocaine Hydrochloride Injection (1% w/v), 3.5 mL",,J01DD63,https://greenbook.nafdac.gov.ng/products/details/8979,2026-09-29T10:52:30.242228+00:00
Greenbook NAFDAC,4826,3071,Nelb Amoxicillin Capsules##,1,Drugs,"{'id': 1, 'name': 'Drugs', 'created_at': '-000001-11-30T00:00:00.000000Z', 'updated_at': '2022-03-17T16:53:12.000000Z', 'deleted_at': None}",1546,Amoxicillin (Amoxicillin Trihydrate),Amoxycillin,C4-1449,2,Capsule,1,Oral,500 mg,628,Chrisnelb Pharma Ltd,2020-12-21,2025-12-20,Inactive,Capsule,,Each capsule contains: Amoxicillin (as Amoxicillin Trihydrate) 500 mg,,J01CA04,https://greenbook.nafdac.gov.ng/products/details/3071,2026-09-29T10:52:30.242228+00:00
Greenbook NAFDAC,4827,4241,Nelb Ampicillin Sodium Injection 500 mg##,1,Drugs,"{'id': 1, 'name': 'Drugs', 'created_at': '-000001-11-30T00:00:00.000000Z', 'updated_at': '2022-03-17T16:53:12.000000Z', 'deleted_at': None}",1608,Ampicillin (Ampicillin Sodium),,B4-4957,70,Powder for injection,29,Intravenous; Intramuscular,500 mg,628,Chrisnelb Pharma Ltd,2021-12-16,2026-12-15,Active,Powder for Solution for Injection in a vial,1 x 1 vial,Nelb Ampicillin Sodium Injection 500 mg contains: Ampicillin (as Ampicillin Sodium) 500 mg,,J01CA01,https://greenbook.nafdac.gov.ng/products/details/4241,2026-09-29T10:52:30.242228+00:00
Greenbook NAFDAC,4828,2874,Nelb Artemether 80 mg + Lumefantrine 480 mg Tablets##,1,Drugs,"{'id': 1, 'name': 'Drugs', 'created_at': '-000001-11-30T00:00:00.000000Z', 'updated_at': '2022-03-17T16:53:12.000000Z', 'deleted_at': None}",528,Artemether; Lumefantrine,,C4-1505,1,Tablet,1,Oral,80 mg; 480 mg,628,Chrisnelb Pharma Ltd,2020-12-21,2025-12-20,Inactive,Tablet,,"Each tablet contains: Artemether 80 mg, Lumefantrine 480 mg",,P01BF01,https://greenbook.nafdac.gov.ng/products/details/2874,2026-09-29T10:52:30.242228+00:00
Greenbook NAFDAC,4829,4242,Nelb Ciprofloxacin Infusion 0.2 g##,1,Drugs,"{'id': 1, 'name': 'Drugs', 'created_at': '-000001-11-30T00:00:00.000000Z', 'updated_at': '2022-03-17T16:53:12.000000Z', 'deleted_at': None}",752,Ciprofloxacin,,A4-5267,85,Solution for injection/infusion,12,Intravenous,200 mg/100 mL,628,Chrisnelb Pharma Ltd,2021-12-16,2026-12-15,Active,"Solution for Injection/Infusion
Clear, colorless or almost colorless solution. The pH-value of the solution for infusion ranges from 3.9 to 4.5
",1 x 100 mL (in PP bottle),"Each 100 mL contains: Ciprofloxacin 200 mg
Excipients q.s.",https://admin.greenbook.nafdac.gov.ng/uploadImage/smpc_files/2024/09/19/202409193ecdf723-2201-5ddc-970f-93f040794aa4.pdf,J01MA02,https://greenbook.nafdac.gov.ng/products/details/4242,2026-09-29T10:52:30.242228+00:00
Greenbook NAFDAC,4830,3546,Nelb Ciprofloxacin Tablets 500 mg##,1,Drugs,"{'id': 1, 'name': 'Drugs', 'created_at': '-000001-11-30T00:00:00.000000Z', 'updated_at': '2022-03-17T16:53:12.000000Z', 'deleted_at': None}",461,Ciprofloxacin (Ciprofloxacin Hydrochloride),,B4-5947,1,Tablet,1,Oral,500 mg,628,Chrisnelb Pharma Ltd,2021-12-16,2026-12-15,Active,"Film Coated Tablet
White to off white, capsule shaped film coated tablet",1 x 10&#039;s (in Alu-Alu blister),"Each tablet contains: Ciprofloxacin Hydrochloride equivalent to Ciprofloxacin 500 mg
Excipients q.s.",https://admin.greenbook.nafdac.gov.ng/uploadImage/smpc_files/2024/09/19/202409195f46b89e-ec3f-5902-9078-85d850542287.pdf,J01MA02,https://greenbook.nafdac.gov.ng/products/details/3546,2026-09-29T10:52:30.242228+00:00
Greenbook NAFDAC,4831,5701,Nelb Hydrocortisone Sodium Succinate Injection 100 mg**,1,Drugs,"{'id': 1, 'name': 'Drugs', 'created_at': '-000001-11-30T00:00:00.000000Z', 'updated_at': '2022-03-17T16:53:12.000000Z', 'deleted_at': None}",1536,Hydrocortisone (Hydrocortisone Sodium Succinate),,B4-6072,70,Powder for injection,29,Intravenous; Intramuscular,100 mg,628,Chrisnelb Pharma Ltd,2023-08-31,2028-08-30,Active,"Powder for Injection.
White to almost white powder for parenteral use", 1 x 10&#039;s (in vials),"Each vial contains: Hydrocortisone Sodium Succinate equivalent to Hydrocortisone 100 mg
",https://admin.greenbook.nafdac.gov.ng/uploadImage/smpc_files/2023/09/04/20230904d50e496f-f02e-5fee-83c5-54a43471e5b0.pdf,H02AB09,https://greenbook.nafdac.gov.ng/products/details/5701,2026-09-29T10:52:30.242228+00:00
Greenbook NAFDAC,4832,4228,Nelb Hyoscine Butylbromide Injection##,1,Drugs,"{'id': 1, 'name': 'Drugs', 'created_at': '-000001-11-30T00:00:00.000000Z', 'updated_at': '2022-03-17T16:53:12.000000Z', 'deleted_at': None}",185,Hyoscine Butylbromide,Hyoscine-N-butyl Bromide; Butylscopolamine,C4-1258,107,Solution for injection,31,Intravenous; Intramuscular; Subcutaneous,10 mg/mL,628,Chrisnelb Pharma Ltd,2020-11-10,2025-11-09,Inactive,Solution for Injection,1 x 1 mL ampoule,Each mL contains: Hyoscine Butylbromide 10 mg,,A03BB01,https://greenbook.nafdac.gov.ng/products/details/4228,2026-09-29T10:52:30.242228+00:00
Greenbook NAFDAC,4833,4229,Nelb Hyoscine Butylbromide Tablets##,1,Drugs,"{'id': 1, 'name': 'Drugs', 'created_at': '-000001-11-30T00:00:00.000000Z', 'updated_at': '2022-03-17T16:53:12.000000Z', 'deleted_at': None}",185,Hyoscine Butylbromide,Hyoscine-N-butyl Bromide; Butylscopolamine,C4-1506,1,Tablet,1,Oral,10 mg,628,Chrisnelb Pharma Ltd,2020-12-21,2025-12-20,Inactive,Tablet,,Each tablet contains: Hyoscine Butylbromide 10 mg,,A03BB01,https://greenbook.nafdac.gov.ng/products/details/4229,2026-09-29T10:52:30.242228+00:00
Greenbook NAFDAC,4834,3798,Nelb Levofloxacin 500 mg Tablets##,1,Drugs,"{'id': 1, 'name': 'Drugs', 'created_at': '-000001-11-30T00:00:00.000000Z', 'updated_at': '2022-03-17T16:53:12.000000Z', 'deleted_at': None}",464,Levofloxacin (Levofloxacin Hemihydrate),,C4-1450,1,Tablet,1,Oral,500 mg,628,Chrisnelb Pharma Ltd,2020-12-21,2025-12-20,Inactive,Tablet,,Each tablet contains: Levofloxacin Hemihydrate equivalent to Levofloxacin 500 mg,,J01MA12,https://greenbook.nafdac.gov.ng/products/details/3798,2026-09-29T10:52:30.242228+00:00
Greenbook NAFDAC,4835,3347,Nelb Loratadine Tablets##,1,Drugs,"{'id': 1, 'name': 'Drugs', 'created_at': '-000001-11-30T00:00:00.000000Z', 'updated_at': '2022-03-17T16:53:12.000000Z', 'deleted_at': None}",419,Loratadine,,C4-1232,1,Tablet,1,Oral,10 mg,628,Chrisnelb Pharma Ltd,2020-11-10,2025-11-09,Inactive,Tablet,,Each tablet contains: Loratadine 10 mg,,R06AX13,https://greenbook.nafdac.gov.ng/products/details/3347,2026-09-29T10:52:30.242228+00:00
Greenbook NAFDAC,4836,2737,Nelb Metronidazole Infusion 0.5 g##,1,Drugs,"{'id': 1, 'name': 'Drugs', 'created_at': '-000001-11-30T00:00:00.000000Z', 'updated_at': '2022-03-17T16:53:12.000000Z', 'deleted_at': None}",485,Metronidazole,,A4-5146,114,Solution for infusion,12,Intravenous,500 mg/100 mL,628,Chrisnelb Pharma Ltd,2021-12-16,2026-12-15,Active,"Solution for Infusion
",,Each mL contains: Metronidazole 5 mg (500 mg/100 mL),,J01XD01,https://greenbook.nafdac.gov.ng/products/details/2737,2026-09-29T10:52:30.242228+00:00
Greenbook NAFDAC,4837,3128,Nelb Paracetamol Injection##,1,Drugs,"{'id': 1, 'name': 'Drugs', 'created_at': '-000001-11-30T00:00:00.000000Z', 'updated_at': '2022-03-17T16:53:12.000000Z', 'deleted_at': None}",1529,Paracetamol,Acetaminophen,C4-1507,107,Solution for injection,29,Intravenous; Intramuscular,300 mg/2 mL,628,Chrisnelb Pharma Ltd,2020-12-21,2025-12-20,Inactive,Solution for Injection,1 x 2 mL ampoule,Each mL contains: Paracetamol 150 mg (300 mg/2 mL),,N02BE01,https://greenbook.nafdac.gov.ng/products/details/3128,2026-09-29T10:52:30.242228+00:00
Greenbook NAFDAC,4838,3879,Nelb Pefloxacin 400 mg Tablets##,1,Drugs,"{'id': 1, 'name': 'Drugs', 'created_at': '-000001-11-30T00:00:00.000000Z', 'updated_at': '2022-03-17T16:53:12.000000Z', 'deleted_at': None}",468,Pefloxacin,,C4-1451,1,Tablet,1,Oral,400 mg,628,Chrisnelb Pharma Ltd,2020-12-21,2025-12-20,Inactive,Tablet,,Each tablet contains: Pefloxacin 400 mg,,J01MA03,https://greenbook.nafdac.gov.ng/products/details/3879,2026-09-29T10:52:30.242228+00:00
Greenbook NAFDAC,4839,4243,Nelb Penicillin Injection 1 Mega##,1,Drugs,"{'id': 1, 'name': 'Drugs', 'created_at': '-000001-11-30T00:00:00.000000Z', 'updated_at': '2022-03-17T16:53:12.000000Z', 'deleted_at': None}",428,Benzylpenicillin sodium,Penicillin G sodium,A4-3029,40,Injection,29,Intravenous; Intramuscular,1 MU,628,Chrisnelb Pharma Ltd,2021-12-16,2026-12-15,Active,Powder for Solution for Injection,1 x 1 vial,Nelb Penicillin Injection 1 Mega contains: Benylpenicillin Sodium 1 MU,,J01CE01,https://greenbook.nafdac.gov.ng/products/details/4243,2026-09-29T10:52:30.242228+00:00
Greenbook NAFDAC,4840,6369,Nelb Prednisolone Tablets 5 mg##,1,Drugs,"{'id': 1, 'name': 'Drugs', 'created_at': '-000001-11-30T00:00:00.000000Z', 'updated_at': '2022-03-17T16:53:12.000000Z', 'deleted_at': None}",778,Prednisolone,,B4-4434,1,Tablet,1,Oral,5 mg,628,Chrisnelb Pharma Ltd,2023-10-31,2028-10-30,Active,"Tablet
White round tablets

1	RNW-PP-119066	NELB PREDNISOLONE TABLETS 5MG	PREDNISOLONE 5MG. EXCIPIENT Q.S	PREDNISOLONE 5MG. EXCIPIENT Q.S	B4-4434	Drugs	Imported Products	10x10TABLETS	Prescription Only Medicine (POM)	1/31/2020	CHRIS NELB PHARMACEUTICAL NIGERIA IMITED, , ASHOGBON STREET, IDUMOTA LAGOS LAGOS	7034590442	chrisnelbpharmnigltd@gmail.com	Shandong Xier Kangtai Pharm Co. Ltd, Private Economy Garden, Xinyan Town, Yanzhou City China, China					",10 x 10&#039;s (in PVC-Alu blisters),"Each tablet contains: Prednisolone 5 mg
Excipients: Starch, Sucrose, Dextrin, Alcohol, Magnesium Stearate, Silicon Dioxide, Sodium Starch Glycolate",https://admin.greenbook.nafdac.gov.ng/uploadImage/smpc_files/2023/11/07/20231107c9fb35e3-079e-5ca8-9137-826ce7ea2960.pdf,H02AB06,https://greenbook.nafdac.gov.ng/products/details/6369,2026-09-29T10:52:30.242228+00:00
Greenbook NAFDAC,4841,5702,Nelbact Cream 30 g##,1,Drugs,"{'id': 1, 'name': 'Drugs', 'created_at': '-000001-11-30T00:00:00.000000Z', 'updated_at': '2022-03-17T16:53:12.000000Z', 'deleted_at': None}",1106,Betamethasone; Clotrimazole; Neomycin sulfate,,A4-100436,4,Cream,21,Topical,0.05%; 1%; 0.5%,628,Chrisnelb Pharma Ltd,2023-07-06,2028-07-05,Active,"Cream
White colored cream

119	NF-PP-288273	NELBACT CREAM 30G	CLOTRIMAZOLE 1.0% w/w, BETAMETHASONE DIPROPIONATE 0.05% w/w, NEOMYCIN SULPHATE 0.5% w/w AND CHLOROCRESOL 0.1% w/w. EXCIPIENT Q.S.	CLOTRIMAZOLE 1.0%w/w, BETAMETHASONE DIPROPIONATE 0.05% w/w, NEOMYCIN SULPHATE 0.5% w/w AND CHLOROCRESOL 0.1% w/w. EXCIPIENT Q.S.		Drugs	Imported Products	30GTUBE	POM 1	10/12/2022	CHRIS NELB PHARMACEUTICAL NIGERIA IMITED, 50, Ashogbon Street, Idumota	7034590442	chrisnelbpharmnigltd@gmail.com	McCOY PHARMA PVT LTD, S-12 MIDC, TARAPUR, BOISAR THANE 401506 MAHARASHTRA INDIA			",1 x 30 g (in a tube),"Each gram contains: Betamethasone Dipropionate 0.05% w/w, Clotrimazole 1.0% w/w, Neomycin Sulphate 0.5% w/w
Excipients q.s.",https://admin.greenbook.nafdac.gov.ng/uploadImage/smpc_files/2025/01/04/20250104432a5924-2f23-577b-a43d-2e8ac9cf62fc.pdf,D07CC01,https://greenbook.nafdac.gov.ng/products/details/5702,2026-09-29T10:52:30.242228+00:00
Greenbook NAFDAC,4842,4244,Nelbmentin 625 Tablets##,1,Drugs,"{'id': 1, 'name': 'Drugs', 'created_at': '-000001-11-30T00:00:00.000000Z', 'updated_at': '2022-03-17T16:53:12.000000Z', 'deleted_at': None}",423,Amoxicillin (Amoxicillin Trihydrate); Clavulanic Acid (Potassium Clavulanate),,B4-9390,1,Tablet,1,Oral,500 mg; 125 mg,628,Chrisnelb Pharma Ltd,2020-11-30,2025-11-29,Inactive,Tablet,,"Each tablet contains: Amoxicillin (as Amoxicillin Trihydrate) 500 mg, Potassium Clavulanate (as Potassium Clavulanate) 125 mg",,J01CR02,https://greenbook.nafdac.gov.ng/products/details/4244,2026-09-29T10:52:30.242228+00:00
Greenbook NAFDAC,4843,12023,Nelbplex Injection_,1,Drugs,"{'id': 1, 'name': 'Drugs', 'created_at': '-000001-11-30T00:00:00.000000Z', 'updated_at': '2022-03-17T16:53:12.000000Z', 'deleted_at': None}",359,Vitamin B Complex,,B4-0356,40,Injection,12,Intravenous,see Composition,628,Chrisnelb Pharma Ltd,2021-02-25,2026-02-24,Inactive,Solution for Injection,10 x 2 mL (in ampoules),"Each 2 mL ampoule contains: Vitamin B1 20 mg, Vitamin B2 2 mg, Vitamin B6 2 mg, and Nicotinamide 30 mg",,A11B,https://greenbook.nafdac.gov.ng/products/details/12023,2026-09-29T10:52:30.242228+00:00
Greenbook NAFDAC,4844,10813,Nelbzoral Cream 20 g##,1,Drugs,"{'id': 1, 'name': 'Drugs', 'created_at': '-000001-11-30T00:00:00.000000Z', 'updated_at': '2022-03-17T16:53:12.000000Z', 'deleted_at': None}",522,Ketoconazole,,A4-101058,4,Cream,21,Topical,2%,628,Chrisnelb Pharma Ltd,2024-10-31,2029-10-30,Active,"Topical Cream

11	NF-PP-396861	NELBZORAL CREAM 20G	KETOCONAZOLE 2%W/W	KETOCONAZOLE 20MG	A4-101058	Drugs	Imported Products	20G	OTC	1/9/2024	CHRIS NELB PHARMACEUTICAL NIGERIA IMITED, , ASHOGBON STREET, IDUMOTA LAGOS LAGOS	7034590442	chrisnelbpharmnigltd@gmail.com	McCOY PHARMA PVT LTD, S-12 MIDC, TARAPUR, BOISAR THANE 401506 MAHARASHTRA INDIA",1 x 20 g (in Lami tube),"Each gram contains: Ketoconazole BP 2% w/w
Excipients q.s.",https://admin.greenbook.nafdac.gov.ng/uploadImage/smpc_files/2024/11/22/20241122cd79ba8f-db26-511f-8b2b-906978641c31.pdf,D01AC08,https://greenbook.nafdac.gov.ng/products/details/10813,2026-09-29T10:52:30.242228+00:00
Greenbook NAFDAC,4845,4245,Nemecillin 250 Capsule## (check pack size),1,Drugs,"{'id': 1, 'name': 'Drugs', 'created_at': '-000001-11-30T00:00:00.000000Z', 'updated_at': '2022-03-17T16:53:12.000000Z', 'deleted_at': None}",424,Ampicillin (Ampicillin Trihydrate),,A4-4148,2,Capsule,1,Oral,250 mg,240,Nemel Pharmaceuticals Limited,2021-05-07,2026-05-06,Inactive,"Capsule
Black and red capsules with “Nemel” and “Nemecillin ®” 250mg overprinted on the capsule shell
",,"Each capsule contains: Ampicillin (as Ampicillin Trihydrate) 250 mg
Excipients q.s.",https://admin.greenbook.nafdac.gov.ng/uploadImage/smpc_files/2024/11/13/202411131d71ada4-00cf-533f-8bb8-ea4570511d8b.pdf,J01CA01,https://greenbook.nafdac.gov.ng/products/details/4245,2026-09-29T10:52:30.242228+00:00
Greenbook NAFDAC,4846,4246,Nemeclox 250 mg/5 mL##,1,Drugs,"{'id': 1, 'name': 'Drugs', 'created_at': '-000001-11-30T00:00:00.000000Z', 'updated_at': '2022-03-17T16:53:12.000000Z', 'deleted_at': None}",425,Ampicillin (Ampicillin Trihydrate); Cloxacillin (Cloxacillin Sodium),,A4-8509,72,Powder for suspension,1,Oral,125 mg/5 mL; 125 mg/5 mL,240,Nemel Pharmaceuticals Limited,2021-03-29,2026-03-28,Inactive,Powder for Reconstitution,,"Each 5 mL contains: Ampicillin (as Ampicillin Trihydrate) 125 mg, Cloxacillin (as Cloxacillin Sodium) 125 mg",,J01CR01,https://greenbook.nafdac.gov.ng/products/details/4246,2026-09-29T10:52:30.242228+00:00
Greenbook NAFDAC,4847,3936,Nemeclox Capsule 500 mg##,1,Drugs,"{'id': 1, 'name': 'Drugs', 'created_at': '-000001-11-30T00:00:00.000000Z', 'updated_at': '2022-03-17T16:53:12.000000Z', 'deleted_at': None}",425,Ampicillin (Ampicillin Trihydrate); Cloxacillin (Cloxacillin Sodium),,A4-4164,2,Capsule,1,Oral,250 mg; 250 mg,240,Nemel Pharmaceuticals Limited,2021-05-07,2026-05-06,Inactive,"Capsule
Black and purple colored hard gelatin capsule shell with “Nemel” printed on one side of the shell and &quot;Nemeclox ® 500 mg&quot; presented in tropicalized blisters and PVC blisters",10 x 10&#039;s (in PVC-Alu blisters),"Each capsule contains: Ampicillin (as Ampicillin Trihydrate) 250 mg, Cloxacillin (as Cloxacillin Sodium) 250 mg
Excipients q.s.",https://admin.greenbook.nafdac.gov.ng/uploadImage/smpc_files/2024/11/13/20241113d27e0dd2-ff0a-5c30-bb77-e21568a2f089.pdf,J01CR01,https://greenbook.nafdac.gov.ng/products/details/3936,2026-09-29T10:52:30.242228+00:00
Greenbook NAFDAC,4848,151,Nemedin-50##,1,Drugs,"{'id': 1, 'name': 'Drugs', 'created_at': '-000001-11-30T00:00:00.000000Z', 'updated_at': '2022-03-17T16:53:12.000000Z', 'deleted_at': None}",1125,Diclofenac Potassium,,A11-0259,1,Tablet,1,Oral,50 mg,240,Nemel Pharmaceuticals Limited,2021-12-02,2026-12-01,Active,Tablet,,Each tablet contains: Diclofenac Potassium 50 mg,,M01AB05,https://greenbook.nafdac.gov.ng/products/details/151,2026-09-29T10:52:30.242228+00:00
Greenbook NAFDAC,4849,152,Nemegyl 400##,1,Drugs,"{'id': 1, 'name': 'Drugs', 'created_at': '-000001-11-30T00:00:00.000000Z', 'updated_at': '2022-03-17T16:53:12.000000Z', 'deleted_at': None}",485,Metronidazole,,A11-0162,1,Tablet,1,Oral,400 mg,240,Nemel Pharmaceuticals Limited,2021-12-02,2026-12-01,Active,"Tablet
White uncoated bi-concave tablet",,"Each tablet contains: Metronidazole 400 mg
Excipients q.s.",https://admin.greenbook.nafdac.gov.ng/uploadImage/smpc_files/2024/11/13/20241113a4b6daf3-b4ab-5d72-b8f4-68ecf750d60a.pdf,P01AB01,https://greenbook.nafdac.gov.ng/products/details/152,2026-09-29T10:52:30.242228+00:00
Greenbook NAFDAC,4850,4247,Nemel Ciprofloxacin##,1,Drugs,"{'id': 1, 'name': 'Drugs', 'created_at': '-000001-11-30T00:00:00.000000Z', 'updated_at': '2022-03-17T16:53:12.000000Z', 'deleted_at': None}",461,Ciprofloxacin (Ciprofloxacin Hydrochloride),,B4-1405,1,Tablet,1,Oral,500 mg,240,Nemel Pharmaceuticals Limited,2021-03-29,2026-03-28,Inactive,Film Coated Tablet,,Each tablet contains: Ciprofloxacin 500 mg,,J01MA02,https://greenbook.nafdac.gov.ng/products/details/4247,2026-09-29T10:52:30.242228+00:00
Greenbook NAFDAC,4851,4566,Nemel Cold and Catarrh Tablet##,1,Drugs,"{'id': 1, 'name': 'Drugs', 'created_at': '-000001-11-30T00:00:00.000000Z', 'updated_at': '2022-03-17T16:53:12.000000Z', 'deleted_at': None}",1032,Paracetamol; Pseudoephedrine Hydrochloride; Dextromethorphan,,A4-6022,1,Tablet,1,Oral,250 mg; 30 mg; 10 mg,240,Nemel Pharmaceuticals Limited,2021-05-07,2026-05-06,Inactive,"Tablet
The tablets are orange, biconcave tablet embossed with “N” on one side and plain on the other side

EPHEDRINE 30MG/ PARACETAMOL 250MG/ DEXTROMETHOPHAN",1 x 10&#039;s (in blister),"Each uncoated tablet contains: Paracetamol 250 mg, Ephedrine as Ephedrine HCI 30 mg, Dextromethorphan as Dextromethorphan HBr 10 mg
Excipients: Corn Starch, Gelatin, Methyl Paraben, Sunset Yellow, Magnesium Stearate",https://admin.greenbook.nafdac.gov.ng/uploadImage/smpc_files/2024/11/13/202411139432692f-2e3d-5b9f-ae49-fb7c5587252c.pdf,R01AB,https://greenbook.nafdac.gov.ng/products/details/4566,2026-09-29T10:52:30.242228+00:00
Greenbook NAFDAC,4852,4248,Nemel Erythromycin Caplet**,1,Drugs,"{'id': 1, 'name': 'Drugs', 'created_at': '-000001-11-30T00:00:00.000000Z', 'updated_at': '2022-03-17T16:53:12.000000Z', 'deleted_at': None}",1535,Erythromycin (Erythromycin Stearate),,B4-1590,108,Caplet,1,Oral,500 mg,240,Nemel Pharmaceuticals Limited,2021-03-29,2026-03-28,Inactive,Film-coated tablet,,Each tablet contains: Erythromycin Stearate 500 mg,https://admin.greenbook.nafdac.gov.ng/uploadImage/smpc_files/2024/11/13/2024111361c31384-f3d3-5b0f-9479-600488e42455.pdf,J01FA01,https://greenbook.nafdac.gov.ng/products/details/4248,2026-09-29T10:52:30.242228+00:00
Greenbook NAFDAC,4853,3129,Nemel Paracetamol Plus##,1,Drugs,"{'id': 1, 'name': 'Drugs', 'created_at': '-000001-11-30T00:00:00.000000Z', 'updated_at': '2022-03-17T16:53:12.000000Z', 'deleted_at': None}",983,Paracetamol; Caffeine,,A11-100095,1,Tablet,1,Oral,500 mg; 65 mg,240,Nemel Pharmaceuticals Limited,2021-05-07,2026-05-06,Inactive,"Tablet
White uncoated tablet inscribed &quot;Nemel&quot; on one side and plain on the other side",10 x 10&#039;s (in PVC-Alu blisters),"Each tablet contains: Paracetamol 500 mg, Caffeine 65 mg
Excipients q.s.",https://admin.greenbook.nafdac.gov.ng/uploadImage/smpc_files/2024/11/13/20241113a653f0fc-75bd-581e-a24c-b9f122c6c0d5.pdf,N02BE51,https://greenbook.nafdac.gov.ng/products/details/3129,2026-09-29T10:52:30.242228+00:00
Greenbook NAFDAC,4854,9987,Nemel Paracetamol## (check pack size),1,Drugs,"{'id': 1, 'name': 'Drugs', 'created_at': '-000001-11-30T00:00:00.000000Z', 'updated_at': '2022-03-17T16:53:12.000000Z', 'deleted_at': None}",1529,Paracetamol,Acetaminophen,04-3927,1,Tablet,1,Oral,500 mg,240,Nemel Pharmaceuticals Limited,2021-03-29,2026-03-28,Inactive,"Tablet
White bevel-edged tablet embossed “NEMEL” on one side and a Break line with “P &amp; 500” on the other side

10/30/2024 13:40:19	NEMEL PARACETAMOL	PARACETAMOL	04-3927	TABLET	ORAL	PARACETAMOL	500MG	8 X 12; 1000	OTC	NEMEL PHARMACEUTICALS LIMITED	PLOT 35 EMENE INDUSTRIAL LAYOUT, EMENE, ENUGU STATE, NIGERA	NEMEL PHARMACEUTICALS LIMITED	PLOT 35 EMENE INDUSTRIAL LAYOUT, EMENE, ENUGU STATE, NIGERA	NIGERIA	29/03/2021	28/03/2026	Yes	N02BE01",8 x 12&#039;s (in PVC-Alu blisters); 1 x 1000&#039;s,"Each tablet contains: Paracetamol 500 mg
Excipients: Corn Starch, Methyl Paraben, Povidone (PVP K-30), Purified Talcum Powder, Magnesium Stearate",https://admin.greenbook.nafdac.gov.ng/uploadImage/smpc_files/2025/02/03/202502037a65ebec-5b08-538e-be90-1fc5380cbc8e.pdf,N02BE01,https://greenbook.nafdac.gov.ng/products/details/9987,2026-09-29T10:52:30.242228+00:00
Greenbook NAFDAC,4855,2702,Nemel Prazone##,1,Drugs,"{'id': 1, 'name': 'Drugs', 'created_at': '-000001-11-30T00:00:00.000000Z', 'updated_at': '2022-03-17T16:53:12.000000Z', 'deleted_at': None}",176,Omeprazole,,A11-0279,1,Tablet,1,Oral,20 mg,240,Nemel Pharmaceuticals Limited,2021-12-16,2026-12-15,Active,Tablet,2 x 7&#039;s,Each tablet contains: Omeprazole 20 mg,,A02BC01,https://greenbook.nafdac.gov.ng/products/details/2702,2026-09-29T10:52:30.242228+00:00
Greenbook NAFDAC,4856,1563,Nemel Tetracycline Capsule##,1,Drugs,"{'id': 1, 'name': 'Drugs', 'created_at': '-000001-11-30T00:00:00.000000Z', 'updated_at': '2022-03-17T16:53:12.000000Z', 'deleted_at': None}",764,Tetracycline Hydrochloride,,A4-4165,2,Capsule,1,Oral,250 mg,240,Nemel Pharmaceuticals Limited,2021-12-16,2026-12-15,Active,Capsule,,Each capsule contains: Tetracycline Hydrochloride 250 mg,,J01AA07,https://greenbook.nafdac.gov.ng/products/details/1563,2026-09-29T10:52:30.242228+00:00
Greenbook NAFDAC,4857,4567,Nemether Injection##,1,Drugs,"{'id': 1, 'name': 'Drugs', 'created_at': '-000001-11-30T00:00:00.000000Z', 'updated_at': '2022-03-17T16:53:12.000000Z', 'deleted_at': None}",542,Artemether,,A4-7391,40,Injection,9,Intramuscular,80 mg/mL,803,Chupet Pharmaceutical Company Limited,2022-10-22,2027-10-21,Active,"Injection

Nemether Injection	A4-7391	Nimether	ARTEMETHER 80MG/ML	DRUG	ANTIMALARIA	ARTEMETHER 80MG/ML	INJECTION	1ML X 6AMPOULES	PRESCRIPTION ONLY MEDICINE	TREATMENT OF SEVERE MALARIA	CHUPET PHARM CO LTD	NIGERIA	TIANJIN KINGYORK GROUP HUBEI TIANYO PHARMA. CO. LTD	CHINA	10/22/2022	21/10/2027
",6 x 1 mL ampoules,Each mL contains: Artemether 80 mg,,P01BE02,https://greenbook.nafdac.gov.ng/products/details/4567,2026-09-29T10:52:30.242228+00:00
Greenbook NAFDAC,4858,760,Nemoxil 125 Dispersible Tablet##,1,Drugs,"{'id': 1, 'name': 'Drugs', 'created_at': '-000001-11-30T00:00:00.000000Z', 'updated_at': '2022-03-17T16:53:12.000000Z', 'deleted_at': None}",1546,Amoxicillin (Amoxicillin Trihydrate),Amoxycillin,A11-0379,1,Tablet,1,Oral,125 mg,240,Nemel Pharmaceuticals Limited,2022-01-27,2027-01-26,Active,"Dispersible Tablet
White to off white sweet flavored round shaped, biconvex, dispersible tablet embossed &#039;N&#039; on one side and Plain on the other side",1 x 10&#039;s (in PVC-Alu blister),"Each dispersible tablet contains: Amoxicillin Trihydrate equivalent to 125 mg Amoxicillin
Excipients q.s.
",https://admin.greenbook.nafdac.gov.ng/uploadImage/smpc_files/2023/10/19/202310196f572c30-53c1-59ee-96b5-6b60b8210f3a.pdf,J01CA04,https://greenbook.nafdac.gov.ng/products/details/760,2026-09-29T10:52:30.242228+00:00
Greenbook NAFDAC,4859,3777,Nemoxil 250 Dispersible Tablet##,1,Drugs,"{'id': 1, 'name': 'Drugs', 'created_at': '-000001-11-30T00:00:00.000000Z', 'updated_at': '2022-03-17T16:53:12.000000Z', 'deleted_at': None}",1546,Amoxicillin (Amoxicillin Trihydrate),Amoxycillin,A11-0380,13,Dispersible tablet,1,Oral,250 mg,240,Nemel Pharmaceuticals Limited,2022-01-27,2027-01-26,Active,"Dispersible Tablet
White to off white sweet flavored round shaped, biconcave, dispersible tablet embossed &#039;Nemel&#039; on one side and Plain on the other side",1 x 10&#039;s (in PVC-Alu blister),"Each dispersible tablets contains: Amoxicillin Trihydrate equivalent to Amoxicillin 250 mg
Excipients q.s.
",https://admin.greenbook.nafdac.gov.ng/uploadImage/smpc_files/2023/10/19/20231019d62f02e6-b06f-500e-93ef-f12216085f29.pdf,J01CA04,https://greenbook.nafdac.gov.ng/products/details/3777,2026-09-29T10:52:30.242228+00:00
Greenbook NAFDAC,4860,3778,Nemoxil 500 Caplet##,1,Drugs,"{'id': 1, 'name': 'Drugs', 'created_at': '-000001-11-30T00:00:00.000000Z', 'updated_at': '2022-03-17T16:53:12.000000Z', 'deleted_at': None}",1546,Amoxicillin (Amoxicillin Trihydrate),Amoxycillin,A11-0559,108,Caplet,1,Oral,500 mg,240,Nemel Pharmaceuticals Limited,2022-01-27,2027-01-26,Active,"Caplet
Uncoated Caplet: white to off white capsule shaped, biconvex, uncoated tablet embossed &#039;N&#039; on one side and plain on the other side",10 x 10&#039;s (in Alu-PVC blisters),"Each caplet contains: Amoxicillin Trihydrate equivalent Amoxicillin 500 mg
Excipients q.s.",https://admin.greenbook.nafdac.gov.ng/uploadImage/smpc_files/2023/10/19/202310197a6b0848-faa8-5039-b61f-19679d2eb371.pdf,J01CA04,https://greenbook.nafdac.gov.ng/products/details/3778,2026-09-29T10:52:30.242228+00:00
Greenbook NAFDAC,4861,11980,Neo Presol Lotion_,1,Drugs,"{'id': 1, 'name': 'Drugs', 'created_at': '-000001-11-30T00:00:00.000000Z', 'updated_at': '2022-03-17T16:53:12.000000Z', 'deleted_at': None}",1369,Methylprednisolone Acetate; Neomycin Sulfate,,04-2017,110,Lotion,21,Topical,2.5 mg; 2.5 mg,162,Drugfield Pharmaceuticals Limited,2025-09-24,2030-09-23,Active,Lotion,1 x 25 mL (in plastic bottle),"Each 25 mL contains: Methyl Prednisolone Acetate 2.5 mg, Sulphur 50 mg, and Neomycin Sulfate 2.5 mg
Excipients q.s.",https://admin.greenbook.nafdac.gov.ng/uploadImage/smpc_files/2025/11/19/202511198bd129f8-e7f7-5f9f-bd46-b5dbe24b57d2.pdf,D07CA02,https://greenbook.nafdac.gov.ng/products/details/11980,2026-09-29T10:52:30.242228+00:00
Greenbook NAFDAC,4862,4250,Neo-Medrol Lotion**,1,Drugs,"{'id': 1, 'name': 'Drugs', 'created_at': '-000001-11-30T00:00:00.000000Z', 'updated_at': '2022-03-17T16:53:12.000000Z', 'deleted_at': None}",888,Methylprednisolone; Neomycin Sulfate; Sulfur; Aluminium Chlorhydroxide,,04-3778,110,Lotion,21,Topical,2.5 mg/mL; 2.5 mg/mL; 50 mg/mL; 100 mg/mL,260,Pfizer Specialties Ltd,2020-11-30,2025-11-29,Inactive,Topical acne lotion,25 mL (in plastic squeeze bottle),"Each mL contains: Methylprednisolone acetate 2.5 mg, Neomycin sulfate 2.5 mg equiv. to Neomycin base 1.93 mg, Aluminium chlorhydroxide complex 200 mg equiv. to Aluminum chlorhydroxide 100 mg, and Colloidal sulfur 50 mg",https://admin.greenbook.nafdac.gov.ng/uploadImage/smpc_files/2024/09/08/2024090864fcbe6f-3f35-57eb-9675-cfa7aa4a0cae.pdf,D07CA02,https://greenbook.nafdac.gov.ng/products/details/4250,2026-09-29T10:52:30.242228+00:00
Greenbook NAFDAC,4863,11981,Neobacin Plus Ointment_,1,Drugs,"{'id': 1, 'name': 'Drugs', 'created_at': '-000001-11-30T00:00:00.000000Z', 'updated_at': '2022-03-17T16:53:12.000000Z', 'deleted_at': None}",1167,Neomycin (Neomycin Sulfate); Bacitracin Zinc; Polymyxin B Sulfate,,A11-100980,58,Ointment,21,Topical,400 IU; 3400 IU; 5000 IU,162,Drugfield Pharmaceuticals Limited,2025-09-24,2030-09-23,Active,"Ointment.
Smooth, white translucent homogeneous ointment",1 x 30 g (in collapsible Alu tube),"Each gram contains: Bacitracin Zinc 400 IU, Neomycin Sulphate 3400 IU, and Polymyxin B Sulphate 5000 IU
Excipients q.s.",https://admin.greenbook.nafdac.gov.ng/uploadImage/smpc_files/2025/11/19/20251119c9df2849-d26b-5f6b-b38c-77f627d09445.pdf,D06AX04,https://greenbook.nafdac.gov.ng/products/details/11981,2026-09-29T10:52:30.242228+00:00
Greenbook NAFDAC,4864,4240,Neobacin Powder##,1,Drugs,"{'id': 1, 'name': 'Drugs', 'created_at': '-000001-11-30T00:00:00.000000Z', 'updated_at': '2022-03-17T16:53:12.000000Z', 'deleted_at': None}",833,Neomycin; Bacitracin zinc,,04-5259,111,Powder,21,Topical,5 mg/g; 250 IU/g,162,Drugfield Pharmaceuticals Limited,2021-05-07,2026-05-06,Inactive,"Topical Powder
",1 x 5 g (in plastic pack),"Each gram contains: Neomycin Sulphate 5 mg, Zinc Bacitracin 250 IU
Excipients q.s.",https://admin.greenbook.nafdac.gov.ng/uploadImage/smpc_files/2024/06/25/20240625e7960edc-8cba-538c-a2de-73a38fad757a.pdf,D06AX04,https://greenbook.nafdac.gov.ng/products/details/4240,2026-09-29T10:52:30.242228+00:00
Greenbook NAFDAC,4865,4249,Neofidrol Lotion##,1,Drugs,"{'id': 1, 'name': 'Drugs', 'created_at': '-000001-11-30T00:00:00.000000Z', 'updated_at': '2022-03-17T16:53:12.000000Z', 'deleted_at': None}",888,Methylprednisolone; Neomycin Sulfate; Sulfur; Aluminium Chlorhydroxide,,A11-100071,110,Lotion,21,Topical,2.5 mg/mL; 2.5 mg/mL; 50 mg/mL; 100 mg/mL,27,Fidson Healthcare PLC,2021-03-30,2026-03-29,Inactive,Lotion,,"Each mL contains: Methylprednisolone Acetate 2.5 mg, Neomycin Sulfate 2.5 mg equivalent to Neomycin base 1.75 mg, Aluminium Chlorhydroxide complex 100 mg, Colloidal Sulfur 50 mg",,D07CA02,https://greenbook.nafdac.gov.ng/products/details/4249,2026-09-29T10:52:30.242228+00:00
Greenbook NAFDAC,4866,10296,Neofidrol Lotion##,1,Drugs,"{'id': 1, 'name': 'Drugs', 'created_at': '-000001-11-30T00:00:00.000000Z', 'updated_at': '2022-03-17T16:53:12.000000Z', 'deleted_at': None}",888,Methylprednisolone; Neomycin Sulfate; Sulfur; Aluminium Chlorhydroxide,,A11-1128,110,Lotion,21,Topical,2.5 mg; 2.5 mg; 50 mg; 100 mg,27,Fidson Healthcare PLC,2021-03-29,2026-03-28,Inactive,Lotion,1 x 25 mL,"Neofidrol Lotion contains: Methyl Prednisolone Acetate 2.5 mg, Neomycin Sulphate 2.5 mg, Sulphur 50 mg, Aluminium Chlorhydroxide 100 mg",,D07CA02,https://greenbook.nafdac.gov.ng/products/details/10296,2026-09-29T10:52:30.242228+00:00
Greenbook NAFDAC,4867,10814,Neogel Cream 30 g##,1,Drugs,"{'id': 1, 'name': 'Drugs', 'created_at': '-000001-11-30T00:00:00.000000Z', 'updated_at': '2022-03-17T16:53:12.000000Z', 'deleted_at': None}",868,Clobetasol Propionate,,A4-101218,4,Cream,21,Topical,0.5%,165,Elbe Pharma Nigeria Limited,2025-03-27,2030-03-26,Active,"Cream
A pink light colored smooth cream",1 x 30 g (in Lami tube),"Neogel Cream 30 g contains: Clobetasol Propionate 0.5% w/w, Cream base q.s.
Excipients q.s.",https://admin.greenbook.nafdac.gov.ng/uploadImage/smpc_files/2025/05/22/2025052243718aef-692d-5878-9372-0356e5bf95c4.pdf,D07AD01,https://greenbook.nafdac.gov.ng/products/details/10814,2026-09-29T10:52:30.242228+00:00
Greenbook NAFDAC,4868,3724,Neomazepine Tablet 200 mg##,1,Drugs,"{'id': 1, 'name': 'Drugs', 'created_at': '-000001-11-30T00:00:00.000000Z', 'updated_at': '2022-03-17T16:53:12.000000Z', 'deleted_at': None}",25,Carbamazepine,,A4-6976,1,Tablet,1,Oral,200 mg,451,Dony-Triumph and Company Nigeria Limited,2020-11-30,2025-11-29,Inactive,Tablet,,Each tablet contains: Carbamazepine 200 mg,,N03AF01,https://greenbook.nafdac.gov.ng/products/details/3724,2026-09-29T10:52:30.242228+00:00
Greenbook NAFDAC,4869,5257,Neomdexsol Eye Drops##,1,Drugs,"{'id': 1, 'name': 'Drugs', 'created_at': '-000001-11-30T00:00:00.000000Z', 'updated_at': '2022-03-17T16:53:12.000000Z', 'deleted_at': None}",773,Dexamethasone; Neomycin,,B4-5724,24,Eye drops,15,Ophthalmic,0.1%; 0.35%,170,Expharlab Limited,2023-07-06,2028-07-05,Active,"Eye Drops
Clear colorless to pale yellow solution

56	RNW-PP-162433	Neomdexsol Eye Drops	NEOMYCIN, DEXAMETHASONE PHOSPHATE	Active Ingredient: Neomycin 0.35%, Dexamethasone phosphate 0.1% Excipients: dibasic sodium phosphate, disodium edetate, benzalkonium chloride, mannitol, creatinine, sodium metabisulphite, glycerin, sodium sulfoxylate formaldehyde, sodium citrate, hydrogen disodium phosphate, water for injection	B4-5724	Drugs	Imported Products	1*5ML	Prescription Only Medicine (POM)	9/16/2020	EXPHARLAB LIMITED, 387, AGEGE MOTOR ROAD MUSHIN LAGOS	9030750939	expharlab@exphar.be	AHLCON PARENTERALS (INDIA) LIMITED, SP-918, Phase III, Bhiwadi-30101019 Distt, Alwar (Raj), India
",1 x 5 mL (in LDPE bottle),"Each mL contains: Dexamethasone 0.1%, Neomycin 0.35%
Excipients q.s.",https://admin.greenbook.nafdac.gov.ng/uploadImage/smpc_files/2023/08/25/202308255becf282-316a-5662-81cf-e7bdddbc8afb.pdf,S01CA01,https://greenbook.nafdac.gov.ng/products/details/5257,2026-09-29T10:52:30.242228+00:00
Greenbook NAFDAC,4870,5258,"Neomycin Sulphate + Zinc Bacitracin Powder## (check strength, pack size) (duplicate, different stren",1,Drugs,"{'id': 1, 'name': 'Drugs', 'created_at': '-000001-11-30T00:00:00.000000Z', 'updated_at': '2022-03-17T16:53:12.000000Z', 'deleted_at': None}",833,Neomycin; Bacitracin zinc,,04-5259,111,Powder,26,Cutaneous/Topical,200 mg,162,Drugfield Pharmaceuticals Limited,2021-05-07,2026-05-06,Inactive,"Powder

NEOBACIN POWDER
","250 g, 0.195 kg, 200 47.996 kg, 200 1.5 kg/50 kg","Each gram contains Neomycin 5 mg, Bacitracin Zinc 250 IU
Excipients: Lactose Anhydrous, Aerosil 200",https://admin.greenbook.nafdac.gov.ng/uploadImage/smpc_files/2024/06/25/20240625555016ae-2c93-5efe-8806-2499e0334b89.pdf,A07AA51,https://greenbook.nafdac.gov.ng/products/details/5258,2026-09-29T10:52:30.242228+00:00
Greenbook NAFDAC,4871,761,Neoskin Cream##,1,Drugs,"{'id': 1, 'name': 'Drugs', 'created_at': '-000001-11-30T00:00:00.000000Z', 'updated_at': '2022-03-17T16:53:12.000000Z', 'deleted_at': None}",1106,Betamethasone; Clotrimazole; Neomycin sulfate,,B4-6116,4,Cream,21,Topical,0.05%; 1%; 0.5%,165,Elbe Pharma Nigeria Limited,2021-05-27,2026-05-26,Inactive,"Cream
Smooth, uniform, white to off-white cream",1 x 30 g (in Lami tube),"Neoskin Cream contains: Betamethasone Clotrimazole 0.05%, Clotrimazole 1%, Neomycin Sulfate 0.5%
Excipients q.s.",https://admin.greenbook.nafdac.gov.ng/uploadImage/smpc_files/2023/05/29/202305297b3b8b41-e01d-5031-a6a3-eaf138fd3f7e.pdf,D07CC01,https://greenbook.nafdac.gov.ng/products/details/761,2026-09-29T10:52:30.242228+00:00
Greenbook NAFDAC,4872,10303,Neostigmine Methyl Sulphate Injection##,1,Drugs,"{'id': 1, 'name': 'Drugs', 'created_at': '-000001-11-30T00:00:00.000000Z', 'updated_at': '2022-03-17T16:53:12.000000Z', 'deleted_at': None}",111,Neostigmine,,C4-1811,107,Solution for injection,39,Intramuscular; Subcutaneous,0.5 mg/mL,271,Phillips Pharmaceuticals (Nigeria) Limited,2021-08-26,2026-08-25,Inactive,"Solution for Injection
A clear, colorless solution for injection",5 x 1 mL; 1 x 5 mL (in ampoules),"Each mL contains: Neostigmine Methylsulphate USP equivalent to Neostigmine base 0.5 mg
List of Excipients: Glacial Acetic Acid USP, Water for Injection USP
",https://admin.greenbook.nafdac.gov.ng/uploadImage/smpc_files/2024/11/22/20241122b1836303-6430-5e5c-8252-3dfee23df4c5.pdf,N07AA01,https://greenbook.nafdac.gov.ng/products/details/10303,2026-09-29T10:52:30.242228+00:00
Greenbook NAFDAC,4873,10304,Neostigmine Methylsulphate Injection##,1,Drugs,"{'id': 1, 'name': 'Drugs', 'created_at': '-000001-11-30T00:00:00.000000Z', 'updated_at': '2022-03-17T16:53:12.000000Z', 'deleted_at': None}",111,Neostigmine,,A4-7212,107,Solution for injection,31,Intravenous; Intramuscular; Subcutaneous,2.5 mg/mL,145,Chez Resources Pharmaceutical Limited,2025-02-28,2030-02-27,Active,"Solution for Injection
A clear colorless solution for Injection",10 x 1 mL ampoules,"Each ampoule contains: Neostigmine Methylsulphate BP equivalent to Neostigmine base 2.5 mg
Excipients q.s.",https://admin.greenbook.nafdac.gov.ng/uploadImage/smpc_files/2025/05/11/20250511ff9df558-adfa-5d7f-ab9f-b3ee745d6f03.pdf,N07AA01,https://greenbook.nafdac.gov.ng/products/details/10304,2026-09-29T10:52:30.242228+00:00
Greenbook NAFDAC,4874,10816,Neovate Cream##,1,Drugs,"{'id': 1, 'name': 'Drugs', 'created_at': '-000001-11-30T00:00:00.000000Z', 'updated_at': '2022-03-17T16:53:12.000000Z', 'deleted_at': None}",868,Clobetasol Propionate,,A4-100860,4,Cream,21,Topical,0.05%,165,Elbe Pharma Nigeria Limited,2024-04-30,2029-05-01,Active,"Topical Cream
A white soft homogenous cream, free from any gritty particles",1 x 25 g (in collapsible tube),"Neovate Cream contains: Clobetasol Propionate BP 0.05% w/w, Cream Base q.s.
Excipients q.s.",https://admin.greenbook.nafdac.gov.ng/uploadImage/smpc_files/2024/06/21/20240621ad419506-d66e-5e77-81aa-61c992c279c3.pdf,D07AD01,https://greenbook.nafdac.gov.ng/products/details/10816,2026-09-29T10:52:30.242228+00:00
Greenbook NAFDAC,4875,6383,Neoviral Cream##,1,Drugs,"{'id': 1, 'name': 'Drugs', 'created_at': '-000001-11-30T00:00:00.000000Z', 'updated_at': '2022-03-17T16:53:12.000000Z', 'deleted_at': None}",522,Ketoconazole,,A4-100579,4,Cream,21,Topical,2%,253,Onifam Laboratories Limited,2023-10-31,2028-10-30,Active,"Cream

73	NF-PP-343496	NEOVIRAL CREAM	KETOCONAZOLE 2%W/V	Each gm contains- Ketoconazole USP 2.0% w/w List of excipients Cetamacrogal-1000 CetostearylAlcohol Light Liquid Paraffin White soft Paraffin PropyleneGlycol Chlorocresol Sodium Dihydrogen OrthoPhosphate Disodium Hydrogen OrthoPhosphate EDTASodium PurifiedWater Orthophosphoricacid ColorErythrosineSupra FragranceSwiss Rose	A4-100579	Drugs	Imported Products	30GM	POM 2	7/12/2023	ONIFAM LABORATORIES LIMITED, IDIMU ROAD, ORELOPE EGBEDA, LAGOS. EGBEDA LAGOS	17763208	onifamconsultant@yahoo.com	M/S COTEC HEALTHCARE PVT LTD , KHASRA NO.593/1, NH-74, ROORKEE DEHRADUN HIGHWAY KISHANPUR, ROORKEE, DIST-HARIDWAR, UTTARAKHAND, INDIA., India						",1 x 30 g,"Each gram contains: Ketoconazole USP 2.0% w/w
Excipients q.s.
Color: Erythrosine Supra
Fragrance: Swiss Rose",https://admin.greenbook.nafdac.gov.ng/uploadImage/smpc_files/2023/11/10/20231110e0d458e3-3ebe-595e-bbdc-554a4126282d.pdf,D01AC08,https://greenbook.nafdac.gov.ng/products/details/6383,2026-09-29T10:52:30.242228+00:00
Greenbook NAFDAC,4876,10297,Neoxon Eye/Ear Drops##,1,Drugs,"{'id': 1, 'name': 'Drugs', 'created_at': '-000001-11-30T00:00:00.000000Z', 'updated_at': '2022-03-17T16:53:12.000000Z', 'deleted_at': None}",769,Betamethasone (Betamethasone Sodium Phosphate); Neomycin sulfate,,C4-1777,16,Ear/eye drops,28,Ophthalmic/Otic,0.1%; 0.5%,640,Freshborn Industries Ltd,2021-08-03,2026-08-02,Inactive,Solution for Eye/Ear Drops																																																																																																																																																																																																																																																																																																																																																																																																																																																																																																																																																																																								,1 x 10 mL,"Neoxon Eye/Ear Drops contains: Betamethasone Sodium Phosphate BP 0.1% w/v, Neomycin Sulphate BP 0.5% w/w",,S03CA06,https://greenbook.nafdac.gov.ng/products/details/10297,2026-09-29T10:52:30.242228+00:00
Greenbook NAFDAC,4877,5452,Neozole Injection##,1,Drugs,"{'id': 1, 'name': 'Drugs', 'created_at': '-000001-11-30T00:00:00.000000Z', 'updated_at': '2022-03-17T16:53:12.000000Z', 'deleted_at': None}",513,Fluconazole,,04-3501,40,Injection,12,Intravenous,200 mg/mL,320,Unique AgroChem Ltd,2023-02-23,2028-02-22,Active,"Injection
A clear and colorless solution

NEOZOLE INJECTION	04-3501	NEOZOLE INJECTION	Each 100ml contains: Fluconazole 200mg, Sodium Chloride BP 900mg, Water for injection BP ……..qs.. 100ml.		Drugs	ANTIINFECTIVES FOR SYSTEMIC USE		Drugs		UNIQUE PHARMACEUTICALS LIMITED, FATAI ATERE WAY MATORI, MUSHIN LAGOS LAGOS	8097421000	UNIQUE PHARMACEUTICALS LIMITED, 11, FATAI ATERE WAY, MATORI, MUSHIN, LAGOS., Nigeria		2/23/2023	2/22/2028",1 x 100 mL (in LDPE bottle),"Each 100 mL contains: Fluconazole BP 200 mg
Excipients: Sodium Chloride BP, Water for Injection BP",https://admin.greenbook.nafdac.gov.ng/uploadImage/smpc_files/2025/01/10/20250110ff191853-65d9-5bae-be45-1c76fe28a3a3.pdf,J02AC01,https://greenbook.nafdac.gov.ng/products/details/5452,2026-09-29T10:52:30.242228+00:00
Greenbook NAFDAC,4878,4239,Nepafenac Ophthalmic Suspension##,1,Drugs,"{'id': 1, 'name': 'Drugs', 'created_at': '-000001-11-30T00:00:00.000000Z', 'updated_at': '2022-03-17T16:53:12.000000Z', 'deleted_at': None}",803,Nepafenac,,B4-5603,112,Suspension/Drops,15,Ophthalmic,0.1%,408,Lin-Kabs Pharmaceutical Limited,2021-09-28,2026-09-27,Inactive,"Ophthalmic Suspension
Yellow colored suspension
",1 x 5 mL (in plastic bottle),"Nepafenac Ophthalmic Suspension contains: Nepafenac 0.1% w/v, Benzalkonium Chloride Solution BP 0.02% w/v (as Preservative), Sterile Aqueous Vehicle q.s.
Excipients q.s.",https://admin.greenbook.nafdac.gov.ng/uploadImage/smpc_files/2023/05/27/20230527b23b7ce9-1c0d-515a-81f8-346bac9e801c.pdf,S01BC10,https://greenbook.nafdac.gov.ng/products/details/4239,2026-09-29T10:52:30.242228+00:00
Greenbook NAFDAC,4879,5259,Nerociprox Tablets##,1,Drugs,"{'id': 1, 'name': 'Drugs', 'created_at': '-000001-11-30T00:00:00.000000Z', 'updated_at': '2022-03-17T16:53:12.000000Z', 'deleted_at': None}",752,Ciprofloxacin,,A4-8576,1,Tablet,1,Oral,500 mg,241,Neros Pharmaceuticals Limited,2023-07-27,2028-07-26,Active,"Caplet
Almost white coated caplet with break line and, “NEROS” inscribed on one side and plain on the other side

NEROCIPROX TABLETS	CIPROFLOXACIN 500MG	CIPROFLOXACIN 500MG	A4-8576	Drugs	ALIMENTARY TRACT AND METABOLISM	Nigerian Products	1X10	Prescription Only Medicine (POM)	02/07/2022	NEROS PHARMACETICALS LIMITED, CANAL AVENUE, OKOTA LAGOS OKOTA LAGOS	17414013	chimaokoro@yahoo.co.uk	NEROS PHARMACEUTICALS LTD, PLOT 3,NEROS PHARMA AVENUE,KM 38, LAGOS ABEOKUTA EXPRESSWAY,BY SINGER BUSSTOP, SANGO OTA,OGUN STATE,NIGERIA, Nigeria							",1 x 10&#039;s (in AIu-AIu blister),"Each tablet contains: Ciprofloxacin Hydrochloride USP 500 mg
Excipients q.s.",https://admin.greenbook.nafdac.gov.ng/uploadImage/smpc_files/2023/10/02/20231002f87afc56-d766-5d91-a77c-aa15269b08b8.pdf,J01MA02,https://greenbook.nafdac.gov.ng/products/details/5259,2026-09-29T10:52:30.242228+00:00
Greenbook NAFDAC,4880,7714,Nerozetel Tablets##,1,Drugs,"{'id': 1, 'name': 'Drugs', 'created_at': '-000001-11-30T00:00:00.000000Z', 'updated_at': '2022-03-17T16:53:12.000000Z', 'deleted_at': None}",570,Albendazole,,B4-4096,1,Tablet,1,Oral,200 mg,241,Neros Pharmaceuticals Limited,2024-02-28,2029-02-27,Active,"Tablet
An orange, oblong, film coated caplet with “NEROS” inscription on one side and plain on the other side

NEROZETEL TABLETS	ALBENDAZOLE 200 MG	ALBENDAZOLE 200 MG	B4-4096	Drugs	Nigerian Products	1X2	POM 1	02/07/2022	NEROS PHARMACETICALS LIMITED, CANAL AVENUE, OKOTA LAGOS OKOTA LAGOS	17414013	chimaokoro@yahoo.co.uk	NEROS PHARMACEUTICALS LTD, PLOT 3,NEROS PHARMA AVENUE,KM 38, LAGOS ABEOKUTA EXPRESSWAY,BY SINGER BUSSTOP, SANGO OTA,OGUN STATE,NIGERIA, Nigeria				",1 x 2&#039;s (in blister),"Each tablet contains Albendazole BP 200 mg
Excipients: Lactose Monohydrate, Corn Starch, Methyl Paraben, Propyl Paraben, PVP K-, IPA, Croscarmellose Sodium, PVP XL-10, Talcum Powder, Magnesium Stearate",https://admin.greenbook.nafdac.gov.ng/uploadImage/smpc_files/2024/03/14/20240314a8046cf9-16c2-5994-86a0-60c297c5d7c5.pdf,P02CA03,https://greenbook.nafdac.gov.ng/products/details/7714,2026-09-29T10:52:30.242228+00:00
Greenbook NAFDAC,4881,5260,Nersivic Capsules##,1,Drugs,"{'id': 1, 'name': 'Drugs', 'created_at': '-000001-11-30T00:00:00.000000Z', 'updated_at': '2022-03-17T16:53:12.000000Z', 'deleted_at': None}",41,Pregabalin,,A4-100395,2,Capsule,1,Oral,300 mg,715,Suitelife Pharmaceuticals Ltd,2023-05-25,2028-05-24,Active,"Hard Gelatin Capsule

124	NF-PP-260420	NERSIVIC CAPSULES	PREGABALIN 300MG	EACH HARD GELATIN CAPSULE CONTAINS PREGABALIN 300MG EXCIPIENTS Titanium Dioxide (E171) Gelatin Sodium Lauryl sulfate Maize starch Talc		Drugs	Imported Products	10X15	POM 2	4/7/2022	SUITELIFE PHARMACEUTICAL LIMITED, 4 ayo davis close off ekololu street, surulere, lagos	8129419809	suitelifepharma@yahoo.com	SWISS PHARMA PVT LTD., 3709, G.I.D.C., PHASE-IV, VATVA, AHMEDABAD-382445, GUJARAT, INDIA, India														",10 x 15&#039;s,"Each hard gelatin capsule contains: Pregabalin 300 mg
Excipients: Titanium Dioxide (E171), Gelatin, Sodium Lauryl Sulfate Maize Starch, Talc",https://admin.greenbook.nafdac.gov.ng/uploadImage/smpc_files/2025/05/06/20250506791133bc-489b-528d-a712-f181ebf286a6.pdf,N02BF02,https://greenbook.nafdac.gov.ng/products/details/5260,2026-09-29T10:52:30.242228+00:00
Greenbook NAFDAC,4882,5261,Nervaglin 150 mg Capsule##,1,Drugs,"{'id': 1, 'name': 'Drugs', 'created_at': '-000001-11-30T00:00:00.000000Z', 'updated_at': '2022-03-17T16:53:12.000000Z', 'deleted_at': None}",41,Pregabalin,,A4-100444,2,Capsule,1,Oral,150 mg,1197,Sastek Mega Pharma &amp; Chemical Company Ltd,2023-07-06,2028-07-05,Active,"Capsule
Hard gelatin Capsule. Size “0” having maroon colored cap &amp; white colored body containing white crystalline powder

145	NF-PP-310176	Nervaglin 150mg Capsule	Pregabalin 150mg	Pregabalin 150mg		DRUGS	Imported Products	10*15	POM	1/25/2023	SASTEK MEGA PHARMA &amp; CHEMICAL COMPANY LTD, 10A, Abayomi Street, Off Olanrewaju Street, Oregun, Ikeja, Lagos State			M/S ASTAMED HEALTHCARE ( I ) PVT. LTD, PLOT NO 2 &amp; 3, PHASE II GENESIS INDUSTRIAL COMPLEX. KOLGAON, PALGHAR, THANE: 401 404 MAHARASHTRA STATE, INDIA , India
",10 x 15&#039;s (in blisters),"Each capsule contains: Pregabalin 150 mg
Excipients q.s.",https://admin.greenbook.nafdac.gov.ng/uploadImage/smpc_files/2023/08/25/202308255b7131a1-3af5-56db-906c-3486a9b7feb0.pdf,N02BF02,https://greenbook.nafdac.gov.ng/products/details/5261,2026-09-29T10:52:30.242228+00:00
Greenbook NAFDAC,4883,5451,Nervaglin 300 mg Capsule##,1,Drugs,"{'id': 1, 'name': 'Drugs', 'created_at': '-000001-11-30T00:00:00.000000Z', 'updated_at': '2022-03-17T16:53:12.000000Z', 'deleted_at': None}",41,Pregabalin,,A4-100443,2,Capsule,1,Oral,300 mg,1197,Sastek Mega Pharma &amp; Chemical Company Ltd,2023-07-06,2028-07-05,Active,"Capsule
Hard gelatin Capsule. Size “0” having maroon colored cap and white colored body containing white crystalline powder

144	NF-PP-310175	Nervaglin 300mg Capsule	Pregabalin 300mg	Pregabalin 300mg		DRUGS	Imported Products	10*15	POM	1/25/2023	SASTEK MEGA PHARMA &amp; CHEMICAL COMPANY LTD, 10A, Abayomi Street, Off Olanrewaju Street, Oregun, Ikeja, Lagos State			M/S ASTAMED HEALTHCARE ( I ) PVT. LTD, PLOT NO 2 &amp; 3, PHASE II GENESIS INDUSTRIAL COMPLEX. KOLGAON, PALGHAR, THANE: 401 404 MAHARASHTRA STATE, INDIA , India
",10 x 15&#039;s (in blisters),"Each capsule contains: Pregabalin 300 mg
Excipients q.s.",https://admin.greenbook.nafdac.gov.ng/uploadImage/smpc_files/2023/08/25/2023082577744876-76ef-5b09-8976-12772e365c0a.pdf,N02BF02,https://greenbook.nafdac.gov.ng/products/details/5451,2026-09-29T10:52:30.242228+00:00
Greenbook NAFDAC,4884,8796,Neslide-100 Capsules**,1,Drugs,"{'id': 1, 'name': 'Drugs', 'created_at': '-000001-11-30T00:00:00.000000Z', 'updated_at': '2022-03-17T16:53:12.000000Z', 'deleted_at': None}",56,Tramadol Hydrochloride,,A4-7952,2,Capsule,1,Oral,100 mg,687,Morehope Pharma Limited,2024-07-31,2029-07-30,Active,"Hard Gelatin Capsule.
Hard gelatin capsule of size “4” having dark green coloured cap and light green coloured body, filled with an off white coloured granular powder",10 x 10&#039;s (in Alu-PVC blisters),"Each hard gelatin capsule contains: Tramadol Hydrochloride BP 100 mg, Excipients q.s.",https://admin.greenbook.nafdac.gov.ng/uploadImage/smpc_files/2024/11/30/2024113000802629-2122-58f4-8b08-180801123489.pdf,N02AX02,https://greenbook.nafdac.gov.ng/products/details/8796,2026-09-29T10:52:30.242228+00:00
Greenbook NAFDAC,4885,977,Nestcam Capsules##,1,Drugs,"{'id': 1, 'name': 'Drugs', 'created_at': '-000001-11-30T00:00:00.000000Z', 'updated_at': '2022-03-17T16:53:12.000000Z', 'deleted_at': None}",91,Piroxicam,,B4-4585,2,Capsule,1,Oral,20 mg,1083,Zadip Pharma Nig  Ltd,2021-05-07,2026-05-06,Inactive,Capsule,,Each capsule contains: Piroxicam 20 mg,,M01AC01,https://greenbook.nafdac.gov.ng/products/details/977,2026-09-29T10:52:30.242228+00:00
Greenbook NAFDAC,4886,6702,Nestragic-100 Capsules**,1,Drugs,"{'id': 1, 'name': 'Drugs', 'created_at': '-000001-11-30T00:00:00.000000Z', 'updated_at': '2022-03-17T16:53:12.000000Z', 'deleted_at': None}",56,Tramadol Hydrochloride,,A4-8571,2,Capsule,1,Oral,100 mg,470,Nafro Pharma Nigeria Limited,2023-12-21,2028-12-20,Active,"Hard Gelatin Capsule.
A green/yellow hard gelatin capsule shell having size &quot;4&quot;, containing white powder",1 x 10&#039;s (in Alu-PVC blister),"Tramadol Capsule BP 100 mg.
Each hard gelatin capsule contains: Tramadol Hydrochloride BP 100 mg

Excipients:
Maize Starch, Purified Talc, Magnesium Stearate, Empty Hard Gelatin Capsule Shell",https://admin.greenbook.nafdac.gov.ng/uploadImage/smpc_files/2024/01/01/2024010141f54839-43d0-51bb-9038-ddffcce6355e.pdf,N02AX02,https://greenbook.nafdac.gov.ng/products/details/6702,2026-09-29T10:52:30.242228+00:00
Greenbook NAFDAC,4887,11658,Neucod 1000 mg Capsule_,1,Drugs,"{'id': 1, 'name': 'Drugs', 'created_at': '-000001-11-30T00:00:00.000000Z', 'updated_at': '2022-03-17T16:53:12.000000Z', 'deleted_at': None}",2286,Cod Liver Oil,,A7-2778,2,Capsule,1,Oral,1000 mg,932,Nuel Pharmaceuticals Limited,2025-07-30,2030-07-29,Active,Capsule,1 x 60&#039;s (in Alu_PVC blister),"Each capsule contains: Cod Liver Oil 1000 mg
Excipients q.s.",https://admin.greenbook.nafdac.gov.ng/uploadImage/smpc_files/2025/09/08/202509080a325866-4ea6-5737-a713-e397e9d33793.pdf,A11CB,https://greenbook.nafdac.gov.ng/products/details/11658,2026-09-29T10:52:30.242228+00:00
Greenbook NAFDAC,4888,11659,Neucod Cod Liver Oil 300 mg Capsules_,1,Drugs,"{'id': 1, 'name': 'Drugs', 'created_at': '-000001-11-30T00:00:00.000000Z', 'updated_at': '2022-03-17T16:53:12.000000Z', 'deleted_at': None}",2286,Cod Liver Oil,,A7-2794,2,Capsule,1,Oral,300 mg,932,Nuel Pharmaceuticals Limited,2025-07-30,2030-07-29,Active,"Capsule.
Soft, oblong, transparent gelatin capsule containing pale yellow colored oily liquid imprinted with &quot;740&quot;",2 x 15&#039;s (in PVC-Alu blisters),"Each capsule contains: Cod Liver Oil 300 mg
Excipients q.s.",https://admin.greenbook.nafdac.gov.ng/uploadImage/smpc_files/2025/09/08/2025090849d1e7d3-0c2f-5b72-89fe-90c51e0452d9.pdf,A11CB,https://greenbook.nafdac.gov.ng/products/details/11659,2026-09-29T10:52:30.242228+00:00
Greenbook NAFDAC,4889,10821,Neuracalm 150 Capsule## (Check Strength),1,Drugs,"{'id': 1, 'name': 'Drugs', 'created_at': '-000001-11-30T00:00:00.000000Z', 'updated_at': '2022-03-17T16:53:12.000000Z', 'deleted_at': None}",42,Pregabalin; Methylcobalamin,,B4-1463,2,Capsule,1,Oral,150 mg; 750 mg,17,Bio-Generics Nigeria Limited,2021-06-24,2026-06-23,Inactive,Capsule,3 x 10&#039;s (in Alu-Alu pack),"Each capsule contains: Pregabalin BP 150 mg, Methylcobalamin USP 750 mcg
Excipients q.s.",https://admin.greenbook.nafdac.gov.ng/uploadImage/smpc_files/2024/09/18/202409185f471441-1755-5b79-a391-2bacea394514.pdf,N02BF02,https://greenbook.nafdac.gov.ng/products/details/10821,2026-09-29T10:52:30.242228+00:00
Greenbook NAFDAC,4890,10300,Neuracalm 75 Capsule##,1,Drugs,"{'id': 1, 'name': 'Drugs', 'created_at': '-000001-11-30T00:00:00.000000Z', 'updated_at': '2022-03-17T16:53:12.000000Z', 'deleted_at': None}",42,Pregabalin; Methylcobalamin,,B4-0462,2,Capsule,1,Oral,75 mg; 750 mcg,17,Bio-Generics Nigeria Limited,2021-06-24,2026-06-23,Inactive,Hard Gelatin Capsule,3 x 10&#039;s (in Alu-Alu pack),"Each capsule contains: Pregabalin BP 75 mg, Methylcobalamin USP 750 mcg
Excipients q.s.",https://admin.greenbook.nafdac.gov.ng/uploadImage/smpc_files/2024/09/18/20240918289db4a8-91cf-524b-a540-17b654f014c7.pdf,N02BF02,https://greenbook.nafdac.gov.ng/products/details/10300,2026-09-29T10:52:30.242228+00:00
Greenbook NAFDAC,4891,12423,Neurogab Capsule $,1,Drugs,"{'id': 1, 'name': 'Drugs', 'created_at': '-000001-11-30T00:00:00.000000Z', 'updated_at': '2022-03-17T16:53:12.000000Z', 'deleted_at': None}",41,Pregabalin,,B4-2461,2,Capsule,1,Oral,75 mg,337,Evans Baroque Limited,2025-08-27,2030-08-26,Active,"NEUROGAB CAPSULE	&quot;EXCIPIENT INCLUDE- 1. MAIZE STARCH 
2. MICROCRYSTALLINE 
CELLULOSE
3. MAGNESIUM STEARATE &quot;	B4-2461	Drugs	Imported Product	2*14	16-05-2024	EVANS BAROQUE LIMITED, LAGOS BADAGRY EXPRESS WAY, AGBARA INDUSTRIAL ESTATE, AGBARA, OGUN STATE ISOLO LAGOS	08033304149	regulatory@evansbaroque.com	ZOTA HEALTH CARE LTD, PLOT NO - 169 SURAT SPECIAL ECONOMIC ZONE, NEAR SACHIN RAILWAY STATION, SACHIN DIST. SURAT, INDIA
",2 x14 ,"Each Hard Gelatin Capsule Contains: Pregabalin 75 mg 
Excipients     Q.S. ",https://admin.greenbook.nafdac.gov.ng/uploadImage/smpc_files/2026/01/07/2026010781e66dd5-b314-5751-a2c4-0f654b9c151e.pdf,N02BF02,https://greenbook.nafdac.gov.ng/products/details/12423,2026-09-29T10:52:30.242228+00:00
Greenbook NAFDAC,4892,762,Neurogesic Greaseless Ointment##,1,Drugs,"{'id': 1, 'name': 'Drugs', 'created_at': '-000001-11-30T00:00:00.000000Z', 'updated_at': '2022-03-17T16:53:12.000000Z', 'deleted_at': None}",1140,Methyl salicylate; Menthol,,04-1828,58,Ointment,21,Topical,15%; 5%,162,Drugfield Pharmaceuticals Limited,2021-05-27,2026-05-26,Inactive,"Ointment
A smooth white homogenous greaseless ointment","1 x 35 g, 1 x 85 g (in Alu tube)","One gram ointment contains: Methyl Salicylate 150 mg, Menthol 50 mg
Excipients q.s.",https://admin.greenbook.nafdac.gov.ng/uploadImage/smpc_files/2024/06/25/202406252ee7b4ea-ea3b-548c-89db-5a7600b25745.pdf,M02AC,https://greenbook.nafdac.gov.ng/products/details/762,2026-09-29T10:52:30.242228+00:00
Greenbook NAFDAC,4893,5804,Neurovit Forte Tablet## (strength format),1,Drugs,"{'id': 1, 'name': 'Drugs', 'created_at': '-000001-11-30T00:00:00.000000Z', 'updated_at': '2022-03-17T16:53:12.000000Z', 'deleted_at': None}",1680,Thiamine Monohydrate; Pyridoxine HCl; Cyanocobalamin,,04-5367,1,Tablet,1,Oral,242.5mg; 250.0mg; 1.0mg,261,Phamatex Nigeria Limited,2023-04-26,2028-04-25,Active,"Tablet

Neurovit Forte Tablet	Vitamin B1 242.5mg, Vitamin B6 250.0mg, Vitamin B12 1.0mg	Thiamine Monohydrate 242.50mg, Pyridoxine HCl 250mg, Cyanocobalamin 1mg, Magnesium stearate, SSG, PVP K-25, Corn starch, Lactose, Kollidon VA-64, Isopropylalcohol, Iron Oxide yellow	Apr-67	Drugs	Imported Products	10*10	Prescription Only Medicine (POM)	15/01/2020	PHAMATEX NIGERIA LIMITED, 1, CRYSTAL GLASS CLOSE, AMUWO-ODOFIN	1470193	pharmiyke72@yahoo.co.uk	Hovid Bhd., Lot 56442, 7 1/2 Miles, Jalan Ipoh/ Chemor, 31200 Chemor, Perak Malaysia, Malaysia
												
												
												
												
												
												
",10 x 10&#039;s (in PVC-Alu blister),"Each tablet contains: Thiamine Monohydrate 242.5 mg, Pyridoxine 250 mg, Cyanocobalamin 1 mg
Excipients q.s.",https://admin.greenbook.nafdac.gov.ng/uploadImage/smpc_files/2023/09/22/2023092276da6759-0adc-5655-8c8e-8b51feea6f50.pdf,A11BA,https://greenbook.nafdac.gov.ng/products/details/5804,2026-09-29T10:52:30.242228+00:00
Greenbook NAFDAC,4894,2100,Neutroderm Cream** (,1,Drugs,"{'id': 1, 'name': 'Drugs', 'created_at': '-000001-11-30T00:00:00.000000Z', 'updated_at': '2022-03-17T16:53:12.000000Z', 'deleted_at': None}",1115,Betamethasone; Tolnaftate; Gentamicin; Clioquinol,Betamethasone; Tolnaftate; Gentamicin; Iodochlorhydroxyquinoline,A4-9245,4,Cream,21,Topical,0.05%; 1%; 0.1%; 1%,324,Vinco Pharmaceuticals Nigeria Limited,2023-07-27,2028-07-26,Active,"Each gram of Cream contains: Betamethasone Dipropionate USP 0.643 mg, Gentamicin Base BP 1 mg, Tolnaftate USP 10 mg, Iodochlorhydroxyquinoline (in House) 10 mg",1 x 30 g,,https://admin.greenbook.nafdac.gov.ng/uploadImage/smpc_files/2024/12/25/2024122553d71654-286d-5fb0-b138-f2dac4f42e1b.pdf,D07CC01,https://greenbook.nafdac.gov.ng/products/details/2100,2026-09-29T10:52:30.242228+00:00
Greenbook NAFDAC,4895,153,Nevanac Eye Drop##,1,Drugs,"{'id': 1, 'name': 'Drugs', 'created_at': '-000001-11-30T00:00:00.000000Z', 'updated_at': '2022-03-17T16:53:12.000000Z', 'deleted_at': None}",803,Nepafenac,,B4-3535,112,Suspension/Drops,15,Ophthalmic,0.1%,250,Novartis Nigeria Limited,2021-12-02,2026-12-01,Active,"Ophthalmic Suspension
Light yellow to light orange uniform suspension, pH 7.4 (approximately)",,"Each mL of suspension: Nepafenac 0.1%
Excipients q.s.",https://admin.greenbook.nafdac.gov.ng/uploadImage/smpc_files/2023/05/29/20230529000bf878-6080-5f2a-bb75-ed7595807c60.pdf,S01BC10,https://greenbook.nafdac.gov.ng/products/details/153,2026-09-29T10:52:30.242228+00:00
Greenbook NAFDAC,4896,12246,Nevegac 300 mg Capsules_,1,Drugs,"{'id': 1, 'name': 'Drugs', 'created_at': '-000001-11-30T00:00:00.000000Z', 'updated_at': '2022-03-17T16:53:12.000000Z', 'deleted_at': None}",41,Pregabalin,,A4-101722,2,Capsule,1,Oral,300 mg,1339,LDP Pharmaceuticals and Chemical Company Ltd,2025-11-26,2030-11-25,Active,"Capsule.
A white-color granular powder filled in size &quot;2&quot;, red/white",10 x 15&#039;s (in Alu-PVC blisters),"Each Capsules contains: Pregabalin 300 mg
Excipients q.s.",https://admin.greenbook.nafdac.gov.ng/uploadImage/smpc_files/2025/12/10/20251210f26d1ef2-2073-57f4-bcad-63cae6eca67a.pdf,N02BF02,https://greenbook.nafdac.gov.ng/products/details/12246,2026-09-29T10:52:30.242228+00:00
Greenbook NAFDAC,4897,11660,Neveux Tablets 10 mg_,1,Drugs,"{'id': 1, 'name': 'Drugs', 'created_at': '-000001-11-30T00:00:00.000000Z', 'updated_at': '2022-03-17T16:53:12.000000Z', 'deleted_at': None}",20,Escitalopram (Escitalopram Oxalate),,A4-101390,1,Tablet,1,Oral,10 mg,1299,Mennel Pharmaceuticals Limited,2025-07-30,2030-07-29,Active,Film-Coated Tablet,3 x 10&#039;s (in Alu-PVC blisters),"Each film-coated tablet contains: Escitalopram Oxalate USP equiv. to Escitalopram 10 mg
Excipients q.s.",https://admin.greenbook.nafdac.gov.ng/uploadImage/smpc_files/2025/08/21/202508219736f239-dcf5-5a3c-a689-c5067ff6eaee.pdf,N06AB10,https://greenbook.nafdac.gov.ng/products/details/11660,2026-09-29T10:52:30.242228+00:00
Greenbook NAFDAC,4898,154,Nevimune Oral Suspension##,1,Drugs,"{'id': 1, 'name': 'Drugs', 'created_at': '-000001-11-30T00:00:00.000000Z', 'updated_at': '2022-03-17T16:53:12.000000Z', 'deleted_at': None}",594,Nevirapine,NVP,A4-100152,102,Suspension,1,Oral,50 mg/5 mL,271,Phillips Pharmaceuticals (Nigeria) Limited,2021-12-02,2026-12-01,Active,Granules for Oral Suspension,,Each 5 mL contains: Nevirapine 50 mg,,J05AG01,https://greenbook.nafdac.gov.ng/products/details/154,2026-09-29T10:52:30.242228+00:00
Greenbook NAFDAC,4899,5264,Nevirapine Tablets 200 mg Tablet**,1,Drugs,"{'id': 1, 'name': 'Drugs', 'created_at': '-000001-11-30T00:00:00.000000Z', 'updated_at': '2022-03-17T16:53:12.000000Z', 'deleted_at': None}",594,Nevirapine,NVP,04-7679,1,Tablet,1,Oral,200 mg,271,Phillips Pharmaceuticals (Nigeria) Limited,2023-07-27,2028-07-26,Active,"White to off-white, oval shaped, biconvex tablet, one side debossed with &quot;C&quot; and &quot;35&quot; with a single bisect separating the &quot;C&quot; and &quot;35&quot;. The other side has a single bisect.
Each tablet contains: Nevirapine USP 200 mg.

Excipients:
Lactose monohydrate, Microcrystalline cellulose, Sodium starch glycolate, Povidone, Colloidal silicon dioxide and Magnesium stearate.",1 x 60&#039;s,,https://admin.greenbook.nafdac.gov.ng/uploadImage/smpc_files/2023/08/22/202308220c3fcadc-2757-5e1f-ba72-3d641480d6c9.pdf,J05AG01,https://greenbook.nafdac.gov.ng/products/details/5264,2026-09-29T10:52:30.242228+00:00
Greenbook NAFDAC,4900,4570,Nevirapine##,1,Drugs,"{'id': 1, 'name': 'Drugs', 'created_at': '-000001-11-30T00:00:00.000000Z', 'updated_at': '2022-03-17T16:53:12.000000Z', 'deleted_at': None}",594,Nevirapine,NVP,04-8377,102,Suspension,1,Oral,50 mg/5 mL,271,Phillips Pharmaceuticals (Nigeria) Limited,2022-09-29,2027-08-28,Active,Suspension,1 x 240 mL,"Each 5 mL contains: Nevirapine 50 mg
Excipients q.s.",https://admin.greenbook.nafdac.gov.ng/uploadImage/smpc_files/2023/05/27/2023052747eb4e4e-c53e-58ad-88e2-90bff280a62f.pdf,J05AG01,https://greenbook.nafdac.gov.ng/products/details/4570,2026-09-29T10:52:30.242228+00:00
Greenbook NAFDAC,4901,8753,Newmartem Forte Tablet 80/480**,1,Drugs,"{'id': 1, 'name': 'Drugs', 'created_at': '-000001-11-30T00:00:00.000000Z', 'updated_at': '2022-03-17T16:53:12.000000Z', 'deleted_at': None}",528,Artemether; Lumefantrine,,A4-101095,1,Tablet,1,Oral,80 mg; 480 mg,1629,Sharegiving Sun Health-Care Ltd,2024-11-22,2029-11-21,Active,"Film coated tablet.
Yellow coloured, circular shaped, biconvex, film coated tablet having breakline on one side and plain on other side",1 x 6&#039;s (in blister),"Each film coated tablet contains: Artemether Ph. Int. 80 mg, Lumefantrine 480 mg, Excipients q.s.",https://admin.greenbook.nafdac.gov.ng/uploadImage/smpc_files/2024/12/13/20241213f855be56-7584-5e55-a176-92c1b211c7f4.pdf,P01BF01,https://greenbook.nafdac.gov.ng/products/details/8753,2026-09-29T10:52:30.242228+00:00
Greenbook NAFDAC,4902,10301,Nexavar 200 mg Tablets**,1,Drugs,"{'id': 1, 'name': 'Drugs', 'created_at': '-000001-11-30T00:00:00.000000Z', 'updated_at': '2022-03-17T16:53:12.000000Z', 'deleted_at': None}",1909,Sorafenib (Sorafenib Tosylate),,A4-3621,1,Tablet,1,Oral,200 mg,133,Bayer Nigeria Limited,2021-05-27,2026-05-26,Inactive,"Film Coated Tablet.
Red, round, biconvex film-coated tablets, debossed with Bayer cross on one side and &quot;200&quot; on the other side",6 x 10&#039;s,"Each film-coated tablet contains: Sorafenib (as Tosylate) 200 mg, Excipients q.s.",https://admin.greenbook.nafdac.gov.ng/uploadImage/smpc_files/2024/09/23/202409232737907a-44ce-59ab-be7b-31d7d3fd5aa5.pdf,L01EX02,https://greenbook.nafdac.gov.ng/products/details/10301,2026-09-29T10:52:30.242228+00:00
Greenbook NAFDAC,4903,5266,Nexium Powder for Injection**,1,Drugs,"{'id': 1, 'name': 'Drugs', 'created_at': '-000001-11-30T00:00:00.000000Z', 'updated_at': '2022-03-17T16:53:12.000000Z', 'deleted_at': None}",171,Esomeprazole (Esomeprazole Magnesium),, A4-6273,70,Powder for injection,12,Intravenous,40 mg,347,AstraZeneca Nigeria Limited,2023-07-06,2028-07-05,Active,"Powder for solution for injection/infusion.
White to off-white porous cake or powder",1 x 10&#039;s,"Each vial contains esomeprazole 40 mg (as sodium salt).

Excipient with known effect:
This medicinal product contains &amp;lt;1 mmol sodium (23 mg) per 40 mg, i.e. essentially sodium free",https://admin.greenbook.nafdac.gov.ng/uploadImage/smpc_files/2025/11/19/20251119f6a74fed-b417-5568-979d-c9412cc4c816.pdf,A02BC05,https://greenbook.nafdac.gov.ng/products/details/5266,2026-09-29T10:52:30.242228+00:00
Greenbook NAFDAC,4904,4167,Nexium Tablet**,1,Drugs,"{'id': 1, 'name': 'Drugs', 'created_at': '-000001-11-30T00:00:00.000000Z', 'updated_at': '2022-03-17T16:53:12.000000Z', 'deleted_at': None}",171,Esomeprazole (Esomeprazole Magnesium),,04-4922,1,Tablet,1,Oral,40 mg,347,AstraZeneca Nigeria Limited,2021-09-28,2026-09-27,Inactive,Gastro-resistant tablet,,Each gastro-resistant tablet contains 44.5 mg esomeprazole magnesium trihydrate equivalent to 40 mg esomeprazole,https://admin.greenbook.nafdac.gov.ng/uploadImage/smpc_files/2025/11/20/20251120856d8c86-0d27-5cf8-b2d4-995c4d625ecd.pdf,A02BC05,https://greenbook.nafdac.gov.ng/products/details/4167,2026-09-29T10:52:30.242228+00:00
Greenbook NAFDAC,4905,12310,Next Pharm Pentazocine Injection 30mg/ml $,1,Drugs,"{'id': 1, 'name': 'Drugs', 'created_at': '-000001-11-30T00:00:00.000000Z', 'updated_at': '2022-03-17T16:53:12.000000Z', 'deleted_at': None}",2187,Pentazocine,,A4-101685,40,Injection,12,Intravenous,30mg/ml,1181,NEXTPHARMA DRUG COMPANY LTD,2025-11-26,2030-11-25,Active,"NEXT PHARM PENTAZOCINE INJECTION 30mg/ml	PENTAZOCINE BP 30MG/ML	INJECTION	A4-101685	Drugs	Imported Product	1ML*10 AMPOULES	01-10-2024	NEXTPHARMA DRUG COMPANY LTD, 20 FARAYOLA STREET, ALAPERE KETU LAGOS STATE	08063803298	stevenext2019@gmail.com	ALPA  LABORATORIES  LTD., , 33/2, A.B.  BOARD, PIGDAMBER  DIST.  INDORE,  M.P. - 453446  INDIA.
",1 mL x 10&#039;s (in ampoules)  ,"Pentazocine Injection BP 30mg/mL.
Each mL contains: Pentazocine BP 30 mg (as Lactate), Sodium Chloride BP 2.8 mg, Water for Injection BP q.s. ",https://admin.greenbook.nafdac.gov.ng/uploadImage/smpc_files/2026/06/08/2026060805ed23db-0c39-5308-9603-be4ed5f3faae.pdf,N02AD01 ,https://greenbook.nafdac.gov.ng/products/details/12310,2026-09-29T10:52:30.242228+00:00
Greenbook NAFDAC,4906,6226,NGC Cotrimoxazole Suspension**,1,Drugs,"{'id': 1, 'name': 'Drugs', 'created_at': '-000001-11-30T00:00:00.000000Z', 'updated_at': '2022-03-17T16:53:12.000000Z', 'deleted_at': None}",488,Sulfamethoxazole; Trimethoprim,Co-trimoxazole; Cotrimoxazole,04-2659,102,Suspension,1,Oral,200 mg/5 mL; 40 mg/5 mL,1198,Sygen Pharmaceuticals Limited,2023-02-23,2028-02-22,Active,"Oral Suspension.
A pink, banana flavoured suspension",50 mL (in amber PET bottle),"Each 5 mL suspension contains: Sulfamethoxazole 200 mg, Trimethoprim 40 mg",https://admin.greenbook.nafdac.gov.ng/uploadImage/smpc_files/2024/12/24/20241224a749be1d-d03e-59d0-9ff5-b895f43a3bf2.pdf,J01EE01,https://greenbook.nafdac.gov.ng/products/details/6226,2026-09-29T10:52:30.242228+00:00
Greenbook NAFDAC,4907,5267,NGC-Valgin Tablet## (check pack size),1,Drugs,"{'id': 1, 'name': 'Drugs', 'created_at': '-000001-11-30T00:00:00.000000Z', 'updated_at': '2022-03-17T16:53:12.000000Z', 'deleted_at': None}",1529,Paracetamol,Acetaminophen,04-2372,1,Tablet,1,Oral,500 mg,1198,Sygen Pharmaceuticals Limited,2023-07-06,2028-07-05,Active,"Caplet

RNW-PP-301723	NGC- VALGIN TABLET	PARACETAMOL 500MG	PARACETAMOL 500MG	Apr-72	Drugs	NERVOUS SYSTEM	Nigerian Products	10*10,100*10	OTC	12/9/2022	SYGEN PHARMACEUTICALS LIMITED, LAGOS ABEOKUTA EXPRESSWAY, OTA, OGUN STATE. OTA OGUN	7061286967	oluwatoyin.agbesuyi@sygenpharma.com	SYGEN PHARMACEUTICALS LIMITED, KM 38, LAGOS-ABEOKUTA EXPRESSWAY, OTTA, OGUN STATE, Nigeria									","10 x 10&#039;s, 100 x 10&#039;s (in PVC-Alu blisters)","Each tablet contains: Paracetamol 500 mg
Excipients q.s.",https://admin.greenbook.nafdac.gov.ng/uploadImage/smpc_files/2023/09/19/20230919890778f3-7a20-5610-9fdb-4da8eae4ac7a.pdf,N02BE01,https://greenbook.nafdac.gov.ng/products/details/5267,2026-09-29T10:52:30.242228+00:00
Greenbook NAFDAC,4908,8714,Nicbact Cream**,1,Drugs,"{'id': 1, 'name': 'Drugs', 'created_at': '-000001-11-30T00:00:00.000000Z', 'updated_at': '2022-03-17T16:53:12.000000Z', 'deleted_at': None}",1106,Betamethasone; Clotrimazole; Neomycin sulfate,,A4-100996,4,Cream,21,Topical,1%; 1%; 0.5% ,599,Don-J Pharmaceutical Nig. Ltd,2024-08-28,2029-08-27,Active,"Topical Cream.
White-coloured cream",30 g (in Lami tube),"Betamethasone Dipropionate equiv. to Betamethasone USP 1.0% w/w, Clotrimazole USP 1.0% w/w, Neomycin Sulphate USP 0.5% w/w, Chlorocresol USP /NF 0.1% w/w and Cream Base Q.S.",https://admin.greenbook.nafdac.gov.ng/uploadImage/smpc_files/2024/09/17/20240917957f94de-bc8b-5b2c-a38f-973133bbf441.pdf,D07CC01,https://greenbook.nafdac.gov.ng/products/details/8714,2026-09-29T10:52:30.242228+00:00
Greenbook NAFDAC,4909,2875,Nichether Tablets##,1,Drugs,"{'id': 1, 'name': 'Drugs', 'created_at': '-000001-11-30T00:00:00.000000Z', 'updated_at': '2022-03-17T16:53:12.000000Z', 'deleted_at': None}",528,Artemether; Lumefantrine,,C4-1217,1,Tablet,1,Oral,80 mg; 480 mg,484,Niche Pharma Ltd,2020-11-10,2025-11-09,Inactive,Tablet,,"Each tablet contains: Artemether 80 mg, Lumefantrine 480 mg",,P01BF01,https://greenbook.nafdac.gov.ng/products/details/2875,2026-09-29T10:52:30.242228+00:00
Greenbook NAFDAC,4910,11762,Nickgrace 80 mg & Lumefantrine 480 mg Tablets_,1,Drugs,"{'id': 1, 'name': 'Drugs', 'created_at': '-000001-11-30T00:00:00.000000Z', 'updated_at': '2022-03-17T16:53:12.000000Z', 'deleted_at': None}",528,Artemether; Lumefantrine,,A4-101532,1,Tablet,1,Oral,80 mg; 480 mg,1708,NICKGRACE DRUG PHARMACY AND STORES LTD,2025-09-24,2030-09-23,Active,"Tablet.
Yellow-colored circular, biconvex, film-coated tablets embossed with &quot;LUM&quot;, has a break line and &quot;ART&quot; on one side and on other side.",1 x 6&#039;s (in Alu-PVC foil),"Each tablet contains: Artemether 80 mg, and Lumefantrine 480 mg",https://admin.greenbook.nafdac.gov.ng/uploadImage/smpc_files/2025/11/13/2025111353be8eee-1498-5393-88b4-b3dd9b91e0dd.pdf,P01BF01,https://greenbook.nafdac.gov.ng/products/details/11762,2026-09-29T10:52:30.242228+00:00
Greenbook NAFDAC,4911,11763,Nickgrace Artemether 20 mg & Lumefantrine 120 mg Tablets_,1,Drugs,"{'id': 1, 'name': 'Drugs', 'created_at': '-000001-11-30T00:00:00.000000Z', 'updated_at': '2022-03-17T16:53:12.000000Z', 'deleted_at': None}",528,Artemether; Lumefantrine,,A4-101513,1,Tablet,1,Oral,20 mg; 120 mg,1708,NICKGRACE DRUG PHARMACY AND STORES LTD,2025-09-24,2030-09-23,Active,"Tablet.
Yellow-colored, circular, biconvex, film-coated tablets, plain on both sides",1 x 24&#039;s (in PVC-Alu blister),"Each tablet contains: Artemether 20 mg, and Lumefantrine 120 mg",https://admin.greenbook.nafdac.gov.ng/uploadImage/smpc_files/2025/11/13/20251113a54b2a65-8a9e-5fda-b9af-25cf012b1695.pdf,P01BF01,https://greenbook.nafdac.gov.ng/products/details/11763,2026-09-29T10:52:30.242228+00:00
Greenbook NAFDAC,4912,5268,Nicocef Injection##,1,Drugs,"{'id': 1, 'name': 'Drugs', 'created_at': '-000001-11-30T00:00:00.000000Z', 'updated_at': '2022-03-17T16:53:12.000000Z', 'deleted_at': None}",453,Ceftriaxone,,B4-7747,40,Injection,29,Intravenous; Intramuscular,1 g,599,Don-J Pharmaceutical Nig. Ltd,2023-07-27,2028-07-26,Active,"Powder for Solution for Injection/Infusion
White to pale yellow crystalline powder

62	RNW-PP-294281	NICOCEF INJECTION	CEFTRIAXONE IG	Ceftriaxone for Injection 1G + 10ML WFI. Expients: q.s	B4-7747	Drugs	Imported Products	COMBI PACK (I VIAL + 1 AMPOULE WFI)&quot;	Prescription Only Medicine (POM)	11/21/2022	DON-J PHARMACEUTICAL NIG. LTD, MURTALA MOHAMMED WAY KANO. KANO	8184435083	donjpharmiz@gmail.com	NCPC HEBEI HUAMIN PHARM CO.,LTD., NO. 98 HAINAN ROAD, ECONOMIC TECH DEV.ZONE SHIJIAZHUANG, CHINA, China",1 x 1 vial + sterile water for injection (in ampoule),"Each vial contains: Ceftriaxone 1 g
Excipient(s) with known effect: Sodium 83 mg (3.6 mmol) per gram of Ceftriaxone",https://admin.greenbook.nafdac.gov.ng/uploadImage/smpc_files/2024/12/26/20241226172299c6-6d5f-5eb2-8961-70f1d1bb90b6.pdf, J01DD0,https://greenbook.nafdac.gov.ng/products/details/5268,2026-09-29T10:52:30.242228+00:00
Greenbook NAFDAC,4913,12247,Nidof Tablet_,1,Drugs,"{'id': 1, 'name': 'Drugs', 'created_at': '-000001-11-30T00:00:00.000000Z', 'updated_at': '2022-03-17T16:53:12.000000Z', 'deleted_at': None}",557,Ofloxacin; Ornidazole,,A4-8011,1,Tablet,1,Oral,200 mg; 500 mg,306,Tamar &amp; Pharez Nig Ltd,2025-10-29,2030-10-28,Active,"Tablet.
Orange-colored, caplet-shaped, coated tablets having &quot;NDF&quot; embossed on one side and central break line on the other side","10 x 10&#039;s, 2 x 7&#039;s (in Alu-Alu blisters)","Each tablet: Ofloxacin BP 200 mg, Ornidazole IHS 500 mg
Excipients q.s.",https://admin.greenbook.nafdac.gov.ng/uploadImage/smpc_files/2025/12/05/20251205e0934354-a141-528e-a9d3-4bb4f3c2160d.pdf,J01RA09,https://greenbook.nafdac.gov.ng/products/details/12247,2026-09-29T10:52:30.242228+00:00
Greenbook NAFDAC,4914,8503,Nifecure 20 mg Tablet**,1,Drugs,"{'id': 1, 'name': 'Drugs', 'created_at': '-000001-11-30T00:00:00.000000Z', 'updated_at': '2022-03-17T16:53:12.000000Z', 'deleted_at': None}",284,Nifedipine,,A4-8543,1,Tablet,1,Oral,20 mg,742,Unicure Pharmaceuticals Limited,2024-08-28,2029-08-27,Active,"Modified-release, film-coated tablets.
Red tangerine-coloured, round, film-coated tablets",3 x 10&#039;s (in Alu/PVC blisters),Each tablet contains: Nifedipine 20 mg,https://admin.greenbook.nafdac.gov.ng/uploadImage/smpc_files/2024/09/29/202409293d6589d2-85cd-5a65-9d99-dcf6748dc39b.pdf,C08CA05,https://greenbook.nafdac.gov.ng/products/details/8503,2026-09-29T10:52:30.242228+00:00
Greenbook NAFDAC,4915,3243,Nigrel 75 Tablet##,1,Drugs,"{'id': 1, 'name': 'Drugs', 'created_at': '-000001-11-30T00:00:00.000000Z', 'updated_at': '2022-03-17T16:53:12.000000Z', 'deleted_at': None}",296,Clopidogrel (Clopidogrel Bisulfate),,B4-5747,1,Tablet,1,Oral,75 mg,337,Evans Baroque Limited,2021-08-26,2026-08-25,Inactive,"Tablet
Brick red colored round standard biconvex film coated tablet, plain on both sides",3 x 10&#039;s (in Alu-Alu blisters),"Each film coated tablet contains: Clopidogrel Bisulfate equivalent to Clopidogrel 75 mg 
Excipients q.s, 
Color Red Oxide of Iron",https://admin.greenbook.nafdac.gov.ng/uploadImage/smpc_files/2023/05/29/202305298be76957-15c4-5ca3-b073-3e53d8cf9f66.pdf,B01AC04,https://greenbook.nafdac.gov.ng/products/details/3243,2026-09-29T10:52:30.242228+00:00
Greenbook NAFDAC,4916,6227,Nimedex Tablets**,1,Drugs,"{'id': 1, 'name': 'Drugs', 'created_at': '-000001-11-30T00:00:00.000000Z', 'updated_at': '2022-03-17T16:53:12.000000Z', 'deleted_at': None}",47,Acetylsalicylic Acid; Paracetamol; Caffeine,,A4-9880,1,Tablet,1,Oral,250 mg; 325 mg; 30 mg,166,Embassy Pharmaceutical and Chemicals Limited,2023-04-26,2028-04-25,Active,Uncoated tablet,10 x 10&#039;s (in blisters),"Each uncoated tablet contains: Aspirin BP 250 mg, Acetaminophen BP 325 mg, Caffeine (anhydrous) BP 30 mg, Excipients q.s.",https://admin.greenbook.nafdac.gov.ng/uploadImage/smpc_files/2025/01/09/202501092fc8be76-39e7-5fb5-8f25-298a3352527a.pdf,N02BA51,https://greenbook.nafdac.gov.ng/products/details/6227,2026-09-29T10:52:30.242228+00:00
Greenbook NAFDAC,4917,6326,Nino 70% Ethyl Rubbing Alcohol##,1,Drugs,"{'id': 1, 'name': 'Drugs', 'created_at': '-000001-11-30T00:00:00.000000Z', 'updated_at': '2022-03-17T16:53:12.000000Z', 'deleted_at': None}",1716,Ethanol; Wood Naptha (Methylated Spirit),Ethanol; Methanol (Methylated Spirit),A11-0416,101,Liquid,21,Topical,70%; 1%,486,Nino Pharmaceutical Chemical and Company Limited,2023-09-28,2028-09-27,Active,Cutaneous Solution,1 x 200 mL; 1 x 2 L (in PET bottles),"Nino Ethyl Rubbing Spirit contains: Ethanol 70% v/v, Wood Naphtha 1% v/v
Excipients q.s.",https://admin.greenbook.nafdac.gov.ng/uploadImage/smpc_files/2023/10/07/2023100726dc01ce-a146-579f-9397-6e82cdfef2fe.pdf,D08AX08,https://greenbook.nafdac.gov.ng/products/details/6326,2026-09-29T10:52:30.242228+00:00
Greenbook NAFDAC,4918,6324,Nino Alcoholic Iodine## (strength format),1,Drugs,"{'id': 1, 'name': 'Drugs', 'created_at': '-000001-11-30T00:00:00.000000Z', 'updated_at': '2022-03-17T16:53:12.000000Z', 'deleted_at': None}",641,Iodine; Potassium iodide,Lugol&#039;s solution,04-1206,105,Solution,21,Topical,2.50g; 1.250g,486,Nino Pharmaceutical Chemical and Company Limited,2023-09-28,2028-09-27,Active,"Solution

15	RNW-PP-346802	NINO ALCOHOLIC IODINE	IODINE, POTASSIUM IODIDE	IODINE POTASSIUM IODIDE	04-1206	Drugs	Nigerian Products	15ml	OTC	8/2/2023	NINO PHARMACEUTICAL CHEMICAL AND COMPANY LIMITED, NINO CRESCENT,ERA VILLAGE,OJO LOCAL SURULERE LAGOS	8033479471	ninopharmaceuticals@yahoo.com	NINO PHARMACEUTICAL &amp; CHEMICAL CO. LTD., 1,NINO CRESCENT ERA TOWN OFF BADAGRY EXPRESSWAY, OJO LGA, LAGOS, Nigeria",1 x 15 mL,"Nino Alcoholic Iodine contains: Iodine 2.50 g, Potassium Iodide 1.250 g",https://admin.greenbook.nafdac.gov.ng/uploadImage/smpc_files/2023/10/07/20231007cd32168b-cb6e-530d-ac77-f3bee14512c0.pdf,D08AG,https://greenbook.nafdac.gov.ng/products/details/6324,2026-09-29T10:52:30.242228+00:00
Greenbook NAFDAC,4919,6385,Nino Calamine Lotion##,1,Drugs,"{'id': 1, 'name': 'Drugs', 'created_at': '-000001-11-30T00:00:00.000000Z', 'updated_at': '2022-03-17T16:53:12.000000Z', 'deleted_at': None}",884,Calamine; Zinc oxide,,04-5568,110,Lotion,21,Topical,15%; 5%,486,Nino Pharmaceutical Chemical and Company Limited,2023-10-31,2028-10-30,Active,"Lotion

10	RNW-PP-346777	NINO CALAMINE LOTION	NINO CALAMINE LOTION	CALAMINE POWDER ZINC OXIDE	Apr-68	Drugs	Nigerian Products	2L*6packs,100ml*10packs	OTC	8/2/2023	NINO PHARMACEUTICAL CHEMICAL AND COMPANY LIMITED, 1 Nino Crescent, Era town, Ojo LGA, Lagos	8033479471	ninopharmaceuticals@yahoo.com	NINO PHARMACEUTICALS, 1, NINO CRESCENT ERA IJANIKIN, Nigeria					","10 x 100 mL (in amber PET bottles), 6 x 2 L (in amber HDP bottles)","Nino Calamine Lotion contains: Calamine 15%, Zinc Oxide 5%
Excipients q.s.",https://admin.greenbook.nafdac.gov.ng/uploadImage/smpc_files/2023/11/07/202311079b2d11c1-32b9-5fc5-bf8f-71ad1224f376.pdf,D02AB,https://greenbook.nafdac.gov.ng/products/details/6385,2026-09-29T10:52:30.242228+00:00
Greenbook NAFDAC,4920,6340,"Nino Eusol Solution A & B## (strength format, check pack size)",1,Drugs,"{'id': 1, 'name': 'Drugs', 'created_at': '-000001-11-30T00:00:00.000000Z', 'updated_at': '2022-03-17T16:53:12.000000Z', 'deleted_at': None}",905,Chlorinated lime; Boric acid,EUSOL,04-7631,105,Solution,21,Topical,1.25g; 1.25g,486,Nino Pharmaceutical Chemical and Company Limited,2023-09-28,2028-09-27,Active,"Solution
Eusol solution is presented and packaged in 200 mL amber round PET bottles for chlorinated lime solution while the boric acid solution is packaged in 200 mL flint round PET Bottles sealed with plastic caps

14	RNW-PP-346791	NINO EUSOL SOLUTION A &amp; B	EUSOL	BORIC ACID CHLORINATED LIME	Apr-31	Drugs	Nigerian Products	2*1L	OTC	8/2/2023	NINO PHARMACEUTICAL CHEMICAL AND COMPANY LIMITED, NINO CRESCENT,ERA VILLAGE,OJO LOCAL SURULERE LAGOS	8033479471	ninopharmaceuticals@yahoo.com	NINO PHARMACEUTICAL &amp; CHEMICAL CO. LTD., 1,NINO CRESCENT ERA TOWN OFF BADAGRY EXPRESSWAY, OJO LGA, LAGOS, Nigeria						",2 x 1 L,"Nino Eusol Solution contains: Chlorinated Lime BP 1.25 g, Boric Acid BP 1.25 g, Purified Water BP q.s. 200 mL",https://admin.greenbook.nafdac.gov.ng/uploadImage/smpc_files/2023/10/07/20231007b39c9b37-d139-5431-98ea-319ce4220b52.pdf,D08AD,https://greenbook.nafdac.gov.ng/products/details/6340,2026-09-29T10:52:30.242228+00:00
Greenbook NAFDAC,4921,6341,Nino Gentian Violet Paint## (strength format),1,Drugs,"{'id': 1, 'name': 'Drugs', 'created_at': '-000001-11-30T00:00:00.000000Z', 'updated_at': '2022-03-17T16:53:12.000000Z', 'deleted_at': None}",1715,Crystal Violet,,04-0205,105,Solution,21,Topical,5.0g,486,Nino Pharmaceutical Chemical and Company Limited,2023-09-28,2028-09-27,Active,"Topical Liquid

16	RNW-PP-346938	NINO GENTIAN VIOLET PAINT	CRYSTAL VIOLET	CRYSTAL VIOLET	04-0205	Drugs	Nigerian Products	60ml	OTC	8/2/2023	NINO PHARMACEUTICAL CHEMICAL AND COMPANY LIMITED, NINO CRESCENT,ERA VILLAGE,OJO LOCAL SURULERE LAGOS	8033479471	ninopharmaceuticals@yahoo.com	NINO PHARMACEUTICAL &amp; CHEMICAL CO. LTD., 1,NINO CRESCENT ERA TOWN OFF BADAGRY EXPRESSWAY, OJO LGA, LAGOS, Nigeria													",1 x 60 mL (in amber PET bottle),Each mL contains: Crystal Violet BP 0.5 g,https://admin.greenbook.nafdac.gov.ng/uploadImage/smpc_files/2023/10/07/20231007098a4df1-e2a9-52a1-a7d1-d1aa4b23923f.pdf,D08AX06,https://greenbook.nafdac.gov.ng/products/details/6341,2026-09-29T10:52:30.242228+00:00
Greenbook NAFDAC,4922,6325,Nino Methylsalicylate Ointment## (check pack size),1,Drugs,"{'id': 1, 'name': 'Drugs', 'created_at': '-000001-11-30T00:00:00.000000Z', 'updated_at': '2022-03-17T16:53:12.000000Z', 'deleted_at': None}",114,Methyl Salicylate,,04-4747,58,Ointment,21,Topical,45%,486,Nino Pharmaceutical Chemical and Company Limited,2023-09-28,2028-09-27,Active,"Ointment

21	RNW-PP-346931	NINO METHYLSALICYLATE OINTMENT	METHYLSALICYLATE	METHYLSALICYLATE 45%	Apr-47	Drugs	Nigerian Products	400g, 800g	OTC	8/2/2023	NINO PHARMACEUTICAL CHEMICAL AND COMPANY LIMITED, NINO CRESCENT,ERA VILLAGE,OJO LOCAL SURULERE LAGOS	8033479471	ninopharmaceuticals@yahoo.com	NINO PHARMACEUTICAL &amp; CHEMICAL CO. LTD., 1,NINO CRESCENT ERA TOWN OFF BADAGRY EXPRESSWAY, OJO LGA, LAGOS, Nigeria","400 g, 800 g","Nino Methyl Salicylate Ointment: Methyl Salicylate 45%, Ointment Base 55%
Excipients q.s.",https://admin.greenbook.nafdac.gov.ng/uploadImage/smpc_files/2023/10/07/20231007d41faf2d-011b-5814-b6ad-351e92c6c4d7.pdf,D02AF,https://greenbook.nafdac.gov.ng/products/details/6325,2026-09-29T10:52:30.242228+00:00
Greenbook NAFDAC,4923,6327,Nino Whitefield Ointment## (check pack size),1,Drugs,"{'id': 1, 'name': 'Drugs', 'created_at': '-000001-11-30T00:00:00.000000Z', 'updated_at': '2022-03-17T16:53:12.000000Z', 'deleted_at': None}",842,Benzoic acid; Salicylic acid,,04-4598,58,Ointment,21,Topical,6%; 3%,486,Nino Pharmaceutical Chemical and Company Limited,2023-09-28,2028-09-27,Active,"Ointment

35	RNW-PP-346809	NINO WHITEFIELD OINTMENT	NINO WHITFIELD OINTMENT	SALICYLIC ACID BENZOIC ACID	Apr-98	Drugs	Nigerian Products	800gm*24,400gm*30	OTC	8/2/2023	NINO PHARMACEUTICAL CHEMICAL AND COMPANY LIMITED, NINO CRESCENT,ERA VILLAGE,OJO LOCAL SURULERE LAGOS	8033479471	ninopharmaceuticals@yahoo.com	NINO PHARMACEUTICALS &amp; CHEMICAL CO. LTD, IJANIKIN OTO AWORI LCDA, BY FEDERAL GOVT. COLLEGE IJANINKIN, Nigeria								","24 x 800 g, 30 x 400 g","Nino Whitefield Ointment contains: Benzoic Acid 6%, Salicylic Acid 3%
Excipients: White Soft Paraffin, Liquid Paraffin",https://admin.greenbook.nafdac.gov.ng/uploadImage/smpc_files/2023/10/07/2023100764792ca7-cb16-5a08-9ba3-a9d03eed8975.pdf,M02AC,https://greenbook.nafdac.gov.ng/products/details/6327,2026-09-29T10:52:30.242228+00:00
Greenbook NAFDAC,4924,6588,Nise Plus Syrup##,1,Drugs,"{'id': 1, 'name': 'Drugs', 'created_at': '-000001-11-30T00:00:00.000000Z', 'updated_at': '2022-03-17T16:53:12.000000Z', 'deleted_at': None}",1021,Paracetamol; Chlorphenamine Maleate; Ascorbic Acid,,A4-2301,103,Syrup,1,Oral,120 mg/5 mL; 2 mg/5 mL; 25 mg/5 mL,201,Jawa International Limited,2023-11-30,2028-11-29,Active,"Syrup
A light orange colored syrup with a pleasant smell and menthol odor, packed in a 100 mL amber bottle with 28 mm printed pp caps

NISE PLUS SYRUP	PARACETAMOL, CHLORPHENIRAMINE MALEATE, ASCORBIC ACID	Chlorpheniramine 2mg, Paracetamol 120mg, Ascorbic acid 25mg, Sugar, Disodium EDTA, Methy Paraben, Propyl Paraben, Citric acid, Glycerine	A4-2301	Drugs	RESPIRATORY SYSTEM	Nigerian Products	100ML	OTC	21/07/2023	JAWA INTERNATIONAL LIMITED, Plot 6, Abimbola Way, Isolo Industrial Estate	8036887062	spjawasil@gmail.com	JAWA INTERNATIONAL LIMITED, JAWA HOUSE, PLOT 6 ABIMBOLA WAY,ISOLO INDUSTRIAL ESTATE,ISOLO,LAGOS., JAWA INTERNATIONAL LIMITED, JAWA HOUSE, PLOT 6 ABIMBOLA WAY,ISOLO INDUSTRIAL ESTATE,ISOLO,LAGOS., Nigeria				",1 x 100 mL ( in amber bottle),"Each 5 mL contains: Paracetamol 120 mg, Chlorpheniramine 2 mg, Ascorbic acid 25 mg
Excipients q.s.",https://admin.greenbook.nafdac.gov.ng/uploadImage/smpc_files/2023/12/17/2023121726197a6e-c012-5a79-b220-3002b07edb97.pdf,N02BE51,https://greenbook.nafdac.gov.ng/products/details/6588,2026-09-29T10:52:30.242228+00:00
Greenbook NAFDAC,4925,3430,Nisetotec Tablet##,1,Drugs,"{'id': 1, 'name': 'Drugs', 'created_at': '-000001-11-30T00:00:00.000000Z', 'updated_at': '2022-03-17T16:53:12.000000Z', 'deleted_at': None}",175,Misoprostol,,A4-8429,1,Tablet,1,Oral,200 mcg,487,Nisenton Pharmaceuticals Limited,2020-11-30,2025-11-29,Inactive,Tablet,,Each tablet contains: Misoprostol 200 mcg,,A02BB01,https://greenbook.nafdac.gov.ng/products/details/3430,2026-09-29T10:52:30.242228+00:00
Greenbook NAFDAC,4926,3799,Nisfloxin Tablet 500 mg##,1,Drugs,"{'id': 1, 'name': 'Drugs', 'created_at': '-000001-11-30T00:00:00.000000Z', 'updated_at': '2022-03-17T16:53:12.000000Z', 'deleted_at': None}",464,Levofloxacin (Levofloxacin Hemihydrate),,B4-2214,1,Tablet,1,Oral,500 mg,487,Nisenton Pharmaceuticals Limited,2020-11-30,2025-11-29,Inactive,Tablet,,Each tablet contains: Levofloxacin Hemihydrate equivalent to Levofloxacin 500 mg,,J01MA12,https://greenbook.nafdac.gov.ng/products/details/3799,2026-09-29T10:52:30.242228+00:00
Greenbook NAFDAC,4927,3282,Niteforce 100 Tablets##,1,Drugs,"{'id': 1, 'name': 'Drugs', 'created_at': '-000001-11-30T00:00:00.000000Z', 'updated_at': '2022-03-17T16:53:12.000000Z', 'deleted_at': None}",703,Sildenafil (Sildenafil Citrate),,C4-1277,1,Tablet,1,Oral,100 mg,712,Synermed Nig Ltd,2020-11-30,2025-11-29,Inactive,Tablet,,Each tablet contains: Sildenafil Citrate equivalent to Sildenafil 100 mg,,G04BE03,https://greenbook.nafdac.gov.ng/products/details/3282,2026-09-29T10:52:30.242228+00:00
Greenbook NAFDAC,4928,3284,Niteforce 50 Tablets##,1,Drugs,"{'id': 1, 'name': 'Drugs', 'created_at': '-000001-11-30T00:00:00.000000Z', 'updated_at': '2022-03-17T16:53:12.000000Z', 'deleted_at': None}",703,Sildenafil (Sildenafil Citrate),,C4-1276,1,Tablet,1,Oral,50 mg,712,Synermed Nig Ltd,2020-11-30,2025-11-29,Inactive,Tablet,,Each tablet contains: Sildenafil Citrate equivalent to Sildenafil 50 mg,,G04BE03,https://greenbook.nafdac.gov.ng/products/details/3284,2026-09-29T10:52:30.242228+00:00
Greenbook NAFDAC,4929,8223,Nither Injection**,1,Drugs,"{'id': 1, 'name': 'Drugs', 'created_at': '-000001-11-30T00:00:00.000000Z', 'updated_at': '2022-03-17T16:53:12.000000Z', 'deleted_at': None}",551,α-β Arteether,Alpha Beta Arteether; Alfa Beta Arteether,C4-1633,107,Solution for injection,9,Intramuscular,150 mg/2 mL,822,Hephzibah Pharmacy Nigeria Limited,2021-03-29,2026-03-28,Inactive,Oily solution for injection in 2-mL ampoule,2 mL x 3&#039;s (in amber glass ampoules),Alpha-beta Arteether 75 mg/mL,,P01BE,https://greenbook.nafdac.gov.ng/products/details/8223,2026-09-29T10:52:30.242228+00:00
Greenbook NAFDAC,4930,767,Nitkick 10 Tablets##,1,Drugs,"{'id': 1, 'name': 'Drugs', 'created_at': '-000001-11-30T00:00:00.000000Z', 'updated_at': '2022-03-17T16:53:12.000000Z', 'deleted_at': None}",705,Tadalafil,,B4-5199,1,Tablet,1,Oral,10 mg,475,Neat-Line Pharmacy Ltd,2020-11-10,2025-11-09,Inactive,Tablet,,Each tablet contains: Tadalafil 10 mg,,G04BE08,https://greenbook.nafdac.gov.ng/products/details/767,2026-09-29T10:52:30.242228+00:00
Greenbook NAFDAC,4931,768,Nitkick 20 Tablets##,1,Drugs,"{'id': 1, 'name': 'Drugs', 'created_at': '-000001-11-30T00:00:00.000000Z', 'updated_at': '2022-03-17T16:53:12.000000Z', 'deleted_at': None}",705,Tadalafil,,B4-5200,1,Tablet,1,Oral,20 mg,475,Neat-Line Pharmacy Ltd,2020-11-10,2025-11-09,Inactive,Tablet,,Each tablet contains: Tadalafil 20 mg,,G04BE08,https://greenbook.nafdac.gov.ng/products/details/768,2026-09-29T10:52:30.242228+00:00
Greenbook NAFDAC,4932,8501,Nitozol Cream**,1,Drugs,"{'id': 1, 'name': 'Drugs', 'created_at': '-000001-11-30T00:00:00.000000Z', 'updated_at': '2022-03-17T16:53:12.000000Z', 'deleted_at': None}",522,Ketoconazole,,A4-101007,4,Cream,21,Topical,2%,786,Berlin Pharma &amp; Healthcare Ltd,2024-08-28,2029-08-27,Active,"Cream.
A white to off-white gelatinous homogenous mass",15 g (in lami tube),"Ketoconazole Cream BP 2 % w/w, Cream Base q.s",https://admin.greenbook.nafdac.gov.ng/uploadImage/smpc_files/2024/09/29/202409298edfae17-38d8-54de-a0ca-6b75fea503f6.pdf,D01AC08,https://greenbook.nafdac.gov.ng/products/details/8501,2026-09-29T10:52:30.242228+00:00
Greenbook NAFDAC,4933,371,Nitrazepam##,1,Drugs,"{'id': 1, 'name': 'Drugs', 'created_at': '-000001-11-30T00:00:00.000000Z', 'updated_at': '2022-03-17T16:53:12.000000Z', 'deleted_at': None}",7,Nitrazepam,,04-0060,1,Tablet,1,Oral,5 mg,326,Vitabiotics Nigeria Limited,2021-08-03,2026-08-02,Inactive,Tablet,,Each tablet contains: Nitrazepam 5 mg,,N05CD02,https://greenbook.nafdac.gov.ng/products/details/371,2026-09-29T10:52:30.242228+00:00
Greenbook NAFDAC,4934,5269,Nitress Tablets##,1,Drugs,"{'id': 1, 'name': 'Drugs', 'created_at': '-000001-11-30T00:00:00.000000Z', 'updated_at': '2022-03-17T16:53:12.000000Z', 'deleted_at': None}",8,Zopiclone,,B4-6316,1,Tablet,1,Oral,7.5 mg,308,Teta Pharmaceuticals Nig Ltd,2023-02-23,2028-02-22,Active,"Tablet

NITRESS TABLETS	B4-6316	NITRESS TABLETS	ZOPICLONE 7.5MG LACTOSE 24.130MG MICROCRYSTALLINE CELLULOSE 81.521 CROSCARMELLOSE SODIUM 0.3MG MAGNESIUM STEARATE 1.0MG COLLOIDAL ANHYDROUS SILICA 1.0MG PURIFIED TALC 0.5MG HYDROXY PROPYL MTHYLCELLULOSE 15 CPS 2.1MG TITANIUM DIOXIDE 2.0MG ISOPROPYL ALCOHOL 0.02ML METHYLENE CHLORIDE 0.04ML PROPYLENE GLYCOL0.0006ML					Prescription Only Medicine (POM)		TETA PHARMACEUTICALS NIG LTD, PLOT A28, MOKOLA EXTENSION, IBADAN		LESANTO LABORATORIES, Plot 9,10,11,&amp;20 survey no 53 palghar east 401404. India, India		2/23/2023	2/22/2028",1 x 10&#039;s (in AIu-AIu blister),"Each tablet contains: Zopiclone 7.5 mg
Excipients: Lactose Monohydrate
Excipients q.s.",https://admin.greenbook.nafdac.gov.ng/uploadImage/smpc_files/2024/10/20/202410205d85fad7-ec2e-59ce-ad91-546ad7c48fc8.pdf,N05CF01,https://greenbook.nafdac.gov.ng/products/details/5269,2026-09-29T10:52:30.242228+00:00
Greenbook NAFDAC,4935,5765,"Nitrocontin 2.6## (strength format, wrong smpc)",1,Drugs,"{'id': 1, 'name': 'Drugs', 'created_at': '-000001-11-30T00:00:00.000000Z', 'updated_at': '2022-03-17T16:53:12.000000Z', 'deleted_at': None}",1686,Diluted Nitroglycerin,,A4-7838,1,Tablet,1,Oral,"2,6mg",271,Phillips Pharmaceuticals (Nigeria) Limited,2023-04-26,2028-04-25,Active,"Controlled Release Tablets

NITROCONTIN 2.6	DILUTED NITROGLYCERIN	DILUTED NITROGLYCERIN 2.6,HYDROXYETHYL CELLULOSE,CETOSTEARLY ALCOHOL,,MAGNESUIM STEARTE	A4-7838	Drugs	Imported Products	1*25	Prescription Only Medicine (POM)	24/10/2022	PHILLIPS PHARMACEUTICALS (NIGERIA) LTD, APAPA-OSHODI EXPRESSWAY, IYANA-ISOLO LAGOS LAGOS	8035493198	samson.omattah@phillipsnigeria.com	MODI MUNDI PHARMA PVT LTD, MODIPURAM 250110 UP INDIA MEERUT MUZAFAAR NAGAR RD , India					",1 x 25&#039;s (in polypropylene bottle),"Each tablet contains: Diluted Nitroglycerin 2.6 mg
Excipient(s) with known effect: Lactose Monohydrate
Excipients q.s.",https://admin.greenbook.nafdac.gov.ng/uploadImage/smpc_files/2023/09/24/202309242e22a6bc-69bb-592e-85b7-7c676ff06889.pdf,C01DA02,https://greenbook.nafdac.gov.ng/products/details/5765,2026-09-29T10:52:30.242228+00:00
Greenbook NAFDAC,4936,5854,Nitrocontin 6.4## (strength format),1,Drugs,"{'id': 1, 'name': 'Drugs', 'created_at': '-000001-11-30T00:00:00.000000Z', 'updated_at': '2022-03-17T16:53:12.000000Z', 'deleted_at': None}",291,Glyceryl trinitrate,Nitroglycerin,A4-7839,1,Tablet,1,Oral,6.4mg,271,Phillips Pharmaceuticals (Nigeria) Limited,2023-08-31,2028-08-30,Active,"Controlled Released Tablets

NITROCONTIN 6.4	NITROGLYCERIN	Nitroglycerin Diluted (10%).1. Lactose 2. Hydroxyethyl Cellulose 3. Cetostearyl alcohol 4. Carbomer Homopolymer 5. Purified Talc 6. Magnesium Stearate 7. Erythrosine Lake 8. Purified Water	A4-7839	Drugs	Imported Products	1*25	POM 1	24/10/2022	PHILLIPS PHARMACEUTICALS (NIGERIA) LIMITED, PLOT 122-123 AFRIPRINT ESTATE, ISOLO	8035493198	samson.omattah@phillipsnigeria.com	MODI MUNDI PHARMA PVT LTD, MODIPURAM 250110 UP INDIA MEERUT MUZAFAAR NAGAR RD , India								",1 x 25&#039;s (in polypropylene bottle),"Each tablet contains: Nitroglycerin Diluted (10%) 6.4 mg
Excipient(s) with known effect: Lactose Monohydrate
Excipients q.s.",https://admin.greenbook.nafdac.gov.ng/uploadImage/smpc_files/2023/09/04/20230904f962509e-7528-5dcc-84b2-f2cb357f47a3.pdf,C01DA02,https://greenbook.nafdac.gov.ng/products/details/5854,2026-09-29T10:52:30.242228+00:00
Greenbook NAFDAC,4937,3637,Nitrofurantion Tablets##,1,Drugs,"{'id': 1, 'name': 'Drugs', 'created_at': '-000001-11-30T00:00:00.000000Z', 'updated_at': '2022-03-17T16:53:12.000000Z', 'deleted_at': None}",486,Nitrofurantoin,,B4-2121,1,Tablet,1,Oral,100 mg,424,Mankind Life-Sciences Limited,2021-08-26,2026-08-25,Inactive,Tablet,3 x 10&#039;s (in PVC-PVdC blisters),"Each uncoated tablet contains: Nitrofurantoin BP 100 mg
Excipients q.s.",https://admin.greenbook.nafdac.gov.ng/uploadImage/smpc_files/2023/05/29/20230529a9ba5587-01be-5967-9a44-ccef3d7ba19d.pdf,J01XE01,https://greenbook.nafdac.gov.ng/products/details/3637,2026-09-29T10:52:30.242228+00:00
Greenbook NAFDAC,4938,10302,Nitrovard Tablet##,1,Drugs,"{'id': 1, 'name': 'Drugs', 'created_at': '-000001-11-30T00:00:00.000000Z', 'updated_at': '2022-03-17T16:53:12.000000Z', 'deleted_at': None}",486,Nitrofurantoin,,04-5474,1,Tablet,1,Oral,100 mg,1177,De - Godstime Industry Nig Ltd,2021-03-29,2026-03-28,Inactive,"Uncoated Tablet
Yellow-colored, circular, uncoated tablets with “Nitrovard 100” embossed on one side and break line on other side of each tablet. The score line is only to facilitate breaking for ease of swallowing and not to divide into equal doses",1 x 1000&#039;s (in PET bottle),"Each uncoated tablet contains: Nitrofurantoin BP 100 mg
Excipients with known effects (per tablet):  Lactose 160 mg, Croscarmellose Sodium 5 mg, Magnesium Stearate 2 mg
Excipients q.s.",https://admin.greenbook.nafdac.gov.ng/uploadImage/smpc_files/2024/08/14/20240814545ff6f3-709e-52d8-b53b-dfe3d3989f2d.pdf,J01XE01,https://greenbook.nafdac.gov.ng/products/details/10302,2026-09-29T10:52:30.242228+00:00
Greenbook NAFDAC,4939,769,Nixin Eye Drops##,1,Drugs,"{'id': 1, 'name': 'Drugs', 'created_at': '-000001-11-30T00:00:00.000000Z', 'updated_at': '2022-03-17T16:53:12.000000Z', 'deleted_at': None}",1542,Moxifloxacin (Moxifloxacin Hydrochloride),,B4-9884,104,Solution/Drops,15,Ophthalmic,0.5%,822,Hephzibah Pharmacy Nigeria Limited,2020-11-10,2025-11-09,Inactive,Ophthalmic Solution,,Moxifloxacin Hydrochloride equivalent to Moxifloxacin 0.5%,,S01AE07,https://greenbook.nafdac.gov.ng/products/details/769,2026-09-29T10:52:30.242228+00:00
Greenbook NAFDAC,4940,3854,Nixin Tablet##,1,Drugs,"{'id': 1, 'name': 'Drugs', 'created_at': '-000001-11-30T00:00:00.000000Z', 'updated_at': '2022-03-17T16:53:12.000000Z', 'deleted_at': None}",1542,Moxifloxacin (Moxifloxacin Hydrochloride),,B4-9885,1,Tablet,1,Oral,400 mg,822,Hephzibah Pharmacy Nigeria Limited,2020-11-30,2025-11-29,Inactive,Tablet,,"Each tablet contains: Moxifloxacin Hydrochloride equivalent to Moxifloxacin 400 mg
",,J01MA14,https://greenbook.nafdac.gov.ng/products/details/3854,2026-09-29T10:52:30.242228+00:00
Greenbook NAFDAC,4941,7715,NIZACARD 1000 (Ranolazine Extended-Release Tablets 1000 mg)##,1,Drugs,"{'id': 1, 'name': 'Drugs', 'created_at': '-000001-11-30T00:00:00.000000Z', 'updated_at': '2022-03-17T16:53:12.000000Z', 'deleted_at': None}",294,Ranolazine,,A4-100805,1,Tablet,1,Oral,1000 mg,1063,Hetero Labs Nigeria Limited,2024-03-27,2029-03-26,Active,"Tablet
Blue colored, oblong shaped film coated tablets debossed with &#039;R19&#039; on one side and &#039;H&#039; on the other side

101	NF-PP-338769	NIZACARD 1000 (Ranolazine Extended-Release Tablets 1000mg)	RANOLAZINE EXTENDED RELEASE TABLETS 1000MG	Methacrylic Acid copolymer USP/NF (Eudragit L10055), Microcrystalline cellulose USP/ NF(Avicel PH 200), Hypromellose USP 2910 5CPS, (Methocel E5LV Premium),Sodium Hydrochloride, USP/NF, Purified water, HIS/USP/Ph.Eur@, Magnesium stearate, USP/NF (Ligamed MF-2-V- VEG), Opadry II Blue 85F505115, IH, Each Extended-release tablet contains 1000 mg of Ranolazine	A4-100805	Drugs	Imported Products	3*10	Prescription Only Medicine (POM)	11/25/2023	HETERO LABS NIGERIA LIMITED, OGUNAIKE WAY, GRA IKEJA LAGOS	M/S. HETERO LABS LIMITED, UNIT III, 22-110, I.D.A, JEEDIMETLA, HYDERABAD, TELANGANA STATE, INDIA., India",3 x 10&#039;s (in PVC-PVdC blisters),"Each extended-release tablet contains: Ranolazine 1000 mg
Excipients q.s.",https://admin.greenbook.nafdac.gov.ng/uploadImage/smpc_files/2024/12/04/20241204d1bc4587-2076-5a35-adb4-b103cf50799d.pdf,C01EB18,https://greenbook.nafdac.gov.ng/products/details/7715,2026-09-29T10:52:30.242228+00:00
Greenbook NAFDAC,4942,7662,Nizacard 500 (Ranolazine Extended-Release Tablets 500 mg) Ranolazine Extended Release Tablets 500 mg,1,Drugs,"{'id': 1, 'name': 'Drugs', 'created_at': '-000001-11-30T00:00:00.000000Z', 'updated_at': '2022-03-17T16:53:12.000000Z', 'deleted_at': None}",294,Ranolazine,,A4-100804,1,Tablet,1,Oral,500 mg,1063,Hetero Labs Nigeria Limited,2024-03-27,2029-03-26,Active,"Tablet
Blue colored, oblong shaped film coated tablets debossed with &#039;R18&#039; on one side and &#039;H&#039; on the  other side

100	NF-PP-338688	NIZACARD 500 (Ranolazine Extended-Release Tablets 500 mg)	RANOLAZINE EXTENDED RELEASE TABLETS 500MG	Methacrylic Acid copolymer USP/NF (Eudragit L10055), Microcrystalline cellulose USP/ NF(Avicel PH 200), Hypromellose USP 2910 5CPS, (Methocel E5LV Premium),Sodium Hydrochloride, USP/NF, Purified water, HIS/USP/Ph.Eur@, Magnesium stearate, USP/NF (Ligamed MF-2-V- VEG), Opadry II Blue 85F505115, IH.	A4-100804	Drugs	Imported Products	3*10	Prescription Only Medicine (POM)	11/22/2023	HETERO LABS NIGERIA LIMITED, OGUNAIKE WAY, GRA IKEJA LAGOS	M/S. HETERO LABS LIMITED, UNIT III, 22-110, I.D.A, JEEDIMETLA, HYDERABAD, TELANGANA STATE, INDIA., India",3 x 10&#039;s (in PVC/PVDC blister),"Each extended-release tablet contains: Ranolazine 500 mg
Excipients: Methacrylic Acid Copolymer USP/NF (Eudragit L10055), Microcrystalline Cellulose USP/ NF(AvicelPH 200), Hypromellose USP 2910 5CPS, (Methocel E5LV Premium), Sodium Hydrochloride, USP/NF, Purified Water, HIS/USP/Ph EUR @, Magnesium Stearate, USP/NF (Ligamed MF-2-V- VEG), Opadry II Blue 85F505115, IH",https://admin.greenbook.nafdac.gov.ng/uploadImage/smpc_files/2024/12/04/202412049a5e9884-709c-531c-86df-db25f82e6883.pdf,C01EB18,https://greenbook.nafdac.gov.ng/products/details/7662,2026-09-29T10:52:30.242228+00:00
Greenbook NAFDAC,4943,8499,Nizoral 2% Shampoo**,1,Drugs,"{'id': 1, 'name': 'Drugs', 'created_at': '-000001-11-30T00:00:00.000000Z', 'updated_at': '2022-03-17T16:53:12.000000Z', 'deleted_at': None}",522,Ketoconazole,,04-1734,80,Shampoo,21,Topical,2%,669,World Wide Commercial Ventures Ltd,2024-09-25,2029-09-24,Active,Pink viscous shampoo,1 x 60 mL,"Each gram contains: Ketoconazole 20 mg (2% w/w)

Excipient(s) with known effect:
Sodium lauryl ether sulfate 24% w/w",https://admin.greenbook.nafdac.gov.ng/uploadImage/smpc_files/2024/11/11/20241111133f8be6-9c8f-58cf-9e94-98fbf0a39449.pdf,,https://greenbook.nafdac.gov.ng/products/details/8499,2026-09-29T10:52:30.242228+00:00
Greenbook NAFDAC,4944,8498,Nizoral Cream**,1,Drugs,"{'id': 1, 'name': 'Drugs', 'created_at': '-000001-11-30T00:00:00.000000Z', 'updated_at': '2022-03-17T16:53:12.000000Z', 'deleted_at': None}",522,Ketoconazole,,04-1733,4,Cream,21,Topical,2%,669,World Wide Commercial Ventures Ltd,2024-09-25,2029-09-24,Active,Topical Cream,1 x 15 g (in Aluminum tube),Each gram cream contains: Ketoconazole 20 mg,https://admin.greenbook.nafdac.gov.ng/uploadImage/smpc_files/2024/11/11/202411117ed6b67a-f14c-5be7-a7f8-a05ffd04f901.pdf,,https://greenbook.nafdac.gov.ng/products/details/8498,2026-09-29T10:52:30.242228+00:00
Greenbook NAFDAC,4945,3418,Nkoyo Fluconazole 150 mg Tablet##,1,Drugs,"{'id': 1, 'name': 'Drugs', 'created_at': '-000001-11-30T00:00:00.000000Z', 'updated_at': '2022-03-17T16:53:12.000000Z', 'deleted_at': None}",513,Fluconazole,,A4-100088,1,Tablet,1,Oral,150 mg,489,Nkoyo Chemists Ltd,2021-08-26,2026-08-25,Inactive,"Tablet
White caplet shape, compressed tablets, debossed break line on one side &amp; &quot;MAXHEAL&quot; on other side
",1 x 10&#039;s (in Alu-Alu blister),"Each tablet contains: Fluconazole 150 mg
Excipients q.s.",https://admin.greenbook.nafdac.gov.ng/uploadImage/smpc_files/2023/05/29/20230529ce998234-e3b9-564e-8ca8-edad0568fb45.pdf,J02AC01,https://greenbook.nafdac.gov.ng/products/details/3418,2026-09-29T10:52:30.242228+00:00
Greenbook NAFDAC,4946,10817,Nkoyo Gentamicin Ear/Eye Drop##,1,Drugs,"{'id': 1, 'name': 'Drugs', 'created_at': '-000001-11-30T00:00:00.000000Z', 'updated_at': '2022-03-17T16:53:12.000000Z', 'deleted_at': None}",755,Gentamicin (Gentamicin Sulfate),,04-5510,16,Ear/eye drops,28,Ophthalmic/Otic,0.3%,489,Nkoyo Chemists Ltd,2024-06-27,2029-06-26,Active,"Eye/Ear Drops
Sterile, isotonic solution in dropper bottles. Clear colorless solution",1 x 5 mL (in plastic dropper bottle),"Nkoyo Gentamicin Ear/Eye Drop contains: Gentamicin Sulphate BP equivalent to Gentamicin Base 0.3% w/v, Benzalkonium Chloride Solution BP 0.01% v/v (as preservative), Sterile Isotonic Aqueous Base q.s.
Excipients q.s.",https://admin.greenbook.nafdac.gov.ng/uploadImage/smpc_files/2024/07/20/20240720fe1f2fe0-21dc-5686-a379-c506abdb2553.pdf,S03AA06,https://greenbook.nafdac.gov.ng/products/details/10817,2026-09-29T10:52:30.242228+00:00
Greenbook NAFDAC,4947,10364,Nkoyo Ibuprofen Tablets##,1,Drugs,"{'id': 1, 'name': 'Drugs', 'created_at': '-000001-11-30T00:00:00.000000Z', 'updated_at': '2022-03-17T16:53:12.000000Z', 'deleted_at': None}",57,Ibuprofen,,04-4495,1,Tablet,1,Oral,200 mg,489,Nkoyo Chemists Ltd,2021-03-29,2026-03-28,Inactive,"Sugar Coated Tablets
Red-colored, circular-shaped sugar-coated tablets printed “IBU 200” on one side of each tablet",1 x 1000&#039;s (in jar),"Each coated tablet contains: Ibuprofen BP 200 mg
Excipients q.s.",https://admin.greenbook.nafdac.gov.ng/uploadImage/smpc_files/2024/08/15/20240815afc5484c-ac50-51c6-8ff2-71c89a84d1bd.pdf,M01AE01,https://greenbook.nafdac.gov.ng/products/details/10364,2026-09-29T10:52:30.242228+00:00
Greenbook NAFDAC,4948,12248,Nkoyo Methyldopa 250 mg Tablet_,1,Drugs,"{'id': 1, 'name': 'Drugs', 'created_at': '-000001-11-30T00:00:00.000000Z', 'updated_at': '2022-03-17T16:53:12.000000Z', 'deleted_at': None}",248,Methyldopa,,A4-0605,1,Tablet,1,Oral,250 mg,489,Nkoyo Chemists Ltd,2025-10-29,2030-10-28,Active,"Tablet.
Yellow-colored, circular, biconvex, film-coated tablets debossed with &quot;MAXHEAL&quot; on one side and break line on the other side",10 x 10&#039;s (in Alu-PVC blisters),"Each film-coated tablet contains: Methyldopa USP equiv. to Methyldopa (Anhydrous) base 250 mg
Excipients q.s.",https://admin.greenbook.nafdac.gov.ng/uploadImage/smpc_files/2025/12/03/20251203e09b0088-5611-5d4e-91e7-5a9091101a74.pdf,C02AB,https://greenbook.nafdac.gov.ng/products/details/12248,2026-09-29T10:52:30.242228+00:00
Greenbook NAFDAC,4949,3643,Nkoyo Ofloxacin 200 mg Tablet##,1,Drugs,"{'id': 1, 'name': 'Drugs', 'created_at': '-000001-11-30T00:00:00.000000Z', 'updated_at': '2022-03-17T16:53:12.000000Z', 'deleted_at': None}",761,Ofloxacin,,A4-100087,1,Tablet,1,Oral,200 mg,489,Nkoyo Chemists Ltd,2021-08-26,2026-08-25,Inactive,"Tablet
White, caplet shape, film coated tablets, de-bossed “SMILE” logo on one side &amp; “BREAKLINE” on other side",2 x 7&#039;s (in Alu-Alu bisters),"Each tablet contains: Ofloxacin 200 mg
Excipients q.s.",https://admin.greenbook.nafdac.gov.ng/uploadImage/smpc_files/2024/09/20/20240920fd8bfc56-eb47-59aa-a8ff-1e7432ab3c55.pdf,J01MA01,https://greenbook.nafdac.gov.ng/products/details/3643,2026-09-29T10:52:30.242228+00:00
Greenbook NAFDAC,4950,2703,Nkoyo Omeprazole Capsules##,1,Drugs,"{'id': 1, 'name': 'Drugs', 'created_at': '-000001-11-30T00:00:00.000000Z', 'updated_at': '2022-03-17T16:53:12.000000Z', 'deleted_at': None}",176,Omeprazole,,A4-8345,2,Capsule,1,Oral,20 mg,489,Nkoyo Chemists Ltd,2020-12-21,2025-12-20,Inactive,Capsule,,Each capsule contains: Omeprazole 20 mg,,A02BC01,https://greenbook.nafdac.gov.ng/products/details/2703,2026-09-29T10:52:30.242228+00:00
Greenbook NAFDAC,4951,10070,Nkoyo Salbutamol 2 mg Tablet_,1,Drugs,"{'id': 1, 'name': 'Drugs', 'created_at': '-000001-11-30T00:00:00.000000Z', 'updated_at': '2022-03-17T16:53:12.000000Z', 'deleted_at': None}",385,Salbutamol (Salbutamol Sulfate),,04-4295 ,1,Tablet,1,Oral,2 mg,489,Nkoyo Chemists Ltd,2021-01-28,2026-01-27,Inactive,"Uncoated Tablet.
Pink, flat-faced beveled edge, round-shaped uncoated tablets having embossing of &quot;SALBUTAMOL&quot; on on side and &quot;MAX&quot; break line &quot;HEAL&quot; on other side.

67	67	NKOYO SALBUTAMOL 2MG TABLET	NKOYO	SALBUTAMOL SULPHATE	SALBUTAMOL SULPHATE BP EQ TO SALBUTAMOL 2MG	PRESCRIPTION ONLY MEDICINE	TABLET	1X1000	BRONCHODILATOR	NKOYO CHEMIST	18, UKPOR STREET, FEGGE, ONITSHA, ANAMBRA STATE	MAXHEAL LABORATORIES PVT LTD   	2-7/80-85, SURSEZ, SACHIN, GUJARAT 394230 INDIA   	04-4295	RELIEF OF BRONCHOSPASM IN BRONCHIAC ASTHMA OF ALL TYPES, CHRONIC BRONCHITIS &amp; EMPHYSEMA	28/01/2021	0127/2026	

	NKOYO	SALBUTAMOL SULPHATE	SALBUTAMOL SULPHATE BP EQ TO SALBUTAMOL 2MG	PRESCRIPTION ONLY MEDICINE	TABLET	1X1000	BRONCHODILATOR	NKOYO CHEMIST	18, UKPOR STREET, FEGGE, ONITSHA, ANAMBRA STATE	MAXHEAL LABORATORIES PVT LTD   	2-7/80-85, SURSEZ, SACHIN, GUJARAT 394230 INDIA   	04-4295	RELIEF OF BRONCHOSPASM IN BRONCHIAC ASTHMA OF ALL TYPES, CHRONIC BRONCHITIS &amp; EMPHYSEMA	28/01/2021	0127/2026	",1 x 1000&#039;s (in HDPE bottle),Each tablet contains: Salbutamol Sulphate BP equiv. to Salbutamol 2 mg,https://admin.greenbook.nafdac.gov.ng/uploadImage/smpc_files/2024/09/27/2024092742e9aca6-f05d-5962-9568-453ae5892fe8.pdf,R03CC02,https://greenbook.nafdac.gov.ng/products/details/10070,2026-09-29T10:52:30.242228+00:00
Greenbook NAFDAC,4952,10392,Nkoyo Salbutamol 4 mg Tablet##,1,Drugs,"{'id': 1, 'name': 'Drugs', 'created_at': '-000001-11-30T00:00:00.000000Z', 'updated_at': '2022-03-17T16:53:12.000000Z', 'deleted_at': None}",385,Salbutamol (Salbutamol Sulfate),,04-4296,1,Tablet,1,Oral,4 mg,489,Nkoyo Chemists Ltd,2021-01-28,2026-01-27,Inactive,Uncoated Tablet,1 x 1000&#039;s (in HDPE bottle),Each tablet contains: Salbutamol Sulphate BP equivalent to Salbutamol Base 4 mg,,R03CC02,https://greenbook.nafdac.gov.ng/products/details/10392,2026-09-29T10:52:30.242228+00:00
Greenbook NAFDAC,4953,770,Nkoyo Tramadol 100 mg Capsules**,1,Drugs,"{'id': 1, 'name': 'Drugs', 'created_at': '-000001-11-30T00:00:00.000000Z', 'updated_at': '2022-03-17T16:53:12.000000Z', 'deleted_at': None}",56,Tramadol Hydrochloride,,A4-0155,2,Capsule,1,Oral,100 mg,489,Nkoyo Chemists Ltd,2021-08-03,2026-08-02,Inactive,"Capsule, hard.
Green CT, size &#039;4&#039; hard gelatin capsules filled with white to off-white powder and imprinted with monogram green CT",1 x 10&#039;s (in Alu-Alu blister),Tramadol Hydrochloride BP 100 mg,https://admin.greenbook.nafdac.gov.ng/uploadImage/smpc_files/2023/05/27/2023052772a07b53-eafb-575b-b622-8f281641c11d.pdf,N02AX02,https://greenbook.nafdac.gov.ng/products/details/770,2026-09-29T10:52:30.242228+00:00
Greenbook NAFDAC,4954,771,Nkoyo Tramadol 50 mg Capsules**,1,Drugs,"{'id': 1, 'name': 'Drugs', 'created_at': '-000001-11-30T00:00:00.000000Z', 'updated_at': '2022-03-17T16:53:12.000000Z', 'deleted_at': None}",56,Tramadol Hydrochloride,,A4-0678,2,Capsule,1,Oral,50 mg,489,Nkoyo Chemists Ltd,2021-05-28,2026-05-27,Inactive,"Capsule, hard.
Green CT, size &#039;4&#039; hard gelatin capsules filled with white to off-white powder and imprinted with monogram green CT",1 x 10&#039;s (in Alu-Alu blister),"Tramadol Hydrochloride BP 50 mg.
Each hard capsule contains 50 mg tramadol hydrochloride",https://admin.greenbook.nafdac.gov.ng/uploadImage/smpc_files/2024/09/24/202409242b12331a-53d2-58a2-9ce9-66cc671059f3.pdf,N02AX02,https://greenbook.nafdac.gov.ng/products/details/771,2026-09-29T10:52:30.242228+00:00
Greenbook NAFDAC,4955,4579,Nkoyo Vit C + Glucose Tablet##,1,Drugs,"{'id': 1, 'name': 'Drugs', 'created_at': '-000001-11-30T00:00:00.000000Z', 'updated_at': '2022-03-17T16:53:12.000000Z', 'deleted_at': None}",347,Vitamin C; Glucose,,A4-8572,1,Tablet,1,Oral,50 mg; 150 mg,489,Nkoyo Chemists Ltd,2020-11-10,2025-11-09,Inactive,"Tablet

Nkoyo Vit C + Glucose Tablet	A4-8572	Ascorbic Acid, Glucose	Dietary Supplement	Oral	50  mg, 150  mg	Tablet	Over The Counter (Otc)	Nkoyo Chemists	Maxheal Pharmaceuticals (India) Ltd	India	11/10/2020	11/9/2025
",,"Each tablet contains: Vitamin C 50 mg, Glucose 150 mg",,A11GA,https://greenbook.nafdac.gov.ng/products/details/4579,2026-09-29T10:52:30.242228+00:00
Greenbook NAFDAC,4956,10365,Nkoyofen Tablets##,1,Drugs,"{'id': 1, 'name': 'Drugs', 'created_at': '-000001-11-30T00:00:00.000000Z', 'updated_at': '2022-03-17T16:53:12.000000Z', 'deleted_at': None}",57,Ibuprofen,,A4-8200,1,Tablet,1,Oral,400 mg,489,Nkoyo Chemists Ltd,2021-10-28,2026-10-27,Active,Tablet																																																		,1 x 10&#039;s,Each tablet contains: Ibuprofen BP 400 mg,,,https://greenbook.nafdac.gov.ng/products/details/10365,2026-09-29T10:52:30.242228+00:00
Greenbook NAFDAC,4957,3638,Nkoyosix Tablets 40 mg##,1,Drugs,"{'id': 1, 'name': 'Drugs', 'created_at': '-000001-11-30T00:00:00.000000Z', 'updated_at': '2022-03-17T16:53:12.000000Z', 'deleted_at': None}",227,Furosemide,Frusemide,A4-9179,1,Tablet,1,Oral,40 mg,489,Nkoyo Chemists Ltd,2020-11-30,2025-11-29,Inactive,Tablet,,Each tablet contains: Furosemide 40 mg,,C03CA01,https://greenbook.nafdac.gov.ng/products/details/3638,2026-09-29T10:52:30.242228+00:00
Greenbook NAFDAC,4958,10823,Nkoyosone 100 mg Powder for Injection**,1,Drugs,"{'id': 1, 'name': 'Drugs', 'created_at': '-000001-11-30T00:00:00.000000Z', 'updated_at': '2022-03-17T16:53:12.000000Z', 'deleted_at': None}",1536,Hydrocortisone (Hydrocortisone Sodium Succinate),,04-6440,70,Powder for injection,29,Intravenous; Intramuscular,100 mg,489,Nkoyo Chemists Ltd,2024-04-30,2029-05-01,Active,"Powder for Injection.
A white or almost white hygroscopic powder",1 x 1&#039;s (in vial),Each vial contains: Hydrocortisone Sodium Succinate equivalent to Hydrocortisone BP 100 mg ,https://admin.greenbook.nafdac.gov.ng/uploadImage/smpc_files/2024/11/05/20241105ea556722-a52a-5e43-946f-404ec6ea4306.pdf,H02AB09,https://greenbook.nafdac.gov.ng/products/details/10823,2026-09-29T10:52:30.242228+00:00
Greenbook NAFDAC,4959,772,Nnodizole Capsule##,1,Drugs,"{'id': 1, 'name': 'Drugs', 'created_at': '-000001-11-30T00:00:00.000000Z', 'updated_at': '2022-03-17T16:53:12.000000Z', 'deleted_at': None}",176,Omeprazole,,B4-2221,2,Capsule,1,Oral,20 mg,818,Fest Pharmaceuticals (Nig) Ltd,2021-05-07,2026-05-06,Inactive,Capsule,,Each capsule contains: Omeprazole 20 mg,,A02BC01,https://greenbook.nafdac.gov.ng/products/details/772,2026-09-29T10:52:30.242228+00:00
Greenbook NAFDAC,4960,3573,No-Ach Tablets##,1,Drugs,"{'id': 1, 'name': 'Drugs', 'created_at': '-000001-11-30T00:00:00.000000Z', 'updated_at': '2022-03-17T16:53:12.000000Z', 'deleted_at': None}",988,Aceclofenac; Paracetamol; Chlorzoxazone,,B4-4263,1,Tablet,1,Oral,100 mg; 500 mg; 250 mg,263,Pharma Ethics Limited,2021-08-26,2026-08-25,Inactive,"Tablet
A white colored, biconvex, capsule shaped, film coated tablets having break line on one side",2 x 10&#039;s,"Each film-coated tablet contains: Aceclofenac BP 100 mg, Paracetamol BP 500 mg, Chlorzoxazone USP 250 mg
Excipients q.s.",https://admin.greenbook.nafdac.gov.ng/uploadImage/smpc_files/2023/05/27/20230527510f93cd-fd76-52b9-8d47-235045b3d474.pdf,M03BB53,https://greenbook.nafdac.gov.ng/products/details/3573,2026-09-29T10:52:30.242228+00:00
Greenbook NAFDAC,4961,8497,Nocin Tablet**,1,Drugs,"{'id': 1, 'name': 'Drugs', 'created_at': '-000001-11-30T00:00:00.000000Z', 'updated_at': '2022-03-17T16:53:12.000000Z', 'deleted_at': None}",825,Pseudoephedrine Hydrochloride; Triprolidine,,A4-101051,1,Tablet,1,Oral,60 mg; 2.5 mg,374,Aquatix Pharmaceuticals Limited,2024-09-25,2029-09-24,Active,Uncoated tablet,1 x 10&#039;s; 10 x 10&#039;s (in Alu-PVC blisters),"Triprolidine and Pseudoephedrine Tablets USP.
Each uncoated tablet contains: Triprolidine Hydrochloride USP 2.5 mg, Pseudoephedrine Hydrochloride USP 60 mg, Excipients q.s.",https://admin.greenbook.nafdac.gov.ng/uploadImage/smpc_files/2024/11/03/202411032087d5ce-5df8-5c95-91f8-f88e4dcab104.pdf,R01BA52,https://greenbook.nafdac.gov.ng/products/details/8497,2026-09-29T10:52:30.242228+00:00
Greenbook NAFDAC,4962,6305,Nocof Drops##,1,Drugs,"{'id': 1, 'name': 'Drugs', 'created_at': '-000001-11-30T00:00:00.000000Z', 'updated_at': '2022-03-17T16:53:12.000000Z', 'deleted_at': None}",1035,Pseudoephedrine Hydrochloride; Chlorphenamine Maleate; Dextromethorphan,,A4-1043,103,Syrup,1,Oral,10 mg; 10 mg; 2.5 mg,82,Afrab-Chem Limited,2021-03-30,2026-03-29,Inactive,"Syrup
A pink liquid with a characteristic bitter and minty odor

180	Nocof	A4-1043	Nocof Drops	Pseudoephedrine Hcl, Dextromethorphan Hbr, Chlorpheniramine Maleate, Methyl Paraben, Bronopol, Sorbitol Solution, Sodium Saccharine, Glycerine, Citric Acid, Peppermint Oil, Tutti Fruitti Flavour, Allura Red Colour, Tartrazine Orange Colour, Sugar, Sodium Citrate	Respiratory Drugs	Oral	9.38  mg, 3.120  mg, 1 Mg, 2.50  mg, 0.2  mg, 200  mg, 0.1  mg, 100  mg, 10  mg, 0.0007ml, 0.001ml, 0.05  mg, 0.006  mg, 300  mg, 4.373  mg	Syrup	Over The Counter (Otc)	Afrab Chem Limited	Afrab Chem Limited	Nigeria	30/03/2021	29/03/2026","1 x 15 mL, 1 x 30 mL (in amber glass bottles)","Each 1 mL contains: Pseudoephedrine Hcl 9.38 mg, Chlorpheniramine Maleate 1.00 mg, Dextromethorphan HBr 3.12 mg
Excipients q.s.",https://admin.greenbook.nafdac.gov.ng/uploadImage/smpc_files/2025/01/15/20250115b04fe1fa-eda8-5c2a-bb54-cec4469e7199.pdf,R01BA52,https://greenbook.nafdac.gov.ng/products/details/6305,2026-09-29T10:52:30.242228+00:00
Greenbook NAFDAC,4963,10109,Nocogin Caplet**,1,Drugs,"{'id': 1, 'name': 'Drugs', 'created_at': '-000001-11-30T00:00:00.000000Z', 'updated_at': '2022-03-17T16:53:12.000000Z', 'deleted_at': None}",1529,Paracetamol,Acetaminophen,A11-100709,108,Caplet,1,Oral,500 mg,368,KCH Consumer Healthcare Limited,2024-05-29,2029-05-28,Active,"Caplet.
White, color oblong capsule shape tablets embossed ono one side with KCH and other side with breakline",10 x 10&#039;s (in Alu-PVC blisters),Acetaminophen Caplets USP 500 mg,https://admin.greenbook.nafdac.gov.ng/uploadImage/smpc_files/2025/02/03/20250203b4c504d0-394f-52a3-9ef6-224b46f47685.pdf,N02BE01,https://greenbook.nafdac.gov.ng/products/details/10109,2026-09-29T10:52:30.242228+00:00
Greenbook NAFDAC,4964,6659,Nocogin Extra Caplets##,1,Drugs,"{'id': 1, 'name': 'Drugs', 'created_at': '-000001-11-30T00:00:00.000000Z', 'updated_at': '2022-03-17T16:53:12.000000Z', 'deleted_at': None}",983,Paracetamol; Caffeine,,B4-0419,108,Caplet,1,Oral,500 mg; 30 mg,368,KCH Consumer Healthcare Limited,2023-12-21,2028-12-20,Active,"Tablet
White, circular/round shape, flat with an embossing of &quot;KCH&quot; over a star symbols on one side and a star symbol on another side

106	CMS-PP-272440	NOCOGIN EXTRA CAPLETS	ACETAMINOPHEN 500MG + CAFFEINE 30MG	Acetaminophen 500mg + Caffeine 30 mg, Magnesium stearate, Talc powder, Corn starch, Methy paraben	B4-0419	Drugs	Nigerian Products	2 x 10	Over The Counter (OTC)	6/29/2022	KCH CONSUMER HEALTHCARE LIMITED, 2B, KWAME NKRUMAH LANE, CROWN ESTATE LEKKI EPE EXPRESSWAY	8032317925	Kchconsumer@gmail.com	KCH Consumer Healthcare Ltd., Plot 1-6 KCH Close, Off Atlantic Hall Expressway, Poka, Lekki Free Trade Zone, Epe, Lagos., Nigeria																					",2 x 10&#039;s (in Alu-PVC blisters),"Each tablet contains: Paracetamol 500 mg, Caffeine 30 mg
Excipients q.s.",https://admin.greenbook.nafdac.gov.ng/uploadImage/smpc_files/2024/01/02/20240102494ab829-68e6-5546-977d-58a5410f10f0.pdf,N02BE51,https://greenbook.nafdac.gov.ng/products/details/6659,2026-09-29T10:52:30.242228+00:00
Greenbook NAFDAC,4965,5676,Nodon 10 Tablets##,1,Drugs,"{'id': 1, 'name': 'Drugs', 'created_at': '-000001-11-30T00:00:00.000000Z', 'updated_at': '2022-03-17T16:53:12.000000Z', 'deleted_at': None}",243,Nebivolol,,B4-6541,1,Tablet,1,Oral,10 mg,199,Interpharma Industries Limited,2023-08-31,2028-08-30,Active,"Uncoated Tablet
White to off-white, round, beveled edged, uncoated tablets debossed &quot;N10&quot; on one side and plain line on other side

NODON 10 TABLETS	NEBIVOLOL HYDROCHLORIDE 10 MG TABLETS	NODON 10MG TABLET FORMULA COMPOSITION Nebivolol Hydrochloride(Micronized) eq to Nebivolol IH 10.00mg, 10.90mg, Lactose Monohydrate Ph.Eur 135.15mg, Pregelatinized Starch BP 46.00mg, Croscarmellose Sodium Ph.Eur 6.90mg, Hydroxypropyl Methyl Cellulose(HPMC 15 cps) USP 4.60mg, Sodium Lauryl Sulphate BP 1.15mg, Polysorbate 80 BP 0.46mg, Purified Water*** BP q.s., Microcystalline Cellulose BP 16.19mg, Colloidal Anhydrous Silica BP 0.60mg, Croscarmellose Sodium EP 6.90mg, Magnesium Stearate BP 1.1	B4-6541	Drugs	Imported Products	3*10packs	Prescription Only Medicine (POM)	18/08/2021	INTERPHARMA INDUSTRIES LIMITED, 28/30, SALVATION ROAD, OPEBI, LAGOS	8129450972	admncpl@gmail.com	Cadila Pharmaceuticals Ltd, India, 1389, Dholka - 382 225 District: Ahmedabad, Gujarat State, India., India			",3 x 10&#039;s (in PVC-Alu blisters),"Each Nebivolol Tablets contains: Nebivolol Hydrochloride equivalent to Nebivolol 10 mg
Excipient(s) with known effect: Lactose Monohydrate
Excipients q.s.",https://admin.greenbook.nafdac.gov.ng/uploadImage/smpc_files/2023/09/06/20230906f8d66752-cac9-520d-b723-cdb2904c0222.pdf,C07AB12,https://greenbook.nafdac.gov.ng/products/details/5676,2026-09-29T10:52:30.242228+00:00
Greenbook NAFDAC,4966,5677,Nodon 5 Tablets##,1,Drugs,"{'id': 1, 'name': 'Drugs', 'created_at': '-000001-11-30T00:00:00.000000Z', 'updated_at': '2022-03-17T16:53:12.000000Z', 'deleted_at': None}",243,Nebivolol,,B4-6540,1,Tablet,1,Oral,5 mg,199,Interpharma Industries Limited,2023-08-31,2028-08-30,Active,"Uncoated Tablet
White to off white, round, beveled edged, uncoated tablets, debossed with &quot;N5&quot; on side and break-line on the other side

NODON 5 TABLETS	NEBIVOLOL HYDROCHLORIDE 5MG	NODON 5MG FORMULA COMPOSITION Nebivolol Hydrochloride(Micronized) eq to Nebivolol IH 5.45mg, Lactose Monohydrate Ph.Eur 140.60mg, Pregelatinized Starch BP 46.00mg, Croscarmellose Sodium Ph.Eur 6.90mg, Hydroxypropyl Methyl Cellulose(HPMC 15 cps) USP 4.60mg, Sodium Lauryl Sulphate BP 1.15mg, Polysorbate 80 BP 0.46mg, Purified Water*** BP q.s., Microcystalline Cellulose BP 16.19mg, Colloidal Anhydrous Silica BP 0.60mg, Croscarmellose Sodium EP 6.90mg, Magnesium Stearate BP 1.15mg. Theoretica	B4-6540	Drugs	Imported Products	3*10packs	Prescription Only Medicine (POM)	18/08/2021	INTERPHARMA INDUSTRIES LIMITED, 28/30, SALVATION ROAD, OPEBI, LAGOS	8129450972	admncpl@gmail.com	Cadila Pharmaceuticals Limited, India, 1389, Dholka - 387810 District: Ahmedabad Gujarat State India, India								",3 x 10&#039;s (in PVC-Alu blisters),"Each tablets contains: Nebivolol Hydrochloric equivalent to Nebivolol 5 mg
Excipients q.s.",https://admin.greenbook.nafdac.gov.ng/uploadImage/smpc_files/2023/09/04/20230904484e9753-8e95-52c0-ba40-a4c9fa679552.pdf,C07AB12,https://greenbook.nafdac.gov.ng/products/details/5677,2026-09-29T10:52:30.242228+00:00
Greenbook NAFDAC,4967,5325,Nomepramal Tablet##,1,Drugs,"{'id': 1, 'name': 'Drugs', 'created_at': '-000001-11-30T00:00:00.000000Z', 'updated_at': '2022-03-17T16:53:12.000000Z', 'deleted_at': None}",535,Dihydroartemisinin; Piperaquine Phosphate,,B4-7965,1,Tablet,1,Oral,40 mg; 320 mg,248,Nomedi Pharmaceuticals Limited,2023-05-25,2028-05-24,Active,"Tablet

133	NF-PP-325934	Nomepramal Tablet 	Dihydroartemisinin: 40 mg Piperaquine Phosphate: 320 mg Excipients: q.s. Colour: Indigo Carmine	Dihydroartemisinin: 40 mg Piperaquine Phosphate: 320 mg Excipients: q.s. Colour: Indigo Carmine		Drugs	Imported Products	1x9 Tabs	Over The Counter (OTC)	2/9/2023	NOMEDI PHARMACEUTICALS LIMITED, 387 AGEGE MOTOR ROAD MUSHIN LAGOS	 	 	CORAL LABORATORIES LIMITED, PLOT NO 57 /1 (16) BHENSLORE, DUNETHA NANI DAMAN - 396 210
														
														
														
														
														
														
",1 x 9&#039;s (in Alu-Alu blister),"Each tablet contains: Dihydroartemisinin 40 mg, Piperaquine Phosphate 320 mg
Excipients: q.s.
Color: Indigo Carmine
",https://admin.greenbook.nafdac.gov.ng/uploadImage/smpc_files/2023/08/23/2023082358c5fc50-faff-5455-87a7-088f323fbda5.pdf,P01BF07,https://greenbook.nafdac.gov.ng/products/details/5325,2026-09-29T10:52:30.242228+00:00
Greenbook NAFDAC,4968,5326,Nomethromax 250 mg Tablets##,1,Drugs,"{'id': 1, 'name': 'Drugs', 'created_at': '-000001-11-30T00:00:00.000000Z', 'updated_at': '2022-03-17T16:53:12.000000Z', 'deleted_at': None}",475,Azithromycin (Azithromycin Dihydrate),,B4-7858,1,Tablet,1,Oral,250 mg,248,Nomedi Pharmaceuticals Limited,2023-07-27,2028-07-26,Active,"Tablet

28	RNW-PP-289209	NOMETHROMAX 250MG TABLETS	AZITHROMYCIN	Composition: Each film-coated tablet contains: Azithromycin Dihydrate USP Equivalent to Azithromycin ……. 250 mg Excipients…………………………q.s. Colour: Titanium Dioxide Strength: Azithromycin Dihydrate USP Equivalent to Azithromycin	B4-7858	Drugs	Imported Products	1x6	Prescription Only Medicine (POM)	11/10/2022	NOMEDI PHARMACEUTICALS LIMITED, 387 Agege motor road Mushin	17412135	victoria.ezeala@nomedipharma-ng.com	Coral Laboratories limited, plot no 57 /1 (16) bhenslore, dunetha nani daman - 396 210, India",1 x 6&#039;s (in PVC-Alu blister),"Each film coated tablet contains: Azithromycin Dihydrate USP equivalent to Azithromycin 250 mg
Excipients q.s.
Color: Titanium Dioxide",https://admin.greenbook.nafdac.gov.ng/uploadImage/smpc_files/2023/08/27/202308271e75ed7f-145e-5368-a3dd-36a219ca82fc.pdf, J01FA1,https://greenbook.nafdac.gov.ng/products/details/5326,2026-09-29T10:52:30.242228+00:00
Greenbook NAFDAC,4969,5808,Nomexiclav 312.5 Tablets##,1,Drugs,"{'id': 1, 'name': 'Drugs', 'created_at': '-000001-11-30T00:00:00.000000Z', 'updated_at': '2022-03-17T16:53:12.000000Z', 'deleted_at': None}",423,Amoxicillin (Amoxicillin Trihydrate); Clavulanic Acid (Potassium Clavulanate),,B4-7924,1,Tablet,1,Oral,250 mg; 62.5 mg,248,Nomedi Pharmaceuticals Limited,2023-08-31,2028-08-30,Active,"Tablets

NOMEXICLAV 312.5 TABLETS	AMOXICILLIN. CLAVULANIC ACID	Amoxicillin 250 mg and Potassium Clavulanate 62.5 mg Tablets BP	B4-7924	Drugs	Imported Products	1x10 Packs	Prescription Only Medicine (POM)	16/11/2022	NOMEDI PHARMACEUTICALS LIMITED, 387 Agege motor road Mushin	17412135	victoria.ezeala@nomedipharma-ng.com	M/S CORAL LABORATORIES LIMITED, PLOT NO 27-28 PHARMACITY SELAQUI, DISTT. DEHRADUN 248 197 UTTARAKHAND, INDIA., India												",1 x 10&#039;s (in Alu-Alu blister),"Each uncoated dispersible tablet contains: Amoxicillin 250 mg, Potassium Clavulanate 62.5 mg
Excipients q.s.",https://admin.greenbook.nafdac.gov.ng/uploadImage/smpc_files/2023/09/04/20230904cf0f6b9f-4411-5cf5-ad95-e49c6c7fcb35.pdf,J01CR02,https://greenbook.nafdac.gov.ng/products/details/5808,2026-09-29T10:52:30.242228+00:00
Greenbook NAFDAC,4970,5809,Nomexiclav 625 Tablets##,1,Drugs,"{'id': 1, 'name': 'Drugs', 'created_at': '-000001-11-30T00:00:00.000000Z', 'updated_at': '2022-03-17T16:53:12.000000Z', 'deleted_at': None}",423,Amoxicillin (Amoxicillin Trihydrate); Clavulanic Acid (Potassium Clavulanate),,B4-7925,1,Tablet,1,Oral,500 mg; 125 mg,248,Nomedi Pharmaceuticals Limited,2023-08-31,2028-08-30,Active,"Tablet

NOMEXICLAV 625 TABLETS	AMOXICILLIN 500MG +CLAVULAMIC ACID 125MG	Amoxicillin 500mg and Potassium Clavulanate Tablets 125mg BP	B4-7925	Drugs	Imported Products	2*7Packs	Prescription Only Medicine (POM)	16/11/2022	NOMEDI PHARMACEUTICALS LIMITED, 387 Agege motor road Mushin	17412135	victoria.ezeala@nomedipharma-ng.com	M/S CORAL LABORATORIES LIMITED, PLOT NO 27-28 PHARMACITY SELAQUI, DISTT. DEHRADUN 248 197 UTTARAKHAND, INDIA., India",2 x 7&#039;s (in Alu-Alu bisters),"Each film coated tablet contains: Amoxicillin Trihydrate BP equivalent to Amoxicillin 500 mg, Potassium Clavulanate BP (as diluted Potassium Clavulanate BP) equivalent to Clavulanic Acid 125 mg
Excipients q.s.",https://admin.greenbook.nafdac.gov.ng/uploadImage/smpc_files/2023/09/04/2023090440d8daca-41d6-5c15-9311-150dd3d20490.pdf,J01CR02,https://greenbook.nafdac.gov.ng/products/details/5809,2026-09-29T10:52:30.242228+00:00
Greenbook NAFDAC,4971,2932,Nonispa Powder for Oral Suspension##,1,Drugs,"{'id': 1, 'name': 'Drugs', 'created_at': '-000001-11-30T00:00:00.000000Z', 'updated_at': '2022-03-17T16:53:12.000000Z', 'deleted_at': None}",456,Cefuroxime (Cefuroxime Axetil),,C4-1351,72,Powder for suspension,1,Oral,125 mg/5 mL,988,Simpec Pharmaceutical Limited,2020-12-21,2025-12-20,Inactive,"Powder for Oral Suspension
",,Each 5 mL reconstituted suspension contains: Cefuroxime Axetil equivalent to Cefuroxime 125 mg,,J01DC02,https://greenbook.nafdac.gov.ng/products/details/2932,2026-09-29T10:52:30.242228+00:00
Greenbook NAFDAC,4972,8937,Nonispa Tablets**,1,Drugs,"{'id': 1, 'name': 'Drugs', 'created_at': '-000001-11-30T00:00:00.000000Z', 'updated_at': '2022-03-17T16:53:12.000000Z', 'deleted_at': None}",456,Cefuroxime (Cefuroxime Axetil),,C4-1558,1,Tablet,1,Oral,500 mg,988,Simpec Pharmaceutical Limited,2021-01-28,2026-01-27,Inactive,Tablets for Oral Use,10 x 1 x 10&#039;s (in blisters),Each tablet contains: Cefuroxime Axetil USP equiv. to Cefuroxime 500 mg,,J01DC02,https://greenbook.nafdac.gov.ng/products/details/8937,2026-09-29T10:52:30.242228+00:00
Greenbook NAFDAC,4973,3644,Nonsovid Tablet##,1,Drugs,"{'id': 1, 'name': 'Drugs', 'created_at': '-000001-11-30T00:00:00.000000Z', 'updated_at': '2022-03-17T16:53:12.000000Z', 'deleted_at': None}",761,Ofloxacin,,C4-1195,1,Tablet,1,Oral,400 mg,988,Simpec Pharmaceutical Limited,2020-11-10,2025-11-09,Inactive,Tablet,,Each tablet contains: Ofloxacin 400 mg,,J01MA01,https://greenbook.nafdac.gov.ng/products/details/3644,2026-09-29T10:52:30.242228+00:00
Greenbook NAFDAC,4974,10818,Nophanix 100 mg##,1,Drugs,"{'id': 1, 'name': 'Drugs', 'created_at': '-000001-11-30T00:00:00.000000Z', 'updated_at': '2022-03-17T16:53:12.000000Z', 'deleted_at': None}",703,Sildenafil (Sildenafil Citrate),,A11-100790,1,Tablet,1,Oral,100 mg,742,Unicure Pharmaceuticals Limited,2024-11-22,2029-11-21,Active,"Tablet
Red colored, film coated tablets with inscription &quot;SL&quot; on one side and &quot;100&quot; on the other side",1 x 5&#039;s (in PVC-Alu blister),"Each film coated tablet contains: Sildenafil (as Sildenafil Citrate) 100 mg
Excipients q.s.",https://admin.greenbook.nafdac.gov.ng/uploadImage/smpc_files/2024/12/16/20241216f4189c88-26d5-5658-a77b-f09420ed75c5.pdf,G04BE0,https://greenbook.nafdac.gov.ng/products/details/10818,2026-09-29T10:52:30.242228+00:00
Greenbook NAFDAC,4975,8500,Noplat Tablets**,1,Drugs,"{'id': 1, 'name': 'Drugs', 'created_at': '-000001-11-30T00:00:00.000000Z', 'updated_at': '2022-03-17T16:53:12.000000Z', 'deleted_at': None}",296,Clopidogrel (Clopidogrel Bisulfate),,B4-0188,1,Tablet,1,Oral,75 mg,248,Nomedi Pharmaceuticals Limited,2024-07-31,2029-07-30,Active,Tablet,3 x 10&#039;s (in Alu-Alu blisters),"Clopidogrel Tablets USP 75 mg.
Each tablet contains: Clopidogrel Bisulfate USP equiv. to Clopidogrel 75 mg",https://admin.greenbook.nafdac.gov.ng/uploadImage/smpc_files/2024/09/16/20240916ebc73b13-3f8c-53fe-887f-1dae3dc85514.pdf,B01AC04,https://greenbook.nafdac.gov.ng/products/details/8500,2026-09-29T10:52:30.242228+00:00
Greenbook NAFDAC,4976,10825,Noracef Injection 1 g##,1,Drugs,"{'id': 1, 'name': 'Drugs', 'created_at': '-000001-11-30T00:00:00.000000Z', 'updated_at': '2022-03-17T16:53:12.000000Z', 'deleted_at': None}",1541,Ceftriaxone (Ceftriaxone Sodium),,B4-6019,40,Injection,29,Intravenous; Intramuscular,1 g,437,Mednoral Pharmaceutical Limited,2025-01-30,2030-01-29,Active,"Powder for Injection

NORACEF INJECTION 1G	CEFTRIAXONE SODIUM 1G	CEFTRIAXONE SODIUM 1G	B4-6019	Drugs	Imported Products	1*1VIAL,10MLSWFI	Prescription Only Medicine (POM)	7/30/2024	MEDNORAL PHARMACEUTICAL LIMITED, NO. 12, CHRIS EBIE STREET, OFF AGO PALACE WAY, OKOTAL LAGOS STATE	33283730	mednoraln@gmail.com	ALLIAANCE BIOTECH, 440/3, VILL. KATHA, BADDI, DISTT. SOLAN (H.P)-173205, INDIA, India
												
												
												
												
												
												",1 x 1 vial + 10 mL sterile water for injection (in ampoule),Each vial contains: Ceftriaxone Sodium 1 g,https://admin.greenbook.nafdac.gov.ng/uploadImage/smpc_files/2025/05/22/202505227d16a03a-79bb-589c-8967-b546dc186130.pdf, J01DD0,https://greenbook.nafdac.gov.ng/products/details/10825,2026-09-29T10:52:30.242228+00:00
Greenbook NAFDAC,4977,5327,Noracef Injection##,1,Drugs,"{'id': 1, 'name': 'Drugs', 'created_at': '-000001-11-30T00:00:00.000000Z', 'updated_at': '2022-03-17T16:53:12.000000Z', 'deleted_at': None}",1541,Ceftriaxone (Ceftriaxone Sodium),,C4-1964,70,Powder for injection,29,Intravenous; Intramuscular,1000 mg,437,Mednoral Pharmaceutical Limited,2022-01-27,2027-01-26,Active,"Powder for Injection
A white to Yellowish orange crystalline powder pH – 6.0 - 8.0


Noracef Injection	C4-1964	Noracef	CEFTRIAXONE SODIUM 		ANTIBIOTIC	CEFTRIAXONE SODIUM USP EQ. TO CEFTRIAXONE 1000MG	INJECTION	1 X 1VIAL + 2ML LIDOCAINE HYDROCHLORIDE 1%	PRESCRIPTION ONLY MEDICINE	TREATMENT OF BACTERIAL INFECTION CAUSED BY SUSCEPTIBLE MICROORGANISM	MEDNORAL PHARMACEUTICALS LTD, 	NIGERIA	INJECT CARE PARENTERALS PVT LTD,  	INDIA	01/27/2022	01/26/2027
",1 x 1 vial + 2 mL lidocaine hydrochloride 1% ,"Each combipack contains: Ceftriaxone for Injection USP 1 g (each vial contains Sterile Ceftriaxone Injection USP equivalent to Ceftriaxone 1 g), Lidocaine Injection USP 3.5 mL",https://admin.greenbook.nafdac.gov.ng/uploadImage/smpc_files/2024/09/18/2024091866395cd3-9964-5668-9425-7795bc08524c.pdf,J01DD04,https://greenbook.nafdac.gov.ng/products/details/5327,2026-09-29T10:52:30.242228+00:00
Greenbook NAFDAC,4978,5328,Norapine 10 mg Tablets##,1,Drugs,"{'id': 1, 'name': 'Drugs', 'created_at': '-000001-11-30T00:00:00.000000Z', 'updated_at': '2022-03-17T16:53:12.000000Z', 'deleted_at': None}",272,Amlodipine (Amlodipine Besilate),Amlodipine (Amlodipine Besylate),A4-8169,1,Tablet,1,Oral,10 mg,368,KCH Consumer Healthcare Limited,2023-05-25,2028-05-24,Active,"Tablet
Each tablet is white, circular/round shape, biconvex and have an embossing of &quot;AM/10&quot; on one side and plain on another side

44	CMS-PP-313179	NORAPINE 10MG TABLETS	AMLODIPINE BESYLATE 10MG	Amlodipine Besylate 5mg, Magnesium Stearate, Corn starch, Talc powder, Methy paraben.	A4-8169	Drugs	Nigerian Products	2*14	POM 1	2/4/2023	KCH CONSUMER HEALTHCARE LIMITED, 2B, KWAME NKRUMAH LANE, CROWN ESTATE LEKKI EPE EXPRESSWAY	8032317925	Kchconsumer@gmail.com	KCH Consumer Healthcare Ltd., Plot 1-6 KCH Close, Off Atlantic Hall Expressway, Poka, Lekki Free Trade Zone, Epe, Lagos., Nigeria",2 x 14&#039;s (in PVC-Alu blisters),"Each tablet contains: Amlodipine Besylate equivalent to Amlodipine 10 mg
Excipient q.s.",https://admin.greenbook.nafdac.gov.ng/uploadImage/smpc_files/2023/09/21/202309210c5a4e91-ee8e-5bb3-8bd4-a4575739d68b.pdf,C08CA01,https://greenbook.nafdac.gov.ng/products/details/5328,2026-09-29T10:52:30.242228+00:00
Greenbook NAFDAC,4979,5329,Norapine 5 mg Tablets##,1,Drugs,"{'id': 1, 'name': 'Drugs', 'created_at': '-000001-11-30T00:00:00.000000Z', 'updated_at': '2022-03-17T16:53:12.000000Z', 'deleted_at': None}",272,Amlodipine (Amlodipine Besilate),Amlodipine (Amlodipine Besylate),A4-8407,1,Tablet,1,Oral,5 mg,368,KCH Consumer Healthcare Limited,2023-05-25,2028-05-24,Active,"Tablet
Each tablet is white, circular/round shape, biconvex and have an embossing of &quot;AM/5&quot; on one side and plain on another side

43	CMS-PP-313178	NORAPINE 5MG TABLETS	AMLODIPINE BESYLATE 5MG	Amlodipine Besylate 5mg, Magnesium Stearate, Talc powder, Corn starch, Methy paraben.	A4-8407	Drugs	Nigerian Products	2*14	POM 1	2/4/2023	KCH CONSUMER HEALTHCARE LIMITED, 2B, KWAME NKRUMAH LANE, CROWN ESTATE LEKKI EPE EXPRESSWAY	8032317925	Kchconsumer@gmail.com	KCH Consumer Healthcare Ltd., Plot 1-6 KCH Close, Off Atlantic Hall Expressway, Poka, Lekki Free Trade Zone, Epe, Lagos., Nigeria											",2 x 14&#039;s (in PVC-Alu blisters),"Each tablet contains: Amlodipine Besylate equivalent to Amlodipine 5 mg
Excipients q.s.",https://admin.greenbook.nafdac.gov.ng/uploadImage/smpc_files/2023/10/04/20231004e8b797e4-9d1f-5c9f-9879-76d41ffaedec.pdf,C08CA01,https://greenbook.nafdac.gov.ng/products/details/5329,2026-09-29T10:52:30.242228+00:00
Greenbook NAFDAC,4980,6862,Norbacare Gel 30 g##,1,Drugs,"{'id': 1, 'name': 'Drugs', 'created_at': '-000001-11-30T00:00:00.000000Z', 'updated_at': '2022-03-17T16:53:12.000000Z', 'deleted_at': None}",1749,Clindamycin; Adapalene,,A4-100668,29,Gel,21,Topical,1%; 0.1%,1249,Norbarc Pharmaceutical Limited,2023-12-21,2028-12-20,Active,"Gel
White to off white translucent homogenous gel

22	NF-PP-338759	NORBACARE GEL 3OGM	Clindamycin 1%w/w, Adapalene 0.1%w/w	CLINDAMYCIN 1%W/W ADAPELENE 0.1%W/W GEL BASE q.s	A4-100668	Drugs	Imported Products	1*30g	Over The Counter (OTC)	7/3/2023	NORBARC PHARMACEUTICAL LIMITED, NO. 7 ABEOKUTA STREET EBUTE META	7036535830	norbarcpharm@yahoo.com	MARINE LIFE SCIENCES., PLOT NO.30 PHASE III (EXT) HPSIDC, BADDI DSTT. SOLAN (H.P) INDIA, India",1 x 30 g (in Lami tube),"Each gram contains: Clindamycin 1% w/w, Adapalene 0.1% w/w
Excipients q.s.",https://admin.greenbook.nafdac.gov.ng/uploadImage/smpc_files/2023/12/31/202312313bfe95c4-1926-5a8a-a00d-e8010fb9e9ee.pdf,D10AF51,https://greenbook.nafdac.gov.ng/products/details/6862,2026-09-29T10:52:30.242228+00:00
Greenbook NAFDAC,4981,6785,Norbaclear Cream 30 g##,1,Drugs,"{'id': 1, 'name': 'Drugs', 'created_at': '-000001-11-30T00:00:00.000000Z', 'updated_at': '2022-03-17T16:53:12.000000Z', 'deleted_at': None}",1106,Betamethasone; Clotrimazole; Neomycin sulfate,, A4-100673,4,Cream,21,Topical,0.05%; 1%; 0.5%,1249,Norbarc Pharmaceutical Limited,2023-12-21,2028-12-20,Active,"Cream

20	NF-PP-338981	NORBACLEAR CREAM 30GM	CLOTRIMAZOLE 1%W/W, BETAMETHASONE DIPROPIONATE 0.05%W/W, NEOMYCIN SULPHATE 0.5%W/W, CHLOROCRESOL 0.1%W/W	CLOTRIMAZOLE 1%W/W, BETAMETHASONE DIPROPIONATE 0.05%W/W, NEOMYCIN SULPHATE 0.5%W/W, CHLOROCRESOL 0.1%W/W	A4-100673	Drugs	Imported Products	1*30g	Over The Counter (OTC)	7/3/2023	NORBARC PHARMACEUTICAL LIMITED, NO. 7 ABEOKUTA STREET EBUTE META	7036535830	norbarcpharm@yahoo.com	MARINE LIFE SCIENCES., PLOT NO.30 PHASE III (EXT) HPSIDC, BADDI DSTT. SOLAN (H.P) INDIA, India					",1 x 30 g (in Lami tube),"Each gram contains: Betamethasone Dipropionate 0.05% w/w, Clotrimazole 1% w/w, Neomycin Sulfate 0.5% w/w
Excipients q.s.",https://admin.greenbook.nafdac.gov.ng/uploadImage/smpc_files/2023/12/31/2023123103dbbdfa-e474-515a-b881-efbc27c1e53b.pdf,D07CC01,https://greenbook.nafdac.gov.ng/products/details/6785,2026-09-29T10:52:30.242228+00:00
Greenbook NAFDAC,4982,7155,Norbaderm Ointment**,1,Drugs,"{'id': 1, 'name': 'Drugs', 'created_at': '-000001-11-30T00:00:00.000000Z', 'updated_at': '2022-03-17T16:53:12.000000Z', 'deleted_at': None}",834,Mupirocin,,A4-100742,58,Ointment,21,Topical,2%,1249,Norbarc Pharmaceutical Limited,2024-02-28,2029-02-27,Active,Topical Ointment,1*15,Mupirocin 2% w/w,,D06AX09,https://greenbook.nafdac.gov.ng/products/details/7155,2026-09-29T10:52:30.242228+00:00
Greenbook NAFDAC,4983,7156,Norbaflex Gel 30 g##,1,Drugs,"{'id': 1, 'name': 'Drugs', 'created_at': '-000001-11-30T00:00:00.000000Z', 'updated_at': '2022-03-17T16:53:12.000000Z', 'deleted_at': None}",1149,Diclofenac Sodium (Diclofenac Diethylamine); Methyl salicylate; Menthol; Linseed oil,,A4-100714,29,Gel,21,Topical,1.16%; 1%; 3%; 5%,1249,Norbarc Pharmaceutical Limited,2024-01-31,2029-01-30,Active,"Topical Ointment

16	NF-PP-339167	NORBAFLEX GEL 30GM	DICLOFENAC DIETHYLAMINE BP 1.16%W/W, METHYL SALICYLATE BP 1%W/W, VIRGIN LINSEED OIL BP 3%W/W, MENTHOL USP 5%W/W	DICLOFENAC DIETHYLAMINE BP 1.16%W/W, METHYL SALICYLATE BP 1%W/W, VIRGIN LINSEED OIL BP 3%W/W, MENTHOL USP 5%W/W	A4-100714	Drugs	Imported Products	1*30	Over The Counter (OTC)	7/3/2023	NORBARC PHARMACEUTICAL LIMITED, NO. 7 ABEOKUTA STREET EBUTE META	7036535830	norbarcpharm@yahoo.com	MARINE LIFE SCIENCES., PLOT NO.30 PHASE III (EXT) HPSIDC, BADDI DSTT. SOLAN (H.P) INDIA, India	",1 x 30 g,"Each gram contains: Diclofenac Diethylamine BP 1.16% w/w, Methyl Salicylate BP 1% w/w, Virgin Linseed Oil BP 3% w/w, Menthol USP 5% w/w
Excipients q.s.",https://admin.greenbook.nafdac.gov.ng/uploadImage/smpc_files/2024/02/16/20240216709aed54-ac2c-5a7c-abcc-598b3ad7a16a.pdf,M01AB55,https://greenbook.nafdac.gov.ng/products/details/7156,2026-09-29T10:52:30.242228+00:00
Greenbook NAFDAC,4984,7001,Norbalog Cream 30 g## (strength format),1,Drugs,"{'id': 1, 'name': 'Drugs', 'created_at': '-000001-11-30T00:00:00.000000Z', 'updated_at': '2022-03-17T16:53:12.000000Z', 'deleted_at': None}",847,Triamcinolone; Econazole; Gentamicin,,A4-100675,4,Cream,21,Topical,1mg; 10mg; 1mg,1249,Norbarc Pharmaceutical Limited,2023-12-21,2028-12-20,Active,"Topical Cream
White colored homogenous cream 

21	NF-PP-339165	NORBALOG CREAM 30GM	TRIAMCINOLONE ACETONIDE BP 1MG, ECONAZOLE NITRATE BP 10MG, GENTAMYCIN SULPHATE BP 1MG	TRIAMCINOLONE ACETONIDE BP 1MG, ECONAZOLE NITRATE BP 10MG, GENTAMYCIN SULPHATE BP 1MG	A4-100675	Drugs	Imported Products	1*30GM	OTC	7/3/2023	NORBARC PHARMACEUTICAL LIMITED, NO. 7 ABEOKUTA STREET EBUTE META	7036535830	norbarcpharm@yahoo.com	MARINE LIFE SCIENCES., PLOT NO.30 PHASE III (EXT) HPSIDC, BADDI DSTT. SOLAN (H.P) INDIA, India						",1 x 30 g (in Lami tube),"Each gram contains: Triamcinolone Acetonide BP 1 mg, Econazole Nitrate BP 10 mg, Gentamycin Sulfate BP equivalent to Gentamicin 1 mg
Excipients q.s.",https://admin.greenbook.nafdac.gov.ng/uploadImage/smpc_files/2023/12/31/202312319e173c93-f967-5f6f-a7b9-1ddfb221a353.pdf,D07CB01,https://greenbook.nafdac.gov.ng/products/details/7001,2026-09-29T10:52:30.242228+00:00
Greenbook NAFDAC,4985,6921,Norbamed Cream 30 g##,1,Drugs,"{'id': 1, 'name': 'Drugs', 'created_at': '-000001-11-30T00:00:00.000000Z', 'updated_at': '2022-03-17T16:53:12.000000Z', 'deleted_at': None}",1118,Clobetasol; Miconazole; Neomycin,,A4-100671,4,Cream,21,Topical,0.05%; 2%; 0.5%,1249,Norbarc Pharmaceutical Limited,2023-12-21,2028-12-20,Active,"Topical Cream

178	NF-PP-338847	NORBAMED CREAM 30GM	CLOBETASOL PROPIONATE 0.05%W/W, MICONAZOLE NITRATE 2%W/W, NEOMYCIN SULPHATE 0.5%	CLOBETASOL PROPIONATE 0.05%W/W, MICONAZOLE NITRATE 2%W/W, NEOMYCIN SULPHATE 0.5%	A4-100671	Drugs	Imported Products	1*30	OTC	7/3/2023	NORBARC PHARMACEUTICAL LIMITED, NO. 7 ABEOKUTA STREET EBUTE META	7036535830	norbarcpharm@yahoo.com	MARINE LIFE SCIENCES., PLOT NO.30 PHASE III (EXT) HPSIDC, BADDI DSTT. SOLAN (H.P) INDIA, India				",1 x 30 g (in Lami tube),"Each gram contains: Clobetasol Propionate 0.05% w/w, Miconazole Nitrate 2% w/w, Neomycin Sulfate USP equivalent to Neomycin Base 0.5%, Chlorocresol USP (as preservative), Cream Base q.s.
Excipients q.s.",https://admin.greenbook.nafdac.gov.ng/uploadImage/smpc_files/2024/01/01/202401019a3cd78f-ce53-59fc-8e3d-869241a9ceb5.pdf,D07CD01,https://greenbook.nafdac.gov.ng/products/details/6921,2026-09-29T10:52:30.242228+00:00
Greenbook NAFDAC,4986,7157,Norbarc Aciclovir Cream 5 g## (wrong smpc),1,Drugs,"{'id': 1, 'name': 'Drugs', 'created_at': '-000001-11-30T00:00:00.000000Z', 'updated_at': '2022-03-17T16:53:12.000000Z', 'deleted_at': None}",748,Aciclovir,,A4-100743,4,Cream,21,Topical,5 g,1249,Norbarc Pharmaceutical Limited,2024-02-28,2029-02-27,Active,"Cream

19	NF-PP-338897	NORBARC ACICLOVIR CREAM 5GM	ACICLOVIR 5GM	ACICLOVIR 5GM, Propylene glycol, Acetyl alcohol,	A4-100743	Drugs	Imported Products	1*5g	Over The Counter (OTC)	7/3/2023	NORBARC PHARMACEUTICAL LIMITED, NO. 7 ABEOKUTA STREET EBUTE META	7036535830	norbarcpharm@yahoo.com	MARINE LIFE SCIENCES., PLOT NO.30 PHASE III (EXT) HPSIDC, BADDI DSTT. SOLAN (H.P) INDIA, India	",1 x 5 g,"Each gram contains: Aciclovir 5 g
Excipients q.s",https://admin.greenbook.nafdac.gov.ng/uploadImage/smpc_files/2024/03/23/20240323905f6c65-fee7-573f-b226-45957885f25d.pdf,D06BB03,https://greenbook.nafdac.gov.ng/products/details/7157,2026-09-29T10:52:30.242228+00:00
Greenbook NAFDAC,4987,7158,Norbarc Hydrocortisone Cream 15 g##,1,Drugs,"{'id': 1, 'name': 'Drugs', 'created_at': '-000001-11-30T00:00:00.000000Z', 'updated_at': '2022-03-17T16:53:12.000000Z', 'deleted_at': None}",219,Hydrocortisone,,A4-100744,4,Cream,21,Topical,1%,1249,Norbarc Pharmaceutical Limited,2024-02-28,2029-02-27,Active,"Cream
Smooth white aqueous cream

20	NF-PP-338907	NORBARC HYDROCORTISONE CREAM 15GM	HYDROCORTISONE 1%W/W	HYDROCORTISONE 1%W/W,0.1% w/w chlorocresol and 7.2% w/w cetostearyl alcohol	A4-100744	Drugs	Imported Products	1*15GM	OTC	7/3/2023	NORBARC PHARMACEUTICAL LIMITED, NO. 7 ABEOKUTA STREET EBUTE META	7036535830	norbarcpharm@yahoo.com	MARINE LIFE SCIENCES., PLOT NO.30 PHASE III (EXT) HPSIDC, BADDI DSTT. SOLAN (H.P) INDIA, India",1 x 15 g (in Alu tube),"Each gram contains: Hydrocortisone 1% w/w
Excipient(s) with known effect: Chlorocresol 0.1% w/w, Cetostearyl Alcohol 7.2% w/w
Excipients q.s.",https://admin.greenbook.nafdac.gov.ng/uploadImage/smpc_files/2024/03/23/20240323b3a7849e-230d-5329-a2d1-40b03d3e1a4e.pdf,D07AA02,https://greenbook.nafdac.gov.ng/products/details/7158,2026-09-29T10:52:30.242228+00:00
Greenbook NAFDAC,4988,7159,Norbarc Ketoconazole Cream 30 g##,1,Drugs,"{'id': 1, 'name': 'Drugs', 'created_at': '-000001-11-30T00:00:00.000000Z', 'updated_at': '2022-03-17T16:53:12.000000Z', 'deleted_at': None}",522,Ketoconazole,,A4-100713,4,Cream,21,Topical,2%,1249,Norbarc Pharmaceutical Limited,2024-01-31,2029-01-30,Active,"Cream

17	NF-PP-338856	NORBARC KETOCONAZOLE CREAM 30GM	KETOCONAZOLE 2%W/W	KETOCONAZOLE 2%W/W, 200mg Propylene glycol, 75mg Stearyl alcohol, 20mg Cetyl Alcohol	A4-100713	Drugs	Imported Products	1*30g	Over The Counter (OTC)	7/3/2023	NORBARC PHARMACEUTICAL LIMITED, NO. 7 ABEOKUTA STREET EBUTE META	7036535830	norbarcpharm@yahoo.com	MARINE LIFE SCIENCES., PLOT NO.30 PHASE III (EXT) HPSIDC, BADDI DSTT. SOLAN (H.P) INDIA, India			",1 x 30 g (in Alu tube),"Each gram contains: Ketoconazole 2% w/w
Excipients q.s.",https://admin.greenbook.nafdac.gov.ng/uploadImage/smpc_files/2024/02/16/2024021623e1c1ba-7c53-510f-adc4-f83182ee7d58.pdf,D01AC08,https://greenbook.nafdac.gov.ng/products/details/7159,2026-09-29T10:52:30.242228+00:00
Greenbook NAFDAC,4989,7154,Norbasil Cream##,1,Drugs,"{'id': 1, 'name': 'Drugs', 'created_at': '-000001-11-30T00:00:00.000000Z', 'updated_at': '2022-03-17T16:53:12.000000Z', 'deleted_at': None}",1590,Terbinafine (Terbinafine Hydrochloride),,A4-100717,4,Cream,21,Topical,1%,1249,Norbarc Pharmaceutical Limited,2024-01-31,2029-01-30,Active,"Cream
White or almost white cream, with a slight almond odor

18	NF-PP-338886	NORBASIL CREAM	TERBINAFINE HCL 1%W/W	TERBINAFINE%10MG W/W, 10MG BENZYL ALCOHOL, 40MG CETOSTEARYL ALCOHOL, 40MG CETYL ALCOHOL	A4-100717	Drugs	Imported Products	1*15g	Over The Counter (OTC)	7/3/2023	NORBARC PHARMACEUTICAL LIMITED, NO. 7 ABEOKUTA STREET EBUTE META	7036535830	norbarcpharm@yahoo.com	MARINE LIFE SCIENCES., PLOT NO.30 PHASE III (EXT) HPSIDC, BADDI DSTT. SOLAN (H.P) INDIA, India																",1 x 15 g (in Alu tube),"One gram of cream contains: Terbinafine Hydrochloride 10 mg equivalent to Terbinafine 8.89 mg
Excipients q.s.",https://admin.greenbook.nafdac.gov.ng/uploadImage/smpc_files/2024/02/16/202402169143b6da-c174-5718-9c86-2fa06af60d63.pdf,D01AE15,https://greenbook.nafdac.gov.ng/products/details/7154,2026-09-29T10:52:30.242228+00:00
Greenbook NAFDAC,4990,6938,Norbaskin Cream 30 g## (strength format),1,Drugs,"{'id': 1, 'name': 'Drugs', 'created_at': '-000001-11-30T00:00:00.000000Z', 'updated_at': '2022-03-17T16:53:12.000000Z', 'deleted_at': None}",1648,Ketoconazole; Clobetasol propionate; Neomycin sulphate; Vitamin E,,A4-100674,4,Cream,21,Topical,10mg; 0.25mg; 5mg,1249,Norbarc Pharmaceutical Limited,2023-12-21,2028-12-20,Active,"Cream

44	NF-PP-339013	NORBASKIN CREAM 30GM	KETOCONAZOLE 10MG, CLOBETASOL PROPIONATE 0.25MG, NEOMYCIN SULPHATE 5000IU, VITAMIN E	KETOCONAZOLE 10MG, CLOBETASOL PROPIONATE, NEOMYCIN SULPHATE 5000IU	A4-100674	Drugs	Imported Products	1*30g	Over The Counter (OTC)	7/3/2023	NORBARC PHARMACEUTICAL LIMITED, NO. 7 ABEOKUTA STREET EBUTE META	7036535830	norbarcpharm@yahoo.com	MARINE LIFE SCIENCES., PLOT NO.30 PHASE III (EXT) HPSIDC, BADDI DSTT. SOLAN (H.P) INDIA, India",1 x 30 g (in Alu tube),"Each tablet contains: Ketoconazole 10 mg, Clobetasol Propionate 0.25 mg, Neomycin Sulfate 5000 IU, Vitamin E 10 mg
Excipients q.s.",https://admin.greenbook.nafdac.gov.ng/uploadImage/smpc_files/2023/12/31/20231231a5b0a7f1-0599-57b4-8a5a-0ef65c2c9f3e.pdf,D07CD01,https://greenbook.nafdac.gov.ng/products/details/6938,2026-09-29T10:52:30.242228+00:00
Greenbook NAFDAC,4991,6787,Norbatex Cream 30 g## (strength format),1,Drugs,"{'id': 1, 'name': 'Drugs', 'created_at': '-000001-11-30T00:00:00.000000Z', 'updated_at': '2022-03-17T16:53:12.000000Z', 'deleted_at': None}",1117,Betamethasone; Tolnaftate; Gentamicin,,A4-100672,4,Cream,21,Topical,0.643mg; 1mg; 10mg; 10mg,1249,Norbarc Pharmaceutical Limited,2023-12-21,2028-12-20,Active,"Cream

19	NF-PP-338974	NORBATEX CREAM 30GM	BETAMETHASONE DIPROPIONATE 0.643MG, GENTAMYCIN SULPHATE 1MG, TOLNAFTATE 10MG	BETAMETHASONE DIPROPIONATE 0.643MG, GENTAMYCIN SULPHATE 1MG, TOLNAFTATE 10MG, LIQUID PARAFFIN, CETTOSTEARYL, CHLOROCRESOL, DISODIUM EDTA, PROPYLENE GLYCOL	A4-100672	Drugs	Imported Products	1*30g	Over The Counter (OTC)	7/3/2023	NORBARC PHARMACEUTICAL LIMITED, NO. 7 ABEOKUTA STREET EBUTE META	7036535830	norbarcpharm@yahoo.com	MARINE LIFE SCIENCES., PLOT NO.30 PHASE III (EXT) HPSIDC, BADDI DSTT. SOLAN (H.P) INDIA, India					",1 x 30 g (in Lami tube),"Each gram contains: Betamethasone Dipropionate 0.643 mg, Gentamycin Sulfate 1 mg, Tolnaftate 10 mg, Iodochlorohydroxyquinoline 10 mg
Excipients q.s.",https://admin.greenbook.nafdac.gov.ng/uploadImage/smpc_files/2023/12/31/20231231f9e13ed5-57ba-5fef-a404-47ddd318041f.pdf,D07CC01,https://greenbook.nafdac.gov.ng/products/details/6787,2026-09-29T10:52:30.242228+00:00
Greenbook NAFDAC,4992,7664,Norbatrin Powder 10 g## (strength format),1,Drugs,"{'id': 1, 'name': 'Drugs', 'created_at': '-000001-11-30T00:00:00.000000Z', 'updated_at': '2022-03-17T16:53:12.000000Z', 'deleted_at': None}",833,Neomycin; Bacitracin zinc,,A4-100745,111,Powder,21,Topical,250IU; 3300UNITS,1249,Norbarc Pharmaceutical Limited,2024-02-28,2029-02-27,Active,"Powder

21	NF-PP-338920	NORBATRIN POWDER 10GM	BACITRACIN ZINC BP 250IU, NEOMYCIN SULPHATE BP 3300UNITS	BACITRACIN ZINC BP 250IU, NEOMYCIN SULPHATE BP 3300UNITS, STARCH (SANITISED)	A4-100745	Drugs	Imported Products	1*10GM	OTC	7/3/2023	NORBARC PHARMACEUTICAL LIMITED, NO. 7 ABEOKUTA STREET EBUTE META	7036535830	norbarcpharm@yahoo.com	MARINE LIFE SCIENCES., PLOT NO.30 PHASE III (EXT) HPSIDC, BADDI DSTT. SOLAN (H.P) INDIA, India",1 x 10 g (in HDPE bottle),"Each gram contains: Bacitracin Zinc BP equivalent to Bacitracin 250 units, Neomycin Sulfate BP equivalent to Neomycin 3300 units",https://admin.greenbook.nafdac.gov.ng/uploadImage/smpc_files/2024/03/23/20240323a360b1a6-035a-5e47-9e2a-ed84322b5dc8.pdf,A07AA51,https://greenbook.nafdac.gov.ng/products/details/7664,2026-09-29T10:52:30.242228+00:00
Greenbook NAFDAC,4993,6863,Norbavate Cream 30 g##,1,Drugs,"{'id': 1, 'name': 'Drugs', 'created_at': '-000001-11-30T00:00:00.000000Z', 'updated_at': '2022-03-17T16:53:12.000000Z', 'deleted_at': None}",868,Clobetasol Propionate,,A4-100669,4,Cream,21,Topical,0.05%,1249,Norbarc Pharmaceutical Limited,2023-12-21,2028-12-20,Active,"Cream

17	NF-PP-338807	NORBAVATE CREAM 30GM	CLOBETASOL PROPIONATE 0.05%W/W	CLOBETASOL PROPIONATE 0.05%, Cetostearyl Alcohol, Chlorocresol, Propylene Glycol	A4-100669	Drugs	Imported Products	1*30g	Over The Counter (OTC)	7/3/2023	NORBARC PHARMACEUTICAL LIMITED, NO. 7 ABEOKUTA STREET EBUTE META	7036535830	norbarcpharm@yahoo.com	MARINE LIFE SCIENCES., PLOT NO.30 PHASE III (EXT) HPSIDC, BADDI DSTT. SOLAN (H.P) INDIA, India						",1 x 30 g (in Alu tube),"Each gram contains: Clobetasol Propionate 0.05% w/w
Excipients q.s.",https://admin.greenbook.nafdac.gov.ng/uploadImage/smpc_files/2023/12/31/20231231ca7e9aee-d02d-5732-8202-3b2cd74c9dfb.pdf,D07AD01,https://greenbook.nafdac.gov.ng/products/details/6863,2026-09-29T10:52:30.242228+00:00
Greenbook NAFDAC,4994,6925,Norbavate Plus Cream 30 g##,1,Drugs,"{'id': 1, 'name': 'Drugs', 'created_at': '-000001-11-30T00:00:00.000000Z', 'updated_at': '2022-03-17T16:53:12.000000Z', 'deleted_at': None}",1748,Clobetasol Propionate + Vitamin E,,A4-100670,4,Cream,21,Topical,0.05%; 1%,1249,Norbarc Pharmaceutical Limited,2023-12-21,2028-12-20,Active,"Cream

18	NF-PP-338816	NORBAVATE PLUS CREAM 3OGM	CLOBETASOL PROPIONATE 0.05%W/W +VITAMIN E	CLOBETASOL PROPIONATE 0.05%W/W, VITAMIN 1%w/w E	A4-100670	Drugs	Imported Products	1*30g	Over The Counter (OTC)	7/3/2023	NORBARC PHARMACEUTICAL LIMITED, NO. 7 ABEOKUTA STREET EBUTE META	7036535830	norbarcpharm@yahoo.com	MARINE LIFE SCIENCES., PLOT NO.30 PHASE III (EXT) HPSIDC, BADDI DSTT. SOLAN (H.P) INDIA, India",1 x 30 g (in Alu tube),"Each gram contains: Clobetasol Propionate 0.05% w/w, Vitamin E 1%
Excipients q.s.",https://admin.greenbook.nafdac.gov.ng/uploadImage/smpc_files/2023/12/31/2023123152a0a59d-81b1-58e3-abbd-f6f258d7fdab.pdf, D07AD0,https://greenbook.nafdac.gov.ng/products/details/6925,2026-09-29T10:52:30.242228+00:00
Greenbook NAFDAC,4995,10366,Norfix Cream##,1,Drugs,"{'id': 1, 'name': 'Drugs', 'created_at': '-000001-11-30T00:00:00.000000Z', 'updated_at': '2022-03-17T16:53:12.000000Z', 'deleted_at': None}",847,Triamcinolone; Econazole; Gentamicin,,B4-5699,4,Cream,21,Topical,0.1%; 1%; 0.1%,189,Greenlife Pharmaceutical Limited,2021-10-28,2026-10-27,Active,Topical Cream																																																																																																																												,1 x 30 g,"Each gram cream contains: Econazole Nitrate USP 10 mg, Triamcinolone Acetonide BP 1 mg, Gentamicin 1 mg",,,https://greenbook.nafdac.gov.ng/products/details/10366,2026-09-29T10:52:30.242228+00:00
Greenbook NAFDAC,4996,7665,Noristerat 200 mg/mL injection**,1,Drugs,"{'id': 1, 'name': 'Drugs', 'created_at': '-000001-11-30T00:00:00.000000Z', 'updated_at': '2022-03-17T16:53:12.000000Z', 'deleted_at': None}",687,Norethisterone enantate,,04-5715,107,Solution for injection,9,Intramuscular,200 mg/mL,133,Bayer Nigeria Limited,2024-02-28,2029-02-27,Active,Oily solution for intramuscular injection in 1-mL brown or colorless glass ampoule,1 mL x 100&#039;s (in brown or colorless glass ampoules),"Each mL contains 200 mg norethisterone enantate in oily solution

Excipients: Castor oil for injection, Benzyl benzoate",https://admin.greenbook.nafdac.gov.ng/uploadImage/smpc_files/2024/03/26/2024032600739cc4-5a71-523e-b1f4-66632ddfd6ad.pdf,G03DC02,https://greenbook.nafdac.gov.ng/products/details/7665,2026-09-29T10:52:30.242228+00:00
Greenbook NAFDAC,4997,10826,Normal Saline Infusion Sodium Chloride 0.9 g/500 mL_ (check strength),1,Drugs,"{'id': 1, 'name': 'Drugs', 'created_at': '-000001-11-30T00:00:00.000000Z', 'updated_at': '2022-03-17T16:53:12.000000Z', 'deleted_at': None}",374,Sodium Chloride,,A11-0235,43,Intravenous infusion,12,Intravenous,0.9 g/500 mL,27,Fidson Healthcare PLC,2024-01-31,2029-01-30,Active,"Solution for Infusion.

2	RNW-PP-299874	NORMAL SALINE INFUSION	SODIUM CHLORIDE 0.9/500ML W/V	SODIUM CHLORIDE 0.9G/500ML W/V	A11-0235	Drugs	Nigerian Products	500ML,250ML,100ML	POM 1	12/19/2022	FIDSON HEALTHCARE PLC, IKORODU ROAD, OBANIKORO LAGOS LAGOS	8023067964	nmakaokolo@yahoo.com	Fidson Healthcare Plc., KM 38, Lagos- Abeokuta Expressway Sango-ota, Ogun State., Nigeria","500 mL, 250 mL,100 mL",Each 500 mL solution contains: Sodium Chloride 0.9 g,https://admin.greenbook.nafdac.gov.ng/uploadImage/smpc_files/2024/11/30/2024113034727fad-7912-5bd0-ab8b-9c14b4d68751.pdf,B05XA03,https://greenbook.nafdac.gov.ng/products/details/10826,2026-09-29T10:52:30.242228+00:00
Greenbook NAFDAC,4998,10470,Normal Saline##,1,Drugs,"{'id': 1, 'name': 'Drugs', 'created_at': '-000001-11-30T00:00:00.000000Z', 'updated_at': '2022-03-17T16:53:12.000000Z', 'deleted_at': None}",374,Sodium Chloride,,04-0897,43,Intravenous infusion,12,Intravenous,0.9% w/v,154,Dana Pharmaceuticals Limited,2021-10-28,2026-10-27,Active,Solution for Infusion,1 x 500 mL; 1 x 1000 mL (in PVC pouches),"Each 100 mL contains: Sodium Chloride 0.9% w/v solution, Water for Injection B.P.
",https://admin.greenbook.nafdac.gov.ng/uploadImage/smpc_files/2025/01/29/202501293f223c0d-2382-5b68-b527-e882106da491.pdf,B05XA03,https://greenbook.nafdac.gov.ng/products/details/10470,2026-09-29T10:52:30.242228+00:00
Greenbook NAFDAC,4999,5330,Normodipin Tablet##,1,Drugs,"{'id': 1, 'name': 'Drugs', 'created_at': '-000001-11-30T00:00:00.000000Z', 'updated_at': '2022-03-17T16:53:12.000000Z', 'deleted_at': None}",284,Nifedipine,,A4-3639,77,Prolonged-release tablet,1,Oral,20 mg,444,Merit Healthcare Limited,2023-07-27,2028-07-26,Active,"Prolonged Release Tablet

73	RNW-PP-23161	Normodipin Tablet	NIFEDIPIN USP 20MG	NIFEDIPINE EXTENDED RELEASE TABLET USP 20MG (Each uncoated extended release tablets contains: Nifedipine USP 20mg Excipients Q.S.	A4-3639	Drugs	Imported Products	3*10	Prescription Only Medicine (POM)	2/8/2022	MERIT HEALTHCARE LTD, Iya-Oba House, 10 Dele Ashiru Street, Ire-Akari Estate, Isolo	8171273639	casmolar1@yahoo.com	Stallion Laboratories Pvt. Ltd, CIB- 305/2 &amp; 3, G.I.D.C Kerela (Bavla). Dist; Ahmedabad Gujarat. India, India
														
														
														
														
														
														
",3 x 10&#039;s,Each tablet contains: Nifedipine 20 mg,https://admin.greenbook.nafdac.gov.ng/uploadImage/smpc_files/2023/08/27/20230827808ddbb5-4d11-5f3f-a451-21f0dea896d2.pdf,C08CA05,https://greenbook.nafdac.gov.ng/products/details/5330,2026-09-29T10:52:30.242228+00:00
Greenbook NAFDAC,5000,5639,Norodexa Eye Drops##,1,Drugs,"{'id': 1, 'name': 'Drugs', 'created_at': '-000001-11-30T00:00:00.000000Z', 'updated_at': '2022-03-17T16:53:12.000000Z', 'deleted_at': None}",770,Dexamethasone,,A4-8399,24,Eye drops,15,Ophthalmic,0.1%,293,SKT Healthcare Pharmaceuticals Ltd,2023-08-31,2028-08-30,Active,"Ophthalmic Solution
Clear colorless to almost colorless solution filled in 10 mL plastic vials

NORODEXA EYE DROPS	DEXAMETHASONE 0.1%W/V	Dexamethasone Sodium Phosphate Ophthalmic Solution USP 0.1%w/v Excipients:Dexamethasone Phosphate, Phenyl Mercuric Nitrate BP, Sterile Aqueous Base	A4-8399	Drugs	Imported Products	1*10ml	Prescription Only Medicine (POM)	19/04/2022	SKT HEALTHCARE PHARMACEUTICALS LTD, OGUNLOWO ST OFF AWOLOWO WAY IKEJA IKEJA LAGOS	14534862	info@sktpharma.com	NITIN LIFESCIENCES LIMITED, RAMPUR GHAT ROAD, PAONTA SAHIB,DISTRICT-SIRMOUR (H.P.)- 173 025, INDIA, India												",1 x 10 mL vial,"Each mL contains: Dexamethasone Sodium Phosphate USP equivalent to Dexamethasone Phosphate 0.1% w/v, Phenyl Mercuric Nitrate BP 0.01% w/v, Sterile Aqueous Base q.s.
Excipients q.s.",https://admin.greenbook.nafdac.gov.ng/uploadImage/smpc_files/2023/09/05/20230905218c1eab-28d9-54e4-9284-dc3db7bdee04.pdf,S01CB01,https://greenbook.nafdac.gov.ng/products/details/5639,2026-09-29T10:52:30.242228+00:00
