source,source_id,name,generic_name,applicant_name,product_category,dosage_form,strength,pack_size,registration_number,status,description,composition,route_of_administration,atc_code,smpc_url,approval_date,expiry_date,source_url,scraped_at,source_position
greenbook,8875,10% Dextrose (500/1000 mL)**,Glucose,Dana Pharmaceuticals Limited,Drugs,Solution for infusion,10%,500 mL; 1000 mL (in Viaflo pouches),04-0858,Inactive,Solution for Intravenous Infusion,"Each 100 mL of solution contains: Dextrose Monohydrate BP 10 g w/v, Water for injection q.s. to 100 mL",Intravenous,B05BB02,https://admin.greenbook.nafdac.gov.ng/uploadImage/smpc_files/2025/01/29/2025012972bec18a-300c-5fbf-bb61-76a2186867c8.pdf,2021-08-03,2026-08-02,https://greenbook.nafdac.gov.ng/products/details/8875,2026-09-27T21:22:20.085187+00:00,1
greenbook,12440,10% DEXTROSE INFUSION $,Dextrose Anhydrous,Fidson Healthcare PLC,Drugs,Solution for infusion,10%,500 mL,A11-0237 ,Active,"10% DEXTROSE INFUSION	A11-0237		DEXTROSE ANHYDROUS		ELECTROLYTE REPLACEMENT	DRUG	GLUCOSE ANHYDROUS 10G/100ML	INFUSION X 500ML	INFUSION 	 500ML	PRESCRIPTION ONLY MEDICINE	USED TO TREAT SEVERE DIARRHOEA AND CHOLERA AND ALSO TO REPLACE BODY FLUID AND MINERAL SALTS THAT MAY BE LOST FOR A VARIETY OF MEDICAL REASONS	FIDSON HEALTHCARE PLC			KM. 38, LAGOS- ABEOKUTA EXPRESSWAY SANGO-OTA, OGUN STATE., NIGERIA	NIGERIA	FIDSON HEALTHCARE PLC			KM. 38, LAGOS- ABEOKUTA EXPRESSWAY SANGO-OTA, OGUN STATE., NIGERIA	NIGERIA		28TH OCTOBER, 2021	27TH OCTOBER, 2026
","Each 100 mL of solution contains: glucose anhydrous BP 10 g w/v,
Water for injection q.s. 

",Intravenous,B05BB02 ,https://admin.greenbook.nafdac.gov.ng/uploadImage/smpc_files/2026/03/03/20260303518d9c07-2898-5b62-b464-7c25b9068731.pdf,2021-10-28,2026-10-27,https://greenbook.nafdac.gov.ng/products/details/12440,2026-09-27T21:22:20.085187+00:00,2
greenbook,12441,1980 Azithromycin Tablets USP 500 mg $,Azithromycin (Azithromycin Dihydrate),1980 Pharmaceutical Limited,Drugs,Tablet,500mg,1X10 ,A4-101970,Active,"Azithromycin Tablets USP 500MG	Azithromycin Tablets USP 500MG	&quot;AZITHROMYCIN DIHYDRATE EQ. TO AZITHROMYCIN	ACTIVE	534.000&quot;	A4-101970	Drugs	Imported Product	1X10 TAB	14-07-2025	1980 PHARMACEUTICAL LIMITED, NO.D103, LAGOS LINE ABUBAKAR RIMI MARKET, KANO, , KANO	08098437975	1980pharmaceutical@gmail.com	SURMOUNT LABORATORIES PVT LTD, A2/4003, G.I.D.C INDUSTRIAL ESTATE, ANKLESHWAR, DIST- BHARUCH, GUJARAT, INDIA
","Each film coated tablet contains: Azithromycin Dihydrate USP equivalent to Azithromycin 500 mg 
Excipients q.s.  
",Oral,J01FA10 ,https://admin.greenbook.nafdac.gov.ng/uploadImage/smpc_files/2026/04/02/202604028396342c-8aef-5414-b82e-57b0302267d9.pdf,2026-02-24,2031-02-23,https://greenbook.nafdac.gov.ng/products/details/12441,2026-09-27T21:22:20.085187+00:00,3
greenbook,11525,1980 Pregabalin 150 mg Capsules**,Pregabalin,1980 Pharmaceutical Limited,Drugs,Capsule,150 mg,10 x 15&#039;s (in Alu-PVC blisters),A4-101466,Active,"Hard gelatin capsules.
A white color granular powder filled in size &quot;2&quot; RED/WHITE hard gelatin capsule","Pregabalin Capsules  BP 150 mg.
Each hard gelatin capsule contains: Pregabalin  BP 150 mg, Excipients q.s.
Approved color used in capsule shells",Oral,N02BF02,https://admin.greenbook.nafdac.gov.ng/uploadImage/smpc_files/2025/10/31/20251031a0dc19a1-dc7d-5a40-b70a-cdd22ae9b63f.pdf,2025-08-27,2030-08-26,https://greenbook.nafdac.gov.ng/products/details/11525,2026-09-27T21:22:20.085187+00:00,4
greenbook,8380,3-Xon Cream**,Clobetasol; Ketoconazole; Neomycin,Onifam Laboratories Limited,Drugs,Cream,0.25 mg/g; 10 mg/g; 5000 IU/g,30 g tube,A4-101048,Active,White coloured smooth cream,"Ketoconazole, Clobetasol Propionate &amp; Neomycin Sulphate Cream.
Each gram of cream contains: Ketoconazole BP 10 mg (1.0% w/w), Clobetasol Propionate BP 0.25 mg (0.025% w/w), and Neomycin Sulphate BP 5000 IU

Excipients:
White soft Paraffin BP, Cetostearyl Alcohol BP, Cetomacrogol 1000 BP, Light Liquid Paraffin BP, Purified Water BP, Chlorocresol BP, Propylene Glycol BP, Butylated Hydroxy Toluene BP",Topical,D07CD01,https://admin.greenbook.nafdac.gov.ng/uploadImage/smpc_files/2024/11/03/202411039ce3fd15-1d61-5f8e-98a5-df161a4c6866.pdf,2024-09-25,2029-09-24,https://greenbook.nafdac.gov.ng/products/details/8380,2026-09-27T21:22:20.085187+00:00,5
greenbook,8847,3K Cream**,Betamethasone; Clotrimazole; Neomycin sulfate,Kayhelt Pharma Limited,Drugs,Cream,0.05%; 1%; 0.5%,1 x 20 g (in Lami tube),B4-0452,Active,Cream,"Clotrimazole 1% w/w, Betamethasone Dipropionate equiv. to Betamethasone 0.05% w/w, Neomycin Sulphate 0.5% w/w",Topical,G01BF,,2021-10-28,2026-10-27,https://greenbook.nafdac.gov.ng/products/details/8847,2026-09-27T21:22:20.085187+00:00,6
greenbook,7592,4.3% Dextrose and Saline Infusion**,Glucose; Sodium Chloride,Fidson Healthcare PLC,Drugs,Solution for infusion,4.3%; 0.18%,500 mL (in LDPE bag),A11-0325,Active,"Solution for infusion.
Clear solution, free from visible particles","4.3?xtrose and 0.18% saline solution for infusion BP.
Each 100 mL of solution contains: Glucose (as monohydrate) 4.3 g, Sodium chloride 0.18 g, Water for injection q.s.",Intravenous,B05BB02,https://admin.greenbook.nafdac.gov.ng/uploadImage/smpc_files/2024/02/17/20240217ec29e050-287e-5c39-9dc6-a67b62c14a65.pdf,2024-01-31,2029-01-30,https://greenbook.nafdac.gov.ng/products/details/7592,2026-09-27T21:22:20.085187+00:00,7
greenbook,8871,4.3% Dextrose Saline (500 mL)**,Glucose; Sodium Chloride,Dana Pharmaceuticals Limited,Drugs,Solution for infusion,4.3%; 0.18%,500 mL (in Viaflo pouch),04-1215,Active,Intravenous Infusion,"Each 100 mL of solution contains: Dextrose Monohydrate BP 4.3 g w/v, Sodium chloride 0.18 g w/v, Water for injection q.s. to 100 mL",Intravenous,B05BB02,https://admin.greenbook.nafdac.gov.ng/uploadImage/smpc_files/2025/01/29/202501299051d751-ce27-5da1-9f37-2f2e1bfefcb2.pdf,2021-10-28,2026-10-27,https://greenbook.nafdac.gov.ng/products/details/8871,2026-09-27T21:22:20.085187+00:00,8
greenbook,8872,5% Dextrose (500/1000 mL)**,Anhydrous  Dextrose,Dana Pharmaceuticals Limited,Drugs,Solution for infusion,5%,500 mL; 1000 mL (in Viaflo pouches),04-0857,Inactive,Intravenous Infusion,"Each 100 mL of solution contains: Dextrose Monohydrate BP 5 g w/v, Water for injection q.s. to 100 mL",Intravenous,B05BB02,https://admin.greenbook.nafdac.gov.ng/uploadImage/smpc_files/2025/01/29/20250129541354a7-8952-592f-9b9a-1110954208f9.pdf,2021-08-03,2026-08-02,https://greenbook.nafdac.gov.ng/products/details/8872,2026-09-27T21:22:20.085187+00:00,9
greenbook,7360,5% Dextrose and Normal Saline Infusion**,Glucose; Sodium Chloride,Fidson Healthcare PLC,Drugs,Solution for infusion,5%; 0.9%,250 mL; 500 mL; 1000 mL (in transparent LDPE bottles),A11-0236,Active,"Solution for infusion.
Clear solution, free from visible particles",Each mL of solution contains 50 mg Glucose (as monohydrate) and 9.0 mg Sodium chloride,Intravenous,B05BB02,https://admin.greenbook.nafdac.gov.ng/uploadImage/smpc_files/2024/02/17/2024021724aee4c1-7625-5911-bb66-7c6285d185de.pdf,2024-01-31,2029-01-30,https://greenbook.nafdac.gov.ng/products/details/7360,2026-09-27T21:22:20.085187+00:00,10
greenbook,7361,5% Dextrose Infusion**,Glucose,Fidson Healthcare PLC,Drugs,Solution for infusion,5%,250 mL; 500 mL; 1000 mL (in transparent LDPE bottles),A11-0240,Active,"Solution for infusion.
Colourless to faintly straw-coloured solution without visible particles in bags, individually overwrapped",Each litre of solution contains: Dextrose (glucose) monohydrate equivalent to 50.00 g anhydrous Dextrose,Intravenous,B05BB02,https://admin.greenbook.nafdac.gov.ng/uploadImage/smpc_files/2024/02/17/2024021731e75aae-43fc-5522-ae70-b31aabbaf199.pdf,2024-01-31,2029-01-30,https://greenbook.nafdac.gov.ng/products/details/7361,2026-09-27T21:22:20.085187+00:00,11
greenbook,8873,5% Dextrose Saline (500/1000 mL)**,Glucose; Sodium Chloride,Dana Pharmaceuticals Limited,Drugs,Solution for infusion,5%; 0.9%,500 mL; 1000 mL (in Viaflo pouches),04-1055,Inactive,"Solution for infusion.
Clear solution, free from visible particles.
Osmolarity: 585 mosm/L (approx.)
pH: 3.5 to 6.5 ","Each 100 mL of solution contains: Glucose (as Monohydrate) BP 5 g w/v, Sodium chloride 0.9 g w/v, Water for injection q.s. to 100 mL",Intravenous,B05BB02,https://admin.greenbook.nafdac.gov.ng/uploadImage/smpc_files/2025/01/29/2025012955fa3bb4-8bc6-531d-9a91-28f097b96500.pdf,2021-08-03,2026-08-02,https://greenbook.nafdac.gov.ng/products/details/8873,2026-09-27T21:22:20.085187+00:00,12
greenbook,8874,50% Dextrose (100 mL)**,Glucose,Dana Pharmaceuticals Limited,Drugs,Solution for infusion,50%,100 mL (in clear colourless glass infusion bottle),04-0859,Inactive,Solution for Infusion,"Each 100 mL of solution contains: Dextrose Monohydrate BP 50 g w/v, Water for injection q.s. to 100 mL",Intravenous,B05BB02,https://admin.greenbook.nafdac.gov.ng/uploadImage/smpc_files/2025/01/30/20250130ba174c1a-b4e0-512b-ba5a-b9456023a0fa.pdf,2021-08-26,2026-08-25,https://greenbook.nafdac.gov.ng/products/details/8874,2026-09-27T21:22:20.085187+00:00,13
greenbook,7780,A-B Arteether Injection**,α-β Arteether,Malven Medics International Company Ltd,Drugs,Solution for injection,150 mg/2 mL,2 mL x 3&#039;s (in amber glass ampoules), A4-100942,Active,Oily solution for injection in 2-mL amber glass ampoule,"Alpha Beta Arteether Injection 150 mg/2 mL.
Each 2 mL solution contains: Alpha Beta Arteether (In House) 150 mg, Ethyl Oleate BP q.s.",Intramuscular,P01BE04,https://admin.greenbook.nafdac.gov.ng/uploadImage/smpc_files/2024/09/15/20240915dbfd050e-cc2f-5a5c-b5c0-c9f7dc88c85d.pdf,2024-07-31,2029-07-30,https://greenbook.nafdac.gov.ng/products/details/7780,2026-09-27T21:22:20.085187+00:00,14
greenbook,11361,a-ß Arteether Injection 150 mg/2 mL_,α-β Arteether,Naxos Healthcare Ltd,Drugs,Solution for injection,150 mg/2 mL,2 mL x 3&#039;s (in amber glass ampoules),A4-101363,Active,"Oily solution for injection in 2-mL amber glass ampoule.
Clear and slightly yellow solution free from visible particles and fibres","Alpha Beta Arteether Injection 150 mg/2 mL.
Each 2 mL solution contains: Alpha Beta Arteether 150 mg, Arachis Oil BP q.s. ",Intramuscular,P01BE,https://admin.greenbook.nafdac.gov.ng/uploadImage/smpc_files/2025/07/24/2025072413696fdb-b056-51b2-8771-77e4d81e8368.pdf,2025-06-25,2030-06-24,https://greenbook.nafdac.gov.ng/products/details/11361,2026-09-27T21:22:20.085187+00:00,15
greenbook,643,Aarodol 100 Capsule**,Tramadol Hydrochloride,Ugo Lab Productions (Nig). Ltd,Drugs,Capsule,100 mg,1 x 10&#039;s (in PVC-Alu blister),B4-3103,Inactive,Hard Gelatin Capsule,"Each capsule contains: Tramadol Hydrochloride 100 mg, Excipients q.s.",Oral,N02AX02,https://admin.greenbook.nafdac.gov.ng/uploadImage/smpc_files/2023/05/27/20230527df555986-70c4-5bb4-b487-1cc720ba5541.pdf,2021-05-27,2026-05-26,https://greenbook.nafdac.gov.ng/products/details/643,2026-09-27T21:22:20.085187+00:00,16
greenbook,12448,AARODOL 50 CAPSULE $,Tramadol Hydrochloride,Ugo Lab Productions (Nig). Ltd,Drugs,Capsule,50mg,10 x 10 pack,B4-3102,Active,"AARODOL 50 CAPSULE	&quot;TRAMADOL HYDROCHLORIDE 	BP	50.00
PURIFIED TALC 	BP	4.00
MAIZE STARCH	BP	45.20
MAGNESIUM STEARATE	BP	0.80
EMPTY HARD GELATIN SIZE &#039;&#039;4&#039;&#039; GREEN/ YELLOW CAPSULE 	IH	1 CAPSULE
&quot;	B4-3102	Drugs	Imported Product	10*10pack	06-05-2026	UGO LAB PRODUCTIONS (NIG). LTD, 31A,BURMA ROAD,SABON GARI,KANO STATE	064944047	ugolabpharm@yahoo.com	ASTAMED HEALTHCARE PVT LTD, PLOT NO. 2 &amp; 3, PHASE 11, GENESIS IND. COMPLEX, KALGAON, PALGHAR, DIST: THANE, MAHARASHTRA, INDIA","Each Hard gelatin Capsule Contains: 
Tramadol Hydrochloride BP …………... 50 mg 
Excipients…………................................…......q.s. ",Oral,N02AX02 ,https://admin.greenbook.nafdac.gov.ng/uploadImage/smpc_files/2026/07/30/20260730f324e76d-549a-5bc9-af24-c0b86a3dfb9c.pdf,2026-06-30,2031-06-29,https://greenbook.nafdac.gov.ng/products/details/12448,2026-09-27T21:22:20.085187+00:00,17
greenbook,644,Aarodol 50 Capsule**,Tramadol Hydrochloride,Ugo Lab Productions (Nig). Ltd,Drugs,Capsule,50 mg,10 x 10&#039;s (in PVC-Alu blisters),B4-3102,Inactive,Hard Gelatin Capsule,"Each capsule contains: Tramadol Hydrochloride 50 mg, Excipients q.s.",Oral,N02AX02,https://admin.greenbook.nafdac.gov.ng/uploadImage/smpc_files/2023/05/27/20230527fd693435-81c1-5ed9-9b5d-28e4f8ecdd53.pdf,2021-05-27,2026-05-26,https://greenbook.nafdac.gov.ng/products/details/644,2026-09-27T21:22:20.085187+00:00,18
greenbook,2639,Abacavir & Lamivudine Tablets 600/300 mg_,Abacavir; Lamivudine,Ranbaxy Nigeria Limited,Drugs,Tablet,600 mg; 300 mg,"1 x 30&#039;s, 1 x 90&#039;s (in HDPE bottles)",A4-100079,Inactive,"Film-Coated Tablet.
Orange colored, capsule-shaped, film-coated tablet, debossed with &quot;RF-90&quot; on one side and plain on other side","Each film-coated tablet contains: Abacavir Sulfate equiv. to Abacavir 600 mg, and Lamivudine 300 mg
Excipients q.s.
Color: Sunset Yellow FCF 1.538 mg",Oral,J05AR02,https://admin.greenbook.nafdac.gov.ng/uploadImage/smpc_files/2023/05/27/2023052755eea184-ca28-5dbf-963a-6350e3f63e18.pdf,2021-08-26,2026-08-25,https://greenbook.nafdac.gov.ng/products/details/2639,2026-09-27T21:22:20.085187+00:00,19
greenbook,2640,Abacavir (as Sulfate) and Lamivudine Dispersible Tablets 120 mg/60 mg**,Abacavir; Lamivudine,Healthline Limited,Drugs,Dispersible tablet,120 mg; 60 mg,,C4-1181,Inactive,Dispersible tablet,Abacavir (as Sulfate) 120 mg and Lamivudine Dispersible 60 mg,Oral,J05AR02,,2020-11-10,2025-11-09,https://greenbook.nafdac.gov.ng/products/details/2640,2026-09-27T21:22:20.085187+00:00,20
greenbook,2641,Abacavir Sulfate & Lamivudine Tablet_,Abacavir; Lamivudine,Hetero Labs Nigeria Limited,Drugs,Tablet,600 mg; 300 mg,,C4-1202,Inactive,Tablet,"Each tablet contains: Abacavir 600 mg, Lamivudine 300 mg",Oral,J05AR02,https://admin.greenbook.nafdac.gov.ng/uploadImage/smpc_files/2025/03/24/20250324acba673f-8446-52d6-a06a-ebea85da6388.pdf,2020-11-10,2025-11-09,https://greenbook.nafdac.gov.ng/products/details/2641,2026-09-27T21:22:20.085187+00:00,21
greenbook,2642,Abacavir Sulfate And Lamivudine Dispersible Tablets 60 mg/30 mg##,Abacavir; Lamivudine,Healthline Limited,Drugs,Dispersible tablet,60 mg; 30 mg,,C4-1180,Inactive,Dispersible Tablet,"Each tablet contains: Abacavir 60 mg, Lamivudine 30 mg",Oral,J05AR02,,2020-11-10,2025-11-09,https://greenbook.nafdac.gov.ng/products/details/2642,2026-09-27T21:22:20.085187+00:00,22
greenbook,7747,Abacavir Sulfate and Lamivudine Tablets**,Abacavir Sulfate; Lamivudine,Phillips Pharmaceuticals (Nigeria) Limited,Drugs,Tablet,600mg; 300mg,1 x 30&#039;s,C4-1535,Inactive,,,Oral,J05AR02,,2021-01-28,2026-01-27,https://greenbook.nafdac.gov.ng/products/details/7747,2026-09-27T21:22:20.085187+00:00,23
greenbook,2635,Abacavir Tablets_,Abacavir Sulfate,Hetero Labs Nigeria Limited,Drugs,Tablet,300 mg,,B4-3826,Inactive,"Tablet.
Yellow-coloured, biconvex, capsule-shaped, film-coated tablets debossed with &quot;H&quot; on one side, and &quot;139&quot; on other side, separating &#039;13&#039; and &#039;9&#039; with scoreline.",Each tablet contains: Abacavir Sulfate USP equiv. to Abacavir 300 mg,Oral,J05AF06,https://admin.greenbook.nafdac.gov.ng/uploadImage/smpc_files/2025/03/24/20250324818f455c-9307-5a09-bb8b-13c5046e2236.pdf,2020-11-10,2025-11-09,https://greenbook.nafdac.gov.ng/products/details/2635,2026-09-27T21:22:20.085187+00:00,24
greenbook,7986,"Abacavir, Dolutegravir and Lamivudine Tablets 600 mg/50 mg/300 mg**",Dolutegravir (Dolutegravir Sodium); Abacavir; Lamivudine,Jyna Pharma Ltd,Drugs,Tablet,50 mg; 600 mg; 300 mg,1 x 30&#039;s; 1 x 90&#039;s; 1 x 180&#039;s (in bottles),A4-100982,Active,"Film-coated tablet.
Dark red colored, oval shaped, biconvex film coated tablets debossed with &#039;ALD&#039; on one side and plain on the other side","Each film-coated tablet contains: Abacavir sulfate USP equivalent to 600 mg of Abacavir, Dolutegravir sodium equivalent to 50 mg of Dolutegravir and 300 mg of Lamivudine USP.
This medicinal product contains mannitol",Oral,,https://admin.greenbook.nafdac.gov.ng/uploadImage/smpc_files/2024/09/29/2024092925f808f5-c9b9-5f77-9740-c8826bcdc604.pdf,2024-08-28,2029-08-27,https://greenbook.nafdac.gov.ng/products/details/7986,2026-09-27T21:22:20.085187+00:00,25
greenbook,5494,Abdoe-Bismuth**,Bismuth Subsalicylate,Jehyson Healthcare Ltd,Drugs,Suspension,262 mg/15 mL,150 mL (in PET bottle),A11-100490,Active,"Oral Suspension.
Pinkish colored suspension in a PET bottle and a plastic cap",Each 15 mL suspension contains: Bismuth subsalicylate 262 mg,Oral,A07BB,https://admin.greenbook.nafdac.gov.ng/uploadImage/smpc_files/2023/09/25/2023092532c1e9af-3536-5746-9a8c-c5161dbf4546.pdf,2023-04-26,2028-04-25,https://greenbook.nafdac.gov.ng/products/details/5494,2026-09-27T21:22:20.085187+00:00,26
greenbook,8734,Abeemal Injection**,α-β Arteether,"Abackson Pharmaceuticals Limited,",Drugs,Solution for injection,150 mg/2 mL,2 mL x 3&#039;s (in amber glass ampoules),A4-101076,Active,"Oily solution for injection in 2-mL amber glass ampoule.
A clear pale-yellow liquid","α-β Arteether Injection 150 mg/2 mL.
Each 2 mL ampoule contains: α-β Arteether 150 mg, Arachis Oil BP q.s.",Intramuscular,P01BE,https://admin.greenbook.nafdac.gov.ng/uploadImage/smpc_files/2024/12/16/2024121618d8ea11-3aa8-5788-98c3-72264db61c05.pdf,2024-11-22,2029-11-21,https://greenbook.nafdac.gov.ng/products/details/8734,2026-09-27T21:22:20.085187+00:00,27
greenbook,12172,Abirat 500 Tablet_,Abiraterone Acetate,Hetero Labs Nigeria Limited,Drugs,Tablet,500 mg,1 x 60&#039;s (in HDPE container),A4-101705,Active,"Tablet.
White-colored, oval-shaped, film-coated tablets debossed with &quot;H&quot; on one side and &quot;A65&quot; on the other side, free from physical defects","Each tablet contains: Abiraterone Acetate 500 mg
Excipients q.s.",Oral,L02BX03,https://admin.greenbook.nafdac.gov.ng/uploadImage/smpc_files/2025/12/12/20251212911a0492-36c6-57fe-9ba8-4c6c0e5d6127.pdf,2025-11-26,2030-11-25,https://greenbook.nafdac.gov.ng/products/details/12172,2026-09-27T21:22:20.085187+00:00,28
greenbook,11399,Abiraterone 250 mg Tablet_,Abiraterone Acetate,C.G. Biostadt Company Limited,Drugs,Tablet,250 mg,"1 x 120&#039;s (in HDPE bottle, or in blisters)",A4-101490,Active,"Film-coated tablet
",Each film-coated tablet contains: Abiraterone acetate 250 mg,Oral,L02BX03,https://admin.greenbook.nafdac.gov.ng/uploadImage/smpc_files/2025/10/07/2025100759aef5b1-9b4a-55aa-87a4-5da84dc2528e.pdf,2025-08-27,2030-08-26,https://greenbook.nafdac.gov.ng/products/details/11399,2026-09-27T21:22:20.085187+00:00,29
greenbook,9641,Ablept 300 Capsules**,Gabapentin,Micro Nova Pharmaceuticals Ind Ltd,Drugs,Capsule,300 mg,3 x 10&#039;s,B4-9460,Active,"Capsule, hard",Each hard gelatin capsule contains: Gabapentin USP 300 mg,Oral,N02BF01,https://admin.greenbook.nafdac.gov.ng/uploadImage/smpc_files/2025/05/12/2025051210cf7504-982c-51c4-ace7-6b580d2fc254.pdf,2025-01-30,2030-01-29,https://greenbook.nafdac.gov.ng/products/details/9641,2026-09-27T21:22:20.085187+00:00,30
greenbook,5503,Abther 150 Injection**,α-β Arteether,Greenlife Pharmaceutical Limited,Drugs,Solution for injection,150 mg/2 mL,2 mL x 3&#039;s (in amber glass ampoules),B4-7301,Active,"Oily solution for injection in 2-mL ampoule.
A colourless to pale yellow liquid, filled and sealed in an amber glass ampoule","Each 2 mL solution contains: Alpha Beta Arteether 150 mg, Arachis oil BP q.s.",Intramuscular,P01BE,https://admin.greenbook.nafdac.gov.ng/uploadImage/smpc_files/2024/12/26/2024122662809137-70db-5aa1-b00e-3f3c0ee3d78d.pdf,2023-03-28,2028-03-27,https://greenbook.nafdac.gov.ng/products/details/5503,2026-09-27T21:22:20.085187+00:00,31
greenbook,5898,Abther 225 Injection**,α-β Arteether,Greenlife Pharmaceutical Limited,Drugs,Solution for injection,225 mg/3 mL,3 mL x 3&#039;s (in amber glass ampoules),B4-7300,Active,"Oily solution for injection in 3-mL ampoule.
A colourless to pale yellow liquid, filled and sealed in an amber glass ampoule","Each 3 mL solution contains: Alpha Beta Arteether 225 mg, Arachis oil BP q.s.",Intramuscular,P01BE,https://admin.greenbook.nafdac.gov.ng/uploadImage/smpc_files/2023/09/28/202309280ca84257-a542-5942-8aed-d6a781c8146c.pdf,2023-04-26,2028-04-25,https://greenbook.nafdac.gov.ng/products/details/5898,2026-09-27T21:22:20.085187+00:00,32
greenbook,6628,AC-Ancillin Suspension**,Ampicillin (Ampicillin Trihydrate),A.C. Drugs Ltd,Drugs,Powder for suspension,125 mg/5 mL,,04-6148,Active,Powder for Oral Suspension,Each 5 mL reconstituted suspension contains: Ampicillin Trihydrate equiv. to Ampicillin 125 mg,Oral,J01CA01,https://admin.greenbook.nafdac.gov.ng/uploadImage/smpc_files/2024/01/02/20240102ea1dcce7-b5d8-5cac-8c17-5555e2fbf52e.pdf,2023-12-21,2028-12-20,https://greenbook.nafdac.gov.ng/products/details/6628,2026-09-27T21:22:20.085187+00:00,33
greenbook,11727,AC-Asma-F Tablet**,Ephedrine Hydrochloride; Theophylline Hydrochloride; Chlorphenamine Maleate,A.C. Drugs Ltd,Drugs,Tablet,16 mg; 60 mg; 2 mg,10 x 10&#039;s,A4-7561,Active,"Uncoated Tablets.
White to off-white, round, flat-faced, uncoated tablets
Plain surface, no embossing or score line
Odourless, solid oral dosage form","Each tablet contains: Chlorpheniramine Maleate 2 mg, Ephedrine Hydrochloride 16 mg, Theophylline 60 mg",Oral,Pending,https://admin.greenbook.nafdac.gov.ng/uploadImage/smpc_files/2025/11/18/20251118ff8ddfa9-fd7b-590d-9d32-acda1d3051fc.pdf,2025-09-24,2030-09-23,https://greenbook.nafdac.gov.ng/products/details/11727,2026-09-27T21:22:20.085187+00:00,34
greenbook,6636,AC-Ciprofloxacin Tablet**,Ciprofloxacin,A.C. Drugs Ltd,Drugs,Tablet,500 mg,10 x 1 x 10&#039;s (in blisters),A11-0153,Active,Tablet,Ciprofloxacin 500 mg,Oral,J01MA02,https://admin.greenbook.nafdac.gov.ng/uploadImage/smpc_files/2024/12/11/20241211343dca40-c49d-5441-8a2f-a6be16dca9e0.pdf,2023-12-21,2028-12-20,https://greenbook.nafdac.gov.ng/products/details/6636,2026-09-27T21:22:20.085187+00:00,35
greenbook,6634,AC-Ciprotinad Tablet**,Ciprofloxacin (Ciprofloxacin Hydrochloride); Tinidazole,A.C. Drugs Ltd,Drugs,Tablet,500 mg; 600 mg,10 x 10&#039;s,A11-0371,Active,Tablet,"Each tablet contains: Ciprofloxacin 500 mg, Tinidazole 600 mg",Oral,,https://admin.greenbook.nafdac.gov.ng/uploadImage/smpc_files/2024/12/18/20241218a2a9c7f9-4a75-5983-b73c-76243d62ca91.pdf,2023-12-21,2028-12-20,https://greenbook.nafdac.gov.ng/products/details/6634,2026-09-27T21:22:20.085187+00:00,36
greenbook,6630,AC-Clox Capsule**,Ampicillin (Ampicillin Trihydrate); Cloxacillin (Cloxacillin Sodium),A.C. Drugs Ltd,Drugs,Capsule,500 mg; 500 mg,2 x 10&#039;s (in blisters),A4-7563,Active,Capsule,Ampicillin 500 mg Cloxacillin 500 mg,Oral,J01CR01,https://admin.greenbook.nafdac.gov.ng/uploadImage/smpc_files/2024/12/18/202412188d45ada5-40ea-59b6-be72-4e5ca3b07094.pdf,2023-12-21,2028-12-20,https://greenbook.nafdac.gov.ng/products/details/6630,2026-09-27T21:22:20.085187+00:00,37
greenbook,6643,AC-Clox Drops**,Ampicillin (Ampicillin Trihydrate); Cloxacillin (Cloxacillin Sodium),A.C. Drugs Ltd,Drugs,Suspension/Drops,60 mg/0.6 mL; 30 mg/0.6 mL,10 mL,04-5746,Active,Powder for Oral Suspension,"Each 0.6 mL reconstituted suspension contains: Ampicillin Trihydrate equiv. to Ampicillin 60 mg, Cloxacillin Sodium equiv. to Cloxacillin 30 mg",Oral,J01CR01,https://admin.greenbook.nafdac.gov.ng/uploadImage/smpc_files/2024/12/18/2024121811084887-b664-5a2a-ad8b-f09c7f88ca0d.pdf,2023-12-21,2028-12-20,https://greenbook.nafdac.gov.ng/products/details/6643,2026-09-27T21:22:20.085187+00:00,38
greenbook,6644,AC-Clox Suspension**,Ampicillin (Ampicillin Trihydrate); Cloxacillin (Cloxacillin Sodium),A.C. Drugs Ltd,Drugs,Powder for suspension,125 mg/5 mL; 125 mg/5 mL,100 mL,A11-0152,Active,Powder for Oral Suspension,"Each 5 mL reconstituted suspension contains: Ampicillin Trihydrate equiv. to Ampicillin 125 mg, Cloxacillin Sodium equiv. to Cloxacillin 125 mg",Oral,J01CR01,https://admin.greenbook.nafdac.gov.ng/uploadImage/smpc_files/2024/12/18/202412189c363284-bf07-528d-a54d-85060c9e12fd.pdf,2023-12-21,2028-12-20,https://greenbook.nafdac.gov.ng/products/details/6644,2026-09-27T21:22:20.085187+00:00,39
greenbook,12313,AC-Denafil Tablets 100 mg**,Sildenafil (Sildenafil Citrate),A.C. Drugs Ltd,Drugs,Tablet,100 mg,25 x 1 x 4&#039;s (in PVC blisters),A11-101027,Active,"Film-Coated Tablet.
A blue diamond shaped film-coated tablet","Each tablet contains: Sildenafil Citrate USP equiv. to Sildenafil 100 mg, Excipients q.s.
Color: Approved color used",Oral,G04BE03,https://admin.greenbook.nafdac.gov.ng/uploadImage/smpc_files/2025/12/16/20251216b2dec6ef-26f4-5044-b6a5-b634bf4f14fb.pdf,2025-11-26,2030-11-25,https://greenbook.nafdac.gov.ng/products/details/12313,2026-09-27T21:22:20.085187+00:00,40
greenbook,4666,AC-Diazepam_,Diazepam,A.C. Drugs Ltd,Drugs,Tablet,5 mg,10 x 10&#039;s (in PVC-Alu blisters),A11-100499,Active,"Tablet.
Round, pale-yellow tablet","Each tablet contains: Diazepam 5 mg
Excipients q.s.",Oral,N05BA01,https://admin.greenbook.nafdac.gov.ng/uploadImage/smpc_files/2023/10/02/20231002134fc447-8c8d-5635-a26b-cdacd666c753.pdf,2023-05-25,2028-05-24,https://greenbook.nafdac.gov.ng/products/details/4666,2026-09-27T21:22:20.085187+00:00,41
greenbook,6645,AC-Diclo 100 Tablet**,Diclofenac Sodium,A.C. Drugs Ltd,Drugs,Tablet,100 mg,1 x 10&#039;s (in blister),A4-0952,Active,Tablet,Diclofenac sodium 100 mg,Oral,M01AB05,https://admin.greenbook.nafdac.gov.ng/uploadImage/smpc_files/2024/12/11/20241211a74a144c-05ed-50d3-b996-7ef1f4920b42.pdf,2023-12-21,2028-12-20,https://greenbook.nafdac.gov.ng/products/details/6645,2026-09-27T21:22:20.085187+00:00,42
greenbook,6646,AC-Diclo 50**,Diclofenac Sodium,A.C. Drugs Ltd,Drugs,Tablet,50 mg,10 x 10&#039;s,A11-0414,Active,Tablet,Diclofenac sodium 50 mg,Oral,M01AB05,https://admin.greenbook.nafdac.gov.ng/uploadImage/smpc_files/2024/12/18/20241218b66ca5eb-5f3b-5f97-bfef-68ea42e966dd.pdf,2023-12-21,2028-12-20,https://greenbook.nafdac.gov.ng/products/details/6646,2026-09-27T21:22:20.085187+00:00,43
greenbook,6647,AC-Drex Tablet**,Paracetamol; Caffeine,A.C. Drugs Ltd,Drugs,Tablet,500 mg; 30 mg,10 x 10&#039;s (in blisters),A11-0551,Active,Tablet,"Each tablet contains: Paracetamol 500 mg, Caffeine 30 mg",Oral,N02BE51,https://admin.greenbook.nafdac.gov.ng/uploadImage/smpc_files/2024/12/11/20241211e6fe457d-53a7-5811-a567-850ab5140ae0.pdf,2023-12-21,2028-12-20,https://greenbook.nafdac.gov.ng/products/details/6647,2026-09-27T21:22:20.085187+00:00,44
greenbook,6660,AC-Fed Tablet**,Chlorphenamine Maleate,A.C. Drugs Ltd,Drugs,Tablet,4 mg,10 x 10&#039;s (in blisters),A11-0154,Active,Tablet,Each tablet contains: Chlorpheniramine maleate 4 mg,Oral,R06AB04,https://admin.greenbook.nafdac.gov.ng/uploadImage/smpc_files/2024/12/28/20241228dc07d97a-f3a1-55bb-84b9-d02b49dbff2b.pdf,2023-12-21,2028-12-20,https://greenbook.nafdac.gov.ng/products/details/6660,2026-09-27T21:22:20.085187+00:00,45
greenbook,5495,AC-Flunitrazepam_,Flunitrazepam,A.C. Drugs Ltd,Drugs,Tablet,1 mg,3 x 10&#039;s (in Alu blisters),A11-100485,Active,"Coated Tablet.
Pale-green, oblong, film-coated tablets with sharp edges","Each tablet contains: Flunitrazepam 1 mg
Excipients q.s.",Oral,N05CD03,https://admin.greenbook.nafdac.gov.ng/uploadImage/smpc_files/2024/12/11/20241211889f9701-eb2e-5d09-af38-280a1c5a4c6d.pdf,2023-04-26,2028-04-25,https://greenbook.nafdac.gov.ng/products/details/5495,2026-09-27T21:22:20.085187+00:00,46
greenbook,7987,AC-Ibu 200 Tablet**,Ibuprofen,A.C. Drugs Ltd,Drugs,Tablet,200 mg,,A11-0501,Active,Tablet,Ibuprofen 200 mg,Oral,M01AE01,https://admin.greenbook.nafdac.gov.ng/uploadImage/smpc_files/2024/12/01/20241201cb43abba-b1f6-5fd0-a9f4-23ebba613e4c.pdf,2024-08-28,2029-08-27,https://greenbook.nafdac.gov.ng/products/details/7987,2026-09-27T21:22:20.085187+00:00,47
greenbook,6648,AC-Mol Drops**,Paracetamol,A.C. Drugs Ltd,Drugs,Solution/Drops,100 mg/mL,15 mL bottle with dropper,A11-0131,Active,Oral Drops,Each mL contains: Paracetamol BP 100 mg,Oral,N02BE01,https://admin.greenbook.nafdac.gov.ng/uploadImage/smpc_files/2024/12/18/20241218c4cb717d-9144-583a-b065-3913044ddc12.pdf,2023-12-21,2028-12-20,https://greenbook.nafdac.gov.ng/products/details/6648,2026-09-27T21:22:20.085187+00:00,48
greenbook,7988,AC-Motil Capsule**,Loperamide Hydrochloride,A.C. Drugs Ltd,Drugs,Capsule,2 mg,1 x 10&#039;s (in blister),A11-0552,Active,Capsule,Loperamide 2 mg,Oral,A07DA03,https://admin.greenbook.nafdac.gov.ng/uploadImage/smpc_files/2024/12/11/202412115c7799c6-0540-5f78-b64e-48a7dd3f15ac.pdf,2024-08-28,2029-08-27,https://greenbook.nafdac.gov.ng/products/details/7988,2026-09-27T21:22:20.085187+00:00,49
greenbook,6662,AC-Ome 20 Capsule**,Omeprazole,A.C. Drugs Ltd,Drugs,Capsule,20 mg,10 x 10&#039;s (in blisters),A4-4958,Active,Capsule,Omeprazole 20 mg,Oral,A02BC01,https://admin.greenbook.nafdac.gov.ng/uploadImage/smpc_files/2024/12/18/202412187253f13b-5b0e-556d-8738-0ca4fa51f156.pdf,2023-12-21,2028-12-20,https://greenbook.nafdac.gov.ng/products/details/6662,2026-09-27T21:22:20.085187+00:00,50
greenbook,6642,AC-Tramadol Capsule**,Tramadol Hydrochloride,A.C. Drugs Ltd,Drugs,Capsule,100 mg,10 x 10&#039;s (in blisters),A4-7559,Active,Hard gelatin capsule,Tramadol hydrochloride 100 mg,Oral,N02AX02,https://admin.greenbook.nafdac.gov.ng/uploadImage/smpc_files/2024/12/11/20241211c7a1e074-602b-5a23-a416-c9f34485332d.pdf,2023-12-21,2028-12-20,https://greenbook.nafdac.gov.ng/products/details/6642,2026-09-27T21:22:20.085187+00:00,51
greenbook,11634,Accepill Tablets 1.5 mg**,Levonorgestrel,Aurora Pharmaceuticals Nig Ltd,Drugs,Tablet,1.5 mg,1 x 1&#039;s,A4-101522,Active,"Film Coated Tablet.
Pink coloured, Round shaped, Biconvex having monogram on one side film coated tablet",Levonorgesrel Tablets BP 1.5 mg,Oral,G03AD01,https://admin.greenbook.nafdac.gov.ng/uploadImage/smpc_files/2025/11/12/20251112856d0b30-345c-5fad-8c55-c3d4f449d215.pdf,2025-09-24,2030-09-23,https://greenbook.nafdac.gov.ng/products/details/11634,2026-09-27T21:22:20.085187+00:00,52
greenbook,3949,"Accesslife Clotrimazole, Betamethasone and Neomycin Cream_",Betamethasone; Clotrimazole; Neomycin sulfate,Accesslife Pharmaceutical Nig Ltd,Drugs,Cream,0.05%; 1%; 0.5%,,A4-100125,Active,Cream,"The cream contains: Clotrimazole 1% w/w, Betamethasone 0.05% w/w, and Neomycin 0.5% w/w",Topical,D07CC01,,2021-10-28,2026-10-27,https://greenbook.nafdac.gov.ng/products/details/3949,2026-09-27T21:22:20.085187+00:00,53
greenbook,4886,Accesslife Pentazocine Injection**,Pentazocine (Pentazocine Lactate),Accesslife Pharmaceutical Nig Ltd,Drugs,Solution for injection,30 mg/mL,1 mL x 10&#039;s (in ampoules),A4-100485,Active,Solution for Injection in 1-mL ampoule,"Pentazocine Injection BP 30mg/mL.
Each mL contains: Pentazocine BP 30 mg (as Lactate), Sodium Chloride BP 2.8 mg, Water for Injection BP q.s.",Intravenous; Intramuscular,N02AD01,https://admin.greenbook.nafdac.gov.ng/uploadImage/smpc_files/2023/08/27/202308277ed2edd4-44d4-5bae-becd-36b79cacb8b6.pdf,2023-07-27,2028-07-26,https://greenbook.nafdac.gov.ng/products/details/4886,2026-09-27T21:22:20.085187+00:00,54
greenbook,12,Accesslife Tramadol Capsules**,Tramadol Hydrochloride,Accesslife Pharmaceutical Nig Ltd,Drugs,Capsule,100 mg,10 x 10&#039;s (in PVC-Alu blisters),A4-100153,Active,Capsule,"Each capsule contains: Tramadol Hydrochloride 100 mg, Excipients q.s.",Oral,N02AX02,https://admin.greenbook.nafdac.gov.ng/uploadImage/smpc_files/2023/05/27/2023052716bd9b5b-999b-50c0-82d7-6c6fca71b495.pdf,2021-12-02,2026-12-01,https://greenbook.nafdac.gov.ng/products/details/12,2026-09-27T21:22:20.085187+00:00,55
greenbook,8811,Acculol 0.5 % Eye Drops**,Betaxolol (Betaxolol Hydrochloride),Lin-Kabs Pharmaceutical Limited,Drugs,Solution/Drops,0.5%,1 x 5 mL,04-7442,Active,Ophthalmic Solution,Each mL solution contains: Betaxolol Hydrochloride 5 mg,Ophthalmic,S01ED02,https://admin.greenbook.nafdac.gov.ng/uploadImage/smpc_files/2025/07/08/202507089cfdeff9-5d49-54d1-83d1-36c6bf5dfcd6.pdf,2021-09-28,2026-09-27,https://greenbook.nafdac.gov.ng/products/details/8811,2026-09-27T21:22:20.085187+00:00,56
greenbook,12435,ACCUPLUS ARTEMETHER INJECTION 80MG/ML $,Artemether,ACCUPLUS LIFELINE PHARMACY LTD,Drugs,Injection,80mg/ml,6 X 1 ml ampoules,A4-102030,Active,"ARTEMETHER INJECTION 80MG/ML	ARTEMETHER INJECTION 80MG/ML	ARTEMETHER 80 MG	A4-102030	Drugs	Imported Product	6 X 1 ml ampoules	11-09-2025	ACCUPLUS LIFELINE PHARMACY LTD, ANGLICAN JUNCTION, OBA NEW ROAD URUAGU NNEWI	08068244299	kateacplus24@gmail.com	Alpa Laboratories Limited., 33/2, A.B. Road, Pigdamber - 453 446, Indore - India
",Each mL contains: Artemether 80 mg ,Intramuscular,P01BE02 ,https://admin.greenbook.nafdac.gov.ng/uploadImage/smpc_files/2026/06/16/202606168984503b-3386-54d6-8889-8f2195835eb4.pdf,2026-03-31,2031-03-30,https://greenbook.nafdac.gov.ng/products/details/12435,2026-09-27T21:22:20.085187+00:00,57
greenbook,12390,Accuplus Ceftriaxone 1 g Injection IV_,Ceftriaxone,ACCUPLUS LIFELINE PHARMACY LTD,Drugs,Injection,1 g,1 x 1 vial + 10 mL WFI,A4-101766,Active,Injection,Each vial contains: Ceftriaxone Sodium USP equiv. to Ceftriaxone 1 g,Intravenous,J01DD04,https://admin.greenbook.nafdac.gov.ng/uploadImage/smpc_files/2026/01/06/202601064b5183a2-b5cc-5199-a5bc-c1d658c1d45e.pdf,2025-11-26,2030-11-25,https://greenbook.nafdac.gov.ng/products/details/12390,2026-09-27T21:22:20.085187+00:00,58
greenbook,6649,ACD 500 Tablet**,Paracetamol,A.C. Drugs Ltd,Drugs,Tablet,500 mg,10 x 10&#039;s (in blisters),A11-0550,Active,Tablet,Acetaminophen 500 mg,Oral,N02BE01,https://admin.greenbook.nafdac.gov.ng/uploadImage/smpc_files/2024/12/11/20241211ef18bfed-3a78-5c34-ac96-2dbcc99664a5.pdf,2023-12-21,2028-12-20,https://greenbook.nafdac.gov.ng/products/details/6649,2026-09-27T21:22:20.085187+00:00,59
greenbook,10824,Acdazin Cream**,Silver sulfadiazine; Chitosan,Freshborn Industries Ltd,Drugs,Cream,1%; 2%,30 g x 10&#039;s (in lami tubes),A4-101260,Active,Topical Cream,"Silver Sulfadiazine USP 1% w/w, Chitosan Hydrochloride BP 2% w/w, Cream base q.s.",Topical,D06BA51,https://admin.greenbook.nafdac.gov.ng/uploadImage/smpc_files/2025/05/20/20250520556a196e-a0df-5dcc-94fd-eebaf075cbae.pdf,2025-04-30,2030-04-29,https://greenbook.nafdac.gov.ng/products/details/10824,2026-09-27T21:22:20.085187+00:00,60
greenbook,8850,Aceca 50 Tablets**,Diclofenac Potassium,Grace Healthcare Ind. Ltd,Drugs,Tablet,50 mg,1 x 10&#039;s (in blister),B4-1808,Active,Tablet,Each tablet contains: Diclofenac Potassium 50 mg,Oral,M01AB05,,2021-10-28,2026-10-27,https://greenbook.nafdac.gov.ng/products/details/8850,2026-09-27T21:22:20.085187+00:00,61
greenbook,232,Aceclofen Tablet 100 mg_,Aceclofenac,Phamatex Nigeria Limited,Drugs,Tablet,100 mg,1 x 10&#039;s (in PVC-Alu blister),B4-2965,Inactive,"Film Coated Tablet.
White round biconvex tablets embossed with PIL on one side and plain on the lower side.","Each tablet contains: Aceclofenac 100 mg
Excipients q.s.",Oral,M01AB16,https://admin.greenbook.nafdac.gov.ng/uploadImage/smpc_files/2024/12/03/202412031f6d3aaa-7ce5-5042-8b2a-c82631694bbc.pdf,2021-06-24,2026-06-23,https://greenbook.nafdac.gov.ng/products/details/232,2026-09-27T21:22:20.085187+00:00,62
greenbook,8561,Aceclofenac Injection**,Aceclofenac,Phillips Pharmaceuticals (Nigeria) Limited,Drugs,Solution for injection,150 mg/mL,1 mL x 5&#039;s (in amber coloured ampoules),C4-1809,Inactive,"Solution for injection.
Clear colourless to yellow coloured solution","Aceclofenac Injection 150 mg/mL
Each mL contains: Aceclofenac BP 150 mg, TCLS-101 50 mg, Diethylene Glycol Monoethyl Ether (Transcutol-P) BP q.s. to 1 mL",Intramuscular,,https://admin.greenbook.nafdac.gov.ng/uploadImage/smpc_files/2024/11/22/2024112268272964-70e1-5bb2-9db8-e23c4cd4f8ee.pdf,2021-08-26,2026-08-25,https://greenbook.nafdac.gov.ng/products/details/8561,2026-09-27T21:22:20.085187+00:00,63
greenbook,12468,ACECLOFENAC TABLETS 100 mg $,Aceclofenac,Saint Jude Pharmacy Limited,Drugs,Tablet,100mg,10 X10,A4-102296,Active,"ACECLOFENAC TABLETS 100MG	EACH FILM COATED TABLET CONTAINS ACECLOFENAC BP 100MG	A4-102296	Imported Product	10X10	22-11-2025	SAINT JUDE PHARMACY LIMITED, GG13,BENINSTREET,,KADUNA,KADUNA	FLOURISH PHARMA, 24 E GOA IDC DAMAN INDUSTRIAL ESTATE, SOMNATH DABHEL DAMAN 396215 INDIA
","Each film-coated tablet contains: Aceclofenac 100 mg
Excipients q.s.  ",Oral,M01AB16 ,https://admin.greenbook.nafdac.gov.ng/uploadImage/smpc_files/2026/08/13/20260813fd4819a0-99e7-5bdb-8da6-be5826256e32.pdf,2026-07-28,2031-07-27,https://greenbook.nafdac.gov.ng/products/details/12468,2026-09-27T21:22:20.085187+00:00,64
greenbook,12469,ACECLOFENAC TABLETS 50MG $,Aceclofenac,Saint Jude Pharmacy Limited,Drugs,Tablet,50mg,10 X 10,A4-102295,Active,"ACECLOFENAC TABLETS 50MG	&quot;EACH FILM-COATED TABLET CONTAINS:
ACECLOFENAC BP.................... 50 MG&quot;	A4-102295	Imported Product	10 X 10	25-10-2025	SAINT JUDE PHARMACY LIMITED, GG13,BENINSTREET,,KADUNA,KADUNA	FLOURISH PHARMA, 24 E GOA IDC DAMAN INDUSTRIAL ESTATE, SOMNATH DABHEL DAMAN 396215 INDIA
","Each film-coated tablet contains: Aceclofenac 50 mg
Excipients q.s.  

",Oral,M01AB16 ,https://admin.greenbook.nafdac.gov.ng/uploadImage/smpc_files/2026/08/13/202608138a7d3fed-ba8c-5740-94db-7f0a09fd0421.pdf,2026-07-28,2031-07-27,https://greenbook.nafdac.gov.ng/products/details/12469,2026-09-27T21:22:20.085187+00:00,65
greenbook,6663,Aceclomax Tablets**,Aceclofenac; Paracetamol,Top Ugolife Pharmaceutical Company Ltd,Drugs,Tablet,100 mg; 500 mg,1 x 10&#039;s (in Alu-Alu blister),B4-7902,Active,Uncoated tablet,"Each uncoated tablet contains: Aceclofenac BP 100 mg, Paracetamol BP 500 mg
Colour: Tartrazine Yellow

Excipients:
Maize Starch Powder, PVPK-30, Sodium Starch Glycolate, Cross Carmellose Sodium, Colloidal Silicone dioxide, Purified Talcum, Microcrystalline Cellulose 102, Magnesium Stearate, Color: Tartazine Yellow, Purified Water",Oral,N02BE51,https://admin.greenbook.nafdac.gov.ng/uploadImage/smpc_files/2023/12/31/2023123124864831-8be5-5e2f-80df-dee51868c078.pdf,2023-12-21,2028-12-20,https://greenbook.nafdac.gov.ng/products/details/6663,2026-09-27T21:22:20.085187+00:00,66
greenbook,2606,Acelodon 100 Tablets_,Aceclofenac,Healthline Limited,Drugs,Tablet,100 mg,,B4-5592,Inactive,Tablet,Each tablet contains: Aceclofenac 100 mg,Oral,M01AB16,,2020-12-21,2025-12-20,https://greenbook.nafdac.gov.ng/products/details/2606,2026-09-27T21:22:20.085187+00:00,67
greenbook,7748,Acelodon Gel**,Aceclofenac,Healthline Limited,Drugs,Gel,1%,1 x 30 g,C4-1681,Inactive,,Aceclofenac BP 1% w/w,Topical,,,2021-05-07,2026-05-06,https://greenbook.nafdac.gov.ng/products/details/7748,2026-09-27T21:22:20.085187+00:00,68
greenbook,8003,Acem-500 Tablets**,Clarithromycin,Emcure Nigeria Limited,Drugs,Tablet,500 mg,1 x 10&#039;s (in blister),04-8551,Inactive,Tablet,Clarithromycin USP 500 mg,Oral,,https://admin.greenbook.nafdac.gov.ng/uploadImage/smpc_files/2025/01/14/20250114d788d12a-4ff2-5aa6-ac1d-17cf1913f0cd.pdf,2021-08-03,2026-08-02,https://greenbook.nafdac.gov.ng/products/details/8003,2026-09-27T21:22:20.085187+00:00,69
greenbook,1809,Acenac Tablets 100 mg##,Aceclofenac,Ranbaxy Nigeria Limited,Drugs,Tablet,100 mg,,A4-4192,Inactive,Film Coated Tablet,Each tablet contains: Aceclofenac 100 mg,Oral,M01AB16,,2021-05-07,2026-05-06,https://greenbook.nafdac.gov.ng/products/details/1809,2026-09-27T21:22:20.085187+00:00,70
greenbook,687,Acenol 100 mg Tablets##,Aceclofenac,Justeen Pharmaceuticals Ltd,Drugs,Tablet,100 mg,,B4-3754,Inactive,Tablet,Each tablet contains: Aceclofenac BP 100 mg,Oral,M01AB16,,2021-05-07,2026-05-06,https://greenbook.nafdac.gov.ng/products/details/687,2026-09-27T21:22:20.085187+00:00,71
greenbook,686,Acenol 200 mg Tablets##,Aceclofenac,Justeen Pharmaceuticals Ltd,Drugs,Tablet,200 mg,,B4-0887,Inactive,Delayed Release Tablet,Each tablet contains: Aceclofenac BP 200 mg,Oral,M01AB16,,2021-05-07,2026-05-06,https://greenbook.nafdac.gov.ng/products/details/686,2026-09-27T21:22:20.085187+00:00,72
greenbook,7301,Acepol Suspension**,Paracetamol,SKG - Pharma Ltd,Drugs,Suspension,120 mg/5 mL,60 mL (in amber bottle),A4-0704,Active,"Oral Suspension.
A viscous pink coloured suspension with a strawberry odour and taste","Each 5 mL suspension contains Paracetamol 120 mg

Excipients:
Sucrose, Sorbitol Soultion 70%, Strawberry Flavour, Allura Red, Xanthan Gum, Glycerol, Methyl Hydroxybenzoate, Deionised Water",Oral,N02BE01,https://admin.greenbook.nafdac.gov.ng/uploadImage/smpc_files/2024/05/19/20240519aaf54479-8787-59e5-b2a6-68e4d11f730b.pdf,2024-04-30,2029-05-01,https://greenbook.nafdac.gov.ng/products/details/7301,2026-09-27T21:22:20.085187+00:00,73
greenbook,8004,Acetazolamide 250 mg Tablet**,Acetazolamide,Mankind Life-Sciences Limited,Drugs,Tablet,250 mg,2 x 10&#039;s (in blisters),C4-1780,Inactive,Tablet,Acetazolamide BP 250 mg,Oral,,,2021-08-03,2026-08-02,https://greenbook.nafdac.gov.ng/products/details/8004,2026-09-27T21:22:20.085187+00:00,74
greenbook,3304,Acetazolamide 250 Tablets_,Acetazolamide,Fidson Healthcare PLC,Drugs,Tablet,250 mg,,A11-100010,Inactive,Tablet,Each tablet contains: Acetazolamide 250 mg,Oral,S01EC01,,2021-03-01,2026-02-28,https://greenbook.nafdac.gov.ng/products/details/3304,2026-09-27T21:22:20.085187+00:00,75
greenbook,8381,Achrelif Gel**,Aceclofenac; Methyl Salicylate; Capsaicin; Linseed Oil,Onifam Laboratories Limited,Drugs,Gel,1.5%; 10%; 0.01%; 3%,30 g,A4-101031,Active,Topical gel,"Aceclofenac BP 1.5% w/w, Linseed oil BP 3.0% w/w, Methyl Salicylate BP 10.0% w/w, Capsaicin USP 0.01% w/w, Benzyl alcohol BP 1.0% w/w

Excipients:
Carbopol 940 USP, Cremophore RH 40 IHS, Butylated Hydroxy Toluene BP, Citric Acid Anhydrous BP, Propylene Glycol USP, Disodium Edetate BP, Isopropyl Alcohol USP, Diethylamine, Purified Water BP",Topical,M02AA25,https://admin.greenbook.nafdac.gov.ng/uploadImage/smpc_files/2024/11/28/20241128c168ee4a-17cc-53eb-b45c-48f5c381dd3d.pdf,2024-09-25,2029-09-24,https://greenbook.nafdac.gov.ng/products/details/8381,2026-09-27T21:22:20.085187+00:00,76
greenbook,4667,Aciclovir Cream BP 5% w/w**,Aciclovir,Restore Healthcare Ltd,Drugs,Cream,5%,1 x 15 g (in Lami tube),A4-100450,Active,"Topical cream.
Off White colored cream","Each 15 g tube contains: Aciclovir BP 5% w/w, Cream base q.s.

Excipients:
Propylene Glycol 15%,  Cetyl Alcohol 1.5%",Topical,D06BB03,https://admin.greenbook.nafdac.gov.ng/uploadImage/smpc_files/2023/08/23/202308231f1b1975-6872-54b1-9b3a-1ea0953947e7.pdf,2023-07-06,2028-07-05,https://greenbook.nafdac.gov.ng/products/details/4667,2026-09-27T21:22:20.085187+00:00,77
greenbook,2636,Acidomep Capsules##,Omeprazole,Aions Pharmaceutical Limited,Drugs,Capsule,20 mg,,A4-9491,Inactive,Capsule,Each capsule contains: Omeprazole 20 mg,Oral,A02BC01,,2020-11-10,2025-11-09,https://greenbook.nafdac.gov.ng/products/details/2636,2026-09-27T21:22:20.085187+00:00,78
greenbook,13,Aciguard Antacid Suspension##,Aluminium hydroxide; Magnesium hydroxide; Magnesium trisilicate; Simeticone,Unique AgroChem Ltd,Drugs,Suspension,300 mg/5 mL; 100 mg/5 mL; 150 mg/5 mL; 25 mg/5 mL,"1 x 100 mL, 1 x 200 mL (in bottle)",04-4753,Active,Suspension,"Each 5 mL contains: Dried Aluminium Hydroxide BP 300 mg, Magnesium Hydroxide BP  100 mg, Magnesium Trisilicate BP 150 mg, Simeticone for oral use BP 25 mg
Excipients q.s.",Oral,A02AF02,https://admin.greenbook.nafdac.gov.ng/uploadImage/smpc_files/2024/12/04/20241204eb8d2c0e-245e-578f-ba66-33b184dc0fd6.pdf,2021-10-28,2026-10-27,https://greenbook.nafdac.gov.ng/products/details/13,2026-09-27T21:22:20.085187+00:00,79
greenbook,6678,Acimox Capsule**,Amoxicillin (Amoxicillin Trihydrate),A.C. Drugs Ltd,Drugs,Capsule,500 mg,2 x 10&#039;s,A4-8982,Active,,Each capsule contains: Amoxicillin Trihydrate equiv. to Amoxicillin 500 mg,Oral,J01CA04,https://admin.greenbook.nafdac.gov.ng/uploadImage/smpc_files/2024/12/18/2024121855bfaeb0-1ba5-51e7-bfce-a2c8ed6a82dd.pdf,2023-12-21,2028-12-20,https://greenbook.nafdac.gov.ng/products/details/6678,2026-09-27T21:22:20.085187+00:00,80
greenbook,6679,Acimox Suspension**,Amoxicillin (Amoxicillin Trihydrate),A.C. Drugs Ltd,Drugs,Powder for suspension,125 mg/5 mL,60 mL x 1 x 10&#039;s (in bottles),A11-0155,Active,Powder for Oral Suspension,Each 5 mL reconstituted suspension contains: Amoxicillin Trihydrate equiv. to Amoxicillin 125 mg,Oral,J01CA04,,2023-12-21,2028-12-20,https://greenbook.nafdac.gov.ng/products/details/6679,2026-09-27T21:22:20.085187+00:00,81
greenbook,2961,Acipep Tablets_,Alginic Acid; Magnesium Hydroxide; Dried Aluminium Hydroxide; Sodium Bicarbonate,Sam Pharmaceutical Limited,Drugs,Chewable tablet,200 mg; 150 mg; 300 mg; 70 mg,,C4-1196,Inactive,"Chewable Tablet.
Pink and white-coloured circular flat bilayer tablets","Each bi-layered tablet contains: Alginic Acid BP 200 mg, Magnesium Hydroxide BP 150 mg, Dried Aluminium Hydroxide Gel BP 300 mg, Sodium Bicarbonate BP 70 mg
Excipients q.s.
Color: Erythrosine",Oral,A02AF,https://admin.greenbook.nafdac.gov.ng/uploadImage/smpc_files/2024/06/28/20240628ba18606e-0bf0-568a-b29a-51b91c259068.pdf,2020-11-10,2025-11-09,https://greenbook.nafdac.gov.ng/products/details/2961,2026-09-27T21:22:20.085187+00:00,82
greenbook,12445,ACIPRO CAPLET $,Ciprofloxacin,Archy Pharmaceuticals Limited,Drugs,Caplet,500mg,1X10,04-5627,Active,"ACIPRO CAPLET	CIPROFLOXACIN USP, ANTI BIOTICS	ACIPROFLOXACINE 500MG	04-5627	Drugs	Nigerian Products	1X10	24-06-2024	ARCHY  PHARMACEUTICALS LIMITED, HOUSE10,CLOSE21ROAD,,FESTACTOWN,LAGOS	017948705	iheantuau@aol.com	ARCHY PHARMACEUTICALS LIMITED, PLOT 30, WIN FUNKE STREET, OFF ACCESS BANK JUNCTION, LAGOS - ABEOKUTA EXPRESSWAY, OJOKORO, LAGOS
","Each caplet contains: Ciprofloxacin hydrochloride BP equivalent to Ciprofloxacin 500 mg
Excipients q.s.  
",Oral,J01MA02,https://admin.greenbook.nafdac.gov.ng/uploadImage/smpc_files/2026/07/25/2026072599a3b6b1-7918-5180-9516-e56793e1c0e0.pdf,2026-02-24,2031-02-23,https://greenbook.nafdac.gov.ng/products/details/12445,2026-09-27T21:22:20.085187+00:00,83
greenbook,6672,Acithromac Suspension**,Erythromycin (Erythromycin Stearate),A.C. Drugs Ltd,Drugs,Suspension,125 mg/5 mL,100 mL,04-1050,Active,Oral Suspension,Erythromycin Sterate 125 mg/5 mL,Oral,J01FA01,https://admin.greenbook.nafdac.gov.ng/uploadImage/smpc_files/2024/12/18/202412188b8e26b0-68bb-58d5-9eb6-9941fc2c5e2f.pdf,2023-12-21,2028-12-20,https://greenbook.nafdac.gov.ng/products/details/6672,2026-09-27T21:22:20.085187+00:00,84
greenbook,6673,Acithromac Tablet**,Erythromycin (Erythromycin Stearate),A.C. Drugs Ltd,Drugs,Caplet,500 mg,1 x 10&#039;s (in blister),A11-0312,Active,Caplet,Erythromycin Stearate 500 mg,Oral,J01FA01,https://admin.greenbook.nafdac.gov.ng/uploadImage/smpc_files/2024/12/18/20241218aaec4133-c64b-52b6-bc04-da0edb33930e.pdf,2023-12-21,2028-12-20,https://greenbook.nafdac.gov.ng/products/details/6673,2026-09-27T21:22:20.085187+00:00,85
greenbook,14,Acizip-100 Tablets_,Aceclofenac,Chanrai HealthCare Limited,Drugs,Tablet,100 mg,10 x 10&#039;s (in Alu-PVC blisters),B4-4804,Active,"Tablet.
A white-colored, round-shaped, uncoated tablet having &quot;CHCL&quot; on one side and &quot;CHANRAI&quot; symbol on the other side of the tablet","Each tablet contains: Aceclofenac  BP 100 mg
Excipients q.s.",Oral,M01AB16,https://admin.greenbook.nafdac.gov.ng/uploadImage/smpc_files/2023/05/28/20230528c46e3425-2a87-5793-80c1-84f23133beeb.pdf,2021-12-02,2026-12-01,https://greenbook.nafdac.gov.ng/products/details/14,2026-09-27T21:22:20.085187+00:00,86
greenbook,12470,ACNOTIN 10 SOFTGEL CAPSULES $,Isotretinoin,Mega Lifesciences Nigeria Limited,Drugs,Capsule,10mg,3 x10,A4-2823,Active,"ACNOTIN 10 SOFTGEL CAPSULES		A4-2823      	Imported Product	3*10	24-03-2025	MEGA LIFESCIENCES NIGERIA LIMITED, GUINNESS ROAD, OGBA - IKEJA OGBA LAGOS	MEGA LIFESCIENCES PUBLIC COMPANY LIMITED, 384, MOO 4, PATTANA 3 ROAD, BANGPOO INDUSTRIAL ESTATE, SOI 6, PREAKSA, MUANG SAMUTPRAKARN, SAMUTPRAKARN 10280, THAILAND
","Each capsule contains 10 mg of Isotretinoin  
Excipients     qs
",Oral,D10AD04,https://admin.greenbook.nafdac.gov.ng/uploadImage/smpc_files/2026/08/12/202608121b52547a-e592-5088-880f-447e514556eb.pdf,2026-07-28,2031-07-27,https://greenbook.nafdac.gov.ng/products/details/12470,2026-09-27T21:22:20.085187+00:00,87
greenbook,12471,ACNOTIN 20 CAPSULES $,Isotretinoin,Mega Lifesciences Nigeria Limited,Drugs,Capsule,20mg,6*5 CAPSULES;3*10 CAPSULES,A4-2824,Active,"ACNOTIN 20 CAPSULES (ISOTRETINOIN 20MG)	ISOTRETINOIN 20MG	A4-2824	Imported Product	6*5 CAPSULES;3*10 CAPSULES	24-03-2025	MEGA LIFESCIENCES NIGERIA LIMITED, GUINNESS ROAD, OGBA - IKEJA OGBA LAGOS	MEGA LIFESCIENCES  PUBLIC COMPANY LIMITED, 384 MOO 4, PATTANA 3 ROAD, BANGPOO INDUSTRIAL ESTATE, SOI 6, PREAKSA, MUANG SAMUTPRAKARN, SAMUTPRAKARN 10280, THAILAND,384 MOO 4, PATTANA 3 ROAD, BANGPOO INDUSTRIAL ESTATE, SOI 6, PREAKSA, MUANG SAMUTPRAKARN, SAMUTPRAKARN 10280, THAILAND
","Each Soft gelatin capsule contains 20 mg of Isotretinoin  
Excipients     qs

",Oral,D10AD04 ,https://admin.greenbook.nafdac.gov.ng/uploadImage/smpc_files/2026/08/13/20260813592f3ace-72f9-57ac-9576-d5f453d3e39f.pdf,2026-07-28,2031-07-27,https://greenbook.nafdac.gov.ng/products/details/12471,2026-09-27T21:22:20.085187+00:00,88
greenbook,4668,Acofenac**,Diclofenac Sodium,Solid Accord Ltd,Drugs,Tablet,50 mg,10 x 10&#039;s (in Alu-PVC blisters),B4-4208,Active,Enteric-coated Tablets,"Each enteric-coated tablet contains: Diclofenac sodium BP 50 mg

Excipients:
Microcrystalline Cellulose 5.00 mg, Purified Talc 7.00 mg, Sodium Starch Glycolate 4.00 mg, Colloidal Silicon Dioxide 2.00 mg, Ennar Dummy Granules 42.00 mg, Magnesium Stearate 5.00 mg, Isopropyl Alcohol, Methylene Di Chloride, Instacoat En-Sol 8.0 mg",Oral,M01AB05,https://admin.greenbook.nafdac.gov.ng/uploadImage/smpc_files/2023/08/23/2023082315db1cf9-125c-5c09-848b-ae21a8ba0051.pdf,2023-07-06,2028-07-05,https://greenbook.nafdac.gov.ng/products/details/4668,2026-09-27T21:22:20.085187+00:00,89
greenbook,7749,Acretin 0.025% Cream**,Tretinoin,Assene-Laborex Limited,Drugs,Cream,0.025%,1 x 30 g (in Aluminum tube), B4-7657,Active,"Topical Cream.
Off-white to cream colored homogeneous smooth cream, free from grit or lumps, filled in Aluminum collapsible tubes","Tretinoin 0.025% w/w Cream.
Tretinoin 0.025%, Polyoxy 40 Stearate, Stearyl Alcohol, Sorbic Acid, Purified Water",Cutaneous/Topical,D10AD01,https://admin.greenbook.nafdac.gov.ng/uploadImage/smpc_files/2024/07/20/202407209e942c20-9124-552d-8d8f-bee3a65ff4dc.pdf,2024-06-27,2029-06-26,https://greenbook.nafdac.gov.ng/products/details/7749,2026-09-27T21:22:20.085187+00:00,90
greenbook,4669,Acretin 0.05% Cream**,Tretinoin,Assene-Laborex Limited,Drugs,Cream,0.05%,1 x 30 g (in collapsible Aluminium tube),B4-7658,Active,"Topical Cream.
Off-white to cream colored homogeneous smooth cream, free from grit or lumps, filled in Aluminum collapsible tubes",Tretinoin 0.05% w/w Cream,Topical,D10AD01,https://admin.greenbook.nafdac.gov.ng/uploadImage/smpc_files/2023/08/22/20230822df544322-8e7f-539f-b1f2-81cb2d740db0.pdf,2023-05-25,2028-05-24,https://greenbook.nafdac.gov.ng/products/details/4669,2026-09-27T21:22:20.085187+00:00,91
greenbook,11015,Acriptega Tablets_,Dolutegravir (Dolutegravir Sodium); Lamivudine; Tenofovir Disoproxil Fumarate,Healthline Limited,Drugs,Tablet,50 mg; 300 mg; 300 mg,"1 x 30&#039;s,1 x 90&#039;s,1 x 180&#039;s (in HDPE bottle)",B4-9927,Active,"Film-coated tablet.
A white to off-white, film-coated, capsule-shaped, biconvex, beveled-edge tablet debossed with M on one side and LTD on the other side of the tablet","Each film-coated tablet contains: Dolutegravir (as Dolutegravir Sodium Base) 50 mg, Lamivudine USP 300 mg, Tenofovir Disoproxil Fumarate ( equiv. to Tenofovir Disoproxil  Base 245 mg) 300 mg
Excipients with known effect: Lactose Monohydrate, Mannitol",Oral,J05AR27,https://admin.greenbook.nafdac.gov.ng/uploadImage/smpc_files/2025/05/15/2025051591dd841b-28db-56e3-882e-51d6065c7c45.pdf,2025-04-30,2030-04-29,https://greenbook.nafdac.gov.ng/products/details/11015,2026-09-27T21:22:20.085187+00:00,92
greenbook,486,Actazone 1 g Injection**,Ceftriaxone (Ceftriaxone Sodium),Biomedicine Sckivs Pharmaceutical Nigeria Limited,Drugs,Powder for injection,1 g,1 g x 1&#039;s (in vial) + 10 mL SWFI (in ampoule),B4-6442,Inactive,"Powder for Injection.
A white crystalline powder filled in an intactly sealed clear glass vial","Each vial contains: Ceftriaxone Sodium USP equivalent to Anhydrous Ceftriaxone 1000 mg
",Intravenous,J01DD04,https://admin.greenbook.nafdac.gov.ng/uploadImage/smpc_files/2023/05/28/20230528a1146c8e-d91e-55fd-88d2-b6c4cb0e1cbe.pdf,2021-08-03,2026-08-02,https://greenbook.nafdac.gov.ng/products/details/486,2026-09-27T21:22:20.085187+00:00,93
greenbook,6756,Actifed Cold Tablets**,Pseudoephedrine Hydrochloride; Triprolidine,GlaxoSmithKline Consumer Nigeria PLC (GSK),Drugs,Tablet,60 mg; 2.5 mg,1 x 12&#039;s (in PVC/PVDC Aluminium foil blister),04-1984,Active,"Tablet.
White, round biconvex tablet with bisecting score and M2A engraved on one side.
The score line is only to facilitate breaking for ease of swallowing and not to divide into equal doses","Each tablet contains 60 mg Pseudoephedrine hydrochloride and 2.5 mg Triprolidine hydrochloride. 

Excipients:
Each tablet also includes 127.5 mg Lactose monohydrate",Oral,R01BA52,https://admin.greenbook.nafdac.gov.ng/uploadImage/smpc_files/2024/01/01/202401017a9deba6-6fa6-5dcd-9371-48776dbc46b4.pdf,2023-12-21,2028-12-20,https://greenbook.nafdac.gov.ng/products/details/6756,2026-09-27T21:22:20.085187+00:00,94
greenbook,8954,Actilyse Powder**,Alteplase,Fensyl MHP Consulting Limited,Drugs,Powder for injection,50 mg,1 x 1&#039;s,A6-0592,Inactive,"Powder and solvent for solution for injection and infusion.
The powder is presented as a colourless to pale yellow lyophilizate cake.
The reconstituted preparation is a clear and colourless to pale yellow solution","Each vial with powder contains: Alteplase 50 mg (corresponding to 29,000,000 IU).

Alteplase is produced by recombinant DNA technique using a Chinese hamster ovary cell-line. The specific activity of alteplase in-house reference material is 580,000 IU/mg. This has been confirmed by comparison with the second international WHO standard for t-PA. The specification for the specific activity of alteplase is 522,000 to 696,000 IU/mg.",Intravenous,B01AD02,https://admin.greenbook.nafdac.gov.ng/uploadImage/smpc_files/2025/02/21/2025022130fec724-cdc3-5467-a6e1-21b698836d73.pdf,2020-12-20,2025-12-20,https://greenbook.nafdac.gov.ng/products/details/8954,2026-09-27T21:22:20.085187+00:00,95
greenbook,12447,Actimax 20/120 Dispersible Tablet $,Artemether; Lumefantrine,Tyonex Nigeria Limited,Drugs,Tablet,20mg; 120mg,"1 x12,1 x 6 dispersible, 2 x 6 dispersible, 3 x 6, 4 x 6 tablets",A11-0726,Active,"Actimax 20/120 Dispersible Tablet	ARTEMETHER  20MG AND LUMEFANTRINE 120MG	ARTEMETHER 20MG AND LUMEFANTRINE 120MG	A11-0726	Drugs	Nigerian Products	1*12tablets,1*6dispersible,2*6dispersible,3*6,4*6t	07-08-2023	TYONEX NIGERIA LIMITED, LASU IGANDO ROAD, IGANDO LAGOS IGANDO LAGOS	181812929	Tyonexreg2021@gmail.com	DIVINE ESSENTIAL FORMUATIONS LTD, Km 10 LASU - OJO ROAD, IGANDO BUS - STOP, IGANDO, LAGOS.
","Each tablet contains: Artemether 20 mg, Lumefantrine 120 mg  ",Oral,P01BF01,https://admin.greenbook.nafdac.gov.ng/uploadImage/smpc_files/2026/07/20/20260720f93d4aa0-1f8a-5c51-bd47-830ef1c1bb54.pdf,2026-05-26,2031-05-25,https://greenbook.nafdac.gov.ng/products/details/12447,2026-09-27T21:22:20.085187+00:00,96
greenbook,6694,Actinac 100 Tablets**,Aceclofenac,Ajanta Pharma Nigeria Limited,Drugs,Tablet,100 mg,2 x 10&#039;s (in blisters),A4-7483,Active,Film coated tablet,"Each film coated tablet contains: Aceclofenac BP 100 mg
Colour: Brilliant Blue FCF",Oral,M01AB16,https://admin.greenbook.nafdac.gov.ng/uploadImage/smpc_files/2024/01/01/20240101c6076164-39c0-54da-8f5d-0113a5e6db20.pdf,2023-12-21,2028-12-20,https://greenbook.nafdac.gov.ng/products/details/6694,2026-09-27T21:22:20.085187+00:00,97
greenbook,7973,Actinac Plus Tablet**,Aceclofenac; Paracetamol,Ajanta Pharma Nigeria Limited,Drugs,Tablet,100 mg; 500 mg,2 x 10&#039;s (in blisters),A4-7482,Inactive,"Film coated tablet.
Light orange to orange coloured, oval shaped, biconvex, film coated tablets","Aceclofenac 100 mg and Paracetamol 500 mg Tablets.
Each film coated tablet contains: Acceclofenac BP 100 mg, Paracetamol BP 500 mg
Colour: Quinoline Yellow WS, Sunset Yellow FCF &amp; Titanium Dioxide",Oral,,https://admin.greenbook.nafdac.gov.ng/uploadImage/smpc_files/2024/09/25/202409253fb64db1-f20e-599b-93c2-2e8ba152c938.pdf,2021-08-03,2026-08-02,https://greenbook.nafdac.gov.ng/products/details/7973,2026-09-27T21:22:20.085187+00:00,98
greenbook,2755,Activenol Tablets##,Salbutamol (Salbutamol Sulfate); Theophylline,Top Ugolife Pharmaceutical Company Ltd,Drugs,Tablet,2 mg; 100 mg,,C4-1458,Inactive,Tablet,"Each tablet contains: Salbutamol (as Salbutamol Sulfate BP) 2 mg, Theophylline 100 mg",Oral,R03DB04,,2020-12-21,2025-12-20,https://greenbook.nafdac.gov.ng/products/details/2755,2026-09-27T21:22:20.085187+00:00,99
greenbook,6347,Acupan Injection**,Nefopam Hydrochloride,Merit Healthcare Limited,Drugs,Solution for injection,20 mg/2 mL,2 mL x 5&#039;s (in glass ampoules),A4-5504,Active,Solution for Injection in ampoule,"Each 2-mL ampoule contains: Nefopam Hydrochloride 20 mg, Water for Injection USP q.s.

Excipients:
Disodium Phosphate, Sodium Phosphate, Water for Injection.",Intravenous; Intramuscular,N02BG06,https://admin.greenbook.nafdac.gov.ng/uploadImage/smpc_files/2025/01/16/20250116bdda9cd1-6c25-5ba8-931f-21146c9b4fa1.pdf,2023-10-31,2028-10-30,https://greenbook.nafdac.gov.ng/products/details/6347,2026-09-27T21:22:20.085187+00:00,100
greenbook,15,Acyclovir Ointment##,Aciclovir,Annie Pharma Limited,Drugs,Ointment,5%,1 x 20 g (in Lami tube),A11-100249,Active,"Topical.
A white, soft, and smooth-textured ointment.","Acyclovir Ointment contains: Acyclovir USP 50 mg
Excipients q.s.",Topical,D06BB03,https://admin.greenbook.nafdac.gov.ng/uploadImage/smpc_files/2025/01/16/202501160012e24f-7e45-57a4-bf08-9656da5f61a9.pdf,2021-12-02,2026-12-01,https://greenbook.nafdac.gov.ng/products/details/15,2026-09-27T21:22:20.085187+00:00,101
greenbook,7750,Acycor Plus Gel**,Aceclofenac; Methyl Salicylate; Capsaicin; Linseed Oil,Reals Pharmaceutical Limited,Drugs,Gel,1.5%; 10%; 0.01%; 3%,30 g,A4-100768,Active,Topical gel,"Aceclofenac BP 1.5% w/w, Linseed Oil BP 3.0%, Methyl Salicylate BP 10.0 w/w, Capsaicin USP 0.01% w/w, Benzyl Alcohol BP 1.0% w/w (as Preservative), Gel Base q.s.",Topical,M02AA25,https://admin.greenbook.nafdac.gov.ng/uploadImage/smpc_files/2024/11/28/20241128612c3a54-4f10-56df-8e81-5251b1b79b7e.pdf,2024-03-27,2029-03-26,https://greenbook.nafdac.gov.ng/products/details/7750,2026-09-27T21:22:20.085187+00:00,102
greenbook,7751,Acycor Plus Tablets**,Aceclofenac; Paracetamol,Reals Pharmaceutical Limited,Drugs,Tablet,100mg; 500mg,10 x 1 x 10&#039;s (in Alu-Alu blisters),A4-9021,Inactive,Film-coated tablet,"Each tablet contains: Aceclofenac BP 100 mg, Paracetamol BP 500mg, Excipients q.s.
Colour: Titanium Dioxide, Sunset Yellow Lake, and Tartrazine Yellow",Oral,,,2021-02-25,2026-02-24,https://greenbook.nafdac.gov.ng/products/details/7751,2026-09-27T21:22:20.085187+00:00,103
greenbook,5445,Acycor Tablet**,Aceclofenac,Reals Specialties Limited,Drugs,Tablet,100 mg,10 x 1 x 10&#039;s (in Alu-PVC blisters),A4-4595,Active,"Film coated tablet.
Pink colored, round shaped, film coated tablet having embossing “reals” on one side and the other side plain","Each film-coated tablet contains: Aceclofenac BP 100 mg, Excipients q.s.
Colour: Erythrosine
",Oral,M01AB16,https://admin.greenbook.nafdac.gov.ng/uploadImage/smpc_files/2023/09/06/20230906471acb1f-9513-5d85-b18f-ea2ac878882e.pdf,2023-08-31,2028-08-30,https://greenbook.nafdac.gov.ng/products/details/5445,2026-09-27T21:22:20.085187+00:00,104
greenbook,7299,Acyvir Eye Ointment_,Aciclovir,Vitacare Pharmacy Limited,Drugs,Ointment,3%,10 x 5 g (in Lami tube),A4-100808,Active,"Ointment.
An almost white to very light-yellow translucent ointment","Each tube contains: Aciclovir BP (Sterile &amp; Micronised) 0.150 g (3% w/w)
Excipients q.s.",Cutaneous/Topical,S01AD03,https://admin.greenbook.nafdac.gov.ng/uploadImage/smpc_files/2024/05/17/2024051765b62f41-bdaf-58d8-b00d-8bd82527c720.pdf,2024-04-30,2029-05-01,https://greenbook.nafdac.gov.ng/products/details/7299,2026-09-27T21:22:20.085187+00:00,105
greenbook,4359,Adaclav 1G Tablet**,Amoxicillin (Amoxicillin Trihydrate); Clavulanic Acid (Potassium Clavulanate),Signet Pharmaceutical Nigeria Limited,Drugs,Tablet,875 mg; 125 mg,2 x 7&#039;s,C4-2040,Active,,"Each tablet contains: Amoxicillin Trihydrate equiv. to Amoxicillin 875 mg, Potassium Clavulanate equiv. to Clavulanic Acid 125 mg",Oral,J01CR02,,2022-12-15,2027-12-14,https://greenbook.nafdac.gov.ng/products/details/4359,2026-09-27T21:22:20.085187+00:00,106
greenbook,12461,ADALAT LA 30MG TABLETS $,Nifedipine,Bayer Nigeria Limited,Drugs,Prolonged-release tablet,30mg,3 x10,A4-2374,Active,"ADALAT LA 30MG TABLETS	&quot;ADALAT LA 30 MG PROLONGED-RELEASE TABLET ACTIVE INGREDIENT: NIFEDIPINE 30MG.
THE EXCIPIENTS ARE: CELLULOSE ACETATE, FERRIC(III) OXIDE (E172), HYDROXYPROPYL CELLULOSE, HYDROXYPROPYL
METHYLCELLULOSE, MACROGOL 3350, MACROGOL 200 000, MACROGOL 5 MILLION, MAGNESIUM STEARATE, SODIUM CHLORIDE,
PROPYLENE GLYCOL, TITANIUM(IV) OXIDE (E171).
&quot;	A4-2374	Imported Product	3*10	19-06-2026	BAYER NIGERIA LIMITED, 26 &amp; 31 Workstation, Maryland Mall, Ikeja.	BAYER AG, LEVERKUSEN, Kaiser-Wilhelm-Allee 51368, Leverkusen, Germany.
","Each prolonged- release tablet contains: Nifedipine BP 30 mg  
Excipients qs",Oral,C08CA05 ,https://admin.greenbook.nafdac.gov.ng/uploadImage/smpc_files/2026/09/02/202609025c124836-1ef3-5bde-b94c-ce2332fd5c37.pdf,2026-08-26,2031-08-25,https://greenbook.nafdac.gov.ng/products/details/12461,2026-09-27T21:22:20.085187+00:00,107
greenbook,1012,Adalat LA**,Nifedipine,Bayer Nigeria Limited,Drugs,Tablet,30 mg,3 x 10&#039;s (in Alu-Alu blisters),A4-2374,Active,"Prolonged Release Tablet.
Round, convex, prolonged-release tablet, with pink coat, laser hole on one side","Each tablet contains: Nifedipine 30 mg, Excipients q.s.",Oral,C08CA05,https://admin.greenbook.nafdac.gov.ng/uploadImage/smpc_files/2023/05/27/20230527e3b78feb-2adb-5c55-83c3-f8fea2d79234.pdf,2021-09-28,2026-09-27,https://greenbook.nafdac.gov.ng/products/details/1012,2026-09-27T21:22:20.085187+00:00,108
greenbook,7754,Aday Kit**,Fluconazole; Azithromycin; Secnidazole,Clarion Medicals Limited,Drugs,Kit,150 mg; 1 g; 1 g, 1 x 4&#039;s,B4-0434,Inactive,"Film coated and uncoated Tablets.

Secnidazole:
White colour oblong shaped film coated tablet with scored in the middle on one side.

Azithromycin:
Pink coloured oblong shaped film coated tablets and scored in the middle on the side

Fluconazole:
Pink colour circular biconvex uncoated tablet and plain on both sides","Fluconazole, Azithromycin and Secnidazole Combikit.
Each Kit contains:
Secnidazole 1 g
Azithromycin Dihydrate USP (equiv. to Anhydrous Azithromycin) 1 g
Fluconazole USP 150 mg",Oral,,https://admin.greenbook.nafdac.gov.ng/uploadImage/smpc_files/2024/09/14/20240914e86dfc1d-45ff-5ee8-b980-2c1615affce1.pdf,2021-03-29,2026-03-28,https://greenbook.nafdac.gov.ng/products/details/7754,2026-09-27T21:22:20.085187+00:00,109
greenbook,487,Admadol Capsule**,Tramadol Hydrochloride,Adpharm Pharmaceutical Industries Limited,Drugs,Capsule,100 mg,,B4-1789,Active,Capsule,"Each capsule contains: Admadol 100 mg, Excipients q.s.",Oral,N02AX02,,2021-10-28,2026-10-27,https://greenbook.nafdac.gov.ng/products/details/487,2026-09-27T21:22:20.085187+00:00,110
greenbook,11201,Admal Injection 150 mg/2 mL**,α-β Arteether,Advantage Pharmaceuticals Limited,Drugs,Solution for injection,150 mg/2 mL,2 mL x 3&#039;s (in flint glass ampoules),A4-101294,Active,Oily solution for injection in 2-mL flint glass ampoule,"Alpha Beta Arteether Injection 150 mg/2 mL.
Each 2 mL solution contains: Alpha Beta Arteether (In House) 150 mg, Arachils Oil BP q.s.",Intramuscular,P01BE,https://admin.greenbook.nafdac.gov.ng/uploadImage/smpc_files/2025/06/24/202506242c415925-db55-5d94-b830-bc2fbd59207c.pdf,2025-05-27,2030-05-26,https://greenbook.nafdac.gov.ng/products/details/11201,2026-09-27T21:22:20.085187+00:00,111
greenbook,8849,Adrenalin Injection**,Epinephrine (Epinephrine Hydrochloride),Alpha Pharmacy and Stores (Nig) Ltd,Drugs,Solution for injection,1 mg/mL,1 mL x 10&#039;s (in ampoules),04-8122,Active,"Solution for Injection.
Clear, colourless sterile solution, free from visible particulates","Adrenaline (Epinephrine) 1 mg/mL (1:1000) Solution for Injection.
Each 1 mL ampoule contains 1 mg Epinephrine",Intramuscular,C01CA24,,2021-10-28,2026-10-27,https://greenbook.nafdac.gov.ng/products/details/8849,2026-09-27T21:22:20.085187+00:00,112
greenbook,7974,Adriblastina CS 10 mg/5 mL Injection**,Doxorubicin Hydrochloride,Pfizer Specialties Ltd,Drugs,Solution for injection,10 mg/5 mL,1 x 1&#039;s (in Cytosafe vial),B4-1159,Inactive,Sterile solution for injection in Cytosafe vial,Solution for injection containing 10 mg of doxorubicin hydrochloride in 5 mL of 0.9% saline solution,Intravenous,L01DB01,https://admin.greenbook.nafdac.gov.ng/uploadImage/smpc_files/2024/10/10/202410108c97dc02-52e3-5644-8cae-c3d416252a4f.pdf,2021-06-24,2026-06-23,https://greenbook.nafdac.gov.ng/products/details/7974,2026-09-27T21:22:20.085187+00:00,113
greenbook,7975,Adriblastina CS 50 mg/25 mL Injection**,Doxorubicin Hydrochloride,Pfizer Specialties Ltd,Drugs,Solution for injection,50 mg/25 mL,1 x 1&#039;s (in Cytosafe vial),B4-1160,Inactive,Sterile solution for injection in Cytosafe vial,Solution for injection containing 50 mg of doxorubicin hydrochloride in 25 mL of 0.9% saline solution,Intravenous,L01DB01,https://admin.greenbook.nafdac.gov.ng/uploadImage/smpc_files/2024/10/10/20241010f2af0062-c8d6-59e5-a6cf-f19709244877.pdf,2021-06-24,2026-06-23,https://greenbook.nafdac.gov.ng/products/details/7975,2026-09-27T21:22:20.085187+00:00,114
greenbook,5000,Advant Tablet 16 mg**,Candesartan Cilexetil,Getz Pharma Nigeria Limited,Drugs,Tablet,16 mg,2 x 7&#039;s; 4 x 7&#039;s (in Alu-Alu blisters),A4-9125,Active,"Tablet.
White colored, square shaped tablet, bisect line on one side and plain on the other side","Each tablet contains: Candesartan Cilexetil 16 mg

Excipients:
Lactose Monohydrate, Pharmacoat 606 (HPMC), Polysorbate 80, Carboxy Methyl Cellulose Calcium, Magnesium Stearate",Oral,C09CA06,https://admin.greenbook.nafdac.gov.ng/uploadImage/smpc_files/2023/08/22/20230822bb03ebbf-6b4a-5790-8648-d88e0c44b9d6.pdf,2023-05-25,2028-05-24,https://greenbook.nafdac.gov.ng/products/details/5000,2026-09-27T21:22:20.085187+00:00,115
greenbook,4670,Advant Tablet 8 mg**,Candesartan Cilexetil,Getz Pharma Nigeria Limited,Drugs,Tablet,8 mg,2 x 7&#039;s; 4 x 7&#039;s (in Alu-Alu blisters),A4-9123,Active,"Tablet
Cream colored, square shaped tablet, bisect line on one side and plain on the other side","Each tablet contains: Candesartan Cilexetil 8 mg

Excipients:
Lactose monohydrate, Pharmacoat 606 (HMPC), Polysorbate 80, Carboxy Methyl Cellulose Calcium, Ferric Oxide Yellow, Magnesium Stearate
",Oral,C09CA06,https://admin.greenbook.nafdac.gov.ng/uploadImage/smpc_files/2023/08/22/202308223627ee8e-f774-5d51-990b-b8c79e31aa41.pdf,2023-05-25,2028-05-24,https://greenbook.nafdac.gov.ng/products/details/4670,2026-09-27T21:22:20.085187+00:00,116
greenbook,4671,Advantec Tablets 16 mg + 12.5 mg**,Candesartan Cilexetil; Hydrochlorothiazide,Getz Pharma Nigeria Limited,Drugs,Tablet,16 mg; 12.5 mg,4 x 7&#039;s (in Alu-PVC blisters),A4-9124,Active,"Tablet.
Peach colored square shaped tablet, marked bisect line on one side and plain on the other","Each tablet contains: Candesartan Cilexetil 16 mg, Hydrochlorothiazide USP 12.5 mg",Oral,C09DA06,https://admin.greenbook.nafdac.gov.ng/uploadImage/smpc_files/2023/08/22/20230822acdd0c06-6c20-547c-a230-7de5ee53205f.pdf,2023-05-25,2028-05-24,https://greenbook.nafdac.gov.ng/products/details/4671,2026-09-27T21:22:20.085187+00:00,117
greenbook,5497,Advas 10 Tablets**,Atorvastatin (Atorvastatin Calcium),Adpharm Pharmaceutical Industries Limited,Drugs,Tablet,10 mg,3 x 10&#039;s (in Alu-Alu blisters),B4-1720,Active,"Film-coated Tablet.
Grey coloured, circular, biconvex film coated tablets
","Each film-coated tablet contains: Atorvastatin Calcium equivalent to Atorvastatin 10 mg

Excipients:
Microcrystalline Cellulose 64 mg, Croscarmellose Sodium 5 mg, Polysorbate 80 1.2 mg, Hydroxy Propyl Cellulose 0.8 mg, Lactose 8.25 mg, Magnesium Stearate 1.6 mg. Croscarmellose Sodium 0.7 mg, Hypromellose 3.0mg, Purified Talc 1.8mg, Titanium Dioxide, 0.710 mg, Polysorbate 80 0.070 mg",Oral,C10AA05,https://admin.greenbook.nafdac.gov.ng/uploadImage/smpc_files/2023/09/26/202309264aa0b5f9-b85c-5389-9e1b-c9eeebcd816b.pdf,2023-04-26,2028-04-25,https://greenbook.nafdac.gov.ng/products/details/5497,2026-09-27T21:22:20.085187+00:00,118
greenbook,5498,Advas 20 Tablets**,Atorvastatin (Atorvastatin Calcium),Adpharm Pharmaceutical Industries Limited,Drugs,Tablet,20 mg,3 x 10&#039;s (in Alu-Alu blisters),B4-1494,Active,Tablet,"Each tablet contains: Atorvastatin 20 mg.

Excipients:
Calcium Carbonate 47.mg, Lactose 18 mg, Croscarmellose Sodium 6 mg, Polysorbate 80 1.2 mg, Hydroxy Propyl Cellulose 0.8 mg, Lactose 8.25 mg, Magnesium Stearate 1.6 mg, Croscarmellose sodium 0.7 mg, Hypromellose 3.0 mg, Purified Talc 1.8 mg, Titanium Dioxide 0.650 mg, Polysorbate 80 0.190 mg, Color: Red Oxide of Iron 0.200 mg, Color: Yellow Oxide of Iron 0.200 mg",Oral,C10AA05,https://admin.greenbook.nafdac.gov.ng/uploadImage/smpc_files/2025/05/06/202505069ea6b370-f60d-59a2-a2ea-5d34cdf1e4e9.pdf,2023-03-28,2028-03-27,https://greenbook.nafdac.gov.ng/products/details/5498,2026-09-27T21:22:20.085187+00:00,119
greenbook,7819,Aeroline Inhaler**,Salbutamol (Salbutamol Sulfate),Jubilee &amp; Associate Industries Ltd,Drugs,"Aerosol, Metered-Dose",100 mcg/Metered-Dose,1 x 200 Metered Doses (in Aluminium canister with a metered-dose valve system),04-8112,Inactive,"Oral Inhalation, Aerosol","Salbutamol 100 mcg/actuation as Salbutamol Sulfate BP.
Each actuation contains: Salbutamol Sulfate, micronized 120.5 mcg (equiv. to Salbutamol base 100 mcg), Ethanol 4.165 mg, Oleic acid 11.25 mcg, Norflurane 71.54 mg.
Each canister contains at least 200 metered actuations providing 100 micrograms of salbutamol (as salbutamol sulfate BP).

No overages are used for this product.  But considering when the product is close to use up, the residual liquid in the container cannot be delivered out, we overfill about 40 deliveries in addition to the labeled 200 deliveries per container, so as to ensure the labeled number of the product can be realized. The concentration of drug substance in each actuation won","Inhalation, Oral",R03AC02,https://admin.greenbook.nafdac.gov.ng/uploadImage/smpc_files/2024/09/20/202409201dd4e513-797f-5870-ba9a-b798a0338671.pdf,2021-06-24,2026-06-23,https://greenbook.nafdac.gov.ng/products/details/7819,2026-09-27T21:22:20.085187+00:00,120
greenbook,7781,Afabeta Injection 150 mg**,α-β Arteether,Elbe Pharma Nigeria Limited,Drugs,Solution for injection,150 mg/2 mL,2 mL x 3&#039;s (in amber glass ampoules),B4-9511,Active,"Oily Solution for Injection.
Clear and slightly yellow solution filled in 2-mL amber glass ampoule","α-β Arteether Injection 150 mg/2 mL.
Each 2 mL solution contains: α-β Arteether 150 mg, Arachis Oil BP q.s.",Intramuscular,P01BE,,2024-07-31,2029-07-30,https://greenbook.nafdac.gov.ng/products/details/7781,2026-09-27T21:22:20.085187+00:00,121
greenbook,7782,Afabeta Injection 75 mg**,α-β Arteether,Elbe Pharma Nigeria Limited,Drugs,Solution for injection,75 mg/mL,1 mL x 3&#039;s (in amber glass ampoules),B4-9510,Active,"Oily Solution for Injection.
Clear and slightly yellow solution filled in 1-mL amber glass ampoule","α-β Arteether Injection 75 mg/mL.
Each mL of solution contains: α-β Arteether 75 mg, Arachis Oil BP q.s.",Intramuscular,P01BE,https://admin.greenbook.nafdac.gov.ng/uploadImage/smpc_files/2024/09/15/202409157cb2c2eb-d6d4-54f8-91c2-865289923810.pdf,2024-07-31,2029-07-30,https://greenbook.nafdac.gov.ng/products/details/7782,2026-09-27T21:22:20.085187+00:00,122
greenbook,7114,Afadopine-10 Tablet**,Amlodipine (Amlodipine Besilate),Aphantee Pharma Nigeria Ltd,Drugs,Tablet,10 mg,10 x 10&#039;s (in Alu-PVC blisters), B4-2175,Active,"Uncoated Tablets.
White color round shaped biconvex uncoated tablet, plain on both sides","Each uncoated tablet contains: Amlodipine Besylate USP equiv. to Amlodipine 10 mg, Excipients q.s.",Oral,C08CA01,https://admin.greenbook.nafdac.gov.ng/uploadImage/smpc_files/2024/03/26/202403262d15d4b5-b02b-5cbd-a30e-7ca29281d590.pdf,2024-02-28,2029-02-27,https://greenbook.nafdac.gov.ng/products/details/7114,2026-09-27T21:22:20.085187+00:00,123
greenbook,7115,Afadopine-5 Tablet**,Amlodipine (Amlodipine Besilate),Aphantee Pharma Nigeria Ltd,Drugs,Tablet,5 mg,10 x 10&#039;s (in Alu-PVC blister packs),B4-2176,Active,"Uncoated Tablets
White color round shaped biconvex uncoated tablet, plain on both sides","Each uncoated tablet contains: Amlodipine Besylate USP Eq. to Amlodipine 5 mg, Excipients q.s.",Oral,C08CA01,https://admin.greenbook.nafdac.gov.ng/uploadImage/smpc_files/2024/03/26/20240326a8455c4c-92a2-56fb-a60c-69fd3b6f0a72.pdf,2024-02-28,2029-02-27,https://greenbook.nafdac.gov.ng/products/details/7115,2026-09-27T21:22:20.085187+00:00,124
greenbook,6481,Afemart Artemether & Lumefantrine 80/480 mg Tablets**,Artemether; Lumefantrine,Topbrands Pharmaceuticals Limited,Drugs,Tablet,80 mg; 480 mg,1 x 6&#039;s (in blister),A4-100614,Active,Film-coated tablet,"Each film coated tablet contains: Artemether 80 mg, Lumefantrine 480 mg, Excipients q.s. 
Colour: Quinoline Yellow",Oral,P01BF01,https://admin.greenbook.nafdac.gov.ng/uploadImage/smpc_files/2023/12/18/20231218deac7105-8b98-5702-bc4d-d1fd22eb67ff.pdf,2023-11-30,2028-11-29,https://greenbook.nafdac.gov.ng/products/details/6481,2026-09-27T21:22:20.085187+00:00,125
greenbook,7783,Afi Tramadol Capsules**,Tramadol Hydrochloride,Afi Health Care Limited,Drugs,Capsule,100 mg,1 x 10&#039;s (in blister),A4-100939,Active,Hard gelatin capsule,"Tramadol Hydrochloride Capsules BP 100 mg.
Each hard gelatin capsule contains: Tramadol Hydrochloride BP 100 mg, Excipients q.s.",Oral,N02AX02,https://admin.greenbook.nafdac.gov.ng/uploadImage/smpc_files/2024/09/15/2024091595b3bf7f-97cd-5ccb-8edf-1e7e134efc73.pdf,2024-07-31,2029-07-30,https://greenbook.nafdac.gov.ng/products/details/7783,2026-09-27T21:22:20.085187+00:00,126
greenbook,6482,Afithro-500 Tablets**,Azithromycin (Azithromycin Dihydrate),Topbrands Pharmaceuticals Limited,Drugs,Tablet,500 mg,1 x 3&#039;s (in Alu-Alu pack),A4-100613,Active,Film-coated Tablet,"Each film coated tablet contains: Azithromycin Dihydrate USP equivalent to Azithromycin 500 mg, Excipients q.s.
Colour: Erythrosine",Oral,J01FA10,https://admin.greenbook.nafdac.gov.ng/uploadImage/smpc_files/2023/12/18/202312186b377856-5548-54e4-9d84-2b855231374e.pdf,2023-11-30,2028-11-29,https://greenbook.nafdac.gov.ng/products/details/6482,2026-09-27T21:22:20.085187+00:00,127
greenbook,8812,Aflacin Eye Drops**,Ofloxacin,Lin-Kabs Pharmaceutical Limited,Drugs,Solution/Drops,0.3%,1 x 5 mL,04-7440,Active,Ophthalmic Solution,Each mL solution contains: Ofloxacin 3 mg,Ophthalmic,S01AE01,,2021-09-28,2026-09-27,https://greenbook.nafdac.gov.ng/products/details/8812,2026-09-27T21:22:20.085187+00:00,128
greenbook,12462,AFLOTIN 40/240 TABLETS $,Artemether; Lumefantrine,Ajanta Pharma Nigeria Limited,Drugs,Tablet,40mg; 240mg,1 x 6,B4-6344,Active,"AFLOTIN 40/240 TABLETS	&quot;ARTERMETHER 40/LUMENFANTRINE 240,MICROCRYSTALINE,CROSPOVIDONE,MEDIUM LAURYL SULPHATE SULPHATE,COLLOIDAL DIOXIDE,COLLOIDAL SILICON.PURIFIE TALC &amp;  MAGNESSIUM

&quot;	B4-6344	Imported Product	1X6	26-02-2024	AJANTA PHARMA NIGERIA LIMITED, PLOT NO 420B, OMOFADE CRESCENT OMOLE PHASE 1, IKEJA LAGOS, LAGOS, , LAGOS	AJANTA PHARMA LIMITED, PLOT N0.Z/103/A DAHEJ SEZ II, BHARUCH GUJARANT – 392130 INDIA","Each tablet contains: Artemether 40 mg, Lumefantrine 240 mg  
",Oral,P01BF01,https://admin.greenbook.nafdac.gov.ng/uploadImage/smpc_files/2026/09/11/2026091144b4ec9b-6e4c-5186-b80d-448f740bc57d.pdf,2026-08-26,2031-08-25,https://greenbook.nafdac.gov.ng/products/details/12462,2026-09-27T21:22:20.085187+00:00,129
greenbook,12446,AFLOTIN 60/360 TABLET $,Artemether; Lumefantrine,Ajanta Pharma Nigeria Limited,Drugs,Tablet,"60mg,360mg",1X 6,C4-0265,Active,"AFLOTIN 60/360 TABLET 	&quot;
ARTEMETHER 60 AND LUMEFANTRINE 360
COLLOIDAL SILICON DIOXIDE
CROSPOVIDONE
MAGNESIUM STEARATE
MICROCRYSTALLINE CELLULOSE
PURIFIED TALC
SODIUM LAURYL SULFAT

&quot;	C4-0265	Drugs	Imported Product	1X6	20-11-2024	AJANTA PHARMA NIGERIA LIMITED, PLOT NO 420B, OMOFADE CRESCENT OMOLE PHASE 1, IKEJA LAGOS, LAGOS, , LAGOS	&quot;AJANTA PAHRMA LTD, PLOT NO. B-4/5/6, MIDC, PAITHAN, CHHATRAPATI SAMBHAJINAGAR 431148 MAHARASHTRA STATE, INDIA

&quot;
","Each tablet contains: Artemether Ph.Int 60 mg, Lumefantrine 360 mg         
Excipients q.s.
",Oral,P01BF01,https://admin.greenbook.nafdac.gov.ng/uploadImage/smpc_files/2026/07/25/20260725bfb6b50d-39dc-5cb2-9a64-33f223b6e3c4.pdf,2026-05-26,2031-05-25,https://greenbook.nafdac.gov.ng/products/details/12446,2026-09-27T21:22:20.085187+00:00,130
greenbook,12463,AFLOTIN 60/360 TABLET $,Artemether; Lumefantrine,Ajanta Pharma Nigeria Limited,Drugs,Tablet,"60mg,360mg",1 x 6 ,C4-0265,Active,"AFLOTIN 60/360 TABLET 	&quot;
ARTEMETHER 60 MG &amp; LUMEFANTRINE 360 MG TABLETS
MICROCRYSTALLINE CELLULOSE, MANNITOL, LOW-SUBSTITUTED HYDROXYPROPYL CELLULOSE, CROSPOVIDONE, ASPARTAME, COLLOIDAL ANHYDROUS SILICA, CAPSAROMA FLAVOUR ORANGE DC 116 PH, CAPSAROMA FLAVOUR PEPPERMINT DC 117 PH AND MAGNESIUM STEARATE. CAPSAROMA FLAVOUR ORANGE DC 116 PH COMPRISES OF ACACIA GUM (81 – 86%), FLAVOURING PREPARATION (13 – 18%) AND BUTYLATED HYDROXYANISOLE (BHA) (&lt;2%
&quot;	C4-0265	Imported Product	1X6	09-02-2024	AJANTA PHARMA NIGERIA LIMITED, PLOT NO 420B, OMOFADE CRESCENT OMOLE PHASE 1, IKEJA LAGOS, LAGOS, , LAGOS	AJANTA PHARMA LTD,  PLOT NO.Z/103/A,DAHEJ SEZ 11,BHARUCH GUJARAT-392130","ARTEMETHER 60 MG &amp; LUMEFANTRINE 360 MG TABLETS
MICROCRYSTALLINE CELLULOSE, MANNITOL, LOW-SUBSTITUTED HYDROXYPROPYL CELLULOSE, CROSPOVIDONE, ASPARTAME, COLLOIDAL ANHYDROUS SILICA, CAPSAROMA FLAVOUR ORANGE DC 116 PH, CAPSAROMA FLAVOUR PEPPERMINT DC 117 PH AND MAGNESIUM STEARATE. CAPSAROMA FLAVOUR ORANGE DC 116 PH COMPRISES OF ACACIA GUM (81 – 86%), FLAVOURING PREPARATION (13 – 18%) AND BUTYLATED HYDROXYANISOLE (BHA) (&amp;lt;2%",Oral,P01BF01,https://admin.greenbook.nafdac.gov.ng/uploadImage/smpc_files/2026/09/11/20260911c64cca14-92f9-578e-ab4b-2658f74c994f.pdf,2026-08-26,2031-08-25,https://greenbook.nafdac.gov.ng/products/details/12463,2026-09-27T21:22:20.085187+00:00,131
greenbook,12464,AFLOTIN 80/480 TABLETS $,Artemether; Lumefantrine,Ajanta Pharma Nigeria Limited,Drugs,Tablet,80mg; 480mg,30 x 6,B4-7079,Active,"AFLOTIN 80/480 TABLETS	&quot;ARTEMETHER 80MG,LUMENFANTRINE 480MG
MICROCRYSTALLINE CELLULOSE,CROSPOVIDONE,SODIUM LAURYL SULPHATE,COLLOIDAL SILICON DIOXIDE,PURIFIED TALC &amp; MAGNESIUM STEARTE
&quot;	B4-7079	Imported Product	30x6 	26-02-2024	AJANTA PHARMA NIGERIA LIMITED, PLOT NO 420B, OMOFADE CRESCENT OMOLE PHASE 1, IKEJA LAGOS, LAGOS, , LAGOS	AJANTA PHARMA LIMITED, PLOT N0.Z/103/A DAHEJ SEZ II, BHARUCH GUJARANT – 392130 INDIA","Each tablet contains: Artemether 80 mg, Lumefantrine 480 mg",Oral,P01BF01,https://admin.greenbook.nafdac.gov.ng/uploadImage/smpc_files/2026/09/11/2026091135eff8ba-d6ad-5ff3-924a-a103c754a1b7.pdf,2026-08-26,2031-08-25,https://greenbook.nafdac.gov.ng/products/details/12464,2026-09-27T21:22:20.085187+00:00,132
greenbook,4672,AFM-T Ophthalmic Suspension**,Fluorometholone; Tetryzoline Hydrochloride,Vitacare Pharmacy Limited,Drugs,Suspension/Drops,0.1%; 0.025%,1 x 5 mL (in LDPE bottle),B4-6399,Active,"Eye drops, suspension
An almost white suspension","Fluorometholone &amp; Tetrahydrozoline HCl Ophthalmic Suspension, 0.1%/0.025% w/v.
Each 100 mL contains: Fluorometholone (Sterile &amp; Micronized) USP 0.100 g w/v, Tetrahydrozoline Hydrochloride USP 0.025 g w/v

Excipients:
Polyvinyl Alcohol USP 1.400 g, Sodium Chloride BP 0.750 g BP, Disodium Edetate 0.050 g BP, Sodium Perborate BP 0.200 g, Tyloxapol USP 0.300 g, Benzalkonium Chloride Solution BP 0.010 mL, Aminocaproic Acid USP 0.100 g,  Sodium Hydroxide or Hydrochloric Acid BP, Water for Injection BP",Oral,,https://admin.greenbook.nafdac.gov.ng/uploadImage/smpc_files/2023/08/23/20230823b4d7c34d-0d56-5ebe-ad69-53b319686f51.pdf,2023-07-06,2028-07-05,https://greenbook.nafdac.gov.ng/products/details/4672,2026-09-27T21:22:20.085187+00:00,133
greenbook,6483,Afrab Amlodipine 10 mg Tablets**,Amlodipine (Amlodipine Besilate),Afrab-Chem Limited,Drugs,Tablet,10 mg,2 x 15&#039;s; 2 x 14&#039;s (in Alu-PVC blisters),A11-0567,Active,"Tablet.
A white to off-white round tablet plain on one side and a marked line on the other","Each tablet contains: Amlodipine Besylate:13.94 mg equiv. to Amlodipine 10 mg.

Excipients:
Microcrystalline Cellulose 101, Diabasic Calcium Phosphate, Sodium Starch Glycolate, Magnesium Stearate",Oral,C08CA01,https://admin.greenbook.nafdac.gov.ng/uploadImage/smpc_files/2023/12/14/202312147ac7f79f-ce93-51d9-a47b-8fee5044e9b4.pdf,2023-11-30,2028-11-29,https://greenbook.nafdac.gov.ng/products/details/6483,2026-09-27T21:22:20.085187+00:00,134
greenbook,11403,Afrab Amlodipine 5 mg Tablets_,Amlodipine (Amlodipine Besilate),Afrab-Chem Limited,Drugs,Tablet,5 mg,"3 x 10&#039;s, 2 x 15&#039;s (in PVC-Alu blisters)",A11-0554,Active,"Tablet.
A white to off- white round tablet","Each tablet contains: Amlodipine Besilate equiv. to Amlodipine 5 mg
Excipients q.s.",Oral,C08CA01,https://admin.greenbook.nafdac.gov.ng/uploadImage/smpc_files/2025/09/04/20250904ce09a4b4-2415-5fad-8a21-2fba6320e464.pdf,2025-07-30,2030-07-29,https://greenbook.nafdac.gov.ng/products/details/11403,2026-09-27T21:22:20.085187+00:00,135
greenbook,12465,AFRAB AZITHROMYCIN 500MG TABLETS $,Azithromycin (Azithromycin Dihydrate),Afrab-Chem Limited,Drugs,Tablet,500 mg,1*3,A11-101341 ,Active,"AFRAB AZITHROMYCIN 500MG TABLETS	AZITHROMYCIN	AZITHROMYCIN DIHYDRATE:524.00MG (EQ. TO AZITHROMYCIN 500MG)	A11-101341		Nigerian Products	1*3	22-09-2025	AFRAB-CHEM LIMITED, NO22ABIMBOLASTREETISOLOINDUSTRIALESTATEISOL,LAGOS,LAGOS	012700057	oyeyemiat2005@yahoo.com	AFRAB CHEM LIMITED, 22, ABIMBOLA STREET, ISOLO INDUSTRIAL ESTATE, ISOLO, LAGOS, NIGERIA.
","Each tablet contains: Azithromycin Dihydrate equivalent to Azithromycin 500 mg 
Excipients q.s.  
",Oral,J01FA10,https://admin.greenbook.nafdac.gov.ng/uploadImage/smpc_files/2026/08/11/20260811742c3f26-185f-52ce-846a-e29ed9535384.pdf,2026-06-30,2031-06-29,https://greenbook.nafdac.gov.ng/products/details/12465,2026-09-27T21:22:20.085187+00:00,136
greenbook,2962,Afrab Chloroquine Tablets**,Chloroquine (Chloroquine Phosphate),Afrab-Chem Limited,Drugs,Tablet,155 mg,1 x 10&#039;s (in PVC-Alu blister),A11-100076,Inactive,"Tablet.
A white round tablet, plain on one side and a mark line on the other side","Each tablet contains: Chloroquine phosphate 250 mg equivalent to Chloroquine base 155 mg, Excipients q.s.",Oral,P01BA01,https://admin.greenbook.nafdac.gov.ng/uploadImage/smpc_files/2025/03/25/202503255719d76f-c300-56f0-b0e4-8ea82dd0eaf8.pdf,2021-05-17,2026-05-16,https://greenbook.nafdac.gov.ng/products/details/2962,2026-09-27T21:22:20.085187+00:00,137
greenbook,7380,Afrab Gripe Water**,Sodium bicarbonate; Dill oil; Ginger tinct.,Afrab-Chem Limited,Drugs,Liquid,50 mg/5 mL; 0.0025 mg/5 mL; 0.0025 mL/5 mL,100 mL (in transparent glass bottle),A11-0555,Active,Oral Liquid,"Each 5 mL contains: Sodium Bicarbonate 50 mg, Dill Oil 0.0025 mg, Strong Ginger Tincture 0.0025 mL

Excipients:
Alcohol, Talc, Sodium methyl paraben, Sodium propyl paraben, Sugar, Bronopol",Oral,,https://admin.greenbook.nafdac.gov.ng/uploadImage/smpc_files/2024/04/18/202404189287322b-92e9-5131-a0bf-5b506fd5fb32.pdf,2024-03-27,2029-03-26,https://greenbook.nafdac.gov.ng/products/details/7380,2026-09-27T21:22:20.085187+00:00,138
greenbook,2645,Afrab Haloperidol Tablets_,Haloperidol,Afrab-Chem Limited,Drugs,Tablet,5 mg,1 x 1000&#039;s (in jar),A4-4712,Inactive,"Tablet.
A light-pink round tablet with AFRAB inscribed on one side and a marked line on the other side.",Each tablet contains: Haloperidol 5 mg,Oral,N05AD01,https://admin.greenbook.nafdac.gov.ng/uploadImage/smpc_files/2025/03/25/20250325e8177323-314a-59d5-9faa-76e6dfcf2f23.pdf,2021-03-30,2026-03-29,https://greenbook.nafdac.gov.ng/products/details/2645,2026-09-27T21:22:20.085187+00:00,139
greenbook,11400,Afrab Ibuprofen 400 mg Caplet_,Ibuprofen,Afrab-Chem Limited,Drugs,Capsule,400 mg,10 x 10&#039;s (in Alu-PVC blisters),A11-100922,Active,"Capsule.
An orange-coated caplet
","Each capsule contains: Ibuprofen 400 mg
Excipients q.s.",Oral,M01AE01,https://admin.greenbook.nafdac.gov.ng/uploadImage/smpc_files/2025/09/09/202509090bd807af-4204-5795-8647-5e6e868ca25b.pdf,2025-07-30,2030-07-29,https://greenbook.nafdac.gov.ng/products/details/11400,2026-09-27T21:22:20.085187+00:00,140
greenbook,2970,Afrab Ibuprofen DS Suspension**,Ibuprofen,Afrab-Chem Limited,Drugs,Suspension,200 mg/5 mL,100 mL (in amber PET bottle),A11-100078,Inactive,Oral Suspension,Each 5 mL oral suspension contains: Ibuprofen 200 mg,Oral,M01AE01,https://admin.greenbook.nafdac.gov.ng/uploadImage/smpc_files/2025/03/25/20250325a960aabf-c5d6-5d42-b2d9-e19f998290c0.pdf,2021-05-17,2026-05-16,https://greenbook.nafdac.gov.ng/products/details/2970,2026-09-27T21:22:20.085187+00:00,141
greenbook,6470,Afrab Ibuprofen Suspension**,Ibuprofen,Afrab-Chem Limited,Drugs,Suspension,100 mg/5 mL,100 mL (in PET bottle),A4-7348,Active,"Oral Suspension.
Orange colored suspension with a sweet taste","Each 5 mL drop contains: Ibuprofen 100 mg

Excipients:
Xanthan Gum 20.00 mg, Glycerin 333.33 mg, Sorbitol Solution (70%) 333.33 mg, Tween 80:35.00 mg, Methyl Paraben 11.00 mg, Tartrazine Orange Color 0.19 mg, Sugar 800.00 mg, Sodium Saccharine 5.00 mg, Orange Flavor Liquid 25.00 mg, Tutti Fruitti Flavor 5.00 mg, Allura Red Color 0.10 mg, Propyl Paraben 1.10 mg, Bronopol 1.00 mg",Oral,M01AE01,https://admin.greenbook.nafdac.gov.ng/uploadImage/smpc_files/2023/12/14/20231214ca846540-bdf9-57eb-90d1-699668015ef5.pdf,2023-11-30,2028-11-29,https://greenbook.nafdac.gov.ng/products/details/6470,2026-09-27T21:22:20.085187+00:00,142
greenbook,11401,Afrab Levofloxacin Caplet_,Levofloxacin (Levofloxacin Hemihydrate),Afrab-Chem Limited,Drugs,Caplet,500 mg,1 x 10&#039;s (in Alu-PVC blister),A11-0566,Active,"Caplet.
Light-yellow to yellow film-coated caplet, score line on one side and embossed with &quot;AFRAB&quot; inscribed on other side","Each caplet contains: Levofloxacin Hemihydrate equivalent to Levofloxacin 500 mg
Excipients q.s.",Oral,J01MA12,https://admin.greenbook.nafdac.gov.ng/uploadImage/smpc_files/2025/09/04/20250904609ebcd4-1fb8-508a-9bc4-6a42eb3188ac.pdf,2025-07-30,2030-07-29,https://greenbook.nafdac.gov.ng/products/details/11401,2026-09-27T21:22:20.085187+00:00,143
greenbook,11759,Afrab Lisinopril 5 mg Tablets**,Lisinopril,Afrab-Chem Limited,Drugs,Tablet,5 mg,3 x 10&#039;s; 2 x 14&#039;s,A11-0509,Active,"Tablet.
A white tablet with AFRAB inscribed on one side and a marked line","Lisinopril 5 mg Tablet.
Each tablet contains 5 mg of Lisinopril",Oral,C09AA03,https://admin.greenbook.nafdac.gov.ng/uploadImage/smpc_files/2025/11/18/202511189158fcd2-2a61-539c-b04b-6df9bd277adb.pdf,2025-09-24,2030-09-23,https://greenbook.nafdac.gov.ng/products/details/11759,2026-09-27T21:22:20.085187+00:00,144
greenbook,6486,Afrab Loratadine Syrup**,Loratadine,Afrab-Chem Limited,Drugs,Syrup,5 mg/5 mL,1 x 60 mL; 1 x 100 mL (in amber PET bottles),A4-7551,Active,"Oral Liquid.
A golden, yellow syrup with a characteristic sweet taste","Each 5 mL contains: Loratadine 5 mg

Excipients:
Propylene Glycol, Glycerine, Sodium Citrate, Citric Acid, Sorbitol Liquid 70%, Disodium EDTA, Sodium CMC, Saccharin Sodium, Tartrazine Yellow Color, Tartrazine Orange Color, Lemon Lime Flavor, Bronopol, Povidone PVK-30, Methyl Paraben, Propyl Paraben",Oral,R06AX13,https://admin.greenbook.nafdac.gov.ng/uploadImage/smpc_files/2023/12/14/20231214f4905757-8bfc-5a14-97d9-96e30596413e.pdf,2023-11-30,2028-11-29,https://greenbook.nafdac.gov.ng/products/details/6486,2026-09-27T21:22:20.085187+00:00,145
greenbook,11760,Afrab Loratadine Tablets**,Loratadine,Afrab-Chem Limited,Drugs,Tablet,10 mg,2 x 10&#039;s; 10 x 10&#039;s,A4-7347,Active,"Tablet.
A white round concave tablet with AFRAB inscribed on one side and a marked line on   the other side",Each tablet contains 10 mg of Loratadine,Oral,R06AX13,https://admin.greenbook.nafdac.gov.ng/uploadImage/smpc_files/2025/11/18/202511185e5aed80-bc12-5ba5-bd1d-77e6a38814d8.pdf,2025-09-24,2030-09-23,https://greenbook.nafdac.gov.ng/products/details/11760,2026-09-27T21:22:20.085187+00:00,146
greenbook,6471,Afrab Metformin Tablets_,Metformin Hydrochloride,Afrab-Chem Limited,Drugs,Tablet,500 mg,"3 x 10&#039;s, 10 x 10&#039;s (in PVC-Alu blisters)",A4-7445,Active,"Tablet.
A white round tablet with &quot;AFRAB&quot; inscription on one side, and a line on the other side","Each tablet contains 500 mg of Metformin Hydrochloride

Exipients: Pregel Starch (G)10.00 mg, Povidon PVP (K-30) 12.00 mg, Avicel (Microcrystalline cellulose) PH 101 42.50 mg, Corn Starch 9.00 mg, Magnesium Stearate 2.40 mg, Aerosil 200 3.00 mg, Talcum Powder 20.00 mg, Sodium Starch Glycolate (Primogel) 7.00 mg",Oral, A10BA0,https://admin.greenbook.nafdac.gov.ng/uploadImage/smpc_files/2023/12/14/20231214de7c4606-a5fb-50b1-97dc-d33840a8f8ed.pdf,2023-11-30,2028-11-29,https://greenbook.nafdac.gov.ng/products/details/6471,2026-09-27T21:22:20.085187+00:00,147
greenbook,2971,Afrab Oral Rehydration Salt**,Oral Rehydration Salts,Afrab-Chem Limited,Drugs,Granules,20.5 g,20.5 g x 3&#039;s (in sachets),A11-100055,Inactive,Granules for oral solution in 20.5 g sachet,"Each sachet contains: Glucose anhydrous BP 13.5 g, Sodium chloride BP 2.6 g, Sodium citrate BP 2.9 g, Potassium chloride BP 1.5 g",Oral,A07CA,https://admin.greenbook.nafdac.gov.ng/uploadImage/smpc_files/2025/03/25/202503257750ac52-e344-566f-a0ca-4e3713783e78.pdf,2021-03-29,2026-03-28,https://greenbook.nafdac.gov.ng/products/details/2971,2026-09-27T21:22:20.085187+00:00,148
greenbook,2972,Afrab Risperidone 2 Caplets_,Risperidone,Afrab-Chem Limited,Drugs,Caplet,2 mg,2 x 10&#039;s (in Alu PVC blisters),A11-100017,Inactive,"Caplet.
Orange-coated caplet with a broken line on one side and two broken lines on the other",Each tablet contains: Risperidone 2 mg,Oral,N05AX08,https://admin.greenbook.nafdac.gov.ng/uploadImage/smpc_files/2025/03/25/20250325da1479b3-6f40-5133-b461-faef2ce5ac9f.pdf,2021-03-01,2026-02-28,https://greenbook.nafdac.gov.ng/products/details/2972,2026-09-27T21:22:20.085187+00:00,149
greenbook,2973,Afrab Risperidone 4 Caplets_,Risperidone,Afrab-Chem Limited,Drugs,Caplet,4 mg,2 x 10&#039;s (in Alu PVC blisters),A11-100018,Inactive,"Caplet.
Lemon green-coated caplet with a broken line on one side","Each tablet contains: Risperidone 4 mg
Excipients q.s.",Oral,N05AX08,https://admin.greenbook.nafdac.gov.ng/uploadImage/smpc_files/2025/03/25/202503258e7dbd73-8aac-5f5d-b78e-cc4901751c4a.pdf,2021-03-01,2026-02-28,https://greenbook.nafdac.gov.ng/products/details/2973,2026-09-27T21:22:20.085187+00:00,150
greenbook,12466,AFRAB ROSUVASTATIN 10MG TABLET $,Rosuvastatin (Rosuvastatin Calcium),Afrab-Chem Limited,Drugs,Tablet,10 mg,3 x 10,A11-101340,Active,"AFRAB ROSUVASTATIN 10MG TABLET	ROSUVASTATIN	ROSUVASTATIN CALCIUM (10.400MG) EQUIVALENT TO ROSUVASTATIN 10MG	A11-101340	Drugs	Nigerian Products	3BY10	15-01-2026	AFRAB-CHEM LIMITED, NO22ABIMBOLASTREETISOLOINDUSTRIALESTATEISOL,LAGOS,LAGOS	012700057	oyeyemiat2005@yahoo.com	AFRAB CHEM LIMITED, 22, ABIMBOLA STREET, ISOLO INDUSTRIAL ESTATE, ISOLO, LAGOS, NIGERIA.,22, ABIMBOLA STREET, ISOLO INDUSTRIAL ESTATE, ISOLO, LAGOS, NIGERIA.,22, ABIMBOLA STREET, ISOLO INDUSTRIAL ESTATE, ISOLO, LAGOS, NIGERIA.
","Each coated tablet contains: Rosuvastatin (as Rosuvastatin Calcium) 10 mg 
Excipients q.s.",Oral,C10AA07,https://admin.greenbook.nafdac.gov.ng/uploadImage/smpc_files/2026/08/11/20260811111ed2bc-5ce0-5129-88f3-f0ca0c8aea55.pdf,2026-06-30,2031-06-29,https://greenbook.nafdac.gov.ng/products/details/12466,2026-09-27T21:22:20.085187+00:00,151
greenbook,2974,Afrab Zinc Tablets 20 mg##,Zinc (Zinc Sulfate),Afrab-Chem Limited,Drugs,Dispersible tablet,20 mg,1 x 10&#039;s,A11-100004,Inactive,Dispersible Tablet,Each tablet contains: Zinc Sulfate Monohydrate 54.9 mg equivalent to elemental Zinc 20 mg,Oral,A12CB01,https://admin.greenbook.nafdac.gov.ng/uploadImage/smpc_files/2025/03/25/202503252b079168-e859-5bc0-9b8e-6774d4320bf3.pdf,2021-03-01,2026-02-28,https://greenbook.nafdac.gov.ng/products/details/2974,2026-09-27T21:22:20.085187+00:00,152
greenbook,4393,Afrablex Syrup##,Vit B1; Vit B2; Vit B6; Nicotinamide,Afrab-Chem Limited,Drugs,Syrup,5 mg/5 mL; 2 mg/5 mL; 15 mg/5 mL,1 x 100 mL (in bottle),A11-100079,Inactive,"Syrup
Yellow syrupy liquid with a characteristic sweet taste

VITAMIN B COMPLEX SYRUP	A11-100079	AFRABLEX SYRUP	&quot;THIAMINE HCL, RIBOFLAVIN PHOSPHATE, PYRIDOXINE HCL, NICOTINAMIDE, VANILLA ESSENCE POWDER, SUCRALOSE, DISODIUM EDETATE, SODIUM BENZOATE, XANTHAN GUM, SORBITOL  SOLUTION(NON-CRYSTALLISING):
APPROPRIATE OVERAGES OF THE VITAMINS ADDED TO COMPENSATE FOR LOSS ON STORAGE&quot;	VITAMINS	ORAL	&quot;5MG, 2MG, 2MG, 20MG, 5MG, 7.5MG, 0.5MG, 5MG, 12.5MG, 70% 500MG/5ML
&quot;	LIQUID	OVER THE COUNTER (OTC)	PREVENTION AND TREATMENT OF VITAMIN B COMPLEX DEFICIENCY	AFRAB CHEM LIMITED	NIGERIA	AFRAB CHEM LIMITED	NIGERIA	2021-05-17	2026-05-16","Each 5 mL contains: Vitamin B1 (Thiamine HCl) 5 mg, Vitamin B2 (Riboflavin 5-Phosphate) 2 mg, Vitamin B6 (Pyrdoxine HCl) 2 mg, Vitamin B3 (Nicotinamide) 20 mg
Excipients: Vanilla Essence Powder, Sucralose, Disodium Edetate, Xanthan Gum, Sorbitol 70% Solution, Sodium Benzoate",Oral,A11A,https://admin.greenbook.nafdac.gov.ng/uploadImage/smpc_files/2025/01/15/20250115b70c9dd5-6005-5603-aa39-b62cee8627c0.pdf,2021-05-17,2026-05-16,https://greenbook.nafdac.gov.ng/products/details/4393,2026-09-27T21:22:20.085187+00:00,153
greenbook,3191,Afrabron Syrup##,Iron (Iron polymaltose),Afrab-Chem Limited,Drugs,Syrup,50 mg/5 mL,1 x 200 mL,A11-100077,Inactive,"Syrup
Orange Flavored Syrup


","Each 5 mL contains: Iron (III) Hydroxide Polymaltose Complex 166.6 mg equivalent to elemental Iron 50 mg
Excipients (per 5 mL): Sorbitol Liquid 70% (650 mg), Propylene Glycol 300 mg, Glycerol 1100 mg, Propyl Paraben 3.35 mg, Ethyl Paraben 0.375 mg, EDTA 0.5 mg, Orange Flavor 2.5 mg",Oral,B03AE10,https://admin.greenbook.nafdac.gov.ng/uploadImage/smpc_files/2025/03/25/20250325ca211785-1ca2-56d3-b37e-f2ac1a74b936.pdf,2021-05-17,2026-05-16,https://greenbook.nafdac.gov.ng/products/details/3191,2026-09-27T21:22:20.085187+00:00,154
greenbook,7163,Afrabron Tablets##,Iron (Iron polymaltose); Folic acid,Afrab-Chem Limited,Drugs,Tablet,1 mg; 100 mg,3 x 10&#039;s (in blisters),A11-100684,Active,"Tablet
A round brown coated tablet

7	NF-PP-402569	AFRABRON TABLETS	IRON (III) POLYMATOSE TABLET + FOLIC ACID	IRON (III) POLYMATOSE (EQ. TO ELEMENTAL IRON):100MG,FOLIC ACID:1MG,CROSPOVIDONE:60MG,MAGNESIUM STEARATE:7MG,MICROCRYSTALLINE CELLULOSE 200:163MG,AEROSIL:12MG,HYDROXY PROPYL METHYL CELLULOSE PREMIX:15MG,RED IRON OXIDE:1MG / TABLET	A11-100684	Drugs	Nigerian Products	3*10	Prescription Only Medicine (POM)	1/24/2024	AFRAB-CHEM LIMITED, 22, ABIMBOLA STREET, ISOLO	12700057	oyeyemiat2005@yahoo.com	AFRAB CHEM LIMITED, 22, ABIMBOLA STREET, ISOLO INDUSTRIAL ESTATE, ISOLO-LAGOS, Nigeria","Each tablet contains: Iron (as an Iron III-Hydroxide Polymaltose Complex) 100 mg, Folic Acid 1 mg
Excipients: Crospovidone, Magnesium Stearate, Microcrystalline cellulose, Aerosil, Hydroxy Propyl Methyl Cellulose Premix, Red Iron Oxide",Oral,B03AD04,https://admin.greenbook.nafdac.gov.ng/uploadImage/smpc_files/2024/04/18/20240418cab7efc6-0ec5-576c-b5f4-fd6e3b27425d.pdf,2024-03-27,2029-03-26,https://greenbook.nafdac.gov.ng/products/details/7163,2026-09-27T21:22:20.085187+00:00,155
greenbook,4085,Afradin Drops##,Dimetindene Maleate,Afrab-Chem Limited,Drugs,Syrup,1 mg/mL,,A11-100082,Inactive,"Syrup
",Each mL contains: Dimetindene Maleate 1 mg,Oral,R06AB03,https://admin.greenbook.nafdac.gov.ng/uploadImage/smpc_files/2025/03/26/2025032673bdd62f-0071-5e58-9f0e-3354969225f4.pdf,2021-05-07,2026-05-06,https://greenbook.nafdac.gov.ng/products/details/4085,2026-09-27T21:22:20.085187+00:00,156
greenbook,4362,Afragra Tablets 100 mg##,Sildenafil (Sildenafil Citrate),Afrab-Chem Limited,Drugs,Tablet,100 mg,,A11-100101,Inactive,"Tablet, Coated

SILDENAFIL TABLETS	A11-100101	AFRAGRA TABLETS 100MG 	SILDENAFIL CITRATE, AVICEL PH, DICALCIUM PHOSPHATE, CMC SODIUM, AEROSIL, TALC POWDER, MAGNESIUM STEARATE, LUSTER CLEAR, TITANIUM DIOXIDE, FD&amp;C BLUE # DYE:	UROLOGICAL AND RELATED DRUGS	ORAL	140.44MG, 101:267MG, 69MG, 12MG, 200:1MG, 2MG, 3.75MG, 10MG, 2MG, 0.08MG	TABLET, COATED	PRESCRIPTION ONLY MEDICINE (POM)	AFRAGRA IS INDICATED IN THE TREATMENT OF ERECTILE DYSFUNCTION	AFRAB CHEM LIMITED	NIGERIA	AFRAB CHEM LIMITED	NIGERIA	2021-05-07	2026-05-06","Each tablet contains: Sildenafil Citrate 
Excipients: Avicel PH, Dicalcium Phosphate, CMC Sodium, Aerosil, Talc Powder, Magnesium Stearate, Luster Clear, Titanium Dioxide, FD&amp;C Blue Dye.",Oral,G04BE03,https://admin.greenbook.nafdac.gov.ng/uploadImage/smpc_files/2025/03/26/2025032678b4e8ae-07a5-56c7-8ac4-507b610e051e.pdf,2021-05-07,2026-05-06,https://greenbook.nafdac.gov.ng/products/details/4362,2026-09-27T21:22:20.085187+00:00,157
greenbook,3002,Afragra Tablets 50 mg##,Sildenafil (Sildenafil Citrate),Afrab-Chem Limited,Drugs,Tablet,50 mg,,A11-100120,Inactive,"Film Coated Tablet
",Each tablet contains: Sildenafil Citrate 70.22 mg equivalent to Sildenafil 50 mg,Oral,G04BE03,https://admin.greenbook.nafdac.gov.ng/uploadImage/smpc_files/2025/03/26/20250326f2bd4526-a24a-5cc8-979c-ed29f3a3ee0d.pdf,2021-05-07,2026-05-06,https://greenbook.nafdac.gov.ng/products/details/3002,2026-09-27T21:22:20.085187+00:00,158
greenbook,5496,Aframin Drops##,L-Lysine ; Vitamin A; Vitamin B1; Vitamin B2; Vitamin B6; Vitamin B12; Vitamin C; Vitamin D3; Vitamin E; Biotin; Folic acid; Niacin; Pantothenic acid; Iodine; Iron; Magnesium; Manganese; Zinc,Afrab-Chem Limited,Drugs,Liquid,NA,1 x 15 mL (in amber glass bottle),A4-8780,Inactive,"Liquid

93	Multivitamins And Amino Acids	A4-8780	Aframin Drops	L-Leucine USP, L-Isoleucine USP+L-Lysine Hcl USP, L-Tryptophan USP L-Phenyalamine USP :L-Threonine Sp, Vali USP, L-Methionine U, P:Calcium Pantothenate, Vitamin A Palmitate (Liquid):Iu, Thiamine Hcl, Riboflavin Phosphate, Pyridoxine Hcl, Sodium Ascorbate, Nicotinaminde, Vitamin D:Iu, Tween,Disodium Edetate, Sodium Cmc, Sodium Citrate, Methyl Paraben	Multivitamins	Oral	6.00  mg, 2.00  mg, 8.00  mg, 1.60  mg, 1.60  mg, 1.40  mg, 2.20  mg, 3.00  mg, 2.00  mg, 4000iu, 1.00  mg, 0.40 Mg, 0.50 Mg, 25.00  mg, 5.00  mg, D2:400iu 80:47.50  mg, 0.99 Mg, 1.98 Mg, 3.59 Mg,1.49	Liquid	Over The Counter (Otc)	Afrab Chem Limited	Afrab Chem Limited	Nigeria	2021-03-01	2026-02-28

L-LEUCINE USP:6.00mg,L-ISOLEUCINE USP:2.00mg,L-LYSINE HCL USP:8.00mg,L-TRYPTOPHAN USP:1.60mg,L-PHENYALAMINE USP :1.60mg,L-THREONINE USP:1.40mg,L-VALINE USP:2.20mg,L-METHIONINE USP:3.00mg,CALCIUM PANTOTHENATE:2.00mg,VITAMIN A PALMITATE (LIQUID):4000IU,THIAMINE HCL:1.00mg,RIBOFLAVIN 5-PHOSPHATE:0.40 mg,PYRIDOXINE HCL:0.50 mg,SODIUM ASCORBATE :25.00mg, NICOTINAMINDE :5.00mg,VITAMIN D2:400IU,TWEEN 80:47.50 mg, DISODIUM EDETATE:0.99 mg,SODIUM CMC:1.98 mg,SODIUM CITRATE:3.59 mg,METHYL PARABEN:1.49 mg,PROPYL PARABEN:199.50 mg,PROPYLENE GLYCOL:229.50mg,POLYETHYLENE GLYCOL:8.333mg,BRONOPOL:0.179 mg TUTTI FRUITTI FLAVOUR 0.002ml SODIUM METABISULPHATE 1.79 mg ALLURA RED COLOUR 100.00 mg","Each 1 mL contains: L-Leucine USP 6.00 mg, L-Isoleucine USP 2.00 mg, L-Lysine HCl USP 8.00 mg, L-Tryptophan USP 1.60 mg, L-Phenylamine USP 1.60 mg, L-Threonine USP 1.40 mg, L-Valine USP 2.20 mg, L-Methionine USP 3.00 mg, Calcium, Pantothenate 2.00 mg, Vitamin A Palmitate (Liquid) 4000 IU, Thiamine HCl 1.00 mg, Riboflavin 5-Phosphate 0.40 mg, Pyridoxine HCl 0.50 mg, Sodium Ascorbate 25.00 mg, Nicotinamide 5.00 mg, Vitamin D2 400 IU
Excipients q.s.",Oral,B03AE04,https://admin.greenbook.nafdac.gov.ng/uploadImage/smpc_files/2025/01/15/20250115b1091183-dc69-53b9-991a-eaa0f7403f02.pdf,2021-03-01,2026-02-28,https://greenbook.nafdac.gov.ng/products/details/5496,2026-09-27T21:22:20.085187+00:00,159
greenbook,2613,Africlav 375 Tablet##,Amoxicillin (Amoxicillin Trihydrate); Clavulanic Acid (Potassium Clavulanate),Chanrai HealthCare Limited,Drugs,Tablet,250 mg; 125 mg,,B4-0550,Inactive,Tablet,"Each tablet contains: Amoxicillin (as Amoxicillin Trihydrate BP) 250 mg, Potassium Clavulanate (as Potassium Clavulanate Diluted BP) 125 mg",Oral,J01CR02,,2020-12-21,2025-12-20,https://greenbook.nafdac.gov.ng/products/details/2613,2026-09-27T21:22:20.085187+00:00,160
greenbook,2614,Africlav 625 Tablet##,Amoxicillin (Amoxicillin Trihydrate); Clavulanic Acid (Potassium Clavulanate),Chanrai HealthCare Limited,Drugs,Tablet,500 mg; 125 mg,,B4-0551,Inactive,Tablet,"Each tablet contains: Amoxicillin (as Amoxicillin Trihydrate BP) 500 mg, Potassium Clavulanate (as Potassium Clavulanate Diluted BP) 125 mg
",Oral,J01CR02,,2020-12-21,2025-12-20,https://greenbook.nafdac.gov.ng/products/details/2614,2026-09-27T21:22:20.085187+00:00,161
greenbook,2615,Africlav Powder for Oral Suspension##,Amoxicillin (Amoxicillin Trihydrate); Clavulanic Acid (Potassium Clavulanate),Chanrai HealthCare Limited,Drugs,Powder for suspension,200 mg/5 mL; 28.5 mg/5 mL,,B4-1215,Inactive,Powder for Reconstitution,"Each 5 mL suspension contains: Amoxicillin (as Amoxicillin Trihydrate BP) 200 mg, Potassium Clavulanate (as Potassium Clavulanate Diluted BP) 28.5 mg",Oral,J01CR02,,2020-12-21,2025-12-20,https://greenbook.nafdac.gov.ng/products/details/2615,2026-09-27T21:22:20.085187+00:00,162
greenbook,4382,Afrifil 20 mg Tablets**,Tadalafil,Chanrai HealthCare Limited,Drugs,Tablet,20 mg,1 x 4&#039;s (in Alu-PVC blister),B4-5996,Active,"Tablet.
A cream-colored diamond shape, biconvex, film coated tablet, having embossed &#039;CHCL&#039; on one side and symbol of CHANRAI on the other side of the tablet","Tadalafil Tablets USP 20 mg.
Each film coated tablet contains: Tadalafil USP 20 mg, Excipients q.s.
Colour: Yellow Oxide of Iron",Oral,G04BE08,https://admin.greenbook.nafdac.gov.ng/uploadImage/smpc_files/2024/10/18/202410186c201b2a-dbb4-5845-bb45-71a010710b15.pdf,2023-02-23,2028-02-22,https://greenbook.nafdac.gov.ng/products/details/4382,2026-09-27T21:22:20.085187+00:00,163
greenbook,12443,AFRIGENERICS PREGABALIN CAPSULE 75MG $,Pregabalin,AFRIGENERICS PHARMACEUTICALS LTD,Drugs,Capsule,75mg,3 x10 CAPSULES,A4-102038,Active,"PREGABALIN CAPSULE 75MG	PREGABALIN 75MG	PREGABALIN BP 75MG, MAIZE STARCH BP 8.375MG, MANNITOL BP 8.25MG, PURIFIED TALC BP 8.375MG 	A4-102038	Drugs	Imported Product	3x10CAPSULES	20-09-2024	AFRIGENERICS PHARMACEUTICALS LTD, NO. 2, IRINGA STREET, OFF DODOMA STREET, WUSE ZONE 6,	08068244299	afrigenericspharm@gmail.com	BAFNA PHARMACEUTICALS LTD., No 147, Madhavaram Redhills High Road, Grantlyon Village, Vadakarai Post, Chennai- 600 052, India.
",Each hard gelatin capsule contains: Pregabalin 75 mg                       ,Oral,N02BF02,https://admin.greenbook.nafdac.gov.ng/uploadImage/smpc_files/2026/06/16/20260616b2d33fd5-9585-5323-b034-ff71c319b24b.pdf,2026-03-31,2031-03-30,https://greenbook.nafdac.gov.ng/products/details/12443,2026-09-27T21:22:20.085187+00:00,164
greenbook,12449,AFRIGENERICS PREGABALIN CAPSULES 150MG $,Pregabalin,AFRIGENERICS PHARMACEUTICALS LTD,Drugs,Capsule,150mg,3 X 10 Capsules ,A4-102037,Active,"PREGABALIN CAPSULES 150MG	PREGABALIN CAPSULES 150MG	PREGABALIN BP 75MG, MAIZE STARCH BP 8.375MG, MANNITOL BP 8.25MG, PURIFIED TALC BP 8.375MG	A4-102037	Drugs	Imported Product	3 X 10 Capsules 	08-10-2025	AFRIGENERICS PHARMACEUTICALS LTD, NO. 2, IRINGA STREET, OFF DODOMA STREET, WUSE ZONE 6,	08068244299	afrigenericspharm@gmail.com	BAFNA PHARMACEUTICALS LTD., No 147, Madhavaram Redhills High Road, Grantlyon Village, Vadakarai Post, Chennai- 600 052, India.
",Each Hard gelatin Capsule contains: Pregabalin150 mg,Oral,N02BF02,https://admin.greenbook.nafdac.gov.ng/uploadImage/smpc_files/2026/06/16/2026061678814c17-6263-54b3-8a57-e4a6acd018d4.pdf,2026-03-31,2031-03-30,https://greenbook.nafdac.gov.ng/products/details/12449,2026-09-27T21:22:20.085187+00:00,165
greenbook,2791,Afrimal Dispersible Tablets 20 mg/120 mg##,Artemether; Lumefantrine,Afri Generics Limited,Drugs,Dispersible tablet,20 mg; 120 mg,,B4-3704,Inactive,Dispersible Tablet,"Each dispersible tablet contains: Artemether 20 mg, Lumefantrine 120 mg",Oral,P01BF01,,2020-11-10,2025-11-09,https://greenbook.nafdac.gov.ng/products/details/2791,2026-09-27T21:22:20.085187+00:00,166
greenbook,2792,Afrimal Tablets 80 mg/480 mg##,Artemether; Lumefantrine,Afri Generics Limited,Drugs,Tablet,80 mg; 480 mg,10 x 1 x 6&#039;s (in pack),A4-8112,Inactive,"Film Coated Tablet
Yellow, biconvex, capsule shaped film coated tablets, having a break line on one side","Each film coated tablet contains: Artemether 80 mg, Lumefantrine 480 mg
Excipients q.s.",Oral,P01BF01,https://admin.greenbook.nafdac.gov.ng/uploadImage/smpc_files/2024/11/28/2024112868241831-a6f7-5eb2-99a4-40da47b63bde.pdf,2020-11-10,2025-11-09,https://greenbook.nafdac.gov.ng/products/details/2792,2026-09-27T21:22:20.085187+00:00,167
greenbook,2801,Afrip 500 Tablets##,Ciprofloxacin,Afri Generics Limited,Drugs,Tablet,500 mg,,B4-0461,Inactive,Tablet,"Each tablet contains: Ciprofloxacin 500 mg
Excipients q.s.",Oral,J01MA02,,2020-11-10,2025-11-09,https://greenbook.nafdac.gov.ng/products/details/2801,2026-09-27T21:22:20.085187+00:00,168
greenbook,4400,Afritel 40 H Tablet##,Telmisartan; Hydrochlorothiazide,Chanrai HealthCare Limited,Drugs,Tablet,40 mg; 12.5 mg,3 x 10&#039;s (in Alu-Alu blisters),B4-6539,Active,"Tablet
A white round shape, biconvex uncoated tablet, having “CHCL” on one side and symbol of chanrai on other side of the tablet

AFRITEL 40H TABLET	B4-6539	AFRITEL 40H TABLET	Active: Telmisartan USP 40mg, Hydrochlorothiazide 12.5mg Excipients: Sodium Hydroxide BP, Meglumine BP, Mannjtol BP, Povidone K-30 BP, Purified Water BP, Magnesium Stearate BP, Pregelatinized Starch BP, Colloidal Anhydrous Silica					POM 1		CHANRAI HEALTHCARE LIMITED, OSHODI APAPA EXPRESSWAY, ISOLO LAGOS		BHARAT PARENTERALS LTD, , SURVEY NO: 144&amp;146, JAROD SAMLAYA RD, VILL. HARIPURA, TA. SAVLI DIST VADODARA - 391520, GUJARAT, INDIA, India		2/23/2023	2/22/2028","Each tablet contains: Telmisartan 40 mg and Hydrochlorothiazide 12.5 mg Tablets USP
Excipients: Sodium Hydroxide BP, Meglumine BP, Mannitol BP, Povidone K-30 BP, Purified Water BP, Magnesium Stearate BP",Oral,C09DA07,https://admin.greenbook.nafdac.gov.ng/uploadImage/smpc_files/2024/10/20/202410207b10981f-fb88-5f64-9ba4-4764b47676a0.pdf,2023-03-23,2028-02-22,https://greenbook.nafdac.gov.ng/products/details/4400,2026-09-27T21:22:20.085187+00:00,169
greenbook,4399,Afritel 40 Tablet##,Telmisartan,Chanrai HealthCare Limited,Drugs,Tablet,40 mg,3 x 10&#039;s (in Alu-Alu blisters),B4-6538,Active,"Tablet
A white colored round shape, biconvex uncoated tablet, having “CHCL” on one side and symbol of chanrai on the other side of the tablet

AFRITEL 40 TABLET	B4-6538	AFRITEL 40 TABLET	Active ingredients: Telmisartan 40mg USP Excipients: Sodium Hydrochloride BP Meglumine BP, Mannitol BP, Povidone K-30BP, Purified Water BP, Magnesium Stearate BP					Prescription Only Medicine (POM)		CHANRAI HEALTHCARE LIMITED, OSHODI APAPA EXPRESSWAY, ISOLO LAGOS		BHARAT PARENTERALS LTD, , SURVEY NO: 144&amp;146, JAROD SAMLAYA RD, VILL. HARIPURA, TA. SAVLI DIST VADODARA - 391520, GUJARAT, INDIA, India		2/23/2023	2/22/2028","Each tablet contains: Telmisartan 40 mg USP
Excipients: Sodium Hydrochloride BP Meglumine BP, Mannitol BP, Povidone K-30BP, Purified Water BP, Magnesium Stearate BP",Oral,C09CA07,https://admin.greenbook.nafdac.gov.ng/uploadImage/smpc_files/2024/10/20/20241020da1c84d0-f4b4-5a0c-9bff-187385b80a0f.pdf,2023-02-23,2028-02-22,https://greenbook.nafdac.gov.ng/products/details/4399,2026-09-27T21:22:20.085187+00:00,170
greenbook,2977,Afrixime 200 Tablet_,Cefixime (Cefixime Trihydrate),Chanrai HealthCare Limited,Drugs,Tablet,200 mg,,B4-0629,Inactive,Oral Tablet,Each tablet contains: Cefixime (as Cefixime Trihydrate USP) 200 mg,Oral,J01DD08,,2020-12-21,2025-12-20,https://greenbook.nafdac.gov.ng/products/details/2977,2026-09-27T21:22:20.085187+00:00,171
greenbook,16,Afrixime CLV 325 Tablets##,Cefixime; Clavulanic Acid (Clavulanate Potassium),Chanrai HealthCare Limited,Drugs,Tablet,200 mg; 125 mg,1 x 10&#039;s (in Alu-Alu blister),B4-4802,Active,"Tablet
White colored, capsule shaped, biconvex, film coated tablet, having &quot;CHCL&quot; on one side and symbol &quot;CHANRAI&quot; on the other side of the tablet","Each film coated tablet contains: Cefixime USP (as Trihydrate) equivalent to Anhydrous Cefixime 200 mg, Potassium Clavulanate Diluted B? equivalent to Clavulanic Acid 125 mg
Excipients q.s.
Color: Titanium Dioxide BP",Oral,J01DD08,https://admin.greenbook.nafdac.gov.ng/uploadImage/smpc_files/2023/05/28/20230528f1a6a3de-e203-5583-855c-c8510c1b4758.pdf,2021-12-02,2026-12-01,https://greenbook.nafdac.gov.ng/products/details/16,2026-09-27T21:22:20.085187+00:00,172
greenbook,2993,Afrixime Powder for Oral Suspension##,Cefixime (Cefixime Trihydrate),Chanrai HealthCare Limited,Drugs,Powder for suspension,50 mg/5 mL,,B4-1476,Inactive,Powder for Oral Suspension,"Each 5 mL reconstituted suspension contains: Cefixime (as Cefixime Trihydrate USP) 50 mg
Excipients q.s.",Oral,J01DD08,,2020-12-21,2025-12-20,https://greenbook.nafdac.gov.ng/products/details/2993,2026-09-27T21:22:20.085187+00:00,173
greenbook,12467,AFROFRANIL 25MG TABLET $,Clomipramine Hydrochloride,CCGlobalcure Pharmaceutical Company Ltd Awada Obosi,Drugs,Tablet,25mg,2 X 25 TABLETS,A4-101818,Active,"AFROFRANIL 25MG TABLET	CLOMIPRAMINE TABLETS 25MG	A4-101818	Drugs	Imported Product	2 X 25 TABLETS 	15-08-2025	CCGLOBALCURE PHARMACEUTICAL COMPANY LTD, 2, Edonta Close Awada, obosi	07065313432	ccglobalcurepharma@gmail.com	JFL  LIFE  SCIENCES  PVT. LTD., PLOT NO 615, GIDC, KERALA ( BAVLA) DIST.-AHMEDABAD - 382245, GUJARAT  STATE, INDIA.
","Each Sugar-Coated Tablet Contains: Clomipramine Hydrochloride BP...25 mg
Excipients......q.s",Oral,N06AA04,https://admin.greenbook.nafdac.gov.ng/uploadImage/smpc_files/2026/01/22/20260122b2c168d2-fddc-5b98-a095-12e2d272057a.pdf,2025-12-18,2030-12-17,https://greenbook.nafdac.gov.ng/products/details/12467,2026-09-27T21:22:20.085187+00:00,174
greenbook,5931,Afterburn Cream##,Silver sulfadiazine,Zeenat Nigeria Ltd,Drugs,Cream,1%,1 x 5 mL (in 30 g tube),C4-2055,Active,"Ointment

3	AFTERBURN CREAM	AFTER BURN	SILVER SULFADIAZINE 1%	POM 	CREAM	1 X 5ML	SULFONAMIDE/ANTISEPTIC	ZEENAT PHARMACY LTD.	GREEN HOUSE, PLOT 384, YASHANA ROAD, NAIBAWA QUARTERS, KANO STATE.	CIRON DRUGS &amp; PHARMA PVT. LTD.	 N-118, 119, M.I.D.C., TARAPUR BOISAR, DIST. THANE-401506, MAHARASHTRA, INDIA.	GMP- CLEARANCE ;LR-NA;  FEES-PAID;NP:NA	21/02/2019				C4-2055",Afterburn Cream contains; Silver Sulfadiazine 1% w/w,Topical,D06BA01,https://admin.greenbook.nafdac.gov.ng/uploadImage/smpc_files/2024/10/20/202410203c8ce857-6662-52a8-a2a8-684a74d97066.pdf,2023-02-23,2028-02-22,https://greenbook.nafdac.gov.ng/products/details/5931,2026-09-27T21:22:20.085187+00:00,175
greenbook,12444,AG ACICLOVIR CREAM $,Aciclovir,AnnyGod Pharmaceutical Company Ltd,Drugs,Cream,5%,1 X 15 g,A4-102129,Active,"AG ACICLOVIR CREAM	ACICLOVIR BP 5%W/W	A4-102129	Drugs	Imported Product	1 X 15G	13-11-2024	ANNYGOD PHARMACEUTICAL COMPANY LTD, 28 UKWULU STREET, AWADA OBOSI, ANAMBRA STATE	KREMOINT PHARMA PVT.LTD , B-8, Additional Ambernath, M.I.D.C. Opp. Anand Nagar Police Check Post, Ambernath(E), Dist Thana-421 506
","Each gram contains: Aciclovir 50 mg (5%)  
Cream Base: qs

",Topical,D06BB03 ,https://admin.greenbook.nafdac.gov.ng/uploadImage/smpc_files/2026/07/05/202607056f11085c-0c9a-57d4-b3d7-2b612da4f947.pdf,2026-05-26,2031-05-25,https://greenbook.nafdac.gov.ng/products/details/12444,2026-09-27T21:22:20.085187+00:00,176
greenbook,4981,AG Amlodipine Tablet 10 mg_,Amlodipine (Amlodipine Besilate),AnnyGod Pharmaceutical Company Ltd,Drugs,Tablet,10 mg,2 x 14&#039;s,A4-100484,Active,Tablet																								,Each tablet contains: Amlodipine Besylate 10 mg,Oral,C08CA01,,2023-07-27,2028-07-26,https://greenbook.nafdac.gov.ng/products/details/4981,2026-09-27T21:22:20.085187+00:00,177
greenbook,12132,"AG Betamethasone, Clotrimazole, Neomycin Cream_",Betamethasone; Clotrimazole; Neomycin sulfate,AnnyGod Pharmaceutical Company Ltd,Drugs,Cream,0.05%; 1%; 0.5%,1 x 30 g (in Lami tube),A4-101735,Active,"Cream.
A white to off-white smooth cream","Composition: Betamethasone Dipropionate USP equiv. to Betamethasone base 0.05%, Clotrimazole 1.0% w/w, and Neomycin 0.5% w/w
Excipients q.s.",Topical,D07AC01,https://admin.greenbook.nafdac.gov.ng/uploadImage/smpc_files/2025/12/10/202512105fdeac4a-9550-5bbc-8448-84f1551aec0b.pdf,2025-11-26,2030-11-25,https://greenbook.nafdac.gov.ng/products/details/12132,2026-09-27T21:22:20.085187+00:00,178
greenbook,7184,AG Losartan 50 Tablet##,Losartan Potassium,AnnyGod Pharmaceutical Company Ltd,Drugs,Tablet,50 mg,2 x 14&#039;s (in blisters),A4-100771,Active,"Tablet

26	NF-PP-223425	AG LOSARTAN 50 TABLET	LOSARTAN POTASSIUM 50MG	LOSARTAN POTASSIUM 50MG, MICROCRYSTALLINE CELLULOSE, LACTOSE MONOHYDRATE, PREGELATINIZED STARCH, PURIFIED TALC, MAGNESIUM STEARATE, ISOPROPYL ALCOHOL, CROSCAMELLOSE SODIUM	A4-100771	Drugs	Imported Products	2*14	Prescription Only Medicine (POM)	6/21/2022	ANNYGOD PHARMACEUTICAL COMPANY LTD, 28 UKWULU STREET, AWADA OBOSI, ANAMBRA STATE	BAFNA PHARMACEUTICAL LTD., NO. 147, MADHAVARAM REDHILLS HIGH ROAD, GRANTLYON VILLAGE, VADAKARI POST, CHENNAI-600 052. INDIA., India																																																															","Each film coated tablet contains: Losartan Potassium BP 50 mg
Excipients: Microcrystalline Cellulose, Lactose Monohydrate, Pregelatinized Starch, Purified Talc, Magnesium Stearate, Isopropyl Alcohol, Croscamellose Sodium, Instacoat White, Methylene Chloride",Oral,J01DH02,https://admin.greenbook.nafdac.gov.ng/uploadImage/smpc_files/2024/11/28/2024112895309025-728e-5094-9dd7-3a0896b166f4.pdf,2024-03-27,2029-03-26,https://greenbook.nafdac.gov.ng/products/details/7184,2026-09-27T21:22:20.085187+00:00,179
greenbook,2,AG Spironolactone##,Spironolactone,AnnyGod Pharmaceutical Company Ltd,Drugs,Tablet,25 mg,1 x 500&#039;s (in a jar),A4-100160,Active,Film Coated Tablet,"Each film coated tablet contains: Spironolactone BP 25 mg
Excipients q.s.",Oral,C03DA01,https://admin.greenbook.nafdac.gov.ng/uploadImage/smpc_files/2024/09/19/2024091984009d5c-5d3b-5abf-9201-faafe911b414.pdf,2021-12-17,2026-12-16,https://greenbook.nafdac.gov.ng/products/details/2,2026-09-27T21:22:20.085187+00:00,180
greenbook,12455,AGABAXIN TABLETS $,Levofloxacin (Levofloxacin Hemihydrate),Grace Base Pharmacy &amp; Stores Limited,Drugs,Tablet,500mg,1 X 10,B4-5169,Active,"AGABAXIN TABLETS	LEVOFLOXACIN HEMIHYDRATE 500MG	LEVOFLOXACIN HEMIHYDRATE 500MG 	B4-5169	Drugs	Imported Product	1 X 10	18-08-2023	GRACE BASE PHARMACY &amp; STORES LIMITED, NO63, TENANTROAD, ABA, ABIA, ABA, , ABIA	08033197841	gracebase2020@gmail.com	MAXHEAL LABORATORIES PVT LTD, PLOT NO. 2-7/80-85 SURSEZ SACHIN DIST. SURAT GUJARAT 394 230 INDIA
","Each tablet contains: Levofloxacin Hemihydrate equivalent to Levofloxacin 500 mg
Excipients q.s.  ",Oral,J01MA12,https://admin.greenbook.nafdac.gov.ng/uploadImage/smpc_files/2026/09/03/20260903365741c4-af9b-515a-91c3-72245b3b8724.pdf,2026-02-24,2031-02-23,https://greenbook.nafdac.gov.ng/products/details/12455,2026-09-27T21:22:20.085187+00:00,181
greenbook,17,Agazit Tablets##,Azithromycin (Azithromycin Dihydrate),AnnyGod Pharmaceutical Company Ltd,Drugs,Tablet,500 mg,,A4-100147,Active,Tablet,Each tablet contains: Azithromycin equivalent to Azithromycin Dihydrate 500 mg,Oral,J01FA10,,2021-12-02,2026-12-01,https://greenbook.nafdac.gov.ng/products/details/17,2026-09-27T21:22:20.085187+00:00,182
greenbook,18,Agcef Tablet##,Cefuroxime (Cefuroxime Axetil),AnnyGod Pharmaceutical Company Ltd,Drugs,Tablet,500 mg,,A4-100138,Active,Tablet,Each tablet contains: Cefuroxime Axetil USP equivalent to Cefuroxime 500 mg,Oral,J01DC02,,2021-12-02,2026-12-01,https://greenbook.nafdac.gov.ng/products/details/18,2026-09-27T21:22:20.085187+00:00,183
greenbook,7989,Agesulf Ferrous Sulphate Tablets**,Ferrous sulfate,Agelex Pharmaceuticals Limited,Drugs,Tablet,200 mg,1 x 1000&#039;s,A11-100759,Active,Sugar-coated tablet,Each sugar-coated tablet contains: Dried Ferrous Sulphate B.P. 200 mg equivalent to 65 mg of elemental Iron,Oral,,https://admin.greenbook.nafdac.gov.ng/uploadImage/smpc_files/2024/11/28/20241128895a519e-b430-5ac1-bf28-b08f28e10df2.pdf,2024-08-28,2029-08-27,https://greenbook.nafdac.gov.ng/products/details/7989,2026-09-27T21:22:20.085187+00:00,184
greenbook,8375,AGS Loratadine Tablets USP 10 mg**,Loratadine,Anyigold Global Services Nigeria Ltd,Drugs,Caplet,10 mg,10 x 10&#039;s (in Alu/PVC Blisters),A4-101020,Active,"Uncoated caplet.
White coloured small caplet shaped uncoated tablets with break line on one side and “10” embossed on other side","Each uncoated tablet contains: Loratadine BP 10 mg, Excipients q.s.",Oral,R06AX13,https://admin.greenbook.nafdac.gov.ng/uploadImage/smpc_files/2024/11/02/202411020804c3ee-b585-58c4-84ed-bc1b172ab8ec.pdf,2024-09-25,2029-09-24,https://greenbook.nafdac.gov.ng/products/details/8375,2026-09-27T21:22:20.085187+00:00,185
greenbook,8025,AGS Pregabalin Capsule IP 300 mg**,Pregabalin,Anyigold Global Services Nigeria Ltd,Drugs,Capsule,300 mg,10 x 15&#039;s (in Alu-PVC Blisters),A4-100962,Active,A hard gelatin capsule with red cap with off white body with white crystalline powder,"Each hard gelatin capsule contains: Pregabalin BP 300 mg, Excipients q.s.",Oral,N03AX16,https://admin.greenbook.nafdac.gov.ng/uploadImage/smpc_files/2024/09/14/2024091481480721-fbe4-5870-8043-b0cdd88dc185.pdf,2024-07-31,2029-07-30,https://greenbook.nafdac.gov.ng/products/details/8025,2026-09-27T21:22:20.085187+00:00,186
greenbook,11362,Agwoiba 20/120 Tablet**,Artemether; Lumefantrine,Global Young Pharma Limited,Drugs,Tablet,20 mg; 120 mg,1 x 6&#039;s; 1 x 12&#039;s; 1 x 18&#039;s; 1 x 24&#039;s,B4-9505,Active,"Uncoated Tablet.
Light yellow coloured, circular shaped, flat, beveled, uncoated tablet having breakline on one side and plain on other side","Artemether 20 mg and Lumefantrine 120 mg Tablets Ph. Int.
Each uncoated tablet contains: Artemether Ph. Int. 20 mg, Lumefantrine Ph. Int. 120 mg, Excipients q.s.",Oral,P01BF01,https://admin.greenbook.nafdac.gov.ng/uploadImage/smpc_files/2025/07/25/20250725183c5f46-a8f9-521b-937d-ce5f869951b7.pdf,2025-06-25,2030-06-24,https://greenbook.nafdac.gov.ng/products/details/11362,2026-09-27T21:22:20.085187+00:00,187
greenbook,11363,Agwoiba 80/480 Tablets**,Artemether; Lumefantrine,Global Young Pharma Limited,Drugs,Tablet,80 mg; 480 mg,1 x 6&#039;s (in blister),B4-9506,Active,"Film-coated Tablet.
Yellow coloured, circular shaped, biconvex, film coated tablet having breakline on one side and plain on other side","Artemether 80 mg and Lumefantrine 480 mg Tablets Ph. Int.
Each film-coated tablet contains: Artemether Ph. Int. 80 mg, Lumefantrine Ph. Int. 480 mg, Excipients q.s.",Oral,P01BF01,https://admin.greenbook.nafdac.gov.ng/uploadImage/smpc_files/2025/07/25/202507250a49a48c-e2c0-5f55-8b15-785afe489526.pdf,2025-06-25,2030-06-24,https://greenbook.nafdac.gov.ng/products/details/11363,2026-09-27T21:22:20.085187+00:00,188
greenbook,690,Airomol Tablets##,Salbutamol (Salbutamol Sulfate); Theophylline,Zadip Pharma Nig  Ltd,Drugs,Tablet,2 mg; 100 mg,,B4-3125,Inactive,Tablet,"Each tablet contains: Salbutamol equivalent to Salbutamol Sulfate 2 mg, Theophylline 100 mg",Oral,R03DB04,,2021-05-07,2026-05-06,https://greenbook.nafdac.gov.ng/products/details/690,2026-09-27T21:22:20.085187+00:00,189
greenbook,9867,Akason Artesunate Injection 120 mg_,Artesunate,Katari Pharmacy and Stores Limited,Drugs,Injection,120 mg,1 x 1 vial + 2 diluent ampoules,A4-101189,Active,Powder for solution for injection,"Each vial contains: Artesunate 120 mg

Each combipack contains: One vial of Artesunate 120 mg, 2 mL ampoule of Sodium Bicarbonate Injection BP 5% w/v, 10 mL ampoule of Sodium Chloride Injection BP 0.9%w/v",Intravenous; Intramuscular,P01BE03,https://admin.greenbook.nafdac.gov.ng/uploadImage/smpc_files/2025/05/12/20250512c23f90ab-680d-55c4-98c6-0207543339cf.pdf,2025-01-30,2030-01-29,https://greenbook.nafdac.gov.ng/products/details/9867,2026-09-27T21:22:20.085187+00:00,190
greenbook,7755,Akason Artesunate Injection**,Artesunate,Katari Pharmacy and Stores Limited,Drugs,Powder for injection,60 mg,1 x 1&#039;s (in vial) + Solvents (in ampoules),C4-1525,Inactive,"Powder for solution for injection in vial + solvents in ampoules (1 mL Sodium Bicarbonate BP 5% w/v + 5 mL Sodium Chloride BP 0.9% w/v).
Artesunate for injection: White crystalline powder
Solvent (sodium bicarbonate injection): Clear, colourless liquid
Diluent (sodium chloride injection): Clear, colourless liquid","Each vial contains: Artesunate powder 60 mg
Each 1-mL ampoule of solvent contains: Sodium bicarbonate 50 mg/mL
Each 5-mL ampoule of diluent contains: sodium chloride 9 mg/mL",Intravenous; Intramuscular,P01BE03,,2021-01-28,2026-01-27,https://greenbook.nafdac.gov.ng/products/details/7755,2026-09-27T21:22:20.085187+00:00,191
greenbook,7756,Akason Lidocain Injection**,Lidocaine Hydrochloride,Katari Pharmacy and Stores Limited,Drugs,Solution for injection,20 mg/mL,20 mL x 1&#039;s (in glass vial),C4-1571,Inactive,Solution for injection in 20-mL clear glass vial,"Each mL solution contains: Lidocaine Hydrochloride BP 20 mg, Methyl Paraben BP 1 mg (as Preservative), Propyl Paraben BP 0.5 mg (as Preservative), Sodium Chloride 6 mg (Tonicity), Sodium Metabisulphite 0.05 mg (Antioxidant), Water for Injection BP q.s.",Intramuscular,C01BB01,,2021-02-25,2026-02-24,https://greenbook.nafdac.gov.ng/products/details/7756,2026-09-27T21:22:20.085187+00:00,192
greenbook,7757,Akason Lidocaine and Adrenaline Injection**,Lidocaine Hydrochloride; Epinephrine,Katari Pharmacy and Stores Limited,Drugs,Solution for injection,20 mg/mL; 10 mcg/mL,50 mL x 1&#039;s (in glass vial),C4-1524,Inactive,Solution for injection in 50-mL clear glass vial,"Lidocaine and Adrenaline Injection BP.
Each mL contains: Lidocaine Hydrochloride BP 20 mg, Adrenaline (as Adrenaline Acid Tartrate BP) 0.01 mg, Methyl Paraben BP 1 mg (as Preservative), Sodium Chloride 6 mg (Tonicity), Sodium Metabisulphite 0.5 mg (Antioxidant), Citric Acid 0.22 mg (Buffering agent), Disodium EDTA 0.01 mg (Chelating agent), Water for Injection BP q.s.",Block/Infiltration,N01BB52,https://admin.greenbook.nafdac.gov.ng/uploadImage/smpc_files/2024/09/14/20240914082a3d33-11c2-5d34-b565-aac255e85baa.pdf,2021-01-28,2026-01-27,https://greenbook.nafdac.gov.ng/products/details/7757,2026-09-27T21:22:20.085187+00:00,193
greenbook,11104,Akelox 325 mg Tablet_,Cefpodoxime (Cefpodoxime Proxetil); Clavulanic Acid (Clavulanate Potassium),Akestar Pharmaceutical Ltd,Drugs,Tablet,125 mg; 200 mg,1 x 10&#039;s (in Alu-Alu blister),A4-101240,Active,"Film-coated Tablet.
An off-white colored, oblong-shaped, biconvex, film-coated tablet, plain on both sides
","Each tablet contains: Potassium Clavulanate Diluted BP equiv. to Clavulanic Acid Base 125 mg, Cefpodoxime Proxetil BP equiv. to Cefpodoxime Base 200 mg
Excipients q.s.
Color: Titanium Dioxide BP",Oral,J01DD13,https://admin.greenbook.nafdac.gov.ng/uploadImage/smpc_files/2025/05/23/20250523af7e18ca-e262-5724-80f8-e9680cda4a07.pdf,2025-04-30,2030-04-29,https://greenbook.nafdac.gov.ng/products/details/11104,2026-09-27T21:22:20.085187+00:00,194
greenbook,11202,Akenart 120 mg Injection**,Artesunate,Akroyal Biotech Ltd,Drugs,Powder for injection,120 mg,1 x 1&#039;s (in vials) + Solvents (in ampoules),A4-101298,Active,Dry Powder for Injection in a vial + solvents in 2 ampoules,"Artesunate for Injection &amp; Sodium Bicarbonate Injection BP &amp; Sodium Chloride Injection BP (Combipack).
Each Combipack Contains:
A. Artesunate (IH) 120 mg in a Vial
B. 2 mL Sodium Bicarbonate Injection BP 5% w/v, in an Ampoule
C. 10 mL Sodium Chloride Injection BP 0.9% w/v, in an Ampoule",Intravenous,P01BE03,https://admin.greenbook.nafdac.gov.ng/uploadImage/smpc_files/2025/06/24/20250624ace2bafc-20d3-553d-8aa2-7124a4e54dbd.pdf,2025-05-27,2030-05-26,https://greenbook.nafdac.gov.ng/products/details/11202,2026-09-27T21:22:20.085187+00:00,195
greenbook,11402,Akenart Injection 60 mg_,Artesunate,Akroyal Biotech Ltd,Drugs,Injection,60 mg,"1 x 1 vial + 1 mL Sodium Bicarbonate (in ampoule), 5 mL Sodium Chloride (in ampoule)",A4-101429,Active,"Dry Powder for Injection
",Each 5 mL contains: Artesunate for Injection 60 mg,Intravenous; Intramuscular,P01BE03,https://admin.greenbook.nafdac.gov.ng/uploadImage/smpc_files/2025/08/21/20250821b6b84300-ee4e-58df-ae2f-ea964032d40e.pdf,2025-07-30,2030-07-29,https://greenbook.nafdac.gov.ng/products/details/11402,2026-09-27T21:22:20.085187+00:00,196
greenbook,7820,Akilos-CR Tablets**,Aceclofenac,Onifam Laboratories Limited,Drugs,Tablet,200 mg,1 x 10&#039;s (in Alu-PVC/PVDC blister),C4-1740,Inactive,"Film coated tablets.
White to off white, round, biconvex film-coated tablets, plain on both sides","Aceclofenac Controlled Release Tablets 200 mg.
Each film-coated controlled-release tablet contains: Aceclofenac BP 200 mg, Excipients  q.s.
Colour: Titanium Dioxide USP",Oral,,https://admin.greenbook.nafdac.gov.ng/uploadImage/smpc_files/2024/09/20/2024092076ac74ba-28ca-5c54-992d-8eaa9c156043.pdf,2021-06-24,2026-06-23,https://greenbook.nafdac.gov.ng/products/details/7820,2026-09-27T21:22:20.085187+00:00,197
greenbook,5569,Akobal-G##,Gabapentin; Methylcobalamin,Akol Healthcare Limited,Drugs,Capsule,300 mg; 500 mcg,10 x 1 x 10&#039;s (in Alu-Alu pack),B4-2466,Active,"Film Coated Tablet
Dark pink colored, elongated, biconvex, film coated tablet, having a mid break line on one side and plain on the other side

43	RNW-PP-87821	AKOBAL-G	GABEPENTIN AND METHYLCOBALAMIN	EACH FILM COATE TABLETS CONTAINS: GABAPENTIN USP 300 MG METHYLCOBALAMIN 500 MCG EXCIPIENTS Q.S	B4-2466	Drugs	Imported Products	1x10 CAPSULES	Prescription Only Medicine (POM)	5/17/2019	AKOL HEALTHCARE LIMITED, AKOL PLAZA,DADA LANE OSOGBO OSUN	8062610092	akolhealthcareltd@gmail.com	Scott-Edil Pharmacia Ltd, 56, E.P.I.P, Phase No 1 Jharmajri, BAddi (H.P) Distt. Solan. , India																																																																																			","Each film coated tablet contains: Gabapentin USP 300 mg, Methylcobalamin USP 500 mcg
Excipients q.s.",Oral,N02BF01,https://admin.greenbook.nafdac.gov.ng/uploadImage/smpc_files/2023/08/27/20230827cfbe0c7b-e151-5dde-8d7c-21bf15628670.pdf,2023-07-27,2028-07-26,https://greenbook.nafdac.gov.ng/products/details/5569,2026-09-27T21:22:20.085187+00:00,198
greenbook,7990,Aksoal 20/120 Tablets**,Artemether; Lumefantrine,Akso Pharmaceutical Nigeria Limited,Drugs,Tablet,20 mg; 120 mg,1 x 24&#039;s (in PVC/Aluminium foil blister),A4-100999,Active,"Tablet.
Yellow, rounded tablets","Each tablet contains: Artemether 20 mg, Lumefantrine 120 mg",Oral,P01BF01,https://admin.greenbook.nafdac.gov.ng/uploadImage/smpc_files/2024/09/29/20240929139dd444-acbf-52d8-bbda-41eba7b7a383.pdf,2024-08-28,2029-09-03,https://greenbook.nafdac.gov.ng/products/details/7990,2026-09-27T21:22:20.085187+00:00,199
greenbook,7120,Aksocort Cream 1%##,Hydrocortisone,Akso Pharmaceutical Nigeria Limited,Drugs,Cream,10 mg,1 x 20 g (in Alu tube),A4-100748,Active,"White cream

3	NF-PP-348250	AKSOCORT CREAM 1%	Hydrocortisone Cream 1%	Hydrocortisone 10mg, (Excipients: Glyceryl Monostearate, Cetyl Alcohol, White soft paraffin, Liquid Paraffin, Span60, Polyaorbate 60, Methylparaben, Propylparaben, Edetate Disodium, Propylene Glycol, Purified water)	A4-100748	Drugs	Imported Products	1X20G	Over The Counter (OTC)	8/8/2023	AKSO PHARMACEUTICAL NIGERIA LIMITED, ODUSAMI STREET OFF WEMPCO ROAD OGBA IKEJA LAGOS	8180218332	506798052@qq.com	FRONT PHARMACEUTICAL PLC, XUANCHENG ECONOMIC AND TECHNICAL DEVELOPEMENT ZONE, ANHUI, CHINA., China																																																								","Each gram contains Hydrocortisone 10 mg
Excipients: Glyceryl Monostearate, Cetyl Alcohol, White Soft Paraffin, Liquid Paraffin, Span 60, Polyaorbate 60, Methylparaben, Propylparaben, Edetate Disodium, Propylene Glycol, Purified water",Topical,D07AA02,https://admin.greenbook.nafdac.gov.ng/uploadImage/smpc_files/2024/03/22/202403228b87dbfe-a883-5f27-b797-bd86df219962.pdf,2024-02-28,2029-02-27,https://greenbook.nafdac.gov.ng/products/details/7120,2026-09-27T21:22:20.085187+00:00,200
greenbook,6346,AKuriT Tablets##,Rifampicin; Isoniazid,Onifam Laboratories Limited,Drugs,Film coated tablet,150 mg; 75 mg,"15 x 6&#039;s (in PVC-Alu blisters), 24 x 28&#039;s (in PVC-Alu/Alu-Alu blisters), 1000&#039;s (in bottle)",04-9278,Active,"Brick red colored, capsule shaped, biconvex, film coated tablets with break-line on one side and plain on the other side

15	RNW-PP-145268	AKURIT TABLETS	RIFAMPIN 150 AND ISONIAZID 75	Each film coated tablet contains: Rifampin USP……………………150mg Isoniazid USP 75mg Excipients a Rifampin USP Isoniazid USP Microcrystalline Cellulose USNF Pregelatinized starch (Starch 1500) USNF Crospovidone NF/EP Ascorbic acid USP Colloidal Silicon Dioxide (Aer200) NF/EP Magnesium Stearate NF/EP Hypromellose (Methocel E5 LVP) USP/EP Hypromellose (Methocel E15 LVP) USP/EP Polyethylene glycol 4000 USNF Talc USP Titanium dioxide USP Colour Iron oxide Red LD Si	Apr-78	Drugs	Imported Products	15X6	Prescription Only Medicine (POM)	4/12/2022	ONIFAM LABORATORIES LIMITED, IDIMU ROAD, ORELOPE EGBEDA, LAGOS. EGBEDA LAGOS	17763208	onifamconsultant@yahoo.com	LUPIN LTD, A-28/1, M.I.D.C CHIKALTHANA, AURANGABAD 431210 MAHARASHTRA STATE, INDIA., India","Each film coated tablet contains: Rifampicin 150 mg, Isoniazid 75 mg
Excipients q.s.",Oral,J04AM02,https://admin.greenbook.nafdac.gov.ng/uploadImage/smpc_files/2023/11/07/20231107a3e83a20-4cde-5a4a-94fb-501a4dfe9fb4.pdf,2023-10-31,2028-10-30,https://greenbook.nafdac.gov.ng/products/details/6346,2026-09-27T21:22:20.085187+00:00,201
greenbook,12058,AL-Douleurs Tablets**,Diclofenac Potassium,T.O.C Pharmaceuticals Nigeria Ltd,Drugs,Tablet,50 mg,1 x 12&#039;s (in Alu-PVC blister),B4-4832,Active,Tablet,"Each tablet contains: Diclofenac Potassium 50 mg, Excipients q.s.",Oral,M01AB05,https://admin.greenbook.nafdac.gov.ng/uploadImage/smpc_files/2025/11/28/20251128950ed7c8-3bc7-5b3b-af6a-a9c2614727ea.pdf,2025-09-24,2030-09-23,https://greenbook.nafdac.gov.ng/products/details/12058,2026-09-27T21:22:20.085187+00:00,202
greenbook,5570,AL-MAG Suspension##,Magnesium trisilicate; Magnesium carbonate; Sodium bicarbonate,Alben Health Care Industries Ltd,Drugs,Suspension,250 mg/5 mL; 250 mg/5 mL; 10 mg/5 mL; 50 mg/5 mL,"1 x 200 mL, 1 x 100 mL",A4-9112,Active,"Suspension

31	RNW-PP-229500	AL-MAG SUSPENSION	MAGNESIUM TRISILICATE 250MG; LIGHT MAGNESIUM CARBONATE 250MG; SODIUM BICARBONATE 250MG/5ML.	MAGNESIUM TRISILICATE 250MG; LIGHT MAGNESIUM CARBONATE 250MG; SODIUM BICARBONATE 250MG/5ML; CITRIC ACID; PEPPERMINT OIL.	A4-9112	Drugs	ALIMENTARY TRACT AND METABOLISM	Nigerian Products	200ML,100ML	OTC	12/9/2022	ALBEN HEALTH CARE INDUSTRIES LTD., ONITSHA AWKA ROAD, OGIDI ANAMBRA	8033332325	albenng@rocketmail.com	Alben Healthcare Industries Limited, KM 15 Old Onitsha Awka Road ,Ogidi, Anambra State, Nigeria., Nigeria																																																																																										","Each 5 mL contains: Magnesium Trisilicate 250 mg, Light Magnesium Carbonate 250 mg, Sodium Bicarbonate 250 mg
Excipients: Citric Acid, Peppermint Oil",Oral,A02AH,https://admin.greenbook.nafdac.gov.ng/uploadImage/smpc_files/2025/01/23/202501233e19225a-b705-58f9-a4bc-e6afdb47303e.pdf,2023-07-27,2028-07-26,https://greenbook.nafdac.gov.ng/products/details/5570,2026-09-27T21:22:20.085187+00:00,203
greenbook,4403,AL-MAG Tablet##,Aluminium hydroxide; Magnesium trisilicate,Alben Health Care Industries Ltd,Drugs,Tablet,120 mg; 250 mg,"12 x 8&#039;s (in PVC-Alu blisters), 1 x 1000&#039;s (in plastic container)",B4-0288,Active,"Tablet

AL-MAG TABLET	B4-0288	AL-MAG TABLET	DRIED ALUMINIUM HYDROXIDE 120MG; MAGNESIUM TRISILICATE 250MG; DICALCIUM PHOSPHATE; STARCH; SUGAR; POVIDONE; SODIUM PROPYL PARABEN; TALC; MAGNESIUM STEARATE; PEPPERMINT OIL; MENTHOL.	Drugs	OTC		Tablet				ALBEN HEALTH CARE INDUSTRIES LTD., ONITSHA AWKA ROAD, OGIDI ANAMBRA		Alben Healthcare Industries Limited, KM 15 Old Onitsha Awka Road ,Ogidi, Anambra State, Nigeria., Nigeria	1/26/2023	1/25/2028","Each tablet contains: Dried Aluminium Hydroxide 120 mg, Magnesium Trisilicate 250 mg
Excipients: Dicalcium Phosphate, Starch, Sugar, Povidone, Sodium Propyl Paraben, Talc, Magnesium Stearate, Peppermint Oil, Menthol",Oral,,https://admin.greenbook.nafdac.gov.ng/uploadImage/smpc_files/2025/01/23/20250123a9429d72-9090-5eb5-ba47-cb20abdd96b2.pdf,2023-01-26,2028-01-25,https://greenbook.nafdac.gov.ng/products/details/4403,2026-09-27T21:22:20.085187+00:00,204
greenbook,3227,Al-Tinez Atorvastatin-10 Tablets_,Atorvastatin (Atorvastatin Calcium),Al-Tinez Pharmaceuticals Limited,Drugs,Tablet,10 mg,,C4-1223,Inactive,,Each tablet contains: Atorvastatin calcium equiv. to Atorvastatin 10 mg,Oral,C10AA05,,2020-11-10,2025-11-09,https://greenbook.nafdac.gov.ng/products/details/3227,2026-09-27T21:22:20.085187+00:00,205
greenbook,4763,Alabukun Powder##,Acetylsalicylic acid; Caffeine,Copac Nig Ltd,Drugs,Powder,760 mg; 60 mg,10 x 10&#039;s (in sachets),04-0489,Active,"Powder

32	RNW-PP-112072	ALABUKUN POWDER	ALABUKUN	ACETYLSALICYLIC ACID 760MG, CAFFEINE 60MG	04-0489	Drugs	ANTIINFECTIVES FOR SYSTEMIC USE	Nigerian Products	10*10	Over The Counter (OTC)	12/19/2019	COPAC NIG LTD, APAPA-OSHODI EXPRESS WAY ISOLO LAGOS	17358612	eosofunke@gmail.com	COPAC Nigeria Limited, Plot K6, Apapa-Oshodi Expressway, Isolo, Lagos, Nigeria, Nigeria","Each sachet of Alabukun Powder is 820 mg and contains: Acetylsalicylic Acid 760 mg and Caffeine 60 mg
Excipients: Povidone K-30 (E1201), Povidone K-90 (E1201), Potato Starch, Pregelatinized Starch, Purified Talc, Croscarmellose Sodium, Stearic Acid (E570), Magnesium Stearate",Oral,N02BA51,https://admin.greenbook.nafdac.gov.ng/uploadImage/smpc_files/2023/09/20/2023092046d7a980-7940-54a2-9e04-1dcf80f81e97.pdf,2023-07-06,2028-07-05,https://greenbook.nafdac.gov.ng/products/details/4763,2026-09-27T21:22:20.085187+00:00,206
greenbook,11382,Alapharm Loperamide Capsules**,Loperamide Hydrochloride,Alapharm Nigeria Limited,Drugs,Capsule,2 mg,1 x 10&#039;s (in Alu-PVC blister),C4-0026,Active,"Hard Gelatin Capsules.
Gray/Green coloured size 2 capsule containing white powder","Loperamide Capsules BP 2 mg.
Each capsule contains: Loperamide Hydrochloride BP 2 mg, Excipients q.s.",Oral,A07DA03,https://admin.greenbook.nafdac.gov.ng/uploadImage/smpc_files/2025/07/28/202507280d794280-2e50-5292-82f4-84dfe866b28a.pdf,2025-06-25,2030-06-24,https://greenbook.nafdac.gov.ng/products/details/11382,2026-09-27T21:22:20.085187+00:00,207
greenbook,5499,Albecam 20 mg Capsules**,Piroxicam,Alben Health Care Industries Ltd,Drugs,Capsule,20 mg,10 x 10&#039;s,B4-5526,Active,Hard gelatin capsule,Piroxicam BP 20 mg,Oral,M01AC01,https://admin.greenbook.nafdac.gov.ng/uploadImage/smpc_files/2025/01/23/202501234c0064ae-fc43-579f-9256-ad53eb0039d3.pdf,2023-03-28,2028-03-27,https://greenbook.nafdac.gov.ng/products/details/5499,2026-09-27T21:22:20.085187+00:00,208
greenbook,12457,ALBEN AMLODIPINE 5MG TABLET $,Amlodipine,Alben Health Care Industries Ltd,Drugs,Tablet,5mg,3×10 TABLETS,A11-0431,Active,"ALBEN AMLODIPINE 5MG TABLET	AMLODIPINE 5MG	AMLODIPINE 5MG	A11-0431	Drugs	Nigerian Products	3×10 TABLETS	09-09-2025	ALBEN HEALTH CARE INDUSTRIES LTD., ONITSHA AWKA ROAD, OGIDI ANAMBRA	08033332325	albenng@rocketmail.com	Alben Healthcare Industries Limited,  km 15, Old Onitsha-Awka Road, Ogidi, Anambra State
","Each white, circular tablet contains: 
Amlodipine Besylate USP equivalent to Amlodipine 5 mg
Excipients q.s.",Oral,C08CA01,https://admin.greenbook.nafdac.gov.ng/uploadImage/smpc_files/2026/09/03/20260903a88fd0e6-4151-50f0-bd74-d7844978ab28.pdf,2026-03-31,2031-03-30,https://greenbook.nafdac.gov.ng/products/details/12457,2026-09-27T21:22:20.085187+00:00,209
greenbook,5489,Alben Cold Drops##,Paracetamol; Pseudoephedrine Hydrochloride; Chlorphenamine Maleate,Alben Health Care Industries Ltd,Drugs,Drops,100 mg/mL; 9.38 mg/mL; 1 mg/mL,1 x 15 mL,A11-0126,Active,"Drops

ALBEN COLD DROPS	PARACETAMOL 100MG;CHLORPHENIRAMINE MALEATE 1MG; PSEUDOEPHEDRINE HYDROCHLORIDE 9.38MG/1ML	PARACETAMOL 100MG; CHLORPHENIRAMINE MALEATE 1MG; PSEUDOEPHEDRINE HYDROCHLORIDE 9.38MG/1ML; HYDROXYETHYLMETHYL CELLULOSE;MENTHOL; CAMANZO RED; STRAWBERRY FLAVOUR; PROPYLENE GLYCOL; METHYL PARABEN.	A11-0126	Drugs	RESPIRATORY SYSTEM	Nigerian Products	15ML	OTC	01/09/2021	ALBEN HEALTH CARE INDUSTRIES LTD., ONITSHA AWKA ROAD, OGIDI ANAMBRA	8033332325	albenng@rocketmail.com	Alben Healthcare Industries Limited, KM 15 Old Onitsha Awka Road ,Ogidi, Anambra State, Nigeria., Nigeria","Each mL contains: Paracetamol 100 mg, Chlorpheniramine Maleate 1 mg, Pseudoephedrine Hydrochloride 9.38 mg
Excipients: Hydroxyethylmethyl Cellulose, Menthol, Camanzo Red, Strawberry Flavor, Propylene Glycol, Methyl Paraben",Oral,R01BA52,https://admin.greenbook.nafdac.gov.ng/uploadImage/smpc_files/2025/01/23/20250123cdd2295c-ec90-53e5-8493-c36aad372068.pdf,2023-07-27,2028-07-26,https://greenbook.nafdac.gov.ng/products/details/5489,2026-09-27T21:22:20.085187+00:00,210
greenbook,4404,Alben Ferrous Sulphate Tablet 200 mg##,Ferrous sulfate,Alben Health Care Industries Ltd,Drugs,Tablet,200 mg,1 x 1000&#039;s (in plastic container), A11-0047,Active,"Film coated tablet
A dark red, film coated, circular tablet, plain sides

ALBEN FERROUS SULPHATE TABLET 200MG	A11-0047	ALBEN FERROUS SULPHATE TABLET 200MG	DRIED FERROUS SULPHATE 200MG; STARCH; TALC; MAGNESIUM STEARATE; GELATIN; TITANIUM DIOXIDE.	Drugs	POM 1		Tablet				ALBEN HEALTH CARE INDUSTRIES LTD., ONITSHA AWKA ROAD, OGIDI ANAMBRA		Alben Healthcare Industries Limited, KM 15 Old Onitsha Awka Road ,Ogidi, Anambra State, Nigeria., Nigeria	1/26/2023	1/25/2028","Each film coated tablet contains: Dried Ferrous Sulphate BP 200 mg {Equivalent to 65 mg of Ferrous Iron, Fe {II})}
Excipients: Starch (Bulk), Dicalcium Phosphate, Sodium Propyl Paraben, Talc, Magnesium Stearate, P4R, HPMC, Tween 80, Purified Water",Oral,B03AA07,https://admin.greenbook.nafdac.gov.ng/uploadImage/smpc_files/2023/10/05/2023100597733e58-53ea-5d5c-bccd-3f7f17f70135.pdf,2023-01-26,2028-01-25,https://greenbook.nafdac.gov.ng/products/details/4404,2026-09-27T21:22:20.085187+00:00,211
greenbook,5490,Alben Folic Acid Tablet 5 mg##,Folic acid,Alben Health Care Industries Ltd,Drugs,Tablet,5 mg,1 x 1000&#039;s (in plastic container),A11-100567,Active,"Tablet
A yellow circular tablet

ALBEN FOLIC ACID TABLET 5MG	FOLIC ACID B.P 5mg	FOLIC ACID 5MG; LACTOSE; STARCH; SODIUM; PROPYL PARABEN; POVIDONE; MAGNESIUM STEARATE; CROSSCARMELLOSE SODIUM.		Drugs	Nigerian Products	1000TABLETS	OTC	16/12/2022	ALBEN HEALTH CARE INDUSTRIES LTD., ONITSHA AWKA ROAD, OGIDI ANAMBRA	8033332325	albenng@rocketmail.com	Alben Healthcare Industries Limited, KM 15 Old Onitsha Awka Road ,Ogidi, Anambra State, Nigeria., Nigeria","Each uncoated tablet contains: Folic Acid Tablet BP 5 mg
Excipients: Starch, Lactose, Povidone, Sodium Propyl Paraben, Crosscarmellose Sodium, Magnesium Stearate",Oral,B03BB01,https://admin.greenbook.nafdac.gov.ng/uploadImage/smpc_files/2023/09/22/202309222e4b0051-4420-5c71-8b86-7712af4db37f.pdf,2023-08-31,2028-08-30,https://greenbook.nafdac.gov.ng/products/details/5490,2026-09-27T21:22:20.085187+00:00,212
greenbook,12456,ALBEN NIFEDIPINE 10MG TABLET $,Nifedipine,Alben Health Care Industries Ltd,Drugs,Tablet,10mg,3×10 TABLETS,A11-0435,Active,"ALBEN NIFEDIPINE 10MG TABLET	NIFEDIPINE 10MG	NIFEDIPINE 10MG	A11-0435	Drugs	Nigerian Products	3×10 TABLETS	07-09-2025	ALBEN HEALTH CARE INDUSTRIES LTD., ONITSHA AWKA ROAD, OGIDI ANAMBRA	08033332325	albenng@rocketmail.com	Alben Healthcare Industries Limited,  km 15, Old Onitsha-Awka Road, Ogidi, Anambra State	08033332325
","Each tablet contains: 
Nifedipine BP equivalent to Nifedipine 10 mg  
Excipients: q.s. 

",Oral,C08CA05,https://admin.greenbook.nafdac.gov.ng/uploadImage/smpc_files/2026/09/03/20260903e9edb228-42e4-5239-b939-463fa0843c77.pdf,2026-03-31,2031-03-30,https://greenbook.nafdac.gov.ng/products/details/12456,2026-09-27T21:22:20.085187+00:00,213
greenbook,5761,Alben ORS_,Anhydrous Glucose; Sodium Chloride; Sodium Citrate; Potassium Chloride,Alben Health Care Industries Ltd,Drugs,Powder for solution,20 g; 3.5 g; 2.9 g; 1.5 g,27.9 g powder x 3&#039;s (in lami satchet),A11-0033,Active,"White Powder for oral solution.
Solution is clear and colourless with orange taste","Alben ORS contains: Anhydrous Glucose BP 20 g, Sodium Chloride BP 3.5 g, Sodium Citrate BP 2.9 g, Potassium Chloride BP 1.5 g",Oral,A12CB01,https://admin.greenbook.nafdac.gov.ng/uploadImage/smpc_files/2025/01/23/20250123f6e4b4a9-86f6-5b9f-af47-6c905abf63cc.pdf,2023-02-23,2028-02-22,https://greenbook.nafdac.gov.ng/products/details/5761,2026-09-27T21:22:20.085187+00:00,214
greenbook,4673,Alben Paracetamol Drops##,Paracetamol,Alben Health Care Industries Ltd,Drugs,Drops,100 mg/mL,1 x 15 mL (in PET bottle),A11-0009,Active,"Oral drops
Pink liquid

14	RNW-PP-231519	ALBEN PARACETAMOL DROPS	PARACETAMOL 100MG/1ML	PARACETAMOL 100MG/1ML; PROPYLENE GLYCOL; METHYLPARABEN; STRAWBERRY FLAVOUR; CAMANZO RED; HYDROXYETHYLMETHYLCELLULOSE	A11-0009	Drugs	Nigerian Products	15ML	OTC	12/13/2022	ALBEN HEALTH CARE INDUSTRIES LTD., ONITSHA AWKA ROAD, OGIDI ANAMBRA	8033332325	albenng@rocketmail.com	Alben Healthcare Industries Limited, KM 15 Old Onitsha Awka Road ,Ogidi, Anambra State, Nigeria., Nigeria","Each 1 mL contains: Paracetamol BP 100 mg
Excipients: Hydroxyethyl methylcellulose, Propylene Glycol, Ethanol, Methyl paraben, Strawberry Flavour, Camoisine Red, Purified Water",Oral,N02BE01,https://admin.greenbook.nafdac.gov.ng/uploadImage/smpc_files/2023/09/20/20230920e782a4c7-a706-5e00-b5d8-18fd0ef405fc.pdf,2023-05-25,2028-05-24,https://greenbook.nafdac.gov.ng/products/details/4673,2026-09-27T21:22:20.085187+00:00,215
greenbook,11404,Alben Tetracycline 250 mg Capsule_,Tetracycline Hydrochloride,Alben Health Care Industries Ltd,Drugs,Capsule,250 mg,10 x 10&#039;s (in PVC-Alu blisters),B4-5290,Active,"Capsule.
Red and yellow capsules printed with “ALBEN” on red side and “250 mg” on the yellow side","Each capsule contains: Tetracycline Hydrochloride 270 mg equiv. to 250 mg
Excipients q.s.",Oral,J01AA07,https://admin.greenbook.nafdac.gov.ng/uploadImage/smpc_files/2025/09/04/20250904c55d3e8d-758a-55f0-8b01-832333754be4.pdf,2025-07-30,2030-07-29,https://greenbook.nafdac.gov.ng/products/details/11404,2026-09-27T21:22:20.085187+00:00,216
greenbook,4406,Alben Tramadol Hydrochloride Capsule**,Tramadol Hydrochloride,Alben Health Care Industries Ltd,Drugs,Capsule,100 mg,10 x 10&#039;s (in Alu-PVC blisters),A11-0121,Active,"Capsule, hard
Dark green and pearl green capsules","Each capsule contains: Tramadol Hydrochloride BP 100 mg

Excipients:
Starch, Talc, Magnesium Stearate",Oral,N02AX02,https://admin.greenbook.nafdac.gov.ng/uploadImage/smpc_files/2025/01/23/20250123dca1e7af-0e5a-5e63-89f2-99c38ad36b90.pdf,2023-01-26,2028-01-25,https://greenbook.nafdac.gov.ng/products/details/4406,2026-09-27T21:22:20.085187+00:00,217
greenbook,5571,Alben Vitamin B Complex Tablet_,Vit B1; Vit B2; Nicotinamide,Alben Health Care Industries Ltd,Drugs,Tablet,1 mg; 1 mg; 15 mg ,1 x 1000&#039;s (in tins),A11-100568,Active,Light-orange tablet.,"Each tablet contains: Vitamin B1 (Thiamine HCl) 1 mg, Vitamin B2 (Riboflavin) 1 mg, and Nicotinamide 15 mg",Oral,A11BA,https://admin.greenbook.nafdac.gov.ng/uploadImage/smpc_files/2023/09/22/20230922eee0297a-f2d8-5a58-b03f-06d25c147c21.pdf,2023-08-31,2028-08-30,https://greenbook.nafdac.gov.ng/products/details/5571,2026-09-27T21:22:20.085187+00:00,218
greenbook,5510,Alben Vitamin C + Glucose Chewable Tablet##,Vitamin C; Glucose,Alben Health Care Industries Ltd,Drugs,Tablet,50 mg; 150 mg,20 x 2 x 12&#039;s (in blisters),A11-0040,Active,"Orange cuboid tablet embossed with &quot;Alben&quot; on one side and plain on the other side

ALBEN VITAMIN C + GLUCOSE CHEWABLE TABLET	GLUCOSE 150MG; ASCORBIC ACID 50MG	GLUCOSE 150MG; ASCORBIC ACID 50MG; STARCH; SUNSET YELLOW; SUGAR; SODIUM PROPYL PARABEN; POVIDONE; ISOPROPYL ALCOHOL; MAGNESIUM STEARATE; TALC; ORANGE FLAVOUR.	A11-0040	Drugs	Nigerian Products	12*2*20TABLETS	OTC	09/12/2022	ALBEN HEALTH CARE INDUSTRIES LTD., ONITSHA AWKA ROAD, OGIDI ANAMBRA	8033332325	albenng@rocketmail.com	Alben Healthcare Industries Limited, KM 15 Old Onitsha Awka Road ,Ogidi, Anambra State, Nigeria., Nigeria","Each tablet contains: Ascorbic Acid 50 mg, Glucose (as Monohydrate) 150 mg
Excipients: Povidone, Sugar, Sodium Propyl Paraben, Sunset Yellow, Isopropyl Alcohol, Talc, Magnesium Stearate, Orange Flavor",Oral,A11GB,https://admin.greenbook.nafdac.gov.ng/uploadImage/smpc_files/2023/09/22/20230922521ffb59-2fa2-5c91-8bc7-ba08eb164dd8.pdf,2023-08-31,2028-08-30,https://greenbook.nafdac.gov.ng/products/details/5510,2026-09-27T21:22:20.085187+00:00,219
greenbook,5491,Alben Vitamin C Caplet 1000 mg##,Ascorbic Acid,Alben Health Care Industries Ltd,Drugs,Caplet,1000 mg,1 x 100&#039;s (in plastic container),A11-100569,Active,"White caplet plain on either side

ALBEN VITAMIN C CAPLET 1000MG	ASCORBIC ACID 1000MG	ASCORBIC ACID 1000MG; DEXTROSE ANHYDROUS; CITRIC ACID; SODIUM PROPYL PARABEN; ETHYL CELLULOSE; ETHANOL; POVIDONE; STARCH; MAGNESIUM STEARATE.		Drugs	Nigerian Products	100CAPLETS	OTC	20/12/2022	ALBEN HEALTH CARE INDUSTRIES LTD., ONITSHA AWKA ROAD, OGIDI ANAMBRA	8033332325	albenng@rocketmail.com	Alben Healthcare Industries Limited, KM 15 Old Onitsha Awka Road ,Ogidi, Anambra State, Nigeria., Nigeria","Each caplet contains: Ascorbic Acid BP 1000 mg
Excipients, Dextrose Anhydrous, Citric Acid, Sodium Propyl Paraben, Ethyl Cellulose, Ethanol, Povidone, Starch, Magnesium Stearate",Oral,A11GA,https://admin.greenbook.nafdac.gov.ng/uploadImage/smpc_files/2023/09/22/202309222268268f-f35f-553b-921a-22d9224d385f.pdf,2023-08-31,2028-08-30,https://greenbook.nafdac.gov.ng/products/details/5491,2026-09-27T21:22:20.085187+00:00,220
greenbook,5502,Alben Zinc Sulphate Tablet 50 mg##,Zinc (Zinc Sulfate),Alben Health Care Industries Ltd,Drugs,Tablet,50 mg,1 x 60&#039;s (in plasitc container),A11-100570,Active,"White circular, uncoated tablet, plain on one side and &quot;ALBEN&quot; on one side

ALBEN ZINC SULPHATE TABLET 50MG	ZINC SULPHATE TABLET 50MG	ZINC SULPHATE TABLET 50MG ; DEXTROSE MONOHYDRATE; STARCH; ETHYL CELLULOSE; ETHANOL; CROSSCARMELLOSE SODIUM; MAGNESIUM STEARATE; TALC.		Drugs	Nigerian Products	60TABLETS	OTC	20/12/2022	ALBEN HEALTH CARE INDUSTRIES LTD., ONITSHA AWKA ROAD, OGIDI ANAMBRA	8033332325	albenng@rocketmail.com	Alben Healthcare Industries Limited, KM 15 Old Onitsha Awka Road ,Ogidi, Anambra State, Nigeria., Nigeria","Each uncoated tablet contains: Zinc Sulphate BP 50 mg
Excipients: Dextrose Monohydrate, Starch, Ethyl Cellulose, Ethanol, Croscarmellose Sodium, Magnesium Stearate, Talc, Aspartame, Aerosil, Orange Flavor",Oral,A12CB01,https://admin.greenbook.nafdac.gov.ng/uploadImage/smpc_files/2023/09/22/2023092210df226c-11b5-5def-a11d-91b369b2832e.pdf,2023-08-31,2028-08-30,https://greenbook.nafdac.gov.ng/products/details/5502,2026-09-27T21:22:20.085187+00:00,221
greenbook,4674,Alben Zinc Sulphate Tablet##,Zinc (Zinc Sulfate),Alben Health Care Industries Ltd,Drugs,Tablet,50 mg,10 x 10&#039;s (in plastic container),A11-0048,Active,"White circular, uncoated tablet, plain on one side and &quot;ALBEN&quot; on the side

13	RNW-PP-231509	ALBEN ZINC SULPHATE TABLET	ZINC SULPHATE 54.8MG (EQUIVALENT TO ELEMENTAL ZINC 20MG)	ZINC SULPHATE 54.8MG(EQUIVALENT TO ELEMENTAL ZINC 20MG); MAGNESIUM STEARATE; STARCH, COLLOIDAL SILICON DIOXIDE; MICROCRYSTALLINE CELLULOSE	A11-0048	Drugs	Nigerian Products	10*10TABLETS	OTC	12/13/2022	ALBEN HEALTH CARE INDUSTRIES LTD., ONITSHA AWKA ROAD, OGIDI ANAMBRA	8033332325	albenng@rocketmail.com	Alben Healthcare Industries Limited, KM 15 Old Onitsha Awka Road ,Ogidi, Anambra State, Nigeria., Nigeria","Each uncoated tablet contains: Zinc Sulphate BP 50 mg
Excipients: Magnesium Stearate, Starch, Colloidal Silicon Dioxide, Microcrystalline Cellulose, Sodium Propyl Paraben, Ethylcellulose, Aspartame, Orange Flavor, Aerosil",Oral,A12CB01,https://admin.greenbook.nafdac.gov.ng/uploadImage/smpc_files/2023/09/20/20230920856b1022-37f6-5d75-b26e-b115ac6c11da.pdf,2023-05-25,2028-05-24,https://greenbook.nafdac.gov.ng/products/details/4674,2026-09-27T21:22:20.085187+00:00,222
greenbook,7811,Alben-G Suspension**,Albendazole,Geneith Pharmaceuticals Limited,Drugs,Suspension,200 mg/5 mL,10 mL (in amber coloured PET bottle),C4-0978,Inactive,Oral Suspension,Each 5 mL contains:  Albendazole USP 200 mg,Oral,,https://admin.greenbook.nafdac.gov.ng/uploadImage/smpc_files/2024/09/19/202409194edee085-0879-572e-82bb-83910e97140d.pdf,2021-06-24,2026-06-23,https://greenbook.nafdac.gov.ng/products/details/7811,2026-09-27T21:22:20.085187+00:00,223
greenbook,3003,Alben-G Tablets**,Albendazole,Geneith Pharmaceuticals Limited,Drugs,Tablet,200 mg,1 x 2&#039;s (in blister pack),A4-4437,Inactive,Tablet,"Each tablet contains: Albendazole 200 mg, Excipients q.s.",Oral,P02CA03,,2021-03-01,2026-02-28,https://greenbook.nafdac.gov.ng/products/details/3003,2026-09-27T21:22:20.085187+00:00,224
greenbook,3004,Albendazole 200 mg Tablet_,Albendazole,Fidson Healthcare PLC,Drugs,Tablet,200 mg,1 x 2&#039;s (in PVC-Alu blister),A11-100336,Active,Tablet,Each tablet contains: Albendazole 200 mg,Oral,P02CA03,https://admin.greenbook.nafdac.gov.ng/uploadImage/smpc_files/2025/01/14/2025011462dacac4-1384-589c-b726-11d772867837.pdf,2021-12-16,2026-12-15,https://greenbook.nafdac.gov.ng/products/details/3004,2026-09-27T21:22:20.085187+00:00,225
greenbook,19,Albendazole 200##,Albendazole,Fidson Healthcare PLC,Drugs,Suspension,200 mg/5 mL,1 x 200 mL (in amber bottle),A11-100325,Active,Suspension,Each 5 mL contains: Albendazole 200 mg,Oral,P02CA03,https://admin.greenbook.nafdac.gov.ng/uploadImage/smpc_files/2025/01/14/202501145873db7c-2fcf-518b-831b-3cab2c4ceae3.pdf,2021-12-02,2026-12-01,https://greenbook.nafdac.gov.ng/products/details/19,2026-09-27T21:22:20.085187+00:00,226
greenbook,3005,Albendazole 400 mg Tablet##,Albendazole,Fidson Healthcare PLC,Drugs,Tablet,400 mg,1 x 1 (in PVC-Alu blister),A11-100337,Active,Tablet,Each tablet contains: Albendazole 400 mg,Oral,P02CA03,https://admin.greenbook.nafdac.gov.ng/uploadImage/smpc_files/2025/01/14/202501143d917525-2de9-5cd1-b915-f5fced927668.pdf,2021-12-16,2026-12-15,https://greenbook.nafdac.gov.ng/products/details/3005,2026-09-27T21:22:20.085187+00:00,227
greenbook,4705,Albequine Tablet**,Chloroquine (Chloroquine Phosphate),Alben Health Care Industries Ltd,Drugs,Tablet,250 mg,1 x 10&#039;s (in blister),B4-0086,Active,"Tablet
White round tablet embossed with &quot;ALBEN&quot; and &quot;ALBEQUINE 250&quot; on either sides","Each tablet contains: Chloroquine Phosphate 250 mg equiv. to Chloroquine base 155 mg

Excipients: Starch, Dicalcium, Magnesium Stearate, Aerosil, Gelatin, Sodium Propyl Paraben",Oral,P01BA01,https://admin.greenbook.nafdac.gov.ng/uploadImage/smpc_files/2025/01/23/20250123b611fba9-436b-5855-8bf7-e0f2b856fb34.pdf,2023-02-23,2028-02-22,https://greenbook.nafdac.gov.ng/products/details/4705,2026-09-27T21:22:20.085187+00:00,228
greenbook,1698,Alberol Tablets##,Albendazole,Aquatix Pharmaceuticals Limited,Drugs,Tablet,400 mg,1 x 1&#039;s (in blister),B4-5078,Inactive,"Tablet
Almost white colored capsule shaped biconvex uncoated tablets, plain on one side and embossed &quot;ALBEROL&quot; on other side","Each tablet contains: Albendazole USP 400 mg
Excipients q.s.
Color: Permitted color",Oral,P02CA03,https://admin.greenbook.nafdac.gov.ng/uploadImage/smpc_files/2023/05/27/202305275b5ebf07-7ee2-5d2a-93bc-3ef04d145c31.pdf,2021-05-07,2026-05-06,https://greenbook.nafdac.gov.ng/products/details/1698,2026-09-27T21:22:20.085187+00:00,229
greenbook,5593,Albeta-N Cream##,Betamethasone; Clotrimazole; Neomycin sulfate,Jamin International Co. Nig. Ltd,Drugs,Cream,0.05%; 1%; 0.5%,1 x 30 g (in Lami tube),B4-2875,Active,"Cream
White colored homogeneous cream

ALBETA N CREAM	CLOTRIMAZOLE USP 1% W/W, BETAMETHASONE DIPROPIONATE	1. Clotrimazole USP Active 1.0 % 7.500 mg 2. Betamethasone Dipropionate eq. to Betamethasone USP Active 0.05 % 0.482 mg 3. Neomycin Sulphate USP Active 0.5 % 4.050 mg 4. Chlorocresol USNF Preservative 0.1 % 0.750 mg 5. Cetostearyl Alcohol BP Emulsion Stabilizer --- 45.00 mg 6. Cetomacragol 1000 BP Emulsifier --- 13.50 mg 7. Light Liquid Paraffin BP Soothing Agent --- 30.00 mg 8. White Soft Paraffin BP Soothing Agent --- 75.00 mg 9. B.H.T. BP Antioxidant --- 0.147 mg 10. Sodium Dihy	B4-2875	Drugs	Imported Products	30G	Prescription Only Medicine (POM)	23/01/2023	JAMIN INTERNATIONAL CO. NIG. LTD, IHIALA STREET ODEKPE ONITSHA ANAMBRA	8077261675	jaminpharma@yahoo.com	MAXHEAL PHARMACEUTICALS (INDIA) LIMITED, J-7, MIDC, TARAPUR INDUSTRIAL AREA, BOISAR, PALGHAR 401506, MAHARASHTRA STATE, INDIA, India","Each gram contains: Clotrimazole USP 1.00 % w/w, Betamethasone Dipropionate (Equivalent to Betamethasone USP) 0.05 % w/w, Neomycin Sulphate USP 0.50 % w/w
Preservative: Chlorocresol USNF 0.10 % w/w
Excipients: Chlorocresol, Cetostearyl Alcohol, Cetomacragol 1000, Light Liquid Paraffin, White Soft Paraffin, B.H.T., Sodium Dihydrogen Phosphate, Propylene Glycol, Disodium EDTA, Purified Water",Topical,D07CC01,https://admin.greenbook.nafdac.gov.ng/uploadImage/smpc_files/2023/09/26/20230926b67a4322-b33a-5950-908b-08642921dcfd.pdf,2023-04-26,2028-04-25,https://greenbook.nafdac.gov.ng/products/details/5593,2026-09-27T21:22:20.085187+00:00,230
greenbook,4680,Albetan 1.5 mg Tablet##,Bromazepam,Alben Health Care Industries Ltd,Drugs,Tablet,1.5 mg,3 x 10&#039;s (in blisters),B4-0082,Active,"White round tablet embossed with “ALBEN” and “1.5” on either side

49	RNW-PP-230066	ALBETAN 1.5MG TABLET	BROMAZEPAM 1.5MG	BROMAZEPAM 1.5MG; LACTOSE; ETHANOL; STARCH; POVIDONE; SODIUM PROPYL PARABEN; TALC; MAGNESIUM STEARATE.	B4-0082	Drugs	NERVOUS SYSTEM	Nigerian Products	3*10	POM 1	12/9/2022	ALBEN HEALTH CARE INDUSTRIES LTD., ONITSHA AWKA ROAD, OGIDI ANAMBRA	8033332325	albenng@rocketmail.com	Alben Healthcare Industries Limited, KM 15 Old Onitsha Awka Road ,Ogidi, Anambra State, Nigeria., Nigeria","Each tablet contains: Bromazepam BP 1.5 mg
Excipients: Lactose, Starch, Povidone, Sodium propyl paraben, Talc, Magnesium stearate, Ethanol",Oral,N05BA08,https://admin.greenbook.nafdac.gov.ng/uploadImage/smpc_files/2023/09/18/202309183ad39c7a-d84a-5d49-bbd6-0b231c94576f.pdf,2023-07-06,2028-07-05,https://greenbook.nafdac.gov.ng/products/details/4680,2026-09-27T21:22:20.085187+00:00,231
greenbook,4677,Albetan 3 mg Tablet##,Bromazepam,Alben Health Care Industries Ltd,Drugs,Tablet,3 mg,3 x 10&#039;s (in blisters),B4-0083,Active,"Pink round tablet embossed with &quot;ALBEN&quot; and &quot;3&quot; on either side

12	RNW-PP-230081	ALBETAN 3MG TABLET	BROMAZEPAM 3MG	BROMAZEPAM 3MG; LACTOSE; ETHANOL; STARCH; POVIDONE; SODIUM PROPYL PARABEN; TALC; MAGNESIUM STEARATE.	B4-0083	Drugs	Nigerian Products	3*10TABLETS	POM 1	12/9/2022	ALBEN HEALTH CARE INDUSTRIES LTD., ONITSHA AWKA ROAD, OGIDI ANAMBRA	8033332325	albenng@rocketmail.com	Alben Healthcare Industries Limited, KM 15 Old Onitsha Awka Road ,Ogidi, Anambra State, Nigeria., Nigeria","Each tablet contains: Bromazepam BP 3 mg
Excipients: Lactose, Ethanol, Starch, Povidone, Sodium Propyl Paraben, Talc, Magnesium Stearate",Oral,N05BA08,https://admin.greenbook.nafdac.gov.ng/uploadImage/smpc_files/2023/09/20/202309208ddf7971-3538-56ce-8e34-2790518dca51.pdf,2023-05-25,2028-05-24,https://greenbook.nafdac.gov.ng/products/details/4677,2026-09-27T21:22:20.085187+00:00,232
greenbook,12472,ALBETRIN TABLET $,Sulfamethoxazole; Trimethoprim,Alben Health Care Industries Ltd,Drugs,Tablet,400mg; 80mg,10 x 10 Tablets,A11-0966,Active,"ALBETRIN TABLET	COTRIMOXAZOLE TABLET 480MG	SULFAMETHOXAZOLE B.P400MG+ TRIMETHOPRIM B.P 80MG	A11-0966	Drugs	Nigerian Products	10 x 10 Tablets	05-09-2025	ALBEN HEALTH CARE INDUSTRIES LTD., ONITSHA AWKA ROAD, OGIDI ANAMBRA	08033332325	albenng@rocketmail.com	Alben Healthcare Industries Limited,  km 15, Old Onitsha-Awka Road, Ogidi, Anambra State
","Each tablet contains: Sulfamethoxazole 400 mg, Trimethoprim 80 mg
Excipients qs  

",Oral,J01EE01 ,https://admin.greenbook.nafdac.gov.ng/uploadImage/smpc_files/2026/07/04/20260704e8284a35-002a-54d9-8d7c-0b443c89d4a2.pdf,2026-03-31,2031-03-30,https://greenbook.nafdac.gov.ng/products/details/12472,2026-09-27T21:22:20.085187+00:00,233
greenbook,6490,Albevite Tablet_,Vitamins,Alben Health Care Industries Ltd,Drugs,Tablet,see Composition,1 x 1000&#039;s (in tins),A11-100606,Active,Brown-colored film-coated tablet.,"Each tablet contains: Vitamin A Palmitate 2500 IU, Vitamin D2 (Ergocalciferol) 250 IU, Thiamine HCl (Vitamin B1) 600 mcg, and Vitamin C (Ascorbic Acid) 1300 mcg",Oral,A11BA,https://admin.greenbook.nafdac.gov.ng/uploadImage/smpc_files/2023/12/14/202312144504b8d8-a949-5676-8eba-ab11f3c1c4f9.pdf,2023-11-30,2028-11-29,https://greenbook.nafdac.gov.ng/products/details/6490,2026-09-27T21:22:20.085187+00:00,234
greenbook,12314,Alciart Injection**,Artesunate,Dony-Triumph and Company Nigeria Limited,Drugs,Powder for injection,60 mg,1 x 1&#039;s (in vial) + Solvents (in ampoules),C4-0234,Active,Powder for solution for injection in vial + solvents in ampoules (1 mL Sodium Bicarbonate BP 5% w/v + 5 mL Sodium Chloride BP 0.9% w/v),"Artesunate Injection 60 mg
Each vial contains: Artesunate powder 60 mg
Each 1-mL ampoule of solvent contains: Sodium Bicarbonate BP 5% w/v
Each 5-mL ampoule of diluent contains: Sodium Chloride 0.9% w/v",Intravenous; Intramuscular,P01BE03,https://admin.greenbook.nafdac.gov.ng/uploadImage/smpc_files/2025/12/31/2025123141de0683-c554-50b8-b971-49b6dbd7ee91.pdf,2025-11-26,2030-11-25,https://greenbook.nafdac.gov.ng/products/details/12314,2026-09-27T21:22:20.085187+00:00,235
greenbook,3392,Aldipin Capsules##,Ketoprofen,SKG - Pharma Ltd,Drugs,Capsule,200 mg,,B4-3734,Active,Capsule,Each capsule contains: Ketoprofen BP 200 mg,Oral,M01AE03,,2021-10-28,2026-10-27,https://greenbook.nafdac.gov.ng/products/details/3392,2026-09-27T21:22:20.085187+00:00,236
greenbook,4681,Aldomet 250 mg Tablets**,Methyldopa,Aspen Pharmacare Nigeria Limited,Drugs,Tablet,250 mg,6 x 10&#039;s (in Alu/PVC blisters),A4-5443,Active,"Film-coated Tablet.
Aldomet 250 mg tablets are round, biconvex, yellow film coated tablets marked with &quot;ALDOMET&quot; on one side and &quot;250&quot; on the other side",Each tablet contains 250 mg Methyldopa,Oral,C02AB02,https://admin.greenbook.nafdac.gov.ng/uploadImage/smpc_files/2023/08/22/20230822adfcf166-4a45-54da-abd2-58924e2ceac6.pdf,2023-07-27,2028-07-26,https://greenbook.nafdac.gov.ng/products/details/4681,2026-09-27T21:22:20.085187+00:00,237
greenbook,4682,Aldox 100 mg Capsule##,Doxycycline (Doxycycline Hyclate),Alben Health Care Industries Ltd,Drugs,Capsule,100 mg,10 x 10&#039;s,B4-5289,Active,"Capsule

51	RNW-PP-227497	ALDOX 100MG CAPSULE	DOXYCYCLINE(AS DOXYCYCLINE HYCLATE)	100mg doxycycline base as doxycycline hyclate; Talc, starch.	B4-5289	Drugs	ANTIINFECTIVES FOR SYSTEMIC USE	Nigerian Products	10 x 10	POM 1	12/9/2022	ALBEN HEALTH CARE INDUSTRIES LTD., ONITSHA AWKA ROAD, OGIDI ANAMBRA	8033332325	albenng@rocketmail.com	Alben Healthcare Industries Limited, KM 15 Old Onitsha Awka Road ,Ogidi, Anambra State, Nigeria., Nigeria",Each capsule contains: Doxycycline(as Doxycycline Hyclate) 100 mg,Oral,J01AA02,https://admin.greenbook.nafdac.gov.ng/uploadImage/smpc_files/2025/01/23/20250123e2f66abd-1a13-5ff1-b499-889bda66c870.pdf,2023-07-06,2028-07-05,https://greenbook.nafdac.gov.ng/products/details/4682,2026-09-27T21:22:20.085187+00:00,238
greenbook,12453,ALDOXI TABLET $,Methyldopa,Sam Pharmaceutical Limited,Drugs,Tablet,250mg,10X10,04-1344,Active,"ALDOXI TABLET 	METHYLDOPA	METHYLDOPA 250MG	04-1344	Drugs	Nigerian Products	10X10	16-04-2026	SAM PHARMACEUTICALS LIMITED, OYADIRAN ESTATE, SABO YABA SABO YABA LAGOS	08099007007	sampharm18@yahoo.com	SAM PHARMACEUTICAL LIMITED., 2, Western Reservior Road, Ilorin, Kwara State, Nigeria.
","Each tablet contains: L-Methyldopa 250 mg
Excipients q.s.",Oral,C02AB01,https://admin.greenbook.nafdac.gov.ng/uploadImage/smpc_files/2026/07/13/202607131bf7c117-b7fa-5a39-99d5-38f74f5cc9e9.pdf,2026-05-26,2031-05-25,https://greenbook.nafdac.gov.ng/products/details/12453,2026-09-27T21:22:20.085187+00:00,239
greenbook,7812,Alefer QS Tablets**,Artemether; Lumefantrine,Almond Ethicals Ltd,Drugs,Tablet,80 mg; 480 mg,1 x 6&#039;s (in PVC/PE/PVDC/aluminium blister),B4-4604,Inactive,Tablet,"Each tablet contains: Artemether 80 mg, Lumefantrine 480 mg, Excipients q.s.",Oral,,https://admin.greenbook.nafdac.gov.ng/uploadImage/smpc_files/2024/09/17/20240917e78787e5-c529-53bc-b4dc-8cafe27b4f10.pdf,2021-06-24,2026-06-23,https://greenbook.nafdac.gov.ng/products/details/7812,2026-09-27T21:22:20.085187+00:00,240
greenbook,3204,Alendomax 70 Caplets_,Alendronic acid,Afrab-Chem Limited,Drugs,Caplet,70 mg,1 x 4&#039;s,04-8909,Inactive,Caplet for oral use.,Each caplet contains: Alendronic acid 70 mg,Oral,M05BA04,,2020-11-30,2025-11-29,https://greenbook.nafdac.gov.ng/products/details/3204,2026-09-27T21:22:20.085187+00:00,241
greenbook,4699,Alfadox Tablets##,Sulfadoxine; Pyrimethamine,Afrab-Chem Limited,Drugs,Tablet,500 mg; 25 mg,1 x 3&#039;s (in PVC-Alu blisters),A11-100521,Active,"A white round tablet with &quot;AFRAB&quot; inscribed on one side and a broken line on the other side

43	NF-PP-68947	ALFADOX TABLETS	ALFADOX TABLETS	SULFADOXINE:500MG,PYRIMETHAMINE:25MG,POVIDON PVP K-30:10MG,PREGEL STARCH:48MG,AEROSIL:12MG,SODIUM STARCH GLYCOLATE:8MG,TALCUM POWDER:18MG,MAGNESIUM STEARATE:3MG,SODIUM LAURYL SULPHATE:0.6MG		Drugs	VARIOUS	Nigerian Products	1*3	Over The Counter (OTC)	7/11/2019	AFRAB-CHEM LIMITED, 22, ABIMBOLA STREET, ISOLO	12700057	oyeyemiat2005@yahoo.com	AFRAB CHEM LIMITED, 22, ABIMBOLA STREET, ISOLO INDUSTRIAL ESTATE, ISOLO-LAGOS, Nigeria","Each tablet contains: Sulphadoxine 500 mg and Pyrimethamine 25 mg
Excipients: Povidon (PVP) K-30, Pregel Starch, Aerosil, Sodium, Starch, Glycollate, Talcum Powder, Magnesium Stearate, Sodium Lauryl Sulphate",Oral,P01BD51,https://admin.greenbook.nafdac.gov.ng/uploadImage/smpc_files/2024/12/25/202412253130ccbe-f9ad-589b-91a5-921c979efdc1.pdf,2023-07-06,2028-07-05,https://greenbook.nafdac.gov.ng/products/details/4699,2026-09-27T21:22:20.085187+00:00,242
greenbook,5505,Alfalex Capsules_,Celecoxib,Afrab-Chem Limited,Drugs,Capsule,200 mg,1 x 10&#039;s (in PVC-Alu blisters),A11-100492,Active,Blue cap with white body capsules containing white-to-off-white powder,Each capsule contains: Celecoxib 200 mg,Oral,M01AH01,https://admin.greenbook.nafdac.gov.ng/uploadImage/smpc_files/2023/09/25/2023092530998b14-5717-5847-a172-5c4fe0b5a68a.pdf,2023-04-26,2028-04-25,https://greenbook.nafdac.gov.ng/products/details/5505,2026-09-27T21:22:20.085187+00:00,243
greenbook,6484,Alfaxone Injection**,Ceftriaxone (Ceftriaxone Sodium),Alpha Pharmacy and Stores (Nig) Ltd,Drugs,Powder for injection,1 g,1 g x 1&#039;s (in vial) + 10 mL SWFI (in ampoule),B4-0662,Active,Powder and Solvent for Solution for Injection,"Ceftriaxone for Injection USP 1 g.
Each vial contains: Ceftriaxone Sodium USP (Sterile) equivalent to Ceftriaxone 1000 mg",Intravenous,J01DD04,https://admin.greenbook.nafdac.gov.ng/uploadImage/smpc_files/2023/12/17/2023121719d31425-f17f-56c6-b126-f1fe998a4e67.pdf,2023-11-30,2028-11-29,https://greenbook.nafdac.gov.ng/products/details/6484,2026-09-27T21:22:20.085187+00:00,244
greenbook,4683,Alfemol Capsules##,Diclofenac Sodium; Paracetamol,Alben Health Care Industries Ltd,Drugs,Capsule,50 mg; 325 mg,1 x 10&#039;s,B4-5531,Active,"Capsule
														
50	RNW-PP-227950	ALFEMOL CAPSULES	PARACETAMOL 325MG; DICLOFENAC SODIUM 50MG.	Paracetamol 325mg; Diclofenac sodium 50mg; Talc; Starch; Magnesium stearate.	B4-5531	Drugs	NERVOUS SYSTEM	Nigerian Products	1*10	POM 1	12/9/2022	ALBEN HEALTH CARE INDUSTRIES LTD., ONITSHA AWKA ROAD, OGIDI ANAMBRA	8033332325	albenng@rocketmail.com	Alben Healthcare Industries Limited, KM 15 Old Onitsha Awka Road ,Ogidi, Anambra State, Nigeria., Nigeria","Each capsule contains: Paracetamol 325 mg, Diclofenac sodium 50 mg
Excipients: Talc, Starch, Magnesium Stearate",Oral,M01AB05,https://admin.greenbook.nafdac.gov.ng/uploadImage/smpc_files/2025/01/23/20250123b5318566-1b6c-5d69-8933-27e066c9a88c.pdf,2023-07-06,2028-07-05,https://greenbook.nafdac.gov.ng/products/details/4683,2026-09-27T21:22:20.085187+00:00,245
greenbook,4407,Alfen Capsules##,Ibuprofen; Paracetamol; Caffeine,Alben Health Care Industries Ltd,Drugs,Tablet,200 mg; 325 mg; 30 mg,,B4-5530,Active,"Tablet

ALFEN CAPSULES	B4-5530	ALFEN CAPSULES	Paracetamol 325mg; Ibuprofen 200mg; Caffeine 30mg; Talc; Starch; Magnesium stearate.		Drugs	NERVOUS SYSTEM		Drugs		ALBEN HEALTH CARE INDUSTRIES LTD., ONITSHA AWKA ROAD, OGIDI ANAMBRA	8033332325	Alben Healthcare Industries Limited, KM 15 Old Onitsha Awka Road ,Ogidi, Anambra State, Nigeria., Nigeria		2/23/2023	2/22/2028","Each tablet contains: Paracetamol 325 mg, Ibuprofen 200 mg, Caffeine 30 mg
Excipients: Talc, Starch, Magnesium Stearate",Oral,M01AE51,https://admin.greenbook.nafdac.gov.ng/uploadImage/smpc_files/2025/01/23/20250123bba5bc9f-99d0-58b6-a072-e31d9258d6a5.pdf,2023-02-23,2028-02-22,https://greenbook.nafdac.gov.ng/products/details/4407,2026-09-27T21:22:20.085187+00:00,246
greenbook,2607,Algic Tablets##,Aceclofenac,Phillips Pharmaceuticals (Nigeria) Limited,Drugs,Tablet,100 mg,1 x 30&#039;s,B4-0160,Inactive,"Tablet
White colored biconvex, smooth film coated tablets","Each tablet contains: Aceclofenac BP 100 mg
Excipients q.s.
Color: Titanium Dioxide
",Oral,M01AB16,https://admin.greenbook.nafdac.gov.ng/uploadImage/smpc_files/2025/01/04/202501041ad987be-51a7-5ec3-b541-57e602e8f1ea.pdf,2020-12-21,2025-12-20,https://greenbook.nafdac.gov.ng/products/details/2607,2026-09-27T21:22:20.085187+00:00,247
greenbook,6489,Algimet Suspension_,Aluminium hydroxide; Magnesium hydroxide; Liquorice; Simeticone,SJS Life Sciences Limited,Drugs,Suspension,6 mg/5 mL; 80 mg/5 mL; 400 mg/5 mL; 100 mg/5 mL,1 x 200 mL (in PET bottle),A4-100611,Active,"Liquid Dosage Form.
White-colored, flavored suspension filled in transparent PET bottle duly sealed with a white-colored plastic cap","Each 5 mL contains: Aluminum Hydroxide Gel BP 6 g, Magnesium Hydroxide BP 80 mg, Activated Dimethicone BP 100 mg, and Deglycyrrhizinated Liquorice equiv. to Liquorice BP 400 mg",Oral,A02AF02,https://admin.greenbook.nafdac.gov.ng/uploadImage/smpc_files/2023/12/17/202312179ff89468-bf81-5a68-9153-36747a07c6c8.pdf,2023-11-30,2028-11-29,https://greenbook.nafdac.gov.ng/products/details/6489,2026-09-27T21:22:20.085187+00:00,248
greenbook,9802,Alieve 200 mg Tablets_,Ibuprofen,CHI Pharmaceutical Limited,Drugs,Tablet,200 mg,"1 x 10&#039;s (in blisters), 1 x 1000&#039;s (in HDPE jar)",A11-100812,Active,"Tablet.
Pink-colored, circular-shaped, sugar-coated tablets, plain on both sides","Each coated tablet contains: Ibuprofen 200 mg
Excipients q.s.",Oral,M01AE01,https://admin.greenbook.nafdac.gov.ng/uploadImage/smpc_files/2025/05/20/2025052009e3e192-8f75-5f95-af1f-f82b2295abcd.pdf,2025-02-28,2030-02-27,https://greenbook.nafdac.gov.ng/products/details/9802,2026-09-27T21:22:20.085187+00:00,249
greenbook,9803,Alieve 400 mg Tablets_,Ibuprofen,CHI Pharmaceutical Limited,Drugs,Tablet,400 mg,"1 x 10&#039;s (in blisters), 1 x 1000&#039;s (in HDPE jar)",A11-100811,Active,"Orange-colored, caplet-shaped, sugar-coated tablets with both sides plain","Each coated tablet contains: Ibuprofen 400 mg
Excipients q.s.",Oral,M01AE01,https://admin.greenbook.nafdac.gov.ng/uploadImage/smpc_files/2025/05/20/2025052053607cb5-ffca-5fcb-ae06-6fc3dc2ed318.pdf,2025-02-28,2030-02-27,https://greenbook.nafdac.gov.ng/products/details/9803,2026-09-27T21:22:20.085187+00:00,250
greenbook,11365,Alieve Suspension 100 mg/5 mL**,Ibuprofen,CHI Pharmaceutical Limited,Drugs,Suspension,100 mg/ 5 mL,100 mL (in amber PET bottle),A11-100869,Active,"Oral suspension.
Orange yellow flavored suspension in an amber glass bottle","Each 5 mL contains: Ibuprofen 100 mg, Excipients q.s.",Oral,M01AE01,https://admin.greenbook.nafdac.gov.ng/uploadImage/smpc_files/2025/07/03/202507038d599fed-07be-5521-8ca4-10d33e420dd2.pdf,2025-05-27,2030-05-26,https://greenbook.nafdac.gov.ng/products/details/11365,2026-09-27T21:22:20.085187+00:00,251
greenbook,6491,Alisar Cream 0.025##,Tretinoin,VENCHURA PHARMACEUTICALS LIMITED,Drugs,Cream,0.025%,1 x 30 g (in a tube),A4-100616,Active,"Cream
A White to off white gelatinous homogenous mass

17	NF-PP-361595	ALISAR CREAM 0.025	TRETINOIN 0.025%w/w	TRETINOIN USP 0.025% w/w, cream base	A4-100616	Drugs	Imported Products	1*30G	Prescription Only Medicine (POM)	9/7/2023	VENCHURA PHARMACEUTICALS LIMITED, MERCY ENELI STREET, SURULERE LAGOS	565677887	churavencent1313@gmail.com	Claroid Pharmaceuticals Private Limited, 217/P, Opp. Gurukul English Medium School, Kamod Pirana Road, Tal. - Daskroi, Dist.- Ahmedabad - 382425 India, India","Each gram contains: Tretinoin USP 0.025% w/w, Cream Base q.s.
Excipients: Cetostearyl Alcohol USP, Self-Emulsifying Glyceryl Monostearate BP, Cetomacrogol Emulsifying Wax BP, Silicone Oil IHS, White Soft Paraffin BP, Light Liquid Paraffin BP, Methyl Paraben BP, Propyl Paraben BP, Propylene Glycol BP, Disodium Edetate BP, Sodium Acid Phosphate BP, Sodium Phosphate BP, Purified Water IHS",Topical,D10AD01,https://admin.greenbook.nafdac.gov.ng/uploadImage/smpc_files/2023/12/17/20231217cc90d6ad-0e48-535a-abf0-ecd00f6ae129.pdf,2023-11-30,2028-11-29,https://greenbook.nafdac.gov.ng/products/details/6491,2026-09-27T21:22:20.085187+00:00,252
greenbook,6493,Alisar Cream 0.05##,Tretinoin,VENCHURA PHARMACEUTICALS LIMITED,Drugs,Cream,0.05%,1 x 30 g (in a tube),A4-100617,Active,"A white to off white gelatinous homogenous mass

16	NF-PP-361593	ALISAR CREAM 0.05	TRETINOIN 0.05%W/W	TRETINOIN USP 0.05% w/w, cream base	A4-100617	Drugs	Imported Products	1*30G	Prescription Only Medicine (POM)	9/7/2023	VENCHURA PHARMACEUTICALS LIMITED, MERCY ENELI STREET, SURULERE LAGOS	565677887	churavencent1313@gmail.com	Claroid Pharmaceuticals Private Limited, 217/P, Opp. Gurukul English Medium School, Kamod Pirana Road, Tal. - Daskroi, Dist.- Ahmedabad - 382425 India, India","Each gram contains: Tretinoin USP 0.05 % w/w, Cream Base q.s.
Excipients: Cetostearyl Alcohol USP, Self-Emulsifying Glyceryl Monostearate BP, Cetomacrogol Emulsifying Wax BP, Silicone Oil IHS, White Soft Paraffin BP, Light Liquid Paraffin BP, Methyl Paraben BP, Propyl Paraben BP, Propylene Glycol BP, Disodium Edetate BP, Sodium Acid Phosphate BP, Sodium Phosphate BP, Purified Water IHS
 ",Topical,D10AD01,https://admin.greenbook.nafdac.gov.ng/uploadImage/smpc_files/2023/12/17/20231217f035942d-28c0-5aca-ab11-7bf536a5a741.pdf,2023-11-30,2028-11-29,https://greenbook.nafdac.gov.ng/products/details/6493,2026-09-27T21:22:20.085187+00:00,253
greenbook,3946,Alkapin Injection##,Procaine Benzylpenicillin; Benzylpenicillin Sodium,Spanpharm Nigeria Limited,Drugs,Powder for injection,3 MU; 1 MU (4 MU),,04-3721,Active,"Powder for Solution for Injection in a vial
","Each vial contains: Procaine Penicillin 3 g (3 MU), Benzylpenicillin Sodium 0.6 g (1 MU)",Intramuscular,J01CE30,,2021-12-02,2026-12-01,https://greenbook.nafdac.gov.ng/products/details/3946,2026-09-27T21:22:20.085187+00:00,254
greenbook,10596,Alkold Plus_,Chlorpheniramine Maleate; Phenylephrine Hydrochloride,Ugo Lab Productions (Nig). Ltd,Drugs,Capsule,2.5 mg; 4 mg,10 x 10&#039;s (in Alu-PVC blisters),B4-2113,Active,Capsule for oral administration,"Each capsule contains: Chlorpheniramine Maleate 4.0 mg, and Phenylephrine HCI 2.5 mg",Oral,R01BA53,https://admin.greenbook.nafdac.gov.ng/uploadImage/smpc_files/2025/04/26/202504262e45657c-32c3-53a5-b84c-3d9e69d9d741.pdf,2025-03-27,2030-03-26,https://greenbook.nafdac.gov.ng/products/details/10596,2026-09-27T21:22:20.085187+00:00,255
greenbook,4684,Alkum Cough Expectorant(non Drowsy)##,Ephedrine; Cetirizine (Cetirizine Hydrochloride); Ammonium chloride; Sodium citrate; Menthol,Alben Health Care Industries Ltd,Drugs,Syrup,2.5 mg/5 mL; 100 mg/5 mL; 40 mg/5 mL; 2 mg/5 mL,1 x 100 mL,B4-4057,Active,"Syrup

11	RNW-PP-229127	ALKUM COUGH EXPECTORANT(NON DROWSY)	CETIRIZINE HCL 2.5MG; AMMONIUM CHLORIDE 100MG; MENTHOL 2MG; SODIUM CITRATE 40MG/5ML	CETIRIZINE HCL 2.5MG; AMMONIUM CHLORIDE 100MG; MENTHOL 2MG; SODIUM CITRATE 40MG/5ML; PROPYL PARABEN; CITRIC ACID; SORBITOL; GLYCERIN; SUCROSE; CARBOXYMETHYLCELLULOSE SODIUM; METHYL PARABEN; NEELICOL GRASS COLOUR.	B4-4057	Drugs	Nigerian Products	100ML	OTC	12/9/2022	ALBEN HEALTH CARE INDUSTRIES LTD., ONITSHA AWKA ROAD, OGIDI ANAMBRA	8033332325	albenng@rocketmail.com	Alben Healthcare Industries Limited, KM 15 Old Onitsha Awka Road ,Ogidi, Anambra State, Nigeria., Nigera","Each 5 mL contains: Cetirizine HCl 2.5 mg, Ammonium Chloride 100 mg, Menthol 2 mg, Sodium Citrate 40 mg
Exipients: Propyl Paraben, Citric Acid, Sorbitol, Glycerin, Sucrose, Carboxymethylcellulose Sodium, Methyl Paraben, Neelicol Grass Color",Oral,R05CA10,https://admin.greenbook.nafdac.gov.ng/uploadImage/smpc_files/2025/01/23/2025012310b7c176-9101-5e03-90c4-61e3542df1de.pdf,2023-05-25,2028-05-24,https://greenbook.nafdac.gov.ng/products/details/4684,2026-09-27T21:22:20.085187+00:00,256
greenbook,7991,Allbio Pentazocine Injection 30 mg/mL**,Pentazocine (Pentazocine Lactate),All Bio Health Care Nigeria Ltd,Drugs,Solution for injection,30 mg/mL,1 mL x 10&#039;s (in ampoules),A4-100993,Active,"Solution for injection in 1-mL ampoule.
A colourless solution","Pentazocine Injection BP.
Each mL of solution contains: Pentazocine (as Lactate) BP 30 mg, Sodium Chloride BP 2.8 mg, Water for Injections BP q.s.",Intravenous; Intramuscular; Subcutaneous,N02AD01,https://admin.greenbook.nafdac.gov.ng/uploadImage/smpc_files/2024/09/29/2024092961a41760-3331-51aa-81c0-55dfe47f0380.pdf,2024-08-28,2029-08-27,https://greenbook.nafdac.gov.ng/products/details/7991,2026-09-27T21:22:20.085187+00:00,257
greenbook,4086,Allerex Eye Drops##,Antazoline Hydrochloride; Tetryzoline Hydrochloride,Lin-Kabs Pharmaceutical Limited,Drugs,Solution/Drops,0.05%; 0.04%,1 x 10 mL (in LDPE bottle),04-3534,Active,Ophthalmic Solution,"Each mL contains: Antazoline Hydrochloride 0.5 mg, Tetrahydrozoline Hydrochloride 0.4 mg
Excipients q.s.",Ophthalmic,S01GA52,https://admin.greenbook.nafdac.gov.ng/uploadImage/smpc_files/2023/05/28/2023052872174572-830a-57d6-ae02-b7284691578b.pdf,2021-09-28,2026-09-27,https://greenbook.nafdac.gov.ng/products/details/4086,2026-09-27T21:22:20.085187+00:00,258
greenbook,489,Allergin Syrup##,Chlorphenamine Maleate,Afrab-Chem Limited,Drugs,Syrup,2 mg/5 mL,,04-1955,Inactive,Syrup,Each 5 mL Chlorphenamine Meleate 2 mg,Oral,R06AB04,https://admin.greenbook.nafdac.gov.ng/uploadImage/smpc_files/2025/03/26/2025032689383d9f-c063-5063-8f07-6bcab2dce0ac.pdf,2021-08-27,2026-08-26,https://greenbook.nafdac.gov.ng/products/details/489,2026-09-27T21:22:20.085187+00:00,259
greenbook,4676,Allopurinol Tablets##,Allopurinol,Dony-Triumph and Company Nigeria Limited,Drugs,Tablet,100 mg,10 x 10&#039;s (in blisters),A4-5688,Active,"Tablet

175	RNW-PP-272401	ALLOPURINOL TABLETS	Allupurinol BP 100mg	Allupurinol BP 100mg	832Jun-40	Drugs	Imported Products	10 x10	Prescription Only Medicine (POM)	1/30/2023	Dony Triumph Ltd. 19, Ozubulu Street, Fegge Onitsha, Anambra	8108293328	donytrump15@yahoo.com	Medico remedies Pvt Ltd. Plot No 8&amp;9 Dewam &amp; sms Udyog Nagar, Lokmanya Palghar Thame, India.","Each uncoated tablet contains: Allopurinol BP 100 mg
Excipients q.s.",Oral,M04AA01,https://admin.greenbook.nafdac.gov.ng/uploadImage/smpc_files/2023/08/23/202308237b705e00-435e-5f05-9d33-acacff6470c9.pdf,2023-07-06,2028-07-05,https://greenbook.nafdac.gov.ng/products/details/4676,2026-09-27T21:22:20.085187+00:00,260
greenbook,4084,Alltera 50 Granules##,Lopinavir; Ritonavir,Healthline Limited,Drugs,Granules,40 mg; 10 mg,,A4-100094,Active,"Granules for Oral Suspension in sachet
","Each sachet contains: Lopinavir USP 40 mg, Ritonavir USP 10 mg
This medicine contains mannitol (583 mg) per sachet
",Oral,J05AR10,https://admin.greenbook.nafdac.gov.ng/uploadImage/smpc_files/2023/05/27/202305272a65affe-39aa-5a96-b066-2a08247e5d1d.pdf,2021-09-28,2026-09-27,https://greenbook.nafdac.gov.ng/products/details/4084,2026-09-27T21:22:20.085187+00:00,261
greenbook,7758,Almamet Tablet**,Methyldopa,Almay Pharmaceutical Ltd,Drugs,Tablet,250 mg,10 x 10&#039;s,A11-1235,Inactive,,,Oral,,,2021-01-28,2026-01-27,https://greenbook.nafdac.gov.ng/products/details/7758,2026-09-27T21:22:20.085187+00:00,262
greenbook,7759,Almaygyl Tablet**,Metronidazole,Almay Pharmaceutical Ltd,Drugs,Tablet,400 mg,10 x 10&#039;s,A11-1234,Inactive,,,Oral,,,2021-01-28,2026-01-27,https://greenbook.nafdac.gov.ng/products/details/7759,2026-09-27T21:22:20.085187+00:00,263
greenbook,7760,Almaytrim Tablet**,Sulfamethoxazole; Trimethoprim,Almay Pharmaceutical Ltd,Drugs,Tablet,400 mg; 80 mg,10 x 10&#039;s,A11-1236,Inactive,Tablet,"Each tablet contains: Sulfamethoxazole BP 400 mg, Trimethoprim BP 80 mg",Oral,,,2021-01-28,2026-01-27,https://greenbook.nafdac.gov.ng/products/details/7760,2026-09-27T21:22:20.085187+00:00,264
greenbook,4685,Almet Tablet##,Methyldopa,Reagan Remedies Limited,Drugs,Tablet,250 mg,10 x 10&#039;s (in a box),B4-2761,Active,"Round, yellow film coated biconvex tablet

35	RNW-PP-100957	ALMET TABLET	METHYLOPA	methyldopa B.P. 250mg	B4-2761	Drugs	CARDIOVASCULAR SYSTEM	Nigerian Products	10*10PACK	Prescription Only Medicine (POM)	9/28/2019	REAGAN REMEDIES LIMITED, UMARU MUSA YARA&#039;DUA DRIVE, OWERRI OWERRI IMO	8032223520	reganremedies@gmail.com	REAGAN REMEDIES LIMITED, 24 UMARU MUSA YAR&#039;ADUA DRIVE, OWERRI, IMO STATE, NIGERIA., Nigeria","Each tablet contains: Methyldopa 250 mg
Excipients: Dextrin, Corn Starch, Hydroxypropyl Cellulose, Sodium Bisulfite, Vitamin C, Hydroxypropyl Methyl Cellulose (Hypromellose), Alcohol, Magnesium Stearate, Sodium Starch Glycolate, Film Coating Material",Oral,C02AB01,https://admin.greenbook.nafdac.gov.ng/uploadImage/smpc_files/2023/09/18/20230918e482f885-d1f8-56e9-b53a-a45c41492947.pdf,2023-07-06,2028-07-05,https://greenbook.nafdac.gov.ng/products/details/4685,2026-09-27T21:22:20.085187+00:00,265
greenbook,7992,Almtra 100 mg Capsules**,Tramadol Hydrochloride,Mennel Pharmaceuticals Limited,Drugs,Capsule,100 mg,10 x 10&#039;s,A4-100987,Active,Hard gelatin capsule,"Each hard gelatin capsule contains: Tramadol Hydrochloride BP 100 mg.

Excipients:
Cellulose, microcrystalline, silica colloidal anhydrous",Oral,N02AX02,https://admin.greenbook.nafdac.gov.ng/uploadImage/smpc_files/2024/09/29/202409294a5c3453-f6b8-5915-a0bd-b0c987611cbb.pdf,2024-08-28,2029-08-27,https://greenbook.nafdac.gov.ng/products/details/7992,2026-09-27T21:22:20.085187+00:00,266
greenbook,233,Aloe Digoxin##,Digoxin,Shree Aloe Pharmaceutical Company Limited,Drugs,Tablet,0.25 mg,,A4-6176,Active,Tablet,Each tablet contains: Digoxin 0.25 mg,Oral,C01AA05,,2021-10-28,2026-10-27,https://greenbook.nafdac.gov.ng/products/details/233,2026-09-27T21:22:20.085187+00:00,267
greenbook,8810,Aloemoral Tablets**,Trypsin; Chymotrypsin,Shree Aloe Pharmaceutical Company Limited,Drugs,Tablet,"50,000 units (6:1)",3 x 10&#039;s (in blisters),A4-0777,Active,Enteric-coated tablet for oral use,"Each enteric-coated tablet contains: Trypsin-Chymotrypsin (6:1 Approx.) equiv. to 50,000 armour units of proteolytic enzyme activity",Oral,M09AB52,https://admin.greenbook.nafdac.gov.ng/uploadImage/smpc_files/2025/01/02/202501023c098755-fd95-5fa4-b3bc-4ecd2401ccec.pdf,2021-09-28,2026-09-27,https://greenbook.nafdac.gov.ng/products/details/8810,2026-09-27T21:22:20.085187+00:00,268
greenbook,234,Aloteo##,Diclofenac Potassium,Shree Aloe Pharmaceutical Company Limited,Drugs,Tablet,50 mg,,A4-8086,Active,Tablet,Each tablet contains: Diclofenac Potassium 50 mg,Oral,M01AB05,,2021-10-28,2026-10-27,https://greenbook.nafdac.gov.ng/products/details/234,2026-09-27T21:22:20.085187+00:00,269
greenbook,4087,Alpadactone Tablet**,Spironolactone,Dony-Triumph and Company Nigeria Limited,Drugs,Tablet,25 mg,,04-9923,Inactive,Tablet,Each tablet contains: Spironolactone 25 mg,Oral,C03DA01,,2020-12-21,2025-12-20,https://greenbook.nafdac.gov.ng/products/details/4087,2026-09-27T21:22:20.085187+00:00,270
greenbook,11405,Alpadactone Tablets_,Spironolactone,Dony-Triumph and Company Nigeria Limited,Drugs,Tablet,50 mg,1 x 10&#039;s (in blisters),A4-1472,Active,Tablet,"Each film-coated tablet contains: Spironolactone BP 50 mg
Excipients q.s.",Oral,C03DA01,https://admin.greenbook.nafdac.gov.ng/uploadImage/smpc_files/2025/08/22/2025082206b73886-87a0-53f0-8d9d-372f24c265fc.pdf,2025-07-30,2030-07-29,https://greenbook.nafdac.gov.ng/products/details/11405,2026-09-27T21:22:20.085187+00:00,271
greenbook,4686,Alpaquine Tablets##,Quinine Sulfate,Dony-Triumph and Company Nigeria Limited,Drugs,Tablet,300 mg,"10 x 10&#039;s (in blisters), 1 x 500&#039;s (in jars)",B4-6010,Active,"Tablet

45	RNW-PP-228550	ALPAQUINE TABLETS	QUININE SULPHATE BP 300MG	QUININE SULPATE 300mg Excipients Maize starch Sucrose Povidone Sodium starch glycollate Talc	B4-6010	Drugs	Imported Products	10X10	Prescription Only Medicine (POM)	2/8/2023	DONY-TRIUMPH AND COMPANY NIGERIA LIMITED, OZUBULU ST ONITSHA ANAMBRA	80868969	stephenez@yahoo.com	Alpa Laboratories Limited, 33/2, A.B.Road, Pigdamber, 453-446,Indore (M.P.), India., India","Each sugar coated tablet contains:  Quinine Sulphate BP 300 mg
Excipients; Dicalcium Phosphate BP, Lactose BP, Starch BP, Sodium Starch Glycolate BP, Sodium Lauryl Sulfate BP, Magnesium Stearate BP, Purified Talc BP, Colloidal Silicon Dioxide BP, Kyron BP, Purified Water BP, Croscarmellose Sodium BP",Oral,P01BC01,https://admin.greenbook.nafdac.gov.ng/uploadImage/smpc_files/2023/08/22/2023082260e1ca48-e437-590a-8b0d-0bb546b1b110.pdf,2023-05-25,2028-05-24,https://greenbook.nafdac.gov.ng/products/details/4686,2026-09-27T21:22:20.085187+00:00,272
greenbook,20,Alpent Injection**,Pentazocine (Pentazocine Lactate),La-Lid Pharmaceutical Company Limited,Drugs,Solution for injection,30 mg/mL,1 mL x 10&#039;s (in ampoules),B4-3655,Active,Solution for Injection in 1-mL ampoule,"Pentazocine Injection BP 30mg/mL.
Each mL contains: Pentazocine BP 30 mg (as Lactate), Sodium Chloride BP 2.8 mg, Water for Injection BP q.s.",Intravenous; Intramuscular; Subcutaneous,N02AD01,https://admin.greenbook.nafdac.gov.ng/uploadImage/smpc_files/2023/05/27/20230527357f4e70-9ffb-55d9-84eb-bcc8cd4f5361.pdf,2021-12-16,2026-12-15,https://greenbook.nafdac.gov.ng/products/details/20,2026-09-27T21:22:20.085187+00:00,273
greenbook,11406,Alpha Beta Arteether 150 mg/2 mL Injection_,α-β Arteether,Reavems Global Nig Ltd,Drugs,Injection,150 mg/2 mL,3 x 2 mL (in glass ampoules),A4-101401,Active,"Liquid Injection.
A clear, colorless solution filled and sealed in glass ampoule","Each 2 mL contains: Alpha Beta Arteether 150 mg
Excipients q.s.",Intravenous; Intramuscular,P01BE04,https://admin.greenbook.nafdac.gov.ng/uploadImage/smpc_files/2025/08/27/20250827c561fc31-59d3-5ca1-bce5-7e276212fb5e.pdf,2025-07-30,2030-07-29,https://greenbook.nafdac.gov.ng/products/details/11406,2026-09-27T21:22:20.085187+00:00,274
greenbook,1803,Alphacaine 100 Injection**,Lidocaine Hydrochloride; Epinephrine,Davona Nigeria Limited,Drugs,Solution for injection,20 mg/mL; 10 mcg/mL,100 mL x 1&#039;s (in vial),A4-4022,Inactive,Solution for block/infiltration anaesthesia in 100-mL multidose vial,"Each mL of ALPHACAINE 1:100,000 injection contains: Lidocaine hydrochloride 20.0 mg, Epinephrine 10 mcg (1:100,000), Excipients e.f. 1.0 mL",Block/Infiltration,N01BB52,https://admin.greenbook.nafdac.gov.ng/uploadImage/smpc_files/2024/09/13/20240913ae26ca21-ff82-54d1-9dd7-89bfd610a526.pdf,2021-05-07,2026-05-06,https://greenbook.nafdac.gov.ng/products/details/1803,2026-09-27T21:22:20.085187+00:00,275
greenbook,8729,Alphacombo 20/120 Tablets**,Artemether; Lumefantrine,S Kant Nigeria Ltd,Drugs,Tablet,20 mg; 120 mg,1 x 6&#039;s; 1 x 12&#039;s; 1 x 18&#039;s; 1 x 24&#039;s (in Aluminium/PVDC/PVC blisters),A4-101090,Active,"Uncoated tablet.
Yellow coloured, circular, uncoated flat beveled edge tablet, having a breakline on one side and plain on the other side","Each tablet contains: Artemether 20 mg, Lumefantrine 120 mg",Oral,P01BF01,https://admin.greenbook.nafdac.gov.ng/uploadImage/smpc_files/2024/12/11/20241211c8273c10-144b-5b74-b8f3-1e64f3ba592e.pdf,2024-11-22,2029-11-21,https://greenbook.nafdac.gov.ng/products/details/8729,2026-09-27T21:22:20.085187+00:00,276
greenbook,8730,Alphacombo 80/480 Tablets**,Artemether; Lumefantrine,S Kant Nigeria Ltd,Drugs,Tablet,80 mg; 480 mg,1 x 6&#039;s (in Aluminium/PVDC/PVC blister),A4-101091,Active,"Uncoated tablet.
Yellow coloured, capsule shaped, uncoated biconvex tablet, having central breakline on one side and plain on the other side",,Oral,P01BF01,https://admin.greenbook.nafdac.gov.ng/uploadImage/smpc_files/2024/12/12/20241212503a4e26-e5de-524f-9294-f16f69006964.pdf,2024-11-22,2029-11-21,https://greenbook.nafdac.gov.ng/products/details/8730,2026-09-27T21:22:20.085187+00:00,277
greenbook,7761,Alphamal Injection Alpha-Beta Arteether 150 mg/2 mL**,α-β Arteether,Star Apothecary Nigeria Ltd,Drugs,Solution for injection,150 mg/2 mL,2 mL x 3&#039;s (in amber glass ampoules),A4-100911,Active,A clear pale-yellow liquid for injection in 2-mL amber glass ampoule,"Each 2 mL contains: Alpha-Beta Arteether 150 mg, Arachis Oil q.s.

Excipients:
Butylated Hydroxyanisole, Benzyl Alcohol, Arachis Oil",Intramuscular,P01BE03,https://admin.greenbook.nafdac.gov.ng/uploadImage/smpc_files/2024/07/20/20240720a94cb4e4-47a0-512c-9147-ca43ecb79b34.pdf,2024-06-27,2029-06-26,https://greenbook.nafdac.gov.ng/products/details/7761,2026-09-27T21:22:20.085187+00:00,278
greenbook,5506,Alphamet 250 Tablets##,Methyldopa,Grace Drugs and Healthcare Ltd,Drugs,Tablet,250 mg,"6 x 10&#039;s, 10 x 10&#039;s (in blisters)",B4-4976,Active,"Oral Tablets

ALPHAMET 250 TABLETS	METHYLDOPA 250MG TABLET	Methyldopa 250mg, polyvidone, sodium edetate, magnesium stearate, crospovidone, precipitated silica, macrogol, talc	B4-4976	Drugs	Imported Products	6x10, 10x10	Prescription Only Medicine (POM)	26/06/2020	GRACE DRUGS &amp; HEALTHCARE LIMITED, OGUNLANA DRIVE, SURULERE LAGOS	8104638301	grace_drugs@hotmail.com	SHANDONG XIER KANGTAI PHARMACEUTICAL CO. , LTD., PRIVATE ECONOMY GARDEN, XINYAN TOWN, YANZHOU, JINING CITY, SHANDONG. CHINA., China","Each tablet contains: Methyldopa 250 mg
Excipients: Microcrystalline Cellulose BP, Dibasic Calcium Phosphate Anhydrous BP, Maize Starch BP, Povidone (PVP K-30) BP, Purified Water BP, Magnesium Stearate BP, Croscarmellose Sodium BP, Sodium Starch Glycolate BP, Colloidal Anhydrous Silica BP",Oral,C02AB01,https://admin.greenbook.nafdac.gov.ng/uploadImage/smpc_files/2023/09/06/202309067b08cfd1-fe82-5bb8-beb4-981c99076a99.pdf,2023-08-31,2028-08-30,https://greenbook.nafdac.gov.ng/products/details/5506,2026-09-27T21:22:20.085187+00:00,279
greenbook,251,Alphaten Eye Drops##,Brimonidine Tartrate,Vitacare Pharmacy Limited,Drugs,Suspension/Drops,0.2%,1 x 5 mL (in LDPE bottle),B4-6058,Active,"Eye Drops
A clear and greenish yellow color solution
",Each ml contains: Brimonidine Tartrate 2 mg,Ophthalmic,S01EA05,https://admin.greenbook.nafdac.gov.ng/uploadImage/smpc_files/2023/05/28/20230528be247256-2952-5502-a197-9e0020db9c53.pdf,2021-10-28,2026-10-27,https://greenbook.nafdac.gov.ng/products/details/251,2026-09-27T21:22:20.085187+00:00,280
greenbook,3186,Alprazitel Tablet##,Praziquantel,Dony-Triumph and Company Nigeria Limited,Drugs,Tablet,600 mg,,A4-0767,Inactive,Tablet,Each tablet contains: Praziquantel 600 mg,Oral,P02BA01,,2020-12-21,2025-12-20,https://greenbook.nafdac.gov.ng/products/details/3186,2026-09-27T21:22:20.085187+00:00,281
greenbook,4383,Altaa**,α-β Arteether,Maxwell Lifecare Limited,Drugs,Solution for injection,150 mg/2 mL,2 mL x 3&#039;s (in ampoules),A4-9746,Active,Oily solution for injection in 2-mL ampoule,,Intramuscular, P01BE,,2022-09-29,2027-09-28,https://greenbook.nafdac.gov.ng/products/details/4383,2026-09-27T21:22:20.085187+00:00,282
greenbook,4688,Altadon-1 Tablet##,Risperidone,Pharmacy Plus Ltd,Drugs,Tablet,1 mg,3 x 10&#039;s (in blisters),B4-7832,Active,"A yellow colored, circular, biconvex, uncoated tablet having a break line on one side of the tablet and plain on the other side

ALTADON-1TABLET	RISPERIDONE 1MG TABLET	each uncoated tablet contains: Risperidone USP 1mg Excipients: Q.S Colour: Quinoline yellow	B4-7832	Drugs	Imported Products	3x10TABLETS	Prescription Only Medicine (POM)	10/18/2022	PHARMACY PLUS LTD, MOJIDI STREET, IKEJA LAGOS	19501142	info@pharplusltd.com	AUROCHEM LABORATORIES (INDIA) PVT. LTD., 58, P.T.I.C.E. LTDPALGHAR-401 404. MAHARASHTRA, INDIA, India	9.19824E+11	INFO@AUROCHEMGROUP.COM	
","Each uncoated tablet contains: Risperidone USP 1 mg
Excipients: Lactose BP, Color: Quinoline Yellow (Color Code Index: 47005) IHS, Maize Starch BP, Purified Water BP, Methyl Hydroxybenzoate BP, Propyl Hydroxybenzoate BP, Purified Talc BP, Magnesium Stearate BP, Colloidal Anhydrous Silica BP, Croscarmellose Sodium BP",Oral,N05AX08,https://admin.greenbook.nafdac.gov.ng/uploadImage/smpc_files/2023/08/23/202308236f55f8ed-11fe-5f6e-8dde-49c640ee2821.pdf,2023-07-27,2028-07-26,https://greenbook.nafdac.gov.ng/products/details/4688,2026-09-27T21:22:20.085187+00:00,283
greenbook,4689,Altadon-2 Tablet##,Risperidone,Pharmacy Plus Ltd,Drugs,Tablet,2 mg,3 x 10&#039;s (in blisters),B4-7833,Active,"A pink colored, circular, biconvex, uncoated tablet having a break line on one side of tablet and plain on the other side

ALTADON-2 TABLET	RISPERIDONE 2MG TABLET	each uncoated tablet contains: Risperidone usp 2mg Excipients Q.S. Colour: Erythrosine	B4-7833	Drugs	Imported Products	3x10TABLETS	Prescription Only Medicine (POM)	10/18/2022	PHARMACY PLUS LTD, MOJIDI STREET, IKEJA LAGOS	19501142	info@pharplusltd.com	AUROCHEM LABORATORIES (INDIA) PVT. LTD., 58, P.T.I.C.E. LTDPALGHAR-401 404. MAHARASHTRA, INDIA, India	9.19824E+11	INFO@AUROCHEMGROUP.COM	","Each uncoated tablet contains: Risperidone USP 2 mg
Excipients: Lactose BP, Color: Quinoline Yellow (Color Code Index: 47005) IHS, Maize Starch BP, Purified Water BP, Methyl Hydroxybenzoate BP, Propyl Hydroxybenzoate BP, Purified Talc BP, Magnesium Stearate BP, Colloidal Anhydrous Silica BP, Croscarmellose Sodium BP",Oral,N05AX08,https://admin.greenbook.nafdac.gov.ng/uploadImage/smpc_files/2023/08/23/2023082303af59d4-f4b1-5417-9f9e-1881e59f5cf5.pdf,2023-07-27,2028-07-26,https://greenbook.nafdac.gov.ng/products/details/4689,2026-09-27T21:22:20.085187+00:00,284
greenbook,4690,Altadon-3 Tablet##,Olanzapine,Pharmacy Plus Ltd,Drugs,Tablet,3 mg,3 x 10&#039;s (in blisters),B4-7834,Active,"A yellow colored, circular, biconvex, uncoated tablet having break line on one side of the tablet and plain on the other side

ALTADON-3 TABLET	RISPERIDONE 3MG TABLET	Each uncoate tablet contains: Risperidone USP 3mg Excipients: Q.S Colour: Tartrazine yellow	B4-7834	Drugs	Imported Products	3x10TABLETS	Prescription Only Medicine (POM)	10/18/2022	PHARMACY PLUS LTD, MOJIDI STREET, IKEJA LAGOS	19501142	info@pharplusltd.com	AUROCHEM LABORATORIES (INDIA) PVT. LTD., 58, P.T.I.C.E. LTDPALGHAR-401 404. MAHARASHTRA, INDIA, India	9.19824E+11	INFO@AUROCHEMGROUP.COM	
","Each uncoated tablet contains: Risperidone USP 3 mg
Excipients: Lactose BP, Color: Quinoline Yellow (Color Code Index: 47005) IHS, Maize Starch BP, Purified Water BP, Methyl Hydroxybenzoate BP, Propyl Hydroxybenzoate BP, Purified Talc BP, Magnesium Stearate BP, Colloidal Anhydrous Silica BP, Croscarmellose Sodium BP",Oral,N05AX08,https://admin.greenbook.nafdac.gov.ng/uploadImage/smpc_files/2024/12/27/2024122777dfb910-976f-56c4-b441-dfb934453131.pdf,2023-07-27,2028-07-26,https://greenbook.nafdac.gov.ng/products/details/4690,2026-09-27T21:22:20.085187+00:00,285
greenbook,5509,Aluktem DS##,Artemether; Lumefantrine,Don-J Pharmaceutical Nig. Ltd,Drugs,Tablet,80 mg; 480 mg,1 x 6&#039;s (in blister),A4-100503,Active,"Uncoated Tablets
Yellow colored, round shaped, convex, uncoated tablet with break line on one side and plain on other side","Each uncoated tablet contains: Artemether 80 mg, Lumefantrine 480 mg
Excipients q.s.
Color: Tartrazine Supra",Oral,P01BF01,https://admin.greenbook.nafdac.gov.ng/uploadImage/smpc_files/2023/09/09/202309095158ae0c-f0f1-5a82-93fe-7c6167a15e6e.pdf,2023-08-31,2028-08-30,https://greenbook.nafdac.gov.ng/products/details/5509,2026-09-27T21:22:20.085187+00:00,286
greenbook,5511,Aluktem Tablets**,Artemether; Lumefantrine,Don-J Pharmaceutical Nig. Ltd,Drugs,Tablet,20 mg; 120 mg,1 x 24&#039;s (in Alu-Alu blister),A4-100502,Active,"Uncoated Tablets.
Yellow coloured, round shaped, tablet bearing a break line on one side &amp; plain on other side","Artemether and Lumefantrine Tablets 20/120 mg.
Each uncoated tablet contains: Artemether 20 mg, Lumefantrine 120 mg, Excipients q.s.",Oral,P01BF01,https://admin.greenbook.nafdac.gov.ng/uploadImage/smpc_files/2023/09/09/20230909a3afbe46-3320-5b1a-b830-9a0cb5f300ec.pdf,2023-08-31,2028-08-30,https://greenbook.nafdac.gov.ng/products/details/5511,2026-09-27T21:22:20.085187+00:00,287
greenbook,4691,Alzol-20 Capsule##,Omeprazole,Alben Health Care Industries Ltd,Drugs,Capsule,20 mg,2 x 10&#039;s (PVC-Alu blisters),B4-5291,Active,"Capsules, hard
Hard gelatin, brown and milky capsule printed with “20 mg”

52	RNW-PP-231535	ALZOL -20 CAPSULE	OMEPRAZOLE 20MG	OMEPRAZOLE 20MG; TALC; SODIUM LAURYL SULPHATE;	B4-5291	Drugs	ALIMENTARY TRACT AND METABOLISM	Nigerian Products	2*10CAPSULES	POM 1	12/13/2022	ALBEN HEALTH CARE INDUSTRIES LTD., ONITSHA AWKA ROAD, OGIDI ANAMBRA	8033332325	albenng@rocketmail.com	Alben Healthcare Industries Limited, KM 15 Old Onitsha Awka Road ,Ogidi, Anambra State, Nigeria., Nigeria","Each capsule contains: Omeprazole BP 20 mg
Excipients: Starch, Talc, Sodium Lauryl Sulphate",Oral,A02BC01,https://admin.greenbook.nafdac.gov.ng/uploadImage/smpc_files/2023/09/18/20230918acf75306-5010-583d-ad5b-1fc57e2052f1.pdf,2023-07-06,2028-07-05,https://greenbook.nafdac.gov.ng/products/details/4691,2026-09-27T21:22:20.085187+00:00,288
greenbook,260,Amadol Injection**,Tramadol Hydrochloride,Eutrix Pharmaceuticals Limited,Drugs,Solution for injection,100 mg/2 mL,2 mL x 10&#039;s (in ampoules),A4-1927,Inactive,Solution for Injection,Each 2 mL contains: Tramadol Hydrochloride 100 mg,Intravenous; Intramuscular,N02AX02,,2021-06-24,2026-06-23,https://greenbook.nafdac.gov.ng/products/details/260,2026-09-27T21:22:20.085187+00:00,289
greenbook,490,Amadol Retard Tablet** (duplicate NRN),Tramadol Hydrochloride,Eutrix Pharmaceuticals Limited,Drugs,Tablet,100 mg,,A4-7301,Inactive,Extended Release Tablet,Each tablet contains: Tramadol Hydrochloride USP 100 mg,Oral,N02AX02,,2021-08-03,2026-08-02,https://greenbook.nafdac.gov.ng/products/details/490,2026-09-27T21:22:20.085187+00:00,290
greenbook,8745,Amakin Artemether & Lumefantrine**,Artemether; Lumefantrine,Amakin Pharmaceuticals Nigeria Limited,Drugs,Tablet,20 mg; 120 mg,3 x 8&#039;s; 1 x 6&#039;s; 1 x 12&#039;s; 1 x 18&#039;s; 1 x 24&#039;s (in blisters),B4-4368,Active,"Uncoated Tablet.
Plain yellow coloured round tablets without breakline","Each uncoated tablet contains: Artemether IH 20 mg, Lumefantrine USP 120 mg",Oral,P01BF01,https://admin.greenbook.nafdac.gov.ng/uploadImage/smpc_files/2024/12/18/202412189805bbed-18b6-570f-b477-a3861156a947.pdf,2024-11-22,2029-11-21,https://greenbook.nafdac.gov.ng/products/details/8745,2026-09-27T21:22:20.085187+00:00,291
greenbook,8746,Amakin Artemether & Lumefantrine**,Artemether; Lumefantrine,Amakin Pharmaceuticals Nigeria Limited,Drugs,Tablet,80 mg; 480 mg,1 x 6&#039;s (in Alu/PVC blister),B4-4369,Active,"Film coated Tablet.
Score line and engravement 80/480 embossed on the tablet.
Colour of the tablet: Lake tartrazine yellow (round tablet)","Each film coated tablet contains: Artemether 80 mg, Lumefantrine 480 mg.
Excipients: q.s.
Colour:Tartrazine Yellow",Oral,P01BF01,https://admin.greenbook.nafdac.gov.ng/uploadImage/smpc_files/2024/12/18/2024121874f6f707-efd1-574d-8f78-39cef375491a.pdf,2024-11-22,2029-11-21,https://greenbook.nafdac.gov.ng/products/details/8746,2026-09-27T21:22:20.085187+00:00,292
greenbook,5512,Amakin Artemether Injection**,Artemether,Amakin Pharmaceuticals Nigeria Limited,Drugs,Solution for injection,80 mg/mL,1 mL x 6&#039;s (in clear glass ampoules),B4-3182,Active,Oily Solution for Injection in 1-mL clear glass ampoule,"Each mL contains: Artemether 80 mg, Arachis Oil BP q.s. to 1 mL",Intramuscular,P01BE02,https://admin.greenbook.nafdac.gov.ng/uploadImage/smpc_files/2024/12/25/202412255cf69df8-0328-5a6d-80dd-8945b43261d8.pdf,2023-05-25,2028-05-24,https://greenbook.nafdac.gov.ng/products/details/5512,2026-09-27T21:22:20.085187+00:00,293
greenbook,8784,Amakin Levofloxacin Tablets**,Levofloxacin (Levofloxacin Hemihydrate),Amakin Pharmaceuticals Nigeria Limited,Drugs,Tablet,500 mg,1 x 10&#039;s (in Alu-Alu blister),B4-5313,Active,"Film coated tablet.
White coloured, film coated tablet with breakline on one side and &#039;AFL&#039; printed on the other side","Levofloxacin Tablets USP 500 mg.
Each film coated tablet contains: Levofloxacin USP 500 mg, Excipients q.s.",Oral,J01MA12,https://admin.greenbook.nafdac.gov.ng/uploadImage/smpc_files/2024/12/18/2024121831881451-5640-5971-8dce-067a8c0b73cc.pdf,2024-11-22,2029-11-21,https://greenbook.nafdac.gov.ng/products/details/8784,2026-09-27T21:22:20.085187+00:00,294
greenbook,12433,AMAKIN OFLOXACIN TABLETS$,Ofloxacin,Amakin Pharmaceuticals Nigeria Limited,Drugs,Tablet,200mg,"2X10,1X10",B4-3186,Active,"AMAKIN OFLOXACIN TABLETS	OFLOXACIN	&quot;OFLOXACIN 200MG
MAIZE STARCH 
MICROCRYSTALLINE CELLULOSE
POVIDONE (PVPK-30) 
ISOPROPYL ALCOHOL
MAGNESIUM STEARATE 
PURIFIED TALC
SODIUM STARCH GLYCOLATE
KYRON T-314
COLLOIDAL ANHYDROUS SILICA
HPMC -15
TITANIUM DIOXIDE
PURIFIED TALC
ISOPROPYL ALCOHOL
METHYLENE DICHLORIDE&quot;	B4-3186	Drugs	Imported Product	2X10,1X10	11-03-2024	AMAKIN PHARMACEUTICALS NIGERIA LIMITED, , OTUNBA GBADAMOSI / ESADO STREET LAGOS LAGOS	08077261675	amakinpharmaceuticalltd@gmail.com	KESAR PHARMA (P) LTD., PLOT NO 50 – P/2 AT VILLAGE BILESHWARPURA PO. CHHATRAL – 382729 TA KALOL DIST. GANDHINAGAR GUJURAT INDIA
","Each film coated tablet contains: Ofloxacin USP 200 mg
Excipients q.s.  ",Oral,J01MA01 ,https://admin.greenbook.nafdac.gov.ng/uploadImage/smpc_files/2026/03/05/202603054b1410e9-b586-545d-9268-9125fe92eef8.pdf,2026-01-27,2031-01-26,https://greenbook.nafdac.gov.ng/products/details/12433,2026-09-27T21:22:20.085187+00:00,295
greenbook,2646,Amalorite 10 Tablets##,Amlodipine (Amlodipine Besilate),Savocent Pharma Ltd,Drugs,Tablet,10 mg,,C4-1306,Inactive,Tablet,Each tablet contains: Amlodipine Besylate equivalent to Amlodipine 10 mg,Oral,C08CA01,,2020-11-30,2025-11-29,https://greenbook.nafdac.gov.ng/products/details/2646,2026-09-27T21:22:20.085187+00:00,296
greenbook,2647,Amalorite 5 Tablets##,Amlodipine (Amlodipine Besilate),Savocent Pharma Ltd,Drugs,Tablet,5 mg,,C4-1305,Inactive,Tablet,Each tablet contains: Amlodipine Besylate equivalent to Amlodipine 5 mg,Oral,C08CA01,,2020-11-30,2025-11-29,https://greenbook.nafdac.gov.ng/products/details/2647,2026-09-27T21:22:20.085187+00:00,297
greenbook,7764,Amaryl 1 mg Tablets**,Glimepiride,Sanofi-Aventis Nigeria Limited,Drugs,Tablet,1 mg,2 x 15&#039;s (in PVC/Aluminium blisters),04-2854,Inactive,"Tablet.
Pink, oblong and scored on both sides","Each tablet contains 1 mg Glimepiride.
Excipients: also contains 69.0 mg lactose monohydrate per tablet",Oral,,https://admin.greenbook.nafdac.gov.ng/uploadImage/smpc_files/2024/09/14/20240914566a024d-9d76-56f2-b344-f8ea6328c8c9.pdf,2021-02-25,2026-02-24,https://greenbook.nafdac.gov.ng/products/details/7764,2026-09-27T21:22:20.085187+00:00,298
greenbook,7765,Amaryl 2 mg Tablets**,Glimepiride,Sanofi-Aventis Nigeria Limited,Drugs,Tablet,2 mg,2 x 15&#039;s (in PVC/Aluminium blisters),04-2853,Inactive,"Tablet.
Green, oblong and scored on both sides","Each tablet contains 2 mg Glimepiride.
Excipients: also contains 137.2 mg lactose monohydrate per tablet",Oral,,https://admin.greenbook.nafdac.gov.ng/uploadImage/smpc_files/2024/09/14/20240914dde3788f-6c95-5f67-a0dc-343b7c836aa6.pdf,2021-02-25,2026-02-24,https://greenbook.nafdac.gov.ng/products/details/7765,2026-09-27T21:22:20.085187+00:00,299
greenbook,7766,Amaryl 3 mg Tablets**,Glimepiride,Sanofi-Aventis Nigeria Limited,Drugs,Tablet,3 mg,2 x 15&#039;s (in PVC/Aluminium blisters),A4-3074,Inactive,"Tablet.
Yellow, oblong and scored on both sides","Each tablet contains 3 mg Glimepiride.
Excipients: also contains 137.0 mg lactose monohydrate per tablet",Oral,,https://admin.greenbook.nafdac.gov.ng/uploadImage/smpc_files/2024/09/14/2024091426026817-6ef4-51c6-9f45-c812795f77f3.pdf,2021-02-25,2026-02-24,https://greenbook.nafdac.gov.ng/products/details/7766,2026-09-27T21:22:20.085187+00:00,300
greenbook,7767,Amatem 20/120 Softgel**,Artemether; Lumefantrine,Elbe Pharma Nigeria Limited,Drugs,Capsule,20 mg; 120 mg,1 x 12&#039;s (in blister),B4-0953,Inactive,Soft Gelatin Capsules,"Each soft gelatin capsule contains: Artemether Ph. Int. 20 mg, Lumefantrine Ph. Int. 120 mg, Excipients q.s.",Oral,,https://admin.greenbook.nafdac.gov.ng/uploadImage/smpc_files/2024/09/14/20240914f9e85c31-9a2d-5f56-bfc9-3caae51a99d9.pdf,2021-02-25,2026-02-24,https://greenbook.nafdac.gov.ng/products/details/7767,2026-09-27T21:22:20.085187+00:00,301
greenbook,2793,Amatem Forte Soft Gel Capsules**,Artemether; Lumefantrine,Elbe Pharma Nigeria Limited,Drugs,Capsule,80 mg; 480 mg,,B4-0952,Inactive,Soft gelatin capsule,Each soft gelatin capsule contains: Artemether 80 mg and Lumefantrine 480 mg,Oral,P01BF01,,2020-11-10,2025-11-09,https://greenbook.nafdac.gov.ng/products/details/2793,2026-09-27T21:22:20.085187+00:00,302
greenbook,7255,Amatem Forte Tablets**,Artemether; Lumefantrine,Elbe Pharma Nigeria Limited,Drugs,Tablet,80 mg; 480 mg,1 x 6&#039;s (in Alu/PVDC/PVC blister),A4-3489,Active,"Uncoated Tablet.
Yellow colored, round flat bevel-edged uncoated tablets de-bossed with &quot;AMATEM FORTE&quot; on one side and break-line on other side","Artemether 80 mg + Lumefantrine 480 mg Tablets.
Each uncoated tablet contains: Artemether 80 mg, Lumefantrine 480 mg, Excipients q.s.",Oral,P01BF01,https://admin.greenbook.nafdac.gov.ng/uploadImage/smpc_files/2024/11/28/20241128c2f396cb-8dcf-5105-9211-b3894ffa9b50.pdf,2024-03-27,2029-03-26,https://greenbook.nafdac.gov.ng/products/details/7255,2026-09-27T21:22:20.085187+00:00,303
greenbook,8504,Amatolate Gel 30 g**,Diclofenac Sodium (Diclofenac Diethylamine); Methyl salicylate; Menthol; Linseed oil,Ozah Chemicals and Pharmaceutical Ltd,Drugs,Gel,1%; 10%; 5%; 3%,30 g (in Lami tube),A11-100764,Active,White to off white colour gel,"Diclofenac Diethylamine BP 1.16% w/w equiv. to Diclofenac Sodium 1.00% w/w, Linseed Oil BP 3.00% w/w, Methyl Salicylate BP 10.00% w/w, Menthol BP 5.00% w/w, Gel Base Q.S.",Topical,,https://admin.greenbook.nafdac.gov.ng/uploadImage/smpc_files/2024/11/11/20241111354b6b2a-bb9b-5a3f-a3e1-a91b93a41671.pdf,2024-09-25,2029-09-24,https://greenbook.nafdac.gov.ng/products/details/8504,2026-09-27T21:22:20.085187+00:00,304
greenbook,4974,Amazabact-T Cream_,Clotrimazole; Clobetasol; Neomycin,Ozah Chemicals and Pharmaceutical Ltd,Drugs,Cream,0.05%; 1%; 0.5%,1 x 25 g ,A11-100547,Active,"Cream.
White or almost-white, odorless cream","Each 25 g contains: Clobetasol Propionate 0.05%, Clotrimazole 1%, Neomycin Sulphate 0.5%",Topical,D07CD01,https://admin.greenbook.nafdac.gov.ng/uploadImage/smpc_files/2025/01/10/202501107427a38b-e60b-51ac-8dc7-c387fd8b1961.pdf,2023-07-27,2028-07-26,https://greenbook.nafdac.gov.ng/products/details/4974,2026-09-27T21:22:20.085187+00:00,305
greenbook,6154,Amazocine Injection**,Pentazocine (Pentazocine Lactate),Assura Pharmaceutical and Health Products Ltd,Drugs,Solution for injection,30 mg/mL,1 mL x 10&#039;s (in ampoules),B4-8300,Active,Solution for Injection in 1-mL ampoule,"Pentazocine BP 30 mg/mL.
Each mL contains: Pentazocine (as Lactate BP) 30 mg, Sodium chloride BP 2.8 mg, Lactic acid BP, Water for injection BP q.s.",Intravenous; Intramuscular,N02AD01,,2023-09-28,2028-09-27,https://greenbook.nafdac.gov.ng/products/details/6154,2026-09-27T21:22:20.085187+00:00,306
greenbook,2648,Amcard 10 Tablets##,Amlodipine (Amlodipine Besilate),Aquatix Pharmaceuticals Limited,Drugs,Tablet,10 mg,,B4-5763,Inactive,Tablet,Each tablet contains: Amlodipine Besylate USP 10 mg,Oral,C08CA01,https://admin.greenbook.nafdac.gov.ng/uploadImage/smpc_files/2025/04/08/2025040816260ed7-bd25-5468-854c-b7bc2fb15ea2.pdf,2020-12-21,2025-12-20,https://greenbook.nafdac.gov.ng/products/details/2648,2026-09-27T21:22:20.085187+00:00,307
greenbook,2649,Amcard 5 Tablets##,Amlodipine (Amlodipine Besilate),Aquatix Pharmaceuticals Limited,Drugs,Tablet,5 mg,,B4-5762,Inactive,Tablet,Each tablet contains: Amlodipine Besylate USP 5 mg,Oral,C08CA01,https://admin.greenbook.nafdac.gov.ng/uploadImage/smpc_files/2025/04/08/20250408f243a3d6-83d9-5f73-a9fd-ca144fe3a175.pdf,2020-12-21,2025-12-20,https://greenbook.nafdac.gov.ng/products/details/2649,2026-09-27T21:22:20.085187+00:00,308
greenbook,4692,Amclavin 312.5 Powder for Oral Suspension**,Amoxicillin (Amoxicillin Trihydrate); Clavulanic Acid (Potassium Clavulanate),Seagreen Pharmaceuticals Limited,Drugs,Powder for suspension,250 mg/5 mL; 62.5 mg/5 mL,100 mL (in glass bottle),A4-3040,Active,"Powder for oral suspension.
Dry powder for reconstitution in water, at time of dispensing, to form an oral suspension","Each 5 mL of the reconstituted suspension contains: Amoxicillin Trihydrate BP equiv. to Amoxicillin 250 mg, Diluted Potassium Clavulanate BP equiv. to Clavulanic acid 62.5 mg, Excipients q.s.
In a Flavoured Syrupy Base",Oral,J01CR02,https://admin.greenbook.nafdac.gov.ng/uploadImage/smpc_files/2023/08/23/20230823ddc790b9-b7fd-5311-916c-60045c2fc8c3.pdf,2023-07-06,2028-07-05,https://greenbook.nafdac.gov.ng/products/details/4692,2026-09-27T21:22:20.085187+00:00,309
greenbook,5614,Amdocal 10 Tablet##,Amlodipine (Amlodipine Besilate),Pharmadeal Nigeria Limited,Drugs,Tablet,10 mg,3 x 10&#039;s (in Alu-Alu blisters),A4-2906,Active,"Tablet

Amdocal 10 Tablet	AMLODIPINE 10mg	Amlodipine Besilate BP eqv. to Amlodipine 10mg, Microcrystalline cellulose 132.5mg. Brilliant Blue 0.04mg, Anhydrous Dibasic calcium Phosphate 91.58mg, Sodium starch Glycolate 10mg &amp; Magnesium stearate 2mg	A4-2906	Drugs	Imported Products	3*10	Prescription Only Medicine (POM)	19/12/2019	PHARMADEAL NIGERIA LIMITED, 1A Oyewole Oshodi street, Ilupeju.	8038510048	ccnwabisi2010@yahoo.com	Beximco Pharmaceuticals Limited, 126, Kathaldia, Auchpara, Tongi-Gazipur, Bangladesh, Bangladesh","Each tablet contains: Amlodipine Besylate equivalent to Amlodipine 10 mg
Excipients q.s.",Oral,C08CA01,https://admin.greenbook.nafdac.gov.ng/uploadImage/smpc_files/2023/09/28/202309281e00eb09-f0b2-5f0f-91c6-8aa56e839cea.pdf,2023-04-26,2028-04-25,https://greenbook.nafdac.gov.ng/products/details/5614,2026-09-27T21:22:20.085187+00:00,310
greenbook,4693,Amdocal 5 Tablet##,Amlodipine (Amlodipine Besilate),Pharmadeal Nigeria Limited,Drugs,Tablet,5 mg,"5 x 10&#039;s, 7 x 15&#039;s (in Alu-Alu blisters)",A4-3488,Active,"Tablet

13	RNW-PP-284960	Amdocal 5	AMLODIPINE 5MG	Amlodipine besilate BP 6.940mg, Microcrystalline cellulose BP 151.060mg, Dibasic calcium phosphate USP 80.000mg, Sodium starch glycolate BP 10.000mg &amp; Magnesium stearate BP 2.000mg	A4-3488	Drugs	Imported Products	5*10,7*15	Prescription Only Medicine (POM)	10/6/2022	PHARMADEAL NIGERIA LIMITED, 1A Oyewole Oshodi street, Ilupeju.	8038510048	ccnwabisi2010@yahoo.com	Beximco Pharmaceutical Ltd, 126, Kathaldia, Auchpara, Tongi, Gazipur, Bangladesh, Bangladesh","Each tablet contains: Amlodipine Besylate equivalent to Amlodipine 5 mg
Excipients q.s.",Oral,C08CA01,https://admin.greenbook.nafdac.gov.ng/uploadImage/smpc_files/2023/08/23/202308238ffd84f4-019e-5690-9435-eba0902b6772.pdf,2023-07-06,2028-07-05,https://greenbook.nafdac.gov.ng/products/details/4693,2026-09-27T21:22:20.085187+00:00,311
greenbook,11366,Amebanil Suspension**,Metronidazole (Metronidazole Benzoate),Dana Pharmaceuticals Limited,Drugs,Suspension,200 mg/5 mL,60 mL,A4-3371,Active,"Oral Suspension.
Yellow coloured suspension",Each 5 mL suspension contains: Metronidazole benzoate 320 mg equivalent to Metronidazole 200 mg,Oral,P01AB01,https://admin.greenbook.nafdac.gov.ng/uploadImage/smpc_files/2025/07/29/202507298efaf580-dc8f-595a-985d-c968e17b9ee1.pdf,2025-06-25,2030-06-24,https://greenbook.nafdac.gov.ng/products/details/11366,2026-09-27T21:22:20.085187+00:00,312
greenbook,11992,Amebanil Tablet_,Metronidazole,Dana Pharmaceuticals Limited,Drugs,Tablet,200 mg,10 x 10&#039;s (in Alu PVC blisters),04-1786,Active,"Tablet for Oral use.
Yellow coloured round convex scored tablets with beveled edge. One side embossed with two breaking
lines &amp; the other side “METRO 200",Each tablet contains: Metronidazole 200 mg,Oral,J01XD01,https://admin.greenbook.nafdac.gov.ng/uploadImage/smpc_files/2025/07/29/20250729af2b9cd2-ebba-5e1b-812f-3149f36a35f5.pdf,2022-10-27,2027-10-26,https://greenbook.nafdac.gov.ng/products/details/11992,2026-09-27T21:22:20.085187+00:00,313
greenbook,7768,Amedin 10 mg Tablets**,Amlodipine (Amlodipine Besilate),Sanofi-Aventis Nigeria Limited,Drugs,Tablet,10 mg,2 x 14&#039;s (in Alu-PVC clear film blisters),A4-2327,Inactive,White colored round uncoated tablets marked with AM/10 on one side and plain on the other side,"Each uncoated tablet contains: Amlodipine besilate BP equivalent to Amlodipine 10 mg.
The excipient with known effect is lactose",Oral,,https://admin.greenbook.nafdac.gov.ng/uploadImage/smpc_files/2024/09/14/2024091413a2f1b8-bc5d-5980-a63a-afbef1d24f29.pdf,2021-01-28,2026-01-27,https://greenbook.nafdac.gov.ng/products/details/7768,2026-09-27T21:22:20.085187+00:00,314
greenbook,7769,Amedin 5 mg Tablets**,Amlodipine (Amlodipine Besilate),Sanofi-Aventis Nigeria Limited,Drugs,Tablet,5 mg,2 x 14&#039;s (in Alu-PVC clear film blisters),A4-2110,Inactive,"White colored round uncoated tablets with bevel edges and marked with AM/5 on one side, plain on the other side","Each uncoated tablets contains: Amlodipine besilate BP equivalent to Amlodipine 5 mg.
The excipient with known effect is lactose",Oral,,https://admin.greenbook.nafdac.gov.ng/uploadImage/smpc_files/2024/09/14/20240914c257c295-0f1e-5929-bcb8-9a095c82345a.pdf,2021-01-28,2026-01-27,https://greenbook.nafdac.gov.ng/products/details/7769,2026-09-27T21:22:20.085187+00:00,315
greenbook,11367,Amibagyl Suspension**,Metronidazole (Metronidazole Benzoate),Afrab-Chem Limited,Drugs,Suspension,200 mg/5 mL,60 mL,04-0218,Active,"Oral Suspension.
A viscous golden-yellow suspension with a characteristic bitter taste",Each 5 mL contains 200 mg of Metronidazole,Oral,P01AB01,https://admin.greenbook.nafdac.gov.ng/uploadImage/smpc_files/2025/07/28/202507288bac6acc-f91b-5f62-bb85-526ad25e4144.pdf,2025-06-25,2030-06-24,https://greenbook.nafdac.gov.ng/products/details/11367,2026-09-27T21:22:20.085187+00:00,316
greenbook,6494,Amibagyl Tablets##,Metronidazole,Afrab-Chem Limited,Drugs,Tablet,200 mg,10 x 10&#039;s (in PVC-Alu blisters),04-2043,Active,"Tablet
A white round tablet with &quot;AFRAB&quot; inscription on one side and a line on the other side

AMIBAGYL TABLETS	METRONIDAZOLE BENZOATE	Metronidazole powder:200.00mg,Avicel (Microcrystalline Cellulose):60.00mg,Corn Starch (G):78.00mg,Corn Starch (F/B) :14.00mg, Aerosil 200: 2.00mg, Magnesium Stearate: 1.60mg, Sodium Lauryl Sulphate :0.72mg, Povidone PVP (K-30) :8.00mg, Pregel Starch (G) :12.00mg, Sodium Starch Glycolate (Primogel) :7.00mg, Talcum Powder :20.00mg	Apr-43	Drugs	VARIOUS	Nigerian Products	10*10,1*1000	POM 1	11/10/2022	AFRAB-CHEM LIMITED, 22, ABIMBOLA STREET, ISOLO	12700057	oyeyemiat2005@yahoo.com	AFRAB CHEM LIMITED, 22, ABIMBOLA STREET, ISOLO INDUSTRIAL ESTATE, ISOLO-LAGOS, Nigeria","Each tablet contains: Metronidazole 200 mg
Excipients: Avicel (Microcrystalline Cellulose), Corn Starch, Aerosil, Magnesium Stearate, Sodium Lauryl Sulphate, Povidon PVP-30, Pregel Starch, Sodium Starch Glycollate and Talcum Powder",Oral,J01XD01,https://admin.greenbook.nafdac.gov.ng/uploadImage/smpc_files/2023/12/14/2023121443521837-fe92-5d48-a1d3-93346d14cc7d.pdf,2023-11-30,2028-11-29,https://greenbook.nafdac.gov.ng/products/details/6494,2026-09-27T21:22:20.085187+00:00,317
greenbook,4695,Amidrex 1 Tablet_,Risperidone,GoldMoore International Limited,Drugs,Tablet,1 mg,3 x 10&#039;s (in Alu-Alu blisters),A4-1677,Active,"Film-coated tablet.
White-coloured, round, biconvex, both sides plain, film-coated tablets","Each film-coated tablet contains: Risperidone USP 1 mg
Excipients q.s.",Oral,N05AX08,https://admin.greenbook.nafdac.gov.ng/uploadImage/smpc_files/2025/08/13/20250813a36485c4-8645-5b1e-b42e-c8ee3287ff65.pdf,2023-07-06,2028-07-05,https://greenbook.nafdac.gov.ng/products/details/4695,2026-09-27T21:22:20.085187+00:00,318
greenbook,4696,Amidrex 2 Tablet_,Risperidone,GoldMoore International Limited,Drugs,Tablet,2 mg,3 x 10&#039;s (in Alu-Alu blisters),A4-1676,Active,"Oral film-coated tablets.
Orange-coloured, round-shaped, biconvex film-coated tablets, plain on both sides","Each film-coated tablet contains: Risperidone USP 2 mg
Excipients q.s.",Oral,N05AX08,https://admin.greenbook.nafdac.gov.ng/uploadImage/smpc_files/2025/08/13/202508138d0d2e8f-f059-5eb0-b0c3-51cdb8467bac.pdf,2023-07-06,2028-07-05,https://greenbook.nafdac.gov.ng/products/details/4696,2026-09-27T21:22:20.085187+00:00,319
greenbook,21,Amikacin Injection**,Amikacin (Amikacin Sulphate),Pharmexco Pharmaceuticals Limited,Drugs,Solution for injection,500 mg/2 mL,,BA-0906,Active,Solution for injection,Each 2-mL vial contains: Amikacin (as Sulfate) 500 mg,Intravenous; Intramuscular,J01GB06,,2021-12-02,2026-12-01,https://greenbook.nafdac.gov.ng/products/details/21,2026-09-27T21:22:20.085187+00:00,320
greenbook,7771,Amikacin Sulphate Injection**,Amikacin (Amikacin Sulphate),Excel Charis Pharmaceutical Chemical Limited,Drugs,Solution for injection,500 mg/2 mL,2 mL x 1&#039;s (in vial),A4-8442,Inactive,Solution for injection in 2-mL vial,Each 2-mL vial contains: Amikacin (as Sulphate) 500 mg,Intravenous; Intramuscular,J01GB06,https://admin.greenbook.nafdac.gov.ng/uploadImage/smpc_files/2025/04/18/20250418c2c998b3-6d2f-50bb-8389-2bd51efcf46b.pdf,2021-03-29,2026-03-28,https://greenbook.nafdac.gov.ng/products/details/7771,2026-09-27T21:22:20.085187+00:00,321
greenbook,7772,Amino 100 Tablet**,Aminophylline,De - Godstime Industry Nig Ltd,Drugs,Tablet,100 mg,1 x 100&#039;s (in amber coloured bottle),04-5473,Inactive,"White, circular, flat, uncoated tablet embossed ‘AMINO’ on one side and breakline on other side of each tablet.
The scoreline is only to facilitate breaking for ease of swallowing and not to divide into equal doses. ","Each uncoated tablet contains: Aminophylline BP 100 mg.

Excipients with known effects:
Each tablet contains 50 mg of Dibasic calcium phosphate, 4 mg of Magnesium Stearate",Oral,R03DA05,https://admin.greenbook.nafdac.gov.ng/uploadImage/smpc_files/2024/09/14/20240914d3b3517d-a45a-55dc-86ca-0f067286939a.pdf,2021-02-25,2026-02-24,https://greenbook.nafdac.gov.ng/products/details/7772,2026-09-27T21:22:20.085187+00:00,322
greenbook,7773,Aminocure Amlodipine 10 mg Tablet**,Amlodipine (Amlodipine Besilate),Unicure Pharmaceuticals Limited,Drugs,Tablet,10 mg,2 x 14&#039;s (in blisters),A11-100719,Active,"Tablet
White, circular, biconvex, uncoated tablet marked with &#039;10&#039; on one side and plain on the other side","Each tablet contains: Amlodipine besilate BP equivalent to Amlodipine 10 mg
Excipients q.s.",Oral,C08CA01,https://admin.greenbook.nafdac.gov.ng/uploadImage/smpc_files/2024/08/01/202408011c2a2dd8-2401-58af-9cb6-192d0bddf80a.pdf,2024-06-27,2029-06-26,https://greenbook.nafdac.gov.ng/products/details/7773,2026-09-27T21:22:20.085187+00:00,323
greenbook,7785,Aminocure Amlodipine 5 mg Tablet**,Amlodipine (Amlodipine Besilate),Unicure Pharmaceuticals Limited,Drugs,Tablet,5 mg,2 x 14&#039;s (in blisters),A11-100718,Active,"Tablet
White, circular, biconvex, uncoated tablets marked with &#039;5&#039; on one side and plain on the other side","Each tablet contains: Amlodipine Besilate BP equivalent to Amlodipine 5 mg
Excipients q.s.",Oral,C08CA01,https://admin.greenbook.nafdac.gov.ng/uploadImage/smpc_files/2024/12/02/20241202dd83b84c-280b-5d28-846d-5c8ac6571cf9.pdf,2024-06-27,2029-06-26,https://greenbook.nafdac.gov.ng/products/details/7785,2026-09-27T21:22:20.085187+00:00,324
greenbook,6751,Aminophylline 100 mg Tablet**,Aminophylline,Nkoyo Chemists Ltd,Drugs,Tablet,100 mg,1 x 1000&#039;s (in amber coloured HDPE PET bottle),A4-9071,Active,"Pale yellow, round uncoated tablets with the AMINO embossed logo on one side and BREAKLINE on the other side",Each tablet contains: Aminophylline anhydrous 100 mg,Oral,R03DA05,https://admin.greenbook.nafdac.gov.ng/uploadImage/smpc_files/2024/01/01/20240101f782180f-5e81-557f-8fca-84ba5b22779e.pdf,2023-12-21,2028-12-20,https://greenbook.nafdac.gov.ng/products/details/6751,2026-09-27T21:22:20.085187+00:00,325
greenbook,7786,Aminophylline Tablets**,Aminophylline,Global Young Pharma Limited,Drugs,Tablet,100 mg,1 x 1000&#039;s (in amber coloured HDPE PET bottle), C4-1648,Inactive,"Pale yellow, round uncoated tablets with the AMINO embossed logo on one side and BREAKLINE on the other side","Aminophylline Tablets BP.
Each tablet contains: Aminophylline (as Anhydrous) BP 100 mg",Oral,R03DA05,https://admin.greenbook.nafdac.gov.ng/uploadImage/smpc_files/2024/09/16/202409163a58711b-90e9-587f-b225-e01b32c9cbb0.pdf,2021-03-29,2026-03-28,https://greenbook.nafdac.gov.ng/products/details/7786,2026-09-27T21:22:20.085187+00:00,326
greenbook,8851,Aminophylline Tablets**,Aminophylline,Manfes Pharmaceutical Company Limited,Drugs,Tablet,100 mg,1 x 1000&#039;s,A4-1233,Active,Tablet,Each tablet contains: Aminophylline equivalent to 100 mg Aminophylline BP,Oral,R03DA05,,2021-09-28,2026-09-27,https://greenbook.nafdac.gov.ng/products/details/8851,2026-09-27T21:22:20.085187+00:00,327
greenbook,7787,Amiodar-200 Tablets**,Amiodarone Hydrochloride,Micro Nova Pharmaceuticals Ind Ltd,Drugs,Tablet,200 mg,3 x 10&#039;s,A4-8257,Inactive,Tablet,Each tablet contains: Amiodarone Hydrochloride 200 mg,Oral,,,2021-05-07,2026-05-06,https://greenbook.nafdac.gov.ng/products/details/7787,2026-09-27T21:22:20.085187+00:00,328
greenbook,8562,Amiodarone 100 mg Tablet**,Amiodarone,SK Medicines Limited,Drugs,Tablet,100 mg,2 x 14&#039;s (in blisters),C4-1835,Inactive,Tablet,Amiodarone 100 mg,Oral,,,2021-08-26,2026-08-25,https://greenbook.nafdac.gov.ng/products/details/8562,2026-09-27T21:22:20.085187+00:00,329
greenbook,8563,Amiodarone 200 Mg Tablet**,Amiodarone,SK Medicines Limited,Drugs,Tablet,200 mg,2 x 14&#039;s (in blisters),C4-1836,Inactive,Tablet,Amiodarone 200 mg,Oral,,,2021-08-26,2026-08-25,https://greenbook.nafdac.gov.ng/products/details/8563,2026-09-27T21:22:20.085187+00:00,330
greenbook,8564,Amitryptylline HCl Tablets**,Amitriptyline Hydrochloride,Manfes Pharmaceutical Company Limited,Drugs,Tablet,25 mg,1 x 500&#039;s; 1 x 1000&#039;s,B4-3798,Inactive,Tablet,Amitriptyline HCl BP 25 mg,Oral,,,2021-08-26,2026-08-25,https://greenbook.nafdac.gov.ng/products/details/8564,2026-09-27T21:22:20.085187+00:00,331
greenbook,2650,Amlo 10 Tablets##,Amlodipine (Amlodipine Besilate),Getz Pharma Nigeria Limited,Drugs,Tablet,10 mg,,B4-4409,Inactive,Tablet,Each tablet contains: Amlodipine Besylate 10 mg,Oral,C08CA01,,2020-11-30,2025-11-29,https://greenbook.nafdac.gov.ng/products/details/2650,2026-09-27T21:22:20.085187+00:00,332
greenbook,2651,Amlo 5 Tablets##,Amlodipine (Amlodipine Besilate),Getz Pharma Nigeria Limited,Drugs,Tablet,5 mg,,B4-4408,Inactive,Tablet,Each tablet contains: Amlodipine Besylate 5 mg,Oral,C08CA01,,2020-11-30,2025-11-29,https://greenbook.nafdac.gov.ng/products/details/2651,2026-09-27T21:22:20.085187+00:00,333
greenbook,271,Amlodipine 10 mg Tablet##,Amlodipine (Amlodipine Besilate),First J. Pocco Pharmacy Limited,Drugs,Tablet,10 mg,2 x 14&#039;s (in PVC-Alu blisters),B4-6505,Inactive,"Tablet
The tablets are white, circular, biconvex and plain on both sides","Each tablet contains: Amlodipine Besylate USP equivalent to Amlodipine 10 mg
Excipients q.s,",Oral,C08CA01,https://admin.greenbook.nafdac.gov.ng/uploadImage/smpc_files/2023/05/27/20230527c391159f-b1ec-5af5-bb6e-96daf5cc5a71.pdf,2021-06-24,2026-06-23,https://greenbook.nafdac.gov.ng/products/details/271,2026-09-27T21:22:20.085187+00:00,334
greenbook,6602,Amlodipine 10 mg Tablet**,Amlodipine (Amlodipine Besilate),Emie Pharmaceuticals (UK) Limited,Drugs,Tablet,10 mg,"2 x 15&#039;s, 2 x 14&#039;s (in Alu-Alu blisters)",B4-9682,Active,"Tablet.
An oval-shaped, light-blue colored tablet with &quot;D.V&quot; engraved on side and the other plain",Each tablet contains: Amlodipine Besylate 10 mg,Oral,C08CA01,https://admin.greenbook.nafdac.gov.ng/uploadImage/smpc_files/2024/01/01/2024010134db2a27-f787-501b-9fbd-5b53f01c1a89.pdf,2023-12-21,2028-12-20,https://greenbook.nafdac.gov.ng/products/details/6602,2026-09-27T21:22:20.085187+00:00,335
greenbook,288,Amlodipine 10 mg Tablets_,Amlodipine (Amlodipine Besilate),World Wide Commercial Ventures Ltd,Drugs,Tablet,10 mg,3 x 10&#039;s (in Alu PVC blisters),A4-100078,Inactive,"Tablet
White round tablet, 11 mm in diameter. One side is slightly concave with a break line and debossed &quot;A10&quot;. The other side is slightly convex and plain","Each tablet contains: Amlodipine Besylate equivalent to Amlodipine 10 mg
Equivalent q.s.",Oral,C08CA01,https://admin.greenbook.nafdac.gov.ng/uploadImage/smpc_files/2025/02/03/20250203360b7134-3966-5ac3-ad0b-dd431db28e71.pdf,2021-08-03,2026-08-02,https://greenbook.nafdac.gov.ng/products/details/288,2026-09-27T21:22:20.085187+00:00,336
greenbook,7116,"Amlodipine 10 mg, Valsartan 160 mg, Hydrochlorothiazide 12.5 mg**",Amlodipine (Amlodipine Besilate); Valsartan; Hydrochlorothiazide,Embassy Pharmaceutical and Chemicals Limited,Drugs,Tablet,10 mg; 160 mg; 12.5 mg,3 x 10&#039;s (in Alu-Alu blisters),A4-100702,Active,Film coated tablets,"Each film-coated tablet contains; Amlodipine Besylate USP equiv. to Amlodipine 10 mg, Valsartan USP 160 mg, Hydrochlorothiazide USP 12.5 mg, Excipients q.s",Oral,C09DX01,https://admin.greenbook.nafdac.gov.ng/uploadImage/smpc_files/2024/12/27/20241227a98e4444-4a97-50d9-9e26-8fb545980e8f.pdf,2024-01-31,2029-01-30,https://greenbook.nafdac.gov.ng/products/details/7116,2026-09-27T21:22:20.085187+00:00,337
greenbook,7117,"Amlodipine 10 mg, Valsartan 160 mg, Hydrochlorothiazide 25 mg**",Amlodipine (Amlodipine Besilate); Valsartan; Hydrochlorothiazide,Embassy Pharmaceutical and Chemicals Limited,Drugs,Tablet,10 mg; 160 mg; 25 mg,3 x 10&#039;s (in Alu-Alu blisters),A4-100703,Active,Film Coated Tablet,"Each film-coated tablet contains: Amlodipine Besylate USP equiv. to Amlodipine 10 mg, Valsartan USP 160 mg, Hydrochlorothiazide USP 25 mg, Excipients q.s.",Oral,C09DX01,https://admin.greenbook.nafdac.gov.ng/uploadImage/smpc_files/2024/12/24/20241224f5b1920d-da82-5775-9f2b-8f945e1c8e13.pdf,2024-01-31,2029-01-30,https://greenbook.nafdac.gov.ng/products/details/7117,2026-09-27T21:22:20.085187+00:00,338
greenbook,4702,Amlodipine 10 Tablets##,Amlodipine (Amlodipine Besilate),Sure Drugs Healthcare Ltd,Drugs,Tablet,10 mg,10 x 10&#039;s,C4-1991,Active,"Tablet

Amlodipine 10 Tablets	C4-1991		AMLODIPINE BESILATE 	PRESCRIPTION ONLY MEDICINE	ANTIHYPERTENSIVE	AMLODIPINE BESILATE BP EQ. TO AMLODIPINE 10MG	TABLETS	10 X 10		MANAGEMENT OF HYPERTENSION	SUREDRUGS HEALTHCARE 	NIGERIA	SHUKRA PHARM LTD.	INDIA	05/26/2022	05/25/2027
",Each tablet contains: Amlodipine Besylate equivalent to Amlodipine 10 mg,Oral,C08CA01,,2022-05-26,2027-05-25,https://greenbook.nafdac.gov.ng/products/details/4702,2026-09-27T21:22:20.085187+00:00,339
greenbook,272,Amlodipine 5 mg Tablet##,Amlodipine (Amlodipine Besilate),First J. Pocco Pharmacy Limited,Drugs,Tablet,5 mg,2 x 14&#039;s (in PVC-Alu blisters),B4-6506,Inactive,"Tablet
The tablets are white, circular, biconvex and plain on both sides","Each tablet contains: Amlodipine Besylate USP equivalent to Amlodipine 5 mg
Excipients q.s.",Oral,C08CA01,https://admin.greenbook.nafdac.gov.ng/uploadImage/smpc_files/2023/05/27/20230527b19bc63b-7771-5b1b-b355-a0ea250c4ad3.pdf,2021-06-24,2026-06-23,https://greenbook.nafdac.gov.ng/products/details/272,2026-09-27T21:22:20.085187+00:00,340
greenbook,253,Amlodipine 5 mg Tablets**,Amlodipine (Amlodipine Besilate),World Wide Commercial Ventures Ltd,Drugs,Tablet,5 mg,3 x 10&#039;s (in Alu PVC blisters),A4-100061,Inactive,"Tablet.
White, round tablet, 8 mm in diameter. One side is slightly concave with a break line and debossed &quot;A5&quot;, the other side is slightly convex and plain
Tablet can be divided into equal doses","Each tablet contains: Amlodipine Besylate equiv. to Amlodipine 5 mg, Excipients q.s.",Oral,C08CA01,https://admin.greenbook.nafdac.gov.ng/uploadImage/smpc_files/2025/02/03/20250203cc0d5211-d2ad-5d40-85dd-c11f3acc8c22.pdf,2021-06-24,2026-06-23,https://greenbook.nafdac.gov.ng/products/details/253,2026-09-27T21:22:20.085187+00:00,341
greenbook,7326,"Amlodipine 5 mg, Valsartan 160 mg, Hydrochlorothiazide 12.5 mg##",Amlodipine (Amlodipine Besilate); Valsartan; Hydrochlorothiazide,Embassy Pharmaceutical and Chemicals Limited,Drugs,Tablet,5 mg; 160 mg; 12.5 mg,3 x 10&#039;s (in Alu-Alu blisters) ,A4-100740,Active,"Film coated tablet

27	NF-PP-306130	AMLODIPINE 5MG, VALSARTAN 160MG, HYDROCHLOROTHIAZIDE 12.5MG	AMLODIPINE 5MG, VALSARTAN 160MG, HYDROCHLOROTHIAZIDE 12.5MG	EACH FILM COATED TABLET CONTAINS; AMLODIPINE 5MG, VALSARTAN 160MG, HYDROCHLOROTHIAZIDE 12.5MG, EXCIPIENTS Q.S	A4-100740	Drugs	Imported Products	3x10	POM 1	1/16/2023	EMBASSY PHARMACEUTICAL AND CHEMICALS LIMITED, 41 ADEMOLA STREET S/W IKOYI, LAGOS	14630021	embapharm_caredesk@yahoo.com	STALLION LABORATORIES PVT. LTD., C1B,305,2,3,4&amp;5 GIDC, KERALA (BAVLA) DIST: AHMEDABAD (GUJARAT) INDIA., India","Each film coated tablet contains: Amlodipine Besylate USP equivalent to Amlodipine 5 mg, Hydrochlorothiazide USP 12.5 mg, Valsartan USP 160 mg
Excipients q.s.",Oral,C09DB01,https://admin.greenbook.nafdac.gov.ng/uploadImage/smpc_files/2024/03/23/20240323e452067d-826a-50cc-ad80-d347b3595fee.pdf,2024-02-28,2029-02-27,https://greenbook.nafdac.gov.ng/products/details/7326,2026-09-27T21:22:20.085187+00:00,342
greenbook,7118,"Amlodipine 5 mg, Valsartan 160 mg, Hydrochlorothiazide 25 mg Tablet## (active ingredient spelling)",Amlodipine (Amlodipine Besilate); Valsartan; Hydrochlorothiazide,Embassy Pharmaceutical and Chemicals Limited,Drugs,Tablet,5 mg; 160 mg; 25 mg,3 x 10&#039;s (in Alu-Alu blisters),A4-100739,Active,"Tablet

26	NF-PP-305988	AMLODIPINE 5MG, VALSARTAN 160MG, HYDROCHLOROTHIAZIDE 25MG TABLET	AMLODIPINE 5MG, VALSARTAN 160MG, HYDROCHLOROTHIAZIDE 25MG 	EACH FILM COATED TABLET CONTAINS; AMLODIPINE 5MG, VALSARTAN 160MG, HYDROCHLOROTHIAZIDE 25MG, EXCIPIENTS Q.S	A4-100739	Drugs	Imported Products	3X10	POM 1	1/16/2023	EMBASSY PHARMACEUTICAL AND CHEMICALS LIMITED, 41 ADEMOLA STREET S/W IKOYI, LAGOS	14630021	embapharm_caredesk@yahoo.com	STALLION LABORATORIES PVT. LTD., C1B,305,2,3,4&amp;5 GIDC, KERALA (BAVLA) DIST: AHMEDABAD (GUJARAT) INDIA., India","Each film coated tablet contains: Amlodipine Besylate USP equivalent to Amlodipine 5 mg, Hydrochlorthiazide USP 25 mg, Valsartan USP 160 mg 
Excipients q.s.",Oral,C09DX01,https://admin.greenbook.nafdac.gov.ng/uploadImage/smpc_files/2024/03/23/202403232a55c62a-91b0-5e18-ab17-4933edb5e82b.pdf,2024-02-28,2029-02-27,https://greenbook.nafdac.gov.ng/products/details/7118,2026-09-27T21:22:20.085187+00:00,343
greenbook,7119,Amlodipine Besilate 10 mg Tablets##,Amlodipine (Amlodipine Besilate),ZMC International Limited,Drugs,Tablet,10 mg,2 x 14&#039;s (in a carton),B4-8993,Active,"Uncoated tablet

55	RNW-PP-347401	AMLODIPINE BESILATE 10MG TABLETS	AMLODIPINE BESILATE BP 10MG	EACH TABLET CONTAINS AMLODIPINE 10MG dibasic calcium phosphate dihydrate, magnesium stearate, microcrystalline cellulose	B4-8993	Drugs	Imported Products	2*14	Prescription Only Medicine (POM)	8/9/2023	ZMC INTERNATIONAL LIMITED., 7A NIGER STREET,KANO, KANO STATE, NIGERIA	576768789	zmcinternational18@gmail.com	APEX FORMULATIONS PVT LTD, 1276, RAJPUR, ZULASAN ROAD, AHMEDABAD - MEHSANA HIGHWAY, DIST, MEHSANA GUJARAT, INDIA, India","Each tablet contains: Amlodipine Besylate equivalent to Amlodipine
Excipients q.s.",Oral,C08CA01,https://admin.greenbook.nafdac.gov.ng/uploadImage/smpc_files/2024/02/17/2024021700dced4a-95aa-5e49-b135-5e28206fc179.pdf,2024-01-31,2029-01-30,https://greenbook.nafdac.gov.ng/products/details/7119,2026-09-27T21:22:20.085187+00:00,344
greenbook,8852,Amlodipine Besylate Tablets USP 5 mg**,Amlodipine (Amlodipine Besilate),IDA Foundation,Drugs,Tablet,5 mg,1 x 100&#039;s,C4-1862,Active,Tablet,Each tablet contains: Amlodipine besylate USP equiv. to Amlodipine 5 mg,Oral,C08CA01,,2021-09-28,2026-09-27,https://greenbook.nafdac.gov.ng/products/details/8852,2026-09-27T21:22:20.085187+00:00,345
greenbook,8005,Amlodipine Besylate USP 10 mg Tablet**,Amlodipine (Amlodipine Besilate),Global Organics Ltd,Drugs,Tablet,10 mg,2 x 14&#039;s (in blisters),C4-1770,Inactive,Uncoated tablet,"Each uncoated tablet contains: Amlodipine Besylate USP equiv. to Amlodipine 10 mg, Excipients Q.S.",Oral,C08CA01,,2021-08-03,2026-08-02,https://greenbook.nafdac.gov.ng/products/details/8005,2026-09-27T21:22:20.085187+00:00,346
greenbook,8006,Amlodipine Besylate USP 5 mg Tablet**,Amlodipine (Amlodipine Besilate),Global Organics Ltd,Drugs,Tablet,5 mg,2 x 14&#039;s (in blisters),C4-1769,Inactive,Uncoated tablet,"Each uncoated tablet contains:  Amlodipine Besylate USP equiv. to Amlodipine 5 mg, Excipients Q.S.",Oral,C08CA01,,2021-08-03,2026-08-02,https://greenbook.nafdac.gov.ng/products/details/8006,2026-09-27T21:22:20.085187+00:00,347
greenbook,7788,Amlodipine BP 10 mg Tablets**,Amlodipine (Amlodipine Besilate),Exxon Pharma Nigeria Limited,Drugs,Tablet,10 mg,2 x 14&#039;s (in Alu-PVC blisters),C4-1577,Inactive,"Uncoated tablet.
Off white coloured tablet plain on each side",Each tablet contains: Amlodipine Besilate BP 13.86 mg equiv. to Amlodipine 10 mg,Oral,,https://admin.greenbook.nafdac.gov.ng/uploadImage/smpc_files/2024/09/16/202409167afa5036-d6eb-538f-9029-8f4252b7738d.pdf,2021-02-25,2026-02-24,https://greenbook.nafdac.gov.ng/products/details/7788,2026-09-27T21:22:20.085187+00:00,348
greenbook,7789,Amlodipine BP 5 mg Tablets**,Amlodipine (Amlodipine Besilate),Exxon Pharma Nigeria Limited,Drugs,Tablet,5 mg,2 x 14&#039;s (in Alu-PVC blisters),C4-1576,Inactive,Off white coloured tablet plain on each side,Each tablet contains: Amlodipine Besilate BP equiv. to Amlodipine 5 mg,Oral,,https://admin.greenbook.nafdac.gov.ng/uploadImage/smpc_files/2024/09/16/20240916b60094f0-13a9-508f-8d92-f14978abbd50.pdf,2021-02-25,2026-02-24,https://greenbook.nafdac.gov.ng/products/details/7789,2026-09-27T21:22:20.085187+00:00,349
greenbook,2653,Amlodipine Tablet 10 mg##,Amlodipine (Amlodipine Besilate),Dony-Triumph and Company Nigeria Limited,Drugs,Tablet,10 mg,,B4-3368,Inactive,Tablet,Each tablet contains: Amlodipine Besylate equivalent to Amlodipine 10 mg,Oral,C08CA01,,2020-12-21,2025-12-20,https://greenbook.nafdac.gov.ng/products/details/2653,2026-09-27T21:22:20.085187+00:00,350
greenbook,2654,Amlodipine Tablet 5 mg##,Amlodipine (Amlodipine Besilate),Dony-Triumph and Company Nigeria Limited,Drugs,Tablet,5 mg,,B4-3752,Inactive,Tablet,Each tablet contains: Amlodipine Besylate equivalent to Amlodipine 5 mg,Oral,C08CA01,,2020-12-21,2025-12-20,https://greenbook.nafdac.gov.ng/products/details/2654,2026-09-27T21:22:20.085187+00:00,351
greenbook,8565,Amlodipine Tablet**,Amlodipine (Amlodipine Besilate),Morehope Pharma Limited,Drugs,Tablet,10 mg,2 x 10&#039;s (in blisters),C4-1825,Inactive,Tablet,Amlodipine Besylate USP 10 mg,Oral,,,2021-08-26,2026-08-25,https://greenbook.nafdac.gov.ng/products/details/8565,2026-09-27T21:22:20.085187+00:00,352
greenbook,8566,Amlodipine Tablet**,Amlodipine (Amlodipine Besilate),Morehope Pharma Limited,Drugs,Tablet,5 mg,1 x 10&#039;s (in blister),C4-1824,Inactive,Tablet,Amlodipine Besylate USP 5 mg,Oral,,,2021-08-26,2026-08-25,https://greenbook.nafdac.gov.ng/products/details/8566,2026-09-27T21:22:20.085187+00:00,353
greenbook,22,Amlodipine Tablets##,Amlodipine (Amlodipine Besilate),SKG - Pharma Ltd,Drugs,Tablet,10 mg,,A11-0275,Active,Tablet,Each tablet contains: Amlodipine Besylate equivalent to Amlodipine 10 mg,Oral,C08CA01,,2021-10-28,2026-10-27,https://greenbook.nafdac.gov.ng/products/details/22,2026-09-27T21:22:20.085187+00:00,354
greenbook,7790,Amlodipine Tablets**,Amlodipine (Amlodipine Besilate),Jucheck Malt Pharmaceutical Ltd,Drugs,Tablet,5 mg,1 x 20&#039;s,B4-8294,Inactive,Tablet,Amlodipine Besilate USP 5 mg,Oral,,,2021-05-07,2026-05-06,https://greenbook.nafdac.gov.ng/products/details/7790,2026-09-27T21:22:20.085187+00:00,355
greenbook,6348,Amlonac 10 mg Tablet_,Amlodipine (Amlodipine Besilate),Cardinal Drugs Limited,Drugs,Tablet,10 mg,2 x 14&#039;s (in blisters),B4-0797,Active,White octagonal tablet embossed with 10 on one side and imprint of &quot;CDL&quot; on the other side representing Cardinal Drugs Limited.,Each tablet contains: Amlodipine Besylate equiv. to Amlodipine 10 mg,Oral,C08CA01,https://admin.greenbook.nafdac.gov.ng/uploadImage/smpc_files/2023/11/07/20231107679a27c3-f620-5195-8849-a3fdcb04edb6.pdf,2023-10-31,2028-10-30,https://greenbook.nafdac.gov.ng/products/details/6348,2026-09-27T21:22:20.085187+00:00,356
greenbook,6349,Amlonac 5 mg Tablet_,Amlodipine (Amlodipine Besilate),Cardinal Drugs Limited,Drugs,Tablet,5 mg,2 x 14&#039;s (in blisters),B4-0796,Active,White octagonal tablet embossed with 5 on one side and imprint of  &quot;CDL&quot; on the other side representing Cardinal Drugs Limited,Each tablet contains: Amlodipine Besylate equivalent to Amlodipine 5 mg,Oral,C08CA01,https://admin.greenbook.nafdac.gov.ng/uploadImage/smpc_files/2023/11/07/2023110763b4192e-7c58-5ecc-a26c-f98fb4fb81ea.pdf,2023-10-31,2028-10-30,https://greenbook.nafdac.gov.ng/products/details/6349,2026-09-27T21:22:20.085187+00:00,357
greenbook,4366,Amlong 10##,Amlodipine (Amlodipine Besilate),Elbe Pharma Nigeria Limited,Drugs,Tablet,10 mg,3 x 10&#039;s (in Alu-Alu blisters),A4-0445,Active,"Tablet
White to off white, flat, circular, beveled edge uncoated tablet with &quot;AM&quot;, a break line and &quot;10&quot; engraved on one surface","Each tablet contains: Amlodipine Besylate equivalent to Amlodipine 10 mg
Excipients q.s.",Oral,C08CA01,https://admin.greenbook.nafdac.gov.ng/uploadImage/smpc_files/2023/05/27/20230527fcbe94b5-ab57-5215-9427-8d3d8d525ae8.pdf,2022-08-29,2027-09-28,https://greenbook.nafdac.gov.ng/products/details/4366,2026-09-27T21:22:20.085187+00:00,358
greenbook,4368,Amlong 5##,Amlodipine (Amlodipine Besilate),Elbe Pharma Nigeria Limited,Drugs,Tablet,5 mg,3 x 10&#039;s (in Alu-Alu blisters),A4-0441,Active,"Tablet
White to off white, flat, circular, beveled edge uncoated tablet with &quot;AM&quot;, a break line and &quot;10&quot; engraved on one surface","Each tablet contains: Amlodipine Besylate equivalent to Amlodipine 5 mg
Excipients q.s.",Oral,C08CA01,https://admin.greenbook.nafdac.gov.ng/uploadImage/smpc_files/2023/05/27/20230527c85e55bc-1caa-5a2d-a38e-a2178736ab23.pdf,2022-09-29,2027-09-28,https://greenbook.nafdac.gov.ng/products/details/4368,2026-09-27T21:22:20.085187+00:00,359
greenbook,2655,Amlotrust 10 Tablets##,Amlodipine (Amlodipine Besilate),Al-Tinez Pharmaceuticals Limited,Drugs,Tablet,10 mg,,A4-6950,Inactive,Tablet,Each tablet contains: Amlodipine Besylate equivalent to Amlodipine 10 mg,Oral,C08CA01,,2020-11-10,2025-11-09,https://greenbook.nafdac.gov.ng/products/details/2655,2026-09-27T21:22:20.085187+00:00,360
greenbook,2656,Amlotrust 5 Tablets##,Amlodipine (Amlodipine Besilate),Al-Tinez Pharmaceuticals Limited,Drugs,Tablet,5 mg,,A4-5069,Inactive,Tablet,Each tablet contains: Amlodipine Besylate equivalent to Amlodipine 5 mg,Oral,C08CA01,,2020-11-10,2025-11-09,https://greenbook.nafdac.gov.ng/products/details/2656,2026-09-27T21:22:20.085187+00:00,361
greenbook,7791,Amlozaar Tablets**,Amlodipine (Amlodipine Besilate); Losartan Potassium,Micro Nova Pharmaceuticals Ind Ltd,Drugs,Tablet,5 mg; 50 mg,3 x 10&#039;s (in Alu-Alu blisters),A4-8425,Inactive,"Film coated tablet.
Light Yellow coloured, circular biconvex film-coated tablets with ‘MICRO’ engraved on both sides","Each film coated tablet contains: Losartan Potassium USP 50 mg, Amlodipine Besilate BP equivalent to Amlodipine 5 mg",Oral,,https://admin.greenbook.nafdac.gov.ng/uploadImage/smpc_files/2024/09/16/20240916be4f205c-f7ea-5d43-a702-2990840c118d.pdf,2021-02-25,2026-02-24,https://greenbook.nafdac.gov.ng/products/details/7791,2026-09-27T21:22:20.085187+00:00,362
greenbook,4992,Amlozest 10 Tablets##,Amlodipine (Amlodipine Besilate),Synermed Nig Ltd,Drugs,Tablet,10 mg,3 x 10&#039;s (in Alu-Alu strips),B4-6709,Active,"Film Coated Tablet

35	RNW-PP-261963	AMLOZEST 10 TABLETS	AMLODIPINE BESILATE BP 10MG	Amlodipine Besilate 10mg	B4-6709	Drugs	Imported Products	3*10	Prescription Only Medicine (POM)	7/25/2022	SYNERMED (NIGERIA) LIMITED, ADENIYI JONES IKEJA LAGOS LAGOS	8035873263	synermednigeria@hotmail.com	M/S ZEST PHARMA, 275 SECTOR F, SANWER ROAD, INDORE, MADHYA PRADESH 452015, INDIA., India","Each tablet contains: Amlodipine Besylate BP 10 mg
Excipients q.s",Oral,C08CA01,https://admin.greenbook.nafdac.gov.ng/uploadImage/smpc_files/2023/08/27/2023082738fa4a3a-c470-5459-8c35-14c5d4b3455a.pdf,2023-07-27,2028-07-26,https://greenbook.nafdac.gov.ng/products/details/4992,2026-09-27T21:22:20.085187+00:00,363
greenbook,6733,Amobicon 12 mg Tablet##,Ivermectin,Drugfield Pharmaceuticals Limited,Drugs,Tablet,12 mg,10 x 10&#039;s,A11-100611,Active,"Tablet

82	NF-PP-273576	AMOBICON 12MG TABLET	IVERMECTIN 12MG	Ivermectin 0.230kg, Microcrystalline Cellulose 1.560kg, Pregelatinised Starch 3.133kg, Citric Acid Anhydrous 0.038kg, Butylated HydroxyAnisole 0.001Kg, Magnesium Stearate 0.038kg	A11-100611	Drugs	Nigerian Products	10*10packs	Prescription Only Medicine (POM)	7/4/2022	DRUGFIELD PHARMACEUTICALS LIMITED., LYNSON CHEMICAL AVENUE, KM 38 LAGOS-ABEOKUTA EXPRESSWAY, SANGO-OTA,OGUN STATE	8029055002	info@drugfieldpharma.com	DRUGFIELD PHARMACEUTICALS LIMITED, 48, AKEJU STREET, PALMGROVE, SOMOLU, LAGOS STATE. P.O BOX 5831, IKEJA, LAGOS STATE., Nigeria","Each tablet contains: Ivermectin 12 mg
Excipients: Microcrystalline Cellulose 1.560 kg, Pregelatinized Starch 3.133 kg, Citric Acid Anhydrous 0.038 kg, Butylated Hydroxy Anisole 0.001 kg, Magnesium Stearate 0.038 kg",Oral,P02CF01,https://admin.greenbook.nafdac.gov.ng/uploadImage/smpc_files/2024/06/25/20240625fc2a0bca-b226-5981-9c88-4f32d8b86fb9.pdf,2023-12-21,2028-12-20,https://greenbook.nafdac.gov.ng/products/details/6733,2026-09-27T21:22:20.085187+00:00,364
greenbook,6734,Amobicon 3 mg Tablet##,Ivermectin,Drugfield Pharmaceuticals Limited,Drugs,Tablet,3 mg,10 x 10&#039;s (in blisters),A11-100612,Active,"Tablet

81	NF-PP-273445	AMOBICON 3MG TABLET	IVERMECTIN 3MG	Ivermectin 30.00g, Microcrystalline Cellulose 800.10kg, Pregelatinised Starch 1529.64g, Citric Acid Anhydrous 19.61g, Butylated Hydroxy Anisole 0.52g, Magnesium Stearate 20.00g, Erythrosine Lake 0.13g	A11-100612	Drugs	Nigerian Products	10*10packs	Prescription Only Medicine (POM)	7/4/2022	DRUGFIELD PHARMACEUTICALS LIMITED., LYNSON CHEMICAL AVENUE, KM 38 LAGOS-ABEOKUTA EXPRESSWAY, SANGO-OTA,OGUN STATE	8029055002	info@drugfieldpharma.com	DRUGFIELD PHARMACEUTICALS LIMITED, 48, AKEJU STREET, PALMGROVE, SOMOLU, LAGOS STATE. P.O BOX 5831, IKEJA, LAGOS STATE., Nigeria","Each tablets contains: Ivermectin 3 mg
Excipients: Microcrystalline Cellulose 800.10 kg, Pregelatinized Starch 1529.64 g, Citric Acid Anhydrous 19.61 g, Butylated Hydroxy Anisole 0.52 g, Magnesium Stearate 20.00 g, Erythrosine Lake 0.13 g
",Oral,P02CF01,https://admin.greenbook.nafdac.gov.ng/uploadImage/smpc_files/2024/01/02/20240102c03ce481-c7ff-5566-8fbb-fa2db7c3f413.pdf,2023-12-21,2028-12-20,https://greenbook.nafdac.gov.ng/products/details/6734,2026-09-27T21:22:20.085187+00:00,365
greenbook,3239,Amodex Tablet##,Clopidogrel (Clopidogrel Bisulfate),Seal Healthcare Limited,Drugs,Tablet,75 mg,,C4-1199,Inactive,Tablet,Each tablet contains: Clopidogrel Bisulfate equivalent Clopidogrel 75 mg,Oral,B01AC04,,2020-11-10,2025-11-09,https://greenbook.nafdac.gov.ng/products/details/3239,2026-09-27T21:22:20.085187+00:00,366
greenbook,2616,Amoksiclav DT 625 mg Dispersible Tablet##,Amoxicillin (Amoxicillin Trihydrate); Clavulanic Acid (Potassium Clavulanate),Novartis Nigeria Limited,Drugs,Dispersible tablet,500 mg; 125 mg,,C4-1434,Inactive,Dispersible Tablet,"Each tablet contains: Amoxicillin Trihydrate equivalent Amoxicillin 500 mg, Potassium Clavulanate equivalent to Clavulanic Acid 125 mg",Oral,J01CR02,,2020-12-21,2025-12-20,https://greenbook.nafdac.gov.ng/products/details/2616,2026-09-27T21:22:20.085187+00:00,367
greenbook,8853,Amoksiklav 1.2 g Injection**,Amoxicillin (Amoxicillin Sodium); Clavulanic Acid (Potassium Clavulanate),Novartis Nigeria Limited,Drugs,Powder for injection,1000 mg; 200 mg,1.2 g x 5&#039;s (in vials),04-2518,Active,Powder for Solution for Injection,"Each vial contains: Amoxicillin Sodium equiv. to Amoxicillin 1000 mg, Clavulanate Potassium equiv. to Clavulanic Acid 200 mg",Intravenous; Intramuscular,J01CR02,,2021-09-28,2026-09-27,https://greenbook.nafdac.gov.ng/products/details/8853,2026-09-27T21:22:20.085187+00:00,368
greenbook,7792,Amoksiklav 1000 mg Dispersible Tablet**,Amoxicillin (Amoxicillin Trihydrate); Clavulanic Acid (Potassium Clavulanate),Novartis Nigeria Limited,Drugs,Dispersible tablet,875 mg; 125 mg,2 x 7&#039;s,C4-1552,Inactive,,"Each tablet contains: Amoxicillin 875 mg, Clavulanic Acid 125 mg",Oral,,,2021-01-28,2026-01-27,https://greenbook.nafdac.gov.ng/products/details/7792,2026-09-27T21:22:20.085187+00:00,369
greenbook,8854,Amoksiklav 600 mg Injection**,Amoxicillin (Amoxicillin Trihydrate); Clavulanic Acid (Potassium Clavulanate),Novartis Nigeria Limited,Drugs,Powder for injection,500 mg; 100 mg,0.6 g x 5&#039;s (in vials),04-2517,Active,Powder for Solution for Injection,"Each vial contains: Amoxicillin Sodium equiv. to Amoxicillin 500 mg, Clavulanate Potassium equiv. to Clavulanic Acid 100 mg",Intravenous,J01CR02,,2021-09-28,2026-09-27,https://greenbook.nafdac.gov.ng/products/details/8854,2026-09-27T21:22:20.085187+00:00,370
greenbook,7813,Amoksiklav Powder for Oral Suspension**,Amoxicillin (Amoxicillin Trihydrate); Clavulanic Acid (Potassium Clavulanate),Novartis Nigeria Limited,Drugs,Powder for suspension,400 mg/5 mL; 57 mg/5 mL,70 mL,A4-0882,Inactive,Powder for Oral Suspension,"Each 5 mL reconstituted suspension contains: Amoxicillin (as Amoxicillin Trihydrate) 400 mg, and Clavulanic acid (as Potassium Clavulanate) 57 mg",Oral,,,2021-05-27,2026-05-26,https://greenbook.nafdac.gov.ng/products/details/7813,2026-09-27T21:22:20.085187+00:00,371
greenbook,7976,Amonex Capsules**,Amoxicillin (Amoxicillin Trihydrate),Vixa Pharmaceutical Company Limited,Drugs,Capsule,250 mg,10 x 10&#039;s (in blisters),A4-6223,Inactive,Capsule containing white or almost white granules,Each capsule contains: Amoxicillin trihydrate equiv. to Amoxicillin 500 mg,Oral,,,2021-06-24,2026-06-23,https://greenbook.nafdac.gov.ng/products/details/7976,2026-09-27T21:22:20.085187+00:00,372
greenbook,3749,Amosinin Tablets##,Dihydroartemisinin; Piperaquine Phosphate,Astra Pharma Ltd,Drugs,Tablet,40 mg; 320 mg,,C4-1156,Inactive,Tablet,"Each tablet contains: Dihydroartemisinin 40 mg, Piperaquine Phosphate 320 mg",Oral,P01BF07,,2020-11-10,2025-11-09,https://greenbook.nafdac.gov.ng/products/details/3749,2026-09-27T21:22:20.085187+00:00,373
greenbook,3987,Amovin 228.5 mg Suspension**,Amoxicillin (Amoxicillin Trihydrate); Clavulanic Acid (Potassium Clavulanate),Evans Therapeutics Limited,Drugs,Powder for suspension,200 mg/5 mL; 28.5 mg/5 mL,,04-8405,Active,Powder for Reconstitution,"Each 5 mL suspension contains: Amoxicillin (as Amoxicillin Trihydrate) 200 mg, Potassium Clavulanate (as Potassium Clavulanate Diluted) 28.5 mg",Oral,J01CR02,https://admin.greenbook.nafdac.gov.ng/uploadImage/smpc_files/2024/09/19/20240919daf72f32-cf05-5bb3-ac02-53a65e5c4b73.pdf,2021-12-16,2026-12-15,https://greenbook.nafdac.gov.ng/products/details/3987,2026-09-27T21:22:20.085187+00:00,374
greenbook,3986,Amovin 600 mg**,Amoxicillin (Amoxicillin Sodium); Clavulanic Acid (Potassium Clavulanate),Evans Therapeutics Limited,Drugs,Powder for injection,500 mg; 100 mg,,04-8244,Active,Powder for solution for injection in a vial,"Each vial contains: Amoxicillin Sodium equiv. to Amoxicillin 500 mg, Clavulanate Potassium equiv. to Clavulanic Acid 100 mg",Intravenous,J01CR02,https://admin.greenbook.nafdac.gov.ng/uploadImage/smpc_files/2024/09/19/20240919caead2bb-0bca-5886-a395-3d5c62857340.pdf,2021-12-16,2026-12-15,https://greenbook.nafdac.gov.ng/products/details/3986,2026-09-27T21:22:20.085187+00:00,375
greenbook,11993,Amovin-625 Tablets_,Amoxicillin (Amoxicillin Trihydrate); Clavulanic Acid (Potassium Clavulanate),Evans Therapeutics Limited,Drugs,Tablet,500 mg; 125 mg,2 x 7&#039;s,04-8261,Active,"Solid Oral Dosage form.
A white-colored, oval-shaped, biconvex, film-coated tablet, having embossed “AMV” on one side, and “CE” &amp; breakline on one side of the tablets.","Each film-coated tablet contains: Amoxicillin Trihydrate BP equiv. to Amoxicillin 500 mg, and Potassium Clavulanate BP (as Potassium Clavulanate Diluted BP) equiv. to Clavulanic Acid 125 mg
Excipients q.s",Oral,J01CR02,https://admin.greenbook.nafdac.gov.ng/uploadImage/smpc_files/2025/07/14/20250714bb15aec6-be4e-5c95-bd87-062ae79e4d7d.pdf,2022-09-29,2027-09-28,https://greenbook.nafdac.gov.ng/products/details/11993,2026-09-27T21:22:20.085187+00:00,376
greenbook,3991,Amoxicillin & Clavulanate Potassium 625##,Amoxicillin (Amoxicillin Trihydrate); Clavulanic Acid (Potassium Clavulanate),Caresville Pharmaceutical Limited,Drugs,Tablet,500 mg; 125 mg,,A4-100082,Inactive,Tablet,"Each tablet contains: Amoxicillin (as Amoxicillin Trihydrate) 500 mg, Potassium Clavulanate (as Potassium Clavulanate Diluted) 125 mg",Oral,J01CR02,,2021-08-26,2026-08-25,https://greenbook.nafdac.gov.ng/products/details/3991,2026-09-27T21:22:20.085187+00:00,377
greenbook,1013,Amoxicillin & Clavulanate Potassium Acid 1000##,Amoxicillin (Amoxicillin Trihydrate); Clavulanic Acid (Potassium Clavulanate),Caresville Pharmaceutical Limited,Drugs,Tablet,875 mg; 125 mg,,A4-100096,Active,Tablet,"Each tablet contains: Amoxicillin Trihydrate equivalent Amoxicillin 875 mg, Potassium Clavulanate equivalent Clavulanic Acid 125 mg",Oral,J01CR02,,2021-09-28,2026-09-27,https://greenbook.nafdac.gov.ng/products/details/1013,2026-09-27T21:22:20.085187+00:00,378
greenbook,3988,Amoxicillin & Clavulanic Acid 228.5 mg for Oral Suspension##,Amoxicillin (Amoxicillin Trihydrate); Clavulanic Acid (Potassium Clavulanate),The Biostadt Company,Drugs,Powder for suspension,200 mg/5 mL; 28.5 mg/5 mL,,C4-1164,Inactive,"Powder for Reconstitution
","Each 5 mL suspension contains: Amoxicillin (as Amoxicillin Trihydrate) 200 mg, Potassium Clavulanate (as Potassium Clavulanate) 28.5 mg",Oral,J01CR02,,2020-11-10,2025-11-09,https://greenbook.nafdac.gov.ng/products/details/3988,2026-09-27T21:22:20.085187+00:00,379
greenbook,3989,Amoxicillin & Clavulanic Acid 625 mg##,Amoxicillin (Amoxicillin Trihydrate); Clavulanic Acid (Potassium Clavulanate),The Biostadt Company,Drugs,Tablet,500 mg; 125 mg,,C4-1165,Inactive,Tablet,"Each tablet contains: Amoxicillin (as Amoxicillin Trihydrate) 500 mg, Potassium Clavulanate (as Potassium Clavulanate Diluted) 125 mg",Oral,J01CR02,,2020-11-10,2025-11-09,https://greenbook.nafdac.gov.ng/products/details/3989,2026-09-27T21:22:20.085187+00:00,380
greenbook,3992,Amoxicillin & Clavulanic Acid Powder for Oral Suspension##,Amoxicillin (Amoxicillin Trihydrate); Clavulanic Acid (Potassium Clavulanate),Caresville Pharmaceutical Limited,Drugs,Powder for suspension,400 mg/5 mL; 57 mg/5 mL,,A4-100097,Active,Powder for Reconstitution,"Each 5 mL suspension contains: Amoxicillin (as Amoxicillin Trihydrate) 400 mg, Potassium Clavulanate (as Potassium Clavulanate) 57 mg",Oral,J01CR02,,2021-09-28,2026-09-27,https://greenbook.nafdac.gov.ng/products/details/3992,2026-09-27T21:22:20.085187+00:00,381
greenbook,3990,Amoxicillin & Clavulanic Acid Tablet##,Amoxicillin (Amoxicillin Trihydrate); Clavulanic Acid (Potassium Clavulanate),JSP Pharma Company Nigeria Limited,Drugs,Tablet,500 mg; 125 mg,,C4-1186,Inactive,Tablet,"Each tablet contains: Amoxicillin (as Amoxicillin Trihydrate) 500 mg, Potassium Clavulanate (as Potassium Clavulanate Diluted) 125 mg",Oral,J01CR02,,2020-11-10,2025-11-09,https://greenbook.nafdac.gov.ng/products/details/3990,2026-09-27T21:22:20.085187+00:00,382
greenbook,3034,Amoxicillin 1 g and Clavulanate Potassium 0.2 g for Injection##,Amoxicillin (Amoxicillin Sodium); Clavulanic Acid (Potassium Clavulanate),Geneith Pharmaceuticals Limited,Drugs,Powder for injection,1000 mg; 200 mg,,C4-1210,Inactive,"Powder for Solution for Injection in a vial
","Each vial contains: Amoxicillin Sodium equivalent to Amoxicillin 1000 mg, Clavulanate Potassium equivalent to Clavulanic Acid 200 mg",Intravenous,J01CR02,,2020-11-10,2025-11-09,https://greenbook.nafdac.gov.ng/products/details/3034,2026-09-27T21:22:20.085187+00:00,383
greenbook,7793,Amoxicillin 200 mg & Clavulanate Potassium 28.5 mg/5 mL for Oral Suspension**,Amoxicillin (Amoxicillin Trihydrate); Clavulanic Acid (Potassium Clavulanate),Sepat Pharmaceuticals Ltd,Drugs,Powder for suspension,200 mg/5 mL; 28.5 mg/5 mL,100 mL,C4-1639,Inactive,Powder for Oral Suspension,"Each 5 mL reconstituted suspension contains: Amoxicillin Trihydrate equiv. to Amoxicillin 200 mg, Potassium Clavulanate equiv. to Clavulanic Acid 28.5 mg",Oral,J01CR02,,2021-03-29,2026-03-28,https://greenbook.nafdac.gov.ng/products/details/7793,2026-09-27T21:22:20.085187+00:00,384
greenbook,3020,Amoxicillin 200 mg & Clavulanic Acid 28.5 mg/5 mL Powder for Oral Suspension##,Amoxicillin (Amoxicillin Trihydrate); Clavulanic Acid (Potassium Clavulanate),Geneith Pharmaceuticals Limited,Drugs,Powder for suspension,200 mg/5 mL; 28.5 mg/5 mL,,C4-1284,Inactive,Powder for Oral Suspension,"Each 5 mL reconstituted suspension contains: Amoxicillin Trihydrate equivalent to Amoxicillin 200 mg, Potassium Clavulanate Diluted equivalent to Clavulanic Acid 28.5 mg",Oral,J01CR02,,2020-11-30,2025-11-29,https://greenbook.nafdac.gov.ng/products/details/3020,2026-09-27T21:22:20.085187+00:00,385
greenbook,3061,Amoxicillin 250 mg Dispersible Tablet##,Amoxicillin (Amoxicillin Trihydrate),Novartis Nigeria Limited,Drugs,Dispersible tablet,250 mg,,C4-1435,Inactive,Dispersible Tablet,Each tablet contains: Amoxicillin Trihydrate equivalent Amoxicillin 250 mg,Oral,J01CA04,,2020-12-21,2025-12-20,https://greenbook.nafdac.gov.ng/products/details/3061,2026-09-27T21:22:20.085187+00:00,386
greenbook,3021,Amoxicillin 400 mg & Clavulanic Acid 57 mg/5 mL Powder for Oral Suspension##,Amoxicillin (Amoxicillin Trihydrate); Clavulanic Acid (Potassium Clavulanate),Geneith Pharmaceuticals Limited,Drugs,Powder for suspension,400 mg/5 mL; 57 mg/5 mL,,C4-1285,Inactive,Powder for Oral Suspension,"Each 5 mL reconstituted suspension contains: Amoxicillin Trihydrate equivalent to Amoxicillin 400 mg, Potassium Clavulanate equivalent to Clavulanic Acid 57 mg",Oral,J01CR02,,2020-11-30,2025-11-29,https://greenbook.nafdac.gov.ng/products/details/3021,2026-09-27T21:22:20.085187+00:00,387
greenbook,7794,Amoxicillin 500 mg & Clavulanate Potassium 125 mg Tablets**,Amoxicillin (Amoxicillin Trihydrate); Clavulanic Acid (Potassium Clavulanate),Sepat Pharmaceuticals Ltd,Drugs,Tablet,500 mg; 125 mg,2 x 7&#039;s,C4-1638,Inactive,Tablet,"Each tablet contains: Amoxicillin Trihydrate equiv. to Amoxicillin 500 mg, Potassium Clavulanate equiv. to Clavulanic Acid 125 mg",Oral,J01CR02,,2021-03-29,2026-03-28,https://greenbook.nafdac.gov.ng/products/details/7794,2026-09-27T21:22:20.085187+00:00,388
greenbook,3037,Amoxicillin 500 mg and Clavulanate Potassium 100 mg for Injection##,Amoxicillin (Amoxicillin Sodium); Clavulanic Acid (Potassium Clavulanate),Geneith Pharmaceuticals Limited,Drugs,Powder for injection,500 mg; 100 mg,,C4-1211,Inactive,"Powder for Solution for Injection in a vial
","Each vial contains: Amoxicillin Sodium equivalent to Amoxicillin 500 mg, Clavulanate Potassium equivalent to Clavulanic Acid 100 mg",Intravenous,J01CR02,,2020-11-10,2025-11-09,https://greenbook.nafdac.gov.ng/products/details/3037,2026-09-27T21:22:20.085187+00:00,389
greenbook,7795,Amoxicillin 875 mg Clavulanate Potassium 125 mg Tablets**,Amoxicillin (Amoxicillin Trihydrate); Clavulanic Acid (Potassium Clavulanate),Sepat Pharmaceuticals Ltd,Drugs,Tablet,875 mg; 125 mg,2 x 7&#039;s,C4-1632,Inactive,Tablet,"Each tablet contains: Amoxicillin Trihydrate equiv. to Amoxicillin 875 mg, Potassium Clavulanate equiv. to Clavulanic Acid 125 mg",Oral,J01CR02,,2021-03-29,2026-03-28,https://greenbook.nafdac.gov.ng/products/details/7795,2026-09-27T21:22:20.085187+00:00,390
greenbook,8855,Amoxicillin Capsules**,Amoxicillin (Amoxicillin Trihydrate),IDA Foundation,Drugs,Capsule,500 mg,1 x 1000&#039;s,C4-1865,Active,Capsule,Each capsule contains: Amoxicillin (as Amoxicillin Trihydrate) 500 mg,Oral,J01CA04,,2021-09-28,2026-09-27,https://greenbook.nafdac.gov.ng/products/details/8855,2026-09-27T21:22:20.085187+00:00,391
greenbook,3062,Amoxicillin Dispersible Tablets 125 mg##,Amoxicillin (Amoxicillin Trihydrate),Aquatix Pharmaceuticals Limited,Drugs,Dispersible tablet,125 mg,,C4-1459,Inactive,Dispersible Tablet,"Each tablet contains: Amoxicillin Trihydrate equivalent Amoxicillin 125 mg
Excipients q.s.",Oral,J01CA04,,2020-12-21,2025-12-20,https://greenbook.nafdac.gov.ng/products/details/3062,2026-09-27T21:22:20.085187+00:00,392
greenbook,6399,Amoxicillin for Injection**,Amoxicillin (Amoxicillin Sodium),Sastek Mega Pharma &amp; Chemical Company Ltd,Drugs,Powder for injection,500 mg,1 x 1&#039;s; 1 x 10&#039;s (in vials),A4-100549,Active,Powder for solution for injection in a vial,Each vial contains: Amoxicillin Sodium BP equiv. to Amoxicillin 500 mg,Intravenous,J01CA04,,2023-10-31,2028-10-30,https://greenbook.nafdac.gov.ng/products/details/6399,2026-09-27T21:22:20.085187+00:00,393
greenbook,7997,Amoxicillin Powder for Oral Suspension**,Amoxicillin (Amoxicillin Trihydrate),Tuyil Pharmaceutical Industries Ltd,Drugs,Powder for suspension,125 mg/5 mL,100 mL (in amber PET bottle),A4-3738,Active,"Powder for oral suspension.
White/off white free flowing powder for oral suspension",Each 5 mL reconstituted suspension contains: Amoxicillin Trihydrate equiv. to Amoxicillin 125 mg,Oral,J01CA04,https://admin.greenbook.nafdac.gov.ng/uploadImage/smpc_files/2024/09/29/20240929dbeabb5c-0674-57d3-823b-6002789f13ca.pdf,2024-08-28,2029-08-27,https://greenbook.nafdac.gov.ng/products/details/7997,2026-09-27T21:22:20.085187+00:00,394
greenbook,6155,Amoxicillin Sodium for Inj**,Amoxicillin (Amoxicillin Sodium),Ladfield Global Resources Ltd,Drugs,Powder for injection,500 mg,"500 mg x 1&#039;s (in clear glass vial) + 5 mL WFI (in clear glass ampoule), both contained in Plastic tray",A4-100535,Active,White or almost white powder for solution for injection in glass vial,"Amoxicillin Sodium for Injection 500 mg.
Each vial contains: Amoxicillin Sodium 0.531 mg equiv. to Amoxicillin 500 mg.
Each ampoule of solvent contains: Water for injections 5 mL

Excipient with known effect:
Each vial contains approximately 38 mg Sodium",Intravenous,J01CA04,https://admin.greenbook.nafdac.gov.ng/uploadImage/smpc_files/2023/10/09/20231009d141f5cf-388d-5691-8c64-c3060799d562.pdf,2023-09-28,2028-09-27,https://greenbook.nafdac.gov.ng/products/details/6155,2026-09-27T21:22:20.085187+00:00,395
greenbook,8357,Amoxicillin Tablets**,Amoxicillin (Amoxicillin Trihydrate),Ugo Lab Productions (Nig). Ltd,Drugs,Tablet,250 mg,10 x 10&#039;s (in blisters),C4-1787,Inactive,Tablet,Each tablet contains: Amoxicillin Trihydrate BP equiv. to Amoxicillin 250 mg,Oral,J01CA04,,2021-08-03,2026-08-02,https://greenbook.nafdac.gov.ng/products/details/8357,2026-09-27T21:22:20.085187+00:00,396
greenbook,645,Amoxynova Capsule##,Amoxicillin (Amoxicillin Trihydrate),SKG - Pharma Ltd,Drugs,Capsule,500 mg,,A4-4149,Active,Capsule,Each capsule contains: Amoxicillin Trihydrate equivalent Amoxicillin 500 mg,Oral,J01CA04,,2021-12-16,2026-12-15,https://greenbook.nafdac.gov.ng/products/details/645,2026-09-27T21:22:20.085187+00:00,397
greenbook,8856,Amoxynova Suspension**,Amoxicillin (Amoxicillin Trihydrate),SKG - Pharma Ltd,Drugs,Powder for suspension,125 mg/5 mL,100 mL (in amber bottle),04-2723,Active,"Powder for Oral Suspension.
White flavoured powder for reconstitution",Each 5 mL reconstituted suspension contains: Amoxicillin (as Amoxicillin Trihydrate) 125 mg,Oral,J01CA04,https://admin.greenbook.nafdac.gov.ng/uploadImage/smpc_files/2025/01/22/20250122f668d726-ab0e-5232-8926-2d3f9e231a3f.pdf,2021-10-28,2026-10-27,https://greenbook.nafdac.gov.ng/products/details/8856,2026-09-27T21:22:20.085187+00:00,398
greenbook,491,Amoxytop 250 Capsules##,Amoxicillin (Amoxicillin Trihydrate),Thine Forever Pharmaceuticals Limited,Drugs,Capsule,250 mg,,04-3769,Active,Capsule,Each capsule contains: Amoxicillin Trihydrate equivalent Amoxicillin 250 mg,Oral,J01CA04,,2021-10-28,2026-10-27,https://greenbook.nafdac.gov.ng/products/details/491,2026-09-27T21:22:20.085187+00:00,399
greenbook,492,Amoxytop 500 Capsules##,Amoxicillin (Amoxicillin Trihydrate),Thine Forever Pharmaceuticals Limited,Drugs,Capsule,500 mg,,04-4801,Active,Capsule,Each capsule contains: Amoxicillin Trihydrate equivalent to Amoxicillin 500 mg,Oral,J01CA04,,2021-10-28,2026-10-27,https://greenbook.nafdac.gov.ng/products/details/492,2026-09-27T21:22:20.085187+00:00,400
greenbook,4409,Amphomul Injection##,Amphotericin B,Chanrai HealthCare Limited,Drugs,Injection,5 mg,1 x 10 mL vial,B4-4218,Active,"Injection

AMPHOMUL INJECTION	B4-4218	AMPHOMUL INJECTION	AMPHOTERICIN B USP.......5MG, IN A VEHICLE CONTAINING SOYBEAN OIL USP, GLYCERIN USP, PURIFIED EGG LECITHIN, SODIUM HYDROXIDE USP AND WFI USP				Injection	Prescription Only Medicine (POM)		CHANRAI HEALTHCARE LIMITED, OSHODI APAPA EXPRESSWAY, ISOLO LAGOS	Nigeria	BHARAT SERUMS AND VACCINES, PLOT NO. K-27, ADDITIONAL MIDC AMBERNATH (E) -421501, INDIA, India		26/01/2023	25/01/2028","Each ml contains: Amphotericin B USP 5 mg
Excipients q.s.
",Intravenous,J02AA01,https://admin.greenbook.nafdac.gov.ng/uploadImage/smpc_files/2024/12/22/202412228208ac07-86a4-54d3-acb1-7cbaf87c4b21.pdf,2023-01-26,2028-01-25,https://greenbook.nafdac.gov.ng/products/details/4409,2026-09-27T21:22:20.085187+00:00,401
greenbook,3261,Amphotret Injection##,Amphotericin B,Chanrai HealthCare Limited,Drugs,Powder for injection,50 mg,1 x 10 mL vial,B4-2611,Inactive,"Lyophilized Powder for Solution for Injection
Amphotret (Amphotericin B for Injection USP) is a yellow colored lyophilized cake
","Each vial contains: Amphotericin B IP 50 mg, Sodium Deoxycholate q.s. (as Solubiliser), Sodium Phosphate (as Buffer)
Excipients q.s.",Intravenous,J02AA01,https://admin.greenbook.nafdac.gov.ng/uploadImage/smpc_files/2023/05/27/20230527f82a10e9-fb58-5b32-915b-60b223e24cab.pdf,2021-08-26,2026-08-25,https://greenbook.nafdac.gov.ng/products/details/3261,2026-09-27T21:22:20.085187+00:00,402
greenbook,3993,Ampicillin and Cloxacillin Capsules##,Ampicillin (Ampicillin Trihydrate); Cloxacillin (Cloxacillin Sodium),Aquatix Pharmaceuticals Limited,Drugs,Capsule,250 mg; 250 mg,,C4-1157,Inactive,Capsule,"Each capsule contains: Ampicillin Trihydrate BP equivalent to Ampicillin 250 mg, Cloxacillin Sodium BP equivalent to Cloxacillin 250 mg
Excipients q.s.",Oral,J01CR01,,2020-11-10,2025-11-09,https://greenbook.nafdac.gov.ng/products/details/3993,2026-09-27T21:22:20.085187+00:00,403
greenbook,4410,"Ampicillin Trihydrate + Cloxacillin## (duplicate, different product name)",Ampicillin (Ampicillin Trihydrate); Cloxacillin (Cloxacillin Sodium),Nemel Pharmaceuticals Limited,Drugs,Capsule,250 mg; 250 mg,1 x 10&#039;s (in PVC-Alu blisters),A4-4164,Inactive,"Black and purple colored hard gelatin capsule shell with “NEMEL” printed on one side of the shell and “NEMECLOX® 500 mg” presented in tropicalized blisters and PVC blisters

NEMECLOX CAPSULE 500MG
","Each capsule contains: Ampicillin Trihydrate equivalent to 250 mg Ampicillin and Cloxacillin Sodium equivalent to 250 mg Cloxacillin
Excipients q.s.",Oral,J01CR01,https://admin.greenbook.nafdac.gov.ng/uploadImage/smpc_files/2024/11/13/202411139ab9745c-84cf-5aa5-a819-1042664ea525.pdf,2021-05-07,2026-05-06,https://greenbook.nafdac.gov.ng/products/details/4410,2026-09-27T21:22:20.085187+00:00,404
greenbook,8679,Ampiclox 500 Capsule**,Ampicillin (Ampicillin Trihydrate); Cloxacillin (Cloxacillin Sodium),GlaxoSmithKline Consumer Nigeria PLC (GSK),Drugs,Capsule,250 mg; 250 mg,10 x 10&#039;s,04-2401,Active,Capsule,"Each capsule contains: Ampicillin 250 mg, Cloxacillin 250 mg",Oral,J01CR01,https://admin.greenbook.nafdac.gov.ng/uploadImage/smpc_files/2025/11/18/20251118f840d22e-86a0-5bc4-9b25-4e4d5f5e7fad.pdf,2021-09-28,2026-09-27,https://greenbook.nafdac.gov.ng/products/details/8679,2026-09-27T21:22:20.085187+00:00,405
greenbook,6603,Ampine 10##,Amlodipine (Amlodipine Besilate),Orfema Pharmaceutical Industry Limited,Drugs,Tablet,10 mg,"2 x 14&#039;s, 3 x 10&#039;s (in PVC-Alu blisters)",A4-4439,Active,"Tablet
A white colored round shape biconvex uncoated tablet with “Orfema” on one side and a break line on the other side

13	CMS-PP-324303	AMPINE 10	AMLODIPINE BESYLATE	AMLODIPINE BESYLATE 10MG	A4-4439	Drugs	Nigerian Products	10*10,2*14,3*10	Prescription Only Medicine (POM)	4/19/2023	ORFEMA PHARMACEUTICAL INDUSTRY LIMITED, 5, ATILADE ADEBOWALE STREET, OFF DADDY SAVAGE ROAD, OFF IJU ROAD	14537852	info@orfema.com	ORFEMA PHARMACEUTICAL INDUSTRIES LTD, 5, ATILADE ADEBOWALE STREET, OFF DADDY SAVAGE ROAD, FAGBA IJU AGEGE LAGOS, Nigeria","Each tablet contains: Amlodipine Besylate equivalent to 10 mg Amlodipine
Excipients: Corn Starch, Lactose, Microcrystalline Cellulose, Magnesium Stearate, Talcum Powder, Polyvinylpyrollidone K-30 (PVP K-30),  Croscarmellose Sodium, Corn Starch (Dried), Sodium Lauryl Sulphate, Isopropyl Alcohol",Oral,C08CA01,https://admin.greenbook.nafdac.gov.ng/uploadImage/smpc_files/2024/01/02/20240102bd9134c4-c423-567c-b782-c0b303917c10.pdf,2023-12-21,2028-12-20,https://greenbook.nafdac.gov.ng/products/details/6603,2026-09-27T21:22:20.085187+00:00,406
greenbook,7121,Amplify 1000 mg Film Coated Tablets**,Amoxicillin (Amoxicillin Trihydrate); Clavulanic Acid (Potassium Clavulanate),Sai Sagar Pharma Limited,Drugs,Caplet,875 mg; 125 mg,2 x 7&#039;s (in Alu-Alu blisters),A4-100735,Active,"Film coated tablet.
White colored, caplet shaped, biconvex, film-coated tablet having plain surfaces on both sides.
The tablet should not be divided","Amoxicillin and Clavulanate Potassium Tablets USP 1000 mg.
Each film coated tablet contains: Amoxicillin USP (as Trihydrate) equiv. to Amoxicillin 875 mg, Clavulanate Potassium USP equiv. to Clavulanic Acid 125 mg",Oral,J01CR02,https://admin.greenbook.nafdac.gov.ng/uploadImage/smpc_files/2024/03/23/2024032308d86ade-4230-5a9d-b793-3ca9d62d1122.pdf,2024-02-28,2029-02-27,https://greenbook.nafdac.gov.ng/products/details/7121,2026-09-27T21:22:20.085187+00:00,407
greenbook,7122,Amplify 228.5 mg - Powder for Oral Suspension**,Amoxicillin (Amoxicillin Trihydrate); Clavulanic Acid (Potassium Clavulanate),Sai Sagar Pharma Limited,Drugs,Powder for suspension,200 mg/5 mL; 28.5 mg/5 mL,100 mL (in amber glass bottle),A4-100737,Active,"Powder for Oral Suspension (Dry Syrup).
A white to creamy granular powder filled in 100-mL amber coloured glass bottle, after reconstitution with water it gives creamy coloured homogeneous suspension with strawberry flavour.","Amoxicillin and Clavulanate Potassium for Oral Suspension USP 228.5 mg (5 mL).
After reconstitution, each 5 mL contains: Amoxicillin Trihydrate USP equiv. to Amoxicillin 200 mg, Clavulanate Potassium USP equiv. to Clavulanic Acid 28.5 mg",Oral,J01CR02,https://admin.greenbook.nafdac.gov.ng/uploadImage/smpc_files/2024/03/23/202403230328f083-5016-5688-890d-075ccf7451c0.pdf,2024-02-28,2029-02-27,https://greenbook.nafdac.gov.ng/products/details/7122,2026-09-27T21:22:20.085187+00:00,408
greenbook,7123,Amplify 625 mg Film Coated Tablets**,Amoxicillin (Amoxicillin Trihydrate); Clavulanic Acid (Potassium Clavulanate),Sai Sagar Pharma Limited,Drugs,Tablet,500 mg; 125 mg,2 x 7&#039;s (in Alu-Alu blisters),A4-100736,Active,"Film coated tablet.
White coloured, elongated shaped, biconvex, film-coated tablet having plain surface on both sides.
The tablet should not be divided","Amoxicillin and Clavulanate Potassium Tablets USP 625 mg.
Each film coated tablet contains: Amoxicillin USP (as Trihydrate) equiv. to Amoxicillin 500 mg, Clavulanate Potassium USP equiv. to Clavulanic Acid 125 mg",Oral,J01CR02,https://admin.greenbook.nafdac.gov.ng/uploadImage/smpc_files/2024/03/23/20240323a8067047-19af-5c36-a3d0-59ab5b09cef4.pdf,2024-02-28,2029-02-27,https://greenbook.nafdac.gov.ng/products/details/7123,2026-09-27T21:22:20.085187+00:00,409
greenbook,9771,Amyvil 25 Tablet_,Amitriptyline Hydrochloride,Zolon Healthcare Limited,Drugs,Tablet,25 mg,10 x 10&#039;s (in Alu PVC blisters),A4-5073,Inactive,"Film-coated tablets.
Circular, biconvex, pale yellow, film-coated tablets","Each tablet contains: Amitriptyline hydrochloride 25 mg

Excipient(s) with known effect: Contains Lactose monohydrate 44 mg",Oral,N06AA09,https://admin.greenbook.nafdac.gov.ng/uploadImage/smpc_files/2025/04/14/20250414969c42d0-3874-5a54-9c69-b2ac2276d0fd.pdf,2026-08-26,2031-08-26,https://greenbook.nafdac.gov.ng/products/details/9771,2026-09-27T21:22:20.085187+00:00,410
greenbook,8358,Anaglob Tablet**,Anastrozole,Uche St. Pharmaceutical Company Limited,Drugs,Tablet,1 mg,3 x 14&#039;s,C4-1788,Inactive,Tablet,Each tablet contains: Anastrozole USP 1 mg,Oral,,,2021-08-03,2026-08-02,https://greenbook.nafdac.gov.ng/products/details/8358,2026-09-27T21:22:20.085187+00:00,411
greenbook,12458,Analife Paracetamol 500mg $,Paracetamol,ANALIFE HEALTHCARE LTD,Drugs,Tablet,500mg,96 tablets,A11-101363,Active,"NF-PP-581675	Analife Paracetamol 500mg	PARACETAMOL 500MG	&quot;A11-101363	&quot;	Drugs	Nigerian Products	96tablets	28-06-2026	ANALIFE HEALTHCARE LTD, Plot 54/59 Umuokwomba Layout Agbogazi Nike, Enugu, Enugu State	Analife Healthcare Limited, Plot 54/59 Umuokwomba Layout Agbogazi Nike, Enugu, Enugu State
","Each tablet contains
Paracetamol 500 mg. 
Excipients   qs.",Oral,N02BE01,https://admin.greenbook.nafdac.gov.ng/uploadImage/smpc_files/2026/09/03/202609037f02c311-2054-52d9-a481-95672a0bcfee.pdf,2026-08-26,2031-08-25,https://greenbook.nafdac.gov.ng/products/details/12458,2026-09-27T21:22:20.085187+00:00,412
greenbook,4841,Anastrozole 1 mg Tablet**,Anastrozole,Novartis Nigeria Limited,Drugs,Tablet,1 mg,3 x 10&#039;s (in PVC-Alu blisters/HDPE containers), B4-8494,Active,"Film Coated Tablet
White, round and biconvex film coated tablet with embossment “A1” on one side","Each film coated tablet contains: Anastrozole 1 mg, Excipients q.s.
Excipient(s) with known effect: Lactose (as monohydrate) 62.49 mg, Sodium 0.47 mg",Oral,L02BG03,https://admin.greenbook.nafdac.gov.ng/uploadImage/smpc_files/2025/05/24/20250524b12af110-8f52-529a-a8cd-d7c36f546eaa.pdf,2023-07-27,2028-07-26,https://greenbook.nafdac.gov.ng/products/details/4841,2026-09-27T21:22:20.085187+00:00,413
greenbook,8371,Anate Powder**,Artesunate; Amodiaquine (Amodiaquine Hydrochloride),Arstra Pharma Ltd,Drugs,Granules,25 mg; 75 mg,2 x 3&#039;s (in sachets),04-9257,Inactive,Granules,"Amodiaquine and Artesunate Granules.
Each sachet contains Artesunate 25 mg.
Each sachet contains Amodiaquine base 75 mg",Oral,,https://admin.greenbook.nafdac.gov.ng/uploadImage/smpc_files/2024/11/01/20241101366a78d3-1d72-58f7-85a6-8ec114a1ce20.pdf,2021-08-26,2026-08-25,https://greenbook.nafdac.gov.ng/products/details/8371,2026-09-27T21:22:20.085187+00:00,414
greenbook,8395,Andermal 20/120 Tablets**,Artemether; Lumefantrine,Patbless Pharmaceutical Limited,Drugs,Tablet,20 mg; 120 mg,3 x 8&#039;s,A4-7969,Active,Tablet,"Each tablet contains: Artemether 20 mg,  Lumefantrine 120 mg",Oral,P01BF01,https://admin.greenbook.nafdac.gov.ng/uploadImage/smpc_files/2024/11/18/20241118363c6cb4-a0b6-5927-aae3-22787207af22.pdf,2024-09-25,2029-09-24,https://greenbook.nafdac.gov.ng/products/details/8395,2026-09-27T21:22:20.085187+00:00,415
greenbook,3033,Andlosan Granules for Suspension##,Sorbitol,Medrugs Limited,Drugs,Granules,5 g,,A11-1230,Inactive,Granules for Suspension,Andlosan Granules for Suspension contains: Sorbitol 5 g,Oral,A06AD18,,2020-12-21,2025-12-20,https://greenbook.nafdac.gov.ng/products/details/3033,2026-09-27T21:22:20.085187+00:00,416
greenbook,5906,Andralocain + AD Injection_,Lidocaine Hydrochloride,Amakin Pharmaceuticals Nigeria Limited,Drugs,Injection,20 mg,50 mL clear glass vial,A4-7806,Active,Solution for Injection,Each mL contains: Lidocaine Hydrochloride BP 20 mg and Adrenaline Bitartrate BP 0.0225 mg,Intramuscular,N01BB02,https://admin.greenbook.nafdac.gov.ng/uploadImage/smpc_files/2024/09/13/20240913d49e429d-e4d2-51c5-a639-5cdb87c523e0.pdf,2023-02-23,2028-02-22,https://greenbook.nafdac.gov.ng/products/details/5906,2026-09-27T21:22:20.085187+00:00,417
greenbook,8680,Andralocain Injection**,Lidocaine Hydrochloride,Amakin Pharmaceuticals Nigeria Limited,Drugs,Solution for injection,20 mg/mL,30 mL x 25&#039;s (in vials),A4-7502,Active,Solution for injection in 30-mL vial,Each mL solution contains: Lidocaine Hydrochloride BP 20 mg,Intramuscular,,,2021-09-28,2026-09-27,https://greenbook.nafdac.gov.ng/products/details/8680,2026-09-27T21:22:20.085187+00:00,418
greenbook,4369,Andralocain Injection_,Lidocaine Hydrochloride,Amakin Pharmaceuticals Nigeria Limited,Drugs,Injection,20 mg/mL,25 x 30 mL vials,A4-7502,Active,Solution for Injection.,"Each mL contains: Lidocaine Hydrochloride 20 mg
Excipients q.s.",Intravenous,N01BB02,,2022-10-22,2027-10-21,https://greenbook.nafdac.gov.ng/products/details/4369,2026-09-27T21:22:20.085187+00:00,419
greenbook,7124,Andro 1 mg Orally Disintegrating Tablet##,Risperidone,Sai Sagar Pharma Limited,Drugs,Tablet,1 mg,3 x 10&#039;s (in Alu-Alu blisters), A4-100711,Active,"Tablet
Orally disintegrating uncoated tablet

80	NF-PP-334119	ANDRO 1mg Orally Disintegrating Tablet	RISPERIDONE ORALLY DISINTEGRATING TABLETS USP 1MG	RISPERIDONE ORALLY DISINTEGRATING TABLETS USP 1MG, Betadex BP Mannitol BP Microcrystalline Cellulose BP Essential liquid of pipermint flavor IH Cross povidone BP Crosscarmelose sodium BP Neotame swetener USP-NF Magnesium stearate BP	A4-100711	Drugs	Imported Products	3x10s,AluAlu	Prescription Only Medicine (POM)	8/7/2023	SAI SAGAR PHARMA LTD, KAARA STREET, OFF OSOLO WAY, AJAO ESTATE, LAGOS ISOLO LAGOS	8023173150	saisagarltd@gmail.com	ENDURANCE HEALTHCARE PVT LTD, 816 &amp; 823, 8TH FLOOR, DEVPATH, B/h Lal BUNGALOW, OFF .C.G ROAD, AHMEDABAD-380 006, GUJARAT INDIA , India","Each tablet contains: Risperidone 1 mg
Excipients q.s.
",Oral,N05AX08,https://admin.greenbook.nafdac.gov.ng/uploadImage/smpc_files/2024/02/17/20240217f6755154-a14a-53ba-882c-af9602714354.pdf,2024-01-31,2029-01-30,https://greenbook.nafdac.gov.ng/products/details/7124,2026-09-27T21:22:20.085187+00:00,420
greenbook,7800,Androgel 16.2 mg/g (Testosterone Gel)**,Testosterone,Assene-Laborex Limited,Drugs,Gel,16.2 mg/g,88 g x 1&#039;s,C4-1623,Inactive,"Transparent or slightly opalescent, colourless gel.
Nature and contents of container: Multidose container (comprised of a polypropylene canister with an LOPE-lined pouch) and a metered-dose pump containing 88 g gel and delivering a minimum of 60 doses","Each gram of gel contains: Testosterone 16.2 mg.
Each pump actuation delivers 1.25 g gel containing 20.25 mg testosterone.

Excipients:
Carbomer 980, lsopropyl myristate, 96% ethanol, Sodium hydroxide, Purified water",Topical,,https://admin.greenbook.nafdac.gov.ng/uploadImage/smpc_files/2024/09/17/20240917aaedba96-4f0e-5fb4-87ca-f68c35b6eb60.pdf,2021-02-25,2026-02-24,https://greenbook.nafdac.gov.ng/products/details/7800,2026-09-27T21:22:20.085187+00:00,421
greenbook,7977,Aneeza Cream 30 g**,Clobetasol Propionate,Everdestiny Pharmaceutical Ltd,Drugs,Cream,0.05%,30 g,A4-100991,Active,Topical Cream,"Clobetasol Propionate 0.05% w/w, Cream base q.s.",Topical,D07AD01,https://admin.greenbook.nafdac.gov.ng/uploadImage/smpc_files/2024/11/27/20241127e196dec2-fd4e-5603-9233-beb30efda1f6.pdf,2024-08-28,2029-08-27,https://greenbook.nafdac.gov.ng/products/details/7977,2026-09-27T21:22:20.085187+00:00,422
greenbook,12173,Anferro Artemether Injection 80 mg_,Artemether,Nando Pharmacy Limited,Drugs,Injection,80 mg,6 x 1 mL (in ampoules),A4-101589,Active,Oily Solution for Injection,"Each mL contains: Artemether 80 mg
Excipient q.s.",Intravenous,P01BE02,https://admin.greenbook.nafdac.gov.ng/uploadImage/smpc_files/2025/12/12/2025121223d09a94-fca7-5386-8282-091314fdf64a.pdf,2025-10-29,2030-10-28,https://greenbook.nafdac.gov.ng/products/details/12173,2026-09-27T21:22:20.085187+00:00,423
greenbook,9865,Angitel 40 Tablets##,Telmisartan,Zifam Pinnacle Nig Ltd,Drugs,Tablet,40 mg,3 x 10&#039;s (in Alu-Alu blisters),B4-9718,Active,"Uncoated Tablets

ANGITEL 40 TABLETS	TELMISARTAN USP 40MG	Telmisartan USP 40MG (EXCIPIENTS: Mannitol 45mg, Meglumine 32mg, Iso Propyl Alcohol 85mg, Kyron (T-314) 19mg, Microcrystalline cellulose (pH 102) 13mg, Colloidal anhydrous silica 2mg, Croscarmellose sodium 10mg, Purified talc 2mg, Sodium stearyl fumarate 4mg)	B4-9718	Drugs	VARIOUS	Imported Products	3X10TABLETS	POM 1	08/04/2024	ZIFAM PINNACLE NIGERIA LTD, ILUPEJU BYPASS BESIDE FIRST BANK ILUPEJU MUSHIN LAGOS	1867188	zifamnigeria@gmail.com	FREDUN PHARMACEUTICALS LTD., 14, 15, 16, ZORABIAN INDUSTRIAL COMPLEX, VILLAGE VEOOR, PALGHAR, DIST. THANE 401404. INDIA., India","Each uncoated tablet contains: Telmisartan USP 40 mg
Excipients q.s.",Oral,C09CA07,https://admin.greenbook.nafdac.gov.ng/uploadImage/smpc_files/2025/05/20/20250520e3a8e5f3-f3b0-55ec-89db-d0783900996b.pdf,2025-01-30,2030-01-29,https://greenbook.nafdac.gov.ng/products/details/9865,2026-09-27T21:22:20.085187+00:00,424
greenbook,11407,Angitel 80 Tablets_,Telmisartan,Zifam Pinnacle Nig Ltd,Drugs,Tablet,80 mg,3 x 10&#039;s (in Alu-Alu blisters),B4-9572,Active,"Uncoated Tablet
","Each tablet contains: Telmisartan USP 80 mg
Excipients q.s.",Oral,C09CA07,https://admin.greenbook.nafdac.gov.ng/uploadImage/smpc_files/2025/08/21/2025082127624744-ebd0-501b-b713-86c1237a56c4.pdf,2025-07-30,2030-07-29,https://greenbook.nafdac.gov.ng/products/details/11407,2026-09-27T21:22:20.085187+00:00,425
greenbook,4698,Angizaar H Tablets**,Losartan Potassium; Hydrochlorothiazide,Micro Nova Pharmaceuticals Ind Ltd,Drugs,Tablet,50 mg; 12.5 mg,3 x 10&#039;s (in Alu-Alu blisters),A4-5839,Active,"Film-coated tablets.
Orange coloured, circular, bi-convex, film-coated tablets with &#039;MICRO&#039; engraved on both the sides","Losartan and Hydrochlorothiazide 50/12.5 mg
Each film-coated tablet contains: Losartan Potassium USP 50 mg, Hydrochlorothiazide USP 12.5 mg",Oral,C09DA01,https://admin.greenbook.nafdac.gov.ng/uploadImage/smpc_files/2023/08/23/202308233132c703-d320-5b8b-b41e-58eec8c95264.pdf,2023-07-06,2028-07-05,https://greenbook.nafdac.gov.ng/products/details/4698,2026-09-27T21:22:20.085187+00:00,426
greenbook,7814,Angizaar-25 Tablets**,Losartan Potassium,Micro Nova Pharmaceuticals Ind Ltd,Drugs,Tablet,25 mg,3 x 10&#039;s (in Alu-Alu blisters),A4-4214,Inactive,"Film-coated tablet.
Reddish pink colored, circular, biconvex film coated tablets with MICRO engraved on one side and breakline on other side.
Breakline is to facilitate breaking for ease of swallowing and not for dividing into equal doses","Losartan Potassium Tablets 25 mg.
Each film-coated tablet contains: Losartan Potassium USP 25 mg.

Excipient(s) with known effect:
Each tablet contains: Lactose monohydrate 53.492 mg",Oral,,https://admin.greenbook.nafdac.gov.ng/uploadImage/smpc_files/2024/09/19/20240919dfc7e054-971b-5354-b931-311022555bad.pdf,2021-02-25,2026-02-24,https://greenbook.nafdac.gov.ng/products/details/7814,2026-09-27T21:22:20.085187+00:00,427
greenbook,7815,Angizaar-50 Tablets**,Losartan Potassium,Micro Nova Pharmaceuticals Ind Ltd,Drugs,Tablet,50 mg,3 x 10&#039;s (in Alu-Alu blisters),A4-4215,Inactive,"Film-coated tablet.
Bluish green coloured, circular, biconvex film-coated tablets with MICRO engraved on one side and breakline on other side.
Breakline is to facilitate breaking for ease of swallowing and not for dividing into equal doses","Losartan Potassium Tablets 50 mg.
Each film-coated tablet contains: Losartan Potassium 50 mg.

Excipient(s) with known effect:
Each tablet contains: Lactose monohydrate 51.015 mg",Oral,,https://admin.greenbook.nafdac.gov.ng/uploadImage/smpc_files/2024/09/19/2024091947df0674-f116-51e3-bfa8-02bac1b96bbc.pdf,2021-02-25,2026-02-24,https://greenbook.nafdac.gov.ng/products/details/7815,2026-09-27T21:22:20.085187+00:00,428
greenbook,12392,Animotil Tablets_,Loperamide Hydrochloride,Anisun Pharmaceutical Company Limited,Drugs,Tablet,2 mg,10 x 10&#039;s (in Alu-PVC blisters),A4-7602,Active,"Tablet.
White, round-shaped, flat, uncoated tablet, plain on one side and break line on the other side","Each tablet contains: Loperamide Hydrochloride 2 mg
Excipients q.s.",Oral,A07DA03,https://admin.greenbook.nafdac.gov.ng/uploadImage/smpc_files/2025/12/23/202512234ecca656-71de-5e0f-bb7e-5a8fa18ce9a3.pdf,2025-11-26,2030-11-25,https://greenbook.nafdac.gov.ng/products/details/12392,2026-09-27T21:22:20.085187+00:00,429
greenbook,11094,Anisun Dexamethasone Tablets 0.5 mg_,Dexamethasone,Anisun Pharmaceutical Company Limited,Drugs,Tablet,0.5 mg,1 x 100&#039;s (in amber glass bottle),04-8422,Active,"Tablets for Oral Use.
White-colored, round-shaped, biconvex, uncoated tablet plain on both sides","Each uncoated tablet contains: Dexamethasone BP 0.5 mg

Excipients with known effect: Lactose Monohydrate, Sodium Lauryl Sulfate
Excipients q.s.",Oral,H02AB02,https://admin.greenbook.nafdac.gov.ng/uploadImage/smpc_files/2025/05/16/2025051650ee93c8-14f9-5fde-961d-0fda708b1a24.pdf,2025-04-30,2030-04-29,https://greenbook.nafdac.gov.ng/products/details/11094,2026-09-27T21:22:20.085187+00:00,430
greenbook,11105,Anivega 100 Tablets_,Sildenafil (Sildenafil Citrate),Anisun Pharmaceutical Company Limited,Drugs,Tablet,100 mg,1 × 4&#039;s (Alu-PVC blister),B4-0660,Active,"Film-Coated Tablet.
Blue-colored, diamond-shaped, bi-convex, film-coated tablet embossing &quot;100&quot; on one side and plain on the other side","Each tablet contains: Sildenafil Citrate BP equiv. to Sildenafil Base 100 mg
Excipients with known effect: Lactose Monohydrate
Excipients q.s.",Oral,G04BE03,https://admin.greenbook.nafdac.gov.ng/uploadImage/smpc_files/2025/05/16/20250516299431e8-aefc-50cf-80a7-8b94293ab393.pdf,2025-04-30,2030-04-29,https://greenbook.nafdac.gov.ng/products/details/11105,2026-09-27T21:22:20.085187+00:00,431
greenbook,11563,Anleoson Benzhexol 5 mg Tablets**,Trihexyphenidyl Hydrochloride (Benzhexol Hydrochloride),Anleoson Pharmaceutical Limited,Drugs,Tablet,5 mg,1 x 500&#039;s,A4-101476,Active,Uncoated Tablets,"Each uncoated tablet contain contains: Benzhexol Hydrochloride BP 5 mg, Excipients q.s.",Oral,N04AA01,https://admin.greenbook.nafdac.gov.ng/uploadImage/smpc_files/2025/10/24/20251024b4a9d073-d004-5ea1-ad28-9a5d0647cefa.pdf,2025-08-27,2030-08-26,https://greenbook.nafdac.gov.ng/products/details/11563,2026-09-27T21:22:20.085187+00:00,432
greenbook,6631,Annclox Neonatal Drop_,Ampicillin (Ampicillin Trihydrate); Cloxacillin (Cloxacillin Sodium),Annie Pharma Limited,Drugs,Drops,60 mg; 30 mg,20 mL (in amber glass bottle),A11-0772,Active,"Powder for Oral Suspension.
A white powder filled in a glass bottle which turns yellow on reconstitution","Each 0.6 mL contains: Ampicillin as Ampicillin Trihydrate BP 60 mg, and Cloxacillin as Cloxacillin Sodium BP 30 mg
Excipients q.s.",Oral,J01CR01,https://admin.greenbook.nafdac.gov.ng/uploadImage/smpc_files/2024/01/02/2024010262c1cc29-1bd2-5b43-bea8-56e4b97a806b.pdf,2023-12-21,2028-12-20,https://greenbook.nafdac.gov.ng/products/details/6631,2026-09-27T21:22:20.085187+00:00,433
greenbook,6488,Annclox Powder for Suspension##,Ampicillin (Ampicillin Trihydrate); Cloxacillin (Cloxacillin Sodium),Annie Pharma Limited,Drugs,Suspension,125 mg/5 mL; 125 mg/5 mL,1 x 100 mL (in HDPE bottle),A11-0418,Active,"Powder for Oral Suspension
A white powder filled in HDPE bottle which turns yellow suspension on reconstitution

ANNCLOX POWDER FOR SUSPENSION	AMPICILLIN &amp; CLOXACILLIN	Ampicillin Trihydrate BP ….125mg Cloxacillin Sodium BP….125mg	A11-0418	Drugs	ANTIINFECTIVES FOR SYSTEMIC USE	Nigerian Products	100 ml	Prescription Only Medicine (POM)	18/07/2022	ANNIE PHARMA LIMITED, ABIMBOLA WAY, ISOLO IND. EST. ISOLO LAGOS	8075093773	sptanniepharma@gmail.com	JAWA INTERNATIONAL LIMITED, JAWA HOUSE, PLOT 6 ABIMBOLA WAY,ISOLO INDUSTRIAL ESTATE,ISOLO,LAGOS., JAWA INTERNATIONAL LIMITED, JAWA HOUSE, PLOT 6 ABIMBOLA WAY,ISOLO INDUSTRIAL ESTATE,ISOLO,LAGOS., Nigeria","Each 5 mL contains: Ampicillin as Ampicillin Trihydrate BP 125 mg and Cloxacillin as Cloxacillin Sodium BP 125 mg
Excipients: Aerosil 200, Citric Acid, Methyl Paraben, Propyl Paraben, Sodium Citrate, Sodium CMC (MVP), Sugar Pharmagrade, Color Tartrazine Supra, Dry Flavor Peppermint",Oral,J01CR01,https://admin.greenbook.nafdac.gov.ng/uploadImage/smpc_files/2023/12/14/20231214048daaff-2ee2-532c-953c-62112ae3757a.pdf,2023-11-30,2028-11-29,https://greenbook.nafdac.gov.ng/products/details/6488,2026-09-27T21:22:20.085187+00:00,434
greenbook,7744,Annmer 500 mg Powder for Injection**,Meropenem (Meropenem Trihydrate),Annie Pharma Limited,Drugs,Powder for solution for injection/infusion,500 mg,1 x 1&#039;s (in glass vial) + Solvent 10 mL WFI (in ampoule),B4-9222,Inactive,Powder for Solution for Injection or Infusion in a vial,"Meropenem for injection USP 500 mg.
Each vial contains: Meropenem (as Trihydrate) USP equiv. to Meropenem (Anhydrous) 500 mg, Sodium Carbonate USP equiv. to Sodium 45.1 mg.
Supplied with Sterilized Water for Injection BP 10 mL in ampoule",Intravenous,J01DH02,https://admin.greenbook.nafdac.gov.ng/uploadImage/smpc_files/2024/08/07/2024080761d6669b-aadc-5af7-8d6a-16ed7dbfbbc4.pdf,2021-03-29,2026-03-28,https://greenbook.nafdac.gov.ng/products/details/7744,2026-09-27T21:22:20.085187+00:00,435
greenbook,6680,Annmox Drops**,Amoxicillin (Amoxicillin Trihydrate),Annie Pharma Limited,Drugs,Suspension/Drops,100 mg/mL,20 mL (in amber glass bottle),A11-0773,Active,"Powder for oral Suspension.
A white powder filled in a glass bottle which turns yellow on reconstitution, packed in a 20-mL Amber glass bottle","Amoxicillin for oral suspension 100 mg/mL.
Each mL of reconstituted suspension contains: Amoxicillin Trihydrate BP equiv. to anhydrous Amoxicillin 100 mg",Oral,J01CA04,https://admin.greenbook.nafdac.gov.ng/uploadImage/smpc_files/2024/01/02/202401021f2e585a-1912-563a-bcce-c9eddd26b124.pdf,2023-12-21,2028-12-20,https://greenbook.nafdac.gov.ng/products/details/6680,2026-09-27T21:22:20.085187+00:00,436
greenbook,6681,Annmox Powder for Oral Suspension**,Amoxicillin (Amoxicillin Trihydrate),Annie Pharma Limited,Drugs,Powder for suspension,125 mg/5 mL,100 mL (in HDPE white bottle),A11-0329,Active,"Powder for oral Suspension.
A white powder filled in HDPE bottle which turns yellow suspension on reconstitution","Amoxicillin Powder for Oral Suspension 125 mg/5 mL.
Each 5 mL reconstituted suspension contains: Amoxicillin Trihydrate BP equiv. to anhydrous Amoxicillin 125 mg",Oral,J01CA04,https://admin.greenbook.nafdac.gov.ng/uploadImage/smpc_files/2024/01/02/20240102bf436936-0778-51e4-8694-4fdac01d898d.pdf,2023-12-21,2028-12-20,https://greenbook.nafdac.gov.ng/products/details/6681,2026-09-27T21:22:20.085187+00:00,437
greenbook,7125,Anntifaa 20/120 Tablet**,Artemether; Lumefantrine,PartOne Pharmaceuticals Limited,Drugs,Tablet,20 mg; 120 mg,1 x 24&#039;s (in Alu-PVC blister),B4-6534,Active,"Uncoated tablet.
Yellow coloured circular, biconvex uncoated tablets having breakline on one side and plain on other side of each tablet","Artemether 20 mg and Lumefantrine 120 mg Tablets.
Each uncoated tablet contains: Artemether 20 mg, Lumefantrine 120 mg, Excipients q.s.",Oral,P01BF01,https://admin.greenbook.nafdac.gov.ng/uploadImage/smpc_files/2024/03/26/20240326fedf5f1b-48b6-57c3-b6e7-8c5414e26a90.pdf,2024-02-28,2029-02-27,https://greenbook.nafdac.gov.ng/products/details/7125,2026-09-27T21:22:20.085187+00:00,438
greenbook,7126,Anntifaa Forte Tablets**,Artemether; Lumefantrine,PartOne Pharmaceuticals Limited,Drugs,Tablet,80 mg; 480 mg,1 x 6&#039;s (in Alu/PVC blister),B4-6535,Active,"Film coated tablet.
Yellow coloured, circular, biconvex, film coated tablets having embossed &#039;AF&#039; on one side &amp; breakline on other side","Artemether 80 mg and Lumefantrine 480 mg Tablets.
Each film coated tablet contains: Artemether 80 mg, Lumefantrine 480 mg, Excipients q.s.",Oral,P01BF01,https://admin.greenbook.nafdac.gov.ng/uploadImage/smpc_files/2024/03/24/20240324bbba1d64-fbb4-58e0-8bd2-745c08d84ade.pdf,2024-02-28,2029-02-27,https://greenbook.nafdac.gov.ng/products/details/7126,2026-09-27T21:22:20.085187+00:00,439
greenbook,12059,Annvan Propofol Injection 10 mg**,Propofol,Annie Pharma Limited,Drugs,Emulsion for injection/infusion,10 mg/mL,1 x 20 mL,A4-101614,Active,"Emulsion for Injection or Infusion
A milky white aqueous isotonic oil-in-water emulsion","Each mL contains: Propofol BP 10 mg, Water for Injection BP q.s.",Intravenous,N01AX10,https://admin.greenbook.nafdac.gov.ng/uploadImage/smpc_files/2025/12/02/202512023bbeab58-c221-5ced-ba33-d021580e9876.pdf,2025-10-29,2030-10-28,https://greenbook.nafdac.gov.ng/products/details/12059,2026-09-27T21:22:20.085187+00:00,440
greenbook,7816,Annxone Powder for Injection**,Ceftriaxone (Ceftriaxone Sodium),Annie Pharma Limited,Drugs,Powder for injection,1 g,1 g x 1&#039;s (in vial) + 10 mL SWFI (in ampoule),B4-9246,Inactive,Powder for solution for injection in a vial plus sterile Water for Injection as diluent in ampoule,"Ceftriaxone for Injection USP 1000 mg.
Each vial contains: Sterile Ceftriaxone Sodium USP equivalent to Ceftriaxone anhydrous 1000 mg.
Supplied with an ampoule of 10 mL sterile Water for Injection BP",Intravenous; Intramuscular,J01DD04,https://admin.greenbook.nafdac.gov.ng/uploadImage/smpc_files/2024/09/19/20240919ebf30d72-b062-5a38-bc12-1fd4313356e8.pdf,2021-02-25,2026-02-24,https://greenbook.nafdac.gov.ng/products/details/7816,2026-09-27T21:22:20.085187+00:00,441
greenbook,7821,Annxone-S Powder for Injection**,Ceftriaxone (Ceftriaxone Sodium); Sulbactam (Sulbactam Sodium),Annie Pharma Limited,Drugs,Powder for injection,1000 mg; 500 mg,1.5 g x 1&#039;s (in vial) + 10 mL SWFI (in ampoule),B4-9247,Inactive,Powder for Solution for Injection in a vial,"Each vial contains: Ceftriaxone Sodium USP equiv. to Ceftriaxone 1000 mg, Sulbactam Sodium USP 500 mg",Intravenous; Intramuscular,J01DD63,https://admin.greenbook.nafdac.gov.ng/uploadImage/smpc_files/2024/11/17/2024111765c6931f-4f88-5ad2-a8d2-8a7654e28c91.pdf,2021-02-25,2026-02-24,https://greenbook.nafdac.gov.ng/products/details/7821,2026-09-27T21:22:20.085187+00:00,442
greenbook,12393,Annymoxifen Tablet 20 mg_,Tamoxifen (Tamoxifen Citrate),AnnyGod Pharmaceutical Company Ltd,Drugs,Tablet,20 mg,3 x 10&#039;s (in Alu-PVC blisters),B4-0426,Active,"Tablet.
White to off-white colored, circular, biconvex, un-coated tablets with scoring and &quot;20&quot; embossed on one side and plain on other side","Each tablet contains: Tamoxifen Citrate BP equiv. to Tamoxifen base 20 mg
Excipients q.s.",Oral,L02BA01,https://admin.greenbook.nafdac.gov.ng/uploadImage/smpc_files/2025/12/23/2025122307cb4627-bd5e-5dbc-896c-44c2caa828aa.pdf,2025-11-26,2030-11-25,https://greenbook.nafdac.gov.ng/products/details/12393,2026-09-27T21:22:20.085187+00:00,443
greenbook,11368,Anomex Ointment**,Hydrocortisone Acetate; Lidocaine; Zinc Oxide; Allantoin,Greenlife Pharmaceutical Limited,Drugs,Ointment,0.25%; 3.0%; 5.0%; 0.5%,1 x 30 g (in lami tube),C4-0520,Active,"Topical Ointment.
A white to off white opaque ointment","Hydrocortisone Acetate BP 0.25% w/w, Lidocaine USP 3.0%w/w, Zinc Oxide USP 5.0% w/w, Allantoin BP 0.5% w/w

Excipients: Microcrystalline Wax, Light Liquid Paraffin, White Soft Paraffin",Topical,C05AA01,https://admin.greenbook.nafdac.gov.ng/uploadImage/smpc_files/2025/06/24/20250624f8633bc0-f075-55ac-a55b-0b5b27432b52.pdf,2025-05-27,2030-05-26,https://greenbook.nafdac.gov.ng/products/details/11368,2026-09-27T21:22:20.085187+00:00,444
greenbook,4704,Anorol Tablet##,Orphenadrine Citrate; Paracetamol,Phamatex Nigeria Limited,Drugs,Tablet,35 mg; 450 mg,10 x 10&#039;s (in PVC-Alu blisters),04-1471,Active,"Tablet
Round, white uncoated tablet, bevel-edged, flat faces, &quot;HD&quot; embossed and scored on the same face

60	RNW-PP-112438	Anorol Tablet	PARACETAMOL 450MG; ORPHENADRINE CITRATE 35MG	Orphenadrine citrate 35mg, Paracetamol 450mg, PVP K-25, Sodium Starch Glycollate, Talc	04-1471	Drugs	Imported Products	10*10	Prescription Only Medicine (POM)	1/14/2020	PHAMATEX NIGERIA LIMITED, 1, CRYSTAL GLASS CLOSE, AMUWO-ODOFIN	1470193	pharmiyke72@yahoo.co.uk	Hovid Bhd., Hovid BHD. 121, Jalan Tunk Abdul Rahman, 30010, Ipoh, Perak, Malaysia, Malaysia","Each tablet contains: Orphenadrine  Citrate 35 mg, Paracetamol 450 mg
Excipients q.s.",Oral,M03BC51,https://admin.greenbook.nafdac.gov.ng/uploadImage/smpc_files/2023/08/23/2023082384cfe8c3-b9f6-57ce-9a8d-e2c460e35bda.pdf,2023-07-06,2028-07-05,https://greenbook.nafdac.gov.ng/products/details/4704,2026-09-27T21:22:20.085187+00:00,445
greenbook,4706,Antalgex T Capsules**,Tramadol Hydrochloride; Paracetamol,Expharlab Limited,Drugs,Capsule,37.5 mg; 325 mg,2 x 10&#039;s (in PVC-Alu blisters),B4-6808,Active,Capsule,"Each capsule contains: Tramadol Hydrochloride 37.5 mg and Paracetamol 325 mg

Excipients:
- Capsule: Dibasic Calcium Phosphate, Magnesium Stearate
- Capsule shell: Gelatine, Titanium Dioxide (E171)",Oral,N02AJ13,https://admin.greenbook.nafdac.gov.ng/uploadImage/smpc_files/2023/10/02/20231002f8f658d3-42f3-57a1-b773-9183e56acc8d.pdf,2023-07-06,2028-07-05,https://greenbook.nafdac.gov.ng/products/details/4706,2026-09-27T21:22:20.085187+00:00,446
greenbook,8857,Antezin Elixir**,Piperazine,SKG - Pharma Ltd,Drugs,Syrup,750 mg/5 mL,30 mL, 04-2529,Inactive,"Oral Liquid.
Clear, orange coloured syrup for oral administration",Each 5 mL syrup contains: Piperazine hydrate 750 mg,Oral,P02CB01,https://admin.greenbook.nafdac.gov.ng/uploadImage/smpc_files/2025/01/22/20250122062f6f42-ec9c-54c9-a4dd-bce510060183.pdf,2021-01-28,2026-01-27,https://greenbook.nafdac.gov.ng/products/details/8857,2026-09-27T21:22:20.085187+00:00,447
greenbook,5440,Anudol Suppositories## (check active ingredients),Zinc Oxide; Bismuth Subgallate; Balsam Peru; Bismuth Oxide; Hard Fat Qs,Daily-Need Industries Limited,Drugs,Suppository,296 mg; 59 mg; 49 mg; 24 mg,1 x 12&#039;s (in strips),A11-100196,Active,"Suppository
White or off-white glossy, bullet shaped suppository

874	Anudol	A11-100196	Anudol Suppositories	Zinc Oxide Bismuth Subgallate Balsam Peru Bismuth Oxide Hard Fat Qs	Dermatological Agents	Rectal Route	296 mg, 59 mg, 49 mg, 24 mg	Suppository	Over The Counter (Otc)	Daily Need Ind. Ltd	Daily-Need Industries Limited	Nigeria	2021-09-28	2026-09-27","Each suppository contains: Zinc Oxide 296 mg, Bismuth Subgallate 59 mg, Balsam Peru 49 mg, Bismuth Oxide 24 mg
Excipients q.s.",Rectal,C05AX02,https://admin.greenbook.nafdac.gov.ng/uploadImage/smpc_files/2025/01/15/202501150674fb89-9a6b-5477-bcd9-7b568959a772.pdf,2021-09-28,2026-09-27,https://greenbook.nafdac.gov.ng/products/details/5440,2026-09-27T21:22:20.085187+00:00,448
greenbook,11106,Anuheal Cream_,Beclomethasone Dipropionate; Phenylephrine Hydrochloride; Lignocaine Hydrochloride,Freshborn Industries Ltd,Drugs,Cream,0.025%; 0.1%; 2.5%,1 x 10 x 30 g (in Lamitubes),A4-101258,Active,Cream,"Each gram contains: Beclomethasone Disproportionate 0.025% w/w, Phenylephrine Hydrochloride 0.10% w/w, Lignocaine Hydrochloride 2.50% w/w, and Chlorocresol 0.1% w/w (as preservative)
Excipients q.s.
Cream base q.s.",Topical,D07AC15,https://admin.greenbook.nafdac.gov.ng/uploadImage/smpc_files/2025/05/23/202505238999fa8e-23e4-5914-af69-c007e69d43aa.pdf,2025-04-30,2030-04-29,https://greenbook.nafdac.gov.ng/products/details/11106,2026-09-27T21:22:20.085187+00:00,449
greenbook,12434,ANYI-TEX TELMISARTAN 40MG TABLETS $,Telmisartan,Anyi-Tex Pharmaceuticals Limited,Drugs,Tablet,40mg,2x14s,C4-1226,Active,"TELMISARTAN 40MG  TABLETS	TELMISARTAN 40MG  TABLETS	&quot;EACH UNCOATED TABLET CONTAINS
TELMISARTAN BP 40 MG
EXCIPIENTS Q.S&quot;	C4-1226	Drugs	Imported Product	2*14s	13-10-2025	ANYI-TEX PHARMACEUTICALS LIMITED, NO,30 G.M.O EAST NIGER LAYOUT, ONITSHA ANAMBRA STATE, NIGERIA 	09066116994	anyitexpharm@gmail.com	SWISS PHARMA PVT.LTD, 3709,G.I.D.C,PHASE IV,VATVA,AHMEDABAD - 382 445 GUJARAT,INDIA
","Each uncoated tablet contains: Telmisartan USP 40 mg  
Excipients Q.S",Oral,C09CA07 ,https://admin.greenbook.nafdac.gov.ng/uploadImage/smpc_files/2026/06/21/20260621a092175e-c041-5d7a-b687-235031d39ef0.pdf,2026-03-31,2031-03-30,https://greenbook.nafdac.gov.ng/products/details/12434,2026-09-27T21:22:20.085187+00:00,450
greenbook,4370,Anytidine Injection##,Ranitidine (Ranitidine Hydrochloride),Amakin Pharmaceuticals Nigeria Limited,Drugs,Injection,50 mg/2 mL,5 x 2 mL (in amber glass ampoules),A4-6769,Active,"Liquid Injection

Anyitidine Injection	A4-6769	Anyitidine	RANITIDINE BP 50MG/2ML	DRUG	ANTIULCER	RANITIDINE BP 50MG/2ML	INJECTION	5 X 2ML	PRESCRIPTION ONLY MEDICINE	TREATMENT OF GASTRIC AND DEODENAL ULCER	AMAKIN NIG. LTD	NIGERIA	PHARMAX INDIA PVT. LIMITED	INDIA.	10/22/2022	21/10/2027","Each 2 mL contains: Ranitidine Hydrochloride BP equivalent to Ranitidine
Excipients q.s.
",Intravenous,A02BA02,https://admin.greenbook.nafdac.gov.ng/uploadImage/smpc_files/2023/05/28/20230528607dfe84-b29b-5766-a401-6224551f8f1d.pdf,2022-10-22,2027-10-21,https://greenbook.nafdac.gov.ng/products/details/4370,2026-09-27T21:22:20.085187+00:00,451
greenbook,6698,APC Plus Tablets##,Acetylsalicylic Acid; Paracetamol; Caffeine,Orange Drug Ltd,Drugs,Tablet,250 mg; 250 mg; 30 mg,2 x 10&#039;s (in PVC-Alu blisters),04-5670,Active,"Capsule

153	RNW-PP-150136	APC PLUS TABLETS	ACETYLSALICYLIC ACID 250MG, PARACETAMOL 250MG, CAFFEINE 30MG	Paracetamol (USP, BP) 250 mg Caffeine (Guaranine) anhydrate (FI, USP) 30.0 mg Acetylsalicylic Acid (BP) 	Apr-70	Drugs	Imported Products	2X10	Over The Counter (OTC)	8/13/2020	ORANGE DRUG LTD, TOWN PLANNING WAY ILUPEJU LAGOS LAGOS	0	joncopharm@gmail.com	PT. TEMPO SCAN PACIFIC TBK","Each tablet contains: Acetylsalicylic Acid 250 mg, Paracetamol 250 mg, Caffeine 30 mg
Excipients q.s.",Oral,N02BA51,https://admin.greenbook.nafdac.gov.ng/uploadImage/smpc_files/2024/09/18/20240918dc025835-bd03-53de-bca4-fecd5862bf6c.pdf,2023-12-21,2028-12-20,https://greenbook.nafdac.gov.ng/products/details/6698,2026-09-27T21:22:20.085187+00:00,452
greenbook,5513,Apetadine Syrup##,Cyproheptadine Hydrochloride,Peace Standard Pharmaceutical Industries Limited,Drugs,Syrup,5 mg,,A11-1226,Inactive,"Syrup

Apetadine Syrup	A11-1226	Cyproheptadine HCl+Lysine HCl+Nicotinamide+Thiamine HCl+Riboflavin+Pyridoxine+Cyanocobalamine+Dexpanthenol	Nutritional Supplement	Oral	5  mg	Syrup	Over The Counter (Otc)	Peace Standard Pharmaceutical Ind Ltd	Peace Standard Pharm Ind Ltd	Nigeria	2020-12-21	2025-12-20",Apetadine Syrup contains: Cyproheptadine Hydrochloride 5 mg,Oral,R06AX02,,2020-12-21,2025-12-20,https://greenbook.nafdac.gov.ng/products/details/5513,2026-09-27T21:22:20.085187+00:00,453
greenbook,4385,Apetafast Tablets##,Cyproheptadine; Vitamins,JSP Pharma Company Nigeria Limited,Drugs,Tablet,Pending,,C4-1390,Inactive,Tablet,"Each tablet contains: Cyproheptadine HCl 2 mg, Vitamin A 2500 IU, Vitamin B1 2 mg, Cyanocobalamin 1 mcg, Vitamin D 200 IU, Nicotinamide, Calcium Pantothenate 25 mg, Calcium Lactate 5 mg",Oral,R06AX02,,2020-12-21,2025-12-20,https://greenbook.nafdac.gov.ng/products/details/4385,2026-09-27T21:22:20.085187+00:00,454
greenbook,7978,Aphamoral Tablet**,Trypsin; Chymotrypsin,Aphantee Pharma Nigeria Ltd,Drugs,Tablet,"50,000 units (6:1)",3 x 10&#039;s,A4-9759,Inactive,Tablet,"Each tablet contains: Trypsin-Chymotrypsin (6:1 Approx.) equiv. to 50,000 armour units of proteolytic enzyme activity",Oral,M09AB52,https://admin.greenbook.nafdac.gov.ng/uploadImage/smpc_files/2025/05/06/20250506d086f7ee-c36f-5483-a0ec-87467977fc4f.pdf,2021-08-03,2026-08-02,https://greenbook.nafdac.gov.ng/products/details/7978,2026-09-27T21:22:20.085187+00:00,455
greenbook,12174,Aphantee Alpha Beta Arteether 150 mg Injection_,α-β Arteether,Aphantee Pharma Nigeria Ltd,Drugs,Injection,150 mg,3 x 2 mL (in glass ampoules),A4-101590,Active,"Injection.
Clear, colorless to yellowish liquid","Each 2 mL contains: α-β Arteether 150 mg

Excipients: Arachis Oil 1.747 g, Butylated Hydroxyanisole 0.400 mg",Intravenous; Intramuscular,P01BE,https://admin.greenbook.nafdac.gov.ng/uploadImage/smpc_files/2025/12/12/20251212475b4055-c64c-53d3-b15b-7feb6fddaee1.pdf,2025-10-29,2030-10-28,https://greenbook.nafdac.gov.ng/products/details/12174,2026-09-27T21:22:20.085187+00:00,456
greenbook,7798,Aphantee Aminophylline Tablet**,Aminophylline,Aphantee Pharma Nigeria Ltd,Drugs,Tablet,100 mg,1 x 1000&#039;s (in Amber coloured HDPE PET bottle),C4-1657,Inactive,"Pale yellow, round uncoated tablet with the AMINO embossed logo on one side and BREAKLINE on the other side",Each tablet contains: Aminophylline (as Anhydrous) BP 100 mg,Oral,,https://admin.greenbook.nafdac.gov.ng/uploadImage/smpc_files/2024/07/24/2024072450ff71e8-13df-54a7-abc9-80a7c88e7d8f.pdf,2021-03-29,2026-03-28,https://greenbook.nafdac.gov.ng/products/details/7798,2026-09-27T21:22:20.085187+00:00,457
greenbook,4372,Aphantee Aminophylline Tablets##,Aminophylline,Aphantee Pharma Nigeria Ltd,Drugs,Tablet,100 mg,1 x 1000&#039;s (in PET bottle),C4-1512,Inactive,"Tablet
Aminophylline tablets mg are pale yellow, round un coated tablets with &quot;Amino&quot; embossed logo on one side and a break line on the other side

Aphantee Aminophylline Tablets	C4-1512	Aminophylline	Bronchodilator	Oral	100  mg	Tablet	Prescription Only Medicine (Pom)	Aphantee Pharm Nig Ltd	Mancare Pharmaceuticals Pvt Ltd	India	2020-12-21	2025-12-20
","Each tablet contains: Aminophylline 100 mg
Excipients q.s.",Oral,R03DA05,https://admin.greenbook.nafdac.gov.ng/uploadImage/smpc_files/2023/05/27/20230527344360d5-fcac-54ac-be14-541eeeda1ea2.pdf,2020-12-21,2025-12-20,https://greenbook.nafdac.gov.ng/products/details/4372,2026-09-27T21:22:20.085187+00:00,458
greenbook,7799,Aphantee Dexamethasone Tablets**,Dexamethasone,Aphantee Pharma Nigeria Ltd,Drugs,Tablet,0.5 mg,1 x 100&#039;s (in amber coloured Tubular glass vial), A4-8383,Inactive,"White, circular, biconvex, uncoated round tablet with a diameter of 5.5 mm",Each tablet contains: Dexamethasone BP 0.5 mg,Oral,,https://admin.greenbook.nafdac.gov.ng/uploadImage/smpc_files/2024/07/24/202407242e0486fa-2aad-5070-b76a-e1ca2947e058.pdf,2021-03-29,2026-03-28,https://greenbook.nafdac.gov.ng/products/details/7799,2026-09-27T21:22:20.085187+00:00,459
greenbook,2759,Aphantee Salbutamol Tablets##,Salbutamol (Salbutamol Sulfate),Aphantee Pharma Nigeria Ltd,Drugs,Tablet,4 mg,,C4-1513,Inactive,Tablet,Each tablet contains: Salbutamol Sulfate equivalent to Salbutamol 4 mg,Oral,R03CC02,,2020-12-21,2025-12-20,https://greenbook.nafdac.gov.ng/products/details/2759,2026-09-27T21:22:20.085187+00:00,460
greenbook,7323,Aphantee Tramadol 100 Capsules**,Tramadol Hydrochloride,Aphantee Pharma Nigeria Ltd,Drugs,Capsule,100 mg,1 x 10&#039;s (in PVC/Aluminium foil blister),A4-6500,Active,"Hard gelatin capsule.
Each capsule contains: Tramadol Hydrochloride 100 mg",,Oral,N02AX02,https://admin.greenbook.nafdac.gov.ng/uploadImage/smpc_files/2024/05/14/20240514a10a8f52-6687-5a57-bee1-786997bb6291.pdf,2024-04-30,2029-05-01,https://greenbook.nafdac.gov.ng/products/details/7323,2026-09-27T21:22:20.085187+00:00,461
greenbook,7328,Aphantee Tramadol 50 Capsules**,Tramadol Hydrochloride,Aphantee Pharma Nigeria Ltd,Drugs,Capsule,50 mg,1 x 10&#039;s (in PVC/Aluminium foil blister),A4-6499,Active,"Hard gelatin capsule.
Each capsule contains: Tramadol Hydrochloride 50 mg",,Oral,N02AX02,https://admin.greenbook.nafdac.gov.ng/uploadImage/smpc_files/2024/05/14/20240514a33d6771-be03-5c02-9f5c-7c4c8e5b299b.pdf,2024-04-30,2029-05-01,https://greenbook.nafdac.gov.ng/products/details/7328,2026-09-27T21:22:20.085187+00:00,462
greenbook,289,Aphasulf Ointment##,Sulfur,Aphantee Pharma Nigeria Ltd,Drugs,Ointment,10%,1 x 30 g (in tube),B4-3349,Inactive,"Ointment
Light yellow colored, homogenous ointment","Each 30 grams of ointment contains: Precipitated Sulfur USP 10% w/w
Excipients q.s.",Topical,D10AB02,https://admin.greenbook.nafdac.gov.ng/uploadImage/smpc_files/2023/05/27/20230527db49ec65-981f-53e9-851b-aadbf87608ca.pdf,2021-08-03,2026-08-02,https://greenbook.nafdac.gov.ng/products/details/289,2026-09-27T21:22:20.085187+00:00,463
greenbook,589,Aphazole##,Albendazole,Aphantee Pharma Nigeria Ltd,Drugs,Tablet,200 mg,,B4-6262,Inactive,Tablet,Each tablet contains: Albendazole 200 mg,Oral,P02CA03,,2021-08-03,2026-08-02,https://greenbook.nafdac.gov.ng/products/details/589,2026-09-27T21:22:20.085187+00:00,464
greenbook,5613,Aphrodil Tablets##,Clomipramine Hydrochloride,Teka Pharmaceutical Co. Ltd,Drugs,Tablet,25 mg,3 x 10&#039;s (in blisters),A4-100365,Active,"Film-coated Tablet.
White colored, circular, deep, biconvex, film-coated tablet","Each film-coated tablet contains: Clomipramine HCl BP 25 mg
Excipients q.s.",Oral,N06AA04,https://admin.greenbook.nafdac.gov.ng/uploadImage/smpc_files/2023/09/23/202309232879625c-1a28-51ce-8bf6-c935491e098d.pdf,2023-03-28,2028-03-27,https://greenbook.nafdac.gov.ng/products/details/5613,2026-09-27T21:22:20.085187+00:00,465
greenbook,25,Apitol Caplets_,Cyproheptadine Hydrochloride,Me Cure Industries Limited,Drugs,Caplet,4 mg,3 x 10&#039;s (in blisters),A11-100260,Active,"Tablet.
Red-colored, oblong-shaped, sugar-coated caplet","Each caplet contains: Each coated caplet contains Cyproheptadine Hydrochloride equivalent to anhydrous Cyproheptadine 4 mg BP
Excipients q.s.
Approved colors used",Oral,R06AX02,https://admin.greenbook.nafdac.gov.ng/uploadImage/smpc_files/2024/06/24/202406242f97a68d-40a3-5b67-9d4a-2e08fd06d92d.pdf,2021-12-02,2026-12-01,https://greenbook.nafdac.gov.ng/products/details/25,2026-09-27T21:22:20.085187+00:00,466
greenbook,4149,Apitol Syrup##,Cyproheptadine Hydrochloride,Me Cure Industries Limited,Drugs,Syrup,2 mg/5 mL,"1 x 100 mL, 1 x 200 mL (in PET bottles)",A4-4942,Active,"Syrup
Light orange colored syrup having a pleasant odor and a sweet taste  ","Each 5 mL contains: Cyproheptadine Hydrochloride 2 mg
Excipients q.s.",Oral,R06AX02,https://admin.greenbook.nafdac.gov.ng/uploadImage/smpc_files/2023/10/02/202310022bc451b8-893e-56ec-9142-17bb05d0676c.pdf,2022-01-27,2027-01-26,https://greenbook.nafdac.gov.ng/products/details/4149,2026-09-27T21:22:20.085187+00:00,467
greenbook,26,Apitol Tablets##,Cyproheptadine Hydrochloride,Me Cure Industries Limited,Drugs,Tablet,4 mg,2 x 10&#039;s (in blister packs),A4-3376,Active,"Tablet
White round uncoated tablet with a break line on one side and &quot;MECURE&quot; on the other side
","Each tablet contains: Cyproheptadine Hydrochloride equivalent to anhydrous Cyproheptadine BP 4 mg
Excipients q.s.",Oral,R06AX02,https://admin.greenbook.nafdac.gov.ng/uploadImage/smpc_files/2024/06/24/202406241314a387-0b48-5f56-8c40-8835b8ef0e33.pdf,2021-12-02,2026-12-01,https://greenbook.nafdac.gov.ng/products/details/26,2026-09-27T21:22:20.085187+00:00,468
greenbook,12437,APIXABAN TABLET 2.5 MG $,Apixaban,Rockforth Limited,Drugs,Tablet,2.5 mg,3X10 TABLETS,A4-102080,Active,"APIXABAN TABLET 2.5 MG	APIXABAN TABLET 2.5 MG	&quot;EACH FILM COATED TABLET CONTAINS:
APIXABAN  2.5 MG
EXCIPIENTS; Q.S. SODIUM LAURYL SULPHATE LACTOSE, MICROCRYSTALLINE CELLULOSE, CROSCARMELLOSE SODIUM HYDROXY PROPYL METHYL CELLULOSE CROSCARMELLOSE SODIUM.&quot;	A4-102080	Drugs	Imported Product	3X10TABLETS	03-10-2024	ROCKFORTH PHARMACEUTICALS LIMITED  , NO.2OBAADESOJISTREET,WORKSHOUSINGESTATE,GWARINPA,ABUJA,FCT	014807257	aimalohi@pharplusltd.com	 STALLION  LABORATORIES  PVT. LTD,  C1B, 305, 2,3,4,&amp; 5 G.I.D.C, KERALA ( BAVLA), DIST. AHMEDABAD  382220 GUJARAT, INDIA. 
","Each film-coated tablet contains: Apixaban 2.5 mg
Excipients with known effect:
50.5 mg lactose monohydrate and 1 mg croscarmellose sodium ",Oral,B01AF02,https://admin.greenbook.nafdac.gov.ng/uploadImage/smpc_files/2026/07/04/20260704b7fd133a-e28e-5ecc-a933-7e8600f01658.pdf,2026-04-28,2031-04-27,https://greenbook.nafdac.gov.ng/products/details/12437,2026-09-27T21:22:20.085187+00:00,469
greenbook,12450,APIXABAN TABLET 5 MG $,Apixaban,Rockforth Limited,Drugs,Tablet,5 mg,3 x10 ,A4-102097,Active,"APIXABAN TABLET 5 MG	APIXABAN TABLET 5 MG	&quot;EACH FILM COATED TABLET CONTAINS:
APIXABAN 5MG
EXCIPIENTS:  Q.S. SODIUM LAURYL SULPHATE LACTOSE MICROCRYSTALLINE CELLULOSE CROSCARMELLOSE SODIUM HYDROXY PROPYL METHYL CELLULOSE  CROSCARMELLOSE SODIUM.&quot;	A4-102097	Drugs	Imported Product	3X10TABLET	03-10-2024	ROCKFORTH PHARMACEUTICALS LIMITED  , NO.2OBAADESOJISTREET,WORKSHOUSINGESTATE,GWARINPA,ABUJA,FCT	014807257	aimalohi@pharplusltd.com	 STALLION  LABORATORIES  PVT. LTD,  C1B, 305, 2,3,4,&amp; 5 G.I.D.C, KERALA ( BAVLA), DIST. AHMEDABAD  382220 GUJARAT, INDIA. 

","Each film-coated tablet contains: Apixaban 5 mg
Excipients with known effect:",Oral,B01AF02 ,https://admin.greenbook.nafdac.gov.ng/uploadImage/smpc_files/2026/07/06/20260706195dc952-ceaa-5716-9893-640e322dd19a.pdf,2026-04-28,2031-04-27,https://greenbook.nafdac.gov.ng/products/details/12450,2026-09-27T21:22:20.085187+00:00,470
greenbook,7979,Apmod 100/270 Tablets**,Artesunate; Amodiaquine (Amodiaquine Hydrochloride),Ajanta Pharma Nigeria Limited,Drugs,Tablet,100 mg; 270 mg,1 x 3&#039;s &amp; 1 x 6&#039;s (in Alu-OPA/Alu/PVC blisters),B4-1012,Inactive,"Tablet.
Circular, bilayered, beveled edged tablet. One layer is yellow in colour with score line and the other layer is white to slightly yellow. The tablet is debossed with &#039;A&#039; on one side of score line and &#039;3&#039; on the other side of score line.
The score-line is only to facilitate breaking for ease of swallowing and not to divide into equal doses","Artesunate 100 mg + Amodiaquine 270 mg Tablets.
Each bilayered tablet contains: Artesunate Ph.Int 100 mg, Amodiaquine Hydrochloride equivalent to Amodiaquine 270 mg",Oral,P01BF01,https://admin.greenbook.nafdac.gov.ng/uploadImage/smpc_files/2024/09/25/202409256bd32214-a600-57d0-94fe-59fe5462900e.pdf,2021-08-03,2026-08-02,https://greenbook.nafdac.gov.ng/products/details/7979,2026-09-27T21:22:20.085187+00:00,471
greenbook,7980,Apmod 25/67.5 Tablets**,Artesunate; Amodiaquine (Amodiaquine Hydrochloride),Ajanta Pharma Nigeria Limited,Drugs,Tablet,25 mg; 67.5 mg,1 x 3&#039;s (in Alu-OPA/Alu/PVC blister),B4-1010,Inactive,"Tablet.
Circular, bilayered, beveled edged tablet. One layer is yellow in colour with score line and the other layer is white to slightly yellow. The tablet is debossed with &#039;A&#039; on one side of score line and &#039;1&#039; on the other side of score line.
The score-line is only to facilitate breaking for ease of swallowing and not to divide into equal doses","Artesunate 25 mg + Amodiaquine 67.5 mg Tablets.
Each bilayered tablet contains: Artesunate Ph.Int 25 mg, Amodiaquine Hydrochloride equivalent to Amodiaquine 67.5 mg",Oral,P01BF01,https://admin.greenbook.nafdac.gov.ng/uploadImage/smpc_files/2024/09/25/2024092505510fd0-96f9-5adc-ad3c-02d51ce6946d.pdf,2021-08-03,2026-08-02,https://greenbook.nafdac.gov.ng/products/details/7980,2026-09-27T21:22:20.085187+00:00,472
greenbook,7981,Apmod 50/135 Tablets**,Artesunate; Amodiaquine (Amodiaquine Hydrochloride),Ajanta Pharma Nigeria Limited,Drugs,Tablet,50 mg; 135 mg,1 x 3&#039;s (in Alu-OPA/Alu/PVC blister),B4-1011,Inactive,"Tablet.
Circular, bilayered, beveled edged tablet. One layer is yellow in colour with score line and the other layer is white to slightly yellow. The tablet is debossed with &#039;A&#039; on one side of score line and &#039;2&#039; on the other side of score line.
The score-line is only to facilitate breaking for ease of swallowing and not to divide into equal doses","Artesunate 50 mg + Amodiaquine 135 mg Tablets.
Each bilayered tablet contains: Artesunate Ph.Int 50 mg, Amodiaquine Hydrochloride equivalent to Amodiaquine 135 mg",Oral,P01BF01,https://admin.greenbook.nafdac.gov.ng/uploadImage/smpc_files/2024/09/25/202409257f58fd29-90c1-56fb-ad70-62a02a6e44b1.pdf,2021-08-03,2026-08-02,https://greenbook.nafdac.gov.ng/products/details/7981,2026-09-27T21:22:20.085187+00:00,473
greenbook,8821,Appl's Tramadol Capsules**,Tramadol Hydrochloride,I.G. Nnamdi Global Pharmaceutical Company Limited,Drugs,Capsule,100 mg,10 x 10&#039;s,A4-7150,Active,Capsule,Tramadol Hydrochloride BP 100 mg,Oral,N02AX02,,2021-10-28,2026-10-27,https://greenbook.nafdac.gov.ng/products/details/8821,2026-09-27T21:22:20.085187+00:00,474
greenbook,8822,Appl's Tramadol Capsules**,Tramadol Hydrochloride,I.G. Nnamdi Global Pharmaceutical Company Limited,Drugs,Capsule,50 mg,10 x 10&#039;s,A4-7412,Active,Capsule,Tramadol Hydrochloride BP 50 mg,Oral,N02AX02,,2021-10-28,2026-10-27,https://greenbook.nafdac.gov.ng/products/details/8822,2026-09-27T21:22:20.085187+00:00,475
greenbook,236,AppleGlow Cream##,Clobetasol Propionate,Suitelife Pharmaceuticals Ltd,Drugs,Cream,0.05%,1 x 30 g (in tube),A4-100131,Active,Cream,AppleGlow Cream contains: Clobetasol Propionate 0.05%,Topical,D07AD01,https://admin.greenbook.nafdac.gov.ng/uploadImage/smpc_files/2025/05/07/2025050780e8dcc2-0312-5589-9e2f-e791d91428c0.pdf,2021-10-28,2026-10-27,https://greenbook.nafdac.gov.ng/products/details/236,2026-09-27T21:22:20.085187+00:00,476
greenbook,6485,Applezoral Cream##,Ketoconazole,Suitelife Pharmaceuticals Ltd,Drugs,Cream,2%,1 x 30 g (in Lami tube),A4-100630,Active,"Cream
A smooth white cream

24	NF-PP-369787	APPLEZORAL CREAM	KETOCONAZOLE BP 2% W/W	EACH 30G TUBE CONTAINS KETOCONAZOLE BP 2%W/W EXCIPIENTS CREAM BASE	A4-100630	Drugs	Imported Products	1X30G	POM 1	9/28/2023	SUITELIFE PHARMACEUTICALS LTD, 4 ayo davis close off ekolonu street, surulere, lagos	8129419809	suitelifepharma@yahoo.com	SYSTOCHEM LABORATORIES LTD, B-75, ROOP NAGAR, INDL. AREA, LONI-201 102. INDIA, India","Ketoconazole BP 2.0% w/w  and Cream Base q.s.
Excipients q.s.",Topical,D01AC08,https://admin.greenbook.nafdac.gov.ng/uploadImage/smpc_files/2023/12/17/2023121721b6bced-a20a-5256-a700-a31118c1e5f0.pdf,2023-11-30,2028-11-29,https://greenbook.nafdac.gov.ng/products/details/6485,2026-09-27T21:22:20.085187+00:00,477
greenbook,8823,Applin Capsules**,Tramadol Hydrochloride,Apple Link Nigeria Limited,Drugs,Capsule,100 mg,1 x 10&#039;s (in blister),C4-1886,Active,Capsule,Tramadol Hydrochloride 100 mg,Oral,N02AX02,,2021-10-28,2026-10-27,https://greenbook.nafdac.gov.ng/products/details/8823,2026-09-27T21:22:20.085187+00:00,478
greenbook,7982,Apredin Injection**,Hydralazine Hydrochloride,Embassy Pharmaceutical and Chemicals Limited,Drugs,Solution for injection,40 mg/2 mL,2 mL x 10&#039;s (in amber coloured glass ampoules),A4-4875,Inactive,Solution for injection in 2-mL amber coloured glass ampoules,"Hydralazine Hydrochloride Injection USP.
Each mL contains: Hydralazine Hydrochloride USP 20 mg, Water for injection BP q.s.",Intravenous,C02DB02,https://admin.greenbook.nafdac.gov.ng/uploadImage/smpc_files/2024/09/26/2024092681e564b4-b798-5a62-922e-27ea2eee1da8.pdf,2021-08-03,2026-08-02,https://greenbook.nafdac.gov.ng/products/details/7982,2026-09-27T21:22:20.085187+00:00,479
greenbook,6156,Apretude 30 mg Film Coated Tablets**,Cabotegravir,GlaxoSmithKline Consumer Nigeria PLC (GSK),Drugs,Tablet,30 mg,1 x 30&#039;s (in HDPE bottles),A4-100536,Active,"Film Coated Tablet
White, film-coated, oval tablet",Each film-coated tablet: Cabotegravir 30 mg (as Cabotegravir sodium),Oral,J05AJ04,https://admin.greenbook.nafdac.gov.ng/uploadImage/smpc_files/2023/10/09/202310095e69a1e8-f24f-5aff-84c6-d9e52c66c69a.pdf,2023-09-28,2028-09-27,https://greenbook.nafdac.gov.ng/products/details/6156,2026-09-27T21:22:20.085187+00:00,480
greenbook,6157,Apretude 600 mg Prolonged-release Suspension for Injection**,Cabotegravir,GlaxoSmithKline Consumer Nigeria PLC (GSK),Drugs,Suspension for injection,600 mg,600 mg x 25&#039;s (in glass vials),A4-100537,Active,"Suspension for Injection.
White to light pink, prolonged-release suspension for injection",Each 3-mL vial contains: Cabotegravir 600 mg (as Cabotegravir free acid),Intramuscular,J05AJ04,https://admin.greenbook.nafdac.gov.ng/uploadImage/smpc_files/2023/10/09/20231009433421b3-9996-507f-b1ac-a434bc98b179.pdf,2023-09-28,2028-09-27,https://greenbook.nafdac.gov.ng/products/details/6157,2026-09-27T21:22:20.085187+00:00,481
greenbook,5514,Apricona 150 mg tablets##,Fluconazole,Vitborah Pharm Company Limited,Drugs,Tablet,150 mg,1 x 10&#039;s (in Alu-Alu blisters),B4-0932,Active,"Tablet

69	RNW-PP-169602	APRICONA 150MG TABLETS	FLUCONAZOLE	Microcrystalline cellulose, Povidone, Calcium Phosphate Dibasic, Magnesium Stearate, Sodium Starch Glycolate,	B4-0932	Drugs	ANTIINFECTIVES FOR SYSTEMIC USE	Imported Products	1*10	Prescription Only Medicine (POM)	12/13/2021	VITBORAH PHARM COMPANY LIMITED, LAYI OYEKANMI STREET , MUSHIN ISOLO LAGOS	7036395409	vitborahpharma@gmail.com	BRUSSELS LABORATORIES PVT LTD, NO. 33, CHANGODAR INDUSTRIAL ESTATE, SARKEJ- BAVLA ROAD, CHANGODA-382210 DIS AHMEDABAD, GUJARAT,INDIA., India","Each Tablet contains: Fluconazole 150 mg
Excipients: Lactose Monohydrate, Maize Starch, Colloidal Silica Anhydrous, Magnesium Stearate, Sodium Lauryl Sulfate",Oral,J02AC01,https://admin.greenbook.nafdac.gov.ng/uploadImage/smpc_files/2023/09/24/20230924d3d0e47d-d9b9-57a9-a3c9-f1cc7d85d390.pdf,2023-03-28,2028-03-27,https://greenbook.nafdac.gov.ng/products/details/5514,2026-09-27T21:22:20.085187+00:00,482
greenbook,5515,Apriflox-Oz Tablets##,Ofloxacin; Ornidazole,Vitborah Pharm Company Limited,Drugs,Tablet,200 mg; 500 mg,1 x 10&#039;s (in Alu-Alu blisters),B4-3175,Active,"Film Coated tablet

52	RNW-PP-243939	APRIFLOX-OZ TABLETS	OFLOXACIN USP + ORNIDAZOLE	OFLOXACIN 200MG, ORNIDAZOLE 500MG	B4-3175	Drugs	ANTIINFECTIVES FOR SYSTEMIC USE	Imported Products	1*10	Prescription Only Medicine (POM)	12/13/2021	VITBORAH PHARMACEUTICAL COMPANY LIMITED, 36, LAYIOYEKANMISTREET, MUSHIN, LAGOS,	8063022165	veeborah@gmail.com	BRUSSELS LABORATORIES PVT LTD, NO. 33, CHANGODAR INDUSTRIAL ESTATE, SARKEJ- BAVLA ROAD, CHANGODA-382210 DIS AHMEDABAD, GUJARAT,INDIA., India","Each film coated tablet contains: Ofloxacin 200 mg, Ornidazole 500 mg
Excipients: Maize Starch, Lactose, Hydroxypropyl Cellulose, Sodium Starch Glycollate (Type A), Magnesium Stearate, Hypromellose, Talc, Titanium dioxide (E171), Macrogol 400, Iron Oxide Yellow (E172), Iron Oxide Black (E172), Carnauba Wax",Oral,J01RA09,https://admin.greenbook.nafdac.gov.ng/uploadImage/smpc_files/2023/09/24/202309245c86c652-5c63-558e-aa39-4abef7901940.pdf,2023-03-28,2028-03-27,https://greenbook.nafdac.gov.ng/products/details/5515,2026-09-27T21:22:20.085187+00:00,483
greenbook,7822,Aprovasc  150/5 Tablets**,Amlodipine (Amlodipine Besilate); Irbesartan,Sanofi-Aventis Nigeria Limited,Drugs,Tablet,5 mg; 150 mg,4 x 7&#039;s (in PVC/PE/PVDC/Aluminium blisters), B4-2687,Inactive,"Film coated tablet.
White, oval shaped film coated tablets with ‘150/5’ debossed on one side and plain on other side","Each film-coated tablet contains: Amlodipine besilate 7 mg equiv. to Amlodipine 5 mg, Irbesartan 150 mg",Oral,,https://admin.greenbook.nafdac.gov.ng/uploadImage/smpc_files/2024/09/21/202409215666b061-1b0e-51e2-a58c-e64eb0b502f6.pdf,2021-05-07,2026-05-06,https://greenbook.nafdac.gov.ng/products/details/7822,2026-09-27T21:22:20.085187+00:00,484
greenbook,7823,Aprovasc 150/10 Tablets**,Amlodipine (Amlodipine Besilate); Irbesartan,Sanofi-Aventis Nigeria Limited,Drugs,Tablet,10 mg; 150 mg,4 x 7&#039;s (in PVC/PE/PVDC/Aluminium blisters),B4-2688,Inactive,"Film coated tablet.
Pink, oval shaped film coated tablets with ‘150/10’ debossed on one side and plain on other side","Each film-coated tablet contains: Amlodipine besilate 14 mg equiv. to Amlodipine 10 mg, Irbesartan 150 mg",Oral,,https://admin.greenbook.nafdac.gov.ng/uploadImage/smpc_files/2024/09/21/202409215a812c6d-2cbf-50e1-a739-a0c52870a74c.pdf,2021-05-07,2026-05-06,https://greenbook.nafdac.gov.ng/products/details/7823,2026-09-27T21:22:20.085187+00:00,485
greenbook,7824,Aprovasc 300/10 Tablet**,Amlodipine (Amlodipine Besilate); Irbesartan,Sanofi-Aventis Nigeria Limited,Drugs,Tablet,10 mg; 300 mg,4 x 7&#039;s (in PVC/PE/PVDC/Aluminium blisters),B4-2690,Inactive,"Film coated tablet.
White, oval shaped film coated tablets with SNAP TAB scoreline on one side and plain on other side","Each film-coated tablet contains: Amlodipine besilate 14 mg equiv. to Amlodipine 10 mg, Irbesartan 300 mg",Oral,,https://admin.greenbook.nafdac.gov.ng/uploadImage/smpc_files/2024/09/21/2024092138dc1991-04d2-5de5-b7dc-aac10656b5d6.pdf,2021-05-07,2026-05-06,https://greenbook.nafdac.gov.ng/products/details/7824,2026-09-27T21:22:20.085187+00:00,486
greenbook,7825,Aprovasc 300/5 Tablets**,Amlodipine (Amlodipine Besilate); Irbesartan,Sanofi-Aventis Nigeria Limited,Drugs,Tablet,5 mg; 300 mg,4 x 7&#039;s (in PVC/PE/PVDC/Aluminium blisters),B4-2689,Inactive,"Film coated tablet.
Yellow, oval shaped film coated tablets with ‘300/5’ debossed on one side and plain on other side","Each film-coated tablet contains: Amlodipine besilate 7 mg equiv. to Amlodipine 5 mg, Irbesartan 300 mg",Oral,,https://admin.greenbook.nafdac.gov.ng/uploadImage/smpc_files/2024/09/21/2024092146a5c7f0-4c71-5c64-8371-9e026913f2be.pdf,2021-05-07,2026-05-06,https://greenbook.nafdac.gov.ng/products/details/7825,2026-09-27T21:22:20.085187+00:00,487
greenbook,4700,Aprovel 150 mg Tablets**,Irbesartan,Sanofi-Aventis Nigeria Limited,Drugs,Tablet,150 mg,2 x 14&#039;s (in PVC/PVDC/Aluminium blisters),A4-7849,Active,"Film-coated tablet.
White to off-white, biconvex, and oval-shaped with a heart debossed on one side and the number 2872 engraved on the other side","Each film-coated tablet contains: Irbesartan 150 mg.

Excipient with known effect: 51.00 mg of Lactose monohydrate per film-coated tablet",Oral,C09CA04,https://admin.greenbook.nafdac.gov.ng/uploadImage/smpc_files/2024/09/21/20240921396f2c7a-e3ec-5561-b0ed-493b7507d991.pdf,2023-05-25,2028-05-24,https://greenbook.nafdac.gov.ng/products/details/4700,2026-09-27T21:22:20.085187+00:00,488
greenbook,4701,Aprovel 300 mg Tablet**,Irbesartan,Sanofi-Aventis Nigeria Limited,Drugs,Tablet,300 mg,2 x 14&#039;s (in PVC/PVDC/Aluminium blisters),A4-7850,Active,"Film-coated tablet.
White to off-white, biconvex, and oval-shaped with a heart debossed on one side and the number 2873 engraved on the other side","Each film-coated tablet contains: Irbesartan 300 mg.

Excipient with known effect: 102.00 mg of Lactose monohydrate per film-coated tablet",Oral,C09CA04,https://admin.greenbook.nafdac.gov.ng/uploadImage/smpc_files/2024/09/21/202409214f5d6348-8d2a-5d4b-8bdd-d7bff5f228b3.pdf,2023-07-27,2028-07-26,https://greenbook.nafdac.gov.ng/products/details/4701,2026-09-27T21:22:20.085187+00:00,489
greenbook,2794,Aptem 80/480 Tablet##,Artemether; Lumefantrine,Apogee Pharmaceuticals Ltd,Drugs,Tablet,80 mg; 480 mg,,C4-1265,Inactive,Tablet,"Each tablet contains: Artemether 80 mg, Lumefantrine 480 mg
Excipients q.s.",Oral,P01BF01,,2020-11-30,2025-11-29,https://greenbook.nafdac.gov.ng/products/details/2794,2026-09-27T21:22:20.085187+00:00,490
greenbook,7127,Aqeud 10 Tablets##,Aripiprazole,Leotetra Healthcare Ltd,Drugs,Tablet,10 mg,3 x 10&#039;s (in Alu-Alu blisters),B4-6029,Active,"Oral tablet
Yellow colored, round shaped, biconvex, un-coated tablet

43	RNW-PP-268659	AQEUD 10 TABLETS	ARIPIPRAZOLE	Aripiprazole 10mg	B4-6029	Drugs	Imported Products	3x10	Prescription Only Medicine (POM)	7/7/2022	LEOTETRA HEALTHCARE LTD, GIDA NA&#039;ADADE NAIBAWA KANO KANO	8066471561	leotetranigltd@outlook.com	PSYCHOTROPICS INDIA LTD, PLOT N0. 12 &amp; 12A, INDUSTRIAL PARK-II, SALEMPUR, MEHDOOD - 2 HARIDWAR-249403, UTTARAKHAND, INDIA., India","Each un-coated mouth dissolving tablet contains: Aripiprazole USP 10 mg
Excipients q.s.",Oral,N05AX12,https://admin.greenbook.nafdac.gov.ng/uploadImage/smpc_files/2024/02/17/202402178929fab8-b847-5b6c-82ec-f5a1fb4d5190.pdf,2024-01-31,2029-01-30,https://greenbook.nafdac.gov.ng/products/details/7127,2026-09-27T21:22:20.085187+00:00,491
greenbook,6336,Aqua-Tears Eye Drops##,Hydroxypropyl Methylcellulose,SKT Healthcare Pharmaceuticals Ltd,Drugs,Eye drops,0.7%,1 x 10 mL (in plastic vials),A4-8839,Active,"Ophthalmic Solution (Eye Drops)
Clear colorless solution filled in 10 mL plastic vials

AQUA-TEARS EYE DROPS	HYDROXYPROPYL METHYLCELLULOSE	Hydroxypropyl Methylcellulose Eye Drops Excipients: Boric Acid, Borax, Benalkonium Chloride Solution, Sodium Chloride, Potassium Chloride	A4-8839	Drugs	Imported Products	1X10ML,	Prescription Only Medicine (POM)	30/01/2020	SKT HEALTHCARE PHARMACEUTICALS LTD, OGUNLOWO ST OFF AWOLOWO WAY IKEJA IKEJA LAGOS	14534862	info@sktpharma.com	NITIN LIFESCIENCES LIMITED, RAMPUR GHAT ROAD, PAONTA SAHIB,DISTRICT-SIRMOUR (H.P.)- 173 025, INDIA, India","Active ingredients: Hydroxypropyl Methylcellulose USP 0.7% w/v, Borax BP 0.19% w/v, Boric Acid 0.2% w/v, Sodium Chloride BP 0.45% w/v, Potassium Chloride BP 0.37% w/v, Benzalkonium Chloride NF 0.01% w/v
Preservative: Sterile Aqueous Base q.s.
Excipients: Boric Acid, Borax, Benzalkonium Chloride Solution, Sodium Chloride, Potassium Chloride",Ophthalmic,S01XA20,https://admin.greenbook.nafdac.gov.ng/uploadImage/smpc_files/2023/09/05/2023090575f07c7b-5e62-5c3d-9f95-0c2fa43e919c.pdf,2023-08-31,2028-08-30,https://greenbook.nafdac.gov.ng/products/details/6336,2026-09-27T21:22:20.085187+00:00,492
greenbook,12394,Aquacef Tablet 500 mg_,Cefuroxime (Cefuroxime Axetil),Pinnacle Health Pharmaceutical &amp; Stores Ltd,Drugs,Tablet,500 mg,1 x 10&#039;s (in Alu-Alu blister),B4-8985,Active,"Tablet.
White to off-white, capsule-shaped, biconvex both sides","Each tablet contains: Cefuroxime Axetil BP equiv. to Cefuroxime base 500 mg
Excipients q.s.",Oral,J01DC02,https://admin.greenbook.nafdac.gov.ng/uploadImage/smpc_files/2025/12/29/20251229c53e87c8-459b-5186-8891-b56296b20bbe.pdf,2025-11-26,2030-11-25,https://greenbook.nafdac.gov.ng/products/details/12394,2026-09-27T21:22:20.085187+00:00,493
greenbook,6158,Aquacipro Tablets 500 mg##,Ciprofloxacin (Ciprofloxacin Hydrochloride),Pinnacle Health Pharmaceutical &amp; Stores Ltd,Drugs,Tablet,500 mg,1 x 10&#039;s (in Alu-Alu blisters),B4-5795,Active,"A white colored capsule shaped film coated tablet having a break line on one side and the other side plain

26	RNW-PP-240981	AQUACIPRO TABLETS 500MG	CIPROFLOXACIN	CIPROFLOXACIN HYDROCHLORIDE USP 500MG. EXCIPIENTS q.s	B4-5795	Drugs	Imported Products	1X10	Prescription Only Medicine (POM)	2/1/2022	PINNACLE HEALTH PHARMACEUTICAL &amp; STORES LTD, 16/18, Nuru Oniwo Street, Aguda, Surulere, Lagos	8034707350	phppharma@yahoo.com	GLOBELA PHARMA PVT. LTD., 357,G.I.D.C,SACHIN, DIST. SURAT-394230. GUJARAT STATE, INDIA, India","Each film coated tablet contains: Ciprofloxacin Hydrochloride USP equivalent to Ciprofloxacin 500 mg
Excipients q.s.",Oral,J01MA02,https://admin.greenbook.nafdac.gov.ng/uploadImage/smpc_files/2023/10/09/202310097adafea6-e0c6-5df1-ad6c-bfcc247a028c.pdf,2023-09-28,2028-09-27,https://greenbook.nafdac.gov.ng/products/details/6158,2026-09-27T21:22:20.085187+00:00,494
greenbook,7264,Aquaclav 1 G Tablets**,Amoxicillin (Amoxicillin Trihydrate); Clavulanic Acid (Potassium Clavulanate),Pinnacle Health Pharmaceutical &amp; Stores Ltd,Drugs,Tablet,875 mg; 125 mg,2 x 7&#039;s (in Alu-Alu blisters),B4-6857,Active,Film coated tablet,"Co-Amoxiclav Tablets BP.
Each film-coated tablet contains: Amoxicillin Trihydrate BP equiv. to Amoxicillin 875 mg, Diluted Potassium Clavulanate BP equiv. to Clavulanic Acid 125 mg, Excipients q.s.",Oral,J01CR02,https://admin.greenbook.nafdac.gov.ng/uploadImage/smpc_files/2024/11/28/202411283235c944-1794-5ba4-82a8-291e6f42b257.pdf,2024-03-27,2029-03-26,https://greenbook.nafdac.gov.ng/products/details/7264,2026-09-27T21:22:20.085187+00:00,495
greenbook,7280,Aquaclav 375 mg Tablets**,Amoxicillin (Amoxicillin Trihydrate); Clavulanic Acid (Potassium Clavulanate),Pinnacle Health Pharmaceutical &amp; Stores Ltd,Drugs,Tablet,250 mg; 125 mg,2 x 7&#039;s; 2 x 10&#039;s (in blisters),B4-6858,Active,Film coated tablet,"Co-Amoxiclav Tablets BP.
Each film-coated tablet contains: Amoxicillin Trihydrate BP equiv. to Amoxicillin 250 mg, Diluted Potassium Clavulanate BP equiv. to Clavulanic Acid 125 mg, Excipients q.s.",Oral,J01CR02,https://admin.greenbook.nafdac.gov.ng/uploadImage/smpc_files/2024/11/28/202411284ebf1897-c5be-5606-8088-e6c15c4db223.pdf,2024-03-27,2029-03-26,https://greenbook.nafdac.gov.ng/products/details/7280,2026-09-27T21:22:20.085187+00:00,496
greenbook,6682,Aquaclav 625 Tablets**,Amoxicillin (Amoxicillin Trihydrate); Clavulanic Acid (Potassium Clavulanate),Pinnacle Health Pharmaceutical &amp; Stores Ltd,Drugs,Tablet,500 mg; 125 mg,2 x 7&#039;s (in Alu-Alu blisters),B4-0687,Active,"Film-coated tablet.
White coloured, capsule shaped, biconvex, both side plain film coated tablets","Co-Amoxiclav Tablets BP.
Each film-coated tablet contains: Amoxicillin Trihydrate BP equiv. to Amoxicillin 500 mg, Diluted Potassium Clavulanate BP equiv. to Clavulanic Acid 125 mg, Excipients q.s.",Oral,J01CR02,https://admin.greenbook.nafdac.gov.ng/uploadImage/smpc_files/2023/12/31/20231231246ebc06-b6bc-5b8a-9f2f-1d5032bd8eb8.pdf,2023-12-21,2028-12-20,https://greenbook.nafdac.gov.ng/products/details/6682,2026-09-27T21:22:20.085187+00:00,497
greenbook,6683,Aquaclav Suspension**,Amoxicillin (Amoxicillin Trihydrate); Clavulanic Acid (Potassium Clavulanate),Pinnacle Health Pharmaceutical &amp; Stores Ltd,Drugs,Powder for suspension,200 mg/5 mL; 28.5 mg/5 mL,100 mL (in HDPE white bottle),B4-3287,Active,"Powder for Oral Suspension.
White to off white granular powder, which becomes white coloured suspension on reconstitution with water","Co-Amoxiclav Oral Suspension BP (228.5 mg/5 mL).
Each 5 mL of reconstituted suspension contains: Amoxicillin Trihydrate BP equivalent to Amoxicillin 200.00 mg, Diluted Potassium Clavulanate BP equivalent to Clavulanic acid 28.50 mg, Excipients q.s.",Oral,J01CR02,https://admin.greenbook.nafdac.gov.ng/uploadImage/smpc_files/2023/12/31/202312311c3fe75f-4243-5246-bfe8-caa6e220d63c.pdf,2023-12-21,2028-12-20,https://greenbook.nafdac.gov.ng/products/details/6683,2026-09-27T21:22:20.085187+00:00,498
greenbook,4306,Aquaclav Suspension**,Amoxicillin (Amoxicillin Trihydrate); Clavulanic Acid (Potassium Clavulanate),Pinnacle Health Pharmaceutical &amp; Stores Ltd,Drugs,Powder for suspension,200 mg/5 mL; 28.5 mg/5 mL,100 mL (in HDPE white bottle),B4-3287,Inactive,"Powder for Oral Suspension.
White to off white granular powder, which becomes white-coloured suspension on reconstitution with water","Co-Amoxiclav Oral Suspension BP (228.5 mg/5 mL).
Each 5 mL of reconstituted suspension contains: Amoxicillin Trihydrate BP equivalent to Amoxicillin 200.00 mg, Diluted Potassium Clavulanate BP equivalent to Clavulanic acid 28.50 mg, Excipients q.s.",Oral,J01CR02,https://admin.greenbook.nafdac.gov.ng/uploadImage/smpc_files/2024/09/01/20240901877d001e-7cf9-53b3-b9d1-4cced31deaa0.pdf,2021-08-26,2026-08-25,https://greenbook.nafdac.gov.ng/products/details/4306,2026-09-27T21:22:20.085187+00:00,499
greenbook,7826,Aquadee Water for Injection**,Sterilized water for injection,Cureall Impex Nigeria Limited,Drugs,Liquid,100%,10 mL x 1 x 100&#039;s (in vials),C4-1405,Inactive,"57	RCM-PP-541337		AQUADEE WATER FOR INJECTION 	Sterilised Water for Injections BP 10ML 	STERILISED WATER FOR INJECTIONS BP	C4-1405	Drugs	Imported Product	 1x10MLx100 and 50 X 10ml	22-12-2025	&quot;CUREALL IMPEX NIG LTD, 100/104, M.M. WAY,
KANO.&quot;	705469947	cureallimpexnigltd@gmail.com	M/S. HINDUSTAN POLYFAB    , Plot No.-12, DAVNI INDUSTRIAL AREA, Baddi, Distt.-Solan HIMACHAL PRADESH( H.P), 173205. INDIA	+9318833151	ino.hindustanpolyfab.in	View	

",Sterilised Water for Injection BP 10 mL,Intravenous,V07AB,https://admin.greenbook.nafdac.gov.ng/uploadImage/smpc_files/2026/07/06/20260706c75d7c21-d986-55ca-acfb-5e8cffafc28b.pdf,2026-04-28,2031-04-27,https://greenbook.nafdac.gov.ng/products/details/7826,2026-09-27T21:22:20.085187+00:00,500
greenbook,12451,AQUAFIX TABLETS 400MG $,Cefixime,Pinnacle Health Pharmaceutical &amp; Stores Ltd,Drugs,Tablet,400mg,1 X 10,B4-9544,Active,"AQUAFIX TABLETS 400MG	CEFIXIME	B4-9544	Drugs	Imported Product	1 X 10 	11-07-2025	PINNACLE HEALTH PHARMACEUTICAL &amp; STORES LTD, 16/18 NURU ONIWO STREET, AGUDA SURULERE, LAGOS	08034707350	phppharma@yahoo.com	&quot;FINECURE PHARMACEUTICALS LIMITED, SHIMLA  PISTAUR, MALSA  ROAD KICHHA, UDHAM  SINGH  NAGAR, UTTARAKHAND - 263148,
INDIA.,VIII SHIMLA PISTAUR, MALSA ROAD, KICHHA, UDHAMSINGH NAGAR, UTTARAKHAD--263148, INDIA.&quot;
","Each film coated tablet contains: Cefixime (as Trihydrate) USP equivalent to Anhydrous Cefixime 400 mg
Excipients q.s.",Oral,J01DD08 ,https://admin.greenbook.nafdac.gov.ng/uploadImage/smpc_files/2026/02/02/20260202b7338c3d-6335-5bc0-ad5b-4e8bf0268466.pdf,2025-12-18,2030-12-17,https://greenbook.nafdac.gov.ng/products/details/12451,2026-09-27T21:22:20.085187+00:00,501
greenbook,12452,AQUAFORMIN 2M TABLETS $,Metformin Hydrochloride; Glimepiride,Pinnacle Health Pharmaceutical &amp; Stores Ltd,Drugs,Tablet,500mg; 2mg,3 X 10 TABLETS,B4-2478,Active,"AQUAFORMIN 2M TABLETS	&quot;ACTIVE INGREDIENTS; METFORMIN HCL 500MG AND GLIMPERIDE 2MG

EXCIPIENTS: HYPROMELLOSE (H.P.M.C K 100),
ISOPROPYL ALCOHOL,
POVIDONE K 30 (PVP K 30),
COLLOIDAL ANHYDROUS SILICA, 
MAGNESIUM STEARATE,
PURIFIED TALC,
MICROCRYSTALLINE CELLULOSE,
YELLOW OXIDE OF IRON,
LACTOSE MONOHYDRATE, 
MAIZE STARCH,
SODIUM STARCH GLYCOLATE,
SODIUM LAURYL SULPHATE.&quot;	B4-2478	Drugs	Imported Product	3 X 10 TABLETS	28-07-2025	PINNACLE HEALTH PHARMACEUTICAL &amp; STORES LTD, 16/18 NURU ONIWO STREET, AGUDA SURULERE, LAGOS	08034707350	phppharma@yahoo.com	GLOBELA PHARM PVT. LTD., 375,GIDC,SACHIN, SURAT 394230 INDIA
","Each uncoated tablet contains:
Metformin hydrochloride BP .... 500 mg
Glimepiride USP..... 2 mg
Excipients .....q.s
",Oral,A10BD02,https://admin.greenbook.nafdac.gov.ng/uploadImage/smpc_files/2026/02/02/20260202e12100bc-b5d1-58a2-8c27-25172e65a6a1.pdf,2025-12-18,2030-12-17,https://greenbook.nafdac.gov.ng/products/details/12452,2026-09-27T21:22:20.085187+00:00,502
greenbook,8958,Aquamal 20/120 Dispersible Tablets**,Artemether; Lumefantrine,Pinnacle Health Pharmaceutical &amp; Stores Ltd,Drugs,Dispersible tablet,20 mg; 120 mg,1 x 6&#039;s; 1 x 12&#039;s; 1 x 24&#039;s (in Alu-PVC blisters),A4-100865,Active,"Dispersible tablets.
A yellow-colored round shape biconvex uncoated dispersible tablet having one side break-line another side plain","Each uncoated tablet contains: Artemether 20 mg and Lumefantrine120 mg

Excipients:
Microcrystalline Cellulose (Plain), Colloidal Anhydrous Silica (Colloidal Silicon Dioxide), Croscarmellose Sodium (Vivasol), Magnesium Stearate, Hypromellose (H.P.M.C.E 15 cps)",Oral,P01BF01,https://admin.greenbook.nafdac.gov.ng/uploadImage/smpc_files/2025/01/26/202501268dddfa16-7a50-5f0a-93df-178d237c0492.pdf,2024-05-29,2029-05-28,https://greenbook.nafdac.gov.ng/products/details/8958,2026-09-27T21:22:20.085187+00:00,503
greenbook,7273,Aquamal Powder for Oral Suspension 20/120 mg**,Artemether; Lumefantrine,Pinnacle Health Pharmaceutical &amp; Stores Ltd,Drugs,Powder for suspension,20 mg; 120 mg,4.1 g x 12&#039;s (in Sachets),B4-6833,Active,"Powder for Oral Suspension.
Each 5 mL (after reconstitution) contains: Artemether 20 mg, Lumefantrine 120 mg, Excipients q.s.",,Oral,P01BF01,https://admin.greenbook.nafdac.gov.ng/uploadImage/smpc_files/2024/05/14/2024051437238930-52a8-5b36-959a-73cb843d839c.pdf,2024-04-30,2029-05-01,https://greenbook.nafdac.gov.ng/products/details/7273,2026-09-27T21:22:20.085187+00:00,504
greenbook,2795,Aquamal QS Capsules##,Artemether; Lumefantrine,Pinnacle Health Pharmaceutical &amp; Stores Ltd,Drugs,Capsule,80 mg; 480 mg, 1 X 6,B4-3100,Inactive,"AQUAMAL QS SOFGEL 80MG/480MG	ARTEMETHER 80MG ANG LUMEFANTRINE 480MG	ARTEMETHER 80MG AND LUMEFANTRINE 480MG	B4-3100	Drugs	Imported Product	1 X 6	22-10-2025	PINNACLE HEALTH PHARMACEUTICAL &amp; STORES LTD, 16/18 NURU ONIWO STREET, AGUDA SURULERE, LAGOS	08034707350	phppharma@yahoo.com	&quot;Olive PharmaScience Limited, 197/2, Athiyawad village
Dabhel Dawan-396210,
India&quot;
","Each capsule contains: Artemether 80 mg, Lumefantrine 480 mg",Oral,P01BF01,https://admin.greenbook.nafdac.gov.ng/uploadImage/smpc_files/2026/07/04/20260704ec3ecada-228a-5451-ad45-a05ba2673020.pdf,2026-04-28,2031-04-27,https://greenbook.nafdac.gov.ng/products/details/2795,2026-09-27T21:22:20.085187+00:00,505
greenbook,254,Aquapress (Sterile Water For Injection BP 10 mL)##,Sterilized water for injection,Precious Trust Limited,Drugs,Liquid,100%,1 x 10 mL (in ampoule),B4-5003,Active,Liquid,Aquapress contains: Sterile Water for Injection BP 10 mL,Intravenous,V07AB,,2021-10-28,2026-10-27,https://greenbook.nafdac.gov.ng/products/details/254,2026-09-27T21:22:20.085187+00:00,506
greenbook,619,Aquart Tablets##,Dihydroartemisinin; Piperaquine Phosphate,Aquatix Pharmaceuticals Limited,Drugs,Tablet,40 mg; 320 mg,,C4-1135,Inactive,Tablet,"Each tablet contains: Dihydroartemisinin 40 mg, Piperaquine Phosphate 320 mg",Oral,P01BF07,https://admin.greenbook.nafdac.gov.ng/uploadImage/smpc_files/2025/04/14/202504146299fdfa-4c36-5558-ab0b-c97113a8343d.pdf,2020-11-10,2025-11-09,https://greenbook.nafdac.gov.ng/products/details/619,2026-09-27T21:22:20.085187+00:00,507
greenbook,4411,Aquasulf Ointment##,Sulfur,Aphantee Pharma Nigeria Ltd,Drugs,Ointment,10%,, 04-5172,Active,"Ointment

AQUASULF OINTMENT	04-5172	AQUASULF OINTMENT	Precipitated Sulfur USP…..10 % w/w Mineral Oil USP…………..10 % w/w White Ointment USP…..….80 % w/w				Ointment	Over The Counter (OTC)		APHANTEE PHARM NIGERIA LTD, SUITE FF 11, PACIFIC COMPLEX AWKA ROAD ONITSHA ANAMBRA	Nigeria	YASH MEDICARE PVT LTD, NR.SABAR DAIRY TALOAD ROAD TA. HIMATNAGAR 383006 GUJARAT INDIA, India		1/26/2023	1/25/2028","Aquasulf Ointment contains: Precipitated Sulfur USP 10% w/w
Excipients: Mineral Oil USP 10% w/w, White Ointment USP 80% w/w",Topical,D11AC08,https://admin.greenbook.nafdac.gov.ng/uploadImage/smpc_files/2025/05/02/20250502de5b7cf0-ce45-5a8b-8bf3-7c661ff2df12.pdf,2023-01-26,2028-01-25,https://greenbook.nafdac.gov.ng/products/details/4411,2026-09-27T21:22:20.085187+00:00,508
greenbook,620,Aquatix Omeprazole Capsules##,Omeprazole,Aquatix Pharmaceuticals Limited,Drugs,Capsule,20 mg,,C4-1142,Inactive,Capsule,Each capsule contains: Omeprazole 20 mg,Oral,A02BC01,https://admin.greenbook.nafdac.gov.ng/uploadImage/smpc_files/2025/04/08/202504084c7bea44-fa61-58fd-b20a-f509e2b7874f.pdf,2020-11-10,2025-11-09,https://greenbook.nafdac.gov.ng/products/details/620,2026-09-27T21:22:20.085187+00:00,509
greenbook,12436,Aquatix Risperidone Tablet $,Risperidone,Aquatix Pharmaceuticals Limited,Drugs,Tablet,2mg,3X10,C4-0921,Active,"Aquatix Risperidone Tablet	Risperidone 2mg Tablet	&quot;1. RISPERIDONE USP 2.00MG
2. MAIZE STARCH BP 54.39MG
3. CALCIUM CARBONATE BP 40.90MG
4. PVP K-30 BP 2.15MG
5. SODIUM PROPYL PARABEN BP 0.01MG
6. SODIUM METHYL PARABEN BP 0.05MG
7. MAGNESIUM STEARATE BP 4.00MG
8. PURIFIED TALC BP 4.00MG 
9. COLLOIDAL SILICON DI OXIDE BP 1.00MG
11. CROSS CARMELLOSE SODIUM BP 10.0MG&quot;	C4-0921	Drugs	Imported Product	3X10	30-04-2025	AQUATIX PHARMACEUTICALS LIMITED, 7, Sapara Williams Street, Industrial Estate, Ikeja. Lagos. Nigeria.	07064946450	aquatixnigeria@gmail.com	 MCW Healthcare Pvt Ltd, M/s McW healthcare Pvt Ltd.286,287-A,287-B sector-E industrial area, sanwer Road,indore,M/s McW healthcare Pvt Ltd.286,287-A,287-B sector-E industrial area, sanwer Road,indore
","Each film coated tablet contains: Risperidone USP 2 mg
Excipients: qs.",Oral,N05AX08 ,https://admin.greenbook.nafdac.gov.ng/uploadImage/smpc_files/2026/05/22/20260522972adadc-1d6c-5531-8aaf-ad92a25ec098.pdf,2026-02-24,2031-02-23,https://greenbook.nafdac.gov.ng/products/details/12436,2026-09-27T21:22:20.085187+00:00,510
greenbook,1816,Aquixim 400##,Cefixime (Cefixime Trihydrate),Aquatix Pharmaceuticals Limited,Drugs,Tablet,400 mg,10 x 1 x 10&#039;s (in Alu-Alu blisters),B4-5760,Inactive,"Tablet
An orange colored, elongated, biconvex film coated tablet","Each film coated tablet contains: Cefixime (as Trihydrate) USP equivalent to Anhydrous Cefixime 400 mg
Excipients q.s.
Color: Approved color

",Oral,J01DD08,https://admin.greenbook.nafdac.gov.ng/uploadImage/smpc_files/2023/05/27/202305275fbe8a89-978f-5b81-b047-28dc6893fa26.pdf,2021-05-07,2026-05-06,https://greenbook.nafdac.gov.ng/products/details/1816,2026-09-27T21:22:20.085187+00:00,511
greenbook,2994,Aquixim Suspension##,Cefixime (Cefixime Trihydrate),Aquatix Pharmaceuticals Limited,Drugs,Powder for suspension,100 mg/5 mL,1 x 100 mL (in HDPE bottle),B4-5761,Inactive,"Powder for Oral Suspension
","Each 5 mL reconstituted suspension contains: Cefixime Trihydrate USP equivalent to Cefixime Anhydrous 100 mg
Excipients q.s.
Approved color used
",Oral,J01DD08,https://admin.greenbook.nafdac.gov.ng/uploadImage/smpc_files/2024/09/13/2024091354f4b300-b1bd-5ba0-9aee-4de83733f3bb.pdf,2021-03-01,2026-02-28,https://greenbook.nafdac.gov.ng/products/details/2994,2026-09-27T21:22:20.085187+00:00,512
greenbook,6618,Arbitel 40 Tablets**,Telmisartan,Micro Nova Pharmaceuticals Ind Ltd,Drugs,Tablet,40 mg,3 x 10&#039;s (in Alu-Alu blisters),A4-5988,Active,"Tablets.
White to off-white coloured, oval shaped, biconvex uncoated tablets with T 40 engraved on one side and plain on the other side",Each uncoated tablet contains:  Telmisartan USP 40 mg,Oral,C09CA07,https://admin.greenbook.nafdac.gov.ng/uploadImage/smpc_files/2024/01/01/20240101418ab017-389b-5daa-93b7-6ee7a6112f05.pdf,2023-12-21,2028-12-20,https://greenbook.nafdac.gov.ng/products/details/6618,2026-09-27T21:22:20.085187+00:00,513
greenbook,5892,Arbitel 80 H Tablets**,Telmisartan; Hydrochlorothiazide,Micro Nova Pharmaceuticals Ind Ltd,Drugs,Tablet,80 mg; 12.5 mg,3 x 10&#039;s,B4-7726,Active,Uncoated tablet,Telmisartan 80 mg &amp; Hydrochlorothiazide 12.5 mg Tablets,Oral,C09DA07,https://admin.greenbook.nafdac.gov.ng/uploadImage/smpc_files/2024/12/27/20241227bdf94609-166b-53b5-b3c1-71547cdafef3.pdf,2023-04-26,2028-04-25,https://greenbook.nafdac.gov.ng/products/details/5892,2026-09-27T21:22:20.085187+00:00,514
greenbook,6159,Arbitel 80 Tablets**,Telmisartan,Micro Nova Pharmaceuticals Ind Ltd,Drugs,Tablet,80 mg,3 x 10&#039;s (in Alu-Alu blisters),A4-5989,Active,"Tablets.
White to off-white coloured, capsule shaped, biconvex uncoated tablets with T8O engraved on one side and plain on the other side",Each uncoated tablet contains:  Telmisartan USP 80 mg,Oral,C09CA07,https://admin.greenbook.nafdac.gov.ng/uploadImage/smpc_files/2023/10/09/20231009e916b0e4-7fa1-5197-bc93-e53310708365.pdf,2023-09-28,2028-09-27,https://greenbook.nafdac.gov.ng/products/details/6159,2026-09-27T21:22:20.085187+00:00,515
greenbook,5519,Arbitel H Tablets**,Telmisartan; Hydrochlorothiazide,Micro Nova Pharmaceuticals Ind Ltd,Drugs,Tablet,40 mg; 12.5 mg,3 x 10&#039;s,A4-5987,Active,"Tablets.
White and Orange coloured, caplet shaped uncoated bilayered tablets with MICRO/MICRO printed in both sides","Telmisartan &amp; Hydrochlorothiazide Tablets.
Each uncoated bilayered tablet contains: Telmisartan BP 40 mg, Hydrochlorothiazide Ph.Eur 12.5mg.

Excipients with known effect:
Each tablet contains 40.000 mg Lactose monohydrate",Oral,C09DA07,https://admin.greenbook.nafdac.gov.ng/uploadImage/smpc_files/2023/09/23/20230923258fd50e-7d88-5999-bf3e-35ef2abcf36f.pdf,2023-04-26,2028-04-25,https://greenbook.nafdac.gov.ng/products/details/5519,2026-09-27T21:22:20.085187+00:00,516
greenbook,7779,Arbitel-AM Tablets**,Amlodipine (Amlodipine Besilate); Telmisartan,Micro Nova Pharmaceuticals Ind Ltd,Drugs,Tablet,5 mg; 40 mg,3 x 10&#039;s (in Alu-Alu blisters),A4-8641,Inactive,"Tablets.
Yellow coloured, circular, biconvex film-coated tablets with a breakline on one surface.
Breakline is to facilitate breaking for ease of swallowing and not for dividing into equal doses","Each film coated tablet contains: Telmisartan BP 40 mg, Amlodipine Besilate BP equivalent to Amlodipine 5 mg",Oral,,https://admin.greenbook.nafdac.gov.ng/uploadImage/smpc_files/2024/09/14/20240914739c1d0a-3d11-5d2a-b3f7-9bf18152098a.pdf,2021-02-25,2026-02-24,https://greenbook.nafdac.gov.ng/products/details/7779,2026-09-27T21:22:20.085187+00:00,517
greenbook,4386,Arbiter Injection α-β Arteether 150 mg/2 mL**,α-β Arteether,Maydon Pharmaceuticals Limited,Drugs,Solution for injection,150 mg/2 mL,2 mL x 3&#039;s (in ampoules),B4-1812,Active,Oily solution for injection in 2-mL ampoule,,Intramuscular,P01BE,,2022-08-25,2027-08-24,https://greenbook.nafdac.gov.ng/products/details/4386,2026-09-27T21:22:20.085187+00:00,518
greenbook,3262,Arcadia Tablet 1 mg##,Dexamethasone,Evergreen Morning Star Pharmaceutical Ind. Ltd,Drugs,Tablet,1 mg,,A11-100347,Active,Tablet,"Each tablet contains: Dexamethasone BP 1 mg
",Oral,H02AB02,,2021-12-16,2026-12-15,https://greenbook.nafdac.gov.ng/products/details/3262,2026-09-27T21:22:20.085187+00:00,519
greenbook,3263,Arcadia Tablets 0.5 mg##,Dexamethasone,Evergreen Morning Star Pharmaceutical Ind. Ltd,Drugs,Tablet,0.5 mg,,A11-100348,Active,Tablet,"Each tablet contains: Dexamethasone BP 0.5 mg
",Oral,H02AB02,,2021-12-16,2026-12-15,https://greenbook.nafdac.gov.ng/products/details/3263,2026-09-27T21:22:20.085187+00:00,520
greenbook,7827,Arcerin Tablets**,Cefixime (Cefixime Trihydrate),JB Pharmaceuticals Limited,Drugs,Tablet,400 mg,1 x 10&#039;s (in Alu-Alu blister),B4-1501,Inactive,"Film-coated tablet.
Off white colour oblong shape, biconvex film coated tablets having breakline on one side and other side plain","Each film coated tablet contains: Cefixime (as Trihydrate) USP equiv. to anhydrous Cefixime 400 mg, Excipients q.s.
Colour: Titanium Dioxide BP",Oral,,https://admin.greenbook.nafdac.gov.ng/uploadImage/smpc_files/2024/09/19/202409190aeb93ba-47ae-5d0c-8b7d-3e8a63541100.pdf,2021-06-24,2026-06-23,https://greenbook.nafdac.gov.ng/products/details/7827,2026-09-27T21:22:20.085187+00:00,521
greenbook,12062,Archivite Syrup**,Vitamins,Archy Pharmaceuticals Limited,Drugs,Syrup,see Composition,1 x 100 mL (in amber glass bottle),A4-4531,Active,"Oral Liquid
Brownish coloured syrup","Each 10 mL contains: Vitamin  A, Vitamin C, Vitamin B1, Vitamin B2, Vitamin B12, Vitamin D, Excipients q.s.",Oral,A11B,https://admin.greenbook.nafdac.gov.ng/uploadImage/smpc_files/2025/11/18/202511183c3aa457-e33d-5601-814b-c0cbac859196.pdf,2025-09-24,2030-09-23,https://greenbook.nafdac.gov.ng/products/details/12062,2026-09-27T21:22:20.085187+00:00,522
greenbook,8505,Archy Folic Acid Tablet**,Folic acid,Archy Pharmaceuticals Limited,Drugs,Tablet,5 mg,1 x 1000&#039;s,A11-100769,Active,Tablet,Folic Acid 5 mg,Oral,,https://admin.greenbook.nafdac.gov.ng/uploadImage/smpc_files/2025/01/03/202501034549f6bb-bb16-5c07-93af-d4c7990d67fa.pdf,2024-09-25,2029-09-24,https://greenbook.nafdac.gov.ng/products/details/8505,2026-09-27T21:22:20.085187+00:00,523
greenbook,11952,Archy Ibuprofen Suspension_,Ibuprofen,Archy Pharmaceuticals Limited,Drugs,Suspension,100 mg/5 mL,1 x 100 mL (in amber glass bottle),A11-100987,Active,"Suspension.
A light-orange colored suspension with characteristic smell in an amber PET bottle","Each 5 mL contains: Ibuprofen 100 mg
Excipients q.s.",Oral,M01AE01,https://admin.greenbook.nafdac.gov.ng/uploadImage/smpc_files/2025/11/18/20251118e5aa732e-5840-5f59-beac-596cc81ccfd1.pdf,2025-09-24,2030-09-23,https://greenbook.nafdac.gov.ng/products/details/11952,2026-09-27T21:22:20.085187+00:00,524
greenbook,8506,Archy Zinc Sulphate Tablet USP 20 mg##,Zinc (Zinc Sulfate),Archy Pharmaceuticals Limited,Drugs,Tablet,20 mg,10 x 10&#039;s (in PVC-Alu blisters),A11-0897,Active,"Tablet
White circular uncoated tablet","Each tablet contains: Zinc Sulfate equivalent to elemental Zinc 20 mg
Excipients q.s.",Oral,A12CB01,https://admin.greenbook.nafdac.gov.ng/uploadImage/smpc_files/2025/01/03/20250103fea168ca-615a-594e-9739-35fc2d1edb5d.pdf,2024-09-25,2029-09-24,https://greenbook.nafdac.gov.ng/products/details/8506,2026-09-27T21:22:20.085187+00:00,525
greenbook,12063,Arcofan Tablets 20/120**,Artemether; Lumefantrine,Pharmgate Healthcare Limited,Drugs,Tablet,20 mg; 120 mg,1 x 24&#039;s (in PVC-Alu blister),B4-2439,Active,"Uncoated Tablet.
Yellow colored, round shaped, biconvex, uncoated tablet, break line on one side and plain on the other side","Each uncoated tablet contains: Artemether I.H. 20 mg, Lumefantrine USP 120 mg

Excipients:
Microcrystalline Cellulose, Maize Starch, Gelatin (Gelling Grade), Povidone K-30, Methyl Hydroxybenzoate, Propyl Hydroxybenzoate, Polysorbate 80, Purified Water, Purified Talc, Magnesium Stearate, Crospovidone (Type A), Colloidal Anhydrous Silica, Tartrazine",Oral,P01BF01,https://admin.greenbook.nafdac.gov.ng/uploadImage/smpc_files/2025/12/05/20251205124dcbdd-65ce-5fdc-a5f6-c9b853f7d1a8.pdf,2025-10-29,2030-10-28,https://greenbook.nafdac.gov.ng/products/details/12063,2026-09-27T21:22:20.085187+00:00,526
greenbook,12064,Arcofan Tablets 80/480**,Artemether; Lumefantrine,Pharmgate Healthcare Limited,Drugs,Tablet,80 mg; 480 mg,1 x 6&#039;s (in PVC-Alu blister),A4-5155,Active,"Uncoated Tablet.
Yellow colored, round shaped, biconvex, uncoated tablet, break line on one side and plain on the other side","Each tablet contains: Artemether I.H. 80 mg, Lumefantrine USP 480 mg

Excipients:
Microcrystalline Cellulose, Maize Starch, Gelatin (Gelling Grade), Povidone K-30, Methyl Hydroxybenzoate, Propyl Hydroxybenzoate, Polysorbate 80, Purified Water, Purified Talc, Magnesium Stearate, Crospovidone (Type A), Colloidal Anhydrous Silica, Tartrazine",Oral,P01BF01,https://admin.greenbook.nafdac.gov.ng/uploadImage/smpc_files/2025/12/05/202512056b8c07fb-c4ec-557c-a17d-0e72c7efa934.pdf,2025-10-29,2030-10-28,https://greenbook.nafdac.gov.ng/products/details/12064,2026-09-27T21:22:20.085187+00:00,527
greenbook,6480,Ardemag Capsule##,Omeprazole,SKG - Pharma Ltd,Drugs,Capsule,20 mg,2 x 10&#039;s (in PVC-Alu blisters),A11-0785,Active,"Hard gelatin capsule containing off-white to cream spherical pellets

ARDEMAG CAPSULE	OMEPRAZOLE	OMEPRAZOLE 20MG, ENTRIC-COATED PELLETS	A11-0785	Drugs	ALIMENTARY TRACT AND METABOLISM	Nigerian Products	2X10	POM 1	23/12/2022	SKG - PHARMA LTD, SAPARA WILLIAMS STREET, OFF OBA AKRAN, IKEJA LAGOS LAGOS	8028307393	uinieke@yahoo.com	SKG-PHARMA LIMITED, 7/9 SAPARA STREET, OFF OBA AKRAN AVENUE, IKEJA, LAGOS., Nigeria","Each capsule contains: Omeprazole 20 mg
Excipients: Omeprazole Enteric Coated Pellets",Oral,A02BC01,https://admin.greenbook.nafdac.gov.ng/uploadImage/smpc_files/2023/12/14/202312142ec4470d-9035-56c7-83fb-69eec2d88995.pdf,2023-11-30,2028-11-29,https://greenbook.nafdac.gov.ng/products/details/6480,2026-09-27T21:22:20.085187+00:00,528
greenbook,4412,Arenax Plus Tablets**,Artemether; Lumefantrine,Swiss Pharma Nigeria Limited,Drugs,Tablet,20 mg; 120 mg,4 x 6&#039;s (in Alu/PVC blisters), A4-2180,Active,"Film-coated Tablet.
Yellow colour, biconvex film coated tablets having both sides plain","Artemether 20 mg &amp; Lumefantrine 120 mg Tablets.
Each film coated tablet contains: Artemether 20 mg, Lumefantrine USP 120 mg, Excipients q.s.
Colour: Quinoline Yellow &amp; Titanium Dioxide BP",Oral,P01BF01,https://admin.greenbook.nafdac.gov.ng/uploadImage/smpc_files/2024/09/02/20240902ae401de0-7f7f-569a-945e-3d57be240c05.pdf,2023-02-23,2028-02-22,https://greenbook.nafdac.gov.ng/products/details/4412,2026-09-27T21:22:20.085187+00:00,529
greenbook,6496,Arenol Paracetamol Tablet##,Paracetamol,Kwara Chemical Company Limited,Drugs,Tablet,500 mg,8 x 12&#039;s (in PVC-Alu blisters),04-4250,Active,"Tablet
A White circular tablet “KCC” on one side and “P/500” on the other side

ARENOL PARACETAMOL TABLET	PARACETAMOL	PARACETAMOL 500MG	Apr-50	Drugs	VARIOUS	Nigerian Products	X1000, 12x8	OTC	03/05/2023	KWARA CHEMICAL COMPANY LIMITED, 3 OKO ERIN ROAD	8066155261	kwarachemical@yahoo.com	KWARA CHEMICAL COMPANY LIMITED, 3, OKO-ERIN ROAD, ILORIN, KWARA STATE, NIGERIA., Nigeria","Each tablet contains: Paracetamol 500 mg
Excipients: Maize Starch, Purified Talc, Lactose, Gelatin, Methylparaben, Propylparaben, Magnesium Stearate",Oral,N02BE01,https://admin.greenbook.nafdac.gov.ng/uploadImage/smpc_files/2023/12/17/20231217c6c5ad76-3b3e-5836-b76b-40749bd4b107.pdf,2023-11-30,2028-11-29,https://greenbook.nafdac.gov.ng/products/details/6496,2026-09-27T21:22:20.085187+00:00,530
greenbook,7801,Argesun Injections 120 mg**,Artesunate,Tridem Pharma Nigeria Limited,Drugs,Powder for injection,120 mg,1 x 1&#039;s (in glass vial) + Solvent (in glass ampoule),A4-100909,Active,"Artesunate for injection:
White crystalline powder for solution for injection in colourless glass vial.

Solvent:
Clear, colourless liquid in colourless glass ampoule (Sodium bicarbonate and Arginine Injection)","Artesunate for injection 120 mg:
Each vial contains: Artesunate powder 120 mg

Solvent:
Each ampoule of 6 mL solvent contains: Sodium bicarbonate 8.4 mg/mL; Arginine 20 mg/mL; H2O",Intravenous; Intramuscular,P01BE03,https://admin.greenbook.nafdac.gov.ng/uploadImage/smpc_files/2024/07/20/20240720e7f51ba4-ab46-5e75-9eca-b6c2305eccce.pdf,2024-06-27,2029-06-26,https://greenbook.nafdac.gov.ng/products/details/7801,2026-09-27T21:22:20.085187+00:00,531
greenbook,7258,Argesun Injections 180 mg**,Artesunate,Tridem Pharma Nigeria Limited,Drugs,Powder for injection,180 mg,1 x 1&#039;s (in glass vial) + Solvent (in glass ampoule),A4-100796,Active,"Artesunate for injection:
White crystalline powder for solution for injection in colourless glass vial.
Each vial contains: Artesunate powder 180 mg

Solvent:
Clear, colourless liquid in colourless glass ampoule (Sodium bicarbonate and Arginine Injection)
Each ampoule of 9 mL solvent contains: Sodium bicarbonate 8.4 mg/mL; Arginine 20 mg/mL; H2O",,Intravenous; Intramuscular,P01BE03,https://admin.greenbook.nafdac.gov.ng/uploadImage/smpc_files/2024/11/28/20241128470ab1df-5adf-5714-a10c-53ccdf201c29.pdf,2024-03-27,2029-03-26,https://greenbook.nafdac.gov.ng/products/details/7258,2026-09-27T21:22:20.085187+00:00,532
greenbook,7802,Argesun Injections 30 mg**,Artesunate,Tridem Pharma Nigeria Limited,Drugs,Powder for injection,30 mg,1 x 1&#039;s (in glass vial) + Solvent (in glass ampoule),A4-100910,Active,"Artesunate for injection:
White crystalline powder for solution for injection in colourless glass vial.

Solvent:
Clear, colourless liquid in colourless glass ampoule (Sodium bicarbonate and Arginine Injection)","Artesunate for injection 30 mg:
Each vial contains: Artesunate powder 30 mg

Solvent:
Each ampoule of 1.5 mL solvent contains: Sodium bicarbonate 8.4 mg/mL; Arginine 20 mg/mL; H2O",Intravenous; Intramuscular,P01BE03,https://admin.greenbook.nafdac.gov.ng/uploadImage/smpc_files/2024/07/20/20240720c87454b7-fc5c-548e-8a30-c2cd8a914fa6.pdf,2024-06-27,2029-06-26,https://greenbook.nafdac.gov.ng/products/details/7802,2026-09-27T21:22:20.085187+00:00,533
greenbook,7363,Argesun Injections 60 mg**,Artesunate,Tridem Pharma Nigeria Limited,Drugs,Powder for injection,60 mg,1 x 1&#039;s (in glass vial) + Solvent (in glass ampoule),A4-100719,Active,"Artesunate for injection:
White crystalline powder for solution for injection in colourless glass vial.
Each vial contains: Artesunate powder 60 mg

Solvent:
Clear, colourless liquid in colourless glass ampoule (Sodium bicarbonate and Arginine Injection)
Each ampoule of 3 mL solvent contains: Sodium bicarbonate 8.4 mg/mL; Arginine 20 mg/mL; H2O",,Intravenous; Intramuscular,P01BE03,https://admin.greenbook.nafdac.gov.ng/uploadImage/smpc_files/2024/02/16/20240216cc90b327-1922-5e67-a91f-f3940ee0a2a0.pdf,2024-01-31,2029-01-30,https://greenbook.nafdac.gov.ng/products/details/7363,2026-09-27T21:22:20.085187+00:00,534
greenbook,10597,Arigesic Gel#,Diclofenac Sodium (Diclofenac Diethylamine); Methyl salicylate; Menthol; Linseed oil,Makki Pharmaceuticals Ltd,Drugs,Gel,1%; 10%; 5%; 3%,1 x 30 g (in Lami tube),A4-101151,Active,"Gel
White, smooth, homogeneous gel with a slight characteristic odor

NF-PP-465569	ARIGESIC GEL	DICLOFENAC SODIUM BP 1.0%W/W, MENTHOL BP 5.0%W/W,METHYL SALICYLATE BP 10.0W/W, LINSEED OIL BP 3.0% W/W	CONTAINS DICLOFENAC DIETHYLAMINE BP 1.16%W/W EQUIVALENT TO DICLOFENAC SODIUM BP 1.0% W/W MENTHOL BP 5.0%W/W METHYL SALICYLATE BP 10.0% W/W LINSEED OIL BP 3.0%W/W EXCIPIENTS CARBOMER DIETHYLAMINE ISOPROPYL ALCOHOL PROPYLENE GLYCOL POLYSORBATE-80 CETOSTEARYL ALCOHOL PURIFIED WATER		Drugs	Imported Products	1X30G	OTC	12/9/2024	MAKKI PHARMACEUTICALS LTD, 55 commissioners quarters Road, Ifite Awka Anambra State Nigeria	8063803298	makkipharmaceuticallimited@gmail.com	MERIT ORGANICS LIMITED, PLOT NO 2104/2/A GIDC,SARIGAM, BHILAD. DIST-VALSAD - 396155 GUJARAT INDIA , India						","Each gram contains: Diclofenac Diethylamine BP 1.16% w/w equivalent to Diclofenac Sodium BP 1.0% w/w, Methyl Salicylate BP 10.0% w/w, Menthol BP 5.0% w/w, Linseed Oil BP 3.0% w/w
Excipient(s) with known effect: lsopropyl Alcohol , Diethylamine, Polysorbate -80 and Cetostearyl-Alcohol
Excipients q.s.

",Topical,M02AA15,https://admin.greenbook.nafdac.gov.ng/uploadImage/smpc_files/2025/03/19/202503194f097e8f-885a-5f54-8000-c29616cafe8d.pdf,2025-01-30,2030-01-29,https://greenbook.nafdac.gov.ng/products/details/10597,2026-09-27T21:22:20.085187+00:00,535
greenbook,10028,"Arigold Clotrimazole, Betamethasone and Neomycin Sulphate Cream#",Betamethasone; Clotrimazole; Neomycin sulfate,Makki Pharmaceuticals Ltd,Drugs,Cream,0.05%; 1%; 0.5%,1 x 30 gm (in Lamitube),A4-101150,Active,"Cream
White soft mass filled in lami collapsible tube

NF-PP-456215	ARIGOLD CLOTRIMAZOLE, BETAMETHASONE AND NEOMYCIN SULPHATE CREAM	Clotrimazole USP 1.0% w/w Betamethasone Dipropionate USP Eq. to Betamethasone 0.05%w/w Neomycin sulphate USP 0.5%w/w Preservative: Chlorocresol USP 0.1% w/w	COMPOSITION: CLOTRIMAZOLE USP 1.0% W/W BETAMETHASONE DIPROPIONATE USP EQ. TO BETAMETHASONE 0.05%W/W NEOMYCIN SULPHATE USP 0.5%W/W PRESERVATIVE: CHLOROCRESOL USP 0.1% W/W CREAM BASE Q.S EXCIPIENTS CLOTRIMAZOLE BETAMETHASONE DIPROPIONATE EQ. BETAMETHASONE NEOMYCIN SULPHATE CHLOROCRESOL PETROLIUM JELLY CETOSTEARYL ALCOHOL C.M. -1000 LIGHT LIQUID PARAFFIN PROPYLENE GLYCOL DI.SODIUM EDTA TWEEN 80		Drugs	Imported Products	1X30G	Prescription Only Medicine (POM)	10/30/2024	MAKKI PHARMACEUTICALS LTD, 55 commissioners quarters Road, Ifite Awka Anambra State Nigeria	8063803298	makkipharmaceuticallimited@gmail.com	MERIT ORGANICS LIMITED, PLOT NO 2104/2/A GIDC,SARIGAM, BHILAD. DIST-VALSAD - 396155 GUJARAT INDIA , India				","Each gram contains: Betamethasone Dipropionate USP equivalent to Betamethasone Base 0.05% w/w, Clotrimazole USP 1.0% w/w, Neomycin Sulphate USP 0.5% w/w, Preservative: Chlorocresol USP 0.1% w/w
Excipients q.s.",Topical,D07CC01,https://admin.greenbook.nafdac.gov.ng/uploadImage/smpc_files/2025/05/11/202505119e7e7321-f1c4-5537-ac1a-fff2935fac3e.pdf,2025-01-30,2030-01-29,https://greenbook.nafdac.gov.ng/products/details/10028,2026-09-27T21:22:20.085187+00:00,536
greenbook,11107,"Arigold Clotrimazole, Betamethasone and Neomycin Sulphate Cream_",Betamethasone; Clotrimazole; Neomycin sulfate,Makki Pharmaceuticals Ltd,Drugs,Cream,0.05%; 1%; 0.5%,1 x 30 g (in lami tube),A4-101150,Active,"Cream.
White, soft mass filled in laminated collapsible tube","Each gram contains: Betamethasone Dipropionate USP equiv. to Betamethasone Base 0.05% w/w, Clotrimazole USP 1.0% w/w, Neomycin Sulphate USP 0.5% w/w 
Preservative: Chlorocresol USP 0.1% w/w
Excipients q.s.
Cream base q.s.",Topical,D07CC01,https://admin.greenbook.nafdac.gov.ng/uploadImage/smpc_files/2025/05/25/20250525aaff98c8-16df-5bab-afbc-983600104c43.pdf,2025-01-30,2030-01-29,https://greenbook.nafdac.gov.ng/products/details/11107,2026-09-27T21:22:20.085187+00:00,537
greenbook,8389,Arigold Ketoconazole Cream BP 2.0% **,Ketoconazole,Makki Pharmaceuticals Ltd,Drugs,Cream,2%,20 g (in laminated tube),A4-101046,Active,Topical cream,"Ketoconazole Cream BP 2.0%

Excipients:
Cetostearyl Alcohol BP, Ceto macrogol 1000 BP, Liquid Light Paraffin BP, White Petroleum Jelly BP, Chlorocresol (PCMC) BP, Propylene Glycol BP, Disodium EDTA BP, Disodium Hydrogen Ortho Phosphate BP, Tween 80 BP, Purified Water BP",Topical,D01AC08,https://admin.greenbook.nafdac.gov.ng/uploadImage/smpc_files/2024/11/04/20241104d5941c8e-cdbf-593c-8a96-f388147e06fe.pdf,2024-09-25,2029-09-24,https://greenbook.nafdac.gov.ng/products/details/8389,2026-09-27T21:22:20.085187+00:00,538
greenbook,6495,Arintrim Tablets**,Sulfamethoxazole; Trimethoprim,Kwara Chemical Company Limited,Drugs,Tablet,400 mg; 80 mg,10 x 10&#039;s (in Alu-PVC blisters),04-4723,Active,"Tablets
A white circular tablet “KCC” on one side and “coTm/480” on the other side","Each tablet contains: Trimethoprim 80 mg, Sulfamethoxazole 400 mg.

Excipients:
Maize Starch, Purified Talc, Gelatin, Methylparaben, Proylparaben, Magnesium Stearate",Oral,J01EE01,https://admin.greenbook.nafdac.gov.ng/uploadImage/smpc_files/2023/12/17/202312176b0170d3-a9df-5828-97c5-9b9cba953988.pdf,2023-11-30,2028-11-29,https://greenbook.nafdac.gov.ng/products/details/6495,2026-09-27T21:22:20.085187+00:00,539
greenbook,10600,Arisol cream 0.05% w/w_,Clobetasol Propionate,Makki Pharmaceuticals Ltd,Drugs,Cream,0.05%,1 x 30 g (in lami tube),A4-101171,Active,"Cream.
White soft mass filled in laminated tubes","Each gram contains: Clobetasol Propionate USP 0.05%
Cream base q.s.
Excipients q.s.",Topical,D07AD01,https://admin.greenbook.nafdac.gov.ng/uploadImage/smpc_files/2025/06/27/2025062770150a3f-6989-5e85-bc30-3e07546fd0a1.png,2025-03-01,2030-01-29,https://greenbook.nafdac.gov.ng/products/details/10600,2026-09-27T21:22:20.085187+00:00,540
greenbook,255,Aristobet-N Eye Ointment##,Betamethasone (Betamethasone Sodium Phosphate); Neomycin sulfate,Vitacare Pharmacy Limited,Drugs,Ointment,0.1%; 0.5%,1 x 3 g (in Alu tube),B4-4868,Active,"Ophthalmic Ointment
A very light yellow semi-solid greasy mass (ointment) free from any visible extraneous matter","Each g contains Betamethasone Sodium Phosphate 0.1%, Neomycin Sulfate 0.5%
Preservative: Methylparaben, Propylparaben
Excipients q.s.",Ophthalmic,S01CA05,https://admin.greenbook.nafdac.gov.ng/uploadImage/smpc_files/2023/05/28/202305283901d68c-c4db-55d2-a23e-6d5c4a3e3344.pdf,2021-10-28,2026-10-27,https://greenbook.nafdac.gov.ng/products/details/255,2026-09-27T21:22:20.085187+00:00,541
greenbook,256,"Aristobet-N Eye, Ear & Nasal Drops##",Betamethasone (Betamethasone Sodium Phosphate); Neomycin sulfate,Vitacare Pharmacy Limited,Drugs,Suspension/Drops,0.1%; 0.5%,1 x 5 mL (in LDPE bottle),A4-4581,Active,"Ear/Eye/Nose Drops, Solution
A clear and almost colorless solution","Aristobet-N Eye, Ear &amp; Nasal Drops: Betamethasone Sodium Phosphate 0.1% w/v, Neomycin Sulfate 0.5% w/v
Excipients q.s.",Ophthalmic/Otic/Nasal,S03CA06,https://admin.greenbook.nafdac.gov.ng/uploadImage/smpc_files/2023/05/28/20230528e08fc050-1d5c-5185-8cf0-bba9c47e7e35.pdf,2021-10-28,2026-10-27,https://greenbook.nafdac.gov.ng/products/details/256,2026-09-27T21:22:20.085187+00:00,542
greenbook,257,Aristomol Eye Drops##,Timolol (Timolol Maleate),Vitacare Pharmacy Limited,Drugs,Solution/Drops,0.5%,1 x 5 mL (in LDPE bottle),A4-3508,Active,"Eye Drops, Solution
A clear and almost colorless solution
","Each mL contains: Timolol Maleate BP equivalent to Timolol base 5 mg
Excipients q.s.",Ophthalmic,S01ED01,https://admin.greenbook.nafdac.gov.ng/uploadImage/smpc_files/2023/05/28/202305280ebb1044-bd72-5edc-b4ab-78a247671b85.pdf,2021-10-28,2026-10-27,https://greenbook.nafdac.gov.ng/products/details/257,2026-09-27T21:22:20.085187+00:00,543
greenbook,9801,Aritadine Ointment USP 5% w/w**,Povidone-iodine,Makki Pharmaceuticals Ltd,Drugs,Ointment,5%,1 x 30 g (in Aluminum collapsible tube),A4-101176,Active,Ointment			,"Aritadine Ointment contains: Povidone-Iodine USP 5% w/w
Excipients: Polyethylene Glycol 400, Polyethylene Glycol 3350, Sodium Bicarbonate
",Topical,D08AG02,https://admin.greenbook.nafdac.gov.ng/uploadImage/smpc_files/2025/04/05/2025040568936569-d1a7-5704-975a-d696fb0ffc15.pdf,2025-01-30,2030-01-29,https://greenbook.nafdac.gov.ng/products/details/9801,2026-09-27T21:22:20.085187+00:00,544
greenbook,2796,Arlunart 20/120 Tablet##,Artemether; Lumefantrine,Nafro Pharma Nigeria Limited,Drugs,Tablet,20 mg; 120 mg,,C4-1355,Inactive,Tablet,"Each tablet contains: Artemether 20 mg, Lumefantrine 120 mg",Oral,P01BF01,,2020-12-21,2025-12-20,https://greenbook.nafdac.gov.ng/products/details/2796,2026-09-27T21:22:20.085187+00:00,545
greenbook,2797,Arlunart 80/480 Tablet##,Artemether; Lumefantrine,Nafro Pharma Nigeria Limited,Drugs,Tablet,80 mg; 480 mg,,C4-1356,Inactive,Tablet,"Each tablet contains: Artemether 80 mg, Lumefantrine 480 mg",Oral,P01BF01,,2020-12-21,2025-12-20,https://greenbook.nafdac.gov.ng/products/details/2797,2026-09-27T21:22:20.085187+00:00,546
greenbook,11532,Arnate DS Tablets**,Artemether; Lumefantrine,Mednoral Pharmaceutical Limited,Drugs,Tablet,80 mg; 480 mg,1 x 6&#039;s (in Alu-PVC blister),A4-101468,Active,Uncoated Tablets,"Each uncoated  tablet contains:  Artemether 80 mg and Lumefantrine 480 mg, Excipients q.s.",Oral,P01BF01,https://admin.greenbook.nafdac.gov.ng/uploadImage/smpc_files/2025/10/31/20251031ea89b1a5-1c8a-5a6c-96f1-5d512a060048.pdf,2025-08-27,2030-08-26,https://greenbook.nafdac.gov.ng/products/details/11532,2026-09-27T21:22:20.085187+00:00,547
greenbook,11533,Arnate Tablets 20 mg/120 mg**,Artemether; Lumefantrine,Mednoral Pharmaceutical Limited,Drugs,Tablet,20 mg; 120 mg,1 x 24&#039;s (in blister),A4-101473,Active,Uncoated Tablet,"Each uncoated  tablet contains:  Artemether 20 mg and Lumefantrine 120 mg, Excipients q.s.",Oral,P01BF01,https://admin.greenbook.nafdac.gov.ng/uploadImage/smpc_files/2025/10/24/20251024249a9d5f-7a16-5657-b011-4d1fe9b2c725.pdf,2025-08-27,2030-08-26,https://greenbook.nafdac.gov.ng/products/details/11533,2026-09-27T21:22:20.085187+00:00,548
greenbook,3194,Aromasin Tablets 25 mg**,Exemestane,Pfizer Specialties Ltd,Drugs,Tablet,25 mg,3 x 10&#039;s (in Aluminium-PVDC/PVC-PVDC blisters),04-9994,Inactive,Coated tablets,Each coated tablet contains: Exemestane 25 mg,Oral,L02BG06,https://admin.greenbook.nafdac.gov.ng/uploadImage/smpc_files/2024/10/10/20241010e50d3919-fff0-5943-bf57-3dbda1154177.pdf,2020-11-30,2025-11-29,https://greenbook.nafdac.gov.ng/products/details/3194,2026-09-27T21:22:20.085187+00:00,549
greenbook,3195,Aropem 1 g Injection##,Meropenem (Meropenem Trihydrate),Royale Resources Ltd,Drugs,Powder for solution for injection/infusion,1 g,,C4-1483,Inactive,Powder for Solution for Injection or Infusion in a vial,Each vial contains: Meropenem Trihydrate equivalent to Anhydrous Meropenem 1 g,Intravenous,J01DH02,,2020-12-21,2025-12-20,https://greenbook.nafdac.gov.ng/products/details/3195,2026-09-27T21:22:20.085187+00:00,550
greenbook,4150,Arpetumin##,Cyproheptadine Hydrochloride,Nalis Pharmaceuticals Ltd,Drugs,Syrup,2 mg/5 mL,1 x 200 mL (in amber bottle),A11-100035,Inactive,Syrup,"Each 5 mL Syrup contains: Cyproheptadine Hydrochloride (Anhydrous) BP 2 mg
Excipients q.s.",Oral,R06AX02,https://admin.greenbook.nafdac.gov.ng/uploadImage/smpc_files/2024/06/24/2024062409317e95-9fa2-5c9f-bd73-aa912f190388.pdf,2021-03-29,2026-03-28,https://greenbook.nafdac.gov.ng/products/details/4150,2026-09-27T21:22:20.085187+00:00,551
greenbook,3089,Artazide Tablet## (duplicate),Losartan Potassium; Hydrochlorothiazide,Preferred Drugs Nigeria Limited,Drugs,Tablet,50 mg; 12.5 mg,2 x 14&#039;s (in Alu-Alu blisters),B4-4353,Inactive,"Film Coated Tablet
","Each tablet contains: Losartan Potassium BP 50 mg, Hydrochlorothiazide BP 12.5 mg
Excipients q.s.
Color: Lake Tartrazine",Oral,C09DA01,https://admin.greenbook.nafdac.gov.ng/uploadImage/smpc_files/2024/09/13/20240913d321482f-4f90-5aef-83e3-0f4535459304.pdf,2021-08-26,2026-08-25,https://greenbook.nafdac.gov.ng/products/details/3089,2026-09-27T21:22:20.085187+00:00,552
greenbook,8359,Artazide Tablets**,Losartan Potassium; Hydrochlorothiazide,Preferred Drugs Nigeria Limited,Drugs,Tablet,50 mg; 12.5 mg,2 x 14&#039;s (in blisters),B4-4353,Inactive,Tablet,"Each tablet contains: Losartan Potassium BP 50 mg, Hydrochlorothiazide BP 12.5 mg",Oral,,,2021-08-03,2026-08-02,https://greenbook.nafdac.gov.ng/products/details/8359,2026-09-27T21:22:20.085187+00:00,553
greenbook,7828,Artcin Tablets**,Griseofulvin,Embassy Pharmaceutical and Chemicals Limited,Drugs,Tablet,500 mg,20 x 1 x 20&#039;s,04-4213,Inactive,,,Oral,D01BA01,,2021-03-29,2026-03-28,https://greenbook.nafdac.gov.ng/products/details/7828,2026-09-27T21:22:20.085187+00:00,554
greenbook,9808,Arteben-Albendazole 400 mg Caplet_,Albendazole,Artemis Laboratories Ltd,Drugs,Capsule,400 mg,1 x 2&#039;s (in Alu-PVC blister),A11-100821,Active,"Caplet.
Solid dosage form","Each uncoated tablet contains: Albendazole 400 mg
Excipients q.s.",Oral,P02CA03,https://admin.greenbook.nafdac.gov.ng/uploadImage/smpc_files/2025/05/26/20250526b4c1e621-c2ad-5a51-b2f5-ab40aa384442.pdf,2025-03-27,2030-03-26,https://greenbook.nafdac.gov.ng/products/details/9808,2026-09-27T21:22:20.085187+00:00,555
greenbook,4373,Artebeta Injection**,α-β Arteether,Jawa International Limited,Drugs,Solution for injection,150 mg/2 mL,2 mL x 3&#039;s (in amber glass ampoules),A4-6895,Active,Oily solution for injection in 2-mL ampoule,"α-β Arteether Injection 150 mg/2 mL.
Each 2 mL solution contains: α-β Arteether 150 mg, Arachis Oil BP q.s.",Intramuscular,P01BE,https://admin.greenbook.nafdac.gov.ng/uploadImage/smpc_files/2023/05/26/202305268f0ff758-c541-520d-9975-c467de2b451d.pdf,2022-10-22,2027-10-21,https://greenbook.nafdac.gov.ng/products/details/4373,2026-09-27T21:22:20.085187+00:00,556
greenbook,7128,Artebolt Powder for Injection**,Artesunate,Grace Drugs and Healthcare Ltd,Drugs,Powder for injection,60 mg,1 x 1&#039;s (in vial) + Solvents (in ampoules),B4-4238,Active,Powder for solution for injection in vial + solvents in ampoules (1 mL Sodium Bicarbonate BP 5% w/v + 5 mL Sodium Chloride BP 0.9% w/v),"Each vial contains: Artesunate powder 60 mg
Each 1-mL ampoule of solvent contains: Sodium bicarbonate 50 mg/mL
Each 5-mL ampoule of diluent contains: sodium chloride 9 mg/mL",Intravenous; Intramuscular,P01BE03,https://admin.greenbook.nafdac.gov.ng/uploadImage/smpc_files/2024/11/28/20241128ae012964-8fb4-54d0-a80c-70cb09c6e9e3.pdf,2024-02-28,2029-02-27,https://greenbook.nafdac.gov.ng/products/details/7128,2026-09-27T21:22:20.085187+00:00,557
greenbook,8634,Artecap Rectal Capsule**,Artesunate,Strides LifeSciences Limited,Drugs,Capsule,100 mg,1 x 2&#039;s (in Alu-Alu blister),B4-9559,Inactive,"Rectal Capsules.
Ivory/White capsules","Artesunate Rectal Capsules 100 mg.
Each rectal capsule contains: Artesunate 100 mg",Rectal,P01BE03,https://admin.greenbook.nafdac.gov.ng/uploadImage/smpc_files/2024/11/26/20241126cc560b4c-e7f7-5c5e-ac01-c42fa90b10d7.pdf,2021-08-26,2026-08-25,https://greenbook.nafdac.gov.ng/products/details/8634,2026-09-27T21:22:20.085187+00:00,558
greenbook,5516,Arteether Injection**,α-β Arteether,DannyFaith Pharmacy Limited,Drugs,Solution for injection,150 mg/2 mL,2 mL x 3&#039;s (in amber glass ampoules),A4-7914,Active,"Oily Solution for Injection.
A clear colourless to slightly yellowish oily solution in 2-mL amber coloured glass ampoule","Each 2 mL solution contains: α-β Arteether 150 mg, Tea-Seed oil q.s.",Intramuscular,P01BE,https://admin.greenbook.nafdac.gov.ng/uploadImage/smpc_files/2023/09/24/202309243f0cf8c5-2dc2-5b41-9b47-cf85b56d2a01.pdf,2023-03-28,2028-03-27,https://greenbook.nafdac.gov.ng/products/details/5516,2026-09-27T21:22:20.085187+00:00,559
greenbook,8959,Artefex QS Softgels**,Artemether; Lumefantrine,Advantage Pharmaceuticals Limited,Drugs,Capsule,80 mg; 480 mg,1 x 6&#039;s (in Alu-PVC blister),A4-101126,Active,Soft gelatin capsule,"Each soft gelatin capsule contains: Artemether Ph.Int. 80 mg and Lumefantrine Ph.Int. 480 mg, Excipients q.s.",Oral,P01BF01,https://admin.greenbook.nafdac.gov.ng/uploadImage/smpc_files/2025/05/22/2025052201969f45-4e57-51db-816c-8544272dd130.pdf,2024-12-18,2029-12-17,https://greenbook.nafdac.gov.ng/products/details/8959,2026-09-27T21:22:20.085187+00:00,560
greenbook,7829,Arteforth 80/480 Tablets**,Artemether; Lumefantrine,Rockforth Pharmacy and Stores Ltd# (Duplicate),Drugs,Tablet,80 mg; 480 mg,1 x 6&#039;s (in Alu/PVC blister),A4-4853,Active,Oral film coated tablets,"Each film coated tablet contains: Artemether 80 mg, Lumefantrine 480 mg, Excipients Q.S.
Colour: Lake of Quinoline yellow",Oral,P01BF01,https://admin.greenbook.nafdac.gov.ng/uploadImage/smpc_files/2024/09/12/202409126047fae6-c68d-50bb-a867-df8fbce7ce49.pdf,2024-08-28,2029-08-27,https://greenbook.nafdac.gov.ng/products/details/7829,2026-09-27T21:22:20.085187+00:00,561
greenbook,7983,Arteject Injection**,Artemether,Clarion Medicals Limited,Drugs,Solution for injection,80 mg/mL,1 mL x 6&#039;s (in clear glass ampoules),B4-2575 ,Inactive,"Oily Solution for Injection in 1-mL ampoule.
Colorless or yellowish clear oily solution",Each 1-mL ampoule contains: Artemether 80 mg,Intramuscular,P01BE02,https://admin.greenbook.nafdac.gov.ng/uploadImage/smpc_files/2024/09/26/202409264457b30c-347c-5069-9543-ba089d7b3c34.pdf,2021-08-03,2026-08-02,https://greenbook.nafdac.gov.ng/products/details/7983,2026-09-27T21:22:20.085187+00:00,562
greenbook,27,Artelife**,α-β Arteether,Chez Resources Pharmaceutical Limited,Drugs,Solution for injection,150 mg/2 mL,2 mL x 3&#039;s (in amber glass ampoules),B4-4774,Active,Oily solution for injection in 2-mL ampoule,,Intramuscular, P01BE,https://admin.greenbook.nafdac.gov.ng/uploadImage/smpc_files/2023/05/28/20230528fdc393b5-fd20-5752-9697-2b48da133299.pdf,2021-12-02,2026-12-01,https://greenbook.nafdac.gov.ng/products/details/27,2026-09-27T21:22:20.085187+00:00,563
greenbook,2799,Artelum Tablet##,Artemether; Lumefantrine,May &amp; Baker Nigeria PLC,Drugs,Tablet,40 mg; 240 mg,,A4-0850,Inactive,Tablet,"Each tablet: Artemether 40 mg, Lumefantrine 240 mg",Oral,P01BF01,,2020-11-10,2025-11-09,https://greenbook.nafdac.gov.ng/products/details/2799,2026-09-27T21:22:20.085187+00:00,564
greenbook,2798,Artelum Tablet**,Artemether; Lumefantrine,May &amp; Baker Nigeria PLC,Drugs,Tablet,80 mg; 480 mg,1 x 6&#039;s (in blister),A11-0930,Active,"Tablet.
Yellow circular biconvex tablets with one side engraved with “ART” at the center and other side with “MBN” at the center.","Each film-coated tablet contains: Artemether 80 mg, and Lumefantrine 480 mg, Excipients q.s.",Oral,P01BF01,https://admin.greenbook.nafdac.gov.ng/uploadImage/smpc_files/2025/05/11/20250511f214088c-f2c9-5600-acd6-5f2629bd8655.pdf,2025-01-30,2030-01-29,https://greenbook.nafdac.gov.ng/products/details/2798,2026-09-27T21:22:20.085187+00:00,565
greenbook,7259,Artelumex 20/120 Tablets**,Artemether; Lumefantrine,Alder Products Ltd,Drugs,Tablet,20 mg; 120 mg,10 x 1 x 24&#039;s (in blisters),B4-6184,Active,"Film-coated Tablet.
Yellow coloured round, biconvex film coated tablets with monogram “Ω” on one side and plain on other side","Each film coated tablet contains: Artemether 20 mg, Lumefantrine 120 mg, Excipients q.s.
Colour: Lake of Tartrazine &amp; Titanium Dioxide U.S.P",Oral,P01BF01,https://admin.greenbook.nafdac.gov.ng/uploadImage/smpc_files/2024/12/23/202412238046b247-f1bf-582c-9afe-ebd3db05b6c4.pdf,2024-03-27,2029-03-26,https://greenbook.nafdac.gov.ng/products/details/7259,2026-09-27T21:22:20.085187+00:00,566
greenbook,2802,Artemef 80/480 Tablets##,Artemether; Lumefantrine,Evans Therapeutics Limited,Drugs,Tablet,80 mg; 480 mg,1 x 6&#039;s (in Alu-Alu blister),A4-2734,Inactive,"Tablet
A yellow colored capsule shape, biconvex, film coated tablets having a embossed &quot;A/L&quot; on one side and &quot;80/480&quot; on other side and break line on both side of tablets
","Each tablet contains: Artemether 80 mg, Lumefantrine 480 mg
Excipients q.s.",Oral,P01BF01,https://admin.greenbook.nafdac.gov.ng/uploadImage/smpc_files/2023/05/28/20230528e1880fbc-8e81-59bb-91ad-d578db394934.pdf,2021-03-29,2026-03-28,https://greenbook.nafdac.gov.ng/products/details/2802,2026-09-27T21:22:20.085187+00:00,567
greenbook,2803,Artemether & Lumefantrine Dispersible Tablets##,Artemether; Lumefantrine,Mayglow Pharmaceutical Limited,Drugs,Dispersible tablet,20 mg; 120 mg,,C4-1419,Inactive,Dispersible Tablet,"Each dispersible tablet: Artemether 20 mg, Lumefantrine 120 mg",Oral,P01BF01,,2020-12-21,2025-12-20,https://greenbook.nafdac.gov.ng/products/details/2803,2026-09-27T21:22:20.085187+00:00,568
greenbook,2804,Artemether & Lumefantrine Tablet##,Artemether; Lumefantrine,Ibu Pharm Nig Ltd,Drugs,Tablet,20 mg; 120 mg,,C4-1342,Inactive,Tablet,"Each tablet contains: Artemether 20 mg, Lumefantrine 120 mg",Oral,P01BF01,,2020-12-21,2025-12-20,https://greenbook.nafdac.gov.ng/products/details/2804,2026-09-27T21:22:20.085187+00:00,569
greenbook,2805,Artemether & Lumefantrine Tablet##,Artemether; Lumefantrine,Ibu Pharm Nig Ltd,Drugs,Tablet,80 mg; 480 mg,,C4-1343,Inactive,Tablet,"Each tablet contains: Artemether 80 mg, Lumefantrine 480 mg",Oral,P01BF01,,2020-12-21,2025-12-20,https://greenbook.nafdac.gov.ng/products/details/2805,2026-09-27T21:22:20.085187+00:00,570
greenbook,4707,Artemether & Lumefantrine Tablet##,Artemether; Lumefantrine,NEXTPHARMA DRUG COMPANY LTD,Drugs,Tablet,80 mg; 480 mg,1 x 6&#039;s (in blisters),B4-7772,Active,"Tablet
Yellow Tablet

177	 RNW-PP-287510	ARTEMETHER &amp; LUMEFANTRINE  TABLET	ARTEMETHER, LUMEFANTRINE	ARTEMETHER 80MG, LUMEFANTRINE 480MG	B4-7772	Drugs	Imported Products	1 x 6	Prescription Only Medicine (POM)	1/30/2023	&quot;NEXTPHARMA DRUG COMPANY LTD
20 FARAYOLA STREET, ALAPERE KETU LAGOS STATE&quot;	8108293328	stephenez@gmail.com	&quot;M/S SHANDONG SHENGLU PHARMACEUTICAL CO., LTD, NORTH OF SIHE
ROAD , SIHE STREET, SIHE COUNTY, SHANDONG, CHINA&quot;","Each tablet contains: Artemether 80 mg, Lumefantrine 480 mg",Oral,P01BF01,https://admin.greenbook.nafdac.gov.ng/uploadImage/smpc_files/2023/08/25/20230825260ff6cf-4769-5ae5-a7d1-9cb5a9067362.pdf,2023-07-06,2028-07-05,https://greenbook.nafdac.gov.ng/products/details/4707,2026-09-27T21:22:20.085187+00:00,571
greenbook,2806,Artemether & Lumefantrine Tablets##,Artemether; Lumefantrine,Brent Cross Pharmaceutical Co. Limited,Drugs,Tablet,80 mg; 480 mg,,C4-1200,Inactive,Tablet,"Each tablet contains: Artemether 80 mg, Lumefantrine 480 mg",Oral,P01BF01,,2020-11-10,2025-11-09,https://greenbook.nafdac.gov.ng/products/details/2806,2026-09-27T21:22:20.085187+00:00,572
greenbook,2808,Artemether 20 mg & Lumefantrine 120 mg Tablet##,Artemether; Lumefantrine,Jaffkin Pharmaceutical Ltd,Drugs,Tablet,20 mg; 120 mg,,C4-1331,Inactive,Film Coated Tablet,"Each tablet contains: Artemether 20 mg, Lumefantrine 120 mg
Excipients q.s.
Color: Quinoline Yellow
",Oral,P01BF01,https://admin.greenbook.nafdac.gov.ng/uploadImage/smpc_files/2023/05/27/2023052756d56804-cf60-53c1-8fb2-979430b4ee51.pdf,2020-11-30,2025-11-29,https://greenbook.nafdac.gov.ng/products/details/2808,2026-09-27T21:22:20.085187+00:00,573
greenbook,11408,Artemether 20 mg & Lumefantrine 120 mg Tablets_,Artemether; Lumefantrine,Kal-G Pharmacy and Stores Ltd,Drugs,Tablet,20 mg; 120 mg,1 x 24&#039;s (in PVC-Alu blister),A4-101408,Active,"Film Coated Tablet.
","Each tablet contains: Artemether 20 mg, and Lumefantrine 120 mg
Excipients q.s.",Oral,P01BF01,https://admin.greenbook.nafdac.gov.ng/uploadImage/smpc_files/2025/08/14/20250814f3d0b6a7-cc21-54af-b521-9245a0a8a85b.pdf,2025-07-30,2030-07-29,https://greenbook.nafdac.gov.ng/products/details/11408,2026-09-27T21:22:20.085187+00:00,574
greenbook,11409,Artemether 20 mg & Lumefantrine 120 mg Tablets_,Artemether; Lumefantrine,Sifam Life Care Pharmaceutical Limited,Drugs,Tablet,20 mg; 120 mg,1 x 24&#039;s (in PVC-Alu blister),A4-101417,Active,"Tablet.
Yellow-colored circular, biconvex, film-coated tablets plain on both sides","Each tablet contains: Artemether 20 mg, and Lumefantrine 120 mg
Excipients q.s.",Oral,P01BF01,https://admin.greenbook.nafdac.gov.ng/uploadImage/smpc_files/2025/08/19/20250819052f6815-c820-56bd-b901-812c5aa166c2.pdf,2025-07-30,2030-07-29,https://greenbook.nafdac.gov.ng/products/details/11409,2026-09-27T21:22:20.085187+00:00,575
greenbook,2807,Artemether 20 mg + Lumefantrine 120 mg Tablets##,Artemether; Lumefantrine,Chrisnelb Pharma Ltd,Drugs,Tablet,20 mg; 120 mg,,C4-1448,Inactive,Tablet,"Each tablet contains: Artemether 20 mg, Lumefantrine 120 mg",Oral,P01BF01,,2020-12-21,2025-12-20,https://greenbook.nafdac.gov.ng/products/details/2807,2026-09-27T21:22:20.085187+00:00,576
greenbook,12079,"Artemether 20 mg, Lumefantrine 120 mg_",Artemether; Lumefantrine,Tim Great Pharmaceutical Ventures Ltd,Drugs,Tablet,20 mg; 120 mg,1 x 24&#039;s (in Alu-PVC blister),C4-0601,Active,"Tablet.
Yellow-colored, biconvex uncoated tablet having a breakline on one side and plain on the other side","Each tablet contains: Artemether 20 mg, Lumefantrine 120 mg
Excipients q.s.",Oral,P01BF01,https://admin.greenbook.nafdac.gov.ng/uploadImage/smpc_files/2025/12/04/20251204ea477eec-f758-505f-9546-501530dc6054.pdf,2025-10-29,2030-10-28,https://greenbook.nafdac.gov.ng/products/details/12079,2026-09-27T21:22:20.085187+00:00,577
greenbook,2811,Artemether 80 mg & Lumefantrine 480 mg Tablet (Formerly Penate DS Tablets)##,Artemether; Lumefantrine,Peton Pharmaceutical Limited,Drugs,Tablet,80 mg; 480 mg,,C4-1234,Inactive,Tablet,"Each tablet contains: Artemether 80 mg, Lumefantrine 480 mg",Oral,P01BF01,,2020-11-10,2025-11-09,https://greenbook.nafdac.gov.ng/products/details/2811,2026-09-27T21:22:20.085187+00:00,578
greenbook,2809,Artemether 80 mg & Lumefantrine 480 mg Tablet##,Artemether; Lumefantrine,Jaffkin Pharmaceutical Ltd,Drugs,Tablet,80 mg; 480 mg,,C4-1330,Inactive,Tablet,"Each tablet contains: Artemether 80 mg, Lumefantrine 480 mg",Oral,P01BF01,,2020-11-30,2025-11-29,https://greenbook.nafdac.gov.ng/products/details/2809,2026-09-27T21:22:20.085187+00:00,579
greenbook,2810,Artemether 80 mg & Lumefantrine 480 mg Tablet##,Artemether; Lumefantrine,Healthmark Pharmaceuticals Ltd,Drugs,Tablet,80 mg; 480 mg,,C4-1233,Inactive,Tablet,"Each tablet contains: Artemether 80 mg, Lumefantrine 480 mg",Oral,P01BF01,,2020-11-10,2025-11-09,https://greenbook.nafdac.gov.ng/products/details/2810,2026-09-27T21:22:20.085187+00:00,580
greenbook,6352,Artemether 80 mg & Lumefantrine 480 mg Tablets##,Artemether; Lumefantrine,Krismediks Nigeria Limited,Drugs,Tablet,80 mg; 480 mg,10 x 1 x 6&#039;s (in PVC-Alu blisters),B4-6280,Active,"Film coated tablets

2	RNW-PP-203292	ARTEMETHER 80MG &amp; LUMEFANTRINE 480MG TABLETS.	ARTEMETHER 80MG &amp; LUMEFANTRINE 480MG TABLETS.	Artemether 80mg &amp; Lumefantine 480mg, Excipients- DRY MIX: Artemether 80.00mg, Lumefantrine 480.00mg, Microcrystalline Cellulose BP 30.00mg Maize 20.00mg. BINDER SOLUTION: Maize Starch 27.00mg, Povidone 4.00mg, Sodium Methyl Hydroxybenzoate 0.80mg Sodium Propyl Hydroxybenzoate BP 0.02mg, Purified Water qs,. LUBRICATION: Croscamellose Sodium BP 7.00mg, Sodium Starch Glycolate BP 20.00mg,Purified Talc BP 8.00mg Colloidal anhydrous silica BP 4.010mg, Magnesium Stearate BP 8.000mg,Average Wt (core	B4-6280	Drugs	Imported Products	1x6	Prescription Only Medicine (POM)	6/2/2021	KRISMEDIKS NIGERIA LIMITED, LINE NO 126, BRIDGE HEAD MARKET ONITSHA ANAMBRA ONITSHA ANAMBRA	8033422858	krismedicspharm@gmail.com	Rhydburg Pharmaceuticals Ltd , C2&amp;3 Sara Ind Estate, Rampur Selaquin Dehradun Uttarakhand, INDIA, India","Each film coated tablet contains: Artemether 80 mg and Lumefantrine 480 mg
Excipients q.s.",Oral,P01BF01,https://admin.greenbook.nafdac.gov.ng/uploadImage/smpc_files/2023/11/07/202311075961cf6f-5e67-5f0d-95e1-09e966e01a54.pdf,2023-10-31,2028-10-30,https://greenbook.nafdac.gov.ng/products/details/6352,2026-09-27T21:22:20.085187+00:00,581
greenbook,11410,Artemether 80 mg & Lumefantrine 480 mg Tablets_,Artemether; Lumefantrine,Kal-G Pharmacy and Stores Ltd,Drugs,Tablet,80 mg; 480 mg,1 x 6&#039;s (in PVC-Alu blister),A4-101407,Active,Tablet,"Each tablet contains: Artemether 80 mg, and Lumefantrine 480 mg
Excipients q.s.",Oral,P01BF01,https://admin.greenbook.nafdac.gov.ng/uploadImage/smpc_files/2025/08/14/202508140250546f-5721-507e-9a8c-44838778f9d7.pdf,2025-07-30,2030-07-29,https://greenbook.nafdac.gov.ng/products/details/11410,2026-09-27T21:22:20.085187+00:00,582
greenbook,7334,Artemether 80 mg + Lumefantrine 480 mg Tablets**,Artemether; Lumefantrine,Solution Pharmaceuticals Nigeria Limited,Drugs,Tablet,80 mg; 480 mg,1 x 6&#039;s (in Aluminium/PVDC/PVC blister),A4-100814,Active,"Uncoated Tablet.
Yellow coloured, capsule shaped, uncoated biconvex tablet, having a breakline on one side and plain on the other side","Each uncoated tablet contains: Artemether 80 mg, Lumefantrine 480 mg, Excipients q.s.",Oral,P01BF01,https://admin.greenbook.nafdac.gov.ng/uploadImage/smpc_files/2024/05/17/202405170931dac1-2911-5f20-b372-93f75c8939e6.pdf,2024-04-30,2029-05-01,https://greenbook.nafdac.gov.ng/products/details/7334,2026-09-27T21:22:20.085187+00:00,583
greenbook,8396,Artemether 80 mg Injection**,Artemether,Priya Pharmaceutical Nig Ltd,Drugs,Solution for injection,80 mg/mL,1 mL x 6&#039;s (in ampoules),A4-7786,Active,Oily solution for injection in 1-mL ampoule,Artemether 80 mg/mL,Intramuscular,,https://admin.greenbook.nafdac.gov.ng/uploadImage/smpc_files/2024/11/28/20241128751bd6fe-f991-57f7-adad-7104b1cc2e08.pdf,2024-09-25,2029-09-24,https://greenbook.nafdac.gov.ng/products/details/8396,2026-09-27T21:22:20.085187+00:00,584
greenbook,12082,Artemether 80 mg Injection_,Artemether,HOMMAGE INTERNATIONAL SERVICES LIMITED,Drugs,Injection,80 mg/mL,6 x 1 mL ampoules,A4-101625,Active,"Injection.
A clear, colorless liquid","Each mL contains: Artemether Injection 80 mg
Excipients q.s.",Intramuscular,P01BE02,https://admin.greenbook.nafdac.gov.ng/uploadImage/smpc_files/2025/12/01/20251201d2ce28a7-32f3-53c2-9ed8-9924229c0ce4.pdf,2025-10-29,2030-10-28,https://greenbook.nafdac.gov.ng/products/details/12082,2026-09-27T21:22:20.085187+00:00,585
greenbook,11953,Artemether 80 mg/ Lumefantrine 480 mg Tablet_,Artemether; Lumefantrine,Smart Way Pharma Ltd Ikeja,Drugs,Tablet,80 mg; 480 mg,1 x 6&#039;s (in Alu-PVC blister),A4-101657,Active,Tablet,"Each tablet contains: Artemether 80 mg and Lumefantrine 480 mg
Excipients q.s.",Oral,P01BF01,https://admin.greenbook.nafdac.gov.ng/uploadImage/smpc_files/2025/11/19/202511195555c6e1-2013-5098-b042-b07649466eef.pdf,2025-10-29,2030-10-28,https://greenbook.nafdac.gov.ng/products/details/11953,2026-09-27T21:22:20.085187+00:00,586
greenbook,12080,Artemether and Lumefantrine 20/120 Tablets_,Artemether; Lumefantrine,RIGHT REMEDIES LTD,Drugs,Tablet,20 mg; 120 mg,1 x 24&#039;s (in Alu-PVC blister),A4-101761,Active,"Tablet.
Yellow-colored, round-shaped, biconvex, uncoated tablet, break line on one side and plain on the other side","Each tablet contains: Artemether 20 mg, Lumefantrine USP 120 mg

Excipients with known effect (per tablet): Tartrazine, Methyl Hydroxybenzoate, Propyl Hydroxybenzoate
Excipients q,s,",Oral,P01BF01,https://admin.greenbook.nafdac.gov.ng/uploadImage/smpc_files/2025/12/05/20251205da65d92b-9afd-56f0-9fe9-1ccf8e7700d3.pdf,2025-11-26,2030-11-25,https://greenbook.nafdac.gov.ng/products/details/12080,2026-09-27T21:22:20.085187+00:00,587
greenbook,8747,Artemether and Lumefantrine 20/120**,Artemether; Lumefantrine,Derm Pharmaceuticals Limited,Drugs,Tablet,20 mg; 120 mg,3 x 8&#039;s (in Alu-PVC blisters), C4-0780,Active,"Uncoated tablets.
Yellow colour, round shaped, uncoated, biconvex tablets Plain on both sides","Each uncoated tablet contains: Artemether 20 mg, Lumefantrine USP 120 mg, Excipients q.s.",Oral,P01BF01,https://admin.greenbook.nafdac.gov.ng/uploadImage/smpc_files/2024/12/18/20241218eca87bcf-fb87-57f7-b556-0cb3a2561726.pdf,2024-11-22,2029-11-21,https://greenbook.nafdac.gov.ng/products/details/8747,2026-09-27T21:22:20.085187+00:00,588
greenbook,8748,Artemether and Lumefantrine 80/480**,Artemether; Lumefantrine,Derm Pharmaceuticals Limited,Drugs,Tablet,80 mg; 480 mg,1 x 6&#039;s (in Alu/PVC blister),B4-5719,Active,"Uncoated tablets.
Yellow coloured, caplet-shaped, uncoated tablet having break line on one side other side plain","Each uncoated tablet contains: Artemether 80 mg, Lumefantrine USP 480 mg, Excipients q.s.",Oral,P01BF01,https://admin.greenbook.nafdac.gov.ng/uploadImage/smpc_files/2024/12/18/20241218c421dc10-bcd3-5d9d-8136-99ebe7dcd8fd.pdf,2024-11-22,2029-11-21,https://greenbook.nafdac.gov.ng/products/details/8748,2026-09-27T21:22:20.085187+00:00,589
greenbook,11204,Artemether and Lumefantrine Tablets 20 mg/120 mg**,Artemether; Lumefantrine,Trust Time Industries Limited,Drugs,Tablet,20 mg; 120 mg,1 x 24&#039;s,A4-101318,Active,Tablet,"Each tablet contains: Artemether 20 mg, Lumefantrine 120 mg, Excipients q.s.",Oral,P01BF01,https://admin.greenbook.nafdac.gov.ng/uploadImage/smpc_files/2025/06/23/202506232ea3a89b-b079-5476-bb3e-da347d52dcc8.pdf,2025-05-27,2030-05-26,https://greenbook.nafdac.gov.ng/products/details/11204,2026-09-27T21:22:20.085187+00:00,590
greenbook,9805,Artemether and Lumefantrine Tablets 20 mg/120 mg_,Artemether; Lumefantrine,Lorah Pharm Limited,Drugs,Tablet,20 mg; 120 mg,1 x 24s (in blister),A4-101207,Active,Tablet,"Each tablet contains: Artemether 20 mg, Lumefantrine 120 mg
Excipients q.s.",Oral,P01BF01,https://admin.greenbook.nafdac.gov.ng/uploadImage/smpc_files/2025/04/25/202504254929d703-95b9-55cb-b4fa-01331a6cdf72.pdf,2025-03-27,2030-03-26,https://greenbook.nafdac.gov.ng/products/details/9805,2026-09-27T21:22:20.085187+00:00,591
greenbook,9870,Artemether and Lumefantrine Tablets 20 mg/120 mg_,Artemether; Lumefantrine,FIGAB GOLDENFINGER PHARMACEUTICALS LIMITED,Drugs,Tablet,20 mg; 120 mg,1 x 24&#039;s (in blisters),A4-101208,Active,Tablet,"Each tablet contains: Artemether 20 mg, and Lumefantrine 120 mg
Excipients q.s.",Oral,P01BF01,https://admin.greenbook.nafdac.gov.ng/uploadImage/smpc_files/2025/04/25/2025042504d685cc-009d-54c8-97e4-a0556002ff60.pdf,2025-03-27,2030-03-26,https://greenbook.nafdac.gov.ng/products/details/9870,2026-09-27T21:22:20.085187+00:00,592
greenbook,10603,Artemether and Lumefantrine Tablets 20 mg/120 mg_,Artemether; Lumefantrine,Fitzking Link Limited,Drugs,Tablet,20 mg; 120 mg,1 x 24&#039;s (in blisters),A4-101199,Active,Tablet.,"Each tablet contains: Artemether 20 mg, and Lumefantrine 120 mg
Excipients q.s.",Oral,P01BF01,https://admin.greenbook.nafdac.gov.ng/uploadImage/smpc_files/2025/04/15/20250415a0e009eb-5796-5190-aaab-12b62c5e59d4.pdf,2025-02-28,2030-02-27,https://greenbook.nafdac.gov.ng/products/details/10603,2026-09-27T21:22:20.085187+00:00,593
greenbook,12078,Artemether and Lumefantrine Tablets 20/120 mg_,Artemether; Lumefantrine,Smart Way Pharma Ltd Ikeja,Drugs,Tablet,20 mg; 120 mg,1 x 24&#039;s (in Alu-PVC blister),A4-101760,Active,Tablet,"Each uncoated tablet contains: Artemether 20 mg, Lumefantrine 120 mg
Excipients q.s.",Oral,P01BF01,https://admin.greenbook.nafdac.gov.ng/uploadImage/smpc_files/2025/12/05/20251205792dcf2e-c9e1-5b71-baca-d4db437c88e8.pdf,2025-11-26,2030-11-25,https://greenbook.nafdac.gov.ng/products/details/12078,2026-09-27T21:22:20.085187+00:00,594
greenbook,11203,Artemether and Lumefantrine Tablets 80 mg/480 mg**,Artemether; Lumefantrine,Trust Time Industries Limited,Drugs,Tablet,80 mg; 480 mg,1 x 6&#039;s (in blister),A4-101317,Active,Tablet,"Each tablet contains: Artemether 80 mg, Lumefantrine 480 mg, Excipients q.s.",Oral,P01BF01,https://admin.greenbook.nafdac.gov.ng/uploadImage/smpc_files/2025/06/23/20250623b5e14882-1f7a-5fa9-8b44-10c1c77f1777.pdf,2025-05-27,2030-05-26,https://greenbook.nafdac.gov.ng/products/details/11203,2026-09-27T21:22:20.085187+00:00,595
greenbook,9872,Artemether and Lumefantrine Tablets 80 mg/480 mg_,Artemether; Lumefantrine,Lorah Pharm Limited,Drugs,Tablet,80 mg; 480 mg,1 x 6&#039;s (in blister),A4-101213,Active,Tablet,"Each tablet contains: Artemether 80 mg, and Lumefantrine 480 mg
Excipients q.s.",Oral,P01BF01,https://admin.greenbook.nafdac.gov.ng/uploadImage/smpc_files/2025/04/25/20250425796f4bb1-c529-5382-a08c-74309c34780c.pdf,2025-03-27,2030-03-26,https://greenbook.nafdac.gov.ng/products/details/9872,2026-09-27T21:22:20.085187+00:00,596
greenbook,9946,Artemether and Lumefantrine Tablets 80 mg/480 mg_,Artemether; Lumefantrine,FIGAB GOLDENFINGER PHARMACEUTICALS LIMITED,Drugs,Tablet,80 mg; 480 mg,1 x 6&#039;s (in blister),A4-101209,Active,Tablet,"Each tablet contains: Artemether 80 mg, and Lumefantrine 480 mg
Excipients q.s.",Oral,P01BF01,https://admin.greenbook.nafdac.gov.ng/uploadImage/smpc_files/2025/04/25/20250425b97c6a9f-df8a-52d0-b3b4-0c6cae21e45a.pdf,2025-03-27,2030-03-26,https://greenbook.nafdac.gov.ng/products/details/9946,2026-09-27T21:22:20.085187+00:00,597
greenbook,12081,Artemether and Lumefantrine Tablets 80/480_,Artemether; Lumefantrine,RIGHT REMEDIES LTD,Drugs,Tablet,80 mg; 480 mg,1 x 6&#039;s (in Alu-Alu blister),A4-101759,Active,"Tablet.
Yellow-colored, round-shaped, biconvex, film-coated tablet, plain on both side","Each tablet contains: Artemether 80 mg, Lumefantrine 480 mg

Excipients with known effect: Tartrazine Lake, Methyl Hydroxybenzoate, Propyl Hydroxybenzoate
Excipients q.s.",Oral,P01BF01,https://admin.greenbook.nafdac.gov.ng/uploadImage/smpc_files/2025/12/05/20251205b5248c45-b724-536a-88da-b164445992ba.pdf,2025-11-26,2030-11-25,https://greenbook.nafdac.gov.ng/products/details/12081,2026-09-27T21:22:20.085187+00:00,598
greenbook,11534,Artemether Injection 80 mg/mL,Artemether,Patbless Pharmaceutical Limited,Drugs,Solution for injection,80 mg/mL,1 mL x 6&#039;s (in ampoules),B4-3598,Active,"Liquid Injection.
A clear, colourless Liquid","Each mL contains: Artemether 80 mg, Excipients q.s.",Intramuscular,P01BE02,https://admin.greenbook.nafdac.gov.ng/uploadImage/smpc_files/2025/10/22/20251022dec3ca37-f424-55ac-bbe8-587b7d45f680.pdf,2025-08-27,2030-08-26,https://greenbook.nafdac.gov.ng/products/details/11534,2026-09-27T21:22:20.085187+00:00,599
greenbook,6499,Artemether Injection##,Artemether,Don-J Pharmaceutical Nig. Ltd,Drugs,Injection,80 mg/mL,6 x 1 mL ampoules,A4-100605,Active,"Liquid Injection
A clear, colorless to yellowish liquid

5	NF-PP-338219	ARTEMETHER INJECTION	ARTEMETHER 80MG/ML INJECTION	ARTEMETHER (IH) 80MG, BUTYLATED HYDROXYANISOLE 0.2MG, BUTYLATED HYDROXYTOLUENE 0.2MG, ETHYL OLEATE 874 ,	A4-100605	Drugs	Imported Products	6X1ml	Over The Counter (OTC)	6/16/2023	DON-J PHARMACEUTICAL NIG. LTD, MURTALA MOHAMMED WAY KANO. KANO	8184435083	donjpharmiz@gmail.com	KAMLA LIFESCIENCES LIMITED, G-84/1, TARAPUR MIDC, BOISAR DIST-PALGHAR MAHARASHTRA 401506 INDIA, India","Each mL contains: Artemether 80 mg
Excipients: Butylated Hydroxyanisole 0.2 mg BP, Butylated Hydroxytoluene 0.2 mg BP, Ethyl Oleate 874 mg BP, Water for Injection BP",Intramuscular,P01BE02,https://admin.greenbook.nafdac.gov.ng/uploadImage/smpc_files/2023/12/17/20231217a5ab35a4-7099-55ae-a03e-1ea2414a2c25.pdf,2023-11-30,2028-11-29,https://greenbook.nafdac.gov.ng/products/details/6499,2026-09-27T21:22:20.085187+00:00,600
greenbook,2888,Artemether Injection##,Artemether,Kayhelt Pharma Limited,Drugs,Solution for injection,80 mg/mL,1 x 1 mL ampoule,C4-1218,Inactive,"Solution for Injection
Oily solution for injection",Each mL contains: Artemether 80 mg,Intramuscular,P01BE02,,2020-11-10,2025-11-09,https://greenbook.nafdac.gov.ng/products/details/2888,2026-09-27T21:22:20.085187+00:00,601
greenbook,28,Artemether Injection##,Artemether,Climax Pharmaceutical Chemist Limited,Drugs,Solution for injection,80 mg/mL,1 x 1 mL ampoule,A4-8799,Active,"Solution for Injection
Oily solution for injection",Each mL contains: Artemether 80 mg,Intramuscular,P01BE02,,2021-12-02,2026-12-01,https://greenbook.nafdac.gov.ng/products/details/28,2026-09-27T21:22:20.085187+00:00,602
greenbook,7998,Artemether Injection**,Artemether,Reavems Global Nig Ltd,Drugs,Solution for injection,80 mg/mL,1 mL x 6&#039;s (in clear glass ampoules),A4-101012,Active,Oily solution for injection in 1-mL clear glass ampoule,"Artemether Injection 80 mg/mL.
Each mL solution contains: Artemether 80 mg, Benzyl Alcohol BP (Antimicrobial Preservative) 0.02 mL, Arachis Oil BP (Solvent) 0.3 mL, Ethyl Oleate BP (Solvent) q.s. to 1.00 mL",Intramuscular,P01BF03,https://admin.greenbook.nafdac.gov.ng/uploadImage/smpc_files/2024/09/29/20240929f6277dc4-52f9-5720-a346-a91bcb338d4e.pdf,2024-08-28,2029-08-27,https://greenbook.nafdac.gov.ng/products/details/7998,2026-09-27T21:22:20.085187+00:00,603
greenbook,7999,Artemether Injection**,Artemether,Ugo Lab Productions (Nig). Ltd,Drugs,Solution for injection,80 mg/mL,1 mL x 6&#039;s (in clear glass ampoules),A4-100979,Active,Oily solution for injection in 1-mL clear glass ampoule,"Artemether Injection 80 mg/mL.
Each mL solution contains: Artemether 80 mg, Arachis Oil BP (Solvent) q.s. to 1 mL",Intramuscular,P01BE02,https://admin.greenbook.nafdac.gov.ng/uploadImage/smpc_files/2024/09/29/20240929db154ce4-3b73-5f99-a631-30efa8b218e6.pdf,2024-08-28,2029-08-27,https://greenbook.nafdac.gov.ng/products/details/7999,2026-09-27T21:22:20.085187+00:00,604
greenbook,8376,Artemether Lumefantrine 80/480 Tablets**,Artemether; Lumefantrine,Lyn-Edge Pharmaceuticals Limited,Drugs,Tablet,80 mg; 480 mg,1 x 6&#039;s (in blister),A4-101026,Active,Film coated tablet,"Artemether 80 mg and Lumefantrine 480 mg Tablets Ph. Int.
Each film coated tablet contains: Artemether Ph. Int.  80 mg, Lurnafantrine Ph. Int. 480 mg, Excipients q.s.
Colour: Quinoline yellow",Oral,P01BF01,https://admin.greenbook.nafdac.gov.ng/uploadImage/smpc_files/2024/11/02/2024110248b6e62c-15b4-516c-a4f1-41e72ab37c0a.pdf,2024-09-25,2029-09-24,https://greenbook.nafdac.gov.ng/products/details/8376,2026-09-27T21:22:20.085187+00:00,605
greenbook,2813,Artemether Lumefantrine Tablets 20/120 mg##,Artemether; Lumefantrine,NCI PharmChem Industries Limited,Drugs,Tablet,20 mg; 120 mg,,C4-1274,Inactive,Tablet,"Each tablet contains: Artemether 20 mg, Lumefantrine 120 mg",Oral,P01BF01,,2020-11-30,2025-11-29,https://greenbook.nafdac.gov.ng/products/details/2813,2026-09-27T21:22:20.085187+00:00,606
greenbook,5517,"Artemether, Lumefantrine Tablet##",Artemether; Lumefantrine,DannyFaith Pharmacy Limited,Drugs,Tablet,80 mg; 480 mg,1 x 6&#039;s (in PVC-Alu blisters),A4-7390,Active,"Tablet

60	RNW-PP-299711	ARTEMETHER , LUMEFANTRINE TABLET 80MG/480MG	ARTEMETHER, LUMEFANTRINE	ARTEMETHER 80MG, LUMEFANTRINE 480MG LIST OF EXCIPIENTS: Corn Starch, Colloidal silicon dioxide, Sodium Starch Glycolate, Hypromellose, Microcrystalline Cellulose, Hydroxy propyl cellulose, Magnesium Stearate	A4-7390	Drugs	ANTIPARASITIC PRODUCTS, INSECTICIDES AND REPELLENTS	Imported Products	1*6	Over The Counter (OTC)	12/29/2022	DANNYFAITH PHARMACY LIMITED, 23, OSENI STREET, LAWANSON, SURULERE LAGOS	7036395409	danielugb9@gmail.com	JIANGSU RUINIAN QIANJIN PHARMACEUTICAL CO., LIMITED, CHUANBU VILLAGE, YIXING ECONOMIC DEVELOPMENT ZONE, JIANGSU PROVINCE, CHINA., China","Each tablet contains: Artemether 80 mg and Lumefantrine 480 mg
Excipients: Dextrin, Hydroxypropyl Cellulose, Microcrystalline Cellulose, Sodium Starch Glycolate, Silicon dioxide, Talc. Magnesium Stearate",Oral,P01BF01,https://admin.greenbook.nafdac.gov.ng/uploadImage/smpc_files/2023/09/24/20230924aa16771b-e655-54a2-bd9d-97f6aac0a105.pdf,2023-03-28,2028-03-27,https://greenbook.nafdac.gov.ng/products/details/5517,2026-09-27T21:22:20.085187+00:00,607
greenbook,6725,Artemetin Beta Plus Tablets##,Artemether; Lumefantrine,LaBeta Drugs Limited,Drugs,Tablet,80 mg; 480 mg,1 x 6 mL (in blisters),A4-8056,Active,"Yellow colored, round-shaped no film-coated tablet having a score on one side. Artemetin Beta Plus Tablet should not be divided.

125	RNW-PP-313294	ARTEMETIN BETA PLUS TABLETS	ARTEMETHER 80MG + LUMEFANTRINE 480MG	Artemether 80mg, Lumefantrine 480mg	A4-8056	Drugs	Imported Products	1x6	Over The Counter (OTC)	2/9/2023	LABETA DRUGS LIMITED, NO 125C OLAITAN STREET, OFF NNOBI STREET, SURULERE LAGOS	18544878	greenabeta_nig@yahoo.com	ANHUI CHENGSHI PHARMACEUTICAL CO,. LTD, NO. 5068 HUAISHANG ROAD, BENGBU, ANHUI PROVINCE . CHINA, China","Each tablet contains: Artemether 80 mg, Lumefantrine 480 mg
Excipients: Colloidal Silicon Dioxide (Light), Croscarmellose Sodium (Primellose), Magnesium Stearate, Talcum, H.P.M.C.E 15, Purified Water, Methyl Paraben, Propyl Paraben, Croscarmellose Sodium (Plain)",Oral,P01BF01,https://admin.greenbook.nafdac.gov.ng/uploadImage/smpc_files/2024/01/01/20240101f819fc98-c817-5613-b1f6-ad61ccd7f6aa.pdf,2023-12-21,2028-12-20,https://greenbook.nafdac.gov.ng/products/details/6725,2026-09-27T21:22:20.085187+00:00,608
greenbook,7129,Artemetin-Beta Injection##,Artemether,LaBeta Drugs Limited,Drugs,Injection,80 mg/mL,6 x 1 mL ampoules,A4-5947,Active,"Sterile Clear Solution for Intramuscular Injection

60	RNW-PP-313291	ARTEMETIN-BETA INJECTION	ARTEMETHER 80MG/ML	Artemether 80mg/ml Tea-seed oil q.s to 1ml	A4-5947	Drugs	Imported Products	1mlx6	Prescription Only Medicine (POM)	2/9/2023	LABETA DRUGS LIMITED, NO 125C OLAITAN STREET, OFF NNOBI STREET, SURULERE LAGOS	18544878	greenabeta_nig@yahoo.com	ANHUI CHENGSHI PHARMACEUTICAL CO,. LTD, NO. 5068 HUAISHANG ROAD, BENGBU, ANHUI PROVINCE . CHINA, China","Each mL contains: Artemether 80 mg
Excipients: Tea-seed Oil",Intramuscular,P01BE02,https://admin.greenbook.nafdac.gov.ng/uploadImage/smpc_files/2024/02/17/20240217d477ba8c-a056-5a43-8fbb-74c19312e46a.pdf,2024-01-31,2029-01-30,https://greenbook.nafdac.gov.ng/products/details/7129,2026-09-27T21:22:20.085187+00:00,609
greenbook,7256,Artemetrin DS Tablet**,Artemether; Lumefantrine,A.C. Drugs Ltd,Drugs,Tablet,80 mg; 480 mg,1 x 6&#039;s (in Alu/PVC blister),A4-3164,Active,Tablet,Artemether/Lumefantrine 80 mg/480 mg,Oral,P01BF01,https://admin.greenbook.nafdac.gov.ng/uploadImage/smpc_files/2024/01/02/20240102ad1f63a4-c83c-553a-a4d4-f8c7558346c7.pdf,2023-12-21,2028-12-20,https://greenbook.nafdac.gov.ng/products/details/7256,2026-09-27T21:22:20.085187+00:00,610
greenbook,7257,Artemetrin Tablet**,Artemether; Lumefantrine,A.C. Drugs Ltd,Drugs,Tablet,20 mg; 120 mg,1 x 24&#039;s,A4 - 5180,Active,Tablet,Artemeter/Lumefantrine 20 mg/120 mg,Oral,P01BF01,https://admin.greenbook.nafdac.gov.ng/uploadImage/smpc_files/2024/01/02/20240102eee3b120-25bb-548d-aed5-ac80d5c5a201.pdf,2023-12-21,2028-12-20,https://greenbook.nafdac.gov.ng/products/details/7257,2026-09-27T21:22:20.085187+00:00,611
greenbook,9944,Artemis Dexamethasone 0.5 mg Tablet_,Dexamethasone,Artemis Laboratories Ltd,Drugs,Tablet,0.5 mg,10 x 10&#039;s (in blisters),A11-100815,Active,"A white round, concave, uncoated tablet, 7.93mm diameter. Plain on both sides","Each uncoated tablet contains: Dexamethasone  0.5 mg
Excipients q.s.


",Oral,H02AB02,https://admin.greenbook.nafdac.gov.ng/uploadImage/smpc_files/2025/05/26/20250526146cea17-9936-5135-8caa-3b80adf10675.pdf,2025-02-28,2030-02-27,https://greenbook.nafdac.gov.ng/products/details/9944,2026-09-27T21:22:20.085187+00:00,612
greenbook,9945,Artemis Dexamethasone 1 mg Tablet_,Dexamethasone,Artemis Laboratories Ltd,Drugs,Tablet,1 mg,10 x 10&#039;s (in blisters),A11-100816,Active,"A white, round, concave, uncoated tablet, 7.93 mm diameter. Plain on both sides","Each uncoated tablet contains: Dexamethasone 1 mg
Excipients q.s.",Oral,H02AB02,https://admin.greenbook.nafdac.gov.ng/uploadImage/smpc_files/2025/05/26/202505260b2a2911-dd17-5289-ad7f-3ee8a8262687.pdf,2025-02-28,2030-02-27,https://greenbook.nafdac.gov.ng/products/details/9945,2026-09-27T21:22:20.085187+00:00,613
greenbook,8736,Artemis Erythromycin 500mg Tablets**,Erythromycin (Erythromycin Stearate),Artemis Laboratories Ltd,Drugs,Tablet,500 mg,1 x 10&#039;s (in blister),A11-100786,Active,"Film coated tablet.
Pink coloured, circular, biconvex film coated tablets","Each film coated tablet contains: Erythromycin Stearate BP equivalent to Erythromycin 500 mg.

Excipients with known effects:
Each tablet contains: Microcrystalline Cellulose, Sodium Starch Glycollate, Starch, etc.",Oral,J01FA01,https://admin.greenbook.nafdac.gov.ng/uploadImage/smpc_files/2024/12/16/2024121628fe0a47-68bb-5916-aef9-dad8624c3949.pdf,2024-11-22,2029-11-21,https://greenbook.nafdac.gov.ng/products/details/8736,2026-09-27T21:22:20.085187+00:00,614
greenbook,11369,Artemis Ibuprofen 100 mg Suspension**,Ibuprofen,Artemis Laboratories Ltd,Drugs,Suspension,100 mg/5 mL,1 x 100 mL (in PET bottle),A11-100919,Active,"Oral Suspension.
Orange coloured suspension with a sweet taste",Each 5 mL suspension contains 100 mg of Ibuprofen,Oral,M01AE01,https://admin.greenbook.nafdac.gov.ng/uploadImage/smpc_files/2025/07/28/2025072840e9dad2-9bc8-542a-8991-38f8cd8359e8.pdf,2025-06-25,2030-06-24,https://greenbook.nafdac.gov.ng/products/details/11369,2026-09-27T21:22:20.085187+00:00,615
greenbook,12333,Artemis Ibuprofen 400 mg Tablet_,Ibuprofen,Artemis Laboratories Ltd,Drugs,Tablet,400 mg,1 x 10&#039;s (in Alu-PVC blister),A11-101039,Active,Tablet,"Each coated tablet contains: Ibuprofen BP 400 mg
Excipients q.s.",Oral,M01AE01,https://admin.greenbook.nafdac.gov.ng/uploadImage/smpc_files/2025/12/16/20251216d64ae8d1-d130-5638-ad4d-c72b2071f999.pdf,2025-11-26,2030-11-25,https://greenbook.nafdac.gov.ng/products/details/12333,2026-09-27T21:22:20.085187+00:00,616
greenbook,1014,Artenise Tablets##,Artemether; Lumefantrine,Nisenton Pharmaceuticals Limited,Drugs,Tablet,80 mg; 480 mg,1 x 6&#039;s (in PVC-Alu blisters),B4-6460,Active,Film Coated Tablet,"Each tablet contains: Artemether 80 mg, Lumefantrine 480 mg
Excipients q.s.",Oral,P01BF01,https://admin.greenbook.nafdac.gov.ng/uploadImage/smpc_files/2023/05/27/20230527792f574d-fc14-5934-8e13-8265704032a7.pdf,2021-09-28,2026-09-27,https://greenbook.nafdac.gov.ng/products/details/1014,2026-09-27T21:22:20.085187+00:00,617
greenbook,8960,Arteniter 80 Injection**,Artemether,Maydon Pharmaceuticals Limited,Drugs,Solution for injection,80 mg/mL,1 mL x 1&#039;s (in ampoule packed in trays and boxes),04-9464,Active,"Oily Solution for Injection.
Colorless to light yellow clear oily liquid","Each mL contains: Artemether 80 mg, Soybean Oil q.s. to 1 mL

Excipient with known effect: Soybean Oil",Intramuscular,P01BE02,https://admin.greenbook.nafdac.gov.ng/uploadImage/smpc_files/2025/01/09/202501099a51d94f-a05d-53d2-948c-d4893ebacc2c.pdf,2021-10-28,2026-10-27,https://greenbook.nafdac.gov.ng/products/details/8960,2026-09-27T21:22:20.085187+00:00,618
greenbook,10206,Artepenum Injection_,Meropenem (Meropenem Trihydrate),Artemis Life Sciences Nig Ltd,Drugs,Powder for injection,1 g,1 x 1&#039;s (in vial) + Sterile water for injection (in ampoule),A4-101184,Active,"White crystalline powder for injection filled in 20 mL clear glass vial + 20 mL ampoule of water for injection													
													
													
													
													
													",Each vial contains: Meropenem Trihydrate equiv. to Meropenem base 1000 mg and Sodium Bicarbonate 90.2 mg as buffering agent,Intravenous, J01DH0,https://admin.greenbook.nafdac.gov.ng/uploadImage/smpc_files/2025/03/21/20250321b948e7b4-7381-53e0-8d66-d0e2aa62aaa3.pdf,2025-01-30,2030-01-29,https://greenbook.nafdac.gov.ng/products/details/10206,2026-09-27T21:22:20.085187+00:00,619
greenbook,9942,Artepref 80/480 Tablets**,Artemether; Lumefantrine,Preferred Drugs Nigeria Limited,Drugs,Tablet,80 mg; 480 mg,1 x 6&#039;s (in blister),C4-0093,Active,Film Coated Tablet,"Each tablet contains: Artemether 80 mg, Lumefantrine 480 mg, Excipients q.s.
Color: Quinoline Yellow",Oral,P01BF01,https://admin.greenbook.nafdac.gov.ng/uploadImage/smpc_files/2025/04/28/20250428c9205b37-bee4-5f77-8746-c6ec4a9241c1.pdf,2025-03-27,2030-03-26,https://greenbook.nafdac.gov.ng/products/details/9942,2026-09-27T21:22:20.085187+00:00,620
greenbook,3973,Artesunate - Amodiaquine Winthrop Toddler Tablets##,Artesunate; Amodiaquine (Amodiaquine Hydrochloride),Sanofi-Aventis Nigeria Limited,Drugs,Tablet,50 mg; 135 mg,"1 x 3&#039;s, 1 x 25&#039;s (in Alu-Alu blisters)",A4-3405,Active,"Tablet
A round bilayer tablet: one layer is yellow colored, the other one is white to slightly yellow, with a score line, engraved on one side &quot;AS&quot; and on the other side &quot;50&quot;","Each tablet contains: Artesunate 50 mg and Amodiaquine (as Amodiaquine Hydrochloride) 135 mg
Excipients q.s.",Oral,P01BF03,https://admin.greenbook.nafdac.gov.ng/uploadImage/smpc_files/2023/05/27/202305274e28f188-2220-58b2-9c0f-7272ef266b26.pdf,2021-10-28,2026-10-27,https://greenbook.nafdac.gov.ng/products/details/3973,2026-09-27T21:22:20.085187+00:00,621
greenbook,7803,Artesunate 100 mg + Amodiaquine 270 mg Tablets**,Artesunate; Amodiaquine (Amodiaquine Hydrochloride),Oxus Pharma Ltd,Drugs,Tablet,100 mg; 270 mg,25 x 3&#039;s &amp; 25 x 6&#039;s (in Alu/Alu blisters),A4-100887,Active,"Bilayered, round flat, bevelled edged, uncoated tablets having plain surface on both sides, one layer is yellow coloured; the other one is white to off white coloured","Artesunate and Amodiaquine Tablets 100/270 mg.
Each bilayered tablet contains: Artesunate 100 mg, Amodiaquine USP equiv. to Amodiaquine USP 270 mg.

Excipients:
Calcium carbonate and maize starch, Povidone, Croscarmellose sodium, Silicon dioxide, Magnesium Stearate, Microcrystalline cellulose",Oral,P01BF01,https://admin.greenbook.nafdac.gov.ng/uploadImage/smpc_files/2024/07/20/202407200ea18568-49b9-560d-b2df-d3d668dbf5fd.pdf,2024-06-27,2029-06-26,https://greenbook.nafdac.gov.ng/products/details/7803,2026-09-27T21:22:20.085187+00:00,622
greenbook,7804,Artesunate 120 mg Injection**,Artesunate,Naza Associates Nigeria Ltd,Drugs,Powder for injection,120 mg,1 x 1&#039;s (in vial) + Solvents (in ampoules),A4-100898,Active,Dry powder for solution for injection in vial + solvents in ampoules (1 mL Sodium Bicarbonate BP 5% w/v + 5 mL Sodium Chloride BP 0.9% w/v),,Intravenous; Intramuscular,P01BE03,https://admin.greenbook.nafdac.gov.ng/uploadImage/smpc_files/2024/11/28/20241128d57a9b5f-bb5b-5afa-9682-63f285f4b5fc.pdf,2024-06-27,2029-06-26,https://greenbook.nafdac.gov.ng/products/details/7804,2026-09-27T21:22:20.085187+00:00,623
greenbook,7805,Artesunate 25 mg + Amodiaquine 67.5 mg Tablets**,Artesunate; Amodiaquine (Amodiaquine Hydrochloride),Oxus Pharma Ltd,Drugs,Tablet,25 mg; 67.5 mg,25 x 3&#039;s &amp; 25 x 6&#039;s (in Alu/Alu blisters),A4-100885,Active,"Bilayered, round flat, bevelled edged, uncoated tablets having plain surface on both sides, one layer is yellow coloured; the other one is white to off white coloured","Each bilayered tablet contains: Artesunate 25 mg, Amodiaquine USP equiv. to Amodiaquine USP 67.5 mg

Excipients:
Calcium carbonate and maize starch, Povidone, Croscarmellose sodium, Silicon dioxide, Magnesium Stearate, Microcrystalline cellulose",Oral,P01BF01,https://admin.greenbook.nafdac.gov.ng/uploadImage/smpc_files/2024/09/17/20240917934a66ff-2d5e-51bb-a706-960467c950f0.pdf,2024-06-27,2029-06-26,https://greenbook.nafdac.gov.ng/products/details/7805,2026-09-27T21:22:20.085187+00:00,624
greenbook,7806,Artesunate 50 mg + Amodiaquine 135 mg Tablets**,Artesunate; Amodiaquine (Amodiaquine Hydrochloride),Oxus Pharma Ltd,Drugs,Tablet,50 mg; 135 mg,25 x 3&#039;s &amp; 25 x 6&#039;s (in Alu/Alu blisters),A4-100886,Active,"Bilayered, round flat, bevelled edged, uncoated tablets having plain surface on both sides, one layer is yellow coloured; the other one is white to off white coloured","Each bilayered tablet contains: Artesunate 50 mg, Amodiaquine USP equiv. to Amodiaquine USP 135 mg

Excipients:
Calcium carbonate and maize starch, Povidone, Croscarmellose sodium, Silicon dioxide, Magnesium Stearate, Microcrystalline cellulose",Oral,P01BF01,https://admin.greenbook.nafdac.gov.ng/uploadImage/smpc_files/2024/07/20/20240720344be18e-0279-5073-80d9-9554a13ae902.pdf,2024-06-27,2029-06-26,https://greenbook.nafdac.gov.ng/products/details/7806,2026-09-27T21:22:20.085187+00:00,625
greenbook,7807,Artesunate 60 mg Injection**,Artesunate,Naza Associates Nigeria Ltd,Drugs,Powder for injection,60 mg,1 x 1&#039;s (in vial) + Solvents (in ampoules),A4-100897,Active,Dry powder for solution for injection in vial + solvents in ampoules (1 mL Sodium Bicarbonate BP 5% w/v + 5 mL Sodium Chloride BP 0.9% w/v),"Artesunate for Injection 60 mg.
Each vial contains: Artesunate (sterile) 60 mg

Solvent:
A. Each 1-mL ampoule contains: Sodium Bicarbonate BP 5% w/v, Water for Injection q.s.
B. Each 5-mL ampoule contains: Sodium Chloride BP 0.9% w/v, Water for Injection q.s.",Intravenous; Intramuscular,P01BE03,https://admin.greenbook.nafdac.gov.ng/uploadImage/smpc_files/2024/07/20/20240720d8857f88-f5cd-562a-add3-4f6f75ce649b.pdf,2024-06-27,2029-06-26,https://greenbook.nafdac.gov.ng/products/details/7807,2026-09-27T21:22:20.085187+00:00,626
greenbook,8000,Artesunate for Injection 120 mg**,Artesunate,Embassy Pharmaceutical and Chemicals Limited,Drugs,Powder for injection,120 mg,120 mg x 1&#039;s (in vial) + Solvents (in ampoules),A4-101011,Active,Dry powder for solution for injection in vial + solvents in ampoules (Sodium Bicarbonate BP 5% w/v + Sodium Chloride BP 0.9% w/v),"Artesunate for Injection 120 mg.
Each vial contains: Artesunate (sterile) 120 mg

Solvents:
A. Each ampoule contains: Sodium Bicarbonate BP 5% w/v, Water for Injection q.s.
B. Each ampoule contains: Sodium Chloride BP 0.9% w/v, Water for Injection q.s.",Intravenous; Intramuscular,P01BE03,https://admin.greenbook.nafdac.gov.ng/uploadImage/smpc_files/2024/09/29/2024092906dfa9f4-7422-5219-a107-15027f9c9447.pdf,2024-08-28,2029-08-27,https://greenbook.nafdac.gov.ng/products/details/8000,2026-09-27T21:22:20.085187+00:00,627
greenbook,11688,Artesunate for Injection 120 mg_,Artesunate,BG Pharma &amp; Healthcare Limited,Drugs,Injection,120 mg,1 x 1 vial + 2 mL Sodium Bicarbonate in ampoule + 10 mL Sodium Chloride in ampoule,A4-101462,Active,"Injection.
White crystalline powder",Each vial contains: Artesunate (as Sterile Lyophilized Powder) (in House) (120 mg),Intravenous; Intramuscular,P01BE03,https://admin.greenbook.nafdac.gov.ng/uploadImage/smpc_files/2025/10/23/202510231fdaed3c-2401-56b3-bdb3-20b5f8102a48.pdf,2025-08-27,2030-08-26,https://greenbook.nafdac.gov.ng/products/details/11688,2026-09-27T21:22:20.085187+00:00,628
greenbook,7265,Artesunate for Injection 60 mg##,Artesunate,First J. Pocco Pharmacy Limited,Drugs,Injection,60 mg,1 vial + 2 ampoules of diluents, A4-100783,Active,"Dry Injection

14	NF-PP-351880	ARTESUNATE FOR INJECTION 60MG	ARTESUNATE 60MG	ARTESUNATE 60MG, SODIUL BICARBONATE 5.0%W/V, SODIUM CHLORIDE 0.9%W/V	A4-100783	Drugs	Imported Products	1 Vial+2 Ampoules of Diluents	Prescription Only Medicine (POM)	8/15/2023	FIRST J. POCCO PHARMACY LIMITED, 89, DENNIS OSADEBE WAY, ASABA DELTA	M/S SCOTT- EDIL PHARMACIA LTD, 56 EPIP, Phase-1, Jharmajri Baddi Solan, H.P., INDIA, India","Each combipack contains:
1. One vial of Artesunate for Injection: 
    Each vial contains: Artesunate 60 mg
2. One 2 mL ampoule of Sodium Bicarbonate Injection BP:
    Each mL contains: Sodium Bicarbonate BP 5% w/v,  Water for Injection BP q.s.
3. One 10 mL ampoule of Sodium Chloride Injection BP:
    Each mL contains: Sodium Bicarbonate BP 0.9 % w/v,  Water for Injection BP q.s.",Intramuscular,P01BE03,https://admin.greenbook.nafdac.gov.ng/uploadImage/smpc_files/2024/11/28/20241128d597598c-4193-5d63-85f7-9fd7c8d2fc29.pdf,2024-03-27,2029-03-26,https://greenbook.nafdac.gov.ng/products/details/7265,2026-09-27T21:22:20.085187+00:00,629
greenbook,8377,Artesunate for Injection 60 mg**,Artesunate,Embassy Pharmaceutical and Chemicals Limited,Drugs,Powder for injection,60 mg,1 x 1&#039;s (in glass vial) + Solvents (in ampoules),A4-101037,Active,Dry powder for solution for injection in vial + solvents in ampoules,"Artesunate for Injection 60 mg.
Each vial contains: Artesunate (sterile) 60 mg

Solvents:
A. Each ampoule contains: Sodium Bicarbonate BP 5% w/v, Water for Injection BP q.s.
B. Each ampoule contains: Sodium Chloride BP 0.9% w/v, Water for Injection BP q.s.",Intravenous; Intramuscular,P01BE03,https://admin.greenbook.nafdac.gov.ng/uploadImage/smpc_files/2024/11/02/2024110296487e93-dfbc-5868-946a-2cdc4e35419a.pdf,2024-09-25,2029-09-24,https://greenbook.nafdac.gov.ng/products/details/8377,2026-09-27T21:22:20.085187+00:00,630
greenbook,11689,Artesunate for Injection 60 mg_,Artesunate,BG Pharma &amp; Healthcare Limited,Drugs,Injection,60 mg,1 x 15 mL vial,A4-101481,Active,Dry Powder for Injection,Each vial contains: Artesunate (as sterile lyophilized powder) 60 mg,Intravenous; Intramuscular,P01BE03,,2025-08-27,2030-08-26,https://greenbook.nafdac.gov.ng/products/details/11689,2026-09-27T21:22:20.085187+00:00,631
greenbook,9799,Artesunate for Injection 60 mg_,Artesunate,Dom Dike Pharmaceutical Company Limited,Drugs,Injection,60 mg,1 x 60 vial,A4-101206,Active,"Powder for solution for injection
Each combi kit contains: One vial of artesunate (sterile) 60 mg, 1 mL ampoule of Sodium bicarbonate injection BP 5% w/v, and 5 mL ampoule of Sodium chloride BP .0.9% w/v (cmb).","Each vial contains: Artesunate (sterile) 60 mg
Excipients q.s.",Intravenous; Intramuscular,P01BE03,https://admin.greenbook.nafdac.gov.ng/uploadImage/smpc_files/2025/04/25/20250425539efa0f-1575-543f-b9db-343ba86c0b3c.pdf,2025-03-27,2030-03-26,https://greenbook.nafdac.gov.ng/products/details/9799,2026-09-27T21:22:20.085187+00:00,632
greenbook,7267,Artesunate Injection 120 mg##,Artesunate,First J. Pocco Pharmacy Limited,Drugs,Injection,120 mg,1 vial + 2 ampoules of diluents,A4-100788,Active,"Dry Injection

15	NF-PP-351986	ARTESUNATE INJECTION 120MG	ARTESUNATE 120MG	ARTESUNATE 120MG, SODIUM CHLORIDE 0.9%W/V, SODIUM BICARBONATE 5.0%W/V	A4-100788	Drugs	Imported Products	1 Vial + 2 Ampoules of Diluent	Prescription Only Medicine (POM)	8/15/2023	FIRST J. POCCO PHARMACY LIMITED, 89, DENNIS OSADEBE WAY, ASABA DELTA	M/S SCOTT- EDIL PHARMACIA LTD, 56 EPIP, Phase-1, Jharmajri Baddi Solan, H.P., INDIA, India","Each combipack contains:
1. One vial of Artesunate for injection: 
    Each vial contains: Artesunate 60 mg
2. One 2 mL ampoule of Sodium Bicarbonate Injection BP
    Each mL contains: Sodium Bicarbonate BP 5.0% w/v, Water for Injection BP q.s.
3..One 10 mL ampoule of Sodium Chloride Injection BP
    Each mL contains: Sodium Chloride BP 0.9% w/v, Water for Injection BP q.s. ",Intramuscular,P01BE03,https://admin.greenbook.nafdac.gov.ng/uploadImage/smpc_files/2024/11/28/202411283dac537a-3413-537c-84f7-32dabdfdd16c.pdf,2024-03-27,2029-03-26,https://greenbook.nafdac.gov.ng/products/details/7267,2026-09-27T21:22:20.085187+00:00,633
greenbook,4414,Artesunate Injection##,Artesunate,Excel Charis Pharmaceutical Chemical Limited,Drugs,Powder for injection,60 mg,1 x 1 vial + 1 mL  ampoule of Sodium Bicarbonate + 5 mL ampoule of Sodium Chloride Injection BP 0.9% w/v,B4-9541,Active,"Powder for Injection

Artesunate Injection 	B4-9541	Artesunate	ARTESUNATE 		ANTIMALARIAL	ARTESUNATE 60MG	INJECTION	1 X 1 VIAL+ 1ML AMPOULE OF SODIUM BICARBONATE + 5ML AMPOULE OF SODIUM CHLORIDE INJECTION BP 0.9% W/V 	PRESCRIPTION ONLY MEDICINE	TREATMENT OF EYE INFECTIONS CAUSED BY SUSCEPTIBLE MICRO-ORGANISMS	EXCEL CHARIS PHARM. CHEM.LTD.	NIGERIA	CIRON DRUGS &amp; PHARMACEUTICALS PVT LTD 	INDIA	01/27/2022	01/26/2027
","Each combipack contains:

a) Artesunate Injection
Each vial contains: Artesunate 60 mg

b) Sodium Bicarbonate Injection BP
Each ml contains: Sodium Bicarbonate BP 5% w/v, Water for Injection BP q.s.

c) Sodium Chloride Injection BP
Each ml contains: Sodium Chloride BP 0.9% w/v",Intravenous; Intramuscular,P01BE03,https://admin.greenbook.nafdac.gov.ng/uploadImage/smpc_files/2024/09/18/20240918e468b5eb-d7b1-5e05-89c5-9fd5d6ba05cd.pdf,2022-01-27,2027-01-26,https://greenbook.nafdac.gov.ng/products/details/4414,2026-09-27T21:22:20.085187+00:00,634
greenbook,12175,Artesunate Powder for Injection 120 mg_,Artesunate,Eloka Pharmaceuticals Limited,Drugs,Injection,120 mg,1 vial + 2 mL ampoule + 10 mL ampoule,A4-101719,Active,Dry Powder for Injection,"Each vial contains: Artesunate 120 mg
Each 2 mL ampoule contains: Sodium Bicarbonate 5% w/v
Each 10 mL ampoule contains: Sodium Chloride Injection 9% w/v",Intravenous; Intramuscular,P01BE03,https://admin.greenbook.nafdac.gov.ng/uploadImage/smpc_files/2025/12/10/202512109e62028c-d7a2-5ff7-ad28-09764aaed1dd.pdf,2025-11-26,2030-11-25,https://greenbook.nafdac.gov.ng/products/details/12175,2026-09-27T21:22:20.085187+00:00,635
greenbook,12176,Artesunate Powder for Injection 60 mg_,Artesunate,Eloka Pharmaceuticals Limited,Drugs,Injection,60 mg,1 vial + 1 mL + 5 mL,A4-101717,Active,Injection,"Each vial contains: Artesunate 60 mg
Each 1 mL contains: Sodium Bicarbonate 5% w/v
Each 5 mL contains: Sodium Chloride Injection 9% w/v",Intravenous; Intramuscular,P01BE03,https://admin.greenbook.nafdac.gov.ng/uploadImage/smpc_files/2025/12/10/20251210a0c56657-cc66-5340-95bb-17f7df986787.pdf,2025-11-26,2030-11-25,https://greenbook.nafdac.gov.ng/products/details/12176,2026-09-27T21:22:20.085187+00:00,636
greenbook,8962,Artetrine 20/120 Tablets**,Artemether; Lumefantrine,Onifam Laboratories Limited,Drugs,Tablet,20 mg; 120 mg,1 x 6&#039;s,A4-1484,Active,Tablet,Each tablet contains 20 mg of Artemether and 120 mg of Lumefantrine,Intramuscular,P01BF01,,2021-09-28,2026-09-27,https://greenbook.nafdac.gov.ng/products/details/8962,2026-09-27T21:22:20.085187+00:00,637
greenbook,8007,Artexaten 40 mg/320 mg Tablet**,Dihydroartemisinin; Piperaquine Phosphate,Unicure Pharmaceuticals Limited,Drugs,Tablet,40 mg; 320 mg,10 x 9&#039;s (in PVC/PVDC/aluminium blisters),A11-100758,Active,"Scored Opaque Green, oblong shaped, tablet","Dihydroartemisinin &amp; Piperaquine Phosphate Tablets.
Each tablet contains: Dihydroartemisinin 40 mg, Piperaquine Phosphate 320 mg, Excipients  q.s.",Oral,,https://admin.greenbook.nafdac.gov.ng/uploadImage/smpc_files/2024/10/01/20241001afcc4c78-fa9a-5465-a575-6e7c66f2ff78.pdf,2024-08-28,2029-08-27,https://greenbook.nafdac.gov.ng/products/details/8007,2026-09-27T21:22:20.085187+00:00,638
greenbook,8397,Arthec Injection**,Artemether,Geneith Pharmaceuticals Limited,Drugs,Solution for injection,80 mg/mL,1 mL x 6&#039;s (in ampoules),04-9503,Active,Oily solution for injection in 1-mL ampoule,Arthemether 80 mg/mL,Intramuscular,P01BF01,https://admin.greenbook.nafdac.gov.ng/uploadImage/smpc_files/2024/11/18/202411186407cd4f-11a0-5783-b09c-793c4b237bc1.pdf,2024-09-25,2029-09-24,https://greenbook.nafdac.gov.ng/products/details/8397,2026-09-27T21:22:20.085187+00:00,639
greenbook,3,Artheget EZ##,Artemether; Lumefantrine,Getz Pharma Nigeria Limited,Drugs,Tablet,80 mg; 480 mg,2 x 3&#039;s (in Alu-Alu blisters),A4-6238,Active,"Tablet
Yellow colored, oblong shaped tablet plain on both sides","Each tablet contains: Artemether 80 mg, Lumefantrine 480 mg
Excipients q.s.",Oral,P01BF01,https://admin.greenbook.nafdac.gov.ng/uploadImage/smpc_files/2023/05/28/202305285fd18759-f801-56ec-8d52-1d17619defd7.pdf,2021-12-02,2026-12-01,https://greenbook.nafdac.gov.ng/products/details/3,2026-09-27T21:22:20.085187+00:00,640
greenbook,2815,"Artheluter 80/480 Tablets (duplicate, different manufacturer)",Artemether; Lumefantrine,Chez Resources Pharmaceutical Limited,Drugs,Tablet,80 mg; 480 mg,,C4-1153,Inactive,,,Oral,P01BF01,,2020-11-10,2025-11-09,https://greenbook.nafdac.gov.ng/products/details/2815,2026-09-27T21:22:20.085187+00:00,641
greenbook,494,Arthemed Injection##,Artesunate,Fidson Healthcare PLC,Drugs,Powder for injection,60 mg,,A4-2533,Active,Powder for Solution for Injection in a vial,Arthemed Injection contains: Artesunate 60 mg,Intravenous; Intramuscular,P01BE03,,2021-10-28,2026-10-27,https://greenbook.nafdac.gov.ng/products/details/494,2026-09-27T21:22:20.085187+00:00,642
greenbook,7830,Arthostop-500 Tablets**,Naproxen,Maydon Pharmaceuticals Limited,Drugs,Tablet,500 mg,1 x 10&#039;s (in blister),A4-4856,Inactive,Tablet,Naproxen BP 500 mg,Oral,,,2021-03-29,2026-03-28,https://greenbook.nafdac.gov.ng/products/details/7830,2026-09-27T21:22:20.085187+00:00,643
greenbook,3328,Arthrotec 75 Tablets**,Diclofenac Sodium; Misoprostol,Pfizer Specialties Ltd,Drugs,Tablet,75 mg; 200 mcg,20&#039;s; 100&#039;s (in cold-formed aluminium blisters),A4-3491,Inactive,"Tablets are for oral administration.
White, round, biconvex tablets approximately 10 mm to 11 mm in diameter.
Each tablet consists of an enteric-coated core containing 75 mg of Diclofenac sodium surrounded by an outer mantle containing 200 mcg Misoprostol","Each tablet contains: Diclofenac Sodium 75 mg, Misoprostol 200 micrograms",Oral,M01AB55,https://admin.greenbook.nafdac.gov.ng/uploadImage/smpc_files/2024/10/10/20241010a2f36f16-5668-5e6d-ae1c-58f6eb0650b6.pdf,2020-11-30,2025-11-29,https://greenbook.nafdac.gov.ng/products/details/3328,2026-09-27T21:22:20.085187+00:00,644
greenbook,11535,Artven Artemether Injection 80 mg/1 mL,Artemether,Haventis Pharmaceutical Limited,Drugs,Solution for injection,80 mg/mL,1 mL x 6&#039;s (in ampoules),A4-101460,Active,"Oily Solution for Injection.
A colourless or yellowish clear oily liquid",Each 1-mL ampoule contains: Artemether 80 mg,Intramuscular,P01BE02,https://admin.greenbook.nafdac.gov.ng/uploadImage/smpc_files/2025/10/23/2025102366fe55f7-e0d8-5b5d-94b9-0f7e5824b091.pdf,2025-08-27,2030-08-26,https://greenbook.nafdac.gov.ng/products/details/11535,2026-09-27T21:22:20.085187+00:00,645
greenbook,8963,ASA 75 Tablet**,Acetylsalicylic Acid,SKG - Pharma Ltd,Drugs,Tablet,75 mg,10 x 10&#039;s (in Alu-PVC blisters),A4-2187,Inactive,Orange colored tablet,"Each tablet contains: Acetylsalicylic acid 75 mg

Excipients:
Microcrystalline Cellulose, Pregelatinized Starch, Sodium Lauryl Sulphate, Colloidal Silicon Dioxide, Stearic Acid Powder, FD &amp; C No. 6 (AI Lake)",Oral,B01AC06,https://admin.greenbook.nafdac.gov.ng/uploadImage/smpc_files/2025/01/22/202501225f799acc-7c24-5776-93a5-090e3f470337.pdf,2021-08-03,2026-08-02,https://greenbook.nafdac.gov.ng/products/details/8963,2026-09-27T21:22:20.085187+00:00,646
greenbook,3974,ASAQ GPSC Tablets##,Artesunate; Amodiaquine (Amodiaquine Hydrochloride),Guilin Pharmaceuticals Nigeria Limited,Drugs,Tablet,50 mg; 135 mg,20 x 1 x 3&#039;s (in PVC-Alu blisters),A4-6251,Active,"Tablets
ASAQ GPSC™ (50mg/135mg) are round bilayered tablets: the Artesunate layer is white and the Amodiaquine Hydrochloride is yellow, and the white side is engraved with “50”.","Each tablet contains: Artesunate 50 mg, Amodiaquine (as Hydrochloride) 135 mg
Excipients: Calcium Carbonate, Colloidal Silicon Dioxide, Croscarmellose Sodium, Magnesium Stearate, Microcrystalline Cellulose, Povidone and Pregelatinised Starch",Oral,P01BF03,https://admin.greenbook.nafdac.gov.ng/uploadImage/smpc_files/2023/05/27/20230527cf48a27e-051e-599d-b7a5-23e53f99084b.pdf,2021-09-28,2026-09-27,https://greenbook.nafdac.gov.ng/products/details/3974,2026-09-27T21:22:20.085187+00:00,647
greenbook,3975,ASAQ GPSC Tablets##,Artesunate; Amodiaquine (Amodiaquine Hydrochloride),Guilin Pharmaceuticals Nigeria Limited,Drugs,Tablet,100 mg; 270 mg,"1 x 3&#039;s, 1 x 6&#039;s (in PVC-Alu blisters)",A4-6252,Active,"Tablets
ASAQ GPSC™ (100 mg/270 mg) are round bilayered tablets: the Artesunate layer is white and the Amodiaquine Hydrochloride is yellow, and the white side is engraved with &quot;100&quot;","Each tablet contains: Artesunate 100 mg, Amodiaquine (as Hydrochloride) 270 mg
Excipients q.s.",Oral,P01BF03,https://admin.greenbook.nafdac.gov.ng/uploadImage/smpc_files/2023/05/27/202305270ca617d3-9fb5-554b-99d8-f8c8066a5f21.pdf,2021-09-28,2026-09-27,https://greenbook.nafdac.gov.ng/products/details/3975,2026-09-27T21:22:20.085187+00:00,648
greenbook,3976,ASAQ GPSC Tablets##,Artesunate; Amodiaquine (Amodiaquine Hydrochloride),Guilin Pharmaceuticals Nigeria Limited,Drugs,Tablet,25 mg; 67.5 mg,1 x 3&#039;s (in PVC-Alu blister),A4-6250,Active,"Tablets
ASAQ GPSC™ (25 mg/67.5 mg) are round bilayered tablets: the Artesunate layer is white and the Amodiaquine Hydrochloride layer is yellow, and the white side is engraved with &quot;25&quot;","Each tablet contains: Artesunate 25 mg, and Amodiaquine (as Hydrochloride) 67.5 mg
Excipients q.s.",Oral,P01BF03,https://admin.greenbook.nafdac.gov.ng/uploadImage/smpc_files/2023/05/27/202305279993d725-8f17-50c2-b72c-ef5b7232dcbd.pdf,2021-09-28,2026-09-27,https://greenbook.nafdac.gov.ng/products/details/3976,2026-09-27T21:22:20.085187+00:00,649
greenbook,3090,Asartan-H Tablets##,Losartan Potassium; Hydrochlorothiazide,Astranad Pharmaceuticals and Chemical Company Limited,Drugs,Tablet,50 mg; 12.5 mg,,B4-1655,Inactive,Tablet,"Each tablet contains: Losartan Potassium 50 mg, Hydrochlorothiazide 12.5 mg",Oral,C09DA01,,2020-11-10,2025-11-09,https://greenbook.nafdac.gov.ng/products/details/3090,2026-09-27T21:22:20.085187+00:00,650
greenbook,7831,Ascantel Oral Suspension**,Albendazole,Biomedicine Sckivs Pharmaceutical Nigeria Limited,Drugs,Suspension,200 mg/5 mL,15 mL (in amber coloured PET bottle),B4-3738,Inactive,"Oral Liquid.
An orange coloured suspension filled in an amber coloured PET bottle","Each 5 mL suspension contains: Albendazole USP 200 mg, Flavoured syrup base q.s.
Colour: Sunset Yellow FCF",Oral,P02CA03,https://admin.greenbook.nafdac.gov.ng/uploadImage/smpc_files/2024/09/21/202409211ba2a472-aeda-5faa-ab68-f270c25bdb67.pdf,2021-01-28,2026-01-27,https://greenbook.nafdac.gov.ng/products/details/7831,2026-09-27T21:22:20.085187+00:00,651
greenbook,7832,Ascenid-1 Tablets**,Secnidazole,Peak Pharm Nig Ltd,Drugs,Tablet,1 g,1 x 2&#039;s,A4-6729,Inactive,,,Oral,,,2021-01-28,2026-01-27,https://greenbook.nafdac.gov.ng/products/details/7832,2026-09-27T21:22:20.085187+00:00,652
greenbook,4710,Ascipram 10 Tablet##,Escitalopram (Escitalopram Oxalate),Micro Nova Pharmaceuticals Ind Ltd,Drugs,Tablet,10 mg,3 x 10&#039;s (in Alu-Alu pack),B4-7532,Active,"Film Coated Tablet
Light Pink colored, circular, biconvex, film-coated tablets &quot;MICRO&quot; engraved on one surface and break line on other surface

84	RNW-PP-289356	Ascipram 10 Tablets	ESCITALOPRAM OXALATE USP 10MG	ACTIVE INGREDIENT. : Escitalopram10 mg. Excipients : Magnesium Stearate	B4-7532	Drugs	Imported Products	3X10	POM 1	10/25/2022	MICRO NOVA PHARMACEUTICALS IND LTD, Plot 3, Billings Way, Oregun	81299901	solomonsemicrolabs@gmail.com	M/S MICRO LABS LIMITED., 92, SIPCOT IND. COMPLEX HOSUR 635126 INDIA, India
														
														
														
														
														
														
","Each film coated tablet contains: Escitalopram Oxalate USP equivalent to Escitalopram 10 mg
Excipients q.s.",Oral,N06AB10,https://admin.greenbook.nafdac.gov.ng/uploadImage/smpc_files/2023/08/23/20230823857a99a3-dd6e-560b-8aa9-faa6c5b362ae.pdf,2023-07-06,2028-07-05,https://greenbook.nafdac.gov.ng/products/details/4710,2026-09-27T21:22:20.085187+00:00,653
greenbook,4711,Ascipram 20 Tablet##,Escitalopram (Escitalopram Oxalate),Micro Nova Pharmaceuticals Ind Ltd,Drugs,Tablet,20 mg,3 x 10&#039;s (in Alu-Alu blisters), B4-7531,Active,"Tablet

81	RNW-PP-289343	Ascipram 20 Tablet	ESCITALOPRAM OXALATE USP	1. Escitalopramoxlate (A) 20mg 2. A+ Microcrystalline cellulose BP 3. A+ Maize starch BP 4. A+ Povidone (K30) BP 5. A+ Microcrystalline cellulose BP (Ranq PH 102) 6. A+ Pregelatinated starch USP (Starch 1500) 7. A+ Crospovidone Type (Polyplasdone-XL) 8. A+ Magensium stearate 9. A+ Hypermellose (HPMC 15cps) 10. A+ Opadry 04B530002 Orange 11. A+ Talc 12. A+ Polyethylene glycol 6000	B4-7531	Drugs	Imported Products	3X10	POM 1	10/25/2022	MICRO NOVA PHARMACEUTICALS IND LTD, Plot 3, Billings Way, Oregun	81299901	solomonsemicrolabs@gmail.com	M/S MICRO LABS LIMITED., 92, SIPCOT IND. COMPLEX HOSUR 635126 INDIA, India","Each film coated tablet contains: Escitalopram Oxalate USP equivalent to Escitalopram 10 mg
Excipients q.s.",Oral,N06AB10,https://admin.greenbook.nafdac.gov.ng/uploadImage/smpc_files/2023/08/23/20230823e9352644-4ac8-59b5-ae42-32fae8f3358c.pdf,2023-07-06,2028-07-05,https://greenbook.nafdac.gov.ng/products/details/4711,2026-09-27T21:22:20.085187+00:00,654
greenbook,8001,Ascochew Plus Syrup**,Ascorbic acid; Vitamin A; Vitamin D3; Zinc,Diamond Healthcare Limited,Drugs,Syrup,"100 mg/10 mL; 3,500 IU/10 mL; 400 IU/10 mL; 15 mg/10 mL",100 mL; 200 mL (in amber PET bottles),A11-0345,Active,Oral liquid,"Each 10 mL contains: Ascorbic acid B.P. 100 mg, elemental Zinc 15 mg, Vitamin A (Retinol) B.P. 3,500 IU, Vitamin D3 400 IU",Oral,A11GB,https://admin.greenbook.nafdac.gov.ng/uploadImage/smpc_files/2024/09/29/2024092944fdd29d-f9cd-5cb7-bc7b-292a9be4a3bf.pdf,2024-08-28,2029-08-27,https://greenbook.nafdac.gov.ng/products/details/8001,2026-09-27T21:22:20.085187+00:00,655
greenbook,240,Ascorex 100 mL Syrup_,Salbutamol (Salbutamol Sulfate); Bromhexine (Bromhexine Hydrochloride); Guaifenesin; Menthol,Glenmark Pharmaceuticals Nigeria Limited,Drugs,Syrup,2 mg/5 mL; 4 mg/5 mL; 100 mg/5 mL; 1 mg/5 mL,1 x 10 mL (in PET bottle),A4-0918,Inactive,Syrup,"Each 10 mL contains: Salbutamol Sulfate BP equiv. to Salbutamol 2 mg, Bromhexine Hydrochloride BP 4 mg, Guaifenesin USP 100 mg, Menthol BP 1 mg, and Flavored Syrup Base q.s.
Color: Sunset Yellow FCF",Oral,R03CK,https://admin.greenbook.nafdac.gov.ng/uploadImage/smpc_files/2023/05/27/2023052775ac6fec-9204-5e5e-8800-e2863ea4cd37.pdf,2021-02-19,2026-02-18,https://greenbook.nafdac.gov.ng/products/details/240,2026-09-27T21:22:20.085187+00:00,656
greenbook,8002,Ascorvit Chewable Tablet**,Ascorbic Acid,Sam Pharmaceutical Limited,Drugs,Chewable tablet,100 mg,1 x 1000&#039;s (in plastic secure-container),04-0582,Active,"Chewable tablet.
Orange tablet with “ASCORVIT” marked on one side and “SAM” marked on the other side",Each chewable tablet contains: Ascorbic Acid BP 100 mg,Oral,A11GA01,https://admin.greenbook.nafdac.gov.ng/uploadImage/smpc_files/2024/09/29/202409291915ce26-5792-5476-aa02-0538b33fa7e7.pdf,2024-08-28,2029-08-27,https://greenbook.nafdac.gov.ng/products/details/8002,2026-09-27T21:22:20.085187+00:00,657
greenbook,4712,Ascorvit Chewable Tablets##,Ascorbic Acid,Sam Pharmaceutical Limited,Drugs,Tablet,100 mg,1 x 100&#039;s (in plastic container),04-5918,Active,"Tablet
Orange tablet with &quot;ASCORVIT&quot; marked on one side and &quot;SAM&quot; marked on the other side

Ascorvit Chewable Tablets	04-5918	Ascorvit	ASCORBIC ACID 		NUTRITIONAL SUPPLEMENT	ASCORBIC ACID 100MG 	TABLETS	 X 100	OVER THE COUNTER	TREATMENT OF VITAMIN C DEFICIENCY  AND SCURVY	SAM PHARMACEUTICAL LIMITED	NIGERIA	SAM PHARMACEUTICAL LIMITED	NIGERIA	08/25/2022	08/24/2027","Each tablet contains: Ascorbic Acid 100 mg
Excipients q.s.",Oral,A11GA,https://admin.greenbook.nafdac.gov.ng/uploadImage/smpc_files/2023/10/04/20231004d5456ee4-d62e-5566-bbce-c78d67c016ea.pdf,2022-08-25,2027-08-24,https://greenbook.nafdac.gov.ng/products/details/4712,2026-09-27T21:22:20.085187+00:00,658
greenbook,7130,Asdrex Tablet**,Salbutamol (Salbutamol Sulfate); Theophylline,Nkoyo Chemists Ltd,Drugs,Tablet,2 mg; 150 mg,10 x 10&#039;s (in Alu-PVC blisters),04-7895,Active,"Uncoated tablet.
Pink colour hexagonal embossed “ASDREX” on one side and break line on other side","Each uncoated tablet contains: Theophylline(anhydrous) BP 150 mg, Salbutamol Sulphate BP equiv. to Salbutamol BP 2 mg",Oral,R03DB04,https://admin.greenbook.nafdac.gov.ng/uploadImage/smpc_files/2024/03/26/20240326fa8cb043-57cd-51f5-afa2-1b7d31bbb919.pdf,2024-02-28,2029-02-27,https://greenbook.nafdac.gov.ng/products/details/7130,2026-09-27T21:22:20.085187+00:00,659
greenbook,7833,Asgromentin Tablets 1000 mg**,Amoxicillin (Amoxicillin Trihydrate); Clavulanic Acid (Potassium Clavulanate),Asgrow Pharmaceuticals Limited,Drugs,Tablet,875 mg; 125 mg,2 x 7&#039;s (in Alu/PVC blisters),C4-1551,Active,"Film coated tablets.
White to off-white, modified capsule shaped, biconvex, scored line on one side embossed “A” &amp; “C” and plain on another side coated tablets.
Note: The score line is not intended for the divisions of the tablet into two equal doses. The Tablets should be swallowed whole","Amoxicillin and Potassium Clavulanate Tablets BP 1000 mg.
Each film coated tablet contains: Amoxicillin Trihydrate BP equivalent to Amoxicillin 875 mg, Diluted Potassium Clavulanate BP equivalent to Clavulanic acid 125 mg
Colour: Titanium Dioxide BP",Oral,J01CR02,https://admin.greenbook.nafdac.gov.ng/uploadImage/smpc_files/2024/09/16/202409168dbda631-b788-59cd-b794-17c96b430497.pdf,2024-07-31,2029-07-30,https://greenbook.nafdac.gov.ng/products/details/7833,2026-09-27T21:22:20.085187+00:00,660
greenbook,7834,Asgromentin Tablets 625 mg**,Amoxicillin (Amoxicillin Trihydrate); Clavulanic Acid (Potassium Clavulanate),Asgrow Pharmaceuticals Limited,Drugs,Tablet,500 mg; 125 mg,2 x 7&#039;s (in Alu/PVC blisters),C4-0933,Active,"Film coated tablets.
White to off-white, oval shaped, biconvex, scored line on one side embossed “A” &amp; “C” and plain on another side coated tablets.
Note: The score line is not intended for the divisions of the tablet into two equal doses. The Tablets should be swallowed whole","Amoxicillin and Potassium Clavulanate Tablets BP 625 mg.
Each film coated tablet contains: Amoxicillin Trihydrate BP equivalent to Amoxicillin 500 mg, Diluted Potassium Clavulanate BP Equivalent to Clavulanic acid 125 mg
Colour: Titanium Dioxide BP",Oral, J01CR0,https://admin.greenbook.nafdac.gov.ng/uploadImage/smpc_files/2024/09/16/20240916b03a870b-0ccb-5873-94f9-f100a7d38fd5.pdf,2024-07-31,2029-07-30,https://greenbook.nafdac.gov.ng/products/details/7834,2026-09-27T21:22:20.085187+00:00,661
greenbook,6823,Asmanol Tablet_,Salbutamol (Salbutamol Sulfate); Theophylline; Chlorphenamine,Vitabiotics Nigeria Limited,Drugs,Tablet,2 mg; 60 mg; 2 mg ,1 x 50&#039;s (in HDPE containers),A4-5674,Active,"Tablet.
White, circular-shaped tablet with ‘ASMANOL’ inscribed on one side, and a break-line on the other side, presented in a white HDPE plastic secured container with red press-on cap containing 50 tablets with an insert.","Each tablet contains: Salbutamol Base BP 2 mg, Theophylline BP 60 mg, and Chlorpheniramine Maleate BP 2 mg",Oral,R03DA54,https://admin.greenbook.nafdac.gov.ng/uploadImage/smpc_files/2024/01/02/20240102929fe964-c758-5fb5-a921-3aba5fa1c367.pdf,2023-12-21,2028-12-20,https://greenbook.nafdac.gov.ng/products/details/6823,2026-09-27T21:22:20.085187+00:00,662
greenbook,4694,Asmavard-F Tablet##,Salbutamol (Salbutamol Sulfate); Theophylline,De - Godstime Industry Nig Ltd,Drugs,Tablet,2 mg; 100 mg,"1 x 50&#039;s, 1 x 500&#039;s (in plastic containers)",04-6246,Active,"Tablet
White, circular, flat, uncoated tablet embossed &quot;Asmavard-F&quot; on one side and &quot;Vardhman&quot;  with central break line on other side of each tablet. The score line is only to facilitate breaking for ease of swallowing and not to divide into equal doses


ASMAVARD-F TABLET	04-6246	ASMAVARD-F TABLET	Each uncoated tablet contains: Theophylline (Anhydrous) BP 100mg Salbutamol Sulphate BP eq. to Salbutamol 2mg. Lactose, Maize Starch, Di-basic Calcium Phosphate, Microcrystalline Cellulose, Methyl Paraben, Propyl Paraben, PEG-6000, Colloidal Silicon Dioxide, Purified Talc, Sodium Starch Glycollate, Magnesium Stearate.					Prescription Only Medicine (POM)		DE - GODSTIME INDUSTRY NIG LTD, 9 Belonwu Street, fegge onitsha.		VARDHMAN EXPORTS, A-188, T.T.C. M.I.D.C INDL. AREA, KHAIRNE, NAVI MUMBAI-400710. MAHARASHTRA STATE, INDIA, India		23/02/2023	22/02/2028","Each uncoated tablet contains:  Theophylline (Anhydrous) BP 100 mg, Salbutamol Sulfate BP equivalent to Salbutamol 2 mg",Oral,R03DB04,https://admin.greenbook.nafdac.gov.ng/uploadImage/smpc_files/2023/10/02/202310025c514044-cb76-5bbb-b58c-ecf606c0eba8.pdf,2023-02-23,2028-02-22,https://greenbook.nafdac.gov.ng/products/details/4694,2026-09-27T21:22:20.085187+00:00,663
greenbook,8882,Asomex-LT Tablet**,Amlodipine (Amlodipine Besilate); Losartan Potassium,Fidson Healthcare PLC,Drugs,Tablet,2.5 mg; 50 mg,3 x 10&#039;s,C4-1900,Active,Tablet,"Each tablet contains: Amlodipine Besilate 2.5 mg, Losartan 50 mg",Oral,C08CA01,,2021-10-28,2026-10-27,https://greenbook.nafdac.gov.ng/products/details/8882,2026-09-27T21:22:20.085187+00:00,664
greenbook,3166,Asphage-G Tablets##,Metformin Hydrochloride; Gliclazide,Astranad Pharmaceuticals and Chemical Company Limited,Drugs,Tablet,500 mg; 80 mg,,A4-9928,Inactive,Tablet,"Metformin Hydrochloride 500 mg, Gliclazide 80 mg
Excipients q.s.",Oral,A10BD02,,2020-11-10,2025-11-09,https://greenbook.nafdac.gov.ng/products/details/3166,2026-09-27T21:22:20.085187+00:00,665
greenbook,7131,Aspirin Cardio 100 mg Tablet**,Acetylsalicylic Acid,Bayer Nigeria Limited,Drugs,Tablet,100 mg,3 x 10&#039;s (in Alu/Alu blisters),A4-4447,Active,Gastro-resistant tablet,Acetylsalicyclic Acid 100 mg,Oral,B01AC06,https://admin.greenbook.nafdac.gov.ng/uploadImage/smpc_files/2024/02/17/2024021747c0dd2a-687f-5a82-ae12-5455b73fbfb8.pdf,2024-01-31,2029-01-30,https://greenbook.nafdac.gov.ng/products/details/7131,2026-09-27T21:22:20.085187+00:00,666
greenbook,5521,Astepro Tablets_,Theophylline; Salbutamol,Evergreen Morning Star Pharmaceutical Ind. Ltd,Drugs,Tablet,200 mg; 4 mg,1 x 50&#039;s ,A11-100500,Active,Tablet,"Each tablet contains Theophylline 200 mg, and Salbutamol 4 mg",Oral,R03DB04,,2023-05-25,2028-05-24,https://greenbook.nafdac.gov.ng/products/details/5521,2026-09-27T21:22:20.085187+00:00,667
greenbook,29,Asthanax-F Tablets##,Ephedrine Hydrochloride; Theophylline Hydrochloride; Chlorphenamine Maleate,Zunamediks Pharm Limited,Drugs,Tablet,16 mg; 60 mg; 2 mg,,A11-0029,Active,Tablet,"Each tablet contains: Ephedrine Hydrochloride 16 mg, Theophylline Hydrochloride 60 mg, Chlorphenamine Maleate 2 mg",Oral,R03DA54,,2021-12-02,2026-12-01,https://greenbook.nafdac.gov.ng/products/details/29,2026-09-27T21:22:20.085187+00:00,668
greenbook,4202,Asthator 10##,Montelukast (Montelukast Sodium),Chanrai HealthCare Limited,Drugs,Tablet,10 mg,3 x 10&#039;s (in blisters),B4-1308,Inactive,Tablet,"Each tablet contains: Montelukast Sodium Ph. EUR equivalent to Montelukast 10 mg
Excipients q.s.",Oral,R03DC03,https://admin.greenbook.nafdac.gov.ng/uploadImage/smpc_files/2023/05/27/20230527bf082398-c72e-5c50-a8cb-70dd90029839.pdf,2021-08-26,2026-08-25,https://greenbook.nafdac.gov.ng/products/details/4202,2026-09-27T21:22:20.085187+00:00,669
greenbook,4203,Asthator 5##,Montelukast (Montelukast Sodium),Chanrai HealthCare Limited,Drugs,Tablet,5 mg,3 x 10&#039;s (in blisters),B4-1262,Inactive,Tablet,"Each tablet contains: Montelukast Sodium Ph. EUR equivalent to Montelukast 5 mg
Excipients q.s.",Oral,R03DC03,https://admin.greenbook.nafdac.gov.ng/uploadImage/smpc_files/2023/05/27/20230527c2520271-3436-5996-8921-b1ef41571c71.pdf,2021-08-26,2026-08-25,https://greenbook.nafdac.gov.ng/products/details/4203,2026-09-27T21:22:20.085187+00:00,670
greenbook,7132,Asthavent Syrup##,Salbutamol (Salbutamol Sulfate),Unique AgroChem Ltd,Drugs,Syrup,2 mg/5 mL,1 x 100 mL (in PET bottle),A11-100642,Active,"Syrup

36	NF-PP-239645	ASTHAVENT SYRUP	SALBUTAMOL SYRUP (2mg/5ml )	Each 5ml contains: Salbutamol Sulphate 2.41mg, Sodium Citrate 7.50mg, Citric Acid Monohydrate 15mg, Sodium Benzoate 5mg, Sodium Saccharin 2.5mg, Glycerin 1400mg, Banana Flavour 2.5mg, Purified Water …qs… 5ml.	A11-100642	Drugs	Nigerian Products	100ML	POM 1	11/20/2021	UNIQUE PHARMACEUTICALS LIMITED, KM 38, ABEOKUTA ROAD, VEEPEE INDUSTRIAL AVENUE, SANGO-OTA,OGUN STATE.	8097421000	mail@uniquepharm.com	UNIQUE PHARMACEUTICALS LIMITED, 11, FATAI ATERE WAY, MATORI, MUSHIN, LAGOS., Nigeria","Each 5 mL contains; Salbutamol (as Salbutamol Sulfate BP) 2 mg
Excipients: Sodium Citrate BP, Citric Acid Monohydrate BP, Sodium Benzoate BP, Sodium Saccharin BP, Banana Flavor BP",Oral,R03CC02,https://admin.greenbook.nafdac.gov.ng/uploadImage/smpc_files/2024/02/18/2024021858af05d8-edf2-5d95-b38e-727168e2c38e.pdf,2024-01-31,2029-01-30,https://greenbook.nafdac.gov.ng/products/details/7132,2026-09-27T21:22:20.085187+00:00,671
greenbook,8567,Astin 10 Tablet**,Atorvastatin (Atorvastatin Calcium),Micro Nova Pharmaceuticals Ind Ltd,Drugs,Tablet,10 mg,3 x 10&#039;s (in Alu-Alu blisters),B4-7898,Inactive,"Film coated tablets.
Brownish orange colored, circular, biconvex, film coated tablets with MICRO engraved on one surface and plain on other surface","Each film-coated tablet contains: Atorvastatin Calcium equivalent to Atorvastatin 10 mg.

Excipient(s) with known effect:
Each 10 mg film-coated tablet contains 42.00 mg Lactose monohydrate",Oral,,https://admin.greenbook.nafdac.gov.ng/uploadImage/smpc_files/2024/11/20/20241120cadd3fe1-ea0d-5ec6-955d-231f6404c7c1.pdf,2021-08-26,2026-08-25,https://greenbook.nafdac.gov.ng/products/details/8567,2026-09-27T21:22:20.085187+00:00,672
greenbook,6833,Asylin Drops**,Pseudoephedrine Hydrochloride; Chlorphenamine Maleate; Dextromethorphan,A.C. Drugs Ltd,Drugs,Solution/Drops,9.38 mg/mL; 1 mg/mL; 3.12 mg/mL,15 mL,A11-0483,Active,Oral Drops,"Each mL contains: Pseudoephedrine 9.38, Dextromethorphan Hydrobromide 3.12 mg, Chlorpheniramine maleate 1.00 mg",Oral,R01BA52,https://admin.greenbook.nafdac.gov.ng/uploadImage/smpc_files/2024/12/18/2024121851186270-489f-5ed7-8562-c6207e97cb0a.pdf,2023-12-21,2028-12-20,https://greenbook.nafdac.gov.ng/products/details/6833,2026-09-27T21:22:20.085187+00:00,673
greenbook,10116,Atacand Plus 16/12.5 Tablets**,Candesartan Cilexetil; Hydrochlorothiazide,AstraZeneca Nigeria Limited,Drugs,Tablet,16 mg; 12.5 mg,1 x 28&#039;s,A4-1470,Active,Tablet,"Each tablet contains: Candesartan Cilexetil 16 mg, Hydrochlorothiazide 12.5 mg",Oral,,,2021-10-28,2026-10-27,https://greenbook.nafdac.gov.ng/products/details/10116,2026-09-27T21:22:20.085187+00:00,674
greenbook,3340,Atadyn Syrup##,Loratadine,Peak Pharm Nig Ltd,Drugs,Syrup,5 mg/5 mL,1 x 100 mL (in amber PET bottle),A4-1607,Inactive,Tablet,"Each 5 mL contains: Loratadine 5 mg, Flavored Base q.s.
Color: Tartrazine",Oral,R06AX13,https://admin.greenbook.nafdac.gov.ng/uploadImage/smpc_files/2023/05/27/202305272b831404-f668-5a63-b1f1-0514cbe1f873.PDF,2021-05-28,2026-05-27,https://greenbook.nafdac.gov.ng/products/details/3340,2026-09-27T21:22:20.085187+00:00,675
greenbook,3341,Atadyn Tablet##,Loratadine,Peak Pharm Nig Ltd,Drugs,Tablet,10 mg,10 x 10&#039;s (in PVC-Alu blisters),A4-1640,Inactive,Uncoated Tablet,"Each tablet contains: Loratadine 10 mg
Excipients q.s.
",Oral,R06AX13,https://admin.greenbook.nafdac.gov.ng/uploadImage/smpc_files/2023/05/27/2023052789f610a3-0460-51a7-b23b-69111c4483af.PDF,2021-05-28,2026-05-27,https://greenbook.nafdac.gov.ng/products/details/3341,2026-09-27T21:22:20.085187+00:00,676
greenbook,4713,Ataka 50 Tablets##,Diclofenac Potassium,Yellow Pharmaceutical Company Limited,Drugs,Tablet,50 mg,160 x 10 x 10&#039;s (in PVC-Alu blisters),B4-2680,Active,"Film coated tablet
Brick red colored round shape biconvex, film coated tablet plain on both sides

86	RNW-PP-160455	ATAKA 50 TABLETS	DICLOFENAC POTASSIUM 50MG	Each film coated tablet contains: Diclofena Potassium BP 50mg Excipients q.s	B4-2680	Drugs	Imported Products	10X10	Prescription Only Medicine (POM)	1/21/2021	YELLOW PHARMACEUTICAL COMPANY LIMITED., , EKWULOBIA STREET WOLIWO LAYOUT, ONITSHA ANAMBRA	8090970669	yellowpharmaltd@gmail.com	EUROLIFE HEALTHCARE PVT. LTD.,, Unit-II, Khasra No. 242, Village Bhagwanpur, Roorkee, Dist-Haridwar, (Uttarakhand), India. , India","Each film coated tablet contains: Diclofenac Potassium BP 50 mg
Excipients q.s.",Oral,M01AB05,https://admin.greenbook.nafdac.gov.ng/uploadImage/smpc_files/2023/08/23/20230823595d7f3d-33a6-54fe-b00f-f001a357d129.pdf,2023-07-06,2028-07-05,https://greenbook.nafdac.gov.ng/products/details/4713,2026-09-27T21:22:20.085187+00:00,677
greenbook,258,Atazanavir & Ritonavir Tablets 300 mg/100 mg##,Atazanavir; Ritonavir,Hetero Labs Nigeria Limited,Drugs,Tablet,300 mg; 100 mg,,B4-4610,Active,,"Each tablet contains: Atazanavir Sulfate equivalent to Atazanavir 300 mg, and Ritonavir 100 mg",Oral,J05AR23,https://admin.greenbook.nafdac.gov.ng/uploadImage/smpc_files/2025/03/24/2025032446f6e929-2986-5c79-8c5c-b6eef87b9c03.pdf,2021-10-28,2026-10-27,https://greenbook.nafdac.gov.ng/products/details/258,2026-09-27T21:22:20.085187+00:00,678
greenbook,4432,Atazanavir (As Sulfate) And Ritonavir Tablets##,Atazanavir; Ritonavir,Healthline Limited,Drugs,Tablet,300 mg; 100 mg,,B4-0196,Inactive,"Tablet

Atazanavir (As Sulfate) And Ritonavir Tablets	B4-0196	Atazanavir; Ritonavir	Antiretroviral	Oral	300 mg, 100 mg	Tablet	Prescription Only Medicine (Pom)	Healthline Nig. Ltd	Mylan Laboratories Limited	India	2020-11-10	2025-11-09",Each tablet contains: Atazanavir 300 mg; Ritonavir 100 mg,Oral,J05AR23,,2020-11-10,2025-11-09,https://greenbook.nafdac.gov.ng/products/details/4432,2026-09-27T21:22:20.085187+00:00,679
greenbook,7343,Atazanavir and Ritonavir Tablets 300 mg/100 mg##,Atazanavir; Ritonavir,Jyna Pharma Ltd,Drugs,Tablet,300 mg; 100 mg,"1 x 30&#039;s, 1 x 90&#039;s (in HDPE bottles)",A4-100815,Active,"Film Coated Tablet
Yellow colored, oval shaped. film coated tablet debossed with &quot;L61&quot; on one side and plain on other side

NF-PP-334070	Atazanavir and Ritonavir Tablets 300 mg/100 mg	Atazanavir sulfate and Ritonavir	Active Ingredients: Atazanavir Sulfate IH and Ritonavir USP. EXCIPIENTS: Lactose monohydrate USP- NF (Granulac 200), Crospovidone USP-NF (Kollidone CL), Purified water USP, Lactose Monohydrate USP- NF (Flowlac 100), Magnesium stearate USP-NF (Ligamed MF-2-V), Co-povidone USP-NF (Plasdone S-630), Sorbitan monolaurate USP- NF (Span 20), Colloidal silicon dioxide (Aerosil 200 pharma), Dicalcium phosphate anhydrous/Calcium hydrogen phosphate (A Tab), Ferric oxide (Iron Oxide Sicovit yellow 10	A4-100815	Drugs	Imported Products	1*30,1*90	Prescription Only Medicine (POM)	JYNA PHARMA LTD, OLU AWOTESU STREET ABUJA FCT	92909236	info@hscgroup.org	Laurus Lab Limited, Serene Chambers, Road No 7, Banjara hills, Hyderabad – 500 034, Telangana, India., India
												
												
												
												
												
												
","Each film coated tablet contains: Atazanavir Sulfate equivalent to Atazanavir 300 mg, Ritonavir USP 100 mg
Formulation contains Lactose and Sodium
Excipients q.s.",Oral,J05AR23,https://admin.greenbook.nafdac.gov.ng/uploadImage/smpc_files/2024/05/17/20240517ead87023-338d-5f87-b166-481a9cf08c99.pdf,2024-04-30,2029-05-01,https://greenbook.nafdac.gov.ng/products/details/7343,2026-09-27T21:22:20.085187+00:00,680
greenbook,11690,Atazor-R Tablets_,Atazanavir; Ritonavir,Emcure Nigeria Limited,Drugs,Tablet,300 mg,1 x 30&#039;s (in HDPE bottle),A4-9623,Active,"Tablet.
A creamish, yellow-coloured, modified capsule shaped film-coated tablet debossee with &quot;EM&quot; on one side and &quot;149&quot; on other side.","Each film coated tablet contains: Atazanavir Sulphate USP equiv. to Atazanavir base 300 mg, and Ritonavir 100 mg
Excipients q.s.",Oral,J05AR23,https://admin.greenbook.nafdac.gov.ng/uploadImage/smpc_files/2025/10/09/202510093b126d9d-c975-5093-8a34-bf0df3c8ad66.pdf,2025-08-27,2030-08-26,https://greenbook.nafdac.gov.ng/products/details/11690,2026-09-27T21:22:20.085187+00:00,681
greenbook,3189,Atenolol Tablet 100 mg##,Atenolol,Dony-Triumph and Company Nigeria Limited,Drugs,Tablet,100 mg,,B4-3367,Inactive,Tablet,Each tablet contains: Atenolol 100 mg,Oral,C07AB03,,2020-12-21,2025-12-20,https://greenbook.nafdac.gov.ng/products/details/3189,2026-09-27T21:22:20.085187+00:00,682
greenbook,3190,Atenolol Tablet 50 mg##,Atenolol,Dony-Triumph and Company Nigeria Limited,Drugs,Tablet,50 mg,,B4-3739,Inactive,Tablet,Each tablet contains: Atenolol 50 mg,Oral,C07AB03,,2020-12-21,2025-12-20,https://greenbook.nafdac.gov.ng/products/details/3190,2026-09-27T21:22:20.085187+00:00,683
greenbook,4714,Atenolol-100 Tablet##,Atenolol,Chez Resources Pharmaceutical Limited,Drugs,Tablet,100 mg,2 x 14&#039;s (in PVC-Alu blisters),B4-8161,Active,"Tablets

31	RNW-PP-310316	31	RNW-PP-310316	ATENOLOL-100 TABLET	ATENOLOL BP 100MG	Atenolol BP 100mg and q.s.	B4-8161	Drugs	Imported Products	2*14	POM 1	1/28/2023	CHEZ RESOURCES PHARMACEUTICAL LIMITED, 7 CALABAR STREET FEGGE ONITSHA ANAMBRA	46485780	chezrespharm@gmail.com	ALPA LABORATORIES LTD, 33/2, PIGDAMBER A.B. ROAD-453 446 DISTT. INDORE-(M.P.) INDIA, India
	ATENOLOL BP 100MG	Atenolol BP 100mg and q.s.	B4-8161	Drugs	Imported Products	2*14	POM 1	1/28/2023	CHEZ RESOURCES PHARMACEUTICAL LIMITED, 7 CALABAR STREET FEGGE ONITSHA ANAMBRA	46485780	chezrespharm@gmail.com	ALPA LABORATORIES LTD, 33/2, PIGDAMBER A.B. ROAD-453 446 DISTT. INDORE-(M.P.) INDIA, India","Each uncoated tablet contains: Atenolol BP 100 mg
Excipients: Maize Starch, Microcrystalline Cellulose, Dicalcium Phosphate, Magnesium Stearate, Purified Talc, Sodium Lauryl Sulphate, Crospovidone, Colloidal Silicon Dioxide Anhydrous",Oral,C07AB03,https://admin.greenbook.nafdac.gov.ng/uploadImage/smpc_files/2023/08/22/20230822087293b3-112f-5071-8a33-a4e4baeeb686.pdf,2023-05-25,2028-05-24,https://greenbook.nafdac.gov.ng/products/details/4714,2026-09-27T21:22:20.085187+00:00,684
greenbook,4715,Atenolol-50 mg Tablet##,Atenolol,Chez Resources Pharmaceutical Limited,Drugs,Tablet,50 mg,2 x 14&#039;s (in PVC-Alu blisters),B4-8238,Active,"Tablet

32	RNW-PP-310298	ATENOLOL-50MG TABLET	ATENOLOL BP 50MG	Atenolol BP 50mg and q.s.	B4-8238	Drugs	Imported Products	2*14tablets	Prescription Only Medicine (POM)	1/28/2023	CHEZ RESOURCES PHARMACEUTICAL LIMITED, 7 CALABAR STREET FEGGE ONITSHA ANAMBRA	46485780	chezrespharm@gmail.com	ALPA LABORATORIES LTD, 33/2, PIGDAMBER A.B. ROAD-453 446 DISTT. INDORE-(M.P.) INDIA, India
","Each tablet contains: Atenolol BP 50 mg
Excipients: Maize Starch, Microcrystalline Cellulose, Dicalcium Phosphate, Magnesium Stearate, Purified Talc, Sodium Lauryl Sulphate, Crospovidone, Colloidal Silicon Dioxide Anhydrous",Oral,C07AB03,https://admin.greenbook.nafdac.gov.ng/uploadImage/smpc_files/2023/08/22/20230822a9ec1b5a-a5de-594b-8ca5-e05b06116fd8.pdf,2023-05-25,2028-05-24,https://greenbook.nafdac.gov.ng/products/details/4715,2026-09-27T21:22:20.085187+00:00,685
greenbook,12395,Atenomel-100 Tablets_,Atenolol,Mankind Life-Sciences Limited,Drugs,Tablet,100 mg,2 x 14&#039;s (in PVC-Alu blisters),B4-6202,Active,"Tablet.
Off-white, circular, biconvex film-coated tablets with a break line on one side and engraved with &quot;Atenolol 100&quot; on the other side","Each tablet contains: Atenolol BP 100 mg
Excipients q.s.",Oral,C07AB03,https://admin.greenbook.nafdac.gov.ng/uploadImage/smpc_files/2025/12/29/20251229b056155c-4ecc-5410-9f84-9365ec8ca52d.pdf,2025-11-26,2030-11-25,https://greenbook.nafdac.gov.ng/products/details/12395,2026-09-27T21:22:20.085187+00:00,686
greenbook,290,Atmal Plus Capsule##,Artemether; Lumefantrine,Justeen Pharmaceuticals Ltd,Drugs,Capsule,80 mg; 480 mg,1 x 6&#039;s (in blister),B4-3788,Inactive,"Soft Gelatin Capsule
","Each soft gelatin capsule contains: Artemether Ph. IINT 80 mg, Lumefantrine Ph. INT 480 mg
Excipients q.s.",Oral,P01BF01,https://admin.greenbook.nafdac.gov.ng/uploadImage/smpc_files/2023/05/27/20230527787d3f6e-fe5d-5aca-b49f-0f9a657ce31e.pdf,2021-08-03,2026-08-02,https://greenbook.nafdac.gov.ng/products/details/290,2026-09-27T21:22:20.085187+00:00,687
greenbook,11691,Atocard 20 Tablet_,Atorvastatin (Atorvastatin Calcium),Chanrai HealthCare Limited,Drugs,Tablet,20 mg,3 x 10&#039;s (in Alu-Alu blisters),B4-4780,Active,Film-Coated Tablet,"Each film coated tablet contains: Atorvastatin Calcium BP equiv. to Atorvastatin base 20 mg
Excipients q.s.",Oral,C10AA05,https://admin.greenbook.nafdac.gov.ng/uploadImage/smpc_files/2025/10/07/2025100735c84c5a-ea65-5283-b375-9d7e5685088e.pdf,2025-08-27,2030-08-26,https://greenbook.nafdac.gov.ng/products/details/11691,2026-09-27T21:22:20.085187+00:00,688
greenbook,6717,Atorkem-20 Tablet##,Atorvastatin (Atorvastatin Calcium),Aquatix Pharmaceuticals Limited,Drugs,Tablet,20 mg,3 x 10&#039;s (in Alu-Alu blisters),B4-9299,Active,"Tablet
White colored, round, biconvex, scored on one side, film coated tablets

170	RNW-PP-331702	Atorkem-20 Tablet	ATORVASTATIN 20MG	Atorvastatin 20mg	B4-9299	Drugs	Imported Products	3*10	Prescription Only Medicine (POM)	5/26/2023	AQUATIX PHARMACEUTICALS LIMITED, 7, Sapara Williams Street, Industrial Estate, Ikeja. Lagos. Nigeria.	7064946450	aquatixnigeria@gmail.com	Synokem Pharmaceuticals Ltd, Plot No. 35-36, Sector 6-A Integrated Industrial Estate (Sidcul) Ranipur (BHEL) Haridwar-249 403 UUTT Arkhand India, India","Each tablet contains: Atorvastatin Calcium equivalent to Atorvastatin 20 mg
Excipients q.s.
Color: Titanium Dioxide",Oral,C10AA05,https://admin.greenbook.nafdac.gov.ng/uploadImage/smpc_files/2024/12/25/2024122503072d03-0d55-55f1-b6b2-67d85ac9f24b.pdf,2023-12-21,2028-12-20,https://greenbook.nafdac.gov.ng/products/details/6717,2026-09-27T21:22:20.085187+00:00,689
greenbook,12083,Atorstat-10 Tablets_,Atorvastatin,New Heights Pharmaceuticals Ltd,Drugs,Tablet,10 mg,2 x 14&#039;s (in blisters),A4-7864,Active,"Oral tablet.
A white, circular, biconvex, film-coated tablet having embossed &quot;AT 10&quot; on one side of tablet and plain on other side of tablet.","Each film-coated tablet contains: Atorvastatin calcium USP equiv. to Atorvastatin 10 mg
Excipients Q.S",Oral,C10AA05,https://admin.greenbook.nafdac.gov.ng/uploadImage/smpc_files/2025/12/05/202512050d2f4b13-8d81-51b5-bdd3-0bb3047a6b52.pdf,2025-10-29,2030-10-28,https://greenbook.nafdac.gov.ng/products/details/12083,2026-09-27T21:22:20.085187+00:00,690
greenbook,12084,Atorstat-20 Tablets_,Atorvastatin,New Heights Pharmaceuticals Ltd,Drugs,Tablet,20 mg,2 x 14&#039;s (in Alu-Alu blisters),A4-7865,Active,"Tablet.
An orange-colored, circular, biconvex, film-coated tablet having embossed &quot;AT 20&quot; on one side of the tablet and plain on the other side of the tablet.","Each film-coated tablet contains: Atorvastatin Calcium USP equiv. to Atorvastatin 20 mg 
Excipients: q.s.",Oral,C10AA05,https://admin.greenbook.nafdac.gov.ng/uploadImage/smpc_files/2025/12/05/20251205e0bc9f3b-92d4-5dcd-93de-de8a6eb8ee9d.pdf,2025-10-29,2030-10-28,https://greenbook.nafdac.gov.ng/products/details/12084,2026-09-27T21:22:20.085187+00:00,691
greenbook,7835,Atorvastatin 20 mg Tablet**,Atorvastatin (Atorvastatin Calcium),Dor Glory Pharmaceuticals Nigeria Limited,Drugs,Tablet,20 mg,3 x 10&#039;s (in Alu-Alu blisters),C4-1712,Inactive,Tablet,Each tablet contains: Atorvastatin calcium equiv. to Atorvastatin 20 mg,Oral,,https://admin.greenbook.nafdac.gov.ng/uploadImage/smpc_files/2024/09/21/20240921a9816c24-1d6f-585b-b761-6632b27e63b5.pdf,2021-05-27,2026-05-26,https://greenbook.nafdac.gov.ng/products/details/7835,2026-09-27T21:22:20.085187+00:00,692
greenbook,10604,Atorvastatin 20 mg Tablet_,Atorvastatin (Atorvastatin Calcium),First J. Pocco Pharmacy Limited,Drugs,Tablet,20 mg,3 x 10&#039;s (in Alu-Alu blisters),A4-101204,Active,Oral solid dosage form,"Each tablet contains: Atorvastatin Calcium Trihydrate BP equiv. to Atorvastatin Base 20 mg
Excipients q.s.",Oral,C10AA05,https://admin.greenbook.nafdac.gov.ng/uploadImage/smpc_files/2025/04/25/202504251e429e34-b328-5c10-b263-6f2aba753d2c.pdf,2025-03-27,2030-03-26,https://greenbook.nafdac.gov.ng/products/details/10604,2026-09-27T21:22:20.085187+00:00,693
greenbook,8008,Atorvastatin Calcium 10 mg Tablet**,Atorvastatin (Atorvastatin Calcium),Global Organics Ltd,Drugs,Tablet,10 mg,3 x 10&#039;s,C4-1772,Inactive,Tablet,Each tablet contains: Atorvastatin Calcium USP equiv. to Atorvastatin 10 mg,Oral,,,2021-08-03,2026-08-02,https://greenbook.nafdac.gov.ng/products/details/8008,2026-09-27T21:22:20.085187+00:00,694
greenbook,8009,Atorvastatin Calcium 20 mg Tablet**,Atorvastatin (Atorvastatin Calcium),Global Organics Ltd,Drugs,Tablet,20 mg,3 x 10&#039;s,C4-1771,Inactive,"LUMISTEROL 20 TABLET	ATORVASTATIN CALCIUM 	ATORVASTATIN CALCIUM 20MG	C4-1771	Drugs	Imported Product	3X10	05-12-2025	GLOBAL ORGANICS LTD, PLOT NO 868, KM 34 AJEGUNLE BUS-STOP, LAGOS ABEOKUTA EXPRESSWAY, LAGOS STATE.	017747123	info@globorg.net	Global Organics Limited, PLOT 868, KM 34, LAGOS-ABEOKUTA EXPRESS WAY, LAGOS STATE, NIGERIA.
",Each tablet contains: Atorvastatin Calcium USP equiv. to Atorvastatin 20 mg,Oral,,https://admin.greenbook.nafdac.gov.ng/uploadImage/smpc_files/2025/05/06/2025050681d3cb03-2704-54e9-a3fa-a0748dcdf285.pdf,2021-08-03,2026-08-02,https://greenbook.nafdac.gov.ng/products/details/8009,2026-09-27T21:22:20.085187+00:00,695
greenbook,11108,Atorvastatin Tablets 10 mg_,Atorvastatin,Synermed Nig Ltd,Drugs,Tablet,10 mg,3 x 10&#039;s (in Alu-Alu blisters),B4-6966,Active,"Oral Solid Dosage Form

","Each film-coated tablet contains: Atorvastatin Calcium Trihydrate BP equiv. to Atorvastatin Base 10 mg
Excipients q.s.",Oral,C10AA05,https://admin.greenbook.nafdac.gov.ng/uploadImage/smpc_files/2025/05/25/20250525df823126-c9fb-57cb-87d3-9284d17c47ce.pdf,2025-04-30,2030-04-29,https://greenbook.nafdac.gov.ng/products/details/11108,2026-09-27T21:22:20.085187+00:00,696
greenbook,11109,Atorvastatin Tablets 20 mg_,Atorvastatin,Synermed Nig Ltd,Drugs,Tablet,20 mg,3 x 10&#039;s (in Alu-Alu blisters),B4-6965,Active,Oral Solid Dosage Form,"Each film-coated tablet contains: Atorvastatin Calcium Trihydrate BP equiv. to Atorvastatin Base 20 mg
Excipients q.s.",Oral,C10AA05,https://admin.greenbook.nafdac.gov.ng/uploadImage/smpc_files/2025/05/27/2025052775911e58-15ad-5cfc-9458-c4daad582538.pdf,2025-04-30,2030-04-29,https://greenbook.nafdac.gov.ng/products/details/11109,2026-09-27T21:22:20.085187+00:00,697
greenbook,3228,Atorvastatin Tablets##,Atorvastatin (Atorvastatin Calcium),Embassy Pharmaceutical and Chemicals Limited,Drugs,Tablet,20 mg,,C4-1174,Inactive,Tablet,"Each tablet contains: Atorvastatin Calcium equivalent to Atorvastatin 20 mg
",Oral,C10AA05,,2020-11-10,2025-11-09,https://greenbook.nafdac.gov.ng/products/details/3228,2026-09-27T21:22:20.085187+00:00,698
greenbook,1848,Atotrim V6 Vaginal Tablets##,Clotrimazole,Dor Glory Pharmaceuticals Nigeria Limited,Drugs,Vaginal tablet,100 mg,1 x 6&#039;s (in Alu-Alu strip),A4-8467,Inactive,"Vaginal Tablet
White, bullet shaped tablet, flat on one end and curved on other end","Each vaginal tablet contains: Clotrimazole BP 100 mg
Excipients q.s.",Vaginal,G01AF02,https://admin.greenbook.nafdac.gov.ng/uploadImage/smpc_files/2023/05/27/2023052778209a12-09d3-5afc-a85c-f920b1d337e0.pdf,2021-05-07,2026-05-06,https://greenbook.nafdac.gov.ng/products/details/1848,2026-09-27T21:22:20.085187+00:00,699
greenbook,3229,Atrasav 10 Tablets##,Atorvastatin (Atorvastatin Calcium),Savocent Pharma Ltd,Drugs,Tablet,10 mg,,C4-1300,Inactive,Tablet,Each tablet contains: Atorvastatin Calcium equivalent to Atorvastatin 10 mg,Oral,C10AA05,,2020-11-30,2025-11-29,https://greenbook.nafdac.gov.ng/products/details/3229,2026-09-27T21:22:20.085187+00:00,700
greenbook,3230,Atrasav 20 Tablets##,Atorvastatin (Atorvastatin Calcium),Savocent Pharma Ltd,Drugs,Tablet,20 mg,,C4-1301,Inactive,Tablet,Each tablet contains: Atorvastatin Calcium equivalent to Atorvastatin 20 mg,Oral,C10AA05,,2020-11-30,2025-11-29,https://greenbook.nafdac.gov.ng/products/details/3230,2026-09-27T21:22:20.085187+00:00,701
greenbook,12133,Atrimax 325 mg Tablets_,Cefixime; Clavulanic Acid (Clavulanate Potassium),Evans Therapeutics Limited,Drugs,Tablet,200 mg; 125 mg,1 x 10&#039;s (in Alu-Alu blister),A4-101747,Active,"Tablet.
White-colored, capsule-shaped, biconvex, film-coated tablet, having one side plain and a break line on the other side of the tablet","Each tablet contains: Cefixime USP (as Trihydrate) equiv. to Cefixime (Anhydrous) 200 mg, and Clavulanate Potassium equiv. to Clavulanic Acid 125 mg
Excipients q.s.",Oral,J01DD58,https://admin.greenbook.nafdac.gov.ng/uploadImage/smpc_files/2025/12/09/20251209ee247acd-9935-56e4-9996-7d84f28d58eb.pdf,2025-11-26,2030-11-25,https://greenbook.nafdac.gov.ng/products/details/12133,2026-09-27T21:22:20.085187+00:00,702
greenbook,6502,Atrite Capsules##,Piroxicam,Sagar Vitaceuticals Nigeria Ltd,Drugs,Capsule,20 mg,10 x 10&#039;s (in PVC-Alu blisters),04-2383,Active,"Capsule
Scarlet cap/scarlet body printed &quot;ATRITE&quot; on body and &quot;SAGAR&quot; on cap filled with white crystalline powder

ATRITE CAPSULES	PIROXICAM CAPSULES BP 20MG	Each Capsule contains Piroxicam BP 20.00 mg Maize Starch BP 75.00mg Lactose BP 119.50 mg Purified Talc BP 5.0 mg Colloidal Silicon Dioxide (Aerosil-200) 0.5 mg Empty hard gelatin capsules size ‘2’ Scarlet cap/Scarlet body –printed- Atrite on cap and Body IH 1.0 no	Apr-83	Drugs	MUSCULO-SKELETAL SYSTEM	Nigerian Products	10*10&#039;s	POM 1	08/12/2022	SAGAR VITACEUTICALS NIGERIA LTD., PLOT 2, LADIPO OLUWOLE STREET	9022977711	suptpharm@svnl.in	Sagar Vitaceuticals Nigeria Limited, Plot 2, Ladipo Oluwole Street, Off Oba Akran Avenue, Ikeja, Lagos, Nigeria, Nigeria","Each filled capsule contains: Piroxicam 20 mg
Excipients q.s.",Oral,M01AC01,https://admin.greenbook.nafdac.gov.ng/uploadImage/smpc_files/2023/12/17/20231217ee74f056-643b-5fa3-8626-ec8142170856.pdf,2023-11-30,2028-11-29,https://greenbook.nafdac.gov.ng/products/details/6502,2026-09-27T21:22:20.085187+00:00,703
greenbook,3955,Atropine Eye Drops##,Atropine Sulfate,Lin-Kabs Pharmaceutical Limited,Drugs,Solution/Drops,1%,1 x 10 mL (in LDPE bottle),04-3886,Active,Ophthalmic Solution,"Each mL contains: Atropine Sulfate 10 mg (1% w/v)
Excipients q.s.",Ophthalmic,S01FA01,https://admin.greenbook.nafdac.gov.ng/uploadImage/smpc_files/2024/09/13/2024091361f5e050-88f8-5435-a7df-907efd272371.pdf,2021-09-28,2026-09-27,https://greenbook.nafdac.gov.ng/products/details/3955,2026-09-27T21:22:20.085187+00:00,704
greenbook,10118,Atropine Injection**,Atropine Sulfate,Alpha Pharmacy and Stores (Nig) Ltd,Drugs,Solution for injection,600 mcg/mL,1 mL x 10&#039;s (in ampoules),04-7410,Active,Solution for injection in 1-mL ampoule,Each 1-mL ampoule contains: Atropine Sulfate 600 micrograms,Intravenous; Intramuscular; Subcutaneous,A03BA01,,2021-10-28,2026-10-27,https://greenbook.nafdac.gov.ng/products/details/10118,2026-09-27T21:22:20.085187+00:00,705
greenbook,7836,ATV-10 Tablets**,Atorvastatin (Atorvastatin Calcium),Dony-Triumph and Company Nigeria Limited,Drugs,Tablet,10 mg,3 x 10&#039;s,A4-2385,Inactive,Tablet,Each tablet contains: Atorvastatin calcium equiv. to Atorvastatin 10 mg,Oral,,,2021-05-07,2026-05-06,https://greenbook.nafdac.gov.ng/products/details/7836,2026-09-27T21:22:20.085187+00:00,706
greenbook,3231,ATV-20 Tablets##,Atorvastatin (Atorvastatin Calcium),Dony-Triumph and Company Nigeria Limited,Drugs,Tablet,20 mg,3 x 10&#039;s (in Alu-Alu blisters),A4-2377,Inactive,Tablet,"Each film coated tablet contains: Atorvastatin Calcium USP equivalent to Atorvastatin 20 mg
Excipients q.s.
Approved color used in coating",Oral,C10AA05,https://admin.greenbook.nafdac.gov.ng/uploadImage/smpc_files/2023/05/27/20230527683c131b-cda7-5d9f-afac-aff71dcf0c12.pdf,2021-03-29,2026-03-28,https://greenbook.nafdac.gov.ng/products/details/3231,2026-09-27T21:22:20.085187+00:00,707
greenbook,2617,Augclamox 625 Tablets**,Amoxicillin (Amoxicillin Trihydrate); Clavulanic Acid (Potassium Clavulanate),Eutrix Pharmaceuticals Limited,Drugs,Tablet,500 mg; 125 mg,,B4-0891,Inactive,,"Each tablet contains: Amoxicillin Trihydrate equiv. to Amoxicillin 500 mg, Potassium Clavulanate equiv. to Clavulanic Acid 125 mg",Oral,J01CR02,,2020-12-21,2025-12-20,https://greenbook.nafdac.gov.ng/products/details/2617,2026-09-27T21:22:20.085187+00:00,708
greenbook,11411,Augclanquin Injection_,Amoxicillin (Amoxicillin Trihydrate); Clavulanic Acid (Potassium Clavulanate),MC Foris Pharmaceuticals Limited,Drugs,Injection,1000 mg; 200 mg,"1 x 20 mL (in glass vial), + 10 mL Water for Injection",B4-9793,Active,"Powder for Solution for Injection
","Each vial contains: Amoxicillin Trihydrate equiv. to Amoxicillin 1000 mg, Clavulanate Potassium equiv. to Clavulanic Acid 200 mg
Excipients q.s.
",Intravenous,J01CR02,https://admin.greenbook.nafdac.gov.ng/uploadImage/smpc_files/2025/08/22/2025082237a767b0-df14-54b3-9390-afd4adeab19d.pdf,2025-07-30,2030-07-29,https://greenbook.nafdac.gov.ng/products/details/11411,2026-09-27T21:22:20.085187+00:00,709
greenbook,2618,Augivin 228.5 Powder for Oral Suspension**,Amoxicillin (Amoxicillin Trihydrate); Clavulanic Acid (Potassium Clavulanate),Vinco Pharmaceuticals Nigeria Limited,Drugs,Powder for suspension,200 mg/5 mL; 28.5 mg/5 mL,,C4-1486,Inactive,Powder for Reconstitution,"Each 5 mL suspension contains: Amoxicillin Trihydrate equiv. to Amoxicillin 200 mg, Potassium Clavulanate equiv. to Clavulanic Acid 28.5 mg",Oral,J01CR02,,2020-12-21,2025-12-20,https://greenbook.nafdac.gov.ng/products/details/2618,2026-09-27T21:22:20.085187+00:00,710
greenbook,4268,Augivin 625 Tablet**,Amoxicillin (Amoxicillin Trihydrate); Clavulanic Acid (Potassium Clavulanate),Vinco Pharmaceuticals Nigeria Limited,Drugs,Tablet,500 mg; 125 mg,,C4-1348,Inactive,,"Each tablet contains: Amoxicillin Trihydrate equiv. to Amoxicillin 500 mg, Potassium Clavulanate equiv. to Clavulanic Acid 125 mg",Oral,J01CR02,,2020-12-21,2025-12-20,https://greenbook.nafdac.gov.ng/products/details/4268,2026-09-27T21:22:20.085187+00:00,711
greenbook,5615,Augmentin 1 G**,Amoxicillin (Amoxicillin Trihydrate); Clavulanic Acid (Potassium Clavulanate),GlaxoSmithKline Consumer Nigeria PLC (GSK),Drugs,Tablet,875 mg; 125 mg,2 x 7&#039;s (in Alu-Alu blisters),04-8655,Active,"Film Coated Tablet.
A white to off-white capsule-shaped film-coated tablet, debossed with ‘AC’ on both sides and a score line on one side",Each tablet contains 875 mg Amoxicillin (as amoxicillin trihydrate) and 125 mg Clavulanic acid (as potassium clavulanate),Oral,J01CR02,https://admin.greenbook.nafdac.gov.ng/uploadImage/smpc_files/2023/09/29/202309298f7f4dd1-0c5b-55f3-bc77-63aebc0c3569.pdf,2023-04-26,2028-04-25,https://greenbook.nafdac.gov.ng/products/details/5615,2026-09-27T21:22:20.085187+00:00,712
greenbook,5617,Augmentin 625 mg**,Amoxicillin (Amoxicillin Trihydrate); Clavulanic Acid (Potassium Clavulanate),GlaxoSmithKline Consumer Nigeria PLC (GSK),Drugs,Tablet,500 mg; 125 mg,2 x 7&#039;s (in Alu-Alu blisters),04-1928,Active,"A white to off-white oval-shaped film-coated tablet, debossed with ‘AC’ and a score line on one side and plain on the other side",Each tablet contains 500 mg Amoxicillin (as amoxicillin trihydrate) and 125 mg Clavulanic acid (as potassium clavulanate),Oral,J01CR02,https://admin.greenbook.nafdac.gov.ng/uploadImage/smpc_files/2023/09/29/202309293eb0d635-c97e-5c59-a893-2f05df988039.pdf,2023-04-26,2028-04-25,https://greenbook.nafdac.gov.ng/products/details/5617,2026-09-27T21:22:20.085187+00:00,713
greenbook,2619,Augmentin ES Powder for Oral Suspension**,Amoxicillin (Amoxicillin Trihydrate); Clavulanic Acid (Potassium Clavulanate),GlaxoSmithKline Consumer Nigeria PLC (GSK),Drugs,Powder for suspension,600 mg/5 mL; 42.9 mg/5 mL,,B4-0052,Inactive,"Powder for Oral Suspension.
Off-white powder which, when reconstituted, yields an off-white to tan coloured, strawberry flavoured suspension","Each 5 mL reconstituted suspension contains: Amoxicillin (as Amoxicillin Trihydrate) 600 mg, and Clavulanic acid (as Potassium Clavulanate) 42.9 mg, a 14:1 ratio",Oral,J01CR02,https://admin.greenbook.nafdac.gov.ng/uploadImage/smpc_files/2024/06/24/2024062465c47911-5e6b-59b6-8a04-28e83f907677.pdf,2020-12-21,2025-12-20,https://greenbook.nafdac.gov.ng/products/details/2619,2026-09-27T21:22:20.085187+00:00,714
greenbook,5618,Augmentin Tablets 375 mg**,Amoxicillin (Amoxicillin Trihydrate); Clavulanic Acid (Potassium Clavulanate),GlaxoSmithKline Consumer Nigeria PLC (GSK),Drugs,Tablet,250 mg; 125 mg,2 x 10&#039;s (in blisters),04-2466,Active,"A white to off-white oval-shaped film-coated tablet, debossed with ‘Augmentin’ on one side",Each tablet contains 250 mg Amoxicillin (as amoxicillin trihydrate) and 125 mg Clavulanic acid (as potassium clavulanate),Oral,J01CR02,https://admin.greenbook.nafdac.gov.ng/uploadImage/smpc_files/2023/09/29/20230929f347ca59-56fb-5dbf-a4c6-0547b07baf23.pdf,2023-04-26,2028-04-25,https://greenbook.nafdac.gov.ng/products/details/5618,2026-09-27T21:22:20.085187+00:00,715
greenbook,621,Augnich 228.5 Powder for Oral Suspension##,Amoxicillin (Amoxicillin Trihydrate); Clavulanic Acid (Potassium Clavulanate),Nich Drugs Co. Limited,Drugs,Powder for suspension,200 mg/5 mL; 28.5 mg/5 mL,,C4-1136,Inactive,"Powder for Reconstitution
","Each 5 mL suspension contains: Amoxicillin Trihydrate USP equivalent to Amoxicillin 200 mg, Potassium Clavulanate USP equivalent  to Clavulanic Acid 28.5 mg",Oral,J01CR02,,2020-11-10,2025-11-09,https://greenbook.nafdac.gov.ng/products/details/621,2026-09-27T21:22:20.085187+00:00,716
greenbook,3038,Augulab Tablets##,Amoxicillin (Amoxicillin Trihydrate); Clavulanic Acid (Potassium Clavulanate),Embassy Pharmaceutical and Chemicals Limited,Drugs,Tablet,500 mg; 125 mg,,04-9979,Inactive,Tablet,"Each tablet contains: Amoxicillin Trihydrate USP equivalent to Amoxicillin 500 mg, Diluted Potassium Clavulanate USP equivalent to Clavulanic Acid 125 mg",Oral,J01CR02,,2020-12-21,2025-12-20,https://greenbook.nafdac.gov.ng/products/details/3038,2026-09-27T21:22:20.085187+00:00,717
greenbook,5575,Auritz 10 Tablets##,Rosuvastatin (Rosuvastatin Calcium),Mega Lifesciences Nigeria Limited,Drugs,Tablet,10 mg,"3 x 10&#039;s, 1 x 10&#039;s",A4-7496,Active,"Tablet

91	RNW-PP-241474	AURITZ 10 TABLETS	ROSUVASTATIN CALCIUM 10.4MG EQV TO ROSUVASTATIN 10MG	ROSUVASTATIN CALCIUM 10.4MG EQV TO ROSUVASTATIN 10MG, MICROCRYSTALLINE CELLULOSE AVICEL PH 101 USP 108.1MG, PREGELATINIZED STARCH USPNF 15MG, CROSPOVIDONE USPNF 2.5MG, MEGLUMINE USP 2.5MG, MANNITOL USP 10MG, MAGNESIUM STEARATE USPNF 1.5MG, OPADRY PINK 4.5MG, PURIFIED WATER Q.S	A4-7496	Drugs	CARDIOVASCULAR SYSTEM	Imported Products	3*10,1*10	Prescription Only Medicine (POM)	11/23/2021	MEGA LIFESCIENCES NIGERIA LIMITED, GUINNESS ROAD, OGBA - IKEJA OGBA LAGOS	8053596201	info.ng@megawecare.com	MSN LABORATORIES PVT LTD, PLOT 42 ANRICH INDUSTRIAL ESTATE ,BOLLARAM SANGAREDDY DISTRICT 502325 TELANGANA INDIA, India","Each tablet contains: Rosuvastatin Calcium 10.4 mg eq. to Rosuvastatin 10 mg
Excipients: Tribasic Calsium Phosphate USP-NF 190 mg. Microcrystalline Cellulose Ph 102 USP 108.1 mg, Pregelatinized Starch USP-NF 15 mg, Crospovidone USP-NF 2.5 mg, Meglumine USP 2.5 mg, Mannitol USP 10 mg, Magnesium Stearate USP-NF 1.5 mg, Opadry Pink 4.5 mg, Purified Water q.s.",Oral,C10AA07,https://admin.greenbook.nafdac.gov.ng/uploadImage/smpc_files/2024/09/28/20240928e94029bc-6298-57f1-98ea-f55a01c3fcd5.pdf,2023-03-28,2028-03-27,https://greenbook.nafdac.gov.ng/products/details/5575,2026-09-27T21:22:20.085187+00:00,718
greenbook,4716,Auroxetil 250 mg##,Cefuroxime (Cefuroxime Axetil),Phillips Pharmaceuticals (Nigeria) Limited,Drugs,Tablet,250 mg,1 x 10&#039;s (in blisters),A4-4002,Active,"White to off-white, film-coated, capsule shaped tablets with ‘A33’ debossed on one side and plain on the other side

44	RNW-PP-293515	AUROXETIL 250MG	CEFUROXIME AXETIL 250MG	Cefuroxime Axetil Ph.Eur. equivalent to Cefuroxime 250 mg. Sodium Lauryl 5mg, Cellulose Micro crystalline 135.28mg	A4-4002	Drugs	Imported Products	1X10s	POM 1	1/3/2023	PHILLIPS PHARMACEUTICALS (NIGERIA) LIMITED, PLOT 122-123 AFRIPRINT ESTATE, ISOLO	8035493198	harriet.okika@phillipsnigeria.com	Aurobindo Pharma Ltd, Aurobindo Pharma Ltd Unit VI Survey No 329/39 &amp; 329/47 Chitkul( V) , Patancheru Mandal Sanga Reddy District Telangana State India, India","Each film-coated tablet contains: Cefuroxime Axetil Ph. Eur. equivalent to Cefuroxime 250 mg
Excipients: Cellulose Microcrystalline (Amorphous), Croscarmellose Sodium, Sodium Lauryl Sulfate, Silica, Colloidal Anhydrous, Hydrogenated Vegetable Oil, Hypromellose, Titanium Dioxide, Macrogol and Purified Water",Oral,J01DC02,https://admin.greenbook.nafdac.gov.ng/uploadImage/smpc_files/2023/08/22/202308223841f9d2-225c-5660-8ab3-2860204e7aed.pdf,2023-05-25,2028-05-24,https://greenbook.nafdac.gov.ng/products/details/4716,2026-09-27T21:22:20.085187+00:00,719
greenbook,4717,Auroxetil 500 mg Tablet##,Cefuroxime (Cefuroxime Axetil),Phillips Pharmaceuticals (Nigeria) Limited,Drugs,Tablet,500 mg,1 x 10&#039;s (in blisters),A4-4190,Active,"White to off-white, film-coated, capsule shaped tablets with ‘A34’ debossed on one side and plain on the other side

17	RNW-PP-293431	AUROXETIL 500MG TABLETS	CEFUROXIME AXETIL 500MG	Cefuroxime 500mg, Cellulose Microcrystalline 135.28mg, Sodium Lauryl 5mg.	A4-4190	Drugs	Imported Products	1*10s	POM 1	12/29/2022	PHILLIPS PHARMACEUTICALS (NIGERIA) LIMITED, PLOT 122-123 AFRIPRINT ESTATE, ISOLO	8035493198	samson.omattah@phillipsnigeria.com	Aurobindo Pharma Ltd, Aurobindo Pharma Ltd Unit VI Survey No 329/39 &amp; 329/47 Chitkul( V) , Patancheru Mandal Sanga Reddy District Telangana State India, India
","Each film-coated tablet contains: Cefuroxime Axetil Ph. Eur. equivalent to Cefuroxime 500 mg
Excipients: Cellulose Microcrystalline (Amorphous), Croscarmellose Sodium, Sodium Lauryl Sulfate, Silica, Colloidal Anhydrous, Hydrogenated Vegetable Oil, Hypromellose, Titanium Dioxide, Macrogol and Purified water",Oral,J01DC02,https://admin.greenbook.nafdac.gov.ng/uploadImage/smpc_files/2023/08/23/2023082379594049-f511-59ea-9ddd-c76dc4c89312.pdf,2023-07-06,2028-07-05,https://greenbook.nafdac.gov.ng/products/details/4717,2026-09-27T21:22:20.085187+00:00,720
greenbook,4718,Auscel Diazepam 5 mg Tablet##,Diazepam,Auscel Laboratories Limited,Drugs,Tablet,5 mg, 25 x 10&#039;s (in PVC-Alu blisters), A11-1282,Active,"Uncoated Tablet

Auscel Diazepam 5Mg Tablet	A11-1282		DIAZEPAM 	DRUG	BENZODIAZEPINE	DIAZEPAM BP 5MG	TABLETS	 25 X 10	PRESCRIPTION ONLY MEDICINE	TREATMENT OF ANXIETY	AUSCEL LABORATORIES LTD 	NIGERIA	AUSCEL LABORATORIES LTD 	NIGERIA	05/26/2022	05/25/2027","Each uncoated tablet contains: Diazepam BP 5 mg
Excipients q.s.",Oral,N05BA01,https://admin.greenbook.nafdac.gov.ng/uploadImage/smpc_files/2023/10/03/20231003017f7368-88b2-5522-b303-94868970c31f.pdf,2022-05-26,2027-05-25,https://greenbook.nafdac.gov.ng/products/details/4718,2026-09-27T21:22:20.085187+00:00,721
greenbook,4719,Auscel Tetracycline_,Tetracycline Hydrochloride,Auscel Laboratories Limited,Drugs,Capsule,250 mg,"10 x 10&#039;s, 1 x 1000&#039;s (in PVC-Alu blister packs)",A11-1290,Active,Capsule,"Each capsule contains: Tetracycline Hydrochloride BP 250 mg
Excipients q.s.
",Oral,J01AA07,https://admin.greenbook.nafdac.gov.ng/uploadImage/smpc_files/2023/10/03/20231003167fc391-bf62-5eb1-94aa-bd7053facd2a.pdf,2022-08-25,2027-08-24,https://greenbook.nafdac.gov.ng/products/details/4719,2026-09-27T21:22:20.085187+00:00,722
greenbook,4720,Ausdol Extra##,Paracetamol; Caffeine,Auscel Laboratories Limited,Drugs,Tablet,500 mg; 30 mg,10 x 10&#039;s (in PVC-Alu blister packs),A11-1281,Active,"Tablet
Off white plain uncoated caplets

Ausdol Extra	A11-1281	Ausdol Extra	PARACETAMOL, CAFFEINE 	DRUG	ANALGESIC	PARACETAMOL BP 500MG , CAFFEINE 30MG 	TABLETS	10 X 10	OVER THE COUNTER	TREATMENT OF MODERATE AND SEVERE PAIN	AUSCEL LABORATORIES LTD 	NIGERIA	AUSCEL LABORATORIES LTD 	NIGERIA	05/26/2022	05/25/2027","Each uncoated tablet contains: Paracetamol 500 mg, Caffeine 30 mg
Excipients q.s.",Oral,N02BE51,https://admin.greenbook.nafdac.gov.ng/uploadImage/smpc_files/2023/10/03/202310034ab23629-bce0-5828-bd6a-a339f906d5ba.pdf,2022-05-26,2027-05-25,https://greenbook.nafdac.gov.ng/products/details/4720,2026-09-27T21:22:20.085187+00:00,723
greenbook,4721,Ausgyl 200 mg Tablet_,Metronidazole,Auscel Laboratories Limited,Drugs,Tablet,200 mg,"10 x 10&#039;s (in PVC-Alu blisters), 1 x 1000&#039;s (in a plastic jar)",A11-1280,Active,"Uncoated Tablet.
White to off-white, circular biconcave, uncoated tablets impressed &quot;Ausgyl 200&quot; on one face and a break line on other side","Each tablet contains: Metronidazole 200 mg
Excipients q.s.",Oral,J01XD01,https://admin.greenbook.nafdac.gov.ng/uploadImage/smpc_files/2023/10/03/202310033789759f-6abc-533b-9888-3ac5e4831272.pdf,2022-08-25,2027-08-24,https://greenbook.nafdac.gov.ng/products/details/4721,2026-09-27T21:22:20.085187+00:00,724
greenbook,4722,Ausgyl 400 mg Tablet_,Metronidazole,Auscel Laboratories Limited,Drugs,Tablet,400 mg,"10 x 10&#039;s (in PVC-Alu blisters), 1 x 1000&#039;s (in HDPE bottle)",A11-1289,Active,"Uncoated Tablet.
White to off-white, circular, biconcave, uncoated tablets impressed &quot;Ausgyl 200&quot; on one side and a break line on the other side","Each tablet contains: Metronidazole 400 mg
Excipients q.s.",Oral,J01XD01,https://admin.greenbook.nafdac.gov.ng/uploadImage/smpc_files/2023/10/03/2023100392c29194-d076-5f02-ae3f-8229e71ac3d5.pdf,2022-08-25,2027-08-24,https://greenbook.nafdac.gov.ng/products/details/4722,2026-09-27T21:22:20.085187+00:00,725
greenbook,4724,Avamys Nasal Spray Suspension**,Fluticasone Furoate,GlaxoSmithKline Consumer Nigeria PLC (GSK),Drugs,Spray,27.5 mcg/Spray,1 x 120 sprays (in  a glass bottle fitted with a metering spray pump),A4-4904,Active,"Nasal Spray, Suspension","Each spray of the suspension delivers: Micronized Fluticasone Furoate (as an ex-device dose) 27.5 mcg (approximately).

Excipients:
Glucose anhydrous 2.75 milligrams per spray, Dispersible cellulose 0.825 milligram per spray, Polysorbate 80 0.01375 milligrams per spray, Benzalkonium Chloride solution 0.0165 milligrams per spray, Disodium edetate 0.00825 milligrams per spray, Purified water to 50 microlitres per spray
",Nasal,R01AD12,https://admin.greenbook.nafdac.gov.ng/uploadImage/smpc_files/2024/09/17/20240917fde81223-7b94-55e7-a656-19d2e9314b79.pdf,2023-07-06,2028-07-05,https://greenbook.nafdac.gov.ng/products/details/4724,2026-09-27T21:22:20.085187+00:00,726
greenbook,3682,Avasc Injection**,Ceftriaxone (Ceftriaxone Sodium),Afri Generics Limited,Drugs,Powder for injection,1 g,1 g x 1&#039;s (in vial) + 10 mL SWFI (in ampoule),A4-6790,Inactive,"Powderfor solution for injection or infusion.
White to yellowish orange crystalline powder","Each combipack contains:
A) One vial of Ceftriaxone Sodium USP equivalent to Ceftriaxone (Anhydrous) 1 g, and
B) One ampoule of Sterile Water for Injection BP 10 mL",Intravenous,J01DD04,https://admin.greenbook.nafdac.gov.ng/uploadImage/smpc_files/2023/05/28/20230528a627ae12-ca93-5c1a-b9c9-043a979cc75a.pdf,2021-08-26,2026-08-25,https://greenbook.nafdac.gov.ng/products/details/3682,2026-09-27T21:22:20.085187+00:00,727
greenbook,30,Avelox Intravenous Infusion**,Moxifloxacin (Moxifloxacin Hydrochloride),Bayer Nigeria Limited,Drugs,Solution for infusion,400 mg/250 mL,1 x 250 mL (in bottle),A4-3297,Active,"Solution for Infusion.
Clear, yellow solution","Each 250 mL contains: Moxifloxacin (as Hydrochloride) 400 mg
Each 1 ml contains 1.6 mg moxifloxacin (as hydrochloride)

Excipient with known effect: 250 mL of solution for infusion contains Sodium 787 mg (34 mmol)",Intravenous,J01MA14,https://admin.greenbook.nafdac.gov.ng/uploadImage/smpc_files/2024/11/11/20241111bd2c42e5-9a77-5a70-98d2-91cf7d1d2dbf.pdf,2021-12-16,2026-12-15,https://greenbook.nafdac.gov.ng/products/details/30,2026-09-27T21:22:20.085187+00:00,728
greenbook,12134,Avicef Forte Injection_,Ceftriaxone and Sulbactam,Tyonex Nigeria Limited,Drugs,Injection,1000 mg; 500 mg,1 x 1 (in vial),A4-101610,Active,Dry Powder Injection,"Each vial contains: Ceftriaxone Sodium USP equiv. to Ceftriaxone (Anhydrous) 1 g, Sulbactam Sodium USP equiv. to Sulbactam 500 mg",Intravenous,J01DD54,https://admin.greenbook.nafdac.gov.ng/uploadImage/smpc_files/2025/12/10/202512104bbaf7db-ebae-51f7-9eee-e45852b98ce9.pdf,2025-10-29,2030-10-28,https://greenbook.nafdac.gov.ng/products/details/12134,2026-09-27T21:22:20.085187+00:00,729
greenbook,8948,Avicef Injection with Lidocaine**,Ceftriaxone (Ceftriaxone Sodium),Tyonex Nigeria Limited,Drugs,Powder for injection,1 g,1 g x 1&#039;s (in vial) + 3.5 mL Lidocaine HCl 1% (in ampoule),C4-1875,Active,Powder for solution for injection in a vial plus Lidocaine Hydrochloride Injection (1% w/v) as diluent in ampoule,"Each combipack contains:
A. One vial of Ceftriaxone Sodium equiv. to Ceftriaxone 1 g
B. One ampoule of Lidocaine Hydrochloride Injection (1% w/v), 3.5 mL",Intramuscular,J01DD04,,2021-10-28,2026-10-27,https://greenbook.nafdac.gov.ng/products/details/8948,2026-09-27T21:22:20.085187+00:00,730
greenbook,8949,Avicef Injection**,Ceftriaxone (Ceftriaxone Sodium),Tyonex Nigeria Limited,Drugs,Powder for injection,1 g,1 g x 1&#039;s (in vial) + 10 mL SWFI (in ampoule),04-7076,Active,Powder for solution for injection in a vial plus water for injection as diluent in ampoule,"Each combipack contains:
A. One vial of Ceftriaxone Sodium equiv. to Ceftriaxone 1 g
B. One ampoule of Water for Injection 10 mL",Intravenous,J01DD04,,2021-09-28,2026-09-27,https://greenbook.nafdac.gov.ng/products/details/8949,2026-09-27T21:22:20.085187+00:00,731
greenbook,12135,Avicef TZ IV Injection_,Ceftriaxone (Ceftriaxone Sodium); Tazobactam,Tyonex Nigeria Limited,Drugs,Injection,1000 mg; 125 mg,1 x 1 vial (in glass vial),A4-101609,Active,"Injection.
White or yellowish or off-white crystalline powder filled in 10 mL clear glass vial","Each vial contains: Ceftriaxone Sodium USP (Sterile) equiv. to Ceftriaxone 1 g, and Tazobactam Sodium (Sterile) equiv. to Tazobactam (Anhydrous) 125 mg",Intravenous,J01DD63,https://admin.greenbook.nafdac.gov.ng/uploadImage/smpc_files/2025/12/10/2025121072bc2d25-4787-5d8c-b28b-70c91ad211ac.pdf,2025-10-29,2030-10-28,https://greenbook.nafdac.gov.ng/products/details/12135,2026-09-27T21:22:20.085187+00:00,732
greenbook,3059,Aviclav 1.2 Injection##,Amoxicillin (Amoxicillin Sodium); Clavulanic Acid (Potassium Clavulanate),Afri Generics Limited,Drugs,Powder for injection,1000 mg; 200 mg,1 x 1.2 g (in vial) + Sterilised Water for Injection (in ampoules),B4-1681,Inactive,Powder for Solution for Injection,"Each combipack contains;

a) Each vial contains: Sterile Amoxicillin Sodium BP equivalent to 1000 mg, Sterile Potassium Clavulanate BP equivalent to Clavulanic 200 mg

b) Two ampoules of Sterilised Water for injections BP 10 mL
",Intravenous,J01CR02,https://admin.greenbook.nafdac.gov.ng/uploadImage/smpc_files/2024/09/20/202409205d228290-260e-54c4-9854-75e91a59cae3.pdf,2021-08-26,2026-08-25,https://greenbook.nafdac.gov.ng/products/details/3059,2026-09-27T21:22:20.085187+00:00,733
greenbook,8568,Avinate 120 Injection**,Artesunate,Tyonex Nigeria Limited,Drugs,Powder for injection,120 mg,1 x 1&#039;s (in clear glass vial) + Solvents (in ampoules),A4-101064,Active,Powder for solution for injection in clear glass vial + solvents in ampoules (2 mL Sodium Bicarbonate USP 5% w/v + 10 mL Sodium Chloride USP 0.9% w/v),"Artesunate Injection 120 mg
Each Combipack contains:
A) One vial of Artesunate 120 mg
B) 2 mL ampoule of Sodium Bicarbonate Injection USP 5% w/v
C) 10 mL Ampoule of Sodium Chloride Injection USP 0.9 % w/v",Intravenous; Intramuscular,P01BE03,https://admin.greenbook.nafdac.gov.ng/uploadImage/smpc_files/2024/11/22/2024112214336528-2de0-5dc1-bd63-e66831906833.pdf,2024-10-31,2029-10-30,https://greenbook.nafdac.gov.ng/products/details/8568,2026-09-27T21:22:20.085187+00:00,734
greenbook,8569,Avinate 30 Injection**,Artesunate,Tyonex Nigeria Limited,Drugs,Powder for injection,30 mg,1 x 1&#039;s (in clear glass vial) + Solvents (in ampoules),A4-101063,Active,Powder for solution for injection in clear glass vial + solvents in ampoules (0.5 mL Sodium Bicarbonate USP 5% w/v + 2.5 mL Sodium Chloride USP 0.9% w/v),"Artesunate Injection 30 mg
Each Combipack contains:
A) One vial of Artesunate 30 mg
B) 0.5 mL ampoule of Sodium Bicarbonate Injection USP 5% w/v
C) 2.5 mL Ampoule of Sodium Chloride Injection USP 0.9 % w/v",Intravenous; Intramuscular,P01BE03,https://admin.greenbook.nafdac.gov.ng/uploadImage/smpc_files/2024/11/22/202411227bd3535c-b1b9-5f3a-854e-5ea81bbb4ccf.pdf,2024-10-31,2029-10-30,https://greenbook.nafdac.gov.ng/products/details/8569,2026-09-27T21:22:20.085187+00:00,735
greenbook,6372,Avinate 60 Injection**,Artesunate,Tyonex Nigeria Limited,Drugs,Powder for injection,60 mg,1 x 1&#039;s (in clear glass vial) + Solvents (in ampoules),A4-100565,Active,Powder for solution for injection in clear glass vial + solvents in ampoules (2 mL Sodium Bicarbonate USP 5% w/v + 10 mL Sodium Chloride USP 0.9% w/v),"Artesunate Injection 60 mg
Each Combipack contains:
A) One vial of Artesunate 60 mg
B) 1 mL ampoule of Sodium Bicarbonate Injection USP 5% w/v
C) 5 mL Ampoule of Sodium Chloride Injection USP 0.9 % w/v",Intravenous; Intramuscular,P01BE03,https://admin.greenbook.nafdac.gov.ng/uploadImage/smpc_files/2023/11/10/20231110ed7d9ce4-b525-5b0c-abc2-af7d31db5051.pdf,2023-10-31,2028-10-30,https://greenbook.nafdac.gov.ng/products/details/6372,2026-09-27T21:22:20.085187+00:00,736
greenbook,8515,Avipol Injection**,Paracetamol,Fidson Healthcare PLC,Drugs,Solution for injection,300 mg/2 mL,2 mL x 20 x 5&#039;s (in amber coloured ampoules),04-8489,Inactive,"Solution for injection in 2-mL amber coloured ampoule.
A clear and colourless solution","Each mL contains: Paracetamol BP 150 mg, Lignocaine Hydrochloride BP 1% w/v, Benzyl Alcohol (as Preservative) BP 1% w/v, Water for Injections BP q.s.",Intravenous; Intramuscular,,https://admin.greenbook.nafdac.gov.ng/uploadImage/smpc_files/2024/11/15/202411151e07027a-95f9-57cf-898b-3792472e4204.pdf,2021-08-26,2026-08-25,https://greenbook.nafdac.gov.ng/products/details/8515,2026-09-27T21:22:20.085187+00:00,737
greenbook,4726,Avitor Tablet##,Atorvastatin (Atorvastatin Calcium),Reagan Remedies Limited,Drugs,Tablet,20 mg,1 x 30&#039;s,B4-2522,Active,"Tablet

36	RNW-PP-100963	AVITOR TABLET	ATORVASTATIN	ATORVASTATIN 20MG	B4-2522	Drugs	CARDIOVASCULAR SYSTEM	Nigerian Products	30*1PACK	Prescription Only Medicine (POM)	9/28/2019	REAGAN REMEDIES LIMITED, UMARU MUSA YARA&#039;DUA DRIVE, OWERRI OWERRI IMO	8032223520	reganremedies@gmail.com	REAGAN REMEDIES LIMITED, 24, UMARU YAR&#039;ADUA DRIVE, OWERRI, IMO STATE , NIGARIAA., Nigeria",,Oral,C10AA05,,2023-07-06,2028-07-05,https://greenbook.nafdac.gov.ng/products/details/4726,2026-09-27T21:22:20.085187+00:00,738
greenbook,5576,Avocomb Tablets 150/300 mg## (no NRN),Lamivudine; Zidovudine,Ranbaxy Nigeria Limited,Drugs,Tablet,150 mg; 300 mg,1 x 60&#039;s (in HDPE bottle),,Active,"Film Coated Tablet
White to off-white, film-coated, capsule-shaped tablets debossed with &quot;RX923&quot; on one side and plain on the other side","Each tablet contains: Lamivudine 150 mg, Zidovudine 300 mg
Excipients q.s.",Oral,J05AR01,https://admin.greenbook.nafdac.gov.ng/uploadImage/smpc_files/2024/12/24/202412247e408225-fba6-5ff5-94c2-134e6e542066.pdf,2023-03-28,2028-03-27,https://greenbook.nafdac.gov.ng/products/details/5576,2026-09-27T21:22:20.085187+00:00,739
greenbook,11412,Avodart Capsules_,Dutasteride,Fensyl MHP Consulting Limited,Drugs,Capsule,0.5 mg,3 x 10&#039;s (in PVC-PVDC blisters),A4-3811,Active,"Capsule.
Dull-yellow in color, opaque, oblong soft gelatin capsules marked with &quot;GX CE2&quot;","Each soft gelatin capsule contains: Dutasteride 0.5 mg
Excipients q.s.",Oral,G04CB02,https://admin.greenbook.nafdac.gov.ng/uploadImage/smpc_files/2025/09/04/20250904a814a0cf-a515-56d0-8de3-e07683dcbc04.pdf,2025-07-30,2030-07-29,https://greenbook.nafdac.gov.ng/products/details/11412,2026-09-27T21:22:20.085187+00:00,740
greenbook,11110,Avonza Tablet##,Tenofovir Disoproxil Fumarate; Lamivudine; Efavirenz,Healthline Limited,Drugs,Tablet,300 mg; 300 mg; 400 mg,"1 x 30&#039;s, 1 x 90&#039;s (in HDPE bottles)",B4-9860,Active,"Film Coated Tablet
A white to off-white, film coated, oval, biconvex, beveled edge tablet debossed with M on one side of the tablet and TLE on the other side
","Each tablet contains: Tenofovir Disoproxil Fumarate 300 mg, Lamivudine USP 300 mg, Efavirenz USP 400 mg
Excipients with known effects:  Lactose Monohydrate 218 mg
Excipients q.s.",Oral,J05AR11,https://admin.greenbook.nafdac.gov.ng/uploadImage/smpc_files/2025/05/25/2025052559596ffd-7de5-5d4b-907f-9531897255e3.pdf,2025-04-30,2030-04-29,https://greenbook.nafdac.gov.ng/products/details/11110,2026-09-27T21:22:20.085187+00:00,741
greenbook,10610,Avro Allergy Relief Plus Syrup_,Diphenhydramine Hydrochloride; Phenylephrine Hydrochloride,Avro Pharma Limited,Drugs,Syrup,12.5 mg/5 mL; 5 mg/5 mL,100 mL (in amber PET bottle),A11-1241,Inactive,"Oral solution.
Clear and reddish liquid","Each 5 mL contains: Diphenhydramine Hydrochloride 12.5 mg and Phenylephrine Hydrochloride 5 mg
",Oral,R01BA53,https://admin.greenbook.nafdac.gov.ng/uploadImage/smpc_files/2025/01/21/202501211d669427-2e50-5a15-8f0c-ba35fedc01be.pdf,2021-03-29,2026-03-28,https://greenbook.nafdac.gov.ng/products/details/10610,2026-09-27T21:22:20.085187+00:00,742
greenbook,10412,Avro Antidiarrhoeal Mixture**,Light Kaolin,Avro Pharma Limited,Drugs,Suspension,1 g/5 mL,100 mL (in amber bottle),A4-9122,Active,Oral Suspension,Each 5 mL contains: Light Kaolin 1 g,Oral,A07BC02,https://admin.greenbook.nafdac.gov.ng/uploadImage/smpc_files/2025/01/22/20250122ab68454c-a814-5965-a1f8-baa207cdaf49.pdf,2021-10-28,2026-10-27,https://greenbook.nafdac.gov.ng/products/details/10412,2026-09-27T21:22:20.085187+00:00,743
greenbook,5577,Avro Apetit Syrup_,Cyproheptadine Hydrochloride; Vitamin B1; Vitamin B2; Vitamin B6; Vitamin B12,Avro Pharma Limited,Drugs,Syrup,2 mg; 1 mg; 0.5 mg; 0.5 mg; 2 mcg ,200 mL (in PET bottle),B4-4501,Active,"Oral Liquid.
Yellowish syrup with taste of orange flavour","Each 5 mL contains: Cyproheptadine Hydrochloride 2 mg, Vitamin B1 1 mg, Vitamin B2 0.5 mg, Vitamin B6 0.5 mg, and Vitamin B12 2 mcg
Excipients q.s.",Oral,A11EX,https://admin.greenbook.nafdac.gov.ng/uploadImage/smpc_files/2025/03/25/202503252b6f0bef-2820-5dcc-93fe-38429d0f2c78.pdf,2021-09-28,2026-09-27,https://greenbook.nafdac.gov.ng/products/details/5577,2026-09-27T21:22:20.085187+00:00,744
greenbook,4996,Avro Chesty Cough Syrup_,Bromhexine Hydrochloride; Guaifenesin; Pseudoephedrine Hydrochloride,Avro Pharma Limited,Drugs,Syrup,8 mg/10 mL; 100 mg/10 mL; 60 mg/10 mL,1 x 100 mL (in bottle),A11-100548,Active,"A red-colored, clear, slightly viscous oral liquid","Each 10 mL syrup contains: Bromhexine Hydrochloride 8 mg, Guaifenesin 100 mg, and Pseudoephedrine Hydrochloride 60 mg
Excipients q.s.",Oral,R01BA52,https://admin.greenbook.nafdac.gov.ng/uploadImage/smpc_files/2023/10/02/20231002f881a421-5b99-543f-ba81-76ba65582e33.pdf,2023-07-27,2028-07-26,https://greenbook.nafdac.gov.ng/products/details/4996,2026-09-27T21:22:20.085187+00:00,745
greenbook,11370,Avro Clopidogrel Tablet 75 mg**,Clopidogrel (Clopidogrel Bisulfate),Avro Pharma Limited,Drugs,Tablet,75 mg,1 x 30&#039;s (in Alu-Alu blisters),A11-100881,Active,"Film-coated Tablet.
Light pink to pink, slightly convex film-coated tablets","Each film-coated tablet contains: Clopidogrel as Clopidogrel Bisulfate 75 mg, Excipients q.s.
",Oral,B01AC04,https://admin.greenbook.nafdac.gov.ng/uploadImage/smpc_files/2025/07/02/202507028fbb2a56-d456-5b8c-a7d3-e0029e816124.pdf,2025-05-27,2030-05-26,https://greenbook.nafdac.gov.ng/products/details/11370,2026-09-27T21:22:20.085187+00:00,746
greenbook,4271,Avro Gripewater##,Sodium bicarbonate; Dill oil; Ginger tinct.,Avro Pharma Limited,Drugs,Syrup,50 mg/5 mL; 2.14 mg/5 mL; 0.368 mL/5 mL,,A11-0250,Active,Syrup,"Each 5 mL syrup contains: Terpeneless Dill Seed Oil 2.14 mg, Sodium Bicarbonate B.P. 50 mg, Ginger Tincture 0.368 mL",Oral,A02AH,https://admin.greenbook.nafdac.gov.ng/uploadImage/smpc_files/2025/03/25/20250325952e04c7-5fbf-53ee-bf51-d058c636537f.pdf,2021-10-28,2026-10-27,https://greenbook.nafdac.gov.ng/products/details/4271,2026-09-27T21:22:20.085187+00:00,747
greenbook,10613,Avro Hand Sanitizer_,Alcohol,Avro Pharma Limited,Drugs,Liquid,70%,60 mL (in plastic bottle),03-3183,Inactive,"Gel for cutaneous administration.
Clear colorless gel","Composition: Alcohol 70% w/v
Excipients: Glycerol, Carbomer, Triethanolamine, Deionized Water",Topical,D08AX08,https://admin.greenbook.nafdac.gov.ng/uploadImage/smpc_files/2025/01/22/20250122a0b3e0f5-f211-5ea6-a9c0-045b47a9464d.pdf,2020-11-13,2025-11-12,https://greenbook.nafdac.gov.ng/products/details/10613,2026-09-27T21:22:20.085187+00:00,748
greenbook,4269,Avro Night Capsule##,Diphenhydramine Hydrochloride,Avro Pharma Limited,Drugs,Capsule,25 mg,,A11-100083,Inactive,Capsule,Each capsule contains: Diphenhydramine Hydrochloride 25 mg,Oral,R06AA02,https://admin.greenbook.nafdac.gov.ng/uploadImage/smpc_files/2025/03/25/202503255058fb18-3cd8-5276-a4f6-1a34724817fa.pdf,2021-05-07,2026-05-06,https://greenbook.nafdac.gov.ng/products/details/4269,2026-09-27T21:22:20.085187+00:00,749
greenbook,9948,Avro Paracetamol Drops_,Paracetamol,SKG - Pharma Ltd,Drugs,Drops,100 mg/mL,15 mL (in amber glass bottle),B4-0974,Inactive,"Oral liquid solution.
Colorless to pale pink solution with characteristic flavour","Each mL contains: Paracetamol 100 mL
Excipients q.s",Oral,N02BE01,https://admin.greenbook.nafdac.gov.ng/uploadImage/smpc_files/2025/01/22/20250122f6b472af-acf5-54de-9265-f0fb31f26e96.pdf,2021-08-03,2026-08-02,https://greenbook.nafdac.gov.ng/products/details/9948,2026-09-27T21:22:20.085187+00:00,750
greenbook,6650,Avro Paracetamol Tablet##,Paracetamol,Avro Pharma Limited,Drugs,Tablet,500 mg,8 x 12&#039;s (in PVC-Alu blisters),A4-8338,Active,"Tablets
White uncoated tablets marked with &#039;P-500&quot; with a score line on one side, and &quot;AVRO&quot; on the other side. 

114	RNW-PP-299438	AVRO PARACETAMOL TABLET	PARACETAMOL	PARACETAMOL 500MG, MAIZE STARCH, POVIDONE K-30, METHYL HYDROXYBENZOATE, TALC POWDER, MAGNESIUM STEARATE	A4-8338	Drugs	Nigerian Products	x96	OTC	12/23/2022	AVRO PHARMA LIMITED, DAID HOUSE, PLOT 2,BLOCK J, LIMCA WAY, ISOLO INDUSTRIAL ESTATE, OSHODI APAPA, EXPRESSWAY, ISOLO, LAGOS, NIGERIA	17410411	lewachionline@yahoo.com	SKG-PHARMA LIMITED, 7/9 SAPARA STREET, OFF OBA AKRAN AVENUE, IKEJA, LAGOS., Nigeria","Each tablet contains: Paracetamol 500 mg
Excipients: Maize Starch, Povidone K-30, Methyl Hydroxybenzoate, Talc Powder, Magnesium Stearate",Oral,N02BE01,https://admin.greenbook.nafdac.gov.ng/uploadImage/smpc_files/2024/12/25/20241225ee94a079-58b6-5bf3-855b-cd79307a34e6.pdf,2023-12-21,2028-12-20,https://greenbook.nafdac.gov.ng/products/details/6650,2026-09-27T21:22:20.085187+00:00,751
greenbook,495,Avro-C 300 mg/5 mL Syrup##,Ascorbic Acid,Avro Pharma Limited,Drugs,Syrup,300 mg/5 mL,1 x 100 mL (in amber bottle),A4-5664,Active,"Syrup
A clear colorless to amber colored flavored syrup
","Each 5 mL syrup contains: Ascorbic Acid 300 mg
Excipients q.s.",Oral,A11GA01,https://admin.greenbook.nafdac.gov.ng/uploadImage/smpc_files/2024/11/14/20241114141a06fb-7f9e-5ac5-94eb-4497e813a91d.pdf,2021-09-28,2026-09-27,https://greenbook.nafdac.gov.ng/products/details/495,2026-09-27T21:22:20.085187+00:00,752
greenbook,7269,AVRO-C Drops##,Ascorbic Acid,Avro Pharma Limited,Drugs,Drops,100 mg/mL,1 x 15 mL (in amber bottle),B4-0975,Active,"Drops

12	RNW-PP-401349	AVRO-C DROPS	ASCORBIC ACID (VITAMIN C)	PER 1ML: ASCORBIC ACID (VITAMIN C) B.P 100MG, METHYL HYDROXBENZOATE, RIBOFLAVIN, CITRIC ACID, PROPYLENE GLYCOL, GLYCEROL, SORBITOL SOLUTION, LIQUID GLUCOSE, DEIONISED WATER.	B4-0975	Drugs	Nigerian Products	15ML	OTC	2/2/2024	AVRO PHARMA LIMITED, , KAARA ST. AJAO ESTATE, LAGOS ISOLO LAGOS	17410411	lewachionline@yahoo.com	SKG-PHARMA LIMITED, 7/9 SAPARA STREET, OFF OBA AKRAN AVENUE, IKEJA, LAGOS., Nigeria","Each 1 mL contains: 100 mg Ascorbic Acid (Vitamin C)
Excipients: Methyl Hydroxybenzoate, Riboflavin, Citric Acid, Propylene Glycol, Glycerol, Sorbitol Solution (70%) Non-Crystallizing, Liquid Glucose, Deionized Water",Oral,A11GA01,https://admin.greenbook.nafdac.gov.ng/uploadImage/smpc_files/2024/04/18/20240418613d7a7a-ef35-5df6-b960-7f123dc68ed0.pdf,2024-03-27,2029-03-26,https://greenbook.nafdac.gov.ng/products/details/7269,2026-09-27T21:22:20.085187+00:00,753
greenbook,6758,AVRO-C Syrup 100 mg/5 mL##,Ascorbic Acid,Avro Pharma Limited,Drugs,Syrup,100 mg/5 mL,1 x 100 mL (in amber bottle),A4-8333,Active,"A clear yellow colored flavored syrup

88	RNW-PP-287656	AVRO-C SYRUP 100MG/5ML	ASCORBIC ACID	ASCORBIC ACID 100MG/5ML, SUCROSE, METHYL HYDROXYBENZOATE, SODIUM BICARBONATE, CITRIC ACID ANHYDROUS, SODIUM METABISULFITE, SWEET ORANGE FLAVOUR, LEMON FLAVOUR, PROPYLENE GLYCOL, GLYCEROL, DEIONISED WATER.	A4-8333	Drugs	Nigerian Products	100ML	OTC	10/13/2022	AVRO PHARMA LIMITED, DAID HOUSE, PLOT 2,BLOCK J, LIMCA WAY, ISOLO INDUSTRIAL ESTATE, OSHODI APAPA, EXPRESSWAY, ISOLO, LAGOS, NIGERIA	17410411	lewachionline@yahoo.com	SKG-PHARMA LIMITED, 7/9 SAPARA STREET, OFF OBA AKRAN AVENUE, IKEJA LAGOS, Nigeria","Each 5 mL contains: Ascorbic Acid (Vitamin C) 100 mg
Excipients: Sucrose, Methyl Hydroxybenzoate, Riboflavin, Propylene Glycol, Sorbitol Solution 70%, Sodium Citrate, Citric Acid, Sodium Chloride, Xanthan Gum, Aspartame, Disodium EDTA, Pineapple Flavor, Deionized Water
",Oral,A11GA01,https://admin.greenbook.nafdac.gov.ng/uploadImage/smpc_files/2024/11/14/2024111416c6d807-16aa-5bf9-99ef-9fb0c779e90f.pdf,2023-12-21,2028-12-20,https://greenbook.nafdac.gov.ng/products/details/6758,2026-09-27T21:22:20.085187+00:00,754
greenbook,4433,AVRO-Z 25 mg Tablet##,Zinc (Zinc Sulfate),Avro Pharma Limited,Drugs,Tablet,25 mg,,A11-100109,Inactive,"Tablet

ZINC SULPHATE, DICALCIUM PHOSPHATE, AEROSIL, MAGNESIUM STEARATE, ISOPROPYL ALCOHOL, MICROCRYSTALLINE CELLULOSE, POVIDONE K.","Each tablet contains: Zinc Sulfate
Excipients: Dicalcium Phosphate, Aerosil, Magnesium Stearate, Isopropyl Alcohol, Microcrystalline Cellulose, Povidone K",Oral,A12CA,https://admin.greenbook.nafdac.gov.ng/uploadImage/smpc_files/2025/03/25/2025032506d86ac6-37e0-5776-9e15-12d63f719a47.pdf,2021-05-07,2026-05-06,https://greenbook.nafdac.gov.ng/products/details/4433,2026-09-27T21:22:20.085187+00:00,755
greenbook,4274,Avro-Z 25 mg Tablet## (duplicate),Zinc (Zinc Sulfate),Avro Pharma Limited,Drugs,Tablet,25 mg,,A11-100109,Inactive,Tablet,Each tablet contains: Zinc (as Zinc Sulfate) 25 mg,Oral,A12CB01,https://admin.greenbook.nafdac.gov.ng/uploadImage/smpc_files/2025/03/25/202503253bbc2c2b-5219-523a-9c11-893d6ee81f41.pdf,2021-05-07,2026-05-06,https://greenbook.nafdac.gov.ng/products/details/4274,2026-09-27T21:22:20.085187+00:00,756
greenbook,4434,Avro-Z 50 mg Tablet##,Zinc (Zinc Sulfate),Avro Pharma Limited,Drugs,Tablet,50 mg,,A11-100110,Inactive,"Tablet

ZINC SULPHATE, DICALCIUM PHOSPHATE, MAGNESIUM STEARATE, ISOPROPYL ALCOHOL, POVIDONE K, MICROCRYSTALLINE CELLULOSE
","Each tablet contains: Zinc Sulfate 50 mg
Excipients: Dicalcium Phosphate, Magnesium Stearate, Isopropyl Alcohol, Povidone K, Microcrystalline Cellulose",Oral,A12C,https://admin.greenbook.nafdac.gov.ng/uploadImage/smpc_files/2025/03/25/202503252d7dbb9d-6a88-51e4-9c51-a20f419253df.pdf,2021-05-07,2026-05-06,https://greenbook.nafdac.gov.ng/products/details/4434,2026-09-27T21:22:20.085187+00:00,757
greenbook,4275,Avro-Z 50 mg Tablet## (duplicate),Zinc (Zinc Sulfate),Avro Pharma Limited,Drugs,Tablet,50 mg,,A11-100110,Inactive,Tablet,Each tablet contains: Zinc (as Zinc Sulfate) 25 mg,Oral,A12CB01,https://admin.greenbook.nafdac.gov.ng/uploadImage/smpc_files/2025/03/25/202503255ddcc97e-428d-520e-96b6-4e741da63dd8.pdf,2021-05-07,2026-05-06,https://greenbook.nafdac.gov.ng/products/details/4275,2026-09-27T21:22:20.085187+00:00,758
greenbook,6508,Avrobalm Ointment##,Methyl Salicylate,Avro Pharma Limited,Drugs,Ointment,50%,"80 g, 25 g, 500 g (in PET jars)", A4-8339,Active,"Ointment
Pale yellow ointment

AVROBALM OINTMENT	METHYL SALICYLATE	METHYL SALICYLATE 50%W/W, WHITE SOFT PARAFFIN, HARD SOFT PARAFFIN, MICROCRYSTALLINE WAX, YELLOW COLOUR	A4-8339	Drugs	VARIOUS	Nigerian Products	80G,25G,500G	OTC	22/12/2022	AVRO PHARMA LIMITED, DAID HOUSE, PLOT 2,BLOCK J, LIMCA WAY, ISOLO INDUSTRIAL ESTATE, OSHODI APAPA, EXPRESSWAY, ISOLO, LAGOS, NIGERIA	17410411	lewachionline@yahoo.com	SKG-PHARMA LIMITED, 7/9 SAPARA STREET, OFF OBA AKRAN AVENUE, IKEJA, LAGOS., Nigeria","Each jar contains: Methyl Salicylate 50% w/w
Excipients: Methyl Salicylate, White Soft Paraffin, Hard Paraffin Wax, Microcrystalline Wax, Yellow Color (Oil Soluble)",Topical,D02AF,https://admin.greenbook.nafdac.gov.ng/uploadImage/smpc_files/2023/12/14/20231214df6622d8-e4c0-5a37-b576-5c641555492e.pdf,2023-11-30,2028-11-29,https://greenbook.nafdac.gov.ng/products/details/6508,2026-09-27T21:22:20.085187+00:00,759
greenbook,9860,Avrobion Syrup**,Thiamine Hydrochloride; Riboflavin; Pyridoxine Hydrochloride; Niacinamide,SKG - Pharma Ltd,Drugs,Syrup,5mg/5 mL; 2 mg/5 mL; 2 mg/5 mL; 20 mg/5 mL,100 mL (in amber bottle),A4-8332,Inactive,Oral Solution,"Each 5 mL of  Avrobion Syrup contains: Thiamine Hydrochloride 5 mg, Riboflavin 2 mg, Nicotinamide 20 mg, Pyridoxine Hydrochloride 2 mg

Excipients:
Sucrose, Methyl Hydroxybenzoate, Polysorbate 80, Glycerol, Orange Flavour, Deionised Water",Oral,,https://admin.greenbook.nafdac.gov.ng/uploadImage/smpc_files/2025/01/22/20250122dc963259-19d8-5ea3-bae7-6cfc68c5f93b.pdf,2021-08-03,2026-08-02,https://greenbook.nafdac.gov.ng/products/details/9860,2026-09-27T21:22:20.085187+00:00,760
greenbook,7383,Avrocal-D Caplet**,Calcium; Vitamin D3; Magnesium; Zinc,Avro Pharma Limited,Drugs,Caplet,300 mg; 200 IU; 100 mg; 4 mg,3 x 10&#039;s; 10 x 10&#039;s (in Alu/PVC blisters),A11-0902,Active,"Caplet.
Orange, biconvex, oblong tablets, with a score line on one side and embossed “AVC-D” on the other side","Each tablet contains: Calcium 300 mg (as Calcium Carbonate), Vitamin D3 200 IU (as Cholecalciferol), Magnesium 100 mg (as Magnesium Hydroxide), Zinc 4 mg (as Zinc Sulphate)",Oral,A11AA,https://admin.greenbook.nafdac.gov.ng/uploadImage/smpc_files/2024/04/22/20240422a60e8e99-5a35-5eb9-ab98-5316a77965ee.pdf,2024-03-27,2029-03-26,https://greenbook.nafdac.gov.ng/products/details/7383,2026-09-27T21:22:20.085187+00:00,761
greenbook,5004,Avrocid Suspension Banana Flavour**,Aluminium hydroxide; Magnesium hydroxide; Simeticone,Avro Pharma Limited,Drugs,Suspension,468.1 mg/5 mL; 100 mg/5 mL; 125 mg/5 mL,200 mL (in amber coloured bottle),A11-100461,Active,"Oral suspension.
A greenish yellow coloured, flavoured suspension","Each 5 mL of oral suspension contains: Dried Aluminium Hydroxide Gel 468.1 mg, Magnesium Hydroxide 100 mg, Activated Methylpolysiloxane (Simethicone) 125 mg",Oral,A02AF,https://admin.greenbook.nafdac.gov.ng/uploadImage/smpc_files/2023/10/02/202310028288a463-5a1e-5018-8f4d-92f42d8627a7.pdf,2023-02-23,2028-02-22,https://greenbook.nafdac.gov.ng/products/details/5004,2026-09-27T21:22:20.085187+00:00,762
greenbook,5006,Avrocid Suspension Strawberry Flavour**,Aluminium hydroxide; Magnesium hydroxide; Simeticone,Avro Pharma Limited,Drugs,Suspension,468.1 mg/5 mL; 100 mg/5 mL; 125 mg/5 mL,200 mL (in amber coloured bottle),A11-100462,Active,"Oral suspension.
A pink coloured, flavoured suspension","Each 5 mL of oral suspension contains: Dried Aluminium Hydroxide Gel 468.1 mg, Magnesium Hydroxide 100 mg, Activated Methylpolysiloxane (Simethicone) 125 mg",Oral,A02AF,https://admin.greenbook.nafdac.gov.ng/uploadImage/smpc_files/2023/10/02/2023100286cdb201-c633-5319-b9ca-9adf4719841e.pdf,2023-02-23,2028-02-22,https://greenbook.nafdac.gov.ng/products/details/5006,2026-09-27T21:22:20.085187+00:00,763
greenbook,5007,Avrocid Suspension Sugar Free**,Aluminium hydroxide; Magnesium hydroxide; Simeticone,SKG - Pharma Ltd,Drugs,Suspension,468.1 mg/5 mL; 100 mg/5 mL; 125 mg/5 mL,200 mL (in amber coloured bottle),A11-100460,Active,"Oral suspension.
A white coloured, flavoured suspension","Each 5 mL of oral suspension contains: Dried Aluminium Hydroxide Gel 468.1 mg, Magnesium Hydroxide 100 mg, Activated Methylpolysiloxane (Simethicone) 125 mg",Oral,A02AF,https://admin.greenbook.nafdac.gov.ng/uploadImage/smpc_files/2024/09/22/202409228e80d1bb-15c4-5503-aeb9-d852a66b1fd1.pdf,2023-02-23,2028-02-22,https://greenbook.nafdac.gov.ng/products/details/5007,2026-09-27T21:22:20.085187+00:00,764
greenbook,12088,Avrocid Suspension_,Aluminium hydroxide; Magnesium hydroxide; Simeticone,Avro Pharma Limited,Drugs,Suspension,468.1 mg/5 mL; 100 mg/5 mL; 125 mg/5 mL,"1 x 100 mL,1 x 200 mL (in amber bottles)",A4-4711,Active,"Oral Suspension.
A yellow-colored, flavored suspension","Each 5 mL contains: Simeticone 125 mg, Magnesium Hydroxide 100 mg, and Dried Aluminium Hydroxide Gel 468.1 mg
Excipients q.s.",Oral,A02A,https://admin.greenbook.nafdac.gov.ng/uploadImage/smpc_files/2025/12/02/202512026f9ae777-bbdf-58e7-87c9-1d4c296b1af8.pdf,2025-10-29,2030-10-28,https://greenbook.nafdac.gov.ng/products/details/12088,2026-09-27T21:22:20.085187+00:00,765
greenbook,4279,Avrocid Tablets**,Aluminium hydroxide; Magnesium hydroxide; Simeticone,Avro Pharma Limited,Drugs,Chewable tablet,300 mg; 25 mg; 10 mg,,B4-4704,Inactive,Chewable tablet,"Each chewable tablet contains: Activated Methylpolysiloxane B.P. 10 mg (Simeticone), Magnesium Hydroxide B.P. 25 mg, Dried Aluminium Hydroxide Gel B.P. 300 mg

Excipients: Lactose B.P, Maize Starch, Peppermint Oil, Talc Powder, Aspartame Powder, FD &amp; C Yellow No, Dry Pineapple Flavour",Oral,A02AF02,https://admin.greenbook.nafdac.gov.ng/uploadImage/smpc_files/2025/03/25/20250325ec6bcdd2-2e81-55d6-b64c-118b418eef78.pdf,2021-03-29,2026-03-28,https://greenbook.nafdac.gov.ng/products/details/4279,2026-09-27T21:22:20.085187+00:00,766
greenbook,7362,Avrocipro Caplet**,Ciprofloxacin,Avro Pharma Limited,Drugs,Caplet,500 mg,1 x 10&#039;s; 10 x 10&#039;s (in Alu/PVC Blisters),A11-0786,Active,"Film-coated Caplets.
White, oval film-coated caplet embossed with &#039;CIP 500&#039; on one side and &#039;AVRO&#039; on the other side and contains 500 mg Ciprofloxacin base",Each film coated caplet contains: Ciprofloxacin Hydrochloride equivalent to Ciprofloxacin 500 mg,Oral,J01MA02,https://admin.greenbook.nafdac.gov.ng/uploadImage/smpc_files/2024/05/19/202405190857dba0-6db1-581e-95bf-16638326deb1.pdf,2024-04-30,2029-05-01,https://greenbook.nafdac.gov.ng/products/details/7362,2026-09-27T21:22:20.085187+00:00,767
greenbook,10122,Avroclox Capsules##,Ampicillin (Ampicillin Trihydrate); Cloxacillin (Cloxacillin Sodium),SKG - Pharma Ltd,Drugs,Capsule,250 mg; 250 mg,10 x 10&#039;s (in PVC-Alu blisters),A4-5670,Active,Capsule,"Each hard gelatin capsule contains: Ampicillin as Ampicillin Trihydrate 250 mg, Cloxacillin as Cloxacillin Sodium 250 mg
Excipients q.s.",Oral,J01CF02,https://admin.greenbook.nafdac.gov.ng/uploadImage/smpc_files/2025/01/22/20250122b9b89508-7987-5fce-a707-257a1fbbc32a.pdf,2021-10-28,2026-10-27,https://greenbook.nafdac.gov.ng/products/details/10122,2026-09-27T21:22:20.085187+00:00,768
greenbook,536,Avroclox Suspension##,Ampicillin (Ampicillin Trihydrate); Cloxacillin (Cloxacillin Sodium),Avro Pharma Limited,Drugs,Suspension,125 mg/5 mL; 125 mg/5 mL,1 x 100 mL (in amber PET bottle),A4-5669,Active,"Powder for Suspension
Avroclox Suspension is presented as a white flavored dry powder for reconstitution","Each 5 mL suspension contains: Ampicillin (as Ampicillin Trihydrate) 125 mg, Cloxacillin (as Cloxacillin Sodium) 125 mg
Excipients q.s.",Oral,J01CR01,https://admin.greenbook.nafdac.gov.ng/uploadImage/smpc_files/2024/11/14/202411142e2bf0e1-91c6-576b-9d82-bb7c76c69ecc.pdf,2021-09-28,2026-09-27,https://greenbook.nafdac.gov.ng/products/details/536,2026-09-27T21:22:20.085187+00:00,769
greenbook,5622,Avrocof Lozenges**,Ammonium chloride; Ipecacacuanha Extract; Liquorice Extract; Peppermint Oil; Aniseed Oil,Avro Pharma Limited,Drugs,Lozenge,1 mg; 2.5 µL; 50 mg; 1 µL; 1 µL,10 x 10&#039;s (in blisters),A11-0609,Active,Lozenge,"Each lozenge contains: Ammonium Chloride 1 mg, Ipecacuanha Liquid Extract BPC 2.5 ",Oral,R05CA10,https://admin.greenbook.nafdac.gov.ng/uploadImage/smpc_files/2024/12/25/202412254f93e8ce-af69-577f-9023-522e95435e33.pdf,2023-05-25,2028-05-24,https://greenbook.nafdac.gov.ng/products/details/5622,2026-09-27T21:22:20.085187+00:00,770
greenbook,496,Avrocold Tablets##,Paracetamol; Phenylephrine; Chlorphenamine,Avro Pharma Limited,Drugs,Syrup,500 mg; 5 mg; 2 mg,,A4-4554,Active,Syrup,"Each tablet contains: Paracetamol 500 mg, Phenylephrine Hydrochloride 5 mg, Chlorpheniramine Maleate 2 mg",Oral,N02BE51,https://admin.greenbook.nafdac.gov.ng/uploadImage/smpc_files/2025/03/25/202503258e9e238a-c0ec-5d6d-83dd-7122ad061f3c.pdf,2021-09-28,2026-09-27,https://greenbook.nafdac.gov.ng/products/details/496,2026-09-27T21:22:20.085187+00:00,771
greenbook,12089,Avrofed Syrup_,Pseudoephedrine Hydrochloride; Triprolidine,Avro Pharma Limited,Drugs,Syrup,30 mg/5 mL; 1.25 mg/5 mL,1 x 50 mL (in amber bottle),B4-1401,Active,Syrup,"Each 5 mL contains: Tripolidine 1.25 mg and Pseudoephedrine 30 mg
Excipients q.s.",Oral,R01BA52,https://admin.greenbook.nafdac.gov.ng/uploadImage/smpc_files/2025/12/02/2025120252343705-ef5f-5b0a-a509-e11bf1bfc19c.pdf,2025-10-29,2030-10-28,https://greenbook.nafdac.gov.ng/products/details/12089,2026-09-27T21:22:20.085187+00:00,772
greenbook,7841,"Avrofen 200 mg Capsules** (duplicate, different product)",Ibuprofen,Avro Pharma Limited,Drugs,Capsule,200 mg,10 x 10&#039;s (in Alu/PVC Blisters),A4-8336,Active,"Capsule, hard.
A size two hard gelatin capsule having a white body inscribed “AFEN 200” and a blue cap inscribed “AVRO” containing a fine white granules fill",Each capsule contains: Ibuprofen BP 200 mg,Oral, M01AE,https://admin.greenbook.nafdac.gov.ng/uploadImage/smpc_files/2024/09/16/20240916a9091452-e323-539b-b044-3ac6d9595e3a.pdf,2024-07-31,2029-07-30,https://greenbook.nafdac.gov.ng/products/details/7841,2026-09-27T21:22:20.085187+00:00,773
greenbook,7842,Avrofen 400 mg Capsules**,Ibuprofen,Avro Pharma Limited,Drugs,Capsule,400 mg,10 x 10&#039;s (in Alu/PVC Blisters),A4-8337,Active,"Capsule, hard.
A size zero hard gelatin capsule having a white body inscribed “AFEN 400” and red cap inscribed “AVRO” containing a fine white granules fill",Each capsule contains: Ibuprofen BP 400 mg,Oral,M01AE01,https://admin.greenbook.nafdac.gov.ng/uploadImage/smpc_files/2024/09/16/20240916a3467bb8-d213-550f-aeb2-197679b87767.pdf,2024-07-31,2029-07-30,https://greenbook.nafdac.gov.ng/products/details/7842,2026-09-27T21:22:20.085187+00:00,774
greenbook,6712,Avrofen Express Capsule**,Ibuprofen (Ibuprofen Lysine),Avro Pharma Limited,Drugs,Capsule,200 mg,3 x 10&#039;s; 10 x 10&#039;s (in Alu/PVC blisters),A11-0813,Active,Capsule,"Each capsule contains: Ibuprofen Lysine 342 mg equiv. to Ibuprofen 200 mg

Excipients:
Colloidal Silicon Dioxide, Methyl Hydroxybenzoate, Talc Powder",Oral,M01AE01,https://admin.greenbook.nafdac.gov.ng/uploadImage/smpc_files/2025/03/27/20250327492ba016-199d-5925-bec4-a3eb8e5370dc.pdf,2023-12-21,2028-12-20,https://greenbook.nafdac.gov.ng/products/details/6712,2026-09-27T21:22:20.085187+00:00,775
greenbook,4281,Avrofen Gel##,Ibuprofen; Menthol,Avro Pharma Limited,Drugs,Gel,5%; 3%,1 x 20 g (in Alu tube),B4-3735,Inactive,"Gel
Clear, colorless gel with the odor of menthol","Each gram of gel contains: Ibuprofen 0.05 g; Levomenthol 0.03 g
Excipient with known effect: Propylene Glycol",Topical,M02AA13,https://admin.greenbook.nafdac.gov.ng/uploadImage/smpc_files/2024/11/14/202411145a2ce380-3448-5210-97f3-e41fbf00bc36.pdf,2026-04-28,2031-04-27,https://greenbook.nafdac.gov.ng/products/details/4281,2026-09-27T21:22:20.085187+00:00,776
greenbook,10123,Avrofen Suspension##,Ibuprofen,SKG - Pharma Ltd,Drugs,Suspension,100 mg/5 mL,1 x 100 mL (in amber bottle),A4-8335,Inactive,"Suspension
","Each 5 mL suspension contains: Ibuprofen 100 mg
Excipients q.s.",Oral,M02AA13,https://admin.greenbook.nafdac.gov.ng/uploadImage/smpc_files/2025/01/22/20250122549c4adb-488b-5b29-9168-4a211b17dfc7.pdf,2021-08-03,2026-08-02,https://greenbook.nafdac.gov.ng/products/details/10123,2026-09-27T21:22:20.085187+00:00,777
greenbook,10001,Avroflox Tn_,Ciprofloxacin (Ciprofloxacin Hydrochloride); Tinidazole,SKG - Pharma Ltd,Drugs,Caplet,200 mg; 600 mg,1 x 10&#039;s (in PVC-Alu blister),B4-1981,Active,"Oral caplet.
Oblong, nearly white to off-white caplet marked with &quot;AVRO AFXTN&quot; on one side and scored on the reverse side","Each film-coated tablet contains: Ofloxacin 200 mg, and Tinidazole 600 mg",Oral,J01RA11,https://admin.greenbook.nafdac.gov.ng/uploadImage/smpc_files/2025/01/22/2025012264f4f6be-2fa0-5caf-991a-530ba96e054e.pdf,2022-11-24,2027-11-23,https://greenbook.nafdac.gov.ng/products/details/10001,2026-09-27T21:22:20.085187+00:00,778
greenbook,3099,Avrogin Caplet##,Paracetamol,Avro Pharma Limited,Drugs,Caplet,500 mg,,A11-0168,Active,Caplet,Each caplet contains: Paracetamol 500 mg,Oral,N02BE01,https://admin.greenbook.nafdac.gov.ng/uploadImage/smpc_files/2025/03/25/20250325ea3a88aa-dfc6-5cfb-a8fa-aa7e091e86d3.pdf,2021-10-28,2026-10-27,https://greenbook.nafdac.gov.ng/products/details/3099,2026-09-27T21:22:20.085187+00:00,779
greenbook,4264,Avrogyl 200 mg Tablet##,Metronidazole,Avro Pharma Limited,Drugs,Tablet,200 mg,,A4-4725,Inactive,Tablet,Each tablet contains: Metronidazole BP 200 mg,Oral,P01AB01,,2021-03-29,2026-03-28,https://greenbook.nafdac.gov.ng/products/details/4264,2026-09-27T21:22:20.085187+00:00,780
greenbook,11413,Avrogyl 400 Tablet_,Metronidazole,Avro Pharma Limited,Drugs,Tablet,400 mg,10 x 10&#039;s (in Alu-PVC blisters),A4-4689,Active,Tablet,"Each tablet contains: Metronidazole 400 mg
Excipients q.s.",Oral,J01XD01,https://admin.greenbook.nafdac.gov.ng/uploadImage/smpc_files/2025/08/29/20250829f817ab36-4332-57c1-b928-0d194767c404.pdf,2025-07-30,2030-07-29,https://greenbook.nafdac.gov.ng/products/details/11413,2026-09-27T21:22:20.085187+00:00,781
greenbook,2723,Avrogyl Paediatric Suspension##,Metronidazole,Avro Pharma Limited,Drugs,Suspension,200 mg/5 mL,,A4-4555,Active,Suspension,"Each 5 mL contains: Metronidazole 200 mg
Excipients q.s.",Oral,P01AB01,https://admin.greenbook.nafdac.gov.ng/uploadImage/smpc_files/2025/03/25/20250325ccdf78c8-cfcf-5c03-8689-8f9c47f68605.pdf,2021-10-28,2026-10-27,https://greenbook.nafdac.gov.ng/products/details/2723,2026-09-27T21:22:20.085187+00:00,782
greenbook,5578,Avrolin Cough And Cold Caplets_,Paracetamol; Phenylephrine; Diphenhydramine HCl,Avro Pharma Limited,Drugs,Tablet,250 mg; 100 mg; 5 mg,1 x 20&#039;s (in PVC-Alu blister),B4-4703,Inactive,"Caplets.
White, uncoated caplets embossed with an &quot;Avro&quot; on one side and &quot;ALN&quot; on the reverse side","Each tablet contains: Paracetamol 250 mg, Guafenesin 100 mg, and Phenylephrine Hydrochloride 5 mg
Excipients q.s.",Oral,R01BA53,https://admin.greenbook.nafdac.gov.ng/uploadImage/smpc_files/2024/11/14/202411148e235ea5-240b-5d71-89a8-aa239ba33b71.pdf,2021-05-07,2026-05-06,https://greenbook.nafdac.gov.ng/products/details/5578,2026-09-27T21:22:20.085187+00:00,783
greenbook,10614,Avrolin Cough Linctus_,Ipecacuanha Liquid Extract; Purified Honey; Glycerol; Citric Acid ; Lemon Oil; Lime Oil,SKG - Pharma Ltd,Drugs,Liquid,0.15 mL/5 mL; 50 mg/5 mL; 1.12 g/5 mL; 0.75 mL/5 mL,100 mL ( in amber bottle),B4-0978,Inactive,Linctus,"Each 5 mL contains: Ipecacuanha Liquid Extract 0.01 mL, Purified Honey 1.1 g, Glycerol 0.75 mL, Citric Acid 50 mg, Lemon Oil 0.6 ",Oral,R05CA04,https://admin.greenbook.nafdac.gov.ng/uploadImage/smpc_files/2025/01/22/2025012288571e80-3038-5d7e-bcfd-ff0a25255600.pdf,2021-01-28,2026-01-27,https://greenbook.nafdac.gov.ng/products/details/10614,2026-09-27T21:22:20.085187+00:00,784
greenbook,7843,Avrolin Dry Cough (Adult Formula)**,Dextromethorphan Hydrobromide,Avro Pharma Limited,Drugs,Syrup,15 mg/5 mL,100 mL; 200 mL (in PET bottles),A11-0900,Active,Brown coloured liquid for oral administration,"Each 5 mL oral liquid contains: Dextromethorphan Hydrobromide 15 mg

Excipients:
Glycerol, Sodium Benzoate, Ethanol 96%, Sucrose, Citric Acid, Sodium Citrate, Sorbitol Solution 70%, Sodium Carboxymethyl Cellulose, Caramel, Menthol, Raspberry Flavour, Deionised Water",Oral,R05DA09,https://admin.greenbook.nafdac.gov.ng/uploadImage/smpc_files/2024/09/17/20240917ea5c3a41-94d4-5f3f-b4c7-37207efcbbe8.pdf,2024-07-31,2029-07-30,https://greenbook.nafdac.gov.ng/products/details/7843,2026-09-27T21:22:20.085187+00:00,785
greenbook,2753,Avrolyte Expectorant Syrup##,Salbutamol (Salbutamol Sulfate); Bromhexine (Bromhexine Hydrochloride); Guaifenesin; Menthol,Avro Pharma Limited,Drugs,Syrup,2 mg/10 mL; 4 mg/10 mL; 100 mg/10 mL; 1 mg/10 mL,1 x 100 mL (in amber bottle),B4-4302,Inactive,Syrup,"Each 10 mL syrup contains: Salbutamol Sulfate BP equivalent to Salbutamol 2 mg, Bromhexine Hydrochloride BP 4 mg, Guaifenesin BP 100 mg, Menthol Crystals BP 1 mg
Excipients q.s.",Oral,R05CA10,https://admin.greenbook.nafdac.gov.ng/uploadImage/smpc_files/2024/11/14/20241114b1707be6-f266-5c9c-a451-ebd1101c8047.pdf,2021-08-27,2026-08-26,https://greenbook.nafdac.gov.ng/products/details/2753,2026-09-27T21:22:20.085187+00:00,786
greenbook,31,Avromal DS Tablets##,Artemether; Lumefantrine,Avro Pharma Limited,Drugs,Tablet,80 mg; 480 mg,,A4-4532,Active,Tablet,"Each tablet contains: Artemether 80 mg, Lumefantrine 480 mg
Excipients q.s.",Oral,P01BF01,https://admin.greenbook.nafdac.gov.ng/uploadImage/smpc_files/2025/05/08/20250508fbbc0772-bb33-55a5-a212-07458b92cd04.pdf,2021-12-02,2026-12-01,https://greenbook.nafdac.gov.ng/products/details/31,2026-09-27T21:22:20.085187+00:00,787
greenbook,11536,Avromal Tablet 20/120**,Artemether; Lumefantrine,Avro Pharma Limited,Drugs,Tablet,20 mg; 120 mg,2 x 12&#039;s (in PVC/Alu blisters),A11-100774,Active,"Tablet.
Yellow, round, flat-faced, bevelled edge tablet debossed with &#039;AVRO&#039; on one side of the tablet and &#039;AM&#039; above the score line on the other side. The tablet can be divided into equal doses","Each tablet contains: Artemether 20 mg, Lumefantrine 120 mg, Excipients q.s.",Oral,P01BF01,https://admin.greenbook.nafdac.gov.ng/uploadImage/smpc_files/2025/05/24/20250524c8d0c396-4cc8-5a43-ad5f-483995a16c41.pdf,2024-10-31,2029-10-30,https://greenbook.nafdac.gov.ng/products/details/11536,2026-09-27T21:22:20.085187+00:00,788
greenbook,11414,"Avromal Tablet Artemether, Lumefantrine_",Artemether; Lumefantrine,Avro Pharma Limited,Drugs,Tablet,40 mg; 240 mg,1 x 12&#039;s (in PVC-Alu blister),A4-4050,Active,"Tablet.
Yellow-round, flat-faced, beveled-edge tablet debossed with &quot;AVRO&quot; on one side of the tablet and &quot;AM&quot; above the score line on the other side","Each tablet contains: Artemether 40 mg, and Lumefantrine 240 mg
Excipients q.s.",Oral,P01BF01,https://admin.greenbook.nafdac.gov.ng/uploadImage/smpc_files/2025/08/29/2025082902825b00-4f43-5303-8c67-f74f3a963d12.pdf,2025-07-30,2030-07-29,https://greenbook.nafdac.gov.ng/products/details/11414,2026-09-27T21:22:20.085187+00:00,789
greenbook,2816,Avromal Tablet##,Artemether; Lumefantrine,Avro Pharma Limited,Drugs,Tablet,40 mg; 240 mg,,A4-4050,Inactive,Tablet,"Each tablet contains: Artemether 40 mg, Lumefantrine 240 mg
Excipients q.s.",Oral,P01BF01,,2020-11-10,2025-11-09,https://greenbook.nafdac.gov.ng/products/details/2816,2026-09-27T21:22:20.085187+00:00,790
greenbook,537,Avromox Capsule_,Amoxicillin (Amoxicillin Trihydrate),Avro Pharma Limited,Drugs,Capsule,500 mg,,A4-5662,Active,Capsule,Each capsule contains: Amoxicillin (as Amoxicillin Trihydrate) 500 mg,Oral,J01CA04,,2021-09-28,2026-09-27,https://greenbook.nafdac.gov.ng/products/details/537,2026-09-27T21:22:20.085187+00:00,791
greenbook,241,Avromox Dry Suspension##,Amoxicillin (Amoxicillin Trihydrate),Avro Pharma Limited,Drugs,Suspension,125 mg/5 mL,,A4-5663,Active,Suspension,"Each 5 mL contains: Amoxicillin Trihydrate equivalent Amoxicillin 120 mg
",Oral,J01CA04,https://admin.greenbook.nafdac.gov.ng/uploadImage/smpc_files/2025/03/25/20250325814edd05-7fbb-5816-9536-f4c405b0d3de.pdf,2021-10-28,2026-10-27,https://greenbook.nafdac.gov.ng/products/details/241,2026-09-27T21:22:20.085187+00:00,792
greenbook,6509,Avromult Syrup##,L-Lysine; Vitamin A; Vitamin D; Vitamin C; Nicotinamide; Vitamin B1; Vitamin B2; Vitamin B6; Vitamin B12; Calcium Pantothenate,Avro Pharma Limited,Drugs,Syrup,Pending,1 x 100 mL (in amber bottle),A4-8334,Active,"Syrup

AVROMULT SYRUP	L-LYSINE, VITAMIN A, VITAMIN C, VITAMIN D, NICOTINAMIDE, VITAMIN B1, VITAMIN B2, VITAMIN B6, VITAMIN B12, CALCIUM PANTOTHENATE	L-LYSINE 100MG/10ML, VITAMIN A 1000I.U/10ML, VITAMIN D 200I.U/10ML, VITAMIN C 50MG/10ML, NICOTINAMIDE 10MG/10ML, VITAMIN B1 1.5MG/10ML, VITAMIN B2 1.5MG/10ML, VITAMIN B6 2MG/10ML, VITAMIN B12 1MCG/10ML, CALCIUM PANTOTHENATE 12MG/10ML, METHYL HYDROXYBENZOATE, PROPYL HYDROXYBENZOATE, SUCROSE, SWEET ORANGE FLAVOUR, POLYSORBATE 80, GLYCEROL, XANTHAN GUM, DEIONISED WATER.	A4-8334	Drugs	VARIOUS	Nigerian Products	100ML	OTC	12/10/2022	AVRO PHARMA LIMITED, DAID HOUSE, PLOT 2,BLOCK J, LIMCA WAY, ISOLO INDUSTRIAL ESTATE, OSHODI APAPA, EXPRESSWAY, ISOLO, LAGOS, NIGERIA	17410411	lewachionline@yahoo.com	SKG-PHARMA LIMITED, 7/9 SAPARA STREET, OFF OBA AKRAN AVENUE, IKEJA LAGOS, Nigeria","Each 10 mL contains: L-Lysine 100 mg, Vitamin A 1000 IU, Vitamin D 200 IU, Vitamin C 50 mg, Nicotinamide 10 mg, Vitamin B1 1.5 mg, Vitamin B2 1.5 mg, Vitamin B6 2 mg, Vitamin B12 1 mcg, Calcium Pantothenate 12 mg
Excipients q.s.",Oral,A11AA,https://admin.greenbook.nafdac.gov.ng/uploadImage/smpc_files/2024/12/25/20241225c77029bc-f2c2-5fd8-8127-69cd1249e4d2.pdf,2023-11-30,2028-11-29,https://greenbook.nafdac.gov.ng/products/details/6509,2026-09-27T21:22:20.085187+00:00,793
greenbook,3151,Avrophage 1000 Caplet##,Metformin Hydrochloride,Avro Pharma Limited,Drugs,Caplet,1000 mg,,A11-0032,Active,Caplet,Each caplet contains: Metformin Hydrochloride BP 1000 mg,Oral,A10BA02,https://admin.greenbook.nafdac.gov.ng/uploadImage/smpc_files/2025/03/25/20250325a6b99dd0-cb19-569d-b3ee-6d9068704b70.pdf,2021-12-16,2026-12-15,https://greenbook.nafdac.gov.ng/products/details/3151,2026-09-27T21:22:20.085187+00:00,794
greenbook,3152,Avrophage 500 mg Tablet##,Metformin Hydrochloride,Avro Pharma Limited,Drugs,Tablet,500 mg,,A4-6319,Inactive,Tablet,Each tablet contains: Metformin Hydrochloride BP 500 mg,Oral,A10BA02,,2021-08-27,2026-08-26,https://greenbook.nafdac.gov.ng/products/details/3152,2026-09-27T21:22:20.085187+00:00,795
greenbook,6353,Avroprin 300 mg Tablet##,Acetylsalicylic Acid,Avro Pharma Limited,Drugs,Tablet,300 mg,"1 x 1000&#039;s, 1 x 500&#039;s (in HDPE container/pack)",A11-0681,Active,"Tablet

12	RNW-PP-289168	AVROPRIN 300MG TABLET	ASPIRIN (ACETYL SALICYLIC ACID)	ASPIRIN 300MG, POVIDONE K-30, TALC, STEARIC ACID, AVICEL PH 101, MAIZE STARCH, ISOPROPYL ALCOHOL	A11-0681	Drugs	Nigerian Products	x1000,x500	OTC	11/15/2022	AVRO PHARMA LIMITED, DAID HOUSE, PLOT 2,BLOCK J, LIMCA WAY, ISOLO INDUSTRIAL ESTATE, OSHODI APAPA, EXPRESSWAY, ISOLO, LAGOS, NIGERIA	17410411	lewachionline@yahoo.com	SKG-PHARMA LIMITED, 7/9 SAPARA STREET, OFF OBA AKRAN AVENUE, IKEJA, LAGOS., Nigeria","Each tablet contains: Aspirin 300 mg
Excipients: Povidone K-30, Maize Starch, Stearic Acid, Talc, Avicel PH 101, Isopropyl Alcohol",Oral,N02BA01,https://admin.greenbook.nafdac.gov.ng/uploadImage/smpc_files/2023/11/07/20231107330766b9-eb11-5ea1-8c59-2a5729b8ad1a.pdf,2023-10-31,2028-10-30,https://greenbook.nafdac.gov.ng/products/details/6353,2026-09-27T21:22:20.085187+00:00,796
greenbook,12087,Avroprin-75 Tablet_,Acetylsalicylic Acid,Avro Pharma Limited,Drugs,Tablet,75 mg,10 x 10&#039;s (in Alu-PVC blisters),A11-1095,Active,Tablet,"Each tablet contains: Aspirin (Acetyl Salicylic Acid) 75 mg
Excipients q.s.",Oral,B01AC06,https://admin.greenbook.nafdac.gov.ng/uploadImage/smpc_files/2025/12/02/20251202b355234f-b0c2-5ad5-bb7a-aa2d54bb09ab.pdf,2025-10-29,2030-10-28,https://greenbook.nafdac.gov.ng/products/details/12087,2026-09-27T21:22:20.085187+00:00,797
greenbook,6619,Avrosart Tablet_ (incomplete smpc),Telmisartan; Hydrochlorothiazide,Avro Pharma Limited,Drugs,Tablet,40 mg; 12.5 mg,3 x 10&#039;s,A11-0812,Active,"Tablet.
Oblong-shaped tablet",Each tablet contains: Telmisartan 40 mg and Hydrochlorothiazide 12.5 mg,Oral,C09DA07,https://admin.greenbook.nafdac.gov.ng/uploadImage/smpc_files/2024/12/25/202412254ba8595d-75ca-55a8-9245-0ce0e9f7b0b0.pdf,2023-12-21,2028-12-20,https://greenbook.nafdac.gov.ng/products/details/6619,2026-09-27T21:22:20.085187+00:00,798
greenbook,4283,Avrosten Cream##,Betamethasone; Clotrimazole; Neomycin sulfate,Avro Pharma Limited,Drugs,Cream,0.1%; 1%; 0.5%,,A4-7139,Inactive,Topical Cream,"Avrosten Cream cream contains: Clotrimazole USP 1.0%, Betamethasone 0.1%, Neomycin Sulfate USP 0.5%
Excipients q.s.",Topical,D07CC01,,2021-08-27,2026-08-26,https://greenbook.nafdac.gov.ng/products/details/4283,2026-09-27T21:22:20.085187+00:00,799
greenbook,11994,Avroton Blood Tonic_,"Vitamins, Iron, Ginseng",Avro Pharma Limited,Drugs,Syrup,see Composition,200 mL,A4-5661,Inactive,Syrup,"Each 5 mL contains: Ginseng Extract 40 mg, Liver Extract 23.4 mg, Thiamine Hydrochloride (VIT B1), 0.98 mg, Riboflavin (VIT B2) 0.39 mg, Nicotinamide 3.92 mg, Pyridoxine Hydrochloride (VIT B6) 0.39 mg, Calcium D-Pantothenate 6 mg, Cyanocobalamin (VIT B12), 0.6 mg
Excipients q.s",Oral,B03AE04,,2021-08-27,2026-08-26,https://greenbook.nafdac.gov.ng/products/details/11994,2026-09-27T21:22:20.085187+00:00,800
greenbook,6503,Avroton Capsules_,"Vitamins, Iron, Ginseng",Avro Pharma Limited,Drugs,Capsule,see Composition,"12 x 10&#039;s, 3 x 10&#039;s (in PVC-Alu blisters)",A11-0696,Active,"Hard Capsule.
The hard gelatin capsule has a red body and cap, The size number is &quot;0&quot;","Each capsule contains: Ginseng Extract 50 mg, Iron (as Ferrous Fumarate) 50 Mg, Vitamin a 1000 IU, Vitamin B1 1 mg, Vitamin B2 1.5 mg, Vitamin B6 1.5 mg, Vitamin B12 5 mcg, Vitamin C 30 mg, Folic Acid 2 mg, Nicotinamide 20 mg, Calcium Pantothenate 7 mg, and Zinc (as Zinc Sulphate) 5 mg",Oral, B03,https://admin.greenbook.nafdac.gov.ng/uploadImage/smpc_files/2023/12/14/20231214dad479e1-802a-537b-970c-41af6dc6a9ea.pdf,2023-11-30,2028-11-29,https://greenbook.nafdac.gov.ng/products/details/6503,2026-09-27T21:22:20.085187+00:00,801
greenbook,7844,Avrotrim DS Caplets**,Sulfamethoxazole; Trimethoprim,Avro Pharma Limited,Drugs,Caplet,800 mg; 160 mg,10 x 10&#039;s,A4-8336,Inactive,Caplet,"Each caplet contains: Sulfamethoxazole BP 800 mg, Trimethoprim BP 160 mg",Oral,,https://admin.greenbook.nafdac.gov.ng/uploadImage/smpc_files/2024/11/14/20241114ba7019f3-c551-5a32-af24-092e080065d4.pdf,2021-01-28,2026-01-27,https://greenbook.nafdac.gov.ng/products/details/7844,2026-09-27T21:22:20.085187+00:00,802
greenbook,12086,Avrotrim Paediatric Dispersible Tablet_,Sulfamethoxazole; Trimethoprim,Avro Pharma Limited,Drugs,Tablet,100 mg; 20 mg,"2 x 10&#039;s,10 x 10&#039;s, 10 x 100&#039;s (in Alu-PVC blisters)",A11-1210,Active,"Tablet.
White, circular, biconvex uncoated tablets, plain on one face and embossed with identifying letters on either side of a central division line on the reverse.","Each tablet contains: Sulfamethoxazole 100 mg and Trimethoprim 20 mg

Excipients: q.s.",Oral,J01EE01,https://admin.greenbook.nafdac.gov.ng/uploadImage/smpc_files/2025/12/02/202512022f1ed77c-bf81-5c92-9499-eca78a4f402c.pdf,2025-10-29,2030-10-28,https://greenbook.nafdac.gov.ng/products/details/12086,2026-09-27T21:22:20.085187+00:00,803
greenbook,4284,Avrotrim Suspension**,Sulfamethoxazole; Trimethoprim,Avro Pharma Limited,Drugs,Suspension,200 mg/5 mL; 40 mg/5 mL,50 mL (in amber glass bottle),A4-4688,Inactive,"Oral Suspension.
A yellow coloured, banana flavoured suspension","Each 5 mL suspension contains: Sulfamethoxazole 200 mg, Trimethoprim 40 mg

Excipients:
Methyl Hydroxybenzoate, Sucrose, Sodium Carboxymethyl Cellulose, Avicel Rc, Glycerol, Polysorbate, Ammonium Glycyrrhizinate, Oil of Aniseed, FD &amp; C Yellow No, Banana Flavor, Ethanol, Deionised Water",Oral,J01EE01,https://admin.greenbook.nafdac.gov.ng/uploadImage/smpc_files/2024/11/14/202411141bf53e6c-9a14-5340-b13c-b760e64a2800.pdf,2021-05-07,2026-05-06,https://greenbook.nafdac.gov.ng/products/details/4284,2026-09-27T21:22:20.085187+00:00,804
greenbook,12085,Avrotrim Tablet_,Sulfamethoxazole; Trimethoprim,Avro Pharma Limited,Drugs,Tablet,400 mg; 80 mg,"10 x 10&#039;s, 10 x 100&#039;s (in PVC-Alu blisters)",A4-4549,Active,"Tablet.
White, biconvex tablet marked &quot;AVT&quot; with score on one side and &quot;AVRO&quot; on the other side","Each tablet contains: Sulfamethoxazole BP 400 mg, and Trimethoprim BP 80 mg

Excipients: q.s.",Oral,J01EE01,https://admin.greenbook.nafdac.gov.ng/uploadImage/smpc_files/2025/12/02/20251202b442030d-febc-5934-9c90-e76d3c70154c.pdf,2025-10-29,2030-10-28,https://greenbook.nafdac.gov.ng/products/details/12085,2026-09-27T21:22:20.085187+00:00,805
greenbook,12090,Avrotyn Oral Solution_,Loratadine,Avro Pharma Limited,Drugs,Solution,5 mg/5 mL,1 x 100 mL (in amber bottle),A11-1217,Active,"Solution.
Clear, colorless to light yellow syrup","Each 5 mL of syrup contains: Loratadine 5 mg

Excipients: q.s.",Oral,R06AX13,https://admin.greenbook.nafdac.gov.ng/uploadImage/smpc_files/2025/12/02/2025120269b0372f-cf87-5ceb-93c0-9e332d449117.pdf,2025-10-29,2030-10-28,https://greenbook.nafdac.gov.ng/products/details/12090,2026-09-27T21:22:20.085187+00:00,806
greenbook,8402,Avrotyn Tablets**,Loratadine,Avro Pharma Limited,Drugs,Tablet,10 mg,10 x 10&#039;s (in Alu-PVC blisters),A11-100770,Active,"White, round, biconvex tablets",Each tablet contains: Loratadine 10 mg,Oral,R06AX13,https://admin.greenbook.nafdac.gov.ng/uploadImage/smpc_files/2024/11/06/20241106959e457d-a498-5adc-bba9-587d5f64e979.pdf,2024-09-25,2029-09-24,https://greenbook.nafdac.gov.ng/products/details/8402,2026-09-27T21:22:20.085187+00:00,807
greenbook,12094,Avrozith 250 mg Capsules_,Azithromycin,Avro Pharma Limited,Drugs,Capsule,250 mg,1 x 6&#039;s (in Alu-PVC blister),A11-1104,Active,"Tablet.
White, hard gelatin capsules","Each capsule contains: Azithromycin Dihydrate 262.05 mg equiv. to Azithromycin base 250 mg

Excipients: q.s.",Oral,J01FA10,https://admin.greenbook.nafdac.gov.ng/uploadImage/smpc_files/2025/12/02/20251202c1121220-7f3c-54cd-864e-6d384159b4ec.pdf,2025-10-29,2030-10-28,https://greenbook.nafdac.gov.ng/products/details/12094,2026-09-27T21:22:20.085187+00:00,808
greenbook,6720,Avrozith Suspension_,Azithromycin (Azithromycin Dihydrate),Avro Pharma Limited,Drugs,Suspension,200 mg/5 mL,1 x 15 mL,A11-100614,Active,Suspension,Each 5 mL suspension contains: Azithromycin 200 mg,Oral,J01FA10,,2023-12-21,2028-12-20,https://greenbook.nafdac.gov.ng/products/details/6720,2026-09-27T21:22:20.085187+00:00,809
greenbook,538,Avrozole Tablets##,Albendazole,Avro Pharma Limited,Drugs,Tablet,200 mg,,A4-7569,Active,Tablet,Each tablet contains: Albendazole 200 mg,Oral,P02CA03,https://admin.greenbook.nafdac.gov.ng/uploadImage/smpc_files/2025/05/08/20250508b411ff69-6ba8-53a4-a934-ecbda40c747d.pdf,2021-09-28,2026-09-27,https://greenbook.nafdac.gov.ng/products/details/538,2026-09-27T21:22:20.085187+00:00,810
greenbook,11692,Avsar Plus 160/10/12.5 mg Tablet_,Amlodipine (Amlodipine Besilate); Valsartan; Hydrochlorothiazide,Fensyl MHP Consulting Limited,Drugs,Tablet,10 mg; 160 mg; 12.5 mg,4 x 7&#039;s (in Alu-Alu blisters),A4-101487,Active,"Tablet.
Dark-green colored, oblong-shaped, film-coated tablet having bisected line on one side and plain from other side","Each film-coated tablet contains: Amlodipine (as Amlodipine Besylate) 10 mg, Valsartan 160 mg, and Hydrochlorothiazide 12.5 mg
Excipients q.s.",Oral,C09DX01,https://admin.greenbook.nafdac.gov.ng/uploadImage/smpc_files/2025/10/24/20251024c42749c8-bec1-5ac6-a5d4-ffe0d6c07e39.pdf,2025-08-27,2030-08-26,https://greenbook.nafdac.gov.ng/products/details/11692,2026-09-27T21:22:20.085187+00:00,811
greenbook,12185,Avsar Plus 160/10/25 mg Tablet,Amlodipine (Amlodipine Besilate); Valsartan; Hydrochlorothiazide,Fensyl MHP Consulting Limited,Drugs,Tablet,10 mg; 160 mg; 25 mg,4 x 7&#039;s (in Alu-Alu blisters),A4-101595,Active,"Tablet.
Dark green-colored, oblong-shaped, film-coated tablets having bisected line on one side and plain on the other side","Each film-coated tablet contains: Valsartan 160 mg, Amlodipine 10 mg, and Hydrochlorothiazide 25 mg",Oral,C09DX01,https://admin.greenbook.nafdac.gov.ng/uploadImage/smpc_files/2025/12/09/2025120936975b49-3b83-541a-96d2-2f1244a5223f.pdf,2025-10-29,2030-10-28,https://greenbook.nafdac.gov.ng/products/details/12185,2026-09-27T21:22:20.085187+00:00,812
greenbook,11693,Avsar Plus 160/5/25 mg Tablet_,Amlodipine (Amlodipine Besilate); Valsartan; Hydrochlorothiazide,Fensyl MHP Consulting Limited,Drugs,Tablet,5 mg; 160 mg; 25 mg,4 x 7&#039;s (in Alu-Alu blisters),A4-101486,Active,"Tablet.
Orange-colored, oblong-shaped, film-coated, tablet having bisected line on one side and plain from other side","Each film-coated tablet contains: Amlodipine (as Amlodipine Besylate) 5 mg, Valsartan 160 mg, and Hydrochlorothiazide 25 mg
Excipients q.s.",Oral,C09DX01,https://admin.greenbook.nafdac.gov.ng/uploadImage/smpc_files/2025/10/24/2025102450661f5d-fda6-5c37-aea9-e532fdba5ad8.pdf,2025-08-27,2030-08-26,https://greenbook.nafdac.gov.ng/products/details/11693,2026-09-27T21:22:20.085187+00:00,813
greenbook,11694,Avsar Plus 320/10/25 mg_,Amlodipine (Amlodipine Besilate); Valsartan; Hydrochlorothiazide,Fensyl MHP Consulting Limited,Drugs,Tablet,10 mg; 320 mg; 25 mg,4 x 7&#039;s (in Alu-Alu blisters),A4-101485,Active,"Tablet.
Light-green colored, oblong-shaped, film-coated tablet, plain from both side","Each film-coated tablet contains: Amlodipine (as Amlodipine Besylate) 10 mg, Valsartan 320 mg, and Hydrochlorothiazide  25 mg
Excipients q.s.",Oral,C09DX01,https://admin.greenbook.nafdac.gov.ng/uploadImage/smpc_files/2025/10/24/2025102492788a23-3114-5421-a919-a8957a69ca95.pdf,2025-08-27,2030-08-26,https://greenbook.nafdac.gov.ng/products/details/11694,2026-09-27T21:22:20.085187+00:00,814
greenbook,295,Avstat 10 Tablets##,Atorvastatin (Atorvastatin Calcium),Fidson Healthcare PLC,Drugs,Tablet,10 mg,,A4-0271,Active,Tablet,Each tablet contains: Atorvastatin Calcium equivalent to Atorvastatin 10 mg,Oral,C10AA05,https://admin.greenbook.nafdac.gov.ng/uploadImage/smpc_files/2025/03/27/20250327a034a8f4-dd88-5810-bb09-e0901b704fad.pdf,2021-10-28,2026-10-27,https://greenbook.nafdac.gov.ng/products/details/295,2026-09-27T21:22:20.085187+00:00,815
greenbook,4725,Avstat 20 mg Tablets##,Atorvastatin (Atorvastatin Calcium),Fidson Healthcare PLC,Drugs,Tablet,20 mg,3 x 10&#039;s (in Alu-Alu blisters),B4-1261,Active,"Tablet
White to off white, round, biconvex, film coated tablet, deboss with &quot;AT20&quot; on one side and plain on the side of each tablet

3	RNW-PP-260177	AVSTAT 20MG TABLETS	ATORVASTATIN 20MG	Atorvastatin Calcium Trihydrate BP Eq. to Atorvastatin………….20 mg Excipient …………………… q.s. Microcrystalline cellulose Lactose DC Maize starch Croscarmellose Sodium Purified Talc Magnesium Stearate HPMC E 15 Diethyl Phthalate Titanium Dioxide Isopropyl Alcohol Methylene Chloride	B4-1261	Drugs	Imported Products	3X10	Prescription Only Medicine (POM)	4/7/2022	FIDSON HEALTHCARE PLC, IKORODU ROAD, OBANIKORO LAGOS LAGOS	8023067964	nmakaokolo@yahoo.com	V.S INTERNATIONAL PVT. LTD., PLOT NO 17 &amp; 18 GOLDEN INDUSTRIAL ESTATE, SOMNATH ROAD, DABHEL, India","Each film coated tablet contains: Atorvastatin Calcium Trihydrate BP Eq. to Atorvastatin 20 mg
Excipients q.s.",Oral,C10AA05,https://admin.greenbook.nafdac.gov.ng/uploadImage/smpc_files/2023/08/23/202308231d0b6dd8-0e79-56fd-864f-dc9f7d1145da.pdf,2023-07-06,2028-07-05,https://greenbook.nafdac.gov.ng/products/details/4725,2026-09-27T21:22:20.085187+00:00,816
greenbook,2916,Axacef 250 mg Tablet##,Cefuroxime (Cefuroxime Axetil),Sanofi-Aventis Nigeria Limited,Drugs,Tablet,250 mg,"1 x 10&#039;s, 1 x 14&#039;s (in Alu blisters)",04-5980,Inactive,"Tablet
White colored, oval shaped, biconvex, film coated tablet with &quot;Axacef/250&quot; debossed on one side and a break line on other side","Each tablet contains: Cefuroxime (as Cefuroxime Axetil) 250 mg
Excipients q.s.",Oral,J01DC02,https://admin.greenbook.nafdac.gov.ng/uploadImage/smpc_files/2023/05/27/202305278129d44e-9c31-57fc-b8a7-55b16243d879.pdf,2021-03-01,2026-02-28,https://greenbook.nafdac.gov.ng/products/details/2916,2026-09-27T21:22:20.085187+00:00,817
greenbook,7846,Axacef 500 mg Tablets**,Cefuroxime (Cefuroxime Axetil),Sanofi-Aventis Nigeria Limited,Drugs,Tablet,500 mg,1 x 10&#039;s (in blister),04-6027,Inactive,Tablet,Each tablet contains: Cefuroxime Axetil equiv. to Cefuroxime 500 mg,Oral,,https://admin.greenbook.nafdac.gov.ng/uploadImage/smpc_files/2025/05/23/2025052392e7d3f5-e82c-51a5-b043-e5f7f4e2d21c.pdf,2021-01-28,2026-01-27,https://greenbook.nafdac.gov.ng/products/details/7846,2026-09-27T21:22:20.085187+00:00,818
greenbook,2620,Axaclucin 228.5 Powder for Oral Suspension##,Amoxicillin (Amoxicillin Trihydrate); Clavulanic Acid (Potassium Clavulanate),Effinia Health Pharmaceuticals Co. Ltd,Drugs,Powder for suspension,200 mg/5 mL; 28.5 mg/5 mL,,C4-1408,Inactive,Powder for Reconstitution,"Each 5 mL suspension contains: Amoxicillin Trihydrate equivalent to Amoxicillin 200 mg, Potassium Clavulanate equivalent to Clavulanic Acid 28.5 mg",Oral,J01CR02,,2020-12-21,2025-12-20,https://greenbook.nafdac.gov.ng/products/details/2620,2026-09-27T21:22:20.085187+00:00,819
greenbook,3039,Axaclucin 625 Tablet##,Amoxicillin (Amoxicillin Trihydrate); Clavulanic Acid (Potassium Clavulanate),Effinia Health Pharmaceuticals Co. Ltd,Drugs,Tablet,500 mg; 125 mg,,C4-1407,Inactive,Tablet,"Each tablet contains: Amoxicillin Trihydrate equivalent to Amoxicillin 500 mg, Potassium Clavulanate equivalent to Clavulanic Acid 125 mg",Oral,J01CR02,,2020-12-21,2025-12-20,https://greenbook.nafdac.gov.ng/products/details/3039,2026-09-27T21:22:20.085187+00:00,820
greenbook,6116,Axaderm KCN Cream**,Clobetasol; Ketoconazole; Neomycin,Chevnor Pharmaceutical Company Limited,Drugs,Cream,0.25 mg/g; 10 mg/g; 5000 IU/g,30 g,A4-100379,Active,Topical cream,"Each g of cream contains: Ketoconazole BP 10.00 mg, Clobetasol Propionate USP 0.25 mg, and Neomycin Sulfate USP 5000 IU",Topical,D07CD01,,2023-04-26,2028-04-25,https://greenbook.nafdac.gov.ng/products/details/6116,2026-09-27T21:22:20.085187+00:00,821
greenbook,32,Axcel Cefuroxime-250 Capsule##,Cefuroxime (Cefuroxime Axetil),Dortemag Ventures Limited,Drugs,Capsule,250 mg,1 x 10&#039;s (in Alu blisters),A4-2996,Active,Capsule,"Each capsule contains: Cefuroxime Axetil equivalent to Cefuroxime 250 mg
Excipients q.s.
",Oral,J01DC02,https://admin.greenbook.nafdac.gov.ng/uploadImage/smpc_files/2025/01/23/20250123cd7823f3-5d1d-5418-912a-f7417182e0a1.pdf,2021-12-02,2026-12-01,https://greenbook.nafdac.gov.ng/products/details/32,2026-09-27T21:22:20.085187+00:00,822
greenbook,590,Axcel Cephalexin-250 Capsule##,Cefalexin,Dortemag Ventures Limited,Drugs,Capsule,250 mg,10 x 10&#039;s (in Alu blisters),A4-3073,Active,"Capsule
Pink, ruby red hard gelatin capsule, size &quot;2&quot;","Each capsule contains: Cefalexin Monohydrate equivalent to Cefalexin 250 mg
Excipients q.s.",Oral,J01DB01,https://admin.greenbook.nafdac.gov.ng/uploadImage/smpc_files/2025/01/23/202501237a8af5af-a3ac-58cd-acd4-696b57aa6079.pdf,2021-12-02,2026-12-01,https://greenbook.nafdac.gov.ng/products/details/590,2026-09-27T21:22:20.085187+00:00,823
greenbook,33,Axcel Cephalexin-500 Capsule##,Cefalexin,Dortemag Ventures Limited,Drugs,Capsule,500 mg,10 x 10&#039;s (in PVC-Alu blisters),A4-3050,Active,"Capsule
Pink/purple hard gelatin capsule, size &quot;0&quot;","Each capsule contains: Cefalexin 500 mg
Excipients q.s.",Oral,J01DB01,https://admin.greenbook.nafdac.gov.ng/uploadImage/smpc_files/2025/01/23/20250123ad1407e5-f1e8-58b0-9838-b7ef51fdf192.pdf,2021-12-02,2026-12-01,https://greenbook.nafdac.gov.ng/products/details/33,2026-09-27T21:22:20.085187+00:00,824
greenbook,7189,Axcel Cetirizine Syrup##,Cetirizine (Cetirizine Hydrochloride),Dortemag Ventures Limited,Drugs,Syrup,0.1 mg,"60 mL,100 mL (in PET bottle)",B4-8515,Active,"Syrup

77	RNW-PP-323452	AXCEL CETIRIZINE SYRUP	CETIRIZINE	CETIRIZINE DIHYDROCHLORIDE-0.1W/V SODIUM CITRATE-0.155W/V SODIUM SACCHARIN-0.2W/V METHYLPARABEN-0.1W/V PROPYLENE GLYCOL-1.0W/V SORBITOL-5.0W/V GLYCERIN 4.0 W/V REFINED SUGAR-50.0 W/V BANANA FLAVOUR-0.3W/V PURIFIED WATER Q.S. -39.145	B4-8515	Drugs	Imported Products	60ML,100ML	Prescription Only Medicine (POM)	3/30/2023	DORTEMAG VENTURES LTD, 3819 TITILAYO ADEDOYIN STREET, OMOLE ESTATE, OJODU	KOTRA PHARMA, KOTRA PHARMA (M) SDN. BHD. NO. 1, 2 &amp; 3, JALAN TTC 12, CHENG INDUSTRIAL ESTATE, 75250 MELAKA, MALAYSIA , Malaysia","Each 5 mL contains; Cetirizine Dihydrochloride 5 mg
Excipients: Sodium Citrate, Sodium Saccharin, Methylparaben, Propylene Glycol, Sorbitol, Glycerin, Refined Sugar, Banana Flavor and Purified Water",Oral,S01GX12,https://admin.greenbook.nafdac.gov.ng/uploadImage/smpc_files/2024/11/28/202411285eaee5fe-bf58-5ff2-b14c-5dd120e84701.pdf,2024-03-27,2029-03-26,https://greenbook.nafdac.gov.ng/products/details/7189,2026-09-27T21:22:20.085187+00:00,825
greenbook,7133,Axerem 500 Tablets##,Azithromycin (Azithromycin Dihydrate),Dony-Triumph and Company Nigeria Limited,Drugs,Film coated tablet,500 mg,10 x 1 x 10&#039;s (in Alu-Alu blisters),A4-4136,Active,"Tablet
Yellow colored, elongated, biconvex, film coated tablets, having a break line on one side of each tablet

32	CMS-PP-389484	AXEREM 500 TABLETS	AZITHROMYCIN USP 500MG	ACH FILM COATED TABLET CONTAINS: AZITHROMYCIN (DIHYDRATE) USP EQUIVALENT TO ANHYDROUS AZITHROMYCIN (500 MG) APPROVED COLOUR USED.EXCIPIENT SODIUM LAURYL SULPHATE. DIBASIC CALCIUM PHOSPHATE ,MAIZE STARCH0.30 6. ISOPROPYL ALCOHOL BP LUBRICANTS ,PURIFIED TALC BP , MAGNESIUM STEARATE BP . SODIUM LAURYL SULPHATE BP , SODIUM STARCH GLYCOLATE BP. CROS CARMELLOSE SODIUM	A4-4136	Drugs	Imported Products	1X10	Prescription Only Medicine (POM)	11/22/2023	DONY-TRIUMPH AND COMPANY NIGERIA LIMITED, I/I J POND STREET,HOUSING ESTATE FEGGE ONITSHA ANAMBRA STATE	80868969	donytrump15@yahoo.com	MEDICO REMEDIES PVT LIMITED, PLOT N0. 8 &amp; 9 DEWAN &amp; SONS UDYOG NAGAR, LOKMANYA NAGAR, PALGHAR, DIST. THANE, INDIA., India","Each film coated tablet contains: Azithromycin (Dihydrate) USP Equivalent to Anhydrous Azithromycin 500 mg
Excipients q.s.",Oral,J01FA10,https://admin.greenbook.nafdac.gov.ng/uploadImage/smpc_files/2024/03/24/20240324bbd4ee64-4bd3-5f5e-80f1-98b4f99841c3.pdf,2024-02-28,2029-02-27,https://greenbook.nafdac.gov.ng/products/details/7133,2026-09-27T21:22:20.085187+00:00,826
greenbook,259,Axerem Suspension##,Azithromycin (Azithromycin Dihydrate),Dony-Triumph and Company Nigeria Limited,Drugs,Suspension,200 mg/5 mL,1 x 20 mL (in HDPE bottle),B4-4525,Inactive,"Powder for Oral Suspension
","Each 5 mL of reconstituted suspension contains: Azithromycin Dihydrate USP equivalent to Azithromycin base 200 mg, Flavored Base q.s.
Excipients q.s.
",Oral,J01FA10,https://admin.greenbook.nafdac.gov.ng/uploadImage/smpc_files/2023/05/28/20230528c107dbfb-928a-540c-8a28-a26c301c8e98.pdf,2021-06-24,2026-06-23,https://greenbook.nafdac.gov.ng/products/details/259,2026-09-27T21:22:20.085187+00:00,827
greenbook,3917,Axerem Tablets 250 mg##,Azithromycin (Azithromycin Dihydrate),Dony-Triumph and Company Nigeria Limited,Drugs,Tablet,250 mg,1 x 10&#039;s (in Alu-Alu blisters),A4-4179,Inactive,"Tablet
Yellow colored, elongated, biconvex, film coated tablets, having a break line on one side of each tablet
","Each tablet contains: Azithromycin Dihydrate USP equivalent to Anhydrous Azithromycin 250 mg
Excipients q.s.
Approved color used
",Oral,J01FA10,https://admin.greenbook.nafdac.gov.ng/uploadImage/smpc_files/2024/11/28/2024112804bdd7c6-35d1-5dd1-8216-77e1f17447f4.pdf,2021-03-29,2026-03-28,https://greenbook.nafdac.gov.ng/products/details/3917,2026-09-27T21:22:20.085187+00:00,828
greenbook,3918,Axerem Tablets 500 mg##,Azithromycin (Azithromycin Dihydrate),Dony-Triumph and Company Nigeria Limited,Drugs,Tablet,500 mg,1 x 10&#039;s (in Alu-Alu blister),A4-4136,Inactive,"Tablet
Pink color, oblong biconvex shape and film coated tablet. One side smooth and other side scored
","Each film coated tablet contains: Azithromycin Dihydrate USP equivalent to Anhydrous Azithromycin 500 mg
Excipients q.s.",Oral,J01FA10,https://admin.greenbook.nafdac.gov.ng/uploadImage/smpc_files/2023/05/27/20230527744708d8-7073-5125-98aa-08f9b110ebf6.pdf,2021-03-29,2026-03-28,https://greenbook.nafdac.gov.ng/products/details/3918,2026-09-27T21:22:20.085187+00:00,829
greenbook,7848,Axitin Tablet 1000 mg**,Amoxicillin (Amoxicillin Trihydrate); Clavulanic Acid (Potassium Clavulanate),Clarion Medicals Limited,Drugs,Tablet,875 mg; 125 mg,1 x 10&#039;s (in blister),A4-3691,Inactive,Tablet,"Each tablet contains: Amoxicillin (as Amoxicillin Trihydrate) 875 mg, and Clavulanic acid (as Potassium Clavulanate) 125 mg",Oral,,https://admin.greenbook.nafdac.gov.ng/uploadImage/smpc_files/2025/01/27/20250127d71e3db3-1ad3-5b9e-acaf-3f8b8fcd21c9.pdf,2021-01-28,2026-01-27,https://greenbook.nafdac.gov.ng/products/details/7848,2026-09-27T21:22:20.085187+00:00,830
greenbook,11695,Axobact Cream_,Betamethasone; Clotrimazole; Neomycin sulfate,Axiom Drugs Ltd,Drugs,Cream,1%; 0.05%; 0.5%,1 x 30 g (in Lami tube),A4-101520,Active,"Cream.
White to off-white color semi-solid cream","Each gram contains: Clotrimazole USP 1.0 % w/w, Betamethasone Dipropionate equiv. to Betamethasone USP 0.05 % w/w, Neomycin Sulphate USP 0.5 % w/w, and Chlorocresol USP-NF 0.1 % w/w (as preservative)
Excipients q.s.",Topical,D07CC01,https://admin.greenbook.nafdac.gov.ng/uploadImage/smpc_files/2025/11/12/20251112faa27050-6a5e-5f19-a386-32df0a58b858.pdf,2025-09-24,2030-09-23,https://greenbook.nafdac.gov.ng/products/details/11695,2026-09-27T21:22:20.085187+00:00,831
greenbook,8950,Axone 1000 Injection**,Ceftriaxone (Ceftriaxone Sodium),Interpharma Industries Limited,Drugs,Powder for injection,1000 mg,1 g x 1&#039;s (in vial),04-3684,Active,Powder for solution for injection in a vial,Each vial contains: Ceftriaxone Sodium equiv. to Ceftriaxone 1 g,Intravenous; Intramuscular,J01DD04,,2021-09-28,2026-09-27,https://greenbook.nafdac.gov.ng/products/details/8950,2026-09-27T21:22:20.085187+00:00,832
greenbook,7849,Axzol Tablets**,Trihexyphenidyl Hydrochloride (Benzhexol Hydrochloride),Phinifarms Pharmaceutical Limited,Drugs,Tablet,5 mg,1 x 500&#039;s (in a jar),B4-0153,Active,"Uncoated tablet.
White coloured round shaped flat uncoated tablet with mark “AXZOL-5” on one side and plain on other side","Benzhexol Tablets BP 5 mg.
Each uncoated tablet contains: Benzhexol Hydrochloride BP 5 mg, Excipients Q.S.",Oral,P01BF,https://admin.greenbook.nafdac.gov.ng/uploadImage/smpc_files/2024/09/12/2024091260971ad2-6659-51e3-80ec-a7a3b7bc8ed0.pdf,2024-08-28,2029-08-27,https://greenbook.nafdac.gov.ng/products/details/7849,2026-09-27T21:22:20.085187+00:00,833
greenbook,4286,Ayrtons Castor Oil##,Castor oil,Mofus Nigeria Ltd,Drugs,Liquid,100%,,B4-1365,Inactive,Liquid,Ayrtons Castor Oil contains: Castor Oil 100%,Oral,A06AB05,,2020-11-30,2025-11-29,https://greenbook.nafdac.gov.ng/products/details/4286,2026-09-27T21:22:20.085187+00:00,834
greenbook,4287,Ayrtons Syrup of Haemoglobin with Vitamin B12##,Vitamin B12; Haemoglobin,Mofus Nigeria Ltd,Drugs,Liquid,20 mcg/5 mL; 500 mg/5 mL,,04-7309,Inactive,Liquid,"Each 5 mL contains: Vitamin B12 20 mcg, Haemoglobin 500 mg",Oral,B03BA51,,2020-11-10,2025-11-09,https://greenbook.nafdac.gov.ng/products/details/4287,2026-09-27T21:22:20.085187+00:00,835
greenbook,475,"Azarga 10 mg/mL + 5 mg/mL Eye Drops, Suspension**",Brinzolamide; Timolol (Timolol Maleate),Novartis Nigeria Limited,Drugs,Suspension/Drops,1%; 0.5%,1 x 5 mL (in LDPE bottle),B4-5549,Inactive,"Eye drops, Suspension","One mL of the eye drop suspension contains: Brinzolamide 10 mg, Timolol Maleate 6.8 mg equivalent to Timolol 5 mg, Excipients q.s.
Excipient with known effect (per 1 mL): Benzalkonium Chloride 0.1 mg
",Ophthalmic,S01ED51,https://admin.greenbook.nafdac.gov.ng/uploadImage/smpc_files/2024/11/19/20241119d93f8091-8f20-58c8-a5eb-06c3c00b96a3.pdf,2021-06-24,2026-06-23,https://greenbook.nafdac.gov.ng/products/details/475,2026-09-27T21:22:20.085187+00:00,836
greenbook,12396,Azegnar 100 Tablets_,Losartan Potassium,ZMC International Limited,Drugs,Tablet,100 mg,2 x 14&#039;s (in Alu-PVC blisters),A4-100995,Active,"Tablet.
White-colored, round-shaped, biconvex, film-coated tablets with embossed &quot;SLPL&quot; on one side &amp; plain on the other side",Each tablet contains: Losartan Potassium USP 100 mg,Oral,C09CA01,https://admin.greenbook.nafdac.gov.ng/uploadImage/smpc_files/2025/12/17/202512179831f588-b662-572c-9746-d1f71436eccd.pdf,2025-11-26,2030-11-25,https://greenbook.nafdac.gov.ng/products/details/12396,2026-09-27T21:22:20.085187+00:00,837
greenbook,12397,Azegnar 50 Tablets_,Losartan Potassium,ZMC International Limited,Drugs,Tablet,100 mg,2 x 14&#039;s (in Alu-PVC blisters),A4-100981,Active,Tablet,Each tablet contains: Losartan Potassium USP 100 mg,Oral,C09CA01,https://admin.greenbook.nafdac.gov.ng/uploadImage/smpc_files/2025/12/17/20251217369b904f-101e-5c50-9719-ec8ab913cfc8.pdf,2025-11-26,2030-11-25,https://greenbook.nafdac.gov.ng/products/details/12397,2026-09-27T21:22:20.085187+00:00,838
greenbook,3006,Azen Tablets##,Albendazole,Astranad Pharmaceuticals and Chemical Company Limited,Drugs,Tablet,200 mg,,B4-0205,Inactive,Tablet,"Each tablet contains: Albendazole 200 mg
Excipients q.s.",Oral,P02CA03,,2020-11-10,2025-11-09,https://greenbook.nafdac.gov.ng/products/details/3006,2026-09-27T21:22:20.085187+00:00,839
greenbook,7851,Azether α-β Arteether Injection**,α-β Arteether,Eutrix Pharmaceuticals Limited,Drugs,Solution for injection,150 mg/2 mL,2 mL x 3&#039;s (in amber glass ampoules),A4-6653,Inactive,Oily solution for injection in 2-mL ampoule,,Intramuscular,P01BE,,2021-05-07,2026-05-06,https://greenbook.nafdac.gov.ng/products/details/7851,2026-09-27T21:22:20.085187+00:00,840
greenbook,8517,Azglo Tablets**,Azithromycin (Azithromycin Dihydrate),Global Organics Ltd,Drugs,Tablet,500 mg,1 x 10&#039;s (in blister),B4-0387,Inactive,Tablet,Azithromycin USP 500 mg,Oral,,https://admin.greenbook.nafdac.gov.ng/uploadImage/smpc_files/2025/03/27/20250327c3138b89-3af4-57b9-921d-2b8d13240943.pdf,2021-08-26,2026-08-25,https://greenbook.nafdac.gov.ng/products/details/8517,2026-09-27T21:22:20.085187+00:00,841
greenbook,12136,Azglo Tablet_,Azithromycin (Azithromycin Dihydrate),Global Organics Ltd,Drugs,Tablet,500 mg,1 x 10&#039;s (in Alu-Alu blister),B4-0387,Active,Tablet,"Each film-coated tablets contains: Azithromycin Dihydrate USP equiv. to anhydrous Azithromycin 500 mg
Excipients q.s.",Oral,J01FA10,https://admin.greenbook.nafdac.gov.ng/uploadImage/smpc_files/2025/11/28/2025112806753ed3-87a6-5787-b7c0-92f1500a991c.pdf,2025-09-24,2030-09-23,https://greenbook.nafdac.gov.ng/products/details/12136,2026-09-27T21:22:20.085187+00:00,842
greenbook,11696,Aziemal 20/120 Tablets_,Artemether; Lumefantrine,Aziel Global Resources Limited,Drugs,Tablet,20 mg; 120 mg,1 x 24&#039;s (in Alu-PVC blister),A4-101523,Active,Tablet,"Each tablet contains: Artemether PhI 20 mg, and Lumefantrine PhI 120 mg
Excipients q.s.",Oral,P01BF01,https://admin.greenbook.nafdac.gov.ng/uploadImage/smpc_files/2025/11/12/20251112a9c8f949-8363-5b17-b77d-f14167acbc7d.pdf,2025-09-24,2030-09-23,https://greenbook.nafdac.gov.ng/products/details/11696,2026-09-27T21:22:20.085187+00:00,843
greenbook,11697,Aziemal Forte 80/480 Tablets_,Artemether; Lumefantrine,Aziel Global Resources Limited,Drugs,Tablet,80 mg; 480 mg,1 x 6&#039;s (in Alu-PVC blister),A4-101524,Active,"Tablet
","Each film-coated tablet: Artemether PhI 80 mg, and Lumefantrine PhI 480 mg
Excipients q.s.",Oral,P01BF01,https://admin.greenbook.nafdac.gov.ng/uploadImage/smpc_files/2025/11/12/202511125e0dbbf1-35e7-5525-b002-d2b4d1d2e24e.pdf,2025-09-24,2030-09-23,https://greenbook.nafdac.gov.ng/products/details/11697,2026-09-27T21:22:20.085187+00:00,844
greenbook,7852,Azigraf-500 Tablets**,Azithromycin (Azithromycin Dihydrate),Onifam Laboratories Limited,Drugs,Tablet,500 mg,1 x 10&#039;s (in blister),B4-5631,Inactive,Tablet,Each tablet contains: Azithromycin Dihydrate BP equiv. to Azithromycin 500 mg,Oral,,,2021-01-28,2026-01-27,https://greenbook.nafdac.gov.ng/products/details/7852,2026-09-27T21:22:20.085187+00:00,845
greenbook,2893,Azilide 200 Oral Suspension##,Azithromycin (Azithromycin Dihydrate),Geneith Pharmaceuticals Limited,Drugs,Suspension,200 mg/5 mL,,A4-2018,Inactive,Suspension,Each 5 mL contains: Azithromycin Dihydrate equivalent to Azithromycin 200 mg,Oral,J01FA10,,2020-12-21,2025-12-20,https://greenbook.nafdac.gov.ng/products/details/2893,2026-09-27T21:22:20.085187+00:00,846
greenbook,7853,Azilide 500 Tablets**,Azithromycin (Azithromycin Dihydrate),Geneith Pharmaceuticals Limited,Drugs,Tablet,500 mg,1 x 6&#039;s (in Alu/Alu foil blister),B4-2306,Active,"Film coated tablet.
White, elongated, biconvex, film coated tablet having breakline on one side &amp; plain on other side of each tablet","Azithromycin Tablets USP 500 mg.
Each film coated tablet contains: Azithromycin Dihydrate USP equiv. to Azithromycin Anhydrous 500 mg, Excipients Q.S.",Oral,J01FA1,https://admin.greenbook.nafdac.gov.ng/uploadImage/smpc_files/2024/09/17/20240917d0efca47-e0d6-5266-8e2f-a499bae14591.pdf,2024-08-28,2029-08-27,https://greenbook.nafdac.gov.ng/products/details/7853,2026-09-27T21:22:20.085187+00:00,847
greenbook,2894,Azilide 500 Tablets** (duplicate),Azithromycin (Azithromycin Dihydrate),Geneith Pharmaceuticals Limited,Drugs,Tablet,500 mg,,B4-2306,Inactive,,,Oral,J01FA10,,2020-12-21,2025-12-20,https://greenbook.nafdac.gov.ng/products/details/2894,2026-09-27T21:22:20.085187+00:00,848
greenbook,2895,Azimore Tablets 500 mg##,Azithromycin (Azithromycin Dihydrate),Jonco Pharmaceutical Company Ltd,Drugs,Tablet,500 mg,,C4-1324,Inactive,Tablet,Each tablet contains: Azithromycin Dihydrate equivalent to Azithromycin 500 mg,Oral,J01FA10,,2020-11-30,2025-11-29,https://greenbook.nafdac.gov.ng/products/details/2895,2026-09-27T21:22:20.085187+00:00,849
greenbook,7854,Azines 500 Tablets**,Azithromycin (Azithromycin Dihydrate),Bazreal Global Limited,Drugs,Tablet,500 mg,5 x1 x 3&#039;s (in blisters),A4-7241,Active,Film-coated tablet,"Azithromycin Tablets USP 500 mg.
Each film-coated tablet contains: Azithromycin (as dihydrate) 500 mg",Oral,J01FA10,https://admin.greenbook.nafdac.gov.ng/uploadImage/smpc_files/2024/09/17/20240917bb785787-819a-54d6-ba2f-2268e7a98461.pdf,2024-08-28,2029-08-27,https://greenbook.nafdac.gov.ng/products/details/7854,2026-09-27T21:22:20.085187+00:00,850
greenbook,943,Azinest Tablet##,Azithromycin (Azithromycin Dihydrate),Zadip Pharma Nig  Ltd,Drugs,Tablet,500 mg,,B4-5070,Inactive,Tablet,Each tablet contains: Azithromycin BP 500 mg,Oral,J01FA10,,2021-05-07,2026-05-06,https://greenbook.nafdac.gov.ng/products/details/943,2026-09-27T21:22:20.085187+00:00,851
greenbook,4727,Azisure Oral Suspension##,Azithromycin (Azithromycin Dihydrate),Exagon Pharmaceuticals Limited,Drugs,Suspension,200 mg/5 mL,1 x 15 mL,B4-5713,Active,"Oral suspension
White to off white granular powder suspension with orange flavor

186	RNW-PP-166948	AZISURE ORAL SUSPENSION	AZITHROMYCIN USP 200MG/5ML	AZITHROMYCIN 200MG/5ML	B4-5713	Drugs	Imported Products	1x15ml	POM 1	10/4/2020	EXAGON PHARMACEUTICALS LIMITED, SUITE NO. 502, MKK PLAZA, ODUMEGWU OJUKWU STREET, OFF ABDUSALAM ABUBAKAR WAY GUDU DIST; FCT ABUJA NIGERIA	8060786272	exagonpharmaltd@gmail.com	BRUSSELS LABORATORIES PVT LIMITED, 33, CHANGODUR INDUSTRIAL ESTATE, SARKHEJ BARKA ROAD,CHANGODAR,AHEMADABAD GUJARAT, INDIA, India","Each 5 mL (after reconstitution) contains: Azithromycin Dihydrate USP equivalent to Azithromycin Base 200 mg, Flavored Syrup Base q.s.",Oral,J01FA10,https://admin.greenbook.nafdac.gov.ng/uploadImage/smpc_files/2023/08/23/20230823ed0b4155-f0d7-5d94-80f7-63bedc2b5558.pdf,2023-07-06,2028-07-05,https://greenbook.nafdac.gov.ng/products/details/4727,2026-09-27T21:22:20.085187+00:00,852
greenbook,12398,Azisure Tablets 500_,Azithromycin,Exagon Pharmaceuticals Limited,Drugs,Tablet,500 mg,"1 x 3&#039;s, 1 x 10&#039;s (in Alu-Alu blisters)",B4-5230,Active,"Tablet.
White-colored, capsule-shaped, film-coated tablets with a break line on one side and plain on the other side","Each tablet contains: Azithromycin Dihydrate USP equiv. to Azithromycin base 500 mg
Excipients q.s.",Oral,J01FA10,https://admin.greenbook.nafdac.gov.ng/uploadImage/smpc_files/2025/12/17/20251217cd2a366a-0292-5e66-adf9-3b1a1b844744.pdf,2025-11-26,2030-11-25,https://greenbook.nafdac.gov.ng/products/details/12398,2026-09-27T21:22:20.085187+00:00,853
greenbook,12399,Azith-500 Tablets_,Azithromycin,Harvad Pharmaceutical Company Ltd,Drugs,Tablet,500 mg,1 x 3&#039;s (in Alu-Alu blister),A4-2236,Active,"Tablet
","Each film-coated tablet contains: Azithromycin Dihydrate USP equiv. to Azithromycin (Anhydrous) 500 mg
Excipients q.s.",Oral,J01FA10,https://admin.greenbook.nafdac.gov.ng/uploadImage/smpc_files/2026/01/06/2026010686080d8f-9c3d-55b9-99e8-7525c5181fa6.pdf,2025-11-26,2030-11-25,https://greenbook.nafdac.gov.ng/products/details/12399,2026-09-27T21:22:20.085187+00:00,854
greenbook,10054,Azith-500 Tablets_,Azithromycin (Azithromycin Dihydrate),Harvad Pharmaceutical Company Ltd,Drugs,Tablet,500 mg,1 x 3&#039;s (in Alu-Alu blister),A4-2236,Active,Film-coated tablet,"Each film-coated tablet contains: Azithromycin Dihydrate USP equiv. to  Azithromycin Anhydrous 500 mg
Excipients q.s",Oral,J01FA10,https://admin.greenbook.nafdac.gov.ng/uploadImage/smpc_files/2025/05/27/20250527bc7725b6-9692-5efe-8184-f68b62771255.pdf,2025-03-27,2030-03-26,https://greenbook.nafdac.gov.ng/products/details/10054,2026-09-27T21:22:20.085187+00:00,855
greenbook,2896,Azithrex-500 Capsule##,Azithromycin (Azithromycin Dihydrate),Embassy Pharmaceutical and Chemicals Limited,Drugs,Capsule,500 mg,,A4-7424,Inactive,Capsule,"Each capsule contains: Azithromycin Dihydrate equivalent to Azithromycin 500 mg
Excipients q.s.",Oral,J01FA10,,2020-11-10,2025-11-09,https://greenbook.nafdac.gov.ng/products/details/2896,2026-09-27T21:22:20.085187+00:00,856
greenbook,4728,Azithromycin 250 mg Capsules##,Azithromycin (Azithromycin Monohydrate),Pharmadeal Nigeria Limited,Drugs,Capsule,250 mg,1 x 10&#039;s (in Alu-PVC blisters),B4-7131,Active,"Capsule
White, hard gelatin capsules marked &quot;Pfizer&quot; and &quot;ZTM 250&quot;

43	RNW-PP-263777	Azithromycin 250mg Capsules	AZITHROMYCIN 250	Azithromycin, Lactose, Sodium lauryl sulphate, Purified talc, Magnesium stearate &amp; Gelatin capsule shell	B4-7131	Drugs	Imported Products	1 x 10 Pack	Prescription Only Medicine (POM)	5/26/2022	PHARMADEAL NIGERIA LIMITED, 1A Oyewole Oshodi street, Ilupeju.	8038510048	ccnwabisi2010@yahoo.com	Beximco Pharmaceutical Ltd, 126, Kathaldia, Auchpara, Tongi, Gazipur, Bangladesh, Bangladesh","Each capsule contains Azithromycin Dihydrate 262.00 mg equivalent to Azithromycin 250 mg base
Excipients with known effect (per capsule): Lactose Anhydrous, Sulfur Dioxide",Oral,J01FA10,https://admin.greenbook.nafdac.gov.ng/uploadImage/smpc_files/2023/08/23/20230823323e96d3-35d3-50d1-8619-46c09f09f707.pdf,2023-07-06,2028-07-05,https://greenbook.nafdac.gov.ng/products/details/4728,2026-09-27T21:22:20.085187+00:00,857
greenbook,4997,Azithromycin 250 mg Film-Coated Tablets##,Azithromycin (Azithromycin Dihydrate),World Wide Commercial Ventures Ltd,Drugs,Film coated tablet,250 mg,"1 x 2&#039;s,1x 4&#039;s, 1 x 6&#039;s, 1 x 10&#039;s (in PVC-Alu blister)",A4-100477,Active,"Film Coated tablet
White, oblong, biconvex film-coated tablet with imprint “AI 250” on one side

83	NF-PP-177973	AZITHROMYCIN 250MG FILM-COATED TABLETS	AZITHROMYCIN	AZITHROMYCIN 250MG, CALCIUM HYDROGEN PHOSPHATE 46.945MG, HYPROMELLOSE 3MG, MAIZE STARCH 24MG, PREGELATINISED STARCH 20MG, CELLULOSE MICROCRYSTALLINE 16.8MG, SODIUM LAURILSULFATE 1.2MG, MAGNESIUM STEARATE 6MG, HYPROMELLOSE 6.8MG, TITANIUM DIOXIDE E171 1.220MG, POLYSORBATE 80 0.28MG, TALC 5.7MG		Drugs	Imported Products	1*4	WORLD WIDE COMMERCIAL VENTURES LTD, ILUPEJU INDUSTRIAL ESTATE ILUPEJU LAGOS	PLIVA HRVATSKA D.O.O , PLIVA HRVATSKA D.O.O, PRILAZ BARUNA FILIPOVICA 25, ZAGREB, HR-10000, CROATIA, Croatia","Each tablet contains: Azithromycin (as dihydrate) 250 mg
Excipients: Calcium Hydrogen Phosphate 46.945 mg, Hypromellose 3 mg, Maize Starch 24 mg, Pregelatinized Starch 20 mg, Cellulose Microcrystalline 16.8 mg, Sodium Lauryl Sulphate 1.2 mg, Magnesium Stearate 6 mg, Hypromellose 6.8 mg, Titanium Dioxide E171 1.220 mg, Polysorbate 80 0.28 mg, Talc 5.7 mg",Oral,J01FA10,https://admin.greenbook.nafdac.gov.ng/uploadImage/smpc_files/2023/10/04/20231004ad3f10aa-a8e0-5a3c-b051-011de86591f4.pdf,2023-07-27,2028-07-26,https://greenbook.nafdac.gov.ng/products/details/4997,2026-09-27T21:22:20.085187+00:00,858
greenbook,4729,Azithromycin 500 mg Film-Coated Tablets##,Azithromycin (Azithromycin Monohydrate),World Wide Commercial Ventures Ltd,Drugs,Tablet,500 mg,"1 x 2&#039;s, 3&#039;s, 6&#039;s, 30&#039;s (in PVC-Alu blisters)",A4-100419,Active,"Film Coated Tablet
Pale blue, oblong, biconvex film-coated tablet with imprint “AI 500” and score line on one side. The tablet can be divided into equal halves.

125	NF-PP-178753	AZITHROMYCIN 500MG FILM-COATED TABLETS	AZITHROMYCIN	AZITHROMYCIN 500MG, CALCIUM HYDROGEN PHOSPHATE 46.945MG, HYPROMELLOSE 6MG, MAIZE STARCH 48MG, PREGELATINISED STARCH 40MG, CELLULOSE MICROCRYSTALLINE 33.6MG, SODIUM LAURILSULFATE 2.4MG, MAGNESIUM STEARATE 12MG, HYPROMELLOSE 13.6MG, INDIGOTINE LAKE E132 0.4MG, TITANIUM DIOXIDE E171 2.24MG, POLYSORBATE 80 0.56MG, TALC 11.2MG		Drugs	Imported Products	1*3	POM 1	11/30/2020	WORLD WIDE COMMERCIAL VENTURES LTD, ILUPEJU INDUSTRIAL ESTATE ILUPEJU LAGOS	14526126	lucky.ubokor@worldwidehealthcare.com	PLIVA HRVATSKA D.O.O , PLIVA HRVATSKA D.O.O, PRILAZ BARUNA FILIPOVICA 25, ZAGREB, HR-10000, CROATIA, Croatia","Each tablet contains: Azithromycin (as Dihydrate) of 500 mg
Excipients q.s.",Oral,J01FA10,https://admin.greenbook.nafdac.gov.ng/uploadImage/smpc_files/2023/10/04/20231004693d5f83-7d2b-5411-9f0a-89881a5cc419.pdf,2023-07-06,2028-07-05,https://greenbook.nafdac.gov.ng/products/details/4729,2026-09-27T21:22:20.085187+00:00,859
greenbook,11371,Azithromycin 500 mg Tablet**,Azithromycin (Azithromycin Dihydrate),Nectar Healthcare Limited,Drugs,Tablet,500 mg,1 x 3&#039;s (in blister),A4-4348,Active,"Film-coated Tablet.
White coloured caplet shaped, biconvex, film-coated tablet having a breakline on one side","Each film-coated tablet contains: Azithromycin (dihydrate) USP equivalent Azithromycin (anhydrous) 500 mg.

Excipients:
Pre-Gelatinized Starch 15 mg, Croscarmellose Sodium 7 mg, Lactose 81.3 mg, Sodium Methyl Paraben 1.8 mg, Sodium Propyl Paraben 0.9 mg, Povidone K-30 mg, Maize Starch (f/p) 35 mg, Colloidal Silicon Dioxide 4 mg, Magnesium Stearate 7 mg, Kyron T-314 14 mg",Oral,J01FA10,https://admin.greenbook.nafdac.gov.ng/uploadImage/smpc_files/2025/07/28/20250728b76baccb-1568-5a69-b031-88fc02cbba6a.pdf,2025-06-25,2030-06-24,https://greenbook.nafdac.gov.ng/products/details/11371,2026-09-27T21:22:20.085187+00:00,860
greenbook,11111,Azithromycin 500 mg Tablets##,Azithromycin (Azithromycin Dihydrate),Arepharm &amp; Agrovet Ltd,Drugs,Tablet,500 mg,1 x 10&#039;s (in Alu-Alu blister),A4-101277,Active,"Film Coated Tablet
White color, capsule shaped, biconvex, film coated break-line on one side and plain on the other side

","Each tablet contains: Azithromycin Dihydrate equivalent to 500 mg Azithromycin USP Base 500 mg
Excipients q.s.
Color: Approved color used",Oral,J01FA10,https://admin.greenbook.nafdac.gov.ng/uploadImage/smpc_files/2025/05/25/20250525146ff5d3-7268-5ca5-866a-10beffd5e2f6.pdf,2025-04-30,2030-04-29,https://greenbook.nafdac.gov.ng/products/details/11111,2026-09-27T21:22:20.085187+00:00,861
greenbook,6504,Azithromycin 500 mg Tablets##,Azithromycin (Azithromycin Dihydrate),Anyi-Tex Pharmaceuticals Limited,Drugs,Tablet,500 mg,10 x 1 x 10&#039;s (in Alu-Alu pack), B4-7255,Active,"Tablet

74	RNW-PP-276775	AZITHROMYCIN 500MG TABLETS	AZITHROMYCIN USP 500MG	AZITHROMYCIN TABLETS USP 500MG EXCIPIENTS: q.s.	B4-7255	Drugs	Imported Products	10x1x10TAB ALU ALU	Prescription Only Medicine (POM)	8/6/2022	ANYI-TEX PHARMACEUTICALS LIMITED, ABAZUONU STREET ONITSHA ANAMBRA	9066116994	anyitexpharm@gmail.com	WEST COAST PHARMACEUTICAL WORKS LTD., NO 17 &amp; 16/5 MERDI ESTATE, B/S MELDI MATA TEMPLE, NR. GOTA RAILWAY CROSSING. AT: GOTA, AHMEDABAD - 382 481, GUJARAT, INDIA, India","Each tablet contains: Azithromycin Dihydrate equivalent to Azithromycin 500 mg
Excipients q.s.",Oral,J01FA10,https://admin.greenbook.nafdac.gov.ng/uploadImage/smpc_files/2023/12/18/202312188a016cf6-419b-5d29-847d-8b4bce0008aa.pdf,2023-11-30,2028-11-29,https://greenbook.nafdac.gov.ng/products/details/6504,2026-09-27T21:22:20.085187+00:00,862
greenbook,11417,Azithromycin 500 mg Tablets_,Azithromycin (Azithromycin Dihydrate),Hugo Health Care Limited,Drugs,Tablet,500 mg,10 x 1 x 10&#039;s (in blisters),A4-101406,Active,"Tablet.
White-color, capsule-shaped, film-coated tablets having break line on one side and plain on the other side","Each tablet contains: Azithromycin Dihydrate equiv. to Azithromycin 500 mg
Excipients q.s.",Oral,J01FA10,https://admin.greenbook.nafdac.gov.ng/uploadImage/smpc_files/2025/08/14/20250814e9735da5-3b89-508e-b771-d6c12452aa30.pdf,2025-07-30,2030-07-29,https://greenbook.nafdac.gov.ng/products/details/11417,2026-09-27T21:22:20.085187+00:00,863
greenbook,10055,Azithromycin 500 mg Tablet_,Azithromycin (Azithromycin Dihydrate),Evans Therapeutics Limited,Drugs,Tablet,500 mg,1 x 3&#039;s (in Alu-PVC blister),A4-101192,Active,Oral Tablets,"Each film-coated tablet contains: Azithromycin Dihydrate USP equiv. to Anhydrous Azithromycin 500 mg
Excipients q.s.",Oral,J01FA10,https://admin.greenbook.nafdac.gov.ng/uploadImage/smpc_files/2025/05/11/202505111febfd00-a224-5ceb-8c31-9134b12e5a5d.pdf,2025-02-28,2030-02-27,https://greenbook.nafdac.gov.ng/products/details/10055,2026-09-27T21:22:20.085187+00:00,864
greenbook,12137,Azithromycin 500 mg_,Azithromycin (Azithromycin Dihydrate),City of Glory Limited,Drugs,Tablet,500 mg,1 x 10&#039;s (in PVC-Alu blister),A4-101185,Active,Tablet,"Each tablet contains: Azithromycin Dihydrate USP equiv. to Azithromycin 500 mg
Excipients q.s.",Oral,J01FA10,https://admin.greenbook.nafdac.gov.ng/uploadImage/smpc_files/2025/04/02/2025040202c446c8-0ddf-50ae-8e22-9cd8305a82e3.pdf,2025-12-17,2030-01-29,https://greenbook.nafdac.gov.ng/products/details/12137,2026-09-27T21:22:20.085187+00:00,865
greenbook,6160,Azithromycin Powder for Oral Suspension##,Azithromycin (Azithromycin Dihydrate),BG Pharma &amp; Healthcare Limited,Drugs,Powder for suspension,200 mg/5 mL,1 x 30 mL (in HDPE bottle),B4-7253,Active,"Oral suspension

49	CMS-PP-340336	AZITHROMYCIN POWDER FOR ORAL SUSPENSION	AZITHROMYCIN 200MG/5ML	EACH 5ML RECONSTITUTED SUSPENSION CONTAINS AZITHROMYCIN DIHYDRATE USP EQ TO AZITHROMYCIN 200MG Excipients arabic gum, artificial aromatic substances, ethyl vanillin,	B4-7253	Drugs	Imported Products	1X30ML	Prescription Only Medicine (POM)	7/8/2023	BG PHARMA &amp; HEALTHCARE LIMITED, DANSVILLE PLAZA, OPP APO LEGISLATIVE QUARTERS, ABUJA FCT FCT	8063803298	stevebg2019@gmail.com	JIANGXI XIER KANGTAI PHARMACEUTICAL CO., LTD, North Zone High-New technology Industrial Zone Pingxiang, Jiangxi china., China","Each 5 mL contains: Azithromycin 200 mg
Excipients q.s.",Oral,J01FA10,https://admin.greenbook.nafdac.gov.ng/uploadImage/smpc_files/2023/10/09/20231009842171f4-5fc7-52e7-8963-60f6af1a524f.pdf,2023-09-28,2028-09-27,https://greenbook.nafdac.gov.ng/products/details/6160,2026-09-27T21:22:20.085187+00:00,866
greenbook,4090,Azithromycin Powder for Oral Suspension##,Azithromycin (Azithromycin Dihydrate),Zolon Healthcare Limited,Drugs,Powder for suspension,200 mg/5 mL,1 x 30 mL (in HDPE bottle),A11-100019,Inactive,"Powder for Oral Suspension
White free flowing powder which on reconstitution becomes white colored suspension having a pleasant flavor","Each 5 mL contains: Azithromycin Dihydrate equivalent to Azithromycin 200 mg
Excipients q.s.",Oral,J01FA10,https://admin.greenbook.nafdac.gov.ng/uploadImage/smpc_files/2024/08/30/202408307a706e7a-bcc1-5d53-949b-e0ab800a56d8.pdf,2021-03-01,2026-02-28,https://greenbook.nafdac.gov.ng/products/details/4090,2026-09-27T21:22:20.085187+00:00,867
greenbook,4730,Azithromycin Powder for Suspension##,Azithromycin (Azithromycin Monohydrate),Pharmadeal Nigeria Limited,Drugs,Powder for suspension,200 mg/5 mL,1 x 15 mL (in amber bottle),B4-7132,Active,"Powder for Oral Suspension

60	RNW-PP-270574	Azithromycin Powder for suspension	AZITHROMYCIN 200MG/5ML	Azithromycin Powder for suspension USP	B4-7132	Drugs	Imported Products	15ml	POM 1	6/24/2022	PHARMADEAL NIGERIA LIMITED, 1A Oyewole Oshodi street, Ilupeju.	8038510048	ccnwabisi2010@yahoo.com	Beximco Pharmaceutical Ltd, 126, Kathaldia, Auchpara, Tongi, Gazipur, Bangladesh, Bangladesh","Each 5 mL contains: Azithromycin Monohydrate equivalent to Azithromycin 200 mg
Excipients q.s.",Oral,J01FA10,https://admin.greenbook.nafdac.gov.ng/uploadImage/smpc_files/2023/08/22/20230822fb43a37b-96d5-5d8d-bb8c-ba9be3867994.pdf,2023-05-25,2028-05-24,https://greenbook.nafdac.gov.ng/products/details/4730,2026-09-27T21:22:20.085187+00:00,868
greenbook,11698,Azithromycin Tablet 500 mg_,Azithromycin,Pharma Aid Ltd,Drugs,Tablet,500 mg,1 x 10&#039;s (in a carton),A4-101453,Active,Film-Coated Tablet,"Each film-coated tablet contains: Azithromycin Dihydrate USP equiv. to Azithromycin (Anhydrous) base 500 mg
Excipients q.s.",Oral,J01FA10,https://admin.greenbook.nafdac.gov.ng/uploadImage/smpc_files/2025/10/07/202510073b59e347-3f4e-5d33-b014-8b55855749f3.pdf,2025-08-27,2030-08-26,https://greenbook.nafdac.gov.ng/products/details/11698,2026-09-27T21:22:20.085187+00:00,869
greenbook,10124,Azithromycin Tablet**,Azithromycin (Azithromycin Dihydrate),PKN Pharmaceuticals Limited,Drugs,Tablet,500 mg,10 x 1 x 10&#039;s (in blisters),C4-1913,Active,Tablet																																																																																																																																																																																																													,Each tablet contains: Azithromycin Dihydrate USP 500 mg,Oral,J01FA10,,2021-10-28,2026-10-27,https://greenbook.nafdac.gov.ng/products/details/10124,2026-09-27T21:22:20.085187+00:00,870
greenbook,7839,Azithromycin Tablet**,Azithromycin (Azithromycin Dihydrate),Onifam Laboratories Limited,Drugs,Tablet,500 mg,1 x 3&#039;s (in blisters),A4-4348,Inactive,Tablet,Azithromycin USP 500 mg,Oral,,,2021-05-07,2026-05-06,https://greenbook.nafdac.gov.ng/products/details/7839,2026-09-27T21:22:20.085187+00:00,871
greenbook,11112,Azithromycin Tablets 500 mg##,Azithromycin (Azithromycin Dihydrate),Figab Golden Fingers Pharma Ltd,Drugs,Tablet,500 mg,1 x 10&#039;s (in a carton),A4-101232,Active,Film Coated Tablet,"Each tablet contains: Azithromycin Dihydrate USP equivalent to Azithromycin Anhydrous Base 500 mg
Excipients q.s.",Oral,J01FA10,https://admin.greenbook.nafdac.gov.ng/uploadImage/smpc_files/2025/05/16/20250516baf4d43f-d261-5b82-82dd-19366f62543c.pdf,2025-04-30,2030-04-29,https://greenbook.nafdac.gov.ng/products/details/11112,2026-09-27T21:22:20.085187+00:00,872
greenbook,11372,Azithromycin Tablets 500 mg**,Azithromycin (Azithromycin Dihydrate),Everliving Pharmacy Ltd,Drugs,Tablet,500 mg,1 x 10&#039;s (in blister),A4-101380,Active,Film-coated Tablet,"Azithromycin Tablets USP 500 mg.
Each film-coated tablet contains: Azithromycin Dihydrate USP equiv. to Azithromycin Anhydrous 500 mg

Excipients:
Microcrystalline Cellulose BP, Sodium Starch Glycolate BP, Colloidal Silicon Dioxide BP, Sodium Lauryl Sulphate BP, Magnesium Stearate BP, Instacoat White I.H., Isopropyl Alcohol BP, Methylene Chloride BP",Oral,J01FA10,https://admin.greenbook.nafdac.gov.ng/uploadImage/smpc_files/2025/07/25/20250725351dbb71-e41e-5524-9b50-3987cb3eef41.pdf,2025-06-25,2030-06-24,https://greenbook.nafdac.gov.ng/products/details/11372,2026-09-27T21:22:20.085187+00:00,873
greenbook,12138,Azithromycin Tablets 500 mg_,Azithromycin (Azithromycin Dihydrate),Jonco Pharmaceutical Company Ltd,Drugs,Tablet,500 mg,1 x 10&#039;s ,A4-101640,Active,Film-Coated Tablet,"Each film-coated tablet contains: Azithromycin Dihydrate USP equiv. to Azithromycin 500 mg
Excipients q.s.",Oral,J01FA10,https://admin.greenbook.nafdac.gov.ng/uploadImage/smpc_files/2025/12/01/2025120171ad93ae-7bae-5415-9849-26d36234fc16.pdf,2025-10-29,2030-10-28,https://greenbook.nafdac.gov.ng/products/details/12138,2026-09-27T21:22:20.085187+00:00,874
greenbook,10033,Azithromycin Tablets 500 mg_,Azithromycin (Azithromycin Dihydrate),City of Glory Limited,Drugs,Tablet,500 mg,1 x 10&#039;s (in a carton),A4-101185,Active,Film-coated tablet.																,"Each tablet contains: Azithromycin Dihydrate USP equiv. to  Azithromycin Base 500 mg
Excipients q.s.",Oral,J01FA10,https://admin.greenbook.nafdac.gov.ng/uploadImage/smpc_files/2025/05/11/20250511ed05b54c-063e-541b-abd7-e44de5a335b0.pdf,2025-01-30,2030-01-29,https://greenbook.nafdac.gov.ng/products/details/10033,2026-09-27T21:22:20.085187+00:00,875
greenbook,10056,Azithromycin Tablets 500 mg_,Azithromycin (Azithromycin Dihydrate),Fitzking Link Limited,Drugs,Tablet,500 mg,1 x 10&#039;s (in a carton),A4-101197,Active,Film-coated tablet,"Each film-coated tablet contains: Azithromycin Dihydrate USP equiv. to Azithromycin Anhydrous 500 mg
Excipients q.s.",Oral,J01FA10,https://admin.greenbook.nafdac.gov.ng/uploadImage/smpc_files/2025/04/14/202504147ef082a3-5c93-53f0-b526-b1fefde9c7dc.pdf,2025-02-28,2030-02-27,https://greenbook.nafdac.gov.ng/products/details/10056,2026-09-27T21:22:20.085187+00:00,876
greenbook,1423,Azithromycin Tablets##,Azithromycin (Azithromycin Dihydrate),Excel Charis Pharmaceutical Chemical Limited,Drugs,Tablet,250 mg,,C4-1132,Inactive,Tablet,Each tablet contains: Azithromycin Dihydrate equivalent to Azithromycin 250 mg,Oral,J01FA10,https://admin.greenbook.nafdac.gov.ng/uploadImage/smpc_files/2025/04/18/20250418cbfec328-3e40-5803-9b4f-d33bee00843f.pdf,2020-11-10,2025-11-09,https://greenbook.nafdac.gov.ng/products/details/1423,2026-09-27T21:22:20.085187+00:00,877
greenbook,2898,Azithromycin Tablets##,Azithromycin (Azithromycin Dihydrate),MacJay Pharmaceutical Co. Ltd,Drugs,Tablet,500 mg,,C4-1428,Inactive,Tablet,Each tablet contains: Azithromycin Dihydrate equivalent to Azithromycin 500 mg,Oral,J01FA10,,2020-12-21,2025-12-20,https://greenbook.nafdac.gov.ng/products/details/2898,2026-09-27T21:22:20.085187+00:00,878
greenbook,6161,Azithromycin Tablets##,Azithromycin (Azithromycin Dihydrate),BG Pharma &amp; Healthcare Limited,Drugs,Tablet,500 mg,"1 x 2&#039;s, 1 x 3&#039;s (in PVC-Alu blisters)",B4-7251,Active,"Film Coated Tablet

48	CMS-PP-340335	AZITHROMYCIN TABLETS	AZITHROMYCIN USP 500MG	EACH FILM COATED TABLET CONTAINS AZITHROMYCIN DIHYDRATE USP EQ TO AZITHROMYCIN 500MG EXCIPIENTS dibasic calcium phosphate anhydrous, pregelatinized starch	B4-7251	Drugs	Imported Products	1X10	Prescription Only Medicine (POM)	7/7/2023	BG PHARMA &amp; HEALTHCARE LIMITED, DANSVILLE PLAZA, OPP APO LEGISLATIVE QUARTERS, ABUJA FCT FCT	8063803298	stevebg2019@gmail.com	JIANGXI XIER KANGXI PHARM CO. LTD, NORTH ZONE HIGH NEW TECH IND ZONE PINGXIANG JIANGXI CHINA, China","Each capsule contains: Azithromycin 500 mg
Excipients q.s.",Oral,J01FA10,https://admin.greenbook.nafdac.gov.ng/uploadImage/smpc_files/2023/10/09/202310096eb57d28-2a6c-5053-bc8e-b9ccb557d913.pdf,2023-09-28,2028-09-27,https://greenbook.nafdac.gov.ng/products/details/6161,2026-09-27T21:22:20.085187+00:00,879
greenbook,8360,Azithromycin Tablets**,Azithromycin (Azithromycin Dihydrate),Tim Great Pharmaceutical Ventures Ltd,Drugs,Tablet,500 mg,3 x 10&#039;s (in blisters),C4-1762,Inactive,Tablet,Each tablet contains: Azithromycin USP 500 mg,Oral,,https://admin.greenbook.nafdac.gov.ng/uploadImage/smpc_files/2025/05/02/202505020fa59dd5-5f56-5e50-81bf-276656f84cc2.pdf,2021-08-03,2026-08-02,https://greenbook.nafdac.gov.ng/products/details/8360,2026-09-27T21:22:20.085187+00:00,880
greenbook,4091,Azithropin Powder for Oral Suspension 200 mg/5 mL##,Azithromycin (Azithromycin Dihydrate),Franphino Pharmaceuticals Nigeria Limited,Drugs,Powder for suspension,200 mg/5 mL,,A4-2711,Inactive,Powder for Oral Suspension,Each 5 mL contains: Azithromycin Dihydrate equivalent to Azithromycin 200 mg,Oral,J01FA10,,2020-11-30,2025-11-29,https://greenbook.nafdac.gov.ng/products/details/4091,2026-09-27T21:22:20.085187+00:00,881
greenbook,2899,Azithroxal 500 Tablets##,Azithromycin (Azithromycin Dihydrate),Great Timec Pharma Nigeria Limited,Drugs,Tablet,500 mg,,B4-5045,Inactive,Tablet,"Each tablet contains: Azithromycin Dihydrate USP equivalent to Azithromycin 500 mg
",Oral,J01FA10,,2021-03-29,2026-03-28,https://greenbook.nafdac.gov.ng/products/details/2899,2026-09-27T21:22:20.085187+00:00,882
greenbook,7856,Azmal Injection**,α-β Arteether,Azmu Pharmaceuticals Limited,Drugs,Solution for injection,150 mg/2 mL,2 mL x 3&#039;s (in ampoules),A4-5566,Inactive,Oily solution for injection in 2-mL ampoule,,Intramuscular,P01BE,,2021-02-25,2026-02-24,https://greenbook.nafdac.gov.ng/products/details/7856,2026-09-27T21:22:20.085187+00:00,883
greenbook,10616,Azmal Tablets 20 mg + 120 mg_,Artemether; Lumefantrine,Azmu Pharmaceuticals Limited,Drugs,Tablet,20 mg; 120 mg,1 x 24&#039;s (in PVC-Alu blister),A4-101210,Active,Tablet,"Each tablet contains: Artemether (PHI) 20 mg, and Lumefantrine (PHI) 120 mg
Excipients q.s.",Oral,P01BF01,https://admin.greenbook.nafdac.gov.ng/uploadImage/smpc_files/2025/04/25/20250425ca15a5dd-5752-559b-b86e-c25b69af322e.pdf,2025-03-27,2030-03-26,https://greenbook.nafdac.gov.ng/products/details/10616,2026-09-27T21:22:20.085187+00:00,884
greenbook,10617,Azmal Tablets 80 mg + 480 mg##,Artemether; Lumefantrine,Azmu Pharmaceuticals Limited,Drugs,Tablet,80 mg; 480 mg,1 x 6&#039;s (in PVC-Alu blister),A4-101211,Active,"Tablet
Yellow color capsule shaped uncoated tablet

AZMAL TABLETS 80MG + 480MG	ARTEMETHER 80MG LUMEFANTRINE 480MG, LACTOSE MONOHYDRATE BP, MICROCRYSTALLINE CELLULOSE BP, SODIUM LAURYL SULPHATE BP, SODIUM STARCH GLYCOLATE BP, POVIDONE BP, TARTRAZINE SUPRA IN HOUSE, MAGNESIUM STEARATE BP, PURIFIED TALC BP, CROSCARMELLOSE SODIUM BP.	A4-101211	Drugs	Imported Product	1*6	31-05-2024	AZMU PHARMACEUTICALS LIMITED, MANGAL PLAZA,AREA 11,GARKI,FCT. ABUJA FCT	08032860999	azmupharmaceuticalsltd@gmail.com	ASTAMED HEALTHCARE (I) PVT LTD, Plot No. 2 &amp; 3, Pase II, Genesis Ind. Complex, Kolgaon, Palghar - 401405, Maharashtra, India","Each tablet contains: Artemether 80 mg, Lumefantrine 480 mg
Excipients q.s.",Oral,P01BF01,https://admin.greenbook.nafdac.gov.ng/uploadImage/smpc_files/2025/04/25/2025042520a381e3-59ef-532a-a13b-92e7aed7b8ab.pdf,2025-03-27,2030-03-26,https://greenbook.nafdac.gov.ng/products/details/10617,2026-09-27T21:22:20.085187+00:00,885
greenbook,4731,Azmasol Inhaler## (check pack size),Salbutamol (Salbutamol Sulfate),Pharmadeal Nigeria Limited,Drugs,Inhalation vapour,100 mcg,1 x 1&#039;s (200 actuations Inhaler),A4-2959,Active,"Pressurized Inhalation Aerosol

61	RNW-PP-263743	Azmasol inhaler	SALBUTAMOL 100 MCG	Salbutamol, Oleic acid, Dehydrated alcohol &amp; 1,1,1,2-tetrafluoroethane	A4-2959	Drugs	Imported Products	1 x 1 Pack	Prescription Only Medicine (POM)	5/26/2022	PHARMADEAL NIGERIA LIMITED, 1A Oyewole Oshodi street, Ilupeju.	8038510048	ccnwabisi2010@yahoo.com	Beximco Pharmaceutical Ltd, 126, Kathaldia, Auchpara, Tongi, Gazipur, Bangladesh, Bangladesh","Each actuation contains: Salbutamol (as Salbutamol Sulfate BP) 100 mcg
Excipients q.s.",Inhalation,R03AC02,https://admin.greenbook.nafdac.gov.ng/uploadImage/smpc_files/2023/08/22/20230822cfa32397-5613-531e-a5f7-c430a634fa67.pdf,2023-05-25,2028-05-24,https://greenbook.nafdac.gov.ng/products/details/4731,2026-09-27T21:22:20.085187+00:00,886
greenbook,4994,Azmucaine Suspension##,Aluminium Hydroxide; Magnesium Hydroxide; Sodium Alginate; Oxethazaine; Simeticone,Azmu Pharmaceuticals Limited,Drugs,Suspension,300 mg/5 mL; 150 mg/5 mL; 125 mg/5 mL,1 x 100 mL (in PET bottle),B4-0950,Active,"Oral Antacid Suspension

170	RNW-PP-252729	AZMUCAINE SUSPENSION	ALUMINIUM HYDROXIDE BP 300MG, MAGNESIUM HYDROXIDE BP 150MG, SODIUM ALGINATE 100MG, OXETACAINE BP 10MG, DIMETHICONE BP 125MG	ALUMINIUM HYDROXIDE BP 300MG, MAGNESIUM HYDROXIDE BP 150MG, SODIUM ALGINATE 100MG, OXETACAINE BP 10MG, DIMETHICONE BP 125MG	B4-0950	Drugs	Imported Products	1X200ML	Over The Counter (OTC)	3/2/2022	AZMU PHARMACEUTICALS LIMITED, MANGAL PLAZA,AREA 11,GARKI,FCT. ABUJA FCT	8032860999	azmupharmaceuticalsltd@gmail.com	ASTAMED HEALTHCARE (1) PVT.LTD, Plot No. 2 &amp; 3, Phase-II, Genesis Ind. Complex, Kolgaon, Palghar-401405, Maharashtra, India., India","Each 5 mL contains: Aluminium Hydroxide BP 300 mg, Magnesium Hydroxide BP 150 mg, Sodium Alginate BP 100 mg, Oxetacaine BP 10 mg, Dimethicone BP 125 mg
Excipients q.s. ",Oral,A02AF,https://admin.greenbook.nafdac.gov.ng/uploadImage/smpc_files/2023/08/23/2023082349bc6dbf-4d41-5f81-9274-8f29b5f505d4.pdf,2023-07-06,2028-07-05,https://greenbook.nafdac.gov.ng/products/details/4994,2026-09-27T21:22:20.085187+00:00,887
greenbook,8573,Azod-500 Tablets**,Azithromycin (Azithromycin Dihydrate),Micro Nova Pharmaceuticals Ind Ltd,Drugs,Tablet,500 mg,1 x 3&#039;s (in blister),A4-8887,Inactive,"Tablets.
White, oblong shaped, film-coated tablets with MICRO engraved on both surface","Azithromycin Tablets 500 mg.
Each film-coated tablet contains: Azithromycin USP equivalent to Anhydrous Azithromycin 500 mg.

Excipient(s) with known effect: 45.000 mg of Lactose monohydrate/tablet",Oral,J01FA10,https://admin.greenbook.nafdac.gov.ng/uploadImage/smpc_files/2024/11/20/20241120351d7605-7777-5dfd-9d12-758ed456a1aa.pdf,2021-08-26,2026-08-25,https://greenbook.nafdac.gov.ng/products/details/8573,2026-09-27T21:22:20.085187+00:00,888
greenbook,6826,Azopt Eye Drops**,Brinzolamide,Novartis Nigeria Limited,Drugs,Suspension/Drops,1%,1 x 5 mL (in LDPE bottle),04-6817,Active,"Eye Drops, Suspension","Each mL contains: Brinzolamide 10 mg, Excipients q.s.
Excipient(s) with known effect: Benzalkonium Chloride 0.1 mg per mL",Ophthalmic,S01EC04,https://admin.greenbook.nafdac.gov.ng/uploadImage/smpc_files/2024/11/19/202411199f8acab3-77a3-5ea6-8367-eac371ec444e.pdf,2023-12-21,2028-12-20,https://greenbook.nafdac.gov.ng/products/details/6826,2026-09-27T21:22:20.085187+00:00,889
greenbook,5580,Azotek 250 mg Tablet##,Azithromycin (Azithromycin Dihydrate),Nurushat Ventures Limited,Drugs,Tablet,250 mg,1 x 6&#039;s (in Alu-Alu blister),B4-5481,Active,"Tablet
White to almost white, round, biconvex film-coated tablet

AZOTEK 250MG TABLET	AZITHROMYCIN DIHYDRATE 250mg	ist of Excipients: PVP K-30, Avicel 200 , Aerosil 200, Primogel, Magnesium, stearate, Methanol , Opadry , White PEG, 6000 Purified Water	B4-5481	Drugs	Imported Products	1x6 Tablets	Prescription Only Medicine (POM)	15/10/2020	NURUSHAT VENTURES LIMITED, FARAMOBI AJIKE STREET ANTHONY VILLAGE ANTHONY VILLAGE LAGOS	12347658	yomee_penners5@yahoo.com	SAFFRON PHARMACEUTICALS (PVT) LTD, 19Km, Sheikhupura Road, Faisalabad-Pakistan, Pakistan","Each film coated tablet contains: Azithromycin (as Dihydrate) 250 mg
Excipients: PVP K-30, Avicel 200 , Aerosil 200, Primogel, Magnesium Stearate, Methanol, Opadry White, PEG 6000,  Purified Water",Oral,J01FA10,https://admin.greenbook.nafdac.gov.ng/uploadImage/smpc_files/2023/09/05/20230905e8923b48-dc3c-522d-9f67-b4211e679f2f.pdf,2023-08-31,2028-08-30,https://greenbook.nafdac.gov.ng/products/details/5580,2026-09-27T21:22:20.085187+00:00,890
greenbook,4926,Azotek 500 mg Tablet##,Azithromycin (Azithromycin Dihydrate),Nurushat Ventures Limited,Drugs,Tablet,500 mg,1 x 6&#039;s (Alu-Alu blister),B4-5480,Active,"Tablet
White to almost white, round, biconvex film-coated tablet

29	RNW-PP-170603	AZOTEK 500MG TABLET	AZITHROMYCIN DIHYDRATE 500mg	List of Excipients: PVP K-30, Avicel 200, Aerosil 200, Primogel, Magnesium stearate, Methanol, Opadry White, PEG 6000, Purified Water	B4-5480	Drugs	Imported Products	1x6Tablets	Prescription Only Medicine (POM)	10/15/2020	NURUSHAT VENTURES LIMITED, FARAMOBI AJIKE STREET ANTHONY VILLAGE ANTHONY VILLAGE LAGOS	12347658	yomee_penners5@yahoo.com	SAFFRON PHARMACEUTICALS (PVT) LTD, 19Km, Sheikhupura Road, Faisalabad-Pakistan, Pakistan
","Each film-coated tablet contains: Azithromycin (as Dihydrate) 250 mg
Excipients: PVP K-30, Avicel 200, Aerosil 200, Primogel, Magnesium Stearate, Methanol, Opadry White, PEG 6000, Purified Water",Oral,J01FA10,https://admin.greenbook.nafdac.gov.ng/uploadImage/smpc_files/2023/08/27/20230827eca628c7-3647-5e55-a9e6-14fd496e9b8a.pdf,2023-07-27,2028-07-26,https://greenbook.nafdac.gov.ng/products/details/4926,2026-09-27T21:22:20.085187+00:00,891
greenbook,6505,Azuma 500**,Azithromycin (Azithromycin Dihydrate),Aspen Pharmacare Nigeria Limited,Drugs,Tablet,500 mg,1 x 3&#039;s (in blisters),B4-4451,Active,"Film Coated Tablet.
White, capsule shaped, film coated tablets with “AZ500” engraving on one side and plain on the other side","Each film coated tablet contains: Azithromycin Dihydrate PhEur equivalent to Anhydrous Azithromycin 500 mg, Excipients q.s.",Oral,J01FA10,https://admin.greenbook.nafdac.gov.ng/uploadImage/smpc_files/2023/12/18/20231218804cc51c-baad-59d3-bad5-e1a7de65e17d.pdf,2023-11-30,2028-12-29,https://greenbook.nafdac.gov.ng/products/details/6505,2026-09-27T21:22:20.085187+00:00,892
greenbook,6506,Azuma-250 Tablets**,Azithromycin (Azithromycin Dihydrate),Aspen Pharmacare Nigeria Limited,Drugs,Tablet,250 mg,1 x 6&#039;s (in blister),B4-4450,Active,"Film Coated Tablet.
White, capsule shaped, film coated tablets with “AZ500” engraving on one side and plain other side","Each film coated tablet contains: Azithromycin Dihydrate Ph EUR equivalent to Anhydrous Azithromycin 250 mg

Excipients:
Calcium Hydrogen Phosphate, Magnesium Stearate, Pregelatinized Starch, Croscarmellose Sodium, Colloidal Anhydrous Silica, Titanium Dioxide, Polyethylene Glycol, Sodium Lauryl Sulphate, Hydroxy Propyl Methyl Cellulose",Oral,J01FA10,https://admin.greenbook.nafdac.gov.ng/uploadImage/smpc_files/2023/12/18/202312180ecb8a6a-f649-5c14-a26e-ee6dd44f9c18.pdf,2023-11-30,2028-11-29,https://greenbook.nafdac.gov.ng/products/details/6506,2026-09-27T21:22:20.085187+00:00,893
greenbook,7134,Babadol Tablets##,Diclofenac; Paracetamol,Patricklingo Pharmaceuticals Limited,Drugs,Tablet,50 mg; 325 mg,10 x 1 x 10&#039;s (in blisters),B4-9094,Active,"Uncoated Tablet

30	CMS-PP-403092	BABADOL TABLETS	PARACETAMOL BP 325MG AND DICLOFENAC SODIUM BP 50MG	EACH TABLET CONTAINS PARACETAMOL BP 325MG AND DICLOFENAC SODIUM BP 50MG EXCIPIENTS Excipients MAIZE STARCH, METHYL PARABEN, PROPYL PARABEN, TALCUM, SODIUM STARCH GLYCOLATE, MAGNESSIUM STEARTE, COLLODIAL SILICON DIOXIDE	B4-9094	Drugs	Imported Products	1*10	Prescription Only Medicine (POM)	1/29/2024	PATRICKLINGO PHARMACEUTICALS LIMITED, 107, Upper Iweka Road, Onitsha, Anambra State, Nigeria.	8033443825	patricklingopharma@gmail.com	WINTECH PHARMACEUTICALS., PLOT NO. 45-46, STICE, MUSALGAON, SINNAR 422112, DIST. NASHIK, MAHARASHTRA, INDIA, India","Each tablet contains: Diclofenac Sodium BP 50 mg, Paracetamol BP 325 mg
Excipients q.s.
",Oral,M01AB55,https://admin.greenbook.nafdac.gov.ng/uploadImage/smpc_files/2024/03/24/20240324dc29ed26-d5f2-50c7-bb7d-2d5f447cd5d2.pdf,2024-02-28,2029-02-27,https://greenbook.nafdac.gov.ng/products/details/7134,2026-09-27T21:22:20.085187+00:00,894
greenbook,7135,Baban Tablets##,Diclofenac Sodium,Patricklingo Pharmaceuticals Limited,Drugs,Tablet,50 mg,1 x 10&#039;s (in PVC-Alu blister),B4-7559,Active,"Tablet

29	CMS-PP-401264	BABAN TABLETS	DICLOFENAC SODIUM 50MG	EACH UNCOATED TABLETS CONTAINS DICLOFENAC SODIUM BP 50MG EXCIPIENTS Microcrystalline cellulose (MCCP) Starch Cros Carmellose sodium (CCS) Talcum Starch for paste purified water Magnesium Stearate Polyethylene Glycol (PEG) 6000 Aerosil Titanium Dioxide Ethyl Cellulose Hydroxypropyl Methylcellulose (HPMC) Erythrosine Isopropyl Alcohol (IPA) Methylene Dichloride (MDC)	B4-7559	Drugs	Imported Products	1*10	Prescription Only Medicine (POM)	1/29/2024	PATRICKLINGO PHARMACEUTICALS LIMITED, 107, Upper Iweka Road, Onitsha, Anambra State, Nigeria.	8033443825	patricklingopharma@gmail.com	FANTASY DRUGS PVT. LTD, PLOT NO. C-66 TO 69, D-33 TO 36, INDUSTRIAL AREA, HAJIPUR, VAISHALI, BIHAR-844101, INDIA, India","Each uncoated tablet contains: Diclofenac Sodium BP 50 mg
Excipient: Starch, DCP, P.V.P K-30, Methyl Paraben, Propyl Paraben, Color: Tartrazine yellow, Talcum, Magnesium Stearate, Sodium Starch Glycolate, Cabosil",Oral,M01AB05,https://admin.greenbook.nafdac.gov.ng/uploadImage/smpc_files/2024/03/24/20240324ee571b5d-0fe9-5667-baac-d0b70ec97ae0.pdf,2024-02-28,2029-02-27,https://greenbook.nafdac.gov.ng/products/details/7135,2026-09-27T21:22:20.085187+00:00,895
greenbook,11373,Babazoral Cream**,Ketoconazole,Patricklingo Pharmaceuticals Limited,Drugs,Cream,2%,30 g x 1 x 10&#039;s (in tubes),A4-100880,Active,Topical Cream,Ketoconazole Cream BP 2% w/w,Topical,D01AC08,https://admin.greenbook.nafdac.gov.ng/uploadImage/smpc_files/2025/06/24/2025062456a87b16-960e-52ef-91fc-07217b866791.pdf,2025-05-27,2030-05-26,https://greenbook.nafdac.gov.ng/products/details/11373,2026-09-27T21:22:20.085187+00:00,896
greenbook,6498,Babuflam Paediatric Suspension##,Ibuprofen,Jawa International Limited,Drugs,Suspension,100 mg/5 mL,1 x 100 mL (in bottle),A11-0307,Active,"Suspension
An orange colored suspension with a pleasant taste

BABUFLAM PAEDIATRIC SUSPENSION	IBUPROFEN SUSPENSION 100MG/ 5ML	Ibuprofen USP 100mg Tween 80, Sodium Benzoate, Sugar, Sodium Citrate, Propyl Paraben, Methyl Paraben, Sodium Chloride, Simethicone, Sunset Orange	A11-0307	Drugs	MUSCULO-SKELETAL SYSTEM	Nigerian Products	100MLS	OTC	09/08/2022	JAWA INTERNATIONAL LIMITED, Plot 6, Abimbola Way, Isolo Industrial Estate	8036887062	spjawasil@gmail.com	JAWA INTERNATIONAL LIMITED, JAWA HOUSE, PLOT 6 ABIMBOLA WAY,ISOLO INDUSTRIAL ESTATE,ISOLO,LAGOS., JAWA INTERNATIONAL LIMITED, JAWA HOUSE, PLOT 6 ABIMBOLA WAY,ISOLO INDUSTRIAL ESTATE,ISOLO,LAGOS., Nigeria","Each 5 mL contains: Ibuprofen USP 100 mg
Excipients q.s.",Oral,M01AE01,https://admin.greenbook.nafdac.gov.ng/uploadImage/smpc_files/2023/12/14/202312141fbfb75b-a7b3-5529-97b3-ed4c23825abc.pdf,2023-11-30,2028-11-29,https://greenbook.nafdac.gov.ng/products/details/6498,2026-09-27T21:22:20.085187+00:00,897
greenbook,34,Baby Greenlin Cough Linctus##,Dilute acetic acid,Greenlife Pharmaceutical Limited,Drugs,Syrup,0.42 mL/5 mL,,A4-1079,Active,Syrup,Each 5 mL contains: Diluted Acetic Acid 0.42 mL,Oral,M01AB,https://admin.greenbook.nafdac.gov.ng/uploadImage/smpc_files/2025/03/27/20250327b00d21c5-b6c4-5274-8f98-e385c30fd524.pdf,2021-12-02,2026-12-01,https://greenbook.nafdac.gov.ng/products/details/34,2026-09-27T21:22:20.085187+00:00,898
greenbook,7136,Baby Tribotan Cream##,Clotrimazole; Ichthammol,Fidson Healthcare PLC,Drugs,Cream,0.2%; 0.5%,1 x 20 g (in Lami tube),04-7018,Active,"Cream

16	RNW-PP-305475	BABY TRIBOTAN CREAM	CLOTRIMAZOLE 0.5% W/V , ICHTHAMMOL 0.2% W/V	CLOTRIMAZOLE 0.5% W/V , ICHTHAMMOL 0.2% W/V	Apr-18	Drugs	Nigerian Products	20G	Over The Counter (OTC)	12/28/2022	FIDSON HEALTHCARE PLC, IKORODU ROAD, OBANIKORO LAGOS LAGOS	8023067964	nmakaokolo@yahoo.com	Fidson Healthcare Plc., KM 38, Lagos- Abeokuta Expressway Sango-ota, Ogun State., Nigeria","The Baby Tribotan cream contains: Clotrimazole BP 0.5% w/w, Ichthammol BP 0.2% w/w, Cream Base q.s.
Excipients q.s.",Topical,D01AC01,https://admin.greenbook.nafdac.gov.ng/uploadImage/smpc_files/2024/02/17/20240217300463e7-d797-5294-924f-080c749458e9.pdf,2024-01-31,2029-01-30,https://greenbook.nafdac.gov.ng/products/details/7136,2026-09-27T21:22:20.085187+00:00,899
greenbook,2911,Bacagin##,Ibuprofen; Paracetamol,De-Shalom Pharmaceutical Laboratories Nigeria Limited,Drugs,Tablet,200 mg; 350 mg,10 x 10&#039;s (in PVC-Alu blisters),B4-0787,Inactive,Tablet,"Each tablet contains: Ibuprofen 200 mg, Paracetamol 350 mg
Excipients q.s.",Oral,N02BE51,https://admin.greenbook.nafdac.gov.ng/uploadImage/smpc_files/2025/01/15/202501157f49ed7d-6610-55f9-8066-12631e1e9cce.pdf,2020-11-10,2025-11-09,https://greenbook.nafdac.gov.ng/products/details/2911,2026-09-27T21:22:20.085187+00:00,900
greenbook,7857,Baciflox Tablets**,Ofloxacin; Ornidazole,Uche St. Pharmaceutical Company Limited,Drugs,Tablet,200 mg; 500 mg,1 x 10&#039;s (in blister),C4-1620,Inactive,Tablet,"Each tablet contains: Ofloxacin 200 mg, Ornidazole 500 mg",Oral,,,2021-02-25,2026-02-24,https://greenbook.nafdac.gov.ng/products/details/7857,2026-09-27T21:22:20.085187+00:00,901
greenbook,6511,Bacipec Injection## (strength format and incomplete smpc),Penicillin,Clarion Medicals Limited,Drugs,Injection,1MEGA(1000000IU),1 x 10 mL vial,04-3638,Active,"Powder for Injection

37	CMS-PP-130629	BACIPEC INJECTION	CRYSTALLINE PENICILLIN G INJECTION 1 MEGA	BENZYL PENICILLIN SODIUM BP 1000000IU (600MG)	Apr-38	Drugs	Imported Products	1X10 VIALS	Prescription Only Medicine (POM)	6/26/2020	CLARION MEDICALS LTD, AFOLABI LESHI STREET, ILUPEJU ILUPEJU LAGOS	18043564	clarionorder@yahoo.com	CSPC ZHONGNUO PHARMACEUTICAL(SHIJIAZHUANG) CO. LTD., 88, YANGZI ROAD,HIGH INDUSTRY ZONE OF SHIJIAZHUANG, China",Benzylpenicillin Sodium 1 Mega,Intravenous; Intramuscular,J01CE01,https://admin.greenbook.nafdac.gov.ng/uploadImage/smpc_files/2023/12/17/20231217f56b0ca8-86d7-5098-a5ad-bded346dcbe6.pdf,2023-11-30,2028-11-29,https://greenbook.nafdac.gov.ng/products/details/6511,2026-09-27T21:22:20.085187+00:00,902
greenbook,7304,Bacitracin & Neomycin Powder Aerosol Spray**,Neomycin; Bacitracin zinc,Smart Way Pharma Ltd Ikeja,Drugs,Spray,"165,000 IU/150 mL; 12,500 IU/150 mL",150 mL,A4-100772,Active,Powder for topical use,"Each 150 mL contains: Neomycin sulphate 165000 IU, Bacitracin zinc 12500 IU, Aerosil-200 200 mg, Talc powder 200 mg, Propane butane to 150 mL",Cutaneous/Topical,A07AA51,https://admin.greenbook.nafdac.gov.ng/uploadImage/smpc_files/2024/11/28/202411281b0542dc-eb6a-5beb-9a31-9381a5aeaaac.pdf,2024-03-27,2029-03-26,https://greenbook.nafdac.gov.ng/products/details/7304,2026-09-27T21:22:20.085187+00:00,903
greenbook,7858,Back-Up Tablet**,Levonorgestrel,MSI Nigeria Reproductive Choices Ltd/Gte,Drugs,Tablet,1.5 mg,1 x 1&#039;s (in Alu-PVC blister),B4-9214,Active,"Film coated tablet.
White to off white, round, biconvex, uncoated tablets, plain on both sides","Levonorgestrel Tablets BP 1.5 mg.
Each film coated tablet contains: Levonorgestrel BP 1.5 mg, Excipients q.s.
Colour: Titanium dioxide BP",Oral,G03AD01,https://admin.greenbook.nafdac.gov.ng/uploadImage/smpc_files/2024/09/16/202409162c583b0f-4d6b-577a-8346-e32a18c665f7.pdf,2024-07-31,2029-07-30,https://greenbook.nafdac.gov.ng/products/details/7858,2026-09-27T21:22:20.085187+00:00,904
greenbook,7859,Bacqure Injection 500 mg**,Imipenem; Cilastatin (Cilastatin Sodium),Ranbaxy Nigeria Limited,Drugs,Powder for injection,500 mg; 500 mg,1 x 1&#039;s (in vial),04-9478,Active,Powder for solution for injection in a vial,"Imipenem and Cilastatin for Injection USP 500 mg.
Each vial contains: Imipenem USP (sterile) equivalent to anhydrous Imipenem 500 mg, Cilastatin Sodium USP (sterile) equivalent to anhydrous Imipenem 500 mg",Intravenous,J01DH51,https://admin.greenbook.nafdac.gov.ng/uploadImage/smpc_files/2024/09/12/20240912fc0462a2-d0a1-5fe9-9410-7a6ab708045a.pdf,2024-08-28,2029-08-27,https://greenbook.nafdac.gov.ng/products/details/7859,2026-09-27T21:22:20.085187+00:00,905
greenbook,8964,Bactacef 325 Tablets**,Cefixime; Clavulanic Acid (Clavulanate Potassium),Synermed Nig Ltd,Drugs,Tablet,200 mg; 125 mg,1 x 10&#039;s (in blister),C4-1898,Active,Tablet,Each tablet contains 200 mg of Cefixime and 125 mg of Clavulanic acid,Oral,J01DD58,,2021-10-28,2026-10-27,https://greenbook.nafdac.gov.ng/products/details/8964,2026-09-27T21:22:20.085187+00:00,906
greenbook,6162,Bactaforte Eye Ointment##,Ciprofloxacin,Mankind Life-Sciences Limited,Drugs,Eye ointment,0.3%,1 x 5 g,A4-100523,Active,"Eye Ointment

22	NF-PP-181037	BACTAFORTE EYE OINTMENT	CIPROFLOXACIN OPHTHALMIC OINTMENT USP 0.3%W/W	CIPROFLOXACIN OPHTHALMIC OINTMENT USP 0.3%W/W EXCIPIENTS sodium acetate, acetic acid, mannitol 4.6%		Drugs	Imported Products	5GM	Prescription Only Medicine (POM)	11/10/2020	MANKIND LIFE-SCIENCES LIMITED, AGGREY ROAD, FEGGE ONITSHA ANAMBRA	659888884	mankindlifeltd2018@gmail.com	Alpa Laboratories Limited, 33/2, A.B.Road, Pigdamber, 453-446,Indore (M.P.), India., India","Ciprofloxacin Ophthalmic Ointment USP 0.3% w/w
Excipients q.s.",Ocular,S01AE03,,2023-09-28,2028-09-27,https://greenbook.nafdac.gov.ng/products/details/6162,2026-09-27T21:22:20.085187+00:00,907
greenbook,7860,Bactagon Cream**,Triamcinolone; Econazole; Gentamicin,HikMeg Pharma Limited,Drugs,Cream,0.1%; 1%; 0.1%,1 x 30 g (in Aluminum tube),C4-1607,Inactive,Topical cream,"Econazole Nitrate BP 1 % w/w, Triamcinolone Acetonide BP 0.1 % w/w, Gentamicin Sulfate BP equivalent to Gentamicin 0.1 % w/w, in a cream base q.s.

Excipients: 
Chlorocresol, Cetomacrogol-1000, Cetostearyl Alcohol, Light Liquid Paraffin, White Soft Paraffin, Sodium Dihydrogen Phosphate Dihydrate, Disodium Hydrogen Phosphate (Dihydrate), Disodium Edetate, Sodium Metabisulfite, Propylene Glycol, Purified Water",Topical,,https://admin.greenbook.nafdac.gov.ng/uploadImage/smpc_files/2024/09/22/2024092205e66e84-fc1c-5c39-a557-7486a6e1d38d.pdf,2021-02-25,2026-02-24,https://greenbook.nafdac.gov.ng/products/details/7860,2026-09-27T21:22:20.085187+00:00,908
greenbook,7861,Bactarid-SB Injection**,Ceftriaxone (Ceftriaxone Sodium); Sulbactam (Sulbactam Sodium),St Luke&#039;s Pharmaceuticals Limited,Drugs,Powder for injection,1000 mg; 500 mg,1 x 1&#039;s (in vial) + Solvents (in ampoules),C4-1457,Inactive,Powder for Solution for Injection in a vial,"Each vial contains: Ceftriaxone Sodium equiv. to Ceftriaxone 1 g, Sulbactam Sodium 0.5 g",Intravenous; Intramuscular,J01DD63,,2021-01-28,2026-01-27,https://greenbook.nafdac.gov.ng/products/details/7861,2026-09-27T21:22:20.085187+00:00,909
greenbook,4006,Bactend Ointment 2% w/w**,Mupirocin,Geneith Pharmaceuticals Limited,Drugs,Ointment,2%,1X15G,C4-1282,Inactive,"BACTEND OINTMENT	MUPIROCIN 2% W/W	MUPIROCIN 2% W/W	C4-1282	Drugs	Imported Product	1X15G	10-06-2025	GENEITH PHARMACEUTICALS LIMITED, 12, ADEWALE CRESCENT OFF EWENLA STREET OSHODI-APAPA EXPRESS, OSHODI, LAGOS STATE	08122912281	regulatory@geneithpharm.com	&quot;FRONT PHARMACEUTICAL PLC., XUANCHENG ECONOMIC AND TECHNICAL DEVELOPMENT ZONE,
ANHUI, CHINA.&quot;
",Mupirocin 2% w/w,Topical,D06AX09,https://admin.greenbook.nafdac.gov.ng/uploadImage/smpc_files/2026/07/06/2026070654a43faf-1931-5980-b753-08f7f3bc4c09.pdf,2026-04-28,2031-04-27,https://greenbook.nafdac.gov.ng/products/details/4006,2026-09-27T21:22:20.085187+00:00,910
greenbook,7862,Bacterostar Powder for Injection**,Cefuroxime (Cefuroxime Axetil),Star Apothecary Nigeria Ltd,Drugs,Powder for injection,1000 mg,1 x 1&#039;s (in glass vial) + Solvent 10 mL SWFI (in ampoule),A4-100912,Active,Dry sterile powder for solution for injection in flint glass vial + Solvent in ampoule containing 10 mL Sterile Water for Injections BP,"Ceftriaxone for Injection USP.
Each vial contains: Ceftriaxone Sodium USP equivalent to Ceftriaxone 1000 mg",Intravenous; Intramuscular,J01DD04,https://admin.greenbook.nafdac.gov.ng/uploadImage/smpc_files/2024/07/20/20240720ed5306ef-ad67-5a5c-b967-4209d7a51058.pdf,2024-06-27,2029-06-26,https://greenbook.nafdac.gov.ng/products/details/7862,2026-09-27T21:22:20.085187+00:00,911
greenbook,11374,Bactineal Cream**,Betamethasone; Clotrimazole; Neomycin sulfate,Patricklingo Pharmaceuticals Limited,Drugs,Cream,0.05%; 1%; 0.5%,1 x 30 g (in lami tube),A4-101350,Active,"Topical Cream.
White soft mass filled in lami collapsible tube","Each gram of cream contains: Clotrimazole USP 10 mg, Betamethasone Dipropionate USP equiv. to Betamethasone 0.05 mg, Neomycin sulfate USP 5000 IU, Chlorocresol USP (as Preservative) 0.1% w/w, Cream base q.s.",Topical,G01BF,https://admin.greenbook.nafdac.gov.ng/uploadImage/smpc_files/2025/07/24/20250724cb55236e-ce49-5ce3-b348-12236ff1591e.pdf,2025-06-25,2030-06-24,https://greenbook.nafdac.gov.ng/products/details/11374,2026-09-27T21:22:20.085187+00:00,912
greenbook,7137,Bactofin 500 Tablets##,Clarithromycin,SJS Life Sciences Limited,Drugs,Tablet,500 mg,1 x 10&#039;s (in Alu-Alu blister),A4-100722,Active,"White colored caplet shaped, biconvex film coated tablets having on one side a break line and the other side plain

5	NF-PP-351911	BACTOFIN 500 TABLET	CLARITHROMYCIN USP 500MG	CLARITHROMYCIN USP 500 mg, Microcrystalline Cellulose (Plain), Croscarmellose Sodium (Primellose), Povidone (PVP K-30), Purified water, Purified Talc (Talcum), Colloidal Anhydrous Silica (Colloidal Silicon Dioxide) (Light), Magnesium Stearate, Stearic acid (Powder), Hypromellose (H.P.M.C.E 15), Titanium Dioxide, Macrogol 6000 (PEG 6000), Isopropyl Alcohol, Methylene Chloride	A4-100722	Drugs	Imported Products	1*10	POM 1	8/15/2023	SJS LIFE SCIENCES LIMITED, 11, OLU AKERELE STREET, IKEJA, LAGOS	8114441430	sjslifesciencesltd@gmail.com	GLOBELA PHARMA PVT. LTD., 357 358, G.I.D.C., SACHIN, SURAT - 394 230, GUJARAT, INDIA, India","Each film coated tablets contains: Clarithromycin USP 500 mg
Excipients q.s.",Oral,J01FA09,https://admin.greenbook.nafdac.gov.ng/uploadImage/smpc_files/2024/02/16/2024021690374561-72ab-58a0-8ccd-a5870d1d886a.pdf,2024-01-31,2029-01-30,https://greenbook.nafdac.gov.ng/products/details/7137,2026-09-27T21:22:20.085187+00:00,913
greenbook,6510,Bactrosec Tablet 500 mg##,Secnidazole,Pinnacle Health Pharmaceutical &amp; Stores Ltd,Drugs,Tablet,500 mg,"1 x 4&#039;s,1 x 10&#039;s (in PVC-Alu blisters)",A4-6798,Active,"Film coated tablet

48	RNW-PP-240977	BACTROSEC TABLET 500MG	SECNIDAZOLE TABLETS 500MG	List of excipients; Maize Starch BP. Micro Crystalline cellulose(plain) BP. Sodium Starch Glycolate BP. Methyl Paraben BP. Propyl Paraben BP. Purified water BP. Colloidal Silicon Dioxide (light) BP. Magnesium Stearate BP. Talcum BP. H.P.M.C.E 15 BP. Titanium dioxide BP. Isopropyl Alcohol BP. Methylene chloride DCMB BP.	A4-6798	Drugs	Imported Products	1X4	Prescription Only Medicine (POM)	4/19/2022	PINNACLE HEALTH PHARMACEUTICAL &amp; STORES LTD, 16/18, Nuru Oniwo Street, Aguda, Surulere, Lagos	8034707350	phppharma@yahoo.com	GLOBELA PHARMA PVT LTD. 357, GIDC, SACHIN, SURAT, GUJARAT, INDIA, 357,358 sachin road, No., 3Surat-394230,Gujarat, India., India","Each film coated tablet contains: Secnidazole 500 mg
Excipients: Maize Starch, Microcrystalline Cellulose (Plain), Sodium Starch Glycolate, Methyl Paraben, Propyl Paraben, Purified Water, Colloidal Anhydrous Silica, Magnesium Stearate, Purified Talc, Hypromellose (H.P.M.C E 15), Titanium Dioxide, Isopropyl Alcohol, Methylene Chloride DCM",Oral,P01AB07,https://admin.greenbook.nafdac.gov.ng/uploadImage/smpc_files/2023/12/17/20231217426c44cd-2d96-5fba-b780-b6eac1f75814.pdf,2023-11-30,2028-11-29,https://greenbook.nafdac.gov.ng/products/details/6510,2026-09-27T21:22:20.085187+00:00,914
greenbook,8024,Bactrox 20 mg Ointment**,Mupirocin,Akso Pharmaceutical Nigeria Limited,Drugs,Ointment,2%,15 g (in collapsible aluminium tube),A4-101001,Active,"Topical ointment.
A white or almost white ointment",Each gram contains: Mupirocin 20 mg (2% w/w),Topical,D06AX09,https://admin.greenbook.nafdac.gov.ng/uploadImage/smpc_files/2024/09/29/2024092996eb0c02-df8e-5299-b25c-691f5f51f85f.pdf,2024-08-28,2029-08-27,https://greenbook.nafdac.gov.ng/products/details/8024,2026-09-27T21:22:20.085187+00:00,915
greenbook,6778,Badruf Cream## (smpc format),Betamethasone; Clotrimazole; Neomycin sulfate,Basic Pharmaceutical &amp; Herbal Healthcare Limited,Drugs,Cream,0.05%; 1%; 0.5%,1 x 30 g (in Lami tube),A4-100679,Active,"Cream

10	NF-PP-345016	BADRUF CREAM	Clotrimazole BP 1.0% w/w , Betamethasone Dipropionate BP Equivalent to Betamethasone 0.05% w/w , Neomycin Sulphate BP 0.5% w/w, Chlorocresol BP (Preservative) 1%w/w, In a cream base q.s	Clotrimazole BP 1.0%W/W Betamethasone Dipropionate BP Equivalent to Betamethasone 0.05%W/W Neomycin Sulphate BP 0.5%W/W Chlorocresol BP (Preservative) 0.1%W/W In a Cream base q.s.	A4-100679	Drugs	Imported Products	1*30gms	Prescription Only Medicine (POM)	8/24/2023	BASIC PHARMACEUTICAL &amp; HERBAL HEALTH CARE LTD, ODELOLA STREET IKATE SURULERE LAGOS SURULERE LAGOS		BASICPHARMA.NG@GMAIL.COM	BASE MEDICO PVT. LTD., Survey No. 570, Village: Tundav, TAL.: Savli, DIST.: Vadodara, Gujarat, India","Badruf Cream contains: Clotrimazole, Betamethasone Dipropionate 0.05% w/w, and Neomycin Sulphate 0.05% w/w
Excipients: Sorbitol, Citric Acid Monohydrate, Sodium Methyl Paraben, Sodium Propyl Paraben, Propylene Glycol, Liquid Paraffin Heavy, Chlorocresol, Cetostearyl Alcohol, Cetomacrogol 1000, Purified Water",Topical,D07CC01,https://admin.greenbook.nafdac.gov.ng/uploadImage/smpc_files/2023/12/31/202312313c9fbd69-bd92-5702-b0b3-3b05e63a40c6.pdf,2023-12-21,2028-12-20,https://greenbook.nafdac.gov.ng/products/details/6778,2026-09-27T21:22:20.085187+00:00,916
greenbook,10618,Bafnacare 200 mg Tablets##,Aciclovir,AnnyGod Pharmaceutical Company Ltd,Drugs,Tablet,200 mg,5 x 5&#039;s ( in Alu-PVC blisters),A4-101201,Active,"Uncoated Tablet
White to off white, capsule shaped, biconvex, uncoated tablets debossed “ACV” on one side and “200” on other side

BAFNACARE  200MG TABLET	ACICLOVIR BP 200MG	ACICLOVIR 200MG, CORN STARCH, MAGNESIUM STEARATE		Drugs	Imported Product	5*5	06-09-2024	ANNYGOD PHARMACEUTICAL COMPANY LTD, 28 UKWULU STREET, AWADA OBOSI, ANAMBRA STATE	046820296	annygod_pharma@hotmail.com	BAFNA PHARMACEUTICAL LTD., NO. 147, MADHAVARAM REDHILLS HIGH ROAD, GRANTLYON VILLAGE, VADAKARI POST, CHENNAI-600 052. INDIA.","Each uncoated tablet contains: Aciclovir BP 200 mg
Excipients q.s.

",Oral,J05AB01,https://admin.greenbook.nafdac.gov.ng/uploadImage/smpc_files/2025/04/15/202504153542a68a-f3b9-534d-901f-415cb851838e.pdf,2025-02-28,2030-02-27,https://greenbook.nafdac.gov.ng/products/details/10618,2026-09-27T21:22:20.085187+00:00,917
greenbook,9643,Bafnacare 400 Tablet##,Aciclovir,AnnyGod Pharmaceutical Company Ltd,Drugs,Tablet,400 mg,4 x 14&#039;s (in Alu-PVC blisters),A4-101202,Active,"Uncoated Tablet
White to off white, capsule shaped, biconvex, uncoated tablets debossed &quot;ACV&quot; on one side and &quot;400&quot; on other side

BAFNACARE 400 TABLET	ACICLOVIR BP 400MG	ACICLOVIR BP 400MG, MAIZE STARCH, COLLOIDAL ANHYDROUS SILICA, MAGNESIUM STEARARTE, PURIFIED TALC, ISOPROPYL ALCOHOL		Drugs	Imported Product	4*14	22-06-2022	ANNYGOD PHARMACEUTICAL COMPANY LTD, 28 UKWULU STREET, AWADA OBOSI, ANAMBRA STATE	046820296	annygod_pharma@hotmail.com	BAFNA PHARMACEUTICAL LTD., NO. 147, MADHAVARAM REDHILLS HIGH ROAD, GRANTLYON VILLAGE, VADAKARI POST, CHENNAI-600 052. INDIA.","Each tablet contains: Aciclovir BP 400 mg
Excipients q.s.",Oral,J05AB01,https://admin.greenbook.nafdac.gov.ng/uploadImage/smpc_files/2025/05/11/20250511b26941a5-b4bf-5b09-9b42-95b7a2f56fc9.pdf,2025-02-28,2030-02-27,https://greenbook.nafdac.gov.ng/products/details/9643,2026-09-27T21:22:20.085187+00:00,918
greenbook,7863,Bafnacure 2 mg Tablet**,Risperidone,AnnyGod Pharmaceutical Company Ltd,Drugs,Tablet,2 mg,10 x 10&#039;s,A4-100928,Active,Film coated tablet,"Risperidone Tablets BP 2 mg.
Each film-coated tablet contains: Risperidone BP 2 mg",Oral,N05AX08,https://admin.greenbook.nafdac.gov.ng/uploadImage/smpc_files/2024/09/14/20240914b6dc4bf1-22d2-5cc4-b073-583658afcdaa.pdf,2024-07-31,2029-07-30,https://greenbook.nafdac.gov.ng/products/details/7863,2026-09-27T21:22:20.085187+00:00,919
greenbook,3435,Balerythro Tablet##,Erythromycin (Erythromycin Stearate),Onifam Laboratories Limited,Drugs,Tablet,500 mg,,C4-1357,Inactive,Tablet,Each tablet contains: Erythromycin Stearate equivalent to Erythromycin 500 mg,Oral,J01FA01,,2020-12-21,2025-12-20,https://greenbook.nafdac.gov.ng/products/details/3435,2026-09-27T21:22:20.085187+00:00,920
greenbook,11113,Balmal 20/120 Tablets**,Artemether; Lumefantrine,Grohe Pharmaceutical Ltd,Drugs,Tablet,20 mg; 120 mg,1 x 24&#039;s (in Alu-PVC blister),A4-101254,Active,"Uncoated Tablet.
Yellow color, round shaped, uncoated, biconvex tablet plain on both side","Each uncoated tablet contains: Artemether 20 mg, Lumefantrine USP 120 mg, Excipients q.s.",Oral,P01BF01,https://admin.greenbook.nafdac.gov.ng/uploadImage/smpc_files/2025/05/25/2025052596dcd4eb-d30a-5bef-ba71-1e44d14edea2.pdf,2025-04-30,2030-04-29,https://greenbook.nafdac.gov.ng/products/details/11113,2026-09-27T21:22:20.085187+00:00,921
greenbook,11114,Balmal 80/480 Tablets**,Artemether; Lumefantrine,Grohe Pharmaceutical Ltd,Drugs,Tablet,80 mg; 480 mg,1 x 6&#039;s (in Alu-PVC blister),A4-101253,Active,"Uncoated Tablet.
Yellow color, caplet shaped, uncoated tablet having break-line on one side with other side plain","Each uncoated tablet contains: Artemether 80 mg, Lumefantrine 480 mg, Excipients q.s.",Oral,P01BF01,https://admin.greenbook.nafdac.gov.ng/uploadImage/smpc_files/2025/05/25/202505258010c7df-2f1e-50f6-b3c5-e853af4b7a39.pdf,2025-04-30,2030-04-29,https://greenbook.nafdac.gov.ng/products/details/11114,2026-09-27T21:22:20.085187+00:00,922
greenbook,11415,Baltenart 20/120 Dispersible Tablets_,Artemether; Lumefantrine,SJS Life Sciences Limited,Drugs,Tablet,20 mg; 120 mg,30 x 1 x 24&#039;s (in Alu-PVC blisters),C4-0622,Active,"Tablet.
A yellow-coloured, round-shaped, bi-convex, uncoated dispersible tablet, having one side, break-line, and the other side plain","Each uncoated tablet contains: Artemether 20 mg, and Lumefantrine 120 mg
Excipients q.s.",Oral,P01BF01,https://admin.greenbook.nafdac.gov.ng/uploadImage/smpc_files/2025/08/22/2025082268a28fa2-581e-542c-bcd5-c0e5f3436b08.pdf,2025-07-30,2030-07-29,https://greenbook.nafdac.gov.ng/products/details/11415,2026-09-27T21:22:20.085187+00:00,923
greenbook,11416,Baltenart Tablets 80/480_,Artemether; Lumefantrine,SJS Life Sciences Limited,Drugs,Tablet,80 mg; 480 mg,10 x 1 x 6&#039;s (in Alu-Alu blisters),C4-0699,Active,"Tablet.
Yellow-coloured, round, bi-convex shaped, uncoated tablet.","Each uncoated tablet contains: Artemether 80 mg, and Lumefantrine 480 mg
Excipients q.s.",Oral,P01BF01,https://admin.greenbook.nafdac.gov.ng/uploadImage/smpc_files/2025/08/22/20250822bde24abd-9a81-5a37-b52c-416fa588891f.pdf,2025-07-30,2030-07-29,https://greenbook.nafdac.gov.ng/products/details/11416,2026-09-27T21:22:20.085187+00:00,924
greenbook,7864,Balzit-500 Tablets**,Azithromycin (Azithromycin Dihydrate),L&#039;PaceMaker Pharmaceuticals Limited,Drugs,Tablet,500 mg,1 x 3&#039;s, B4-2657,Inactive,Tablet,Each tablet contains: Azithromycin Dihydrate USP equiv. to Azithromycin 500 mg,Oral,,,2021-06-24,2026-06-23,https://greenbook.nafdac.gov.ng/products/details/7864,2026-09-27T21:22:20.085187+00:00,925
greenbook,3007,Balzole Tablets## (duplicate),Albendazole,Krismediks Nigeria Limited,Drugs,Tablet,400 mg,,B4-5220,Inactive,Chewable Tablet,"Each tablet contains: Albendazole BP 400 mg
Excipients q.s.
Color: Sunset Yellow
",Oral,P02CA03,https://admin.greenbook.nafdac.gov.ng/uploadImage/smpc_files/2023/05/27/20230527b88bd477-a928-56f4-aa55-e3b9c0abd973.pdf,2020-12-21,2025-12-20,https://greenbook.nafdac.gov.ng/products/details/3007,2026-09-27T21:22:20.085187+00:00,926
greenbook,12139,Banakeme Tablets 0.5 mg_,Dexamethasone,Unilink Pharmaceutical Ltd,Drugs,Tablet,0.5 mg,1 x 100&#039;s (in jars),A4-101737,Active,Tablet,"Each tablet contains: Dexamethasone BP 0.5 mg
Excipients q.s.",Oral,H02AB02,https://admin.greenbook.nafdac.gov.ng/uploadImage/smpc_files/2025/12/10/202512109c2536c4-8880-5e21-b663-7cfb2637a34d.pdf,2025-11-26,2030-11-25,https://greenbook.nafdac.gov.ng/products/details/12139,2026-09-27T21:22:20.085187+00:00,927
greenbook,4732,Banazine Injection**,Pentazocine (Pentazocine Lactate),Merit Healthcare Limited,Drugs,Solution for injection,30 mg/mL,1 mL x 2 x 5&#039;s (in ampoules),A4-3854,Active,Solution for Injection in 1-mL ampoule,"Pentazocine Injection BP.
Each mL contains: Pentazocine Lactate BP 30 mg, Benzyl alcohol USP 1.5% v/v (as Preservative), Water for injection BP Q.S.",Intravenous; Intramuscular; Subcutaneous,N02AD01,https://admin.greenbook.nafdac.gov.ng/uploadImage/smpc_files/2023/08/22/202308225b7e846c-21ec-5c44-bc2e-46e1be19a6cb.pdf,2023-05-25,2028-05-24,https://greenbook.nafdac.gov.ng/products/details/4732,2026-09-27T21:22:20.085187+00:00,928
greenbook,6534,Banedif Ointment## (strength format),Zinc Bacitracin; Neomycin Sulphate; Zinc oxide,Afrab-Chem Limited,Drugs,Ointment,126.90mg; 181.69mg;11.71mg,1 x 20 g (in plastic tube),04-2046,Active,"White and soft ointment with a characteristic odor

BANEDIF OINTMENT	ZINC BACITRACIN + NEOMYCIN SULPHATE	Zinc Bacitracin:126.90mg,Neomycin Sulphate:181.69mg,Zinc oxide:11.71mg, Anhydrous Lanolin:5.00mg,Cetyl Alcohol:20.00mg,Paraffin Liquid:8.33mg,Petroleum Jelly:1.85mg/G	Apr-46	Drugs	VARIOUS	Nigerian Products	20G	POM 1	25/07/2022	AFRAB-CHEM LIMITED, 22, ABIMBOLA STREET, ISOLO	12700057	oyeyemiat2005@yahoo.com	AFRAB CHEM LIMITED, 22, ABIMBOLA STREET, ISOLO INDUSTRIAL ESTATE, ISOLO-LAGOS, Nigeria","Each 1 g contains: Zinc Bacitracin 500 IU and Neomycin Sulphate 5 mg
Excipients: Zinc Oxide, Anhydrous Lanolin, Cetyl Alcohol, Paraffin Liquid, Petroleum Jelly
",Topical,D06AX,https://admin.greenbook.nafdac.gov.ng/uploadImage/smpc_files/2023/12/14/20231214c9758bfb-f249-5eee-9557-536e3107aa10.pdf,2023-11-30,2028-11-29,https://greenbook.nafdac.gov.ng/products/details/6534,2026-09-27T21:22:20.085187+00:00,929
greenbook,4289,Banedif Powder,Neomycin; Bacitracin zinc,Afrab-Chem Limited,Drugs,Powder,5 mg/g; 250 IU/g,5G,04-1271,Inactive,"BANEDIF POWDER	ZINC BACITRACIN AND NEOMYCIN SULPHATE	ZINC BACITRACIN 250IU + NEOMYCIN SULPHATE 5MG / G	04-1271	Drugs	Nigerian Products	5G	15-08-2025	AFRAB-CHEM LIMITED, NO22ABIMBOLASTREETISOLOINDUSTRIALESTATEISOL,LAGOS,LAGOS	012700057	oyeyemiat2005@yahoo.com	AFRAB CHEM LIMITED, 22, ABIMBOLA STREET, ISOLO INDUSTRIAL ESTATE, ISOLO, LAGOS, NIGERIA.
","Each gram of powder contains: Zinc Bacitracin 250 IU, Neomycin Sulfate 5 mg",Topical,D06AX04,https://admin.greenbook.nafdac.gov.ng/uploadImage/smpc_files/2026/07/23/202607239a878b6b-72a4-55c9-a2d8-2c12eecd7413.pdf,2026-06-30,2031-06-29,https://greenbook.nafdac.gov.ng/products/details/4289,2026-09-27T21:22:20.085187+00:00,930
greenbook,9164,Baraxix Tablet**,Furosemide,Global Young Pharma Limited,Drugs,Tablet,40 mg,25 x 10&#039;s (in Alu/Alu/PVC strips),B4-6802,Active,"Uncoated Tablet.
White to off white, flat, uncoated tablets with beveled edges, debossed BARAXIX on one side and plain on the other side","Furosemide 40 mg Tablets.
Each uncoated tablet contains: Furosemide BP 40 mg",Oral,C03CA01,https://admin.greenbook.nafdac.gov.ng/uploadImage/smpc_files/2025/05/11/20250511e8d149a7-01f6-5f2a-b2a2-a0b5f29f30ec.pdf,2025-01-30,2030-01-29,https://greenbook.nafdac.gov.ng/products/details/9164,2026-09-27T21:22:20.085187+00:00,931
greenbook,11418,Bari Deep Relief Cream_,Menthol; Eucalyptus Oil; White Ointment,Bari Pharmacy Nig Ltd,Drugs,Cream,"5.91%, 1.97%, 80%",1 x 30 g (in Lami tube),A4-101387,Active,"Cream
","Each gram cream contains: Menthol BP 5.91% w/w, Eucalyptus Oil BP 1.97% w/w, White Ointment 80% w/w
Excipients q.s.",Topical,M02A,https://admin.greenbook.nafdac.gov.ng/uploadImage/smpc_files/2025/08/26/20250826a2bf5be2-7487-5b0a-a4c3-43b212c3d1db.pdf,2025-07-30,2030-07-29,https://greenbook.nafdac.gov.ng/products/details/11418,2026-09-27T21:22:20.085187+00:00,932
greenbook,11699,Bari Ketoconazole Cream_,Ketoconazole,Bari Pharmacy Nig Ltd,Drugs,Cream,2%,1 x 20 g (in Lami tube),A4-101464,Active,Cream,"Each gram contains: Ketoconazole BP 2% w/w, Cream Base q.s
Excipients q.s.",Topical,J01FA10,https://admin.greenbook.nafdac.gov.ng/uploadImage/smpc_files/2025/10/24/2025102415001716-30e3-5873-bbfc-745749bf7dab.pdf,2025-08-27,2030-08-26,https://greenbook.nafdac.gov.ng/products/details/11699,2026-09-27T21:22:20.085187+00:00,933
greenbook,11483,"Bari Ketoconazole, Clobetasol Propionate and Neomycin Sulfate Cream_",Ketoconazole; Clobetasol propionate; Neomycin sulphate,Bari Pharmacy Nig Ltd,Drugs,Cream,10 mg; 0.25 mg; 5000 IU,1 x 30 g (in Lami tube),A4-101409,Active,Cream,"Each gram contains: Ketoconazole 10 mg, Clobetasol Propionate 0.25 mg, and Neomycin Sulfate 5000 IU,
Cream Base q.s.",Topical,D07CD01,,2025-07-30,2030-07-29,https://greenbook.nafdac.gov.ng/products/details/11483,2026-09-27T21:22:20.085187+00:00,934
greenbook,5582,Barole I.V. Injection##,Rabeprazole Sodium,Mega Lifesciences Nigeria Limited,Drugs,Injection,20 mg,I x 1 (in transparent glass vial),A4-5749,Active,"Injection

93	RNW-PP-261647	BAROLE I.V. INJECTION	RABEPRAZOLE SODIUM 20MG	RABEPRAZOLE SODIUM 20MG, MANNITOL, SODIUM CARBONATE, SODIUM HYDROXIDE, WATER FOR INJECTION	A4-5749	Drugs	ALIMENTARY TRACT AND METABOLISM	Imported Products	I*1 transparent glass vial	Prescription Only Medicine (POM)	4/21/2022	MEGA LIFESCIENCES NIGERIA LIMITED, GUINNESS ROAD, OGBA - IKEJA OGBA LAGOS	8053596201	info.ng@megawecare.com	GUFIC BIOSCIENCES LIMITED, N.H NO. 8, NEAR GRID, KABILPORE, NAVSARI, GUJARAT, INDIA, India","Barole I.V. Injection contains: Rabeprazole Sodium 20 mg
Excipients: Mannitol, Sodium Carbonate, Sodium Hydroxide, Water for Injection",Intravenous,A02BC04,https://admin.greenbook.nafdac.gov.ng/uploadImage/smpc_files/2025/01/15/20250115e15a2695-4a6f-54ab-9a10-b5e64a2338db.pdf,2023-03-28,2028-03-27,https://greenbook.nafdac.gov.ng/products/details/5582,2026-09-27T21:22:20.085187+00:00,935
greenbook,6845,Basedol Gel## (smpc format),Diclofenac Sodium (Diclofenac Diethylamine); Methyl salicylate; Menthol; Linseed oil,Basic Pharmaceutical &amp; Herbal Healthcare Limited,Drugs,Gel,1.16%; 3.00%; 10.00%; 5.00%,1 x 30 g (in Lami tube),A4-100687,Active,"Gel

25	NF-PP-354416	BASEDOL GEL	Diclofenac Diethylamine BP 1.16% w/w e.q. to Diclofenac Sodium 1.00 % w/w Methyl Salicylate BP 10.0 % w/w Menthol BP 5.0 % w/w Benzyl Alcohol BP (as preservative) 1.0 % w/w Linseed Oil BP 3.0 % w/w Gel base q.s.	Diclofenac Diethylamine BP 1.16% w/w e.q. to Diclofenac Sodium 1.00 % w/w Linseed Oil BP 3.0 % w/w Methyl Salicylate BP 10.0 % w/w Menthol BP 5.0 % w/w Benzyl Alcohol BP (as preservative) 1.0 % w/w Gel base q.s.	A4-100687	Drugs	Imported Products	1*30gms	Over The Counter (OTC)	8/25/2023	BASIC PHARMACEUTICAL &amp; HERBAL HEALTH CARE LTD, ODELOLA STREET IKATE SURULERE LAGOS SURULERE LAGOS","Basedol Gel contains: Diclofenac Diethylamine BP 1.16% w/w equivalent to Diclofenac Sodium 1.00 % w/w, Linseed Oil BP 3.0 % w/w, Methyl Salicylate BP 10.0 % w/w, Menthol BP 5.0 % w/w
Excipients q.s.",N/A,D11AX18,https://admin.greenbook.nafdac.gov.ng/uploadImage/smpc_files/2023/12/31/2023123187069bf7-5880-5892-9ae7-e039259967ad.pdf,2023-12-21,2028-12-20,https://greenbook.nafdac.gov.ng/products/details/6845,2026-09-27T21:22:20.085187+00:00,936
greenbook,8731,Baseheal Cream**,Clobetasol; Ketoconazole; Neomycin,Basic Pharmaceutical &amp; Herbal Healthcare Limited,Drugs,Cream,0.25 mg/g; 10 mg/g; 5000 IU/g,15 g tube,A4-101102,Active,"Topical Cream.
White to off-white coloured, smooth, lumps-free cream","Ketoconazole, Clobetasol Propionate &amp; Neomycin Sulfate Cream.
Each gram contains: Ketoconazole BP 10 mg, Clobetasol Propionate BP 0.25 mg, Neomycin Sulfate BP 5000 IU, Cream base q.s.",Topical,,https://admin.greenbook.nafdac.gov.ng/uploadImage/smpc_files/2024/12/10/20241210a6de1eec-a79f-5c2e-a6d6-f07c4650793c.pdf,2024-11-22,2029-11-21,https://greenbook.nafdac.gov.ng/products/details/8731,2026-09-27T21:22:20.085187+00:00,937
greenbook,8973,Baxcef-SB Powder for Injection (I.M)**,Ceftriaxone (Ceftriaxone Sodium); Sulbactam (Sulbactam Sodium),Global Healthcare Ltd,Drugs,Powder for injection,1000 mg; 500 mg,1.5 g x 1&#039;s (in vial) + 3.5 mL Lidocaine HCl 1% (in ampoule),C4-1884,Active,Powder for solution for injection in a vial plus Lidocaine Hydrochloride Injection (1% w/v) as diluent in ampoule,"Each combipack contains:
A. One vial of Sterile Ceftriaxone Sodium equiv. to Ceftriaxone Anhydrous USP 1 g, Sulbactam USP 500 mg
B. One ampoule of Lidocaine Hydrochloride Injection (1% w/v), 3.5 mL",Intramuscular,J01DD63,https://admin.greenbook.nafdac.gov.ng/uploadImage/smpc_files/2025/03/10/20250310c6599a4e-17b1-5038-a94f-218384dd6c77.pdf,2021-10-28,2026-10-27,https://greenbook.nafdac.gov.ng/products/details/8973,2026-09-27T21:22:20.085187+00:00,938
greenbook,8974,Baxcef-SB Powder for Injection (I.V)**,Ceftriaxone (Ceftriaxone Sodium); Sulbactam (Sulbactam Sodium),Global Healthcare Ltd,Drugs,Powder for injection,1000 mg; 500 mg,1.5 g x 1&#039;s (in vial) + 10 mL SWFI (in ampoule),C4-1885,Active,Powder for solution for injection in a vial plus Sterile Water for Injection (SWFI) as diluent in ampoule,"Each combipack contains:
A. One vial of Sterile Ceftriaxone Sodium equiv. to Ceftriaxone Anhydrous USP 1 g, Sulbactam USP 500 mg
B. One ampoule of Sterile Water for Injection 10 mL (as diluent)",Intravenous,J01DD63,https://admin.greenbook.nafdac.gov.ng/uploadImage/smpc_files/2025/03/10/202503108b1d79ff-909a-548d-be4f-782b391e27c3.pdf,2021-10-28,2026-10-27,https://greenbook.nafdac.gov.ng/products/details/8974,2026-09-27T21:22:20.085187+00:00,939
greenbook,4421,Baylo Kit Capsules & Tablets##,Lansoprazole; Clarithromycin; Tinidazole,Excel Charis Pharmaceutical Chemical Limited,Drugs,Tablet,250 mg; 250 mg; 30 mg,,A4-100052,Inactive,Tablet,"Each tablet contains: Lansoprazole 250 mg, Clarithromycin 250 mg, Tinidazole 30 mg",Oral,A02BD09,https://admin.greenbook.nafdac.gov.ng/uploadImage/smpc_files/2025/04/15/202504159d89f463-08ee-5f94-9eb5-eb6cdcad7337.PDF,2021-05-28,2026-05-27,https://greenbook.nafdac.gov.ng/products/details/4421,2026-09-27T21:22:20.085187+00:00,940
greenbook,4290,Baylo Kit Capsules & Tablets## (duplicate),Lansoprazole; Clarithromycin; Tinidazole,Excel Charis Pharmaceutical Chemical Limited,Drugs,Kit,30 mg; 250 mg; 500 mg,,A4-100052,Inactive,Kit,Each Kit contains: Lansoprazole USP 30 mg (2 capsules) + Clarithromycin 250 mg (2 tablets) + Tinidazole 500 mg (2 tablets),Oral,A02BD09,https://admin.greenbook.nafdac.gov.ng/uploadImage/smpc_files/2025/04/15/20250415d4adc0ae-f96a-5726-95bb-3fc8404a4810.PDF,2021-05-28,2026-05-27,https://greenbook.nafdac.gov.ng/products/details/4290,2026-09-27T21:22:20.085187+00:00,941
greenbook,324,Bazole Tablets##,Albendazole,Krismediks Nigeria Limited,Drugs,Tablet,400 mg,,B4-5220,Inactive,Tablet,Each tablet contains: Albendazole BP 400 mg,Oral,P02CA03,,2021-08-03,2026-08-02,https://greenbook.nafdac.gov.ng/products/details/324,2026-09-27T21:22:20.085187+00:00,942
greenbook,8586,Bazreal Lisinopril Tablet 5 mg**,Lisinopril,Bazreal Global Limited,Drugs,Tablet,5 mg,2 x 14&#039;s (in Alu-PVC blisters),A4-1917,Active,Uncoated tablet,"Lisinopril Tablets USP 5 mg.
Each uncoated tablet contains: Lisinopril USP 5 mg.
Colour: Titanium dioxide BP",Oral,,https://admin.greenbook.nafdac.gov.ng/uploadImage/smpc_files/2024/11/23/2024112359972f5b-a321-5b0b-8317-d027abae7071.pdf,2024-10-31,2029-10-30,https://greenbook.nafdac.gov.ng/products/details/8586,2026-09-27T21:22:20.085187+00:00,943
greenbook,8587,Bazreal Lisinopril Tablets 10 mg**,Lisinopril,Bazreal Global Limited,Drugs,Tablet,10 mg,2 x 14&#039;s (in Alu-PVC blisters),A4-1881,Active,Uncoated tablet,"Lisinopril Tablets USP 10 mg.
Each uncoated tablet contains: Lisinopril USP 10 mg.
Colour: Titanium dioxide BP",Oral,,https://admin.greenbook.nafdac.gov.ng/uploadImage/smpc_files/2024/11/23/202411239f76df5f-fd79-58df-b71e-556e34813745.pdf,2024-10-31,2029-10-30,https://greenbook.nafdac.gov.ng/products/details/8587,2026-09-27T21:22:20.085187+00:00,944
greenbook,8732,Bazreal Oxytocin Injection 10 IU/1 mL**,Oxytocin,Bazreal Global Limited,Drugs,Solution for injection,10 IU/mL,1 mL x 10&#039;s (in clear glass ampoules),A4-101088,Active,"Solution for injection.
A clear, colourless liquid",Each mL solution contains: Oxytocin BP 10 IU,Intravenous,H01BB02,https://admin.greenbook.nafdac.gov.ng/uploadImage/smpc_files/2024/12/10/20241210aff8eb58-2ed2-574c-bf10-2b9414de9b82.pdf,2024-11-22,2029-11-21,https://greenbook.nafdac.gov.ng/products/details/8732,2026-09-27T21:22:20.085187+00:00,945
greenbook,7865,BCOJ Vitamin B-Complex Tablet**,Vitamin B1; Vitamin B2; Vitamin B6; Nicotinamide,Jessy Pharmaceutical Company Limited,Drugs,Tablet,1 mg; 1 mg; 1 mg; 15 mg,3 x 10&#039;s (in PVC/Aluminum blisters),A11-100733,Active,Tablet,"Each tablet contains: Thiamine Hydrochloride (Vitamin B1) 1 mg, Riboflavin (Vitamin B2) 1 mg, Pyridoxine Hcl (Vitamin B6) 1 mg, Nicotinamide (Vitamin B3) 15 mg",Oral,,https://admin.greenbook.nafdac.gov.ng/uploadImage/smpc_files/2024/09/17/20240917faf8b031-3605-59be-a3a1-c7ac7dc14c84.pdf,2024-07-31,2029-07-30,https://greenbook.nafdac.gov.ng/products/details/7865,2026-09-27T21:22:20.085187+00:00,946
greenbook,7420,"Bcosam Tablet## (duplicate, different product)",Vit A; Vit B1; Vit B2; Vit B6; Vit C; Vit D2; Nicotinamide,Sam Pharmaceutical Limited,Drugs,Tablet,NA,1 x 1000&#039;s (in container),04-0268,Inactive,"Tablet
Yellow, flat, beveled tablets with &quot;BCO&quot; marked one side and plain on the other side

763	Vitamins + Nicotinamide	04-0268	Bcosam Tablet	Thiamine Hcl (Vit.B) Riboflavine (Vit.B) Nicotinamide Di-Calcium Phosphate, Maize Starch Purified Talc, Magnesium Stearate Gelatine, Methyl Paraben Propyl Paraben	Vitamins	Oral	1.07 mg, 1.07 mg, 16 mg, 58 mg, 64.57 mg, 1.14 mg, 0.86 mg, 5.8 mg, 0.17 mg, 0.06 mg	Tablet	Over The Counter (Otc)	Sam Pharmaceutical Limited	Sam Pharmaceutical Ltd.	Nigeria	2021-08-27	2026-08-26","Each tablet contains: Thiamine HCl (Vitamin B1) B.P 1 mg, Riboflavin (Vitamin B2) B.P 1 mg, Nicotinamide B.P 15 mg
Excipients q.s.
",Oral,A11A,https://admin.greenbook.nafdac.gov.ng/uploadImage/smpc_files/2024/12/16/20241216448d06de-7d7f-5574-9b96-7c648944cfbb.pdf,2021-08-27,2026-08-26,https://greenbook.nafdac.gov.ng/products/details/7420,2026-09-27T21:22:20.085187+00:00,947
greenbook,6827,Bebe Lotion##,Benzyl Benzoate,Ugo Lab Productions (Nig). Ltd,Drugs,Lotion,25%,1 x 100 mL (in PET bottle),04-5917,Active,"Lotion

40	RNW-PP-347614	BEBE LOTION	BENZYL BENZOATE	BENZYL BENZOATE 25%W/V CRODA WAX	Apr-17	Drugs	Nigerian Products	100ML	Over The Counter (OTC)	12/11/2023	UGO LAB PRODUCTIONS (NIG). LTD, , BURMA ROAD KANO KANO	64944047	ofodilechinedu@ymail.com	UGOLAB PRODUCTION NIGERIA LIMITED, 157/159 CLUB ROAD BOMPAI INDUSTRIAL LAYOUT KANO NIGERIA, Nigeria","Bebe Lotion contains: Benzyl Benzoate BP 25% w/v
Excipients: Croda Wax",Topical,P03AX01,https://admin.greenbook.nafdac.gov.ng/uploadImage/smpc_files/2024/12/23/202412239ba30ea2-f9a4-56b4-ba77-e804b58d3b4b.pdf,2023-12-21,2028-12-20,https://greenbook.nafdac.gov.ng/products/details/6827,2026-09-27T21:22:20.085187+00:00,948
greenbook,7866,Becam Cream**,Betamethasone; Clotrimazole; Neomycin sulfate,Anyigold Global Services Nigeria Ltd,Drugs,Cream,0.05%; 1%; 0.5%,30 g (in Lami tube),A4-100955,Active,Topical Cream,"Betamethasone Dipropionate, Clotrimazole &amp; Neomycin Sulfate Cream.
Clotrimazole USP 1.0 % w/w, Betamethasone Dipropionate USP equiv. to Betamethasone 0.05 % w/w, Neomycin Sulfate USP equiv. to Neomycin Base 0.5 % w/w, Cream base q.s.",Topical,,https://admin.greenbook.nafdac.gov.ng/uploadImage/smpc_files/2024/09/14/202409142232d6b1-c60d-5fa7-b3b4-042c3d87d810.pdf,2024-07-31,2029-07-30,https://greenbook.nafdac.gov.ng/products/details/7866,2026-09-27T21:22:20.085187+00:00,949
greenbook,4422,Becomex Injection##,Vit B1; Vit B2; Vit B6; Nicotinamide; Dexpanthenol,Drugfield Pharmaceuticals Limited,Drugs,Solution for injection,0.1%; 0.44%; 0.12%; 4%,1 x 10 mL vial,04-4509,Inactive,"Solution for Injection

04-4509 BECOMEX INJECTION THIAMINE HYDROCHLORIDE, RIBOFLAVIN - PHOSPHATE SODIUM, PYRIDOXINE HYDROCHLORIDE, NICOTINAMIDE, D-PANTHENOL, BENZYL ALCOHOL, SODIUM FORMALDEHYDE SULPHOXYLATE, WATER FOR INJECTION TO LT/LT VITAMINS INTRAVENOUS ROUTE 4.045KG, 2.157K, 1.676KG, 13.120KG,  1.968KG,13.120KG,  0.442KG,  656.000LT/656.000LT INJECTION PRESCRIPTION ONLY MEDICINE (POM) PREVENTION OF ANAEMIA AND NUTRITIONAL SUPPLEMENTATION OF CERTAIN VITAMINS DRUGFIELD PHARMACEUTICALS LIMITED NIGERIA DRUGFIELD PHARMACEUTICALS LIMITED NIGERIA 2021-05-27 2026-05-26","Each mL contains: Vitamin B1 5 mg, Vitamin B2 2 mg, Vitamin B6 2 mg, Nicotinamide 20 mg
Excipients q.s.
",Intravenous,A11EA,https://admin.greenbook.nafdac.gov.ng/uploadImage/smpc_files/2024/06/25/20240625115f5855-ea7a-5755-a5e9-4ae49ece58d5.pdf,2021-05-27,2026-05-26,https://greenbook.nafdac.gov.ng/products/details/4422,2026-09-27T21:22:20.085187+00:00,950
greenbook,5583,Becoten Injection## (check composition),Thiamine Hydrochloride; Riboflavin; Pyridoxine Hydrochloride; Niacinamide,Maydon Pharmaceuticals Limited,Drugs,Injection,100mg; 2mg; 2mg,1 x 10 mL vial,B4-3636,Active,"Solution for Injection
A yellow colored, clear solution filled in 10 mL amber glass vial USP T-I

1456	Thiamine Hcl, Riboflavin Sodium	B4-3636	Becoten Injection	Thiamine Hcl, Riboflavin Sodium	Multivitamins	Oral		Injection	Prescription Only Medicine (Pom)	Maydon Pharmaceuticals Limited	Nitin Life Sciences Ltd	India	2021-12-16	2026-12-15","Each mL contains: Thiamine Hydrochloride BP 10 mg, Riboflavin Sodium Phosphate equivalent to Riboflavin 0.5 mg, Pyridoxine Hydrochloride BP 1 mg, Nicotinamide BP 10 mg, Dexpanthenol BP 1 mg, Benzyl Alchohol BP (as preservative) 2% v/v, Water for Injection BP q.s.",Oral,A11EA,https://admin.greenbook.nafdac.gov.ng/uploadImage/smpc_files/2024/09/19/2024091962657b04-de1a-5bca-a54c-6d15b654955e.pdf,2021-12-16,2026-12-15,https://greenbook.nafdac.gov.ng/products/details/5583,2026-09-27T21:22:20.085187+00:00,951
greenbook,6772,Becovit Syrup##,Vitamin B Complex,Unique AgroChem Ltd,Drugs,Syrup,30 mg,1 x 100 mL (in PET bottle),A11-0793,Active,"Syrup
A clear yellow viscous syrup

32	RNW-PP-389414	BECOVIT SYRUP	VITAMIN B-COMPLEX SYRUP	Each 5ml Syrup contains: Vitamin B1(Thiamine Hydrochloride) 5mg, Vitamin B2 (Riboflavin) 2mg, Vitamin B6 (Pyridoxine Hydrochloride) 2mg, Nicotinamide 20mg, Methyl Paraben BP 11.25mg, Propyl Paraben BP 1.25mg, Glycerin BP 302.94mg, Sucrose BP 1700mg, Liquid Sorbitol BP 642.44mg, Orange Flavour 7.50mg, FD &amp; C Yellow 0.005mg, Purified Water BP ... Qs… to 5ml	A11-0793	Drugs	Nigerian Products	1*100ML	OTC	11/21/2023	UNIQUE PHARMACEUTICALS LIMITED, KM 38, ABEOKUTA ROAD, VEEPEE INDUSTRIAL AVENUE, SANGO-OTA,OGUN STATE.	8097421000	mail@uniquepharm.com	UNIQUE PHARMACEUTICALS LIMITED, 11, FATAI ATERE WAY, MATORI, MUSHIN, LAGOS., Nigeria","Each 5 mL syrup contains: Vitamin B1 (Thiamine Hydrochloride) 5 mg, Vitamin B2 (Riboflavin) 2 mg, Vitamin B6 (Pyridoxine Hydrochloride) 2 mg, Nicotinamide 20 mg
Excipients q.s.",Oral,A11EA,https://admin.greenbook.nafdac.gov.ng/uploadImage/smpc_files/2025/01/10/20250110cd839925-50b6-51d0-8e6b-078f89dee4ba.pdf,2023-12-21,2028-12-20,https://greenbook.nafdac.gov.ng/products/details/6772,2026-09-27T21:22:20.085187+00:00,952
greenbook,2917,Bedex Cefuroxime Axetil Tablets##,Cefuroxime (Cefuroxime Axetil),Uwans Ventures Limited,Drugs,Tablet,500 mg,,C4-1403,Inactive,Tablet,Each tablet contains: Cefuroxime (as Cefuroxime Axetil) 500 mg,Oral,J01DC02,,2020-12-21,2025-12-20,https://greenbook.nafdac.gov.ng/products/details/2917,2026-09-27T21:22:20.085187+00:00,953
greenbook,3426,Bedex Misoprostol Tablets##,Misoprostol,Uwans Ventures Limited,Drugs,Tablet,200 mcg,,C4-1203,Inactive,Tablet,Each tablet contains: Misoprostol 200 mcg,Oral,A02BB01,,2020-11-10,2025-11-09,https://greenbook.nafdac.gov.ng/products/details/3426,2026-09-27T21:22:20.085187+00:00,954
greenbook,12401,Bedex Spironolactone Tablets 25 mg_,Spironolactone,Uwans Ventures Limited,Drugs,Tablet,25 mg,"1 x 500&#039;s (in jars), 5 x 10&#039;s, 2 x 14&#039;s (in blisters)",C4-0947,Active,Tablet,"Each tablet contains: Spironolactone 25 mg
Excipients q.s.",Oral,C03DA01,https://admin.greenbook.nafdac.gov.ng/uploadImage/smpc_files/2025/12/30/202512309766233d-c82d-5516-8551-e3c5316248bc.pdf,2025-11-26,2030-11-25,https://greenbook.nafdac.gov.ng/products/details/12401,2026-09-27T21:22:20.085187+00:00,955
greenbook,7867,Bedixa 0.5 mg Tablets##,Dexamethasone,Hanbet Pharmaceuticals Limited,Drugs,Tablet,0.5 mg,10 x 10&#039;s (in PVC-Alu blisters),B4-0703,Inactive,"Tablet
White, round and flat caplets with beveled edges","Each tablet contains: Dexamethasone BP 0.5 mg
Excipients q.s.",Oral,,https://admin.greenbook.nafdac.gov.ng/uploadImage/smpc_files/2024/09/12/20240912901ae3ad-8eed-52f5-b42f-cd0d4be2cf33.pdf,2021-05-27,2026-05-26,https://greenbook.nafdac.gov.ng/products/details/7867,2026-09-27T21:22:20.085187+00:00,956
greenbook,7868,Bedixa Tablet**,Dexamethasone,Hanbet Pharmaceuticals Limited,Drugs,Tablet,1 mg,10 x 10&#039;s (in PVC/Alu blisters),B4-0718,Inactive,"Tablet
White, round and flat caplets with bevelled edges",Each tablet contains: Dexamethasone BP 1 mg,Oral,,https://admin.greenbook.nafdac.gov.ng/uploadImage/smpc_files/2024/08/15/202408153de25f26-b2bb-5074-ad99-7fbd29f8256a.pdf,2021-03-29,2026-03-28,https://greenbook.nafdac.gov.ng/products/details/7868,2026-09-27T21:22:20.085187+00:00,957
greenbook,12402,Bedozym 5 Tablets_,Bendroflumethiazide,ZMC International Limited,Drugs,Tablet,5 mg,"50 x 10&#039;s, 2 x 14&#039;s (in Alu-PVC blisters)",B4-5606,Active,Tablet,"Each tablet contains: Bendrofluazide BP 5 mg
Excipients q.s.

",Oral,C03AA01,https://admin.greenbook.nafdac.gov.ng/uploadImage/smpc_files/2025/12/23/20251223914ab536-2b13-595c-8e8e-5fda27134fb7.pdf,2025-11-26,2030-11-25,https://greenbook.nafdac.gov.ng/products/details/12402,2026-09-27T21:22:20.085187+00:00,958
greenbook,8398,Bellartem 80/480 Tablets**,Artemether; Lumefantrine,BellBag Pharmaceuticals Ltd,Drugs,Tablet,80 mg; 480 mg,1 x 6&#039;s,C4-0692,Active,Tablet,"Each tablet contains: Artemether 80 mg, Lumefantrine 120 mg",Oral,P01BF01,https://admin.greenbook.nafdac.gov.ng/uploadImage/smpc_files/2024/11/18/202411187d903174-8607-5a15-ad67-bfa87374ccf0.pdf,2024-09-25,2029-09-24,https://greenbook.nafdac.gov.ng/products/details/8398,2026-09-27T21:22:20.085187+00:00,959
greenbook,2817,Bellartem Powder For Oral Suspension 20/120 mg##,Artemether; Lumefantrine,BellBag Pharmaceuticals Ltd,Drugs,Powder for suspension,20 mg/5 mL; 120 mg/5 mL,,C4-1302,Inactive,Powder for Oral Suspension,"Each 5 mL reconstituted suspension contains: Artemether 20 mg, Lumefantrine 120 mg",Oral,P01BF01,,2020-11-30,2025-11-29,https://greenbook.nafdac.gov.ng/products/details/2817,2026-09-27T21:22:20.085187+00:00,960
greenbook,8399,Bellartem Tablets - 20/120**,Artemether; Lumefantrine,BellBag Pharmaceuticals Ltd,Drugs,Tablet,20 mg; 120 mg,1 x 24&#039;s,C4-0691,Active,Tablet,"Each tablet contains: Artemether 20 mg, Lumefantrine 120 mg",Oral,P01BF01,https://admin.greenbook.nafdac.gov.ng/uploadImage/smpc_files/2024/11/18/20241118af927929-1fcb-536f-bdcf-e9df2526d159.pdf,2024-09-25,2029-09-24,https://greenbook.nafdac.gov.ng/products/details/8399,2026-09-27T21:22:20.085187+00:00,961
greenbook,4089,BellBag Azithromycin Tablets 500 mg**,Azithromycin (Azithromycin Dihydrate),BellBag Pharmaceuticals Ltd,Drugs,Tablet,500 mg,,C4-1304,Inactive,Tablet,Azithromycin 500 mg,Oral,J01FA10,,2020-11-30,2025-11-29,https://greenbook.nafdac.gov.ng/products/details/4089,2026-09-27T21:22:20.085187+00:00,962
greenbook,8681,BellBag Cefixime**,Cefixime (Cefixime Trihydrate),BellBag Pharmaceuticals Ltd,Drugs,Tablet,400 mg,1 x 10&#039;s (in Alu-Alu blister),C4-1859,Active,"Film Coated Tablets.
A white coloured, oblong shaped, biconvex, film coated tablet with break line on one side and plain on other side","Cefixime Tablets USP 400 mg.
Each film coated tablet contains: Cefixime USP as Trihydrate equiv. to Anhydrous Cefixime 400 mg, Excipients q.s.
Colour: Titanium Dioxide BP",Oral,J01DD08,https://admin.greenbook.nafdac.gov.ng/uploadImage/smpc_files/2024/11/27/2024112795b8849e-894b-5351-8f98-446eef26a703.pdf,2021-09-28,2026-09-27,https://greenbook.nafdac.gov.ng/products/details/8681,2026-09-27T21:22:20.085187+00:00,963
greenbook,8682,BellBag Cefuroxime Tablets**,Cefuroxime (Cefuroxime Axetil),BellBag Pharmaceuticals Ltd,Drugs,Tablet,500 mg,1 x 10&#039;s (in blister),C4-1858,Active,Tablet,Cefuroxime 500 mg,Oral,,,2021-09-28,2026-09-27,https://greenbook.nafdac.gov.ng/products/details/8682,2026-09-27T21:22:20.085187+00:00,964
greenbook,4291,BellBag Serratiopeptidase Tablets**,Serratiopeptidase,BellBag Pharmaceuticals Ltd,Drugs,Tablet,10 mg,,C4-1303,Inactive,Tablet,"Each tablet contains: Serratiopeptidase 10 mg equiv. to 20,000 Serratiopeptidase Units",Oral,A09AA02,,2020-11-30,2025-11-29,https://greenbook.nafdac.gov.ng/products/details/4291,2026-09-27T21:22:20.085187+00:00,965
greenbook,2818,Benart Tablet##,Artemether; Lumefantrine,Benochi Pharmaceutical Industry Limited,Drugs,Tablet,80 mg; 480 mg,,C4-1349,Inactive,Tablet,"Each tablet contains: Artemether 80 mg, Lumefantrine 480 mg",Oral,P01BF01,,2020-12-21,2025-12-20,https://greenbook.nafdac.gov.ng/products/details/2818,2026-09-27T21:22:20.085187+00:00,966
greenbook,3176,Bencoreg Tablet##,Glibenclamide,Onifam Laboratories Limited,Drugs,Tablet,5 mg,,C4-1358,Inactive,Tablet,Each tablet contains: Glibenclamide 5 mg,Oral,A10BB01,,2020-12-21,2025-12-20,https://greenbook.nafdac.gov.ng/products/details/3176,2026-09-27T21:22:20.085187+00:00,967
greenbook,6037,Bendex Suspension##,Pyrantel (Pyrantel Pamoate),Unique AgroChem Ltd,Drugs,Suspension,250 mg/5 mL,1 x 15 mL (in bottle), A11-0695,Active,"Oral Liquid Suspension

37	RNW-PP-338707	BENDEX SUSPENSION	PYRANTEL PAMOATE SUSPENSION	Each 5ml Suspension contains: Pyrantel base (as Pyrantel Pamoate BP) 250mg, Methyl Paraben BP 10mg, Propyl Paraben BP 2.5mg, Sucrose BP 1500mg, Glycerin BP 500mg, Sodium CMC BP 11.61mg, Sodium Citrate BP 70mg, Polysorbate 80 BP 25mg, Citric Acid Monohydrate BP 17.5mg, Tartrazine Yellow 0.75mg, Pineapple Flavour 25mg, Purified Water BP …. Qs… to 5ml	A11-0695	Drugs	Nigerian Products	1*15ML	Prescription Only Medicine (POM)	7/20/2023	UNIQUE PHARMACEUTICALS LIMITED, FATAI ATERE WAY MATORI, MUSHIN LAGOS LAGOS	8097421000	mail@uniquepharm.com	UNIQUE PHARMACEUTICALS LIMITED, 11, FATAI ATERE WAY, MATORI, MUSHIN, LAGOS., Nigeria","Each contains: Pyrantel base (as Pyrantel Pamoate BP) 250 mg
Excipients: Glycerin BP, Sucrose BP, Methyl Paraben BP, Propyl Paraben BP, Sodium CMC BP, Polysorbate 80 BP, Citric Acid ** Monohydrate BP, Citric Acid anhydrous BP, Sodium Citrate BP, Tartrazine Yellow IHS, Pineapple Flavor IHS, Purified Water BP",Oral,P02CC01,https://admin.greenbook.nafdac.gov.ng/uploadImage/smpc_files/2023/10/07/20231007b2fc5ea6-b15c-5e44-a109-e2f12a2bc48a.pdf,2023-09-28,2028-09-27,https://greenbook.nafdac.gov.ng/products/details/6037,2026-09-27T21:22:20.085187+00:00,968
greenbook,3295,Bendrofluazide Tablets##,Bendroflumethiazide,ZMC International Limited,Drugs,Tablet,5 mg,,B4-5606,Inactive,Tablet,Each tablet contains: Bendroflumethiazide 5 mg,Oral,C03AA01,,2020-12-21,2025-12-20,https://greenbook.nafdac.gov.ng/products/details/3295,2026-09-27T21:22:20.085187+00:00,969
greenbook,7143,Bendroflumethiazide 2.5 mg Tablets##,Bendroflumethiazide,ZMC International Limited,Drugs,Tablet,2.5 mg,2 x 14&#039;s (in PVC-Alu blisters),B4-9204,Active,"Uncoated Tablets

54	RNW-PP-347412	BENDROFLUMETHIAZIDE 2.5MG TABLETS	BENDROFLUMETHIAZIDE 2.5MG	EACH TABLET CONTAINS BENDROFLUMETH47412IAZIDE 2.5MG EXCIPIENTS Lactose, pregelatinised starch, purified talc and stearic acid.	B4-9204	Drugs	Imported Products	2X14	Prescription Only Medicine (POM)	8/9/2023	ZMC INTERNATIONAL LIMITED., 7A NIGER STREET,KANO, KANO STATE, NIGERIA	576768789	zmcinternational18@gmail.com	CAMBRIDGE HEALTH CARE LTD, 257 GIDC PHASE I MODHERA ROAD MEHSANA GUJARAT INDIA, India","Each Uncoated tablets contains; Bendroflumethiazide BP 2.5 mg
Excipients q.s ",Oral,C03AA01,https://admin.greenbook.nafdac.gov.ng/uploadImage/smpc_files/2024/02/17/20240217cd8f5b36-0c94-5282-ba4d-0561ca5fc1df.pdf,2024-01-31,2029-01-30,https://greenbook.nafdac.gov.ng/products/details/7143,2026-09-27T21:22:20.085187+00:00,970
greenbook,3008,Benochi Albendazole Tablet##,Albendazole,Benochi Pharmaceutical Industry Limited,Drugs,Tablet,200 mg,,C4-1235,Inactive,Tablet,Each tablet contains: Albendazole 200 mg,Oral,P02CA03,,2020-11-10,2025-11-09,https://greenbook.nafdac.gov.ng/products/details/3008,2026-09-27T21:22:20.085187+00:00,971
greenbook,7984,Bentarpen Injection**,Benzathine benzylpenicillin,Sterling Drugs Limited,Drugs,Powder for injection,"2,400,000 IU",1 x 50&#039;s (in vials),A4-9168,Inactive,Powder for solution for injection in vial,"Benzathine Benzylpenicillin B.P. 2,400,000 IU.
Each Vial contains: Benzathine Benzylpenicillin BP 2,400,000 UNITS (2.0 g) 
Buffering Agent: Anhydrous Sodium Citrate USP",Intramuscular,J01CE08,https://admin.greenbook.nafdac.gov.ng/uploadImage/smpc_files/2024/09/29/202409293549f194-2642-523a-963f-c48d3ddefb7a.pdf,2021-06-24,2026-06-23,https://greenbook.nafdac.gov.ng/products/details/7984,2026-09-27T21:22:20.085187+00:00,972
greenbook,7398,Benylin 4 Flu Syrup##,Paracetamol; Pseudoephedrine Hydrochloride; Diphenhydramine Hydrochloride,Phillips Pharmaceuticals (Nigeria) Limited,Drugs,Syrup,1000 mg/20 mL; 45 mg/20 mL; 25 mg/20 mL,"1 x 100 mL, 1 x 200 mL (in amber glass bottles)",B4-9043,Active,"Syrup
A clear, orange liquid with a characteristic honey and lemon odor and taste

51	RNW-PP-344496	Benylin 4 Flu Syrup	DIPHENHYDRAMINE HYDROCHLORIDE 25.0MG, PSEUDOEPHEDRINE 45MG, PARACETAMOL 1000MG	Diphhenylhydramine Hydrochloride 25mg, Pseudo Ephedrine 45mg	B4-9043	Drugs	Imported Products	1*100ml, 1*200ml	Prescription Only Medicine (POM)	7/28/2023	PHILLIPS PHARMACEUTICALS (NIGERIA) LIMITED, PLOT 122-123 AFRIPRINT ESTATE, ISOLO	8035493198	samson.omattah@phillipsnigeria.com	Johnson &amp; Johnson (PTY) Limited, 241, Main Road, Retreat, Cape Town, 7945, South Africa., South Africa","Each 20 mL of liquid contains: Diphenhydramine Hydrochloride 25,0 mg, Pseudoephedrine Hydrochloride 45,0 mg, Paracetamol 1 000,0 mg
Excipients with known effect:
Preservatives: Sodium Benzoate 0,2% m/v, Alcohol 9,9% v/v
Each 20 mL contains Sweetener: Saccharin Sodium 112 mg 
Sugar free
Excipients q.s.",Oral,R01BA52,https://admin.greenbook.nafdac.gov.ng/uploadImage/smpc_files/2024/02/17/202402175c19a300-a8fd-5333-afe4-0752a7019296.pdf,2024-01-31,2029-01-30,https://greenbook.nafdac.gov.ng/products/details/7398,2026-09-27T21:22:20.085187+00:00,973
greenbook,5584,Benylin Children's Wet Cough##,Guaifenesin,J &amp; J Company West Africa Limited,Drugs,Syrup,100 mg/10 mL,1 x 100 mL (in bottle),B4-8279,Active,"Liquid
A clear, colorless to straw-colored, syrupy liquid with a strawberry odor and taste

BENYLIN CHILDREN&#039;S WET COUGH	GUAIFENESIN	Guaifenesin 100,000 mg, Sodium Benzoate 10,000 mg, Glycerine 1894,000 mg, Sodium Citrate Hydrous 57,000 mg, Citric Acid Hydrous 22,000 mg , Saccharin Sodium 16,000 mg, Sodium Cyclamate 13,000 mg, Sorbitol Solution 70% approx. 6710,000 mg, Sodium Carboxymethyl Cellulose 7 MF 96,000 mg, Strawberry Flavour 75051-33 30,90 mg, Water purified 3,500 ml.	B4-8279	Drugs	Imported Products	100ml	Over The Counter (OTC)	28/11/2022	J &amp; J COMPANY WEST AFRICA LIMITED, SINARI DARANIJO STREET, VICTORIA ISLAND LAGOS LAGOS	9062881239	DL-CONZACTCTRegulatoryAffairs@JNJZA.JNJ.com	Johnson &amp; Johnson (PTY) Ltd, 241, Main Road, Retreat, Cape Town, 7945, South Africa, South Africa","Each 10 mL contains: Guaifenesin 100 mg
Preservative: Sodium Benzoate 0,1 % m/v
Contains sweeteners: Each 10 mL contains 16 mg Saccharin Sodium, Sodium Cyclamate 13 mg
Contains sugar alcohol: Each 10 mL contains Sorbitol 6.71 g
Excipients q.s.",Oral,R05CA03,https://admin.greenbook.nafdac.gov.ng/uploadImage/smpc_files/2023/09/25/20230925a8d5df3b-ce84-59c9-8df6-9deb3d1c145e.pdf,2023-04-26,2028-04-25,https://greenbook.nafdac.gov.ng/products/details/5584,2026-09-27T21:22:20.085187+00:00,974
greenbook,5616,Benylin Dry Cough Syrup## (check composition),Dextromethorphan Hydrobromide,J &amp; J Company West Africa Limited,Drugs,Syrup,15 mg/5 mL,"1 x 100 mL, 1 x 200 mL (in amber glass bottles)",B4-7111,Active,"Syrup
Dark brown syrup with a faint odor of methanol and raspberries

Benylin Dry Cough Syrup	DEXTROMETHORPHAN 15mg/5ml	DEXTROMETHORPHAN 15mg/5ml, Sodium Benzoate 0.5%m/v, Sugar Free, Alcohol Free, Sorbitol, Glycerine.	B4-7111	Drugs	Imported Products	100ml,200ml	Over The Counter (OTC)	23/03/2022	J &amp; J COMPANY WEST AFRICA LIMITED, SINARI DARANIJO STREET, VICTORIA ISLAND LAGOS LAGOS	9062881239	DL-CONZACTCTRegulatoryAffairs@JNJZA.JNJ.com	Johnson &amp; Johnson (PTY) Ltd, 241, Main Road, Retreat, Cape Town, 7945, South Africa, South Africa				","Each 5 mL syrup contains: Dextromethorphan Hydrobromide 15 mg
Excipients with known effects:
Preservative: Sodium Benzoate 0.5% m/v
Each 5 mL contains sweetener: Sodium Cyclamate 20 mg, Saccharin Sodium 1.5 mg 
Each 5 mL contains sugar alcohol: Sorbitol 2.5 mg 
Sugar and Alcohol free
Excipients q.s.",Oral,R05DA09,https://admin.greenbook.nafdac.gov.ng/uploadImage/smpc_files/2023/09/29/2023092924e2c82e-b5ce-55d8-bbeb-a5425be792a1.pdf,2023-04-26,2028-04-25,https://greenbook.nafdac.gov.ng/products/details/5616,2026-09-27T21:22:20.085187+00:00,975
greenbook,5621,Benylin Original Syrup## (check composition),Diphenhydramine HCl; Ammonium chloride,J &amp; J Company West Africa Limited,Drugs,Syrup,12.5 mg/5 mL; 125 mg/5 mL,"1 x 100 mL, 1 x 200 mL (in amber glass bottles)",B4-7109,Active,"Syrup
A clear, dark brown syrup having a raspberry odor and taste

Benylin Original Syrup	DIPHENHYDRAMINE HCL, AMMONIUM CHLORIDE	Alcohol 5%, Sugar 1.0g, Glucose 2.3ml, Preserved with Sodium Benzoate 0.2%m/v	B4-7109	Drugs	Imported Products	100ml,200ml	Over The Counter (OTC)	03/02/2022	J &amp; J COMPANY WEST AFRICA LIMITED, SINARI DARANIJO STREET, VICTORIA ISLAND LAGOS LAGOS	9062881239	DL-CONZACTCTRegulatoryAffairs@JNJZA.JNJ.com	Johnson &amp; Johnson (PTY) Limited, 241, Main Road, Retreat, Cape Town, 7945, South Africa., South Africa							","Each 5 mL contains: Diphenhydramine Hydrochloride 12.5 mg, Ammonium Chloride 125 mg
Excipients with known effects: Ethanol 97 % v/v
Preservative: Sodium benzoate 0,2 % v/v
Each 5 mL contains sugar: Sucrose 1 g and Glucose 2.3 mL
Each 5 mL contains sweetener: Saccharin Sodium 15.5 mg and Sodium Cyclamate 20 mg
Excipients q.s.",Oral,R06AA52,https://admin.greenbook.nafdac.gov.ng/uploadImage/smpc_files/2023/09/29/202309296d5211b4-8289-5cd5-b5d3-328be4e49678.pdf,2023-04-26,2028-04-25,https://greenbook.nafdac.gov.ng/products/details/5621,2026-09-27T21:22:20.085187+00:00,976
greenbook,4733,Benylin Paediatric Syrup## (check composition),Diphenhydramine Hydrochloride,J &amp; J Company West Africa Limited,Drugs,Syrup,7 mg/5 mL,1 x 100 mL (in amber plastic bottle),B4-7110,Active,"Syrup
A clear, bright red syrup having a raspberry odor and taste

Benylin Paediatric Syrup	DIPHENHYDRAMINE HYDROCHLORIDE 7MG/5M	Diphenhydramine HCL 7mg, Alcohol 5%v/v, Preserved with Sodium Benzoate 0.5%m/v contains Sugar	B4-7110	Drugs	Imported Products	100ml	Over The Counter (OTC)	3/23/2022	J &amp; J COMPANY WEST AFRICA LIMITED, SINARI DARANIJO STREET, VICTORIA ISLAND LAGOS LAGOS	9062881239	DL-CONZACTCTRegulatoryAffairs@JNJZA.JNJ.com	Johnson &amp; Johnson (PTY) Ltd, 241, Main Road, Retreat, Cape Town, 7945, South Africa, South Africa","Each 5 mL contains: Diphenhydramine Hydrochloride 7 mg
Excipients with known effect:
Preservative: Sodium Benzoate 0.5 % m/v
Contains Alcohol: Ethanol 95 %: 5 % v/v
Each 5 mL sugar contains: Sucrose 1.5 mg and Glucose 3.5 g
Each 5 mL sweetener contains: Saccharin Sodium 15 mg
Excipients q.s.",Oral,R06AA02,https://admin.greenbook.nafdac.gov.ng/uploadImage/smpc_files/2023/08/22/20230822b6af47c2-dbb7-5811-bbd0-794a0c21df53.pdf,2023-05-25,2028-05-24,https://greenbook.nafdac.gov.ng/products/details/4733,2026-09-27T21:22:20.085187+00:00,977
greenbook,5585,Benylin Wet Cough Menthol Syrup## (check composition),Guaifenesin,J &amp; J Company West Africa Limited,Drugs,Syrup,200 mg,"1 x 100 mL, 1 x 50 mL (in amber plastic bottles)",B4-7112,Active,"Liquid
A clear, colorless to straw-colored, syrupy liquid with a strawberry odor and taste

71	RNW-PP-254765	Benylin Wet Cough Menthol Syrup	GUAIFENESIN	Guaifenesin 200 mg, Sugar Granulated 2000 mg, Glucose Liquid 42 Be 5,0 ml, Glycerine 394 mg, Citric Acid Hydrous 24 mg, Sodium Citrate Hydrous 114 mg, Sodium Benzoate 20 mg, Saccharin Sodium 30 mg, Caramel Flavour LR 20984 20 µl, Peppermint Flavour 87080-C 2 µl, * Denatured Alcohol Menthol 0,02 % 1 ml, Menthol 10 mg, F D &amp; C Blue No. 1 (C.I. No. 42090) 0,188 mg, F D &amp; C Red No. 40 (C.I. No. 16035) 1,350 mg, D &amp; C Yellow No. 10 (C.I No. 47005) 2,10, Water Purified approx. 2,4	B4-7112	Drugs	VARIOUS	Imported Products	100ml 50ml	Over The Counter (OTC)	3/17/2022	J &amp; J COMPANY WEST AFRICA LIMITED, SINARI DARANIJO STREET, VICTORIA ISLAND LAGOS LAGOS	9062881239	DL-CONZACTCTRegulatoryAffairs@JNJZA.JNJ.com	Johnson &amp; Johnson (PTY) Limited, 241, Main Road, Retreat, Cape Town, 7945, South Africa., South Africa	","Each 10 mL contains: Guaifenesin 200 mg
Excipients with known effect:
Preservative: Sodium Benzoate 0.1 % m/v
Each 10 mL sweeteners contains: Saccharin Sodium 16 mg, Sodium Cyclamate 13 mg 
Each 10 mL sugar alcohol contains: Sorbitol 4.015 g
Alcohol free and colorant free
Excipients q.s.",Oral,R05CA03,https://admin.greenbook.nafdac.gov.ng/uploadImage/smpc_files/2024/12/26/20241226e65c613b-90b3-53e4-a234-7e7b892e7999.pdf,2023-03-28,2028-03-27,https://greenbook.nafdac.gov.ng/products/details/5585,2026-09-27T21:22:20.085187+00:00,978
greenbook,5619,Benylin Wet Cough Mucus Relief Syrup## (strength format),Guaifenesin,J &amp; J Company West Africa Limited,Drugs,Syrup,200 mg/10mL,1 x 100 mL (in amber glass bottles),B4-7113,Active,"Liquid
A clear, colorless to straw-colored, syrupy liquid with a strawberry odor and taste

Benylin Wet Cough Mucus Relief Syrup	GUAIFENESIN 200MG	Sodium Benzoate 0.1%m/v, Alcohol Free, Sugar Free and Colourant Free.	B4-7113	Drugs	Imported Products	100ML	Over The Counter (OTC)	23/03/2022	J &amp; J COMPANY WEST AFRICA LIMITED, SINARI DARANIJO STREET, VICTORIA ISLAND LAGOS LAGOS	9062881239	DL-CONZACTCTRegulatoryAffairs@JNJZA.JNJ.com	Johnson &amp; Johnson (PTY) Ltd, 241, Main Road, Retreat, Cape Town, 7945, South Africa, South Africa	","Each 10 mL contains: Guaifenesin 200 mg
Excipients with known effect:
Preservative: Sodium Benzoate 0.1 % m/v
Each 10 mL contains sweeteners: Saccharin Sodium 16 mg, Sodium Cyclamate 13 mg 
Each 10 mL contains sugar alcohol: Sorbitol 4.015 g
Alcohol free and colorant free
Excipients q.s.",Oral,R05CA03,https://admin.greenbook.nafdac.gov.ng/uploadImage/smpc_files/2023/09/28/20230928b9c7a581-2d22-5192-b0aa-8cdeb1425d8a.pdf,2023-04-26,2028-04-25,https://greenbook.nafdac.gov.ng/products/details/5619,2026-09-27T21:22:20.085187+00:00,979
greenbook,8400,Benzhexol 5 mg Tablet**,Trihexyphenidyl Hydrochloride (Benzhexol Hydrochloride),Longer Life Health Care Limited,Drugs,Tablet,5 mg,1 x 500&#039;s,B4-8472,Active,Tablet,Each tablet contains: Benzhexol BP 5 mg,Oral,,https://admin.greenbook.nafdac.gov.ng/uploadImage/smpc_files/2024/11/28/20241128de21c3b1-09ba-55de-9223-bfb0f95994a3.pdf,2024-09-25,2029-09-24,https://greenbook.nafdac.gov.ng/products/details/8400,2026-09-27T21:22:20.085187+00:00,980
greenbook,4088,Benzhexol 5 mg Tablets##,Trihexyphenidyl Hydrochloride (Benzhexol Hydrochloride),Malven Medics International Company Ltd,Drugs,Tablet,5 mg,,C4-1385,Inactive,Tablet,Each tablet contains: Trihexyphenidyl Hydrochloride 5 mg,Oral,N04AA01,,2020-12-21,2025-12-20,https://greenbook.nafdac.gov.ng/products/details/4088,2026-09-27T21:22:20.085187+00:00,981
greenbook,12403,Benzhexol 5 mg Tablets_,Trihexyphenidyl Hydrochloride (Benzhexol Hydrochloride),All StarBase Pharm Limited,Drugs,Tablet,5 mg,1 x 500&#039;s (in LDPE bag),C4-1101,Active,"Tablet.
White, circular shaped, flat, uncoated tablet, embossing of &quot;BXL&quot; above break line and &quot;5&quot; below break line one side and plain on other side","Each tablet contains: Benzhexol 5 mg
Excipients q.s.",Oral,N04AA01,https://admin.greenbook.nafdac.gov.ng/uploadImage/smpc_files/2025/12/30/202512304ace493a-7b52-5c85-a849-911767bfd154.pdf,2025-11-26,2030-11-25,https://greenbook.nafdac.gov.ng/products/details/12403,2026-09-27T21:22:20.085187+00:00,982
greenbook,8382,Benzhexol Hydrochloride Tablet**,Trihexyphenidyl Hydrochloride (Benzhexol Hydrochloride),GoldMoore International Limited,Drugs,Tablet,5 mg,1 x 500&#039;s (in HDPE jar),A4-101052,Active,"Uncoated tablet.
White coloured, circular, flat, bevelled uncoated tablet having embossed ‘HEXOL/5’ on one side and plain on the other side of each tablet","Benzhexol Tablets BP 5 mg.
Each uncoated tablet contains: Benzhexol hydrochloride (Trihexyphenidyl hydrochloride BP) 5 mg, Excipients Q.S.",Oral,N04AA01,https://admin.greenbook.nafdac.gov.ng/uploadImage/smpc_files/2024/11/03/20241103fdb4cc85-b2fc-525f-9c6e-bc30f8dcc703.pdf,2024-09-25,2029-09-24,https://greenbook.nafdac.gov.ng/products/details/8382,2026-09-27T21:22:20.085187+00:00,983
greenbook,8378,Benzhexol Tablet 5 mg**,Trihexyphenidyl Hydrochloride (Benzhexol Hydrochloride),Tim Great Pharmaceutical Ventures Ltd,Drugs,Tablet,5 mg,1 x 500&#039;s (in bottle),A4-101032,Active,Uncoated tablet,"Benzhexol hydrochloride (Trihexyphenidyl hydrochloride) BP 5 mg.
Each uncoated tablet contains: Benzhexol hydrochloride BP 5 mg, Excipients Q.S.",Oral,N04AA01,https://admin.greenbook.nafdac.gov.ng/uploadImage/smpc_files/2024/11/02/20241102980d5024-6da6-5499-8b2c-67cf117d3212.pdf,2024-09-25,2029-09-24,https://greenbook.nafdac.gov.ng/products/details/8378,2026-09-27T21:22:20.085187+00:00,984
greenbook,7870,Benzhexol Tablet**,Trihexyphenidyl Hydrochloride (Benzhexol Hydrochloride),Excel Charis Pharmaceutical Chemical Limited,Drugs,Tablet,5 mg,1 x 500&#039;s (in a jar),C4-1581,Inactive,Uncoated tablets,"Benzhexol Tablets BP 5 mg.
Each uncoated tablet contains: Benzhexol Hydrochloride BP 5 mg, Excipients Q.S.",Oral,N04AA01,https://admin.greenbook.nafdac.gov.ng/uploadImage/smpc_files/2024/09/22/20240922fd34d889-b688-5b94-9447-718dbac5116c.pdf,2021-02-25,2026-02-24,https://greenbook.nafdac.gov.ng/products/details/7870,2026-09-27T21:22:20.085187+00:00,985
greenbook,3994,Benzhexol Tablets##,Trihexyphenidyl Hydrochloride (Benzhexol Hydrochloride),Great Timec Pharma Nigeria Limited,Drugs,Tablet,5 mg,1 x 500&#039;s (in a jar),B4-6017,Inactive,"Tablet
White colored round, flat, beveled, uncoated tablets with &quot;Bnxol/5&quot; embossed on one side &amp; other side plain of each tablet",Each uncoated tablet contains: Trihexyphenidyl Hydrochloride BP 5 mg,Oral,N04AA01,https://admin.greenbook.nafdac.gov.ng/uploadImage/smpc_files/2023/05/28/20230528927bcf79-754d-5680-b0a0-7fd4a2d58416.pdf,2021-08-26,2026-08-25,https://greenbook.nafdac.gov.ng/products/details/3994,2026-09-27T21:22:20.085187+00:00,986
greenbook,7307,Benzylpenicillin Injection**,Benzylpenicillin sodium,Geneith Pharmaceuticals Limited,Drugs,Powder for injection,1 MU,1 x 10&#039;s (in glass vial),B4-8000,Active,White or almost white crystalline powder for solution for injection in a glass vial,"Each vial contains: Benzylpenicillin Sodium BP equiv. to Benzylpenicillin 1,000,000 I.U. (600 mg), Excipients q.s.
1 MU = 1,000,000 IU = 600 mg",Intravenous; Intramuscular,J01CE01,https://admin.greenbook.nafdac.gov.ng/uploadImage/smpc_files/2024/05/13/2024051348284b34-f067-510a-9d52-f445b07ba317.pdf,2024-04-30,2029-05-01,https://greenbook.nafdac.gov.ng/products/details/7307,2026-09-27T21:22:20.085187+00:00,987
greenbook,6828,Benzylpenicillin Sodium for Injection 1 Meg**,Benzylpenicillin sodium,Grace Lifesciences Limited,Drugs,Powder for injection,1 MU,1 x 10&#039;s (in vials),A4-100683,Active,Powder for Solution Injection in vial,"Each vial contains: Benzylpenicillin Sodium BP equiv. to Benzylpenicillin 1,000,000 I.U. (1 mega or 600 mg), Excipients q.s.
1 MU = 1,000,000 IU = 600 mg

Excipient with known effect: Sodium approximately 17 mmol",Intravenous; Intramuscular,J01CE01,https://admin.greenbook.nafdac.gov.ng/uploadImage/smpc_files/2023/12/31/20231231a89411cf-a6c6-5a40-9c7a-f4a4015e4ec2.pdf,2023-12-21,2028-12-20,https://greenbook.nafdac.gov.ng/products/details/6828,2026-09-27T21:22:20.085187+00:00,988
greenbook,3954,Beoptic-N Eye Ointment##,Betamethasone (Betamethasone Sodium Phosphate); Neomycin sulfate,Lin-Kabs Pharmaceutical Limited,Drugs,Ointment,0.1%; 0.5%,1 x 5 g (in Alu tube),04-3554,Active,"Ophthalmic Ointment
White soft mass in collapsible tube","Beoptic-N Eye Ointment contains: Betamethasone Sodium Phosphate BP 0.1% w/w, Neomycin Sulfate 0.5% w/w, Paraffin Base q.s.
Excipients q.s.",Ophthalmic,S01CA05,https://admin.greenbook.nafdac.gov.ng/uploadImage/smpc_files/2023/05/27/202305274b7f49a2-37d2-54a2-94c3-0f67373b3154.pdf,2021-10-28,2026-10-27,https://greenbook.nafdac.gov.ng/products/details/3954,2026-09-27T21:22:20.085187+00:00,989
greenbook,243,Beoptic-N Eye/Ear Drops##,Betamethasone (Betamethasone Sodium Phosphate); Neomycin sulfate,Lin-Kabs Pharmaceutical Limited,Drugs,Solution/Drops,0.1%; 0.5%,1 x 5&#039;s (in plastic bottle),04-3555,Active,"Eye Drops
Clear, colorless solution","Beoptic-N Eye/Ear Drops contains: Betamethasone Sodium Phosphate BP 0.1% w/v, Neomycin Sulfate BP 0.5% w/v, Phenyl Mercuric Nitrate (as preservative) 0,002% w/v, Aqueous Base q.s.
Excipients q.s.",Ophthalmic/Otic,S03CA06,https://admin.greenbook.nafdac.gov.ng/uploadImage/smpc_files/2023/05/27/202305274516ee94-ecfb-5b6c-bc32-1d98949e4e74.pdf,2021-10-28,2026-10-27,https://greenbook.nafdac.gov.ng/products/details/243,2026-09-27T21:22:20.085187+00:00,990
greenbook,4860,Berlin Ciprofloxacin Tablets**,Ciprofloxacin (Ciprofloxacin Hydrochloride),Berlin Pharma &amp; Healthcare Ltd,Drugs,Tablet,500 mg,1 x 10&#039;s (in Alu-Alu blister),B4-7283,Active,"Each tablet contains: Ciprofloxacin Hydrochloride USP equiv. to Ciprofloxacin 500 mg, Excipients q.s.
Colour: Titanium Dioxide BP",,Oral,J01MA02,https://admin.greenbook.nafdac.gov.ng/uploadImage/smpc_files/2023/08/27/202308274debaba5-5453-5eb3-abb9-ebac1320df81.pdf,2023-07-27,2028-07-26,https://greenbook.nafdac.gov.ng/products/details/4860,2026-09-27T21:22:20.085187+00:00,991
greenbook,7871,Berlin Clarithromycin Tablets**,Clarithromycin,Berlin Pharma &amp; Healthcare Ltd,Drugs,Tablet,500 mg,1 x 10&#039;s (in blister),A4-100904,Active,Film-coated tablet,"Each tablet contains: Clarithromycin USP 500 mg, Excipients q.s.",Oral,J01FA01,https://admin.greenbook.nafdac.gov.ng/uploadImage/smpc_files/2024/07/20/20240720cd50ac29-d81a-5422-b355-5c4be596f3dc.pdf,2024-06-27,2029-06-26,https://greenbook.nafdac.gov.ng/products/details/7871,2026-09-27T21:22:20.085187+00:00,992
greenbook,5009,Berlin Deep Heat Cream**,Diclofenac Sodium (Diclofenac Diethylamine); Methyl salicylate; Menthol; Linseed oil,Berlin Pharma &amp; Healthcare Ltd,Drugs,Cream,1%; 10%; 5%; 3%,30 g (in Lami tube),A4-100480,Active,"Diclofenac Diethylamine, Methyl Salicylate, Menthol &amp; Linseed Oil Gel.
Composition: Diclofenac Diethylamine BP 1.16 % w/w equiv. to Diclofenac Sodium 1.0 % w/w, Methyl Salicylate BP 10.0 % w/w, Menthol BP 5.0 % w/w, Linseed Oil BP 3.0% w/w, Benzyl Alcohol BP 1.0% w/w (as preservative) Gel Base q.s.",,Topical,M01AB55,https://admin.greenbook.nafdac.gov.ng/uploadImage/smpc_files/2023/08/27/20230827b2ffbb18-38d1-5c26-a7b1-63e5cd35cee6.pdf,2023-07-27,2028-07-26,https://greenbook.nafdac.gov.ng/products/details/5009,2026-09-27T21:22:20.085187+00:00,993
greenbook,3436,Berlin Erythromycin Tablets**,Erythromycin,Berlin Pharma &amp; Healthcare Ltd,Drugs,Tablet,500 mg,,C4-1182,Inactive,,,Oral,J01FA01,,2020-11-10,2025-11-09,https://greenbook.nafdac.gov.ng/products/details/3436,2026-09-27T21:22:20.085187+00:00,994
greenbook,7770,Berlin Fluconazole 200 mg Tablets**,Fluconazole,Berlin Pharma &amp; Healthcare Ltd,Drugs,Tablet,200 mg,10 x 1 x 10&#039;s (in PVC/Aluminium blisters),A4-100901,Active,Uncoated tablet,"Fluconazole Tablets USP 200 mg.
Each uncoated tablet contains: Fluconazole USP 200 mg",Oral,J02AC01,https://admin.greenbook.nafdac.gov.ng/uploadImage/smpc_files/2024/07/20/20240720ff87ce8d-cd94-5c56-a040-94ce9d8f2478.pdf,2024-06-27,2029-06-26,https://greenbook.nafdac.gov.ng/products/details/7770,2026-09-27T21:22:20.085187+00:00,995
greenbook,8588,Berlin Mupirocin 2% w/w Cream**,Mupirocin,Berlin Pharma &amp; Healthcare Ltd,Drugs,Cream,2%,15 g tube,A4-101070,Active,Topical Cream,"Mupirocin 2% w/w Cream.
Each gram contains: Mupirocin 20 mg (2% w/w)

Excipients:
Polyethylene Glycol (PEG) 35% w/w, Soft White Paraffin 15% w/w, Glycerin 5% w/w, Liquid Paraffin (Mineral Oil) 43% w/w",Topical,DA6AX09,https://admin.greenbook.nafdac.gov.ng/uploadImage/smpc_files/2024/11/22/20241122c07fe7e9-54a3-510a-a942-df3bf1f80982.pdf,2024-10-31,2029-10-30,https://greenbook.nafdac.gov.ng/products/details/8588,2026-09-27T21:22:20.085187+00:00,996
greenbook,11375,Berlin Pentazocine Injection 30 mg/mL**,Pentazocine (Pentazocine Lactate),Berlin Pharma &amp; Healthcare Ltd,Drugs,Solution for injection,30 mg/mL,1 mL x 10&#039;s (in ampoules),A4-101323,Active,Liquid Injection,"Each mL contains: Pentazocine BP 30 mg (as Lactate), Sodium Chloride BP 2.8 mg, Lactic Acid BP, Water for Injection BP q.s. to 1 mL",Intravenous; Intramuscular; Subcutaneous,N02AD01,https://admin.greenbook.nafdac.gov.ng/uploadImage/smpc_files/2025/06/23/20250623372f1429-1b87-5035-b7b0-87ce059c4169.pdf,2025-05-27,2030-05-26,https://greenbook.nafdac.gov.ng/products/details/11375,2026-09-27T21:22:20.085187+00:00,997
greenbook,5010,Berlinbact Cream**,Betamethasone; Clotrimazole,Berlin Pharma &amp; Healthcare Ltd,Drugs,Cream,0.05%; 1%,30 g (in Lami tube),A4-100479,Active,"Clotrimazole and Betamethasone Dipropionate Cream USP.
Composition: Clotrimazole USP 1.0 % w/w, Betamethasone Dipropionate USP equiv. to Betamethasone 0.05% w/w, Cream Base q.s.",,Topical,D07CC01,https://admin.greenbook.nafdac.gov.ng/uploadImage/smpc_files/2023/08/27/20230827154c45b0-0c8e-5bde-a636-730c7cea15ad.pdf,2023-07-27,2028-07-26,https://greenbook.nafdac.gov.ng/products/details/5010,2026-09-27T21:22:20.085187+00:00,998
greenbook,7872,Berlinbact N Cream**,Betamethasone; Clotrimazole; Neomycin sulfate,Berlin Pharma &amp; Healthcare Ltd,Drugs,Cream,0.05%; 1%; 0.1%,30 g (in Lami tube),A4-100900,Active,Topical Cream,"Clotrimazole, Betamethasone Dipropionate &amp; Neomycin Sulfate Cream USP.
Clotrimazole USP 1.0% w/w, Betamethasone Dipropionate USP equiv. to Betamethasone 0.05% w/w, Neomycin Sulfate USP 0.1% w/w, Cream base q.s.
Each gm cream contains: Clotrimazole USP 10 mg, Betamethasone Dipropionate USP equiv. to Betamethasone 0.5 mg, Neomycin Sulfate USP 5000 IU, Cream base q.s.",Topical,D07CC01,https://admin.greenbook.nafdac.gov.ng/uploadImage/smpc_files/2024/07/20/20240720646236db-a8d4-5c23-9840-5852c6c543db.pdf,2024-06-27,2029-06-26,https://greenbook.nafdac.gov.ng/products/details/7872,2026-09-27T21:22:20.085187+00:00,999
greenbook,8401,Beta-N Eye/Ear Drop**,Betamethasone (Betamethasone Sodium Phosphate); Neomycin sulfate,Embassy Pharmaceutical and Chemicals Limited,Drugs,Solution/Drops,0.1%; 0.5%,10 mL (in dropper bottle),A4-4891,Inactive,Eye/Ear Drops,"Betamethasone Sodium Phosphate and Neomycin Sulphate Eye/Ear Drops.
Betamethasone sodium phosphate BP 0.1% w/v and Neomycin Sulphate BP 0.5% w/v",Ophthalmic/Otic,,https://admin.greenbook.nafdac.gov.ng/uploadImage/smpc_files/2024/11/05/20241105c5cf14b2-ebb3-5edf-a961-dd04b518d5aa.pdf,2021-08-26,2026-08-25,https://greenbook.nafdac.gov.ng/products/details/8401,2026-09-27T21:22:20.085187+00:00,1000
