source,source_position,product_id,product_name,product_category_id,category_name,product_category,ingredient_id,ingredient_name,synonym,NAFDAC,form_id,form_name,route_id,route_name,strength,applicant_id,applicant_name,approval_date,expiry_date,status,product_description,pack_size,composition,smpc,atc,source_url,scraped_at
Greenbook NAFDAC,1,8875,10% Dextrose (500/1000 mL)**,1,Drugs,"{'id': 1, 'name': 'Drugs', 'created_at': '-000001-11-30T00:00:00.000000Z', 'updated_at': '2022-03-17T16:53:12.000000Z', 'deleted_at': None}",638,Glucose,Dextrose,04-0858,114,Solution for infusion,12,Intravenous,10%,154,Dana Pharmaceuticals Limited,2021-08-03,2026-08-02,Inactive,Solution for Intravenous Infusion,500 mL; 1000 mL (in Viaflo pouches),"Each 100 mL of solution contains: Dextrose Monohydrate BP 10 g w/v, Water for injection q.s. to 100 mL",https://admin.greenbook.nafdac.gov.ng/uploadImage/smpc_files/2025/01/29/2025012972bec18a-300c-5fbf-bb61-76a2186867c8.pdf,B05BB02,https://greenbook.nafdac.gov.ng/products/details/8875,2026-09-27T21:22:20.085187+00:00
Greenbook NAFDAC,2,12440,10% DEXTROSE INFUSION $,1,Drugs,"{'id': 1, 'name': 'Drugs', 'created_at': '-000001-11-30T00:00:00.000000Z', 'updated_at': '2022-03-17T16:53:12.000000Z', 'deleted_at': None}",1625,Dextrose Anhydrous,,A11-0237 ,114,Solution for infusion,12,Intravenous,10%,27,Fidson Healthcare PLC,2021-10-28,2026-10-27,Active,"10% DEXTROSE INFUSION	A11-0237		DEXTROSE ANHYDROUS		ELECTROLYTE REPLACEMENT	DRUG	GLUCOSE ANHYDROUS 10G/100ML	INFUSION X 500ML	INFUSION 	 500ML	PRESCRIPTION ONLY MEDICINE	USED TO TREAT SEVERE DIARRHOEA AND CHOLERA AND ALSO TO REPLACE BODY FLUID AND MINERAL SALTS THAT MAY BE LOST FOR A VARIETY OF MEDICAL REASONS	FIDSON HEALTHCARE PLC			KM. 38, LAGOS- ABEOKUTA EXPRESSWAY SANGO-OTA, OGUN STATE., NIGERIA	NIGERIA	FIDSON HEALTHCARE PLC			KM. 38, LAGOS- ABEOKUTA EXPRESSWAY SANGO-OTA, OGUN STATE., NIGERIA	NIGERIA		28TH OCTOBER, 2021	27TH OCTOBER, 2026
",500 mL,"Each 100 mL of solution contains: glucose anhydrous BP 10 g w/v,
Water for injection q.s. 

",https://admin.greenbook.nafdac.gov.ng/uploadImage/smpc_files/2026/03/03/20260303518d9c07-2898-5b62-b464-7c25b9068731.pdf,B05BB02 ,https://greenbook.nafdac.gov.ng/products/details/12440,2026-09-27T21:22:20.085187+00:00
Greenbook NAFDAC,3,12441,1980 Azithromycin Tablets USP 500 mg $,1,Drugs,"{'id': 1, 'name': 'Drugs', 'created_at': '-000001-11-30T00:00:00.000000Z', 'updated_at': '2022-03-17T16:53:12.000000Z', 'deleted_at': None}",475,Azithromycin (Azithromycin Dihydrate),,A4-101970,1,Tablet,1,Oral,500mg,1017,1980 Pharmaceutical Limited,2026-02-24,2031-02-23,Active,"Azithromycin Tablets USP 500MG	Azithromycin Tablets USP 500MG	&quot;AZITHROMYCIN DIHYDRATE EQ. TO AZITHROMYCIN	ACTIVE	534.000&quot;	A4-101970	Drugs	Imported Product	1X10 TAB	14-07-2025	1980 PHARMACEUTICAL LIMITED, NO.D103, LAGOS LINE ABUBAKAR RIMI MARKET, KANO, , KANO	08098437975	1980pharmaceutical@gmail.com	SURMOUNT LABORATORIES PVT LTD, A2/4003, G.I.D.C INDUSTRIAL ESTATE, ANKLESHWAR, DIST- BHARUCH, GUJARAT, INDIA
",1X10 ,"Each film coated tablet contains: Azithromycin Dihydrate USP equivalent to Azithromycin 500 mg 
Excipients q.s.  
",https://admin.greenbook.nafdac.gov.ng/uploadImage/smpc_files/2026/04/02/202604028396342c-8aef-5414-b82e-57b0302267d9.pdf,J01FA10 ,https://greenbook.nafdac.gov.ng/products/details/12441,2026-09-27T21:22:20.085187+00:00
Greenbook NAFDAC,4,11525,1980 Pregabalin 150 mg Capsules**,1,Drugs,"{'id': 1, 'name': 'Drugs', 'created_at': '-000001-11-30T00:00:00.000000Z', 'updated_at': '2022-03-17T16:53:12.000000Z', 'deleted_at': None}",41,Pregabalin,,A4-101466,2,Capsule,1,Oral,150 mg,1017,1980 Pharmaceutical Limited,2025-08-27,2030-08-26,Active,"Hard gelatin capsules.
A white color granular powder filled in size &quot;2&quot; RED/WHITE hard gelatin capsule",10 x 15&#039;s (in Alu-PVC blisters),"Pregabalin Capsules  BP 150 mg.
Each hard gelatin capsule contains: Pregabalin  BP 150 mg, Excipients q.s.
Approved color used in capsule shells",https://admin.greenbook.nafdac.gov.ng/uploadImage/smpc_files/2025/10/31/20251031a0dc19a1-dc7d-5a40-b70a-cdd22ae9b63f.pdf,N02BF02,https://greenbook.nafdac.gov.ng/products/details/11525,2026-09-27T21:22:20.085187+00:00
Greenbook NAFDAC,5,8380,3-Xon Cream**,1,Drugs,"{'id': 1, 'name': 'Drugs', 'created_at': '-000001-11-30T00:00:00.000000Z', 'updated_at': '2022-03-17T16:53:12.000000Z', 'deleted_at': None}",1112,Clobetasol; Ketoconazole; Neomycin,,A4-101048,4,Cream,21,Topical,0.25 mg/g; 10 mg/g; 5000 IU/g,253,Onifam Laboratories Limited,2024-09-25,2029-09-24,Active,White coloured smooth cream,30 g tube,"Ketoconazole, Clobetasol Propionate &amp; Neomycin Sulphate Cream.
Each gram of cream contains: Ketoconazole BP 10 mg (1.0% w/w), Clobetasol Propionate BP 0.25 mg (0.025% w/w), and Neomycin Sulphate BP 5000 IU

Excipients:
White soft Paraffin BP, Cetostearyl Alcohol BP, Cetomacrogol 1000 BP, Light Liquid Paraffin BP, Purified Water BP, Chlorocresol BP, Propylene Glycol BP, Butylated Hydroxy Toluene BP",https://admin.greenbook.nafdac.gov.ng/uploadImage/smpc_files/2024/11/03/202411039ce3fd15-1d61-5f8e-98a5-df161a4c6866.pdf,D07CD01,https://greenbook.nafdac.gov.ng/products/details/8380,2026-09-27T21:22:20.085187+00:00
Greenbook NAFDAC,6,8847,3K Cream**,1,Drugs,"{'id': 1, 'name': 'Drugs', 'created_at': '-000001-11-30T00:00:00.000000Z', 'updated_at': '2022-03-17T16:53:12.000000Z', 'deleted_at': None}",1106,Betamethasone; Clotrimazole; Neomycin sulfate,,B4-0452,4,Cream,21,Topical,0.05%; 1%; 0.5%,208,Kayhelt Pharma Limited,2021-10-28,2026-10-27,Active,Cream,1 x 20 g (in Lami tube),"Clotrimazole 1% w/w, Betamethasone Dipropionate equiv. to Betamethasone 0.05% w/w, Neomycin Sulphate 0.5% w/w",,G01BF,https://greenbook.nafdac.gov.ng/products/details/8847,2026-09-27T21:22:20.085187+00:00
Greenbook NAFDAC,7,7592,4.3% Dextrose and Saline Infusion**,1,Drugs,"{'id': 1, 'name': 'Drugs', 'created_at': '-000001-11-30T00:00:00.000000Z', 'updated_at': '2022-03-17T16:53:12.000000Z', 'deleted_at': None}",372,Glucose; Sodium Chloride,Dextrose; Sodium chloride,A11-0325,114,Solution for infusion,12,Intravenous,4.3%; 0.18%,27,Fidson Healthcare PLC,2024-01-31,2029-01-30,Active,"Solution for infusion.
Clear solution, free from visible particles",500 mL (in LDPE bag),"4.3?xtrose and 0.18% saline solution for infusion BP.
Each 100 mL of solution contains: Glucose (as monohydrate) 4.3 g, Sodium chloride 0.18 g, Water for injection q.s.",https://admin.greenbook.nafdac.gov.ng/uploadImage/smpc_files/2024/02/17/20240217ec29e050-287e-5c39-9dc6-a67b62c14a65.pdf,B05BB02,https://greenbook.nafdac.gov.ng/products/details/7592,2026-09-27T21:22:20.085187+00:00
Greenbook NAFDAC,8,8871,4.3% Dextrose Saline (500 mL)**,1,Drugs,"{'id': 1, 'name': 'Drugs', 'created_at': '-000001-11-30T00:00:00.000000Z', 'updated_at': '2022-03-17T16:53:12.000000Z', 'deleted_at': None}",372,Glucose; Sodium Chloride,Dextrose; Sodium chloride,04-1215,114,Solution for infusion,12,Intravenous,4.3%; 0.18%,154,Dana Pharmaceuticals Limited,2021-10-28,2026-10-27,Active,Intravenous Infusion,500 mL (in Viaflo pouch),"Each 100 mL of solution contains: Dextrose Monohydrate BP 4.3 g w/v, Sodium chloride 0.18 g w/v, Water for injection q.s. to 100 mL",https://admin.greenbook.nafdac.gov.ng/uploadImage/smpc_files/2025/01/29/202501299051d751-ce27-5da1-9f37-2f2e1bfefcb2.pdf,B05BB02,https://greenbook.nafdac.gov.ng/products/details/8871,2026-09-27T21:22:20.085187+00:00
Greenbook NAFDAC,9,8872,5% Dextrose (500/1000 mL)**,1,Drugs,"{'id': 1, 'name': 'Drugs', 'created_at': '-000001-11-30T00:00:00.000000Z', 'updated_at': '2022-03-17T16:53:12.000000Z', 'deleted_at': None}",2081,Anhydrous  Dextrose,,04-0857,114,Solution for infusion,12,Intravenous,5%,154,Dana Pharmaceuticals Limited,2021-08-03,2026-08-02,Inactive,Intravenous Infusion,500 mL; 1000 mL (in Viaflo pouches),"Each 100 mL of solution contains: Dextrose Monohydrate BP 5 g w/v, Water for injection q.s. to 100 mL",https://admin.greenbook.nafdac.gov.ng/uploadImage/smpc_files/2025/01/29/20250129541354a7-8952-592f-9b9a-1110954208f9.pdf,B05BB02,https://greenbook.nafdac.gov.ng/products/details/8872,2026-09-27T21:22:20.085187+00:00
Greenbook NAFDAC,10,7360,5% Dextrose and Normal Saline Infusion**,1,Drugs,"{'id': 1, 'name': 'Drugs', 'created_at': '-000001-11-30T00:00:00.000000Z', 'updated_at': '2022-03-17T16:53:12.000000Z', 'deleted_at': None}",372,Glucose; Sodium Chloride,Dextrose; Sodium chloride,A11-0236,114,Solution for infusion,12,Intravenous,5%; 0.9%,27,Fidson Healthcare PLC,2024-01-31,2029-01-30,Active,"Solution for infusion.
Clear solution, free from visible particles",250 mL; 500 mL; 1000 mL (in transparent LDPE bottles),Each mL of solution contains 50 mg Glucose (as monohydrate) and 9.0 mg Sodium chloride,https://admin.greenbook.nafdac.gov.ng/uploadImage/smpc_files/2024/02/17/2024021724aee4c1-7625-5911-bb66-7c6285d185de.pdf,B05BB02,https://greenbook.nafdac.gov.ng/products/details/7360,2026-09-27T21:22:20.085187+00:00
Greenbook NAFDAC,11,7361,5% Dextrose Infusion**,1,Drugs,"{'id': 1, 'name': 'Drugs', 'created_at': '-000001-11-30T00:00:00.000000Z', 'updated_at': '2022-03-17T16:53:12.000000Z', 'deleted_at': None}",638,Glucose,Dextrose,A11-0240,114,Solution for infusion,12,Intravenous,5%,27,Fidson Healthcare PLC,2024-01-31,2029-01-30,Active,"Solution for infusion.
Colourless to faintly straw-coloured solution without visible particles in bags, individually overwrapped",250 mL; 500 mL; 1000 mL (in transparent LDPE bottles),Each litre of solution contains: Dextrose (glucose) monohydrate equivalent to 50.00 g anhydrous Dextrose,https://admin.greenbook.nafdac.gov.ng/uploadImage/smpc_files/2024/02/17/2024021731e75aae-43fc-5522-ae70-b31aabbaf199.pdf,B05BB02,https://greenbook.nafdac.gov.ng/products/details/7361,2026-09-27T21:22:20.085187+00:00
Greenbook NAFDAC,12,8873,5% Dextrose Saline (500/1000 mL)**,1,Drugs,"{'id': 1, 'name': 'Drugs', 'created_at': '-000001-11-30T00:00:00.000000Z', 'updated_at': '2022-03-17T16:53:12.000000Z', 'deleted_at': None}",372,Glucose; Sodium Chloride,Dextrose; Sodium chloride,04-1055,114,Solution for infusion,12,Intravenous,5%; 0.9%,154,Dana Pharmaceuticals Limited,2021-08-03,2026-08-02,Inactive,"Solution for infusion.
Clear solution, free from visible particles.
Osmolarity: 585 mosm/L (approx.)
pH: 3.5 to 6.5 ",500 mL; 1000 mL (in Viaflo pouches),"Each 100 mL of solution contains: Glucose (as Monohydrate) BP 5 g w/v, Sodium chloride 0.9 g w/v, Water for injection q.s. to 100 mL",https://admin.greenbook.nafdac.gov.ng/uploadImage/smpc_files/2025/01/29/2025012955fa3bb4-8bc6-531d-9a91-28f097b96500.pdf,B05BB02,https://greenbook.nafdac.gov.ng/products/details/8873,2026-09-27T21:22:20.085187+00:00
Greenbook NAFDAC,13,8874,50% Dextrose (100 mL)**,1,Drugs,"{'id': 1, 'name': 'Drugs', 'created_at': '-000001-11-30T00:00:00.000000Z', 'updated_at': '2022-03-17T16:53:12.000000Z', 'deleted_at': None}",638,Glucose,Dextrose,04-0859,114,Solution for infusion,12,Intravenous,50%,154,Dana Pharmaceuticals Limited,2021-08-26,2026-08-25,Inactive,Solution for Infusion,100 mL (in clear colourless glass infusion bottle),"Each 100 mL of solution contains: Dextrose Monohydrate BP 50 g w/v, Water for injection q.s. to 100 mL",https://admin.greenbook.nafdac.gov.ng/uploadImage/smpc_files/2025/01/30/20250130ba174c1a-b4e0-512b-ba5a-b9456023a0fa.pdf,B05BB02,https://greenbook.nafdac.gov.ng/products/details/8874,2026-09-27T21:22:20.085187+00:00
Greenbook NAFDAC,14,7780,A-B Arteether Injection**,1,Drugs,"{'id': 1, 'name': 'Drugs', 'created_at': '-000001-11-30T00:00:00.000000Z', 'updated_at': '2022-03-17T16:53:12.000000Z', 'deleted_at': None}",551,α-β Arteether,Alpha Beta Arteether; Alfa Beta Arteether, A4-100942,107,Solution for injection,9,Intramuscular,150 mg/2 mL,218,Malven Medics International Company Ltd,2024-07-31,2029-07-30,Active,Oily solution for injection in 2-mL amber glass ampoule,2 mL x 3&#039;s (in amber glass ampoules),"Alpha Beta Arteether Injection 150 mg/2 mL.
Each 2 mL solution contains: Alpha Beta Arteether (In House) 150 mg, Ethyl Oleate BP q.s.",https://admin.greenbook.nafdac.gov.ng/uploadImage/smpc_files/2024/09/15/20240915dbfd050e-cc2f-5a5c-b5c0-c9f7dc88c85d.pdf,P01BE04,https://greenbook.nafdac.gov.ng/products/details/7780,2026-09-27T21:22:20.085187+00:00
Greenbook NAFDAC,15,11361,a-ß Arteether Injection 150 mg/2 mL_,1,Drugs,"{'id': 1, 'name': 'Drugs', 'created_at': '-000001-11-30T00:00:00.000000Z', 'updated_at': '2022-03-17T16:53:12.000000Z', 'deleted_at': None}",551,α-β Arteether,Alpha Beta Arteether; Alfa Beta Arteether,A4-101363,107,Solution for injection,9,Intramuscular,150 mg/2 mL,1679,Naxos Healthcare Ltd,2025-06-25,2030-06-24,Active,"Oily solution for injection in 2-mL amber glass ampoule.
Clear and slightly yellow solution free from visible particles and fibres",2 mL x 3&#039;s (in amber glass ampoules),"Alpha Beta Arteether Injection 150 mg/2 mL.
Each 2 mL solution contains: Alpha Beta Arteether 150 mg, Arachis Oil BP q.s. ",https://admin.greenbook.nafdac.gov.ng/uploadImage/smpc_files/2025/07/24/2025072413696fdb-b056-51b2-8771-77e4d81e8368.pdf,P01BE,https://greenbook.nafdac.gov.ng/products/details/11361,2026-09-27T21:22:20.085187+00:00
Greenbook NAFDAC,16,643,Aarodol 100 Capsule**,1,Drugs,"{'id': 1, 'name': 'Drugs', 'created_at': '-000001-11-30T00:00:00.000000Z', 'updated_at': '2022-03-17T16:53:12.000000Z', 'deleted_at': None}",56,Tramadol Hydrochloride,,B4-3103,2,Capsule,1,Oral,100 mg,360,Ugo Lab Productions (Nig). Ltd,2021-05-27,2026-05-26,Inactive,Hard Gelatin Capsule,1 x 10&#039;s (in PVC-Alu blister),"Each capsule contains: Tramadol Hydrochloride 100 mg, Excipients q.s.",https://admin.greenbook.nafdac.gov.ng/uploadImage/smpc_files/2023/05/27/20230527df555986-70c4-5bb4-b487-1cc720ba5541.pdf,N02AX02,https://greenbook.nafdac.gov.ng/products/details/643,2026-09-27T21:22:20.085187+00:00
Greenbook NAFDAC,17,12448,AARODOL 50 CAPSULE $,1,Drugs,"{'id': 1, 'name': 'Drugs', 'created_at': '-000001-11-30T00:00:00.000000Z', 'updated_at': '2022-03-17T16:53:12.000000Z', 'deleted_at': None}",56,Tramadol Hydrochloride,,B4-3102,2,Capsule,1,Oral,50mg,360,Ugo Lab Productions (Nig). Ltd,2026-06-30,2031-06-29,Active,"AARODOL 50 CAPSULE	&quot;TRAMADOL HYDROCHLORIDE 	BP	50.00
PURIFIED TALC 	BP	4.00
MAIZE STARCH	BP	45.20
MAGNESIUM STEARATE	BP	0.80
EMPTY HARD GELATIN SIZE &#039;&#039;4&#039;&#039; GREEN/ YELLOW CAPSULE 	IH	1 CAPSULE
&quot;	B4-3102	Drugs	Imported Product	10*10pack	06-05-2026	UGO LAB PRODUCTIONS (NIG). LTD, 31A,BURMA ROAD,SABON GARI,KANO STATE	064944047	ugolabpharm@yahoo.com	ASTAMED HEALTHCARE PVT LTD, PLOT NO. 2 &amp; 3, PHASE 11, GENESIS IND. COMPLEX, KALGAON, PALGHAR, DIST: THANE, MAHARASHTRA, INDIA",10 x 10 pack,"Each Hard gelatin Capsule Contains: 
Tramadol Hydrochloride BP …………... 50 mg 
Excipients…………................................…......q.s. ",https://admin.greenbook.nafdac.gov.ng/uploadImage/smpc_files/2026/07/30/20260730f324e76d-549a-5bc9-af24-c0b86a3dfb9c.pdf,N02AX02 ,https://greenbook.nafdac.gov.ng/products/details/12448,2026-09-27T21:22:20.085187+00:00
Greenbook NAFDAC,18,644,Aarodol 50 Capsule**,1,Drugs,"{'id': 1, 'name': 'Drugs', 'created_at': '-000001-11-30T00:00:00.000000Z', 'updated_at': '2022-03-17T16:53:12.000000Z', 'deleted_at': None}",56,Tramadol Hydrochloride,,B4-3102,2,Capsule,1,Oral,50 mg,360,Ugo Lab Productions (Nig). Ltd,2021-05-27,2026-05-26,Inactive,Hard Gelatin Capsule,10 x 10&#039;s (in PVC-Alu blisters),"Each capsule contains: Tramadol Hydrochloride 50 mg, Excipients q.s.",https://admin.greenbook.nafdac.gov.ng/uploadImage/smpc_files/2023/05/27/20230527fd693435-81c1-5ed9-9b5d-28e4f8ecdd53.pdf,N02AX02,https://greenbook.nafdac.gov.ng/products/details/644,2026-09-27T21:22:20.085187+00:00
Greenbook NAFDAC,19,2639,Abacavir & Lamivudine Tablets 600/300 mg_,1,Drugs,"{'id': 1, 'name': 'Drugs', 'created_at': '-000001-11-30T00:00:00.000000Z', 'updated_at': '2022-03-17T16:53:12.000000Z', 'deleted_at': None}",601,Abacavir; Lamivudine,,A4-100079,1,Tablet,1,Oral,600 mg; 300 mg,276,Ranbaxy Nigeria Limited,2021-08-26,2026-08-25,Inactive,"Film-Coated Tablet.
Orange colored, capsule-shaped, film-coated tablet, debossed with &quot;RF-90&quot; on one side and plain on other side","1 x 30&#039;s, 1 x 90&#039;s (in HDPE bottles)","Each film-coated tablet contains: Abacavir Sulfate equiv. to Abacavir 600 mg, and Lamivudine 300 mg
Excipients q.s.
Color: Sunset Yellow FCF 1.538 mg",https://admin.greenbook.nafdac.gov.ng/uploadImage/smpc_files/2023/05/27/2023052755eea184-ca28-5dbf-963a-6350e3f63e18.pdf,J05AR02,https://greenbook.nafdac.gov.ng/products/details/2639,2026-09-27T21:22:20.085187+00:00
Greenbook NAFDAC,20,2640,Abacavir (as Sulfate) and Lamivudine Dispersible Tablets 120 mg/60 mg**,1,Drugs,"{'id': 1, 'name': 'Drugs', 'created_at': '-000001-11-30T00:00:00.000000Z', 'updated_at': '2022-03-17T16:53:12.000000Z', 'deleted_at': None}",601,Abacavir; Lamivudine,,C4-1181,13,Dispersible tablet,1,Oral,120 mg; 60 mg,193,Healthline Limited,2020-11-10,2025-11-09,Inactive,Dispersible tablet,,Abacavir (as Sulfate) 120 mg and Lamivudine Dispersible 60 mg,,J05AR02,https://greenbook.nafdac.gov.ng/products/details/2640,2026-09-27T21:22:20.085187+00:00
Greenbook NAFDAC,21,2641,Abacavir Sulfate & Lamivudine Tablet_,1,Drugs,"{'id': 1, 'name': 'Drugs', 'created_at': '-000001-11-30T00:00:00.000000Z', 'updated_at': '2022-03-17T16:53:12.000000Z', 'deleted_at': None}",601,Abacavir; Lamivudine,,C4-1202,1,Tablet,1,Oral,600 mg; 300 mg,1063,Hetero Labs Nigeria Limited,2020-11-10,2025-11-09,Inactive,Tablet,,"Each tablet contains: Abacavir 600 mg, Lamivudine 300 mg",https://admin.greenbook.nafdac.gov.ng/uploadImage/smpc_files/2025/03/24/20250324acba673f-8446-52d6-a06a-ebea85da6388.pdf,J05AR02,https://greenbook.nafdac.gov.ng/products/details/2641,2026-09-27T21:22:20.085187+00:00
Greenbook NAFDAC,22,2642,Abacavir Sulfate And Lamivudine Dispersible Tablets 60 mg/30 mg##,1,Drugs,"{'id': 1, 'name': 'Drugs', 'created_at': '-000001-11-30T00:00:00.000000Z', 'updated_at': '2022-03-17T16:53:12.000000Z', 'deleted_at': None}",601,Abacavir; Lamivudine,,C4-1180,13,Dispersible tablet,1,Oral,60 mg; 30 mg,193,Healthline Limited,2020-11-10,2025-11-09,Inactive,Dispersible Tablet,,"Each tablet contains: Abacavir 60 mg, Lamivudine 30 mg",,J05AR02,https://greenbook.nafdac.gov.ng/products/details/2642,2026-09-27T21:22:20.085187+00:00
Greenbook NAFDAC,23,7747,Abacavir Sulfate and Lamivudine Tablets**,1,Drugs,"{'id': 1, 'name': 'Drugs', 'created_at': '-000001-11-30T00:00:00.000000Z', 'updated_at': '2022-03-17T16:53:12.000000Z', 'deleted_at': None}",1850,Abacavir Sulfate; Lamivudine,,C4-1535,1,Tablet,1,Oral,600mg; 300mg,271,Phillips Pharmaceuticals (Nigeria) Limited,2021-01-28,2026-01-27,Inactive,,1 x 30&#039;s,,,J05AR02,https://greenbook.nafdac.gov.ng/products/details/7747,2026-09-27T21:22:20.085187+00:00
Greenbook NAFDAC,24,2635,Abacavir Tablets_,1,Drugs,"{'id': 1, 'name': 'Drugs', 'created_at': '-000001-11-30T00:00:00.000000Z', 'updated_at': '2022-03-17T16:53:12.000000Z', 'deleted_at': None}",585,Abacavir Sulfate,ABC,B4-3826,1,Tablet,1,Oral,300 mg,1063,Hetero Labs Nigeria Limited,2020-11-10,2025-11-09,Inactive,"Tablet.
Yellow-coloured, biconvex, capsule-shaped, film-coated tablets debossed with &quot;H&quot; on one side, and &quot;139&quot; on other side, separating &#039;13&#039; and &#039;9&#039; with scoreline.",,Each tablet contains: Abacavir Sulfate USP equiv. to Abacavir 300 mg,https://admin.greenbook.nafdac.gov.ng/uploadImage/smpc_files/2025/03/24/20250324818f455c-9307-5a09-bb8b-13c5046e2236.pdf,J05AF06,https://greenbook.nafdac.gov.ng/products/details/2635,2026-09-27T21:22:20.085187+00:00
Greenbook NAFDAC,25,7986,"Abacavir, Dolutegravir and Lamivudine Tablets 600 mg/50 mg/300 mg**",1,Drugs,"{'id': 1, 'name': 'Drugs', 'created_at': '-000001-11-30T00:00:00.000000Z', 'updated_at': '2022-03-17T16:53:12.000000Z', 'deleted_at': None}",1407,Dolutegravir (Dolutegravir Sodium); Abacavir; Lamivudine,,A4-100982,1,Tablet,1,Oral,50 mg; 600 mg; 300 mg,1152,Jyna Pharma Ltd,2024-08-28,2029-08-27,Active,"Film-coated tablet.
Dark red colored, oval shaped, biconvex film coated tablets debossed with &#039;ALD&#039; on one side and plain on the other side",1 x 30&#039;s; 1 x 90&#039;s; 1 x 180&#039;s (in bottles),"Each film-coated tablet contains: Abacavir sulfate USP equivalent to 600 mg of Abacavir, Dolutegravir sodium equivalent to 50 mg of Dolutegravir and 300 mg of Lamivudine USP.
This medicinal product contains mannitol",https://admin.greenbook.nafdac.gov.ng/uploadImage/smpc_files/2024/09/29/2024092925f808f5-c9b9-5f77-9740-c8826bcdc604.pdf,,https://greenbook.nafdac.gov.ng/products/details/7986,2026-09-27T21:22:20.085187+00:00
Greenbook NAFDAC,26,5494,Abdoe-Bismuth**,1,Drugs,"{'id': 1, 'name': 'Drugs', 'created_at': '-000001-11-30T00:00:00.000000Z', 'updated_at': '2022-03-17T16:53:12.000000Z', 'deleted_at': None}",1688,Bismuth Subsalicylate,,A11-100490,102,Suspension,1,Oral,262 mg/15 mL,1211,Jehyson Healthcare Ltd,2023-04-26,2028-04-25,Active,"Oral Suspension.
Pinkish colored suspension in a PET bottle and a plastic cap",150 mL (in PET bottle),Each 15 mL suspension contains: Bismuth subsalicylate 262 mg,https://admin.greenbook.nafdac.gov.ng/uploadImage/smpc_files/2023/09/25/2023092532c1e9af-3536-5746-9a8c-c5161dbf4546.pdf,A07BB,https://greenbook.nafdac.gov.ng/products/details/5494,2026-09-27T21:22:20.085187+00:00
Greenbook NAFDAC,27,8734,Abeemal Injection**,1,Drugs,"{'id': 1, 'name': 'Drugs', 'created_at': '-000001-11-30T00:00:00.000000Z', 'updated_at': '2022-03-17T16:53:12.000000Z', 'deleted_at': None}",551,α-β Arteether,Alpha Beta Arteether; Alfa Beta Arteether,A4-101076,107,Solution for injection,9,Intramuscular,150 mg/2 mL,1631,"Abackson Pharmaceuticals Limited,",2024-11-22,2029-11-21,Active,"Oily solution for injection in 2-mL amber glass ampoule.
A clear pale-yellow liquid",2 mL x 3&#039;s (in amber glass ampoules),"α-β Arteether Injection 150 mg/2 mL.
Each 2 mL ampoule contains: α-β Arteether 150 mg, Arachis Oil BP q.s.",https://admin.greenbook.nafdac.gov.ng/uploadImage/smpc_files/2024/12/16/2024121618d8ea11-3aa8-5788-98c3-72264db61c05.pdf,P01BE,https://greenbook.nafdac.gov.ng/products/details/8734,2026-09-27T21:22:20.085187+00:00
Greenbook NAFDAC,28,12172,Abirat 500 Tablet_,1,Drugs,"{'id': 1, 'name': 'Drugs', 'created_at': '-000001-11-30T00:00:00.000000Z', 'updated_at': '2022-03-17T16:53:12.000000Z', 'deleted_at': None}",1377,Abiraterone Acetate,,A4-101705,1,Tablet,1,Oral,500 mg,1063,Hetero Labs Nigeria Limited,2025-11-26,2030-11-25,Active,"Tablet.
White-colored, oval-shaped, film-coated tablets debossed with &quot;H&quot; on one side and &quot;A65&quot; on the other side, free from physical defects",1 x 60&#039;s (in HDPE container),"Each tablet contains: Abiraterone Acetate 500 mg
Excipients q.s.",https://admin.greenbook.nafdac.gov.ng/uploadImage/smpc_files/2025/12/12/20251212911a0492-36c6-57fe-9ba8-4c6c0e5d6127.pdf,L02BX03,https://greenbook.nafdac.gov.ng/products/details/12172,2026-09-27T21:22:20.085187+00:00
Greenbook NAFDAC,29,11399,Abiraterone 250 mg Tablet_,1,Drugs,"{'id': 1, 'name': 'Drugs', 'created_at': '-000001-11-30T00:00:00.000000Z', 'updated_at': '2022-03-17T16:53:12.000000Z', 'deleted_at': None}",1377,Abiraterone Acetate,,A4-101490,1,Tablet,1,Oral,250 mg,1382,C.G. Biostadt Company Limited,2025-08-27,2030-08-26,Active,"Film-coated tablet
","1 x 120&#039;s (in HDPE bottle, or in blisters)",Each film-coated tablet contains: Abiraterone acetate 250 mg,https://admin.greenbook.nafdac.gov.ng/uploadImage/smpc_files/2025/10/07/2025100759aef5b1-9b4a-55aa-87a4-5da84dc2528e.pdf,L02BX03,https://greenbook.nafdac.gov.ng/products/details/11399,2026-09-27T21:22:20.085187+00:00
Greenbook NAFDAC,30,9641,Ablept 300 Capsules**,1,Drugs,"{'id': 1, 'name': 'Drugs', 'created_at': '-000001-11-30T00:00:00.000000Z', 'updated_at': '2022-03-17T16:53:12.000000Z', 'deleted_at': None}",35,Gabapentin,,B4-9460,2,Capsule,1,Oral,300 mg,230,Micro Nova Pharmaceuticals Ind Ltd,2025-01-30,2030-01-29,Active,"Capsule, hard",3 x 10&#039;s,Each hard gelatin capsule contains: Gabapentin USP 300 mg,https://admin.greenbook.nafdac.gov.ng/uploadImage/smpc_files/2025/05/12/2025051210cf7504-982c-51c4-ace7-6b580d2fc254.pdf,N02BF01,https://greenbook.nafdac.gov.ng/products/details/9641,2026-09-27T21:22:20.085187+00:00
Greenbook NAFDAC,31,5503,Abther 150 Injection**,1,Drugs,"{'id': 1, 'name': 'Drugs', 'created_at': '-000001-11-30T00:00:00.000000Z', 'updated_at': '2022-03-17T16:53:12.000000Z', 'deleted_at': None}",551,α-β Arteether,Alpha Beta Arteether; Alfa Beta Arteether,B4-7301,107,Solution for injection,9,Intramuscular,150 mg/2 mL,189,Greenlife Pharmaceutical Limited,2023-03-28,2028-03-27,Active,"Oily solution for injection in 2-mL ampoule.
A colourless to pale yellow liquid, filled and sealed in an amber glass ampoule",2 mL x 3&#039;s (in amber glass ampoules),"Each 2 mL solution contains: Alpha Beta Arteether 150 mg, Arachis oil BP q.s.",https://admin.greenbook.nafdac.gov.ng/uploadImage/smpc_files/2024/12/26/2024122662809137-70db-5aa1-b00e-3f3c0ee3d78d.pdf,P01BE,https://greenbook.nafdac.gov.ng/products/details/5503,2026-09-27T21:22:20.085187+00:00
Greenbook NAFDAC,32,5898,Abther 225 Injection**,1,Drugs,"{'id': 1, 'name': 'Drugs', 'created_at': '-000001-11-30T00:00:00.000000Z', 'updated_at': '2022-03-17T16:53:12.000000Z', 'deleted_at': None}",551,α-β Arteether,Alpha Beta Arteether; Alfa Beta Arteether,B4-7300,107,Solution for injection,9,Intramuscular,225 mg/3 mL,189,Greenlife Pharmaceutical Limited,2023-04-26,2028-04-25,Active,"Oily solution for injection in 3-mL ampoule.
A colourless to pale yellow liquid, filled and sealed in an amber glass ampoule",3 mL x 3&#039;s (in amber glass ampoules),"Each 3 mL solution contains: Alpha Beta Arteether 225 mg, Arachis oil BP q.s.",https://admin.greenbook.nafdac.gov.ng/uploadImage/smpc_files/2023/09/28/202309280ca84257-a542-5942-8aed-d6a781c8146c.pdf,P01BE,https://greenbook.nafdac.gov.ng/products/details/5898,2026-09-27T21:22:20.085187+00:00
Greenbook NAFDAC,33,6628,AC-Ancillin Suspension**,1,Drugs,"{'id': 1, 'name': 'Drugs', 'created_at': '-000001-11-30T00:00:00.000000Z', 'updated_at': '2022-03-17T16:53:12.000000Z', 'deleted_at': None}",424,Ampicillin (Ampicillin Trihydrate),,04-6148,72,Powder for suspension,1,Oral,125 mg/5 mL,355,A.C. Drugs Ltd,2023-12-21,2028-12-20,Active,Powder for Oral Suspension,,Each 5 mL reconstituted suspension contains: Ampicillin Trihydrate equiv. to Ampicillin 125 mg,https://admin.greenbook.nafdac.gov.ng/uploadImage/smpc_files/2024/01/02/20240102ea1dcce7-b5d8-5cac-8c17-5555e2fbf52e.pdf,J01CA01,https://greenbook.nafdac.gov.ng/products/details/6628,2026-09-27T21:22:20.085187+00:00
Greenbook NAFDAC,34,11727,AC-Asma-F Tablet**,1,Drugs,"{'id': 1, 'name': 'Drugs', 'created_at': '-000001-11-30T00:00:00.000000Z', 'updated_at': '2022-03-17T16:53:12.000000Z', 'deleted_at': None}",998,Ephedrine Hydrochloride; Theophylline Hydrochloride; Chlorphenamine Maleate,,A4-7561,1,Tablet,1,Oral,16 mg; 60 mg; 2 mg,355,A.C. Drugs Ltd,2025-09-24,2030-09-23,Active,"Uncoated Tablets.
White to off-white, round, flat-faced, uncoated tablets
Plain surface, no embossing or score line
Odourless, solid oral dosage form",10 x 10&#039;s,"Each tablet contains: Chlorpheniramine Maleate 2 mg, Ephedrine Hydrochloride 16 mg, Theophylline 60 mg",https://admin.greenbook.nafdac.gov.ng/uploadImage/smpc_files/2025/11/18/20251118ff8ddfa9-fd7b-590d-9d32-acda1d3051fc.pdf,Pending,https://greenbook.nafdac.gov.ng/products/details/11727,2026-09-27T21:22:20.085187+00:00
Greenbook NAFDAC,35,6636,AC-Ciprofloxacin Tablet**,1,Drugs,"{'id': 1, 'name': 'Drugs', 'created_at': '-000001-11-30T00:00:00.000000Z', 'updated_at': '2022-03-17T16:53:12.000000Z', 'deleted_at': None}",752,Ciprofloxacin,,A11-0153,1,Tablet,1,Oral,500 mg,355,A.C. Drugs Ltd,2023-12-21,2028-12-20,Active,Tablet,10 x 1 x 10&#039;s (in blisters),Ciprofloxacin 500 mg,https://admin.greenbook.nafdac.gov.ng/uploadImage/smpc_files/2024/12/11/20241211343dca40-c49d-5441-8a2f-a6be16dca9e0.pdf,J01MA02,https://greenbook.nafdac.gov.ng/products/details/6636,2026-09-27T21:22:20.085187+00:00
Greenbook NAFDAC,36,6634,AC-Ciprotinad Tablet**,1,Drugs,"{'id': 1, 'name': 'Drugs', 'created_at': '-000001-11-30T00:00:00.000000Z', 'updated_at': '2022-03-17T16:53:12.000000Z', 'deleted_at': None}",462,Ciprofloxacin (Ciprofloxacin Hydrochloride); Tinidazole,,A11-0371,1,Tablet,1,Oral,500 mg; 600 mg,355,A.C. Drugs Ltd,2023-12-21,2028-12-20,Active,Tablet,10 x 10&#039;s,"Each tablet contains: Ciprofloxacin 500 mg, Tinidazole 600 mg",https://admin.greenbook.nafdac.gov.ng/uploadImage/smpc_files/2024/12/18/20241218a2a9c7f9-4a75-5983-b73c-76243d62ca91.pdf,,https://greenbook.nafdac.gov.ng/products/details/6634,2026-09-27T21:22:20.085187+00:00
Greenbook NAFDAC,37,6630,AC-Clox Capsule**,1,Drugs,"{'id': 1, 'name': 'Drugs', 'created_at': '-000001-11-30T00:00:00.000000Z', 'updated_at': '2022-03-17T16:53:12.000000Z', 'deleted_at': None}",425,Ampicillin (Ampicillin Trihydrate); Cloxacillin (Cloxacillin Sodium),,A4-7563,2,Capsule,1,Oral,500 mg; 500 mg,355,A.C. Drugs Ltd,2023-12-21,2028-12-20,Active,Capsule,2 x 10&#039;s (in blisters),Ampicillin 500 mg Cloxacillin 500 mg,https://admin.greenbook.nafdac.gov.ng/uploadImage/smpc_files/2024/12/18/202412188d45ada5-40ea-59b6-be72-4e5ca3b07094.pdf,J01CR01,https://greenbook.nafdac.gov.ng/products/details/6630,2026-09-27T21:22:20.085187+00:00
Greenbook NAFDAC,38,6643,AC-Clox Drops**,1,Drugs,"{'id': 1, 'name': 'Drugs', 'created_at': '-000001-11-30T00:00:00.000000Z', 'updated_at': '2022-03-17T16:53:12.000000Z', 'deleted_at': None}",425,Ampicillin (Ampicillin Trihydrate); Cloxacillin (Cloxacillin Sodium),,04-5746,112,Suspension/Drops,1,Oral,60 mg/0.6 mL; 30 mg/0.6 mL,355,A.C. Drugs Ltd,2023-12-21,2028-12-20,Active,Powder for Oral Suspension,10 mL,"Each 0.6 mL reconstituted suspension contains: Ampicillin Trihydrate equiv. to Ampicillin 60 mg, Cloxacillin Sodium equiv. to Cloxacillin 30 mg",https://admin.greenbook.nafdac.gov.ng/uploadImage/smpc_files/2024/12/18/2024121811084887-b664-5a2a-ad8b-f09c7f88ca0d.pdf,J01CR01,https://greenbook.nafdac.gov.ng/products/details/6643,2026-09-27T21:22:20.085187+00:00
Greenbook NAFDAC,39,6644,AC-Clox Suspension**,1,Drugs,"{'id': 1, 'name': 'Drugs', 'created_at': '-000001-11-30T00:00:00.000000Z', 'updated_at': '2022-03-17T16:53:12.000000Z', 'deleted_at': None}",425,Ampicillin (Ampicillin Trihydrate); Cloxacillin (Cloxacillin Sodium),,A11-0152,72,Powder for suspension,1,Oral,125 mg/5 mL; 125 mg/5 mL,355,A.C. Drugs Ltd,2023-12-21,2028-12-20,Active,Powder for Oral Suspension,100 mL,"Each 5 mL reconstituted suspension contains: Ampicillin Trihydrate equiv. to Ampicillin 125 mg, Cloxacillin Sodium equiv. to Cloxacillin 125 mg",https://admin.greenbook.nafdac.gov.ng/uploadImage/smpc_files/2024/12/18/202412189c363284-bf07-528d-a54d-85060c9e12fd.pdf,J01CR01,https://greenbook.nafdac.gov.ng/products/details/6644,2026-09-27T21:22:20.085187+00:00
Greenbook NAFDAC,40,12313,AC-Denafil Tablets 100 mg**,1,Drugs,"{'id': 1, 'name': 'Drugs', 'created_at': '-000001-11-30T00:00:00.000000Z', 'updated_at': '2022-03-17T16:53:12.000000Z', 'deleted_at': None}",703,Sildenafil (Sildenafil Citrate),,A11-101027,1,Tablet,1,Oral,100 mg,355,A.C. Drugs Ltd,2025-11-26,2030-11-25,Active,"Film-Coated Tablet.
A blue diamond shaped film-coated tablet",25 x 1 x 4&#039;s (in PVC blisters),"Each tablet contains: Sildenafil Citrate USP equiv. to Sildenafil 100 mg, Excipients q.s.
Color: Approved color used",https://admin.greenbook.nafdac.gov.ng/uploadImage/smpc_files/2025/12/16/20251216b2dec6ef-26f4-5044-b6a5-b634bf4f14fb.pdf,G04BE03,https://greenbook.nafdac.gov.ng/products/details/12313,2026-09-27T21:22:20.085187+00:00
Greenbook NAFDAC,41,4666,AC-Diazepam_,1,Drugs,"{'id': 1, 'name': 'Drugs', 'created_at': '-000001-11-30T00:00:00.000000Z', 'updated_at': '2022-03-17T16:53:12.000000Z', 'deleted_at': None}",4,Diazepam,,A11-100499,1,Tablet,1,Oral,5 mg,355,A.C. Drugs Ltd,2023-05-25,2028-05-24,Active,"Tablet.
Round, pale-yellow tablet",10 x 10&#039;s (in PVC-Alu blisters),"Each tablet contains: Diazepam 5 mg
Excipients q.s.",https://admin.greenbook.nafdac.gov.ng/uploadImage/smpc_files/2023/10/02/20231002134fc447-8c8d-5635-a26b-cdacd666c753.pdf,N05BA01,https://greenbook.nafdac.gov.ng/products/details/4666,2026-09-27T21:22:20.085187+00:00
Greenbook NAFDAC,42,6645,AC-Diclo 100 Tablet**,1,Drugs,"{'id': 1, 'name': 'Drugs', 'created_at': '-000001-11-30T00:00:00.000000Z', 'updated_at': '2022-03-17T16:53:12.000000Z', 'deleted_at': None}",77,Diclofenac Sodium,,A4-0952,1,Tablet,1,Oral,100 mg,355,A.C. Drugs Ltd,2023-12-21,2028-12-20,Active,Tablet,1 x 10&#039;s (in blister),Diclofenac sodium 100 mg,https://admin.greenbook.nafdac.gov.ng/uploadImage/smpc_files/2024/12/11/20241211a74a144c-05ed-50d3-b996-7ef1f4920b42.pdf,M01AB05,https://greenbook.nafdac.gov.ng/products/details/6645,2026-09-27T21:22:20.085187+00:00
Greenbook NAFDAC,43,6646,AC-Diclo 50**,1,Drugs,"{'id': 1, 'name': 'Drugs', 'created_at': '-000001-11-30T00:00:00.000000Z', 'updated_at': '2022-03-17T16:53:12.000000Z', 'deleted_at': None}",77,Diclofenac Sodium,,A11-0414,1,Tablet,1,Oral,50 mg,355,A.C. Drugs Ltd,2023-12-21,2028-12-20,Active,Tablet,10 x 10&#039;s,Diclofenac sodium 50 mg,https://admin.greenbook.nafdac.gov.ng/uploadImage/smpc_files/2024/12/18/20241218b66ca5eb-5f3b-5f97-bfef-68ea42e966dd.pdf,M01AB05,https://greenbook.nafdac.gov.ng/products/details/6646,2026-09-27T21:22:20.085187+00:00
Greenbook NAFDAC,44,6647,AC-Drex Tablet**,1,Drugs,"{'id': 1, 'name': 'Drugs', 'created_at': '-000001-11-30T00:00:00.000000Z', 'updated_at': '2022-03-17T16:53:12.000000Z', 'deleted_at': None}",983,Paracetamol; Caffeine,,A11-0551,1,Tablet,1,Oral,500 mg; 30 mg,355,A.C. Drugs Ltd,2023-12-21,2028-12-20,Active,Tablet,10 x 10&#039;s (in blisters),"Each tablet contains: Paracetamol 500 mg, Caffeine 30 mg",https://admin.greenbook.nafdac.gov.ng/uploadImage/smpc_files/2024/12/11/20241211e6fe457d-53a7-5811-a567-850ab5140ae0.pdf,N02BE51,https://greenbook.nafdac.gov.ng/products/details/6647,2026-09-27T21:22:20.085187+00:00
Greenbook NAFDAC,45,6660,AC-Fed Tablet**,1,Drugs,"{'id': 1, 'name': 'Drugs', 'created_at': '-000001-11-30T00:00:00.000000Z', 'updated_at': '2022-03-17T16:53:12.000000Z', 'deleted_at': None}",413,Chlorphenamine Maleate,Chlorpheniramine Maleate,A11-0154,1,Tablet,1,Oral,4 mg,355,A.C. Drugs Ltd,2023-12-21,2028-12-20,Active,Tablet,10 x 10&#039;s (in blisters),Each tablet contains: Chlorpheniramine maleate 4 mg,https://admin.greenbook.nafdac.gov.ng/uploadImage/smpc_files/2024/12/28/20241228dc07d97a-f3a1-55bb-84b9-d02b49dbff2b.pdf,R06AB04,https://greenbook.nafdac.gov.ng/products/details/6660,2026-09-27T21:22:20.085187+00:00
Greenbook NAFDAC,46,5495,AC-Flunitrazepam_,1,Drugs,"{'id': 1, 'name': 'Drugs', 'created_at': '-000001-11-30T00:00:00.000000Z', 'updated_at': '2022-03-17T16:53:12.000000Z', 'deleted_at': None}",5,Flunitrazepam,,A11-100485,1,Tablet,1,Oral,1 mg,355,A.C. Drugs Ltd,2023-04-26,2028-04-25,Active,"Coated Tablet.
Pale-green, oblong, film-coated tablets with sharp edges",3 x 10&#039;s (in Alu blisters),"Each tablet contains: Flunitrazepam 1 mg
Excipients q.s.",https://admin.greenbook.nafdac.gov.ng/uploadImage/smpc_files/2024/12/11/20241211889f9701-eb2e-5d09-af38-280a1c5a4c6d.pdf,N05CD03,https://greenbook.nafdac.gov.ng/products/details/5495,2026-09-27T21:22:20.085187+00:00
Greenbook NAFDAC,47,7987,AC-Ibu 200 Tablet**,1,Drugs,"{'id': 1, 'name': 'Drugs', 'created_at': '-000001-11-30T00:00:00.000000Z', 'updated_at': '2022-03-17T16:53:12.000000Z', 'deleted_at': None}",57,Ibuprofen,,A11-0501,1,Tablet,1,Oral,200 mg,355,A.C. Drugs Ltd,2024-08-28,2029-08-27,Active,Tablet,,Ibuprofen 200 mg,https://admin.greenbook.nafdac.gov.ng/uploadImage/smpc_files/2024/12/01/20241201cb43abba-b1f6-5fd0-a9f4-23ebba613e4c.pdf,M01AE01,https://greenbook.nafdac.gov.ng/products/details/7987,2026-09-27T21:22:20.085187+00:00
Greenbook NAFDAC,48,6648,AC-Mol Drops**,1,Drugs,"{'id': 1, 'name': 'Drugs', 'created_at': '-000001-11-30T00:00:00.000000Z', 'updated_at': '2022-03-17T16:53:12.000000Z', 'deleted_at': None}",1529,Paracetamol,Acetaminophen,A11-0131,104,Solution/Drops,1,Oral,100 mg/mL,355,A.C. Drugs Ltd,2023-12-21,2028-12-20,Active,Oral Drops,15 mL bottle with dropper,Each mL contains: Paracetamol BP 100 mg,https://admin.greenbook.nafdac.gov.ng/uploadImage/smpc_files/2024/12/18/20241218c4cb717d-9144-583a-b065-3913044ddc12.pdf,N02BE01,https://greenbook.nafdac.gov.ng/products/details/6648,2026-09-27T21:22:20.085187+00:00
Greenbook NAFDAC,49,7988,AC-Motil Capsule**,1,Drugs,"{'id': 1, 'name': 'Drugs', 'created_at': '-000001-11-30T00:00:00.000000Z', 'updated_at': '2022-03-17T16:53:12.000000Z', 'deleted_at': None}",195,Loperamide Hydrochloride,,A11-0552,2,Capsule,1,Oral,2 mg,355,A.C. Drugs Ltd,2024-08-28,2029-08-27,Active,Capsule,1 x 10&#039;s (in blister),Loperamide 2 mg,https://admin.greenbook.nafdac.gov.ng/uploadImage/smpc_files/2024/12/11/202412115c7799c6-0540-5f78-b64e-48a7dd3f15ac.pdf,A07DA03,https://greenbook.nafdac.gov.ng/products/details/7988,2026-09-27T21:22:20.085187+00:00
Greenbook NAFDAC,50,6662,AC-Ome 20 Capsule**,1,Drugs,"{'id': 1, 'name': 'Drugs', 'created_at': '-000001-11-30T00:00:00.000000Z', 'updated_at': '2022-03-17T16:53:12.000000Z', 'deleted_at': None}",176,Omeprazole,,A4-4958,2,Capsule,1,Oral,20 mg,355,A.C. Drugs Ltd,2023-12-21,2028-12-20,Active,Capsule,10 x 10&#039;s (in blisters),Omeprazole 20 mg,https://admin.greenbook.nafdac.gov.ng/uploadImage/smpc_files/2024/12/18/202412187253f13b-5b0e-556d-8738-0ca4fa51f156.pdf,A02BC01,https://greenbook.nafdac.gov.ng/products/details/6662,2026-09-27T21:22:20.085187+00:00
Greenbook NAFDAC,51,6642,AC-Tramadol Capsule**,1,Drugs,"{'id': 1, 'name': 'Drugs', 'created_at': '-000001-11-30T00:00:00.000000Z', 'updated_at': '2022-03-17T16:53:12.000000Z', 'deleted_at': None}",56,Tramadol Hydrochloride,,A4-7559,2,Capsule,1,Oral,100 mg,355,A.C. Drugs Ltd,2023-12-21,2028-12-20,Active,Hard gelatin capsule,10 x 10&#039;s (in blisters),Tramadol hydrochloride 100 mg,https://admin.greenbook.nafdac.gov.ng/uploadImage/smpc_files/2024/12/11/20241211c7a1e074-602b-5a23-a416-c9f34485332d.pdf,N02AX02,https://greenbook.nafdac.gov.ng/products/details/6642,2026-09-27T21:22:20.085187+00:00
Greenbook NAFDAC,52,11634,Accepill Tablets 1.5 mg**,1,Drugs,"{'id': 1, 'name': 'Drugs', 'created_at': '-000001-11-30T00:00:00.000000Z', 'updated_at': '2022-03-17T16:53:12.000000Z', 'deleted_at': None}",683,Levonorgestrel,,A4-101522,1,Tablet,1,Oral,1.5 mg,1705,Aurora Pharmaceuticals Nig Ltd,2025-09-24,2030-09-23,Active,"Film Coated Tablet.
Pink coloured, Round shaped, Biconvex having monogram on one side film coated tablet",1 x 1&#039;s,Levonorgesrel Tablets BP 1.5 mg,https://admin.greenbook.nafdac.gov.ng/uploadImage/smpc_files/2025/11/12/20251112856d0b30-345c-5fad-8c55-c3d4f449d215.pdf,G03AD01,https://greenbook.nafdac.gov.ng/products/details/11634,2026-09-27T21:22:20.085187+00:00
Greenbook NAFDAC,53,3949,"Accesslife Clotrimazole, Betamethasone and Neomycin Cream_",1,Drugs,"{'id': 1, 'name': 'Drugs', 'created_at': '-000001-11-30T00:00:00.000000Z', 'updated_at': '2022-03-17T16:53:12.000000Z', 'deleted_at': None}",1106,Betamethasone; Clotrimazole; Neomycin sulfate,,A4-100125,4,Cream,21,Topical,0.05%; 1%; 0.5%,1053,Accesslife Pharmaceutical Nig Ltd,2021-10-28,2026-10-27,Active,Cream,,"The cream contains: Clotrimazole 1% w/w, Betamethasone 0.05% w/w, and Neomycin 0.5% w/w",,D07CC01,https://greenbook.nafdac.gov.ng/products/details/3949,2026-09-27T21:22:20.085187+00:00
Greenbook NAFDAC,54,4886,Accesslife Pentazocine Injection**,1,Drugs,"{'id': 1, 'name': 'Drugs', 'created_at': '-000001-11-30T00:00:00.000000Z', 'updated_at': '2022-03-17T16:53:12.000000Z', 'deleted_at': None}",54,Pentazocine (Pentazocine Lactate),,A4-100485,107,Solution for injection,29,Intravenous; Intramuscular,30 mg/mL,1053,Accesslife Pharmaceutical Nig Ltd,2023-07-27,2028-07-26,Active,Solution for Injection in 1-mL ampoule,1 mL x 10&#039;s (in ampoules),"Pentazocine Injection BP 30mg/mL.
Each mL contains: Pentazocine BP 30 mg (as Lactate), Sodium Chloride BP 2.8 mg, Water for Injection BP q.s.",https://admin.greenbook.nafdac.gov.ng/uploadImage/smpc_files/2023/08/27/202308277ed2edd4-44d4-5bae-becd-36b79cacb8b6.pdf,N02AD01,https://greenbook.nafdac.gov.ng/products/details/4886,2026-09-27T21:22:20.085187+00:00
Greenbook NAFDAC,55,12,Accesslife Tramadol Capsules**,1,Drugs,"{'id': 1, 'name': 'Drugs', 'created_at': '-000001-11-30T00:00:00.000000Z', 'updated_at': '2022-03-17T16:53:12.000000Z', 'deleted_at': None}",56,Tramadol Hydrochloride,,A4-100153,2,Capsule,1,Oral,100 mg,1053,Accesslife Pharmaceutical Nig Ltd,2021-12-02,2026-12-01,Active,Capsule,10 x 10&#039;s (in PVC-Alu blisters),"Each capsule contains: Tramadol Hydrochloride 100 mg, Excipients q.s.",https://admin.greenbook.nafdac.gov.ng/uploadImage/smpc_files/2023/05/27/2023052716bd9b5b-999b-50c0-82d7-6c6fca71b495.pdf,N02AX02,https://greenbook.nafdac.gov.ng/products/details/12,2026-09-27T21:22:20.085187+00:00
Greenbook NAFDAC,56,8811,Acculol 0.5 % Eye Drops**,1,Drugs,"{'id': 1, 'name': 'Drugs', 'created_at': '-000001-11-30T00:00:00.000000Z', 'updated_at': '2022-03-17T16:53:12.000000Z', 'deleted_at': None}",786,Betaxolol (Betaxolol Hydrochloride),,04-7442,104,Solution/Drops,15,Ophthalmic,0.5%,408,Lin-Kabs Pharmaceutical Limited,2021-09-28,2026-09-27,Active,Ophthalmic Solution,1 x 5 mL,Each mL solution contains: Betaxolol Hydrochloride 5 mg,https://admin.greenbook.nafdac.gov.ng/uploadImage/smpc_files/2025/07/08/202507089cfdeff9-5d49-54d1-83d1-36c6bf5dfcd6.pdf,S01ED02,https://greenbook.nafdac.gov.ng/products/details/8811,2026-09-27T21:22:20.085187+00:00
Greenbook NAFDAC,57,12435,ACCUPLUS ARTEMETHER INJECTION 80MG/ML $,1,Drugs,"{'id': 1, 'name': 'Drugs', 'created_at': '-000001-11-30T00:00:00.000000Z', 'updated_at': '2022-03-17T16:53:12.000000Z', 'deleted_at': None}",542,Artemether,,A4-102030,40,Injection,9,Intramuscular,80mg/ml,1734,ACCUPLUS LIFELINE PHARMACY LTD,2026-03-31,2031-03-30,Active,"ARTEMETHER INJECTION 80MG/ML	ARTEMETHER INJECTION 80MG/ML	ARTEMETHER 80 MG	A4-102030	Drugs	Imported Product	6 X 1 ml ampoules	11-09-2025	ACCUPLUS LIFELINE PHARMACY LTD, ANGLICAN JUNCTION, OBA NEW ROAD URUAGU NNEWI	08068244299	kateacplus24@gmail.com	Alpa Laboratories Limited., 33/2, A.B. Road, Pigdamber - 453 446, Indore - India
",6 X 1 ml ampoules,Each mL contains: Artemether 80 mg ,https://admin.greenbook.nafdac.gov.ng/uploadImage/smpc_files/2026/06/16/202606168984503b-3386-54d6-8889-8f2195835eb4.pdf,P01BE02 ,https://greenbook.nafdac.gov.ng/products/details/12435,2026-09-27T21:22:20.085187+00:00
Greenbook NAFDAC,58,12390,Accuplus Ceftriaxone 1 g Injection IV_,1,Drugs,"{'id': 1, 'name': 'Drugs', 'created_at': '-000001-11-30T00:00:00.000000Z', 'updated_at': '2022-03-17T16:53:12.000000Z', 'deleted_at': None}",453,Ceftriaxone,,A4-101766,40,Injection,12,Intravenous,1 g,1734,ACCUPLUS LIFELINE PHARMACY LTD,2025-11-26,2030-11-25,Active,Injection,1 x 1 vial + 10 mL WFI,Each vial contains: Ceftriaxone Sodium USP equiv. to Ceftriaxone 1 g,https://admin.greenbook.nafdac.gov.ng/uploadImage/smpc_files/2026/01/06/202601064b5183a2-b5cc-5199-a5bc-c1d658c1d45e.pdf,J01DD04,https://greenbook.nafdac.gov.ng/products/details/12390,2026-09-27T21:22:20.085187+00:00
Greenbook NAFDAC,59,6649,ACD 500 Tablet**,1,Drugs,"{'id': 1, 'name': 'Drugs', 'created_at': '-000001-11-30T00:00:00.000000Z', 'updated_at': '2022-03-17T16:53:12.000000Z', 'deleted_at': None}",1529,Paracetamol,Acetaminophen,A11-0550,1,Tablet,1,Oral,500 mg,355,A.C. Drugs Ltd,2023-12-21,2028-12-20,Active,Tablet,10 x 10&#039;s (in blisters),Acetaminophen 500 mg,https://admin.greenbook.nafdac.gov.ng/uploadImage/smpc_files/2024/12/11/20241211ef18bfed-3a78-5c34-ac96-2dbcc99664a5.pdf,N02BE01,https://greenbook.nafdac.gov.ng/products/details/6649,2026-09-27T21:22:20.085187+00:00
Greenbook NAFDAC,60,10824,Acdazin Cream**,1,Drugs,"{'id': 1, 'name': 'Drugs', 'created_at': '-000001-11-30T00:00:00.000000Z', 'updated_at': '2022-03-17T16:53:12.000000Z', 'deleted_at': None}",840,Silver sulfadiazine; Chitosan,,A4-101260,4,Cream,21,Topical,1%; 2%,640,Freshborn Industries Ltd,2025-04-30,2030-04-29,Active,Topical Cream,30 g x 10&#039;s (in lami tubes),"Silver Sulfadiazine USP 1% w/w, Chitosan Hydrochloride BP 2% w/w, Cream base q.s.",https://admin.greenbook.nafdac.gov.ng/uploadImage/smpc_files/2025/05/20/20250520556a196e-a0df-5dcc-94fd-eebaf075cbae.pdf,D06BA51,https://greenbook.nafdac.gov.ng/products/details/10824,2026-09-27T21:22:20.085187+00:00
Greenbook NAFDAC,61,8850,Aceca 50 Tablets**,1,Drugs,"{'id': 1, 'name': 'Drugs', 'created_at': '-000001-11-30T00:00:00.000000Z', 'updated_at': '2022-03-17T16:53:12.000000Z', 'deleted_at': None}",1125,Diclofenac Potassium,,B4-1808,1,Tablet,1,Oral,50 mg,1639,Grace Healthcare Ind. Ltd,2021-10-28,2026-10-27,Active,Tablet,1 x 10&#039;s (in blister),Each tablet contains: Diclofenac Potassium 50 mg,,M01AB05,https://greenbook.nafdac.gov.ng/products/details/8850,2026-09-27T21:22:20.085187+00:00
Greenbook NAFDAC,62,232,Aceclofen Tablet 100 mg_,1,Drugs,"{'id': 1, 'name': 'Drugs', 'created_at': '-000001-11-30T00:00:00.000000Z', 'updated_at': '2022-03-17T16:53:12.000000Z', 'deleted_at': None}",74,Aceclofenac,,B4-2965,1,Tablet,1,Oral,100 mg,261,Phamatex Nigeria Limited,2021-06-24,2026-06-23,Inactive,"Film Coated Tablet.
White round biconvex tablets embossed with PIL on one side and plain on the lower side.",1 x 10&#039;s (in PVC-Alu blister),"Each tablet contains: Aceclofenac 100 mg
Excipients q.s.",https://admin.greenbook.nafdac.gov.ng/uploadImage/smpc_files/2024/12/03/202412031f6d3aaa-7ce5-5042-8b2a-c82631694bbc.pdf,M01AB16,https://greenbook.nafdac.gov.ng/products/details/232,2026-09-27T21:22:20.085187+00:00
Greenbook NAFDAC,63,8561,Aceclofenac Injection**,1,Drugs,"{'id': 1, 'name': 'Drugs', 'created_at': '-000001-11-30T00:00:00.000000Z', 'updated_at': '2022-03-17T16:53:12.000000Z', 'deleted_at': None}",74,Aceclofenac,,C4-1809,107,Solution for injection,9,Intramuscular,150 mg/mL,271,Phillips Pharmaceuticals (Nigeria) Limited,2021-08-26,2026-08-25,Inactive,"Solution for injection.
Clear colourless to yellow coloured solution",1 mL x 5&#039;s (in amber coloured ampoules),"Aceclofenac Injection 150 mg/mL
Each mL contains: Aceclofenac BP 150 mg, TCLS-101 50 mg, Diethylene Glycol Monoethyl Ether (Transcutol-P) BP q.s. to 1 mL",https://admin.greenbook.nafdac.gov.ng/uploadImage/smpc_files/2024/11/22/2024112268272964-70e1-5bb2-9db8-e23c4cd4f8ee.pdf,,https://greenbook.nafdac.gov.ng/products/details/8561,2026-09-27T21:22:20.085187+00:00
Greenbook NAFDAC,64,12468,ACECLOFENAC TABLETS 100 mg $,1,Drugs,"{'id': 1, 'name': 'Drugs', 'created_at': '-000001-11-30T00:00:00.000000Z', 'updated_at': '2022-03-17T16:53:12.000000Z', 'deleted_at': None}",74,Aceclofenac,,A4-102296,1,Tablet,1,Oral,100mg,1698,Saint Jude Pharmacy Limited,2026-07-28,2031-07-27,Active,"ACECLOFENAC TABLETS 100MG	EACH FILM COATED TABLET CONTAINS ACECLOFENAC BP 100MG	A4-102296	Imported Product	10X10	22-11-2025	SAINT JUDE PHARMACY LIMITED, GG13,BENINSTREET,,KADUNA,KADUNA	FLOURISH PHARMA, 24 E GOA IDC DAMAN INDUSTRIAL ESTATE, SOMNATH DABHEL DAMAN 396215 INDIA
",10 X10,"Each film-coated tablet contains: Aceclofenac 100 mg
Excipients q.s.  ",https://admin.greenbook.nafdac.gov.ng/uploadImage/smpc_files/2026/08/13/20260813fd4819a0-99e7-5bdb-8da6-be5826256e32.pdf,M01AB16 ,https://greenbook.nafdac.gov.ng/products/details/12468,2026-09-27T21:22:20.085187+00:00
Greenbook NAFDAC,65,12469,ACECLOFENAC TABLETS 50MG $,1,Drugs,"{'id': 1, 'name': 'Drugs', 'created_at': '-000001-11-30T00:00:00.000000Z', 'updated_at': '2022-03-17T16:53:12.000000Z', 'deleted_at': None}",74,Aceclofenac,,A4-102295,1,Tablet,1,Oral,50mg,1698,Saint Jude Pharmacy Limited,2026-07-28,2031-07-27,Active,"ACECLOFENAC TABLETS 50MG	&quot;EACH FILM-COATED TABLET CONTAINS:
ACECLOFENAC BP.................... 50 MG&quot;	A4-102295	Imported Product	10 X 10	25-10-2025	SAINT JUDE PHARMACY LIMITED, GG13,BENINSTREET,,KADUNA,KADUNA	FLOURISH PHARMA, 24 E GOA IDC DAMAN INDUSTRIAL ESTATE, SOMNATH DABHEL DAMAN 396215 INDIA
",10 X 10,"Each film-coated tablet contains: Aceclofenac 50 mg
Excipients q.s.  

",https://admin.greenbook.nafdac.gov.ng/uploadImage/smpc_files/2026/08/13/202608138a7d3fed-ba8c-5740-94db-7f0a09fd0421.pdf,M01AB16 ,https://greenbook.nafdac.gov.ng/products/details/12469,2026-09-27T21:22:20.085187+00:00
Greenbook NAFDAC,66,6663,Aceclomax Tablets**,1,Drugs,"{'id': 1, 'name': 'Drugs', 'created_at': '-000001-11-30T00:00:00.000000Z', 'updated_at': '2022-03-17T16:53:12.000000Z', 'deleted_at': None}",1011,Aceclofenac; Paracetamol,,B4-7902,1,Tablet,1,Oral,100 mg; 500 mg,734,Top Ugolife Pharmaceutical Company Ltd,2023-12-21,2028-12-20,Active,Uncoated tablet,1 x 10&#039;s (in Alu-Alu blister),"Each uncoated tablet contains: Aceclofenac BP 100 mg, Paracetamol BP 500 mg
Colour: Tartrazine Yellow

Excipients:
Maize Starch Powder, PVPK-30, Sodium Starch Glycolate, Cross Carmellose Sodium, Colloidal Silicone dioxide, Purified Talcum, Microcrystalline Cellulose 102, Magnesium Stearate, Color: Tartazine Yellow, Purified Water",https://admin.greenbook.nafdac.gov.ng/uploadImage/smpc_files/2023/12/31/2023123124864831-8be5-5e2f-80df-dee51868c078.pdf,N02BE51,https://greenbook.nafdac.gov.ng/products/details/6663,2026-09-27T21:22:20.085187+00:00
Greenbook NAFDAC,67,2606,Acelodon 100 Tablets_,1,Drugs,"{'id': 1, 'name': 'Drugs', 'created_at': '-000001-11-30T00:00:00.000000Z', 'updated_at': '2022-03-17T16:53:12.000000Z', 'deleted_at': None}",74,Aceclofenac,,B4-5592,1,Tablet,1,Oral,100 mg,193,Healthline Limited,2020-12-21,2025-12-20,Inactive,Tablet,,Each tablet contains: Aceclofenac 100 mg,,M01AB16,https://greenbook.nafdac.gov.ng/products/details/2606,2026-09-27T21:22:20.085187+00:00
Greenbook NAFDAC,68,7748,Acelodon Gel**,1,Drugs,"{'id': 1, 'name': 'Drugs', 'created_at': '-000001-11-30T00:00:00.000000Z', 'updated_at': '2022-03-17T16:53:12.000000Z', 'deleted_at': None}",74,Aceclofenac,,C4-1681,29,Gel,21,Topical,1%,193,Healthline Limited,2021-05-07,2026-05-06,Inactive,,1 x 30 g,Aceclofenac BP 1% w/w,,,https://greenbook.nafdac.gov.ng/products/details/7748,2026-09-27T21:22:20.085187+00:00
Greenbook NAFDAC,69,8003,Acem-500 Tablets**,1,Drugs,"{'id': 1, 'name': 'Drugs', 'created_at': '-000001-11-30T00:00:00.000000Z', 'updated_at': '2022-03-17T16:53:12.000000Z', 'deleted_at': None}",477,Clarithromycin,,04-8551,1,Tablet,1,Oral,500 mg,615,Emcure Nigeria Limited,2021-08-03,2026-08-02,Inactive,Tablet,1 x 10&#039;s (in blister),Clarithromycin USP 500 mg,https://admin.greenbook.nafdac.gov.ng/uploadImage/smpc_files/2025/01/14/20250114d788d12a-4ff2-5aa6-ac1d-17cf1913f0cd.pdf,,https://greenbook.nafdac.gov.ng/products/details/8003,2026-09-27T21:22:20.085187+00:00
Greenbook NAFDAC,70,1809,Acenac Tablets 100 mg##,1,Drugs,"{'id': 1, 'name': 'Drugs', 'created_at': '-000001-11-30T00:00:00.000000Z', 'updated_at': '2022-03-17T16:53:12.000000Z', 'deleted_at': None}",74,Aceclofenac,,A4-4192,1,Tablet,1,Oral,100 mg,276,Ranbaxy Nigeria Limited,2021-05-07,2026-05-06,Inactive,Film Coated Tablet,,Each tablet contains: Aceclofenac 100 mg,,M01AB16,https://greenbook.nafdac.gov.ng/products/details/1809,2026-09-27T21:22:20.085187+00:00
Greenbook NAFDAC,71,687,Acenol 100 mg Tablets##,1,Drugs,"{'id': 1, 'name': 'Drugs', 'created_at': '-000001-11-30T00:00:00.000000Z', 'updated_at': '2022-03-17T16:53:12.000000Z', 'deleted_at': None}",74,Aceclofenac,,B4-3754,1,Tablet,1,Oral,100 mg,206,Justeen Pharmaceuticals Ltd,2021-05-07,2026-05-06,Inactive,Tablet,,Each tablet contains: Aceclofenac BP 100 mg,,M01AB16,https://greenbook.nafdac.gov.ng/products/details/687,2026-09-27T21:22:20.085187+00:00
Greenbook NAFDAC,72,686,Acenol 200 mg Tablets##,1,Drugs,"{'id': 1, 'name': 'Drugs', 'created_at': '-000001-11-30T00:00:00.000000Z', 'updated_at': '2022-03-17T16:53:12.000000Z', 'deleted_at': None}",74,Aceclofenac,,B4-0887,1,Tablet,1,Oral,200 mg,206,Justeen Pharmaceuticals Ltd,2021-05-07,2026-05-06,Inactive,Delayed Release Tablet,,Each tablet contains: Aceclofenac BP 200 mg,,M01AB16,https://greenbook.nafdac.gov.ng/products/details/686,2026-09-27T21:22:20.085187+00:00
Greenbook NAFDAC,73,7301,Acepol Suspension**,1,Drugs,"{'id': 1, 'name': 'Drugs', 'created_at': '-000001-11-30T00:00:00.000000Z', 'updated_at': '2022-03-17T16:53:12.000000Z', 'deleted_at': None}",1529,Paracetamol,Acetaminophen,A4-0704,102,Suspension,1,Oral,120 mg/5 mL,291,SKG - Pharma Ltd,2024-04-30,2029-05-01,Active,"Oral Suspension.
A viscous pink coloured suspension with a strawberry odour and taste",60 mL (in amber bottle),"Each 5 mL suspension contains Paracetamol 120 mg

Excipients:
Sucrose, Sorbitol Soultion 70%, Strawberry Flavour, Allura Red, Xanthan Gum, Glycerol, Methyl Hydroxybenzoate, Deionised Water",https://admin.greenbook.nafdac.gov.ng/uploadImage/smpc_files/2024/05/19/20240519aaf54479-8787-59e5-b2a6-68e4d11f730b.pdf,N02BE01,https://greenbook.nafdac.gov.ng/products/details/7301,2026-09-27T21:22:20.085187+00:00
Greenbook NAFDAC,74,8004,Acetazolamide 250 mg Tablet**,1,Drugs,"{'id': 1, 'name': 'Drugs', 'created_at': '-000001-11-30T00:00:00.000000Z', 'updated_at': '2022-03-17T16:53:12.000000Z', 'deleted_at': None}",789,Acetazolamide,,C4-1780,1,Tablet,1,Oral,250 mg,424,Mankind Life-Sciences Limited,2021-08-03,2026-08-02,Inactive,Tablet,2 x 10&#039;s (in blisters),Acetazolamide BP 250 mg,,,https://greenbook.nafdac.gov.ng/products/details/8004,2026-09-27T21:22:20.085187+00:00
Greenbook NAFDAC,75,3304,Acetazolamide 250 Tablets_,1,Drugs,"{'id': 1, 'name': 'Drugs', 'created_at': '-000001-11-30T00:00:00.000000Z', 'updated_at': '2022-03-17T16:53:12.000000Z', 'deleted_at': None}",789,Acetazolamide,,A11-100010,1,Tablet,1,Oral,250 mg,27,Fidson Healthcare PLC,2021-03-01,2026-02-28,Inactive,Tablet,,Each tablet contains: Acetazolamide 250 mg,,S01EC01,https://greenbook.nafdac.gov.ng/products/details/3304,2026-09-27T21:22:20.085187+00:00
Greenbook NAFDAC,76,8381,Achrelif Gel**,1,Drugs,"{'id': 1, 'name': 'Drugs', 'created_at': '-000001-11-30T00:00:00.000000Z', 'updated_at': '2022-03-17T16:53:12.000000Z', 'deleted_at': None}",1864,Aceclofenac; Methyl Salicylate; Capsaicin; Linseed Oil,,A4-101031,29,Gel,21,Topical,1.5%; 10%; 0.01%; 3%,253,Onifam Laboratories Limited,2024-09-25,2029-09-24,Active,Topical gel,30 g,"Aceclofenac BP 1.5% w/w, Linseed oil BP 3.0% w/w, Methyl Salicylate BP 10.0% w/w, Capsaicin USP 0.01% w/w, Benzyl alcohol BP 1.0% w/w

Excipients:
Carbopol 940 USP, Cremophore RH 40 IHS, Butylated Hydroxy Toluene BP, Citric Acid Anhydrous BP, Propylene Glycol USP, Disodium Edetate BP, Isopropyl Alcohol USP, Diethylamine, Purified Water BP",https://admin.greenbook.nafdac.gov.ng/uploadImage/smpc_files/2024/11/28/20241128c168ee4a-17cc-53eb-b45c-48f5c381dd3d.pdf,M02AA25,https://greenbook.nafdac.gov.ng/products/details/8381,2026-09-27T21:22:20.085187+00:00
Greenbook NAFDAC,77,4667,Aciclovir Cream BP 5% w/w**,1,Drugs,"{'id': 1, 'name': 'Drugs', 'created_at': '-000001-11-30T00:00:00.000000Z', 'updated_at': '2022-03-17T16:53:12.000000Z', 'deleted_at': None}",748,Aciclovir,,A4-100450,4,Cream,21,Topical,5%,885,Restore Healthcare Ltd,2023-07-06,2028-07-05,Active,"Topical cream.
Off White colored cream",1 x 15 g (in Lami tube),"Each 15 g tube contains: Aciclovir BP 5% w/w, Cream base q.s.

Excipients:
Propylene Glycol 15%,  Cetyl Alcohol 1.5%",https://admin.greenbook.nafdac.gov.ng/uploadImage/smpc_files/2023/08/23/202308231f1b1975-6872-54b1-9b3a-1ea0953947e7.pdf,D06BB03,https://greenbook.nafdac.gov.ng/products/details/4667,2026-09-27T21:22:20.085187+00:00
Greenbook NAFDAC,78,2636,Acidomep Capsules##,1,Drugs,"{'id': 1, 'name': 'Drugs', 'created_at': '-000001-11-30T00:00:00.000000Z', 'updated_at': '2022-03-17T16:53:12.000000Z', 'deleted_at': None}",176,Omeprazole,,A4-9491,2,Capsule,1,Oral,20 mg,579,Aions Pharmaceutical Limited,2020-11-10,2025-11-09,Inactive,Capsule,,Each capsule contains: Omeprazole 20 mg,,A02BC01,https://greenbook.nafdac.gov.ng/products/details/2636,2026-09-27T21:22:20.085187+00:00
Greenbook NAFDAC,79,13,Aciguard Antacid Suspension##,1,Drugs,"{'id': 1, 'name': 'Drugs', 'created_at': '-000001-11-30T00:00:00.000000Z', 'updated_at': '2022-03-17T16:53:12.000000Z', 'deleted_at': None}",153,Aluminium hydroxide; Magnesium hydroxide; Magnesium trisilicate; Simeticone,,04-4753,102,Suspension,1,Oral,300 mg/5 mL; 100 mg/5 mL; 150 mg/5 mL; 25 mg/5 mL,320,Unique AgroChem Ltd,2021-10-28,2026-10-27,Active,Suspension,"1 x 100 mL, 1 x 200 mL (in bottle)","Each 5 mL contains: Dried Aluminium Hydroxide BP 300 mg, Magnesium Hydroxide BP  100 mg, Magnesium Trisilicate BP 150 mg, Simeticone for oral use BP 25 mg
Excipients q.s.",https://admin.greenbook.nafdac.gov.ng/uploadImage/smpc_files/2024/12/04/20241204eb8d2c0e-245e-578f-ba66-33b184dc0fd6.pdf,A02AF02,https://greenbook.nafdac.gov.ng/products/details/13,2026-09-27T21:22:20.085187+00:00
Greenbook NAFDAC,80,6678,Acimox Capsule**,1,Drugs,"{'id': 1, 'name': 'Drugs', 'created_at': '-000001-11-30T00:00:00.000000Z', 'updated_at': '2022-03-17T16:53:12.000000Z', 'deleted_at': None}",1546,Amoxicillin (Amoxicillin Trihydrate),Amoxycillin,A4-8982,2,Capsule,1,Oral,500 mg,355,A.C. Drugs Ltd,2023-12-21,2028-12-20,Active,,2 x 10&#039;s,Each capsule contains: Amoxicillin Trihydrate equiv. to Amoxicillin 500 mg,https://admin.greenbook.nafdac.gov.ng/uploadImage/smpc_files/2024/12/18/2024121855bfaeb0-1ba5-51e7-bfce-a2c8ed6a82dd.pdf,J01CA04,https://greenbook.nafdac.gov.ng/products/details/6678,2026-09-27T21:22:20.085187+00:00
Greenbook NAFDAC,81,6679,Acimox Suspension**,1,Drugs,"{'id': 1, 'name': 'Drugs', 'created_at': '-000001-11-30T00:00:00.000000Z', 'updated_at': '2022-03-17T16:53:12.000000Z', 'deleted_at': None}",1546,Amoxicillin (Amoxicillin Trihydrate),Amoxycillin,A11-0155,72,Powder for suspension,1,Oral,125 mg/5 mL,355,A.C. Drugs Ltd,2023-12-21,2028-12-20,Active,Powder for Oral Suspension,60 mL x 1 x 10&#039;s (in bottles),Each 5 mL reconstituted suspension contains: Amoxicillin Trihydrate equiv. to Amoxicillin 125 mg,,J01CA04,https://greenbook.nafdac.gov.ng/products/details/6679,2026-09-27T21:22:20.085187+00:00
Greenbook NAFDAC,82,2961,Acipep Tablets_,1,Drugs,"{'id': 1, 'name': 'Drugs', 'created_at': '-000001-11-30T00:00:00.000000Z', 'updated_at': '2022-03-17T16:53:12.000000Z', 'deleted_at': None}",2268,Alginic Acid; Magnesium Hydroxide; Dried Aluminium Hydroxide; Sodium Bicarbonate,,C4-1196,6,Chewable tablet,1,Oral,200 mg; 150 mg; 300 mg; 70 mg,729,Sam Pharmaceutical Limited,2020-11-10,2025-11-09,Inactive,"Chewable Tablet.
Pink and white-coloured circular flat bilayer tablets",,"Each bi-layered tablet contains: Alginic Acid BP 200 mg, Magnesium Hydroxide BP 150 mg, Dried Aluminium Hydroxide Gel BP 300 mg, Sodium Bicarbonate BP 70 mg
Excipients q.s.
Color: Erythrosine",https://admin.greenbook.nafdac.gov.ng/uploadImage/smpc_files/2024/06/28/20240628ba18606e-0bf0-568a-b29a-51b91c259068.pdf,A02AF,https://greenbook.nafdac.gov.ng/products/details/2961,2026-09-27T21:22:20.085187+00:00
Greenbook NAFDAC,83,12445,ACIPRO CAPLET $,1,Drugs,"{'id': 1, 'name': 'Drugs', 'created_at': '-000001-11-30T00:00:00.000000Z', 'updated_at': '2022-03-17T16:53:12.000000Z', 'deleted_at': None}",752,Ciprofloxacin,,04-5627,108,Caplet,1,Oral,500mg,755,Archy Pharmaceuticals Limited,2026-02-24,2031-02-23,Active,"ACIPRO CAPLET	CIPROFLOXACIN USP, ANTI BIOTICS	ACIPROFLOXACINE 500MG	04-5627	Drugs	Nigerian Products	1X10	24-06-2024	ARCHY  PHARMACEUTICALS LIMITED, HOUSE10,CLOSE21ROAD,,FESTACTOWN,LAGOS	017948705	iheantuau@aol.com	ARCHY PHARMACEUTICALS LIMITED, PLOT 30, WIN FUNKE STREET, OFF ACCESS BANK JUNCTION, LAGOS - ABEOKUTA EXPRESSWAY, OJOKORO, LAGOS
",1X10,"Each caplet contains: Ciprofloxacin hydrochloride BP equivalent to Ciprofloxacin 500 mg
Excipients q.s.  
",https://admin.greenbook.nafdac.gov.ng/uploadImage/smpc_files/2026/07/25/2026072599a3b6b1-7918-5180-9516-e56793e1c0e0.pdf,J01MA02,https://greenbook.nafdac.gov.ng/products/details/12445,2026-09-27T21:22:20.085187+00:00
Greenbook NAFDAC,84,6672,Acithromac Suspension**,1,Drugs,"{'id': 1, 'name': 'Drugs', 'created_at': '-000001-11-30T00:00:00.000000Z', 'updated_at': '2022-03-17T16:53:12.000000Z', 'deleted_at': None}",1535,Erythromycin (Erythromycin Stearate),,04-1050,102,Suspension,1,Oral,125 mg/5 mL,355,A.C. Drugs Ltd,2023-12-21,2028-12-20,Active,Oral Suspension,100 mL,Erythromycin Sterate 125 mg/5 mL,https://admin.greenbook.nafdac.gov.ng/uploadImage/smpc_files/2024/12/18/202412188b8e26b0-68bb-58d5-9eb6-9941fc2c5e2f.pdf,J01FA01,https://greenbook.nafdac.gov.ng/products/details/6672,2026-09-27T21:22:20.085187+00:00
Greenbook NAFDAC,85,6673,Acithromac Tablet**,1,Drugs,"{'id': 1, 'name': 'Drugs', 'created_at': '-000001-11-30T00:00:00.000000Z', 'updated_at': '2022-03-17T16:53:12.000000Z', 'deleted_at': None}",1535,Erythromycin (Erythromycin Stearate),,A11-0312,108,Caplet,1,Oral,500 mg,355,A.C. Drugs Ltd,2023-12-21,2028-12-20,Active,Caplet,1 x 10&#039;s (in blister),Erythromycin Stearate 500 mg,https://admin.greenbook.nafdac.gov.ng/uploadImage/smpc_files/2024/12/18/20241218aaec4133-c64b-52b6-bc04-da0edb33930e.pdf,J01FA01,https://greenbook.nafdac.gov.ng/products/details/6673,2026-09-27T21:22:20.085187+00:00
Greenbook NAFDAC,86,14,Acizip-100 Tablets_,1,Drugs,"{'id': 1, 'name': 'Drugs', 'created_at': '-000001-11-30T00:00:00.000000Z', 'updated_at': '2022-03-17T16:53:12.000000Z', 'deleted_at': None}",74,Aceclofenac,,B4-4804,1,Tablet,1,Oral,100 mg,143,Chanrai HealthCare Limited,2021-12-02,2026-12-01,Active,"Tablet.
A white-colored, round-shaped, uncoated tablet having &quot;CHCL&quot; on one side and &quot;CHANRAI&quot; symbol on the other side of the tablet",10 x 10&#039;s (in Alu-PVC blisters),"Each tablet contains: Aceclofenac  BP 100 mg
Excipients q.s.",https://admin.greenbook.nafdac.gov.ng/uploadImage/smpc_files/2023/05/28/20230528c46e3425-2a87-5793-80c1-84f23133beeb.pdf,M01AB16,https://greenbook.nafdac.gov.ng/products/details/14,2026-09-27T21:22:20.085187+00:00
Greenbook NAFDAC,87,12470,ACNOTIN 10 SOFTGEL CAPSULES $,1,Drugs,"{'id': 1, 'name': 'Drugs', 'created_at': '-000001-11-30T00:00:00.000000Z', 'updated_at': '2022-03-17T16:53:12.000000Z', 'deleted_at': None}",887,Isotretinoin,,A4-2823,2,Capsule,1,Oral,10mg,226,Mega Lifesciences Nigeria Limited,2026-07-28,2031-07-27,Active,"ACNOTIN 10 SOFTGEL CAPSULES		A4-2823      	Imported Product	3*10	24-03-2025	MEGA LIFESCIENCES NIGERIA LIMITED, GUINNESS ROAD, OGBA - IKEJA OGBA LAGOS	MEGA LIFESCIENCES PUBLIC COMPANY LIMITED, 384, MOO 4, PATTANA 3 ROAD, BANGPOO INDUSTRIAL ESTATE, SOI 6, PREAKSA, MUANG SAMUTPRAKARN, SAMUTPRAKARN 10280, THAILAND
",3 x10,"Each capsule contains 10 mg of Isotretinoin  
Excipients     qs
",https://admin.greenbook.nafdac.gov.ng/uploadImage/smpc_files/2026/08/12/202608121b52547a-e592-5088-880f-447e514556eb.pdf,D10AD04,https://greenbook.nafdac.gov.ng/products/details/12470,2026-09-27T21:22:20.085187+00:00
Greenbook NAFDAC,88,12471,ACNOTIN 20 CAPSULES $,1,Drugs,"{'id': 1, 'name': 'Drugs', 'created_at': '-000001-11-30T00:00:00.000000Z', 'updated_at': '2022-03-17T16:53:12.000000Z', 'deleted_at': None}",887,Isotretinoin,,A4-2824,2,Capsule,1,Oral,20mg,226,Mega Lifesciences Nigeria Limited,2026-07-28,2031-07-27,Active,"ACNOTIN 20 CAPSULES (ISOTRETINOIN 20MG)	ISOTRETINOIN 20MG	A4-2824	Imported Product	6*5 CAPSULES;3*10 CAPSULES	24-03-2025	MEGA LIFESCIENCES NIGERIA LIMITED, GUINNESS ROAD, OGBA - IKEJA OGBA LAGOS	MEGA LIFESCIENCES  PUBLIC COMPANY LIMITED, 384 MOO 4, PATTANA 3 ROAD, BANGPOO INDUSTRIAL ESTATE, SOI 6, PREAKSA, MUANG SAMUTPRAKARN, SAMUTPRAKARN 10280, THAILAND,384 MOO 4, PATTANA 3 ROAD, BANGPOO INDUSTRIAL ESTATE, SOI 6, PREAKSA, MUANG SAMUTPRAKARN, SAMUTPRAKARN 10280, THAILAND
",6*5 CAPSULES;3*10 CAPSULES,"Each Soft gelatin capsule contains 20 mg of Isotretinoin  
Excipients     qs

",https://admin.greenbook.nafdac.gov.ng/uploadImage/smpc_files/2026/08/13/20260813592f3ace-72f9-57ac-9576-d5f453d3e39f.pdf,D10AD04 ,https://greenbook.nafdac.gov.ng/products/details/12471,2026-09-27T21:22:20.085187+00:00
Greenbook NAFDAC,89,4668,Acofenac**,1,Drugs,"{'id': 1, 'name': 'Drugs', 'created_at': '-000001-11-30T00:00:00.000000Z', 'updated_at': '2022-03-17T16:53:12.000000Z', 'deleted_at': None}",77,Diclofenac Sodium,,B4-4208,1,Tablet,1,Oral,50 mg,569,Solid Accord Ltd,2023-07-06,2028-07-05,Active,Enteric-coated Tablets,10 x 10&#039;s (in Alu-PVC blisters),"Each enteric-coated tablet contains: Diclofenac sodium BP 50 mg

Excipients:
Microcrystalline Cellulose 5.00 mg, Purified Talc 7.00 mg, Sodium Starch Glycolate 4.00 mg, Colloidal Silicon Dioxide 2.00 mg, Ennar Dummy Granules 42.00 mg, Magnesium Stearate 5.00 mg, Isopropyl Alcohol, Methylene Di Chloride, Instacoat En-Sol 8.0 mg",https://admin.greenbook.nafdac.gov.ng/uploadImage/smpc_files/2023/08/23/2023082315db1cf9-125c-5c09-848b-ae21a8ba0051.pdf,M01AB05,https://greenbook.nafdac.gov.ng/products/details/4668,2026-09-27T21:22:20.085187+00:00
Greenbook NAFDAC,90,7749,Acretin 0.025% Cream**,1,Drugs,"{'id': 1, 'name': 'Drugs', 'created_at': '-000001-11-30T00:00:00.000000Z', 'updated_at': '2022-03-17T16:53:12.000000Z', 'deleted_at': None}",889,Tretinoin,, B4-7657,4,Cream,26,Cutaneous/Topical,0.025%,338,Assene-Laborex Limited,2024-06-27,2029-06-26,Active,"Topical Cream.
Off-white to cream colored homogeneous smooth cream, free from grit or lumps, filled in Aluminum collapsible tubes",1 x 30 g (in Aluminum tube),"Tretinoin 0.025% w/w Cream.
Tretinoin 0.025%, Polyoxy 40 Stearate, Stearyl Alcohol, Sorbic Acid, Purified Water",https://admin.greenbook.nafdac.gov.ng/uploadImage/smpc_files/2024/07/20/202407209e942c20-9124-552d-8d8f-bee3a65ff4dc.pdf,D10AD01,https://greenbook.nafdac.gov.ng/products/details/7749,2026-09-27T21:22:20.085187+00:00
Greenbook NAFDAC,91,4669,Acretin 0.05% Cream**,1,Drugs,"{'id': 1, 'name': 'Drugs', 'created_at': '-000001-11-30T00:00:00.000000Z', 'updated_at': '2022-03-17T16:53:12.000000Z', 'deleted_at': None}",889,Tretinoin,,B4-7658,4,Cream,21,Topical,0.05%,338,Assene-Laborex Limited,2023-05-25,2028-05-24,Active,"Topical Cream.
Off-white to cream colored homogeneous smooth cream, free from grit or lumps, filled in Aluminum collapsible tubes",1 x 30 g (in collapsible Aluminium tube),Tretinoin 0.05% w/w Cream,https://admin.greenbook.nafdac.gov.ng/uploadImage/smpc_files/2023/08/22/20230822df544322-8e7f-539f-b1f2-81cb2d740db0.pdf,D10AD01,https://greenbook.nafdac.gov.ng/products/details/4669,2026-09-27T21:22:20.085187+00:00
Greenbook NAFDAC,92,11015,Acriptega Tablets_,1,Drugs,"{'id': 1, 'name': 'Drugs', 'created_at': '-000001-11-30T00:00:00.000000Z', 'updated_at': '2022-03-17T16:53:12.000000Z', 'deleted_at': None}",1353,Dolutegravir (Dolutegravir Sodium); Lamivudine; Tenofovir Disoproxil Fumarate,,B4-9927,1,Tablet,1,Oral,50 mg; 300 mg; 300 mg,193,Healthline Limited,2025-04-30,2030-04-29,Active,"Film-coated tablet.
A white to off-white, film-coated, capsule-shaped, biconvex, beveled-edge tablet debossed with M on one side and LTD on the other side of the tablet","1 x 30&#039;s,1 x 90&#039;s,1 x 180&#039;s (in HDPE bottle)","Each film-coated tablet contains: Dolutegravir (as Dolutegravir Sodium Base) 50 mg, Lamivudine USP 300 mg, Tenofovir Disoproxil Fumarate ( equiv. to Tenofovir Disoproxil  Base 245 mg) 300 mg
Excipients with known effect: Lactose Monohydrate, Mannitol",https://admin.greenbook.nafdac.gov.ng/uploadImage/smpc_files/2025/05/15/2025051591dd841b-28db-56e3-882e-51d6065c7c45.pdf,J05AR27,https://greenbook.nafdac.gov.ng/products/details/11015,2026-09-27T21:22:20.085187+00:00
Greenbook NAFDAC,93,486,Actazone 1 g Injection**,1,Drugs,"{'id': 1, 'name': 'Drugs', 'created_at': '-000001-11-30T00:00:00.000000Z', 'updated_at': '2022-03-17T16:53:12.000000Z', 'deleted_at': None}",1541,Ceftriaxone (Ceftriaxone Sodium),,B4-6442,70,Powder for injection,12,Intravenous,1 g,37,Biomedicine Sckivs Pharmaceutical Nigeria Limited,2021-08-03,2026-08-02,Inactive,"Powder for Injection.
A white crystalline powder filled in an intactly sealed clear glass vial",1 g x 1&#039;s (in vial) + 10 mL SWFI (in ampoule),"Each vial contains: Ceftriaxone Sodium USP equivalent to Anhydrous Ceftriaxone 1000 mg
",https://admin.greenbook.nafdac.gov.ng/uploadImage/smpc_files/2023/05/28/20230528a1146c8e-d91e-55fd-88d2-b6c4cb0e1cbe.pdf,J01DD04,https://greenbook.nafdac.gov.ng/products/details/486,2026-09-27T21:22:20.085187+00:00
Greenbook NAFDAC,94,6756,Actifed Cold Tablets**,1,Drugs,"{'id': 1, 'name': 'Drugs', 'created_at': '-000001-11-30T00:00:00.000000Z', 'updated_at': '2022-03-17T16:53:12.000000Z', 'deleted_at': None}",825,Pseudoephedrine Hydrochloride; Triprolidine,,04-1984,1,Tablet,1,Oral,60 mg; 2.5 mg,182,GlaxoSmithKline Consumer Nigeria PLC (GSK),2023-12-21,2028-12-20,Active,"Tablet.
White, round biconvex tablet with bisecting score and M2A engraved on one side.
The score line is only to facilitate breaking for ease of swallowing and not to divide into equal doses",1 x 12&#039;s (in PVC/PVDC Aluminium foil blister),"Each tablet contains 60 mg Pseudoephedrine hydrochloride and 2.5 mg Triprolidine hydrochloride. 

Excipients:
Each tablet also includes 127.5 mg Lactose monohydrate",https://admin.greenbook.nafdac.gov.ng/uploadImage/smpc_files/2024/01/01/202401017a9deba6-6fa6-5dcd-9371-48776dbc46b4.pdf,R01BA52,https://greenbook.nafdac.gov.ng/products/details/6756,2026-09-27T21:22:20.085187+00:00
Greenbook NAFDAC,95,8954,Actilyse Powder**,1,Drugs,"{'id': 1, 'name': 'Drugs', 'created_at': '-000001-11-30T00:00:00.000000Z', 'updated_at': '2022-03-17T16:53:12.000000Z', 'deleted_at': None}",1483,Alteplase,,A6-0592,70,Powder for injection,12,Intravenous,50 mg,1231,Fensyl MHP Consulting Limited,2020-12-20,2025-12-20,Inactive,"Powder and solvent for solution for injection and infusion.
The powder is presented as a colourless to pale yellow lyophilizate cake.
The reconstituted preparation is a clear and colourless to pale yellow solution",1 x 1&#039;s,"Each vial with powder contains: Alteplase 50 mg (corresponding to 29,000,000 IU).

Alteplase is produced by recombinant DNA technique using a Chinese hamster ovary cell-line. The specific activity of alteplase in-house reference material is 580,000 IU/mg. This has been confirmed by comparison with the second international WHO standard for t-PA. The specification for the specific activity of alteplase is 522,000 to 696,000 IU/mg.",https://admin.greenbook.nafdac.gov.ng/uploadImage/smpc_files/2025/02/21/2025022130fec724-cdc3-5467-a6e1-21b698836d73.pdf,B01AD02,https://greenbook.nafdac.gov.ng/products/details/8954,2026-09-27T21:22:20.085187+00:00
Greenbook NAFDAC,96,12447,Actimax 20/120 Dispersible Tablet $,1,Drugs,"{'id': 1, 'name': 'Drugs', 'created_at': '-000001-11-30T00:00:00.000000Z', 'updated_at': '2022-03-17T16:53:12.000000Z', 'deleted_at': None}",528,Artemether; Lumefantrine,,A11-0726,1,Tablet,1,Oral,20mg; 120mg,319,Tyonex Nigeria Limited,2026-05-26,2031-05-25,Active,"Actimax 20/120 Dispersible Tablet	ARTEMETHER  20MG AND LUMEFANTRINE 120MG	ARTEMETHER 20MG AND LUMEFANTRINE 120MG	A11-0726	Drugs	Nigerian Products	1*12tablets,1*6dispersible,2*6dispersible,3*6,4*6t	07-08-2023	TYONEX NIGERIA LIMITED, LASU IGANDO ROAD, IGANDO LAGOS IGANDO LAGOS	181812929	Tyonexreg2021@gmail.com	DIVINE ESSENTIAL FORMUATIONS LTD, Km 10 LASU - OJO ROAD, IGANDO BUS - STOP, IGANDO, LAGOS.
","1 x12,1 x 6 dispersible, 2 x 6 dispersible, 3 x 6, 4 x 6 tablets","Each tablet contains: Artemether 20 mg, Lumefantrine 120 mg  ",https://admin.greenbook.nafdac.gov.ng/uploadImage/smpc_files/2026/07/20/20260720f93d4aa0-1f8a-5c51-bd47-830ef1c1bb54.pdf,P01BF01,https://greenbook.nafdac.gov.ng/products/details/12447,2026-09-27T21:22:20.085187+00:00
Greenbook NAFDAC,97,6694,Actinac 100 Tablets**,1,Drugs,"{'id': 1, 'name': 'Drugs', 'created_at': '-000001-11-30T00:00:00.000000Z', 'updated_at': '2022-03-17T16:53:12.000000Z', 'deleted_at': None}",74,Aceclofenac,,A4-7483,1,Tablet,1,Oral,100 mg,578,Ajanta Pharma Nigeria Limited,2023-12-21,2028-12-20,Active,Film coated tablet,2 x 10&#039;s (in blisters),"Each film coated tablet contains: Aceclofenac BP 100 mg
Colour: Brilliant Blue FCF",https://admin.greenbook.nafdac.gov.ng/uploadImage/smpc_files/2024/01/01/20240101c6076164-39c0-54da-8f5d-0113a5e6db20.pdf,M01AB16,https://greenbook.nafdac.gov.ng/products/details/6694,2026-09-27T21:22:20.085187+00:00
Greenbook NAFDAC,98,7973,Actinac Plus Tablet**,1,Drugs,"{'id': 1, 'name': 'Drugs', 'created_at': '-000001-11-30T00:00:00.000000Z', 'updated_at': '2022-03-17T16:53:12.000000Z', 'deleted_at': None}",1011,Aceclofenac; Paracetamol,,A4-7482,1,Tablet,1,Oral,100 mg; 500 mg,578,Ajanta Pharma Nigeria Limited,2021-08-03,2026-08-02,Inactive,"Film coated tablet.
Light orange to orange coloured, oval shaped, biconvex, film coated tablets",2 x 10&#039;s (in blisters),"Aceclofenac 100 mg and Paracetamol 500 mg Tablets.
Each film coated tablet contains: Acceclofenac BP 100 mg, Paracetamol BP 500 mg
Colour: Quinoline Yellow WS, Sunset Yellow FCF &amp; Titanium Dioxide",https://admin.greenbook.nafdac.gov.ng/uploadImage/smpc_files/2024/09/25/202409253fb64db1-f20e-599b-93c2-2e8ba152c938.pdf,,https://greenbook.nafdac.gov.ng/products/details/7973,2026-09-27T21:22:20.085187+00:00
Greenbook NAFDAC,99,2755,Activenol Tablets##,1,Drugs,"{'id': 1, 'name': 'Drugs', 'created_at': '-000001-11-30T00:00:00.000000Z', 'updated_at': '2022-03-17T16:53:12.000000Z', 'deleted_at': None}",388,Salbutamol (Salbutamol Sulfate); Theophylline,,C4-1458,1,Tablet,1,Oral,2 mg; 100 mg,734,Top Ugolife Pharmaceutical Company Ltd,2020-12-21,2025-12-20,Inactive,Tablet,,"Each tablet contains: Salbutamol (as Salbutamol Sulfate BP) 2 mg, Theophylline 100 mg",,R03DB04,https://greenbook.nafdac.gov.ng/products/details/2755,2026-09-27T21:22:20.085187+00:00
Greenbook NAFDAC,100,6347,Acupan Injection**,1,Drugs,"{'id': 1, 'name': 'Drugs', 'created_at': '-000001-11-30T00:00:00.000000Z', 'updated_at': '2022-03-17T16:53:12.000000Z', 'deleted_at': None}",1207,Nefopam Hydrochloride,,A4-5504,107,Solution for injection,29,Intravenous; Intramuscular,20 mg/2 mL,444,Merit Healthcare Limited,2023-10-31,2028-10-30,Active,Solution for Injection in ampoule,2 mL x 5&#039;s (in glass ampoules),"Each 2-mL ampoule contains: Nefopam Hydrochloride 20 mg, Water for Injection USP q.s.

Excipients:
Disodium Phosphate, Sodium Phosphate, Water for Injection.",https://admin.greenbook.nafdac.gov.ng/uploadImage/smpc_files/2025/01/16/20250116bdda9cd1-6c25-5ba8-931f-21146c9b4fa1.pdf,N02BG06,https://greenbook.nafdac.gov.ng/products/details/6347,2026-09-27T21:22:20.085187+00:00
Greenbook NAFDAC,101,15,Acyclovir Ointment##,1,Drugs,"{'id': 1, 'name': 'Drugs', 'created_at': '-000001-11-30T00:00:00.000000Z', 'updated_at': '2022-03-17T16:53:12.000000Z', 'deleted_at': None}",748,Aciclovir,,A11-100249,58,Ointment,21,Topical,5%,334,Annie Pharma Limited,2021-12-02,2026-12-01,Active,"Topical.
A white, soft, and smooth-textured ointment.",1 x 20 g (in Lami tube),"Acyclovir Ointment contains: Acyclovir USP 50 mg
Excipients q.s.",https://admin.greenbook.nafdac.gov.ng/uploadImage/smpc_files/2025/01/16/202501160012e24f-7e45-57a4-bf08-9656da5f61a9.pdf,D06BB03,https://greenbook.nafdac.gov.ng/products/details/15,2026-09-27T21:22:20.085187+00:00
Greenbook NAFDAC,102,7750,Acycor Plus Gel**,1,Drugs,"{'id': 1, 'name': 'Drugs', 'created_at': '-000001-11-30T00:00:00.000000Z', 'updated_at': '2022-03-17T16:53:12.000000Z', 'deleted_at': None}",1864,Aceclofenac; Methyl Salicylate; Capsaicin; Linseed Oil,,A4-100768,29,Gel,21,Topical,1.5%; 10%; 0.01%; 3%,278,Reals Pharmaceutical Limited,2024-03-27,2029-03-26,Active,Topical gel,30 g,"Aceclofenac BP 1.5% w/w, Linseed Oil BP 3.0%, Methyl Salicylate BP 10.0 w/w, Capsaicin USP 0.01% w/w, Benzyl Alcohol BP 1.0% w/w (as Preservative), Gel Base q.s.",https://admin.greenbook.nafdac.gov.ng/uploadImage/smpc_files/2024/11/28/20241128612c3a54-4f10-56df-8e81-5251b1b79b7e.pdf,M02AA25,https://greenbook.nafdac.gov.ng/products/details/7750,2026-09-27T21:22:20.085187+00:00
Greenbook NAFDAC,103,7751,Acycor Plus Tablets**,1,Drugs,"{'id': 1, 'name': 'Drugs', 'created_at': '-000001-11-30T00:00:00.000000Z', 'updated_at': '2022-03-17T16:53:12.000000Z', 'deleted_at': None}",1011,Aceclofenac; Paracetamol,,A4-9021,1,Tablet,1,Oral,100mg; 500mg,278,Reals Pharmaceutical Limited,2021-02-25,2026-02-24,Inactive,Film-coated tablet,10 x 1 x 10&#039;s (in Alu-Alu blisters),"Each tablet contains: Aceclofenac BP 100 mg, Paracetamol BP 500mg, Excipients q.s.
Colour: Titanium Dioxide, Sunset Yellow Lake, and Tartrazine Yellow",,,https://greenbook.nafdac.gov.ng/products/details/7751,2026-09-27T21:22:20.085187+00:00
Greenbook NAFDAC,104,5445,Acycor Tablet**,1,Drugs,"{'id': 1, 'name': 'Drugs', 'created_at': '-000001-11-30T00:00:00.000000Z', 'updated_at': '2022-03-17T16:53:12.000000Z', 'deleted_at': None}",74,Aceclofenac,,A4-4595,1,Tablet,1,Oral,100 mg,1086,Reals Specialties Limited,2023-08-31,2028-08-30,Active,"Film coated tablet.
Pink colored, round shaped, film coated tablet having embossing “reals” on one side and the other side plain",10 x 1 x 10&#039;s (in Alu-PVC blisters),"Each film-coated tablet contains: Aceclofenac BP 100 mg, Excipients q.s.
Colour: Erythrosine
",https://admin.greenbook.nafdac.gov.ng/uploadImage/smpc_files/2023/09/06/20230906471acb1f-9513-5d85-b18f-ea2ac878882e.pdf,M01AB16,https://greenbook.nafdac.gov.ng/products/details/5445,2026-09-27T21:22:20.085187+00:00
Greenbook NAFDAC,105,7299,Acyvir Eye Ointment_,1,Drugs,"{'id': 1, 'name': 'Drugs', 'created_at': '-000001-11-30T00:00:00.000000Z', 'updated_at': '2022-03-17T16:53:12.000000Z', 'deleted_at': None}",748,Aciclovir,,A4-100808,58,Ointment,26,Cutaneous/Topical,3%,500,Vitacare Pharmacy Limited,2024-04-30,2029-05-01,Active,"Ointment.
An almost white to very light-yellow translucent ointment",10 x 5 g (in Lami tube),"Each tube contains: Aciclovir BP (Sterile &amp; Micronised) 0.150 g (3% w/w)
Excipients q.s.",https://admin.greenbook.nafdac.gov.ng/uploadImage/smpc_files/2024/05/17/2024051765b62f41-bdaf-58d8-b00d-8bd82527c720.pdf,S01AD03,https://greenbook.nafdac.gov.ng/products/details/7299,2026-09-27T21:22:20.085187+00:00
Greenbook NAFDAC,106,4359,Adaclav 1G Tablet**,1,Drugs,"{'id': 1, 'name': 'Drugs', 'created_at': '-000001-11-30T00:00:00.000000Z', 'updated_at': '2022-03-17T16:53:12.000000Z', 'deleted_at': None}",423,Amoxicillin (Amoxicillin Trihydrate); Clavulanic Acid (Potassium Clavulanate),,C4-2040,1,Tablet,1,Oral,875 mg; 125 mg,1170,Signet Pharmaceutical Nigeria Limited,2022-12-15,2027-12-14,Active,,2 x 7&#039;s,"Each tablet contains: Amoxicillin Trihydrate equiv. to Amoxicillin 875 mg, Potassium Clavulanate equiv. to Clavulanic Acid 125 mg",,J01CR02,https://greenbook.nafdac.gov.ng/products/details/4359,2026-09-27T21:22:20.085187+00:00
Greenbook NAFDAC,107,12461,ADALAT LA 30MG TABLETS $,1,Drugs,"{'id': 1, 'name': 'Drugs', 'created_at': '-000001-11-30T00:00:00.000000Z', 'updated_at': '2022-03-17T16:53:12.000000Z', 'deleted_at': None}",284,Nifedipine,,A4-2374,77,Prolonged-release tablet,1,Oral,30mg,133,Bayer Nigeria Limited,2026-08-26,2031-08-25,Active,"ADALAT LA 30MG TABLETS	&quot;ADALAT LA 30 MG PROLONGED-RELEASE TABLET ACTIVE INGREDIENT: NIFEDIPINE 30MG.
THE EXCIPIENTS ARE: CELLULOSE ACETATE, FERRIC(III) OXIDE (E172), HYDROXYPROPYL CELLULOSE, HYDROXYPROPYL
METHYLCELLULOSE, MACROGOL 3350, MACROGOL 200 000, MACROGOL 5 MILLION, MAGNESIUM STEARATE, SODIUM CHLORIDE,
PROPYLENE GLYCOL, TITANIUM(IV) OXIDE (E171).
&quot;	A4-2374	Imported Product	3*10	19-06-2026	BAYER NIGERIA LIMITED, 26 &amp; 31 Workstation, Maryland Mall, Ikeja.	BAYER AG, LEVERKUSEN, Kaiser-Wilhelm-Allee 51368, Leverkusen, Germany.
",3 x10,"Each prolonged- release tablet contains: Nifedipine BP 30 mg  
Excipients qs",https://admin.greenbook.nafdac.gov.ng/uploadImage/smpc_files/2026/09/02/202609025c124836-1ef3-5bde-b94c-ce2332fd5c37.pdf,C08CA05 ,https://greenbook.nafdac.gov.ng/products/details/12461,2026-09-27T21:22:20.085187+00:00
Greenbook NAFDAC,108,1012,Adalat LA**,1,Drugs,"{'id': 1, 'name': 'Drugs', 'created_at': '-000001-11-30T00:00:00.000000Z', 'updated_at': '2022-03-17T16:53:12.000000Z', 'deleted_at': None}",284,Nifedipine,,A4-2374,1,Tablet,1,Oral,30 mg,133,Bayer Nigeria Limited,2021-09-28,2026-09-27,Active,"Prolonged Release Tablet.
Round, convex, prolonged-release tablet, with pink coat, laser hole on one side",3 x 10&#039;s (in Alu-Alu blisters),"Each tablet contains: Nifedipine 30 mg, Excipients q.s.",https://admin.greenbook.nafdac.gov.ng/uploadImage/smpc_files/2023/05/27/20230527e3b78feb-2adb-5c55-83c3-f8fea2d79234.pdf,C08CA05,https://greenbook.nafdac.gov.ng/products/details/1012,2026-09-27T21:22:20.085187+00:00
Greenbook NAFDAC,109,7754,Aday Kit**,1,Drugs,"{'id': 1, 'name': 'Drugs', 'created_at': '-000001-11-30T00:00:00.000000Z', 'updated_at': '2022-03-17T16:53:12.000000Z', 'deleted_at': None}",514,Fluconazole; Azithromycin; Secnidazole,,B4-0434,118,Kit,1,Oral,150 mg; 1 g; 1 g,351,Clarion Medicals Limited,2021-03-29,2026-03-28,Inactive,"Film coated and uncoated Tablets.

Secnidazole:
White colour oblong shaped film coated tablet with scored in the middle on one side.

Azithromycin:
Pink coloured oblong shaped film coated tablets and scored in the middle on the side

Fluconazole:
Pink colour circular biconvex uncoated tablet and plain on both sides", 1 x 4&#039;s,"Fluconazole, Azithromycin and Secnidazole Combikit.
Each Kit contains:
Secnidazole 1 g
Azithromycin Dihydrate USP (equiv. to Anhydrous Azithromycin) 1 g
Fluconazole USP 150 mg",https://admin.greenbook.nafdac.gov.ng/uploadImage/smpc_files/2024/09/14/20240914e86dfc1d-45ff-5ee8-b980-2c1615affce1.pdf,,https://greenbook.nafdac.gov.ng/products/details/7754,2026-09-27T21:22:20.085187+00:00
Greenbook NAFDAC,110,487,Admadol Capsule**,1,Drugs,"{'id': 1, 'name': 'Drugs', 'created_at': '-000001-11-30T00:00:00.000000Z', 'updated_at': '2022-03-17T16:53:12.000000Z', 'deleted_at': None}",56,Tramadol Hydrochloride,,B4-1789,2,Capsule,1,Oral,100 mg,125,Adpharm Pharmaceutical Industries Limited,2021-10-28,2026-10-27,Active,Capsule,,"Each capsule contains: Admadol 100 mg, Excipients q.s.",,N02AX02,https://greenbook.nafdac.gov.ng/products/details/487,2026-09-27T21:22:20.085187+00:00
Greenbook NAFDAC,111,11201,Admal Injection 150 mg/2 mL**,1,Drugs,"{'id': 1, 'name': 'Drugs', 'created_at': '-000001-11-30T00:00:00.000000Z', 'updated_at': '2022-03-17T16:53:12.000000Z', 'deleted_at': None}",551,α-β Arteether,Alpha Beta Arteether; Alfa Beta Arteether,A4-101294,107,Solution for injection,9,Intramuscular,150 mg/2 mL,1646,Advantage Pharmaceuticals Limited,2025-05-27,2030-05-26,Active,Oily solution for injection in 2-mL flint glass ampoule,2 mL x 3&#039;s (in flint glass ampoules),"Alpha Beta Arteether Injection 150 mg/2 mL.
Each 2 mL solution contains: Alpha Beta Arteether (In House) 150 mg, Arachils Oil BP q.s.",https://admin.greenbook.nafdac.gov.ng/uploadImage/smpc_files/2025/06/24/202506242c415925-db55-5d94-b830-bc2fbd59207c.pdf,P01BE,https://greenbook.nafdac.gov.ng/products/details/11201,2026-09-27T21:22:20.085187+00:00
Greenbook NAFDAC,112,8849,Adrenalin Injection**,1,Drugs,"{'id': 1, 'name': 'Drugs', 'created_at': '-000001-11-30T00:00:00.000000Z', 'updated_at': '2022-03-17T16:53:12.000000Z', 'deleted_at': None}",288,Epinephrine (Epinephrine Hydrochloride),Adrenaline,04-8122,107,Solution for injection,9,Intramuscular,1 mg/mL,23,Alpha Pharmacy and Stores (Nig) Ltd,2021-10-28,2026-10-27,Active,"Solution for Injection.
Clear, colourless sterile solution, free from visible particulates",1 mL x 10&#039;s (in ampoules),"Adrenaline (Epinephrine) 1 mg/mL (1:1000) Solution for Injection.
Each 1 mL ampoule contains 1 mg Epinephrine",,C01CA24,https://greenbook.nafdac.gov.ng/products/details/8849,2026-09-27T21:22:20.085187+00:00
Greenbook NAFDAC,113,7974,Adriblastina CS 10 mg/5 mL Injection**,1,Drugs,"{'id': 1, 'name': 'Drugs', 'created_at': '-000001-11-30T00:00:00.000000Z', 'updated_at': '2022-03-17T16:53:12.000000Z', 'deleted_at': None}",714,Doxorubicin Hydrochloride,,B4-1159,107,Solution for injection,12,Intravenous,10 mg/5 mL,260,Pfizer Specialties Ltd,2021-06-24,2026-06-23,Inactive,Sterile solution for injection in Cytosafe vial,1 x 1&#039;s (in Cytosafe vial),Solution for injection containing 10 mg of doxorubicin hydrochloride in 5 mL of 0.9% saline solution,https://admin.greenbook.nafdac.gov.ng/uploadImage/smpc_files/2024/10/10/202410108c97dc02-52e3-5644-8cae-c3d416252a4f.pdf,L01DB01,https://greenbook.nafdac.gov.ng/products/details/7974,2026-09-27T21:22:20.085187+00:00
Greenbook NAFDAC,114,7975,Adriblastina CS 50 mg/25 mL Injection**,1,Drugs,"{'id': 1, 'name': 'Drugs', 'created_at': '-000001-11-30T00:00:00.000000Z', 'updated_at': '2022-03-17T16:53:12.000000Z', 'deleted_at': None}",714,Doxorubicin Hydrochloride,,B4-1160,107,Solution for injection,12,Intravenous,50 mg/25 mL,260,Pfizer Specialties Ltd,2021-06-24,2026-06-23,Inactive,Sterile solution for injection in Cytosafe vial,1 x 1&#039;s (in Cytosafe vial),Solution for injection containing 50 mg of doxorubicin hydrochloride in 25 mL of 0.9% saline solution,https://admin.greenbook.nafdac.gov.ng/uploadImage/smpc_files/2024/10/10/20241010f2af0062-c8d6-59e5-a6cf-f19709244877.pdf,L01DB01,https://greenbook.nafdac.gov.ng/products/details/7975,2026-09-27T21:22:20.085187+00:00
Greenbook NAFDAC,115,5000,Advant Tablet 16 mg**,1,Drugs,"{'id': 1, 'name': 'Drugs', 'created_at': '-000001-11-30T00:00:00.000000Z', 'updated_at': '2022-03-17T16:53:12.000000Z', 'deleted_at': None}",258,Candesartan Cilexetil,,A4-9125,1,Tablet,1,Oral,16 mg,181,Getz Pharma Nigeria Limited,2023-05-25,2028-05-24,Active,"Tablet.
White colored, square shaped tablet, bisect line on one side and plain on the other side",2 x 7&#039;s; 4 x 7&#039;s (in Alu-Alu blisters),"Each tablet contains: Candesartan Cilexetil 16 mg

Excipients:
Lactose Monohydrate, Pharmacoat 606 (HPMC), Polysorbate 80, Carboxy Methyl Cellulose Calcium, Magnesium Stearate",https://admin.greenbook.nafdac.gov.ng/uploadImage/smpc_files/2023/08/22/20230822bb03ebbf-6b4a-5790-8648-d88e0c44b9d6.pdf,C09CA06,https://greenbook.nafdac.gov.ng/products/details/5000,2026-09-27T21:22:20.085187+00:00
Greenbook NAFDAC,116,4670,Advant Tablet 8 mg**,1,Drugs,"{'id': 1, 'name': 'Drugs', 'created_at': '-000001-11-30T00:00:00.000000Z', 'updated_at': '2022-03-17T16:53:12.000000Z', 'deleted_at': None}",258,Candesartan Cilexetil,,A4-9123,1,Tablet,1,Oral,8 mg,181,Getz Pharma Nigeria Limited,2023-05-25,2028-05-24,Active,"Tablet
Cream colored, square shaped tablet, bisect line on one side and plain on the other side",2 x 7&#039;s; 4 x 7&#039;s (in Alu-Alu blisters),"Each tablet contains: Candesartan Cilexetil 8 mg

Excipients:
Lactose monohydrate, Pharmacoat 606 (HMPC), Polysorbate 80, Carboxy Methyl Cellulose Calcium, Ferric Oxide Yellow, Magnesium Stearate
",https://admin.greenbook.nafdac.gov.ng/uploadImage/smpc_files/2023/08/22/202308223627ee8e-f774-5d51-990b-b8c79e31aa41.pdf,C09CA06,https://greenbook.nafdac.gov.ng/products/details/4670,2026-09-27T21:22:20.085187+00:00
Greenbook NAFDAC,117,4671,Advantec Tablets 16 mg + 12.5 mg**,1,Drugs,"{'id': 1, 'name': 'Drugs', 'created_at': '-000001-11-30T00:00:00.000000Z', 'updated_at': '2022-03-17T16:53:12.000000Z', 'deleted_at': None}",259,Candesartan Cilexetil; Hydrochlorothiazide,,A4-9124,1,Tablet,1,Oral,16 mg; 12.5 mg,181,Getz Pharma Nigeria Limited,2023-05-25,2028-05-24,Active,"Tablet.
Peach colored square shaped tablet, marked bisect line on one side and plain on the other",4 x 7&#039;s (in Alu-PVC blisters),"Each tablet contains: Candesartan Cilexetil 16 mg, Hydrochlorothiazide USP 12.5 mg",https://admin.greenbook.nafdac.gov.ng/uploadImage/smpc_files/2023/08/22/20230822acdd0c06-6c20-547c-a230-7de5ee53205f.pdf,C09DA06,https://greenbook.nafdac.gov.ng/products/details/4671,2026-09-27T21:22:20.085187+00:00
Greenbook NAFDAC,118,5497,Advas 10 Tablets**,1,Drugs,"{'id': 1, 'name': 'Drugs', 'created_at': '-000001-11-30T00:00:00.000000Z', 'updated_at': '2022-03-17T16:53:12.000000Z', 'deleted_at': None}",300,Atorvastatin (Atorvastatin Calcium),,B4-1720,1,Tablet,1,Oral,10 mg,125,Adpharm Pharmaceutical Industries Limited,2023-04-26,2028-04-25,Active,"Film-coated Tablet.
Grey coloured, circular, biconvex film coated tablets
",3 x 10&#039;s (in Alu-Alu blisters),"Each film-coated tablet contains: Atorvastatin Calcium equivalent to Atorvastatin 10 mg

Excipients:
Microcrystalline Cellulose 64 mg, Croscarmellose Sodium 5 mg, Polysorbate 80 1.2 mg, Hydroxy Propyl Cellulose 0.8 mg, Lactose 8.25 mg, Magnesium Stearate 1.6 mg. Croscarmellose Sodium 0.7 mg, Hypromellose 3.0mg, Purified Talc 1.8mg, Titanium Dioxide, 0.710 mg, Polysorbate 80 0.070 mg",https://admin.greenbook.nafdac.gov.ng/uploadImage/smpc_files/2023/09/26/202309264aa0b5f9-b85c-5389-9e1b-c9eeebcd816b.pdf,C10AA05,https://greenbook.nafdac.gov.ng/products/details/5497,2026-09-27T21:22:20.085187+00:00
Greenbook NAFDAC,119,5498,Advas 20 Tablets**,1,Drugs,"{'id': 1, 'name': 'Drugs', 'created_at': '-000001-11-30T00:00:00.000000Z', 'updated_at': '2022-03-17T16:53:12.000000Z', 'deleted_at': None}",300,Atorvastatin (Atorvastatin Calcium),,B4-1494,1,Tablet,1,Oral,20 mg,125,Adpharm Pharmaceutical Industries Limited,2023-03-28,2028-03-27,Active,Tablet,3 x 10&#039;s (in Alu-Alu blisters),"Each tablet contains: Atorvastatin 20 mg.

Excipients:
Calcium Carbonate 47.mg, Lactose 18 mg, Croscarmellose Sodium 6 mg, Polysorbate 80 1.2 mg, Hydroxy Propyl Cellulose 0.8 mg, Lactose 8.25 mg, Magnesium Stearate 1.6 mg, Croscarmellose sodium 0.7 mg, Hypromellose 3.0 mg, Purified Talc 1.8 mg, Titanium Dioxide 0.650 mg, Polysorbate 80 0.190 mg, Color: Red Oxide of Iron 0.200 mg, Color: Yellow Oxide of Iron 0.200 mg",https://admin.greenbook.nafdac.gov.ng/uploadImage/smpc_files/2025/05/06/202505069ea6b370-f60d-59a2-a2ea-5d34cdf1e4e9.pdf,C10AA05,https://greenbook.nafdac.gov.ng/products/details/5498,2026-09-27T21:22:20.085187+00:00
Greenbook NAFDAC,120,7819,Aeroline Inhaler**,1,Drugs,"{'id': 1, 'name': 'Drugs', 'created_at': '-000001-11-30T00:00:00.000000Z', 'updated_at': '2022-03-17T16:53:12.000000Z', 'deleted_at': None}",385,Salbutamol (Salbutamol Sulfate),,04-8112,117,"Aerosol, Metered-Dose",32,"Inhalation, Oral",100 mcg/Metered-Dose,526,Jubilee &amp; Associate Industries Ltd,2021-06-24,2026-06-23,Inactive,"Oral Inhalation, Aerosol",1 x 200 Metered Doses (in Aluminium canister with a metered-dose valve system),"Salbutamol 100 mcg/actuation as Salbutamol Sulfate BP.
Each actuation contains: Salbutamol Sulfate, micronized 120.5 mcg (equiv. to Salbutamol base 100 mcg), Ethanol 4.165 mg, Oleic acid 11.25 mcg, Norflurane 71.54 mg.
Each canister contains at least 200 metered actuations providing 100 micrograms of salbutamol (as salbutamol sulfate BP).

No overages are used for this product.  But considering when the product is close to use up, the residual liquid in the container cannot be delivered out, we overfill about 40 deliveries in addition to the labeled 200 deliveries per container, so as to ensure the labeled number of the product can be realized. The concentration of drug substance in each actuation won",https://admin.greenbook.nafdac.gov.ng/uploadImage/smpc_files/2024/09/20/202409201dd4e513-797f-5870-ba9a-b798a0338671.pdf,R03AC02,https://greenbook.nafdac.gov.ng/products/details/7819,2026-09-27T21:22:20.085187+00:00
Greenbook NAFDAC,121,7781,Afabeta Injection 150 mg**,1,Drugs,"{'id': 1, 'name': 'Drugs', 'created_at': '-000001-11-30T00:00:00.000000Z', 'updated_at': '2022-03-17T16:53:12.000000Z', 'deleted_at': None}",551,α-β Arteether,Alpha Beta Arteether; Alfa Beta Arteether,B4-9511,107,Solution for injection,9,Intramuscular,150 mg/2 mL,165,Elbe Pharma Nigeria Limited,2024-07-31,2029-07-30,Active,"Oily Solution for Injection.
Clear and slightly yellow solution filled in 2-mL amber glass ampoule",2 mL x 3&#039;s (in amber glass ampoules),"α-β Arteether Injection 150 mg/2 mL.
Each 2 mL solution contains: α-β Arteether 150 mg, Arachis Oil BP q.s.",,P01BE,https://greenbook.nafdac.gov.ng/products/details/7781,2026-09-27T21:22:20.085187+00:00
Greenbook NAFDAC,122,7782,Afabeta Injection 75 mg**,1,Drugs,"{'id': 1, 'name': 'Drugs', 'created_at': '-000001-11-30T00:00:00.000000Z', 'updated_at': '2022-03-17T16:53:12.000000Z', 'deleted_at': None}",551,α-β Arteether,Alpha Beta Arteether; Alfa Beta Arteether,B4-9510,107,Solution for injection,9,Intramuscular,75 mg/mL,165,Elbe Pharma Nigeria Limited,2024-07-31,2029-07-30,Active,"Oily Solution for Injection.
Clear and slightly yellow solution filled in 1-mL amber glass ampoule",1 mL x 3&#039;s (in amber glass ampoules),"α-β Arteether Injection 75 mg/mL.
Each mL of solution contains: α-β Arteether 75 mg, Arachis Oil BP q.s.",https://admin.greenbook.nafdac.gov.ng/uploadImage/smpc_files/2024/09/15/202409157cb2c2eb-d6d4-54f8-91c2-865289923810.pdf,P01BE,https://greenbook.nafdac.gov.ng/products/details/7782,2026-09-27T21:22:20.085187+00:00
Greenbook NAFDAC,123,7114,Afadopine-10 Tablet**,1,Drugs,"{'id': 1, 'name': 'Drugs', 'created_at': '-000001-11-30T00:00:00.000000Z', 'updated_at': '2022-03-17T16:53:12.000000Z', 'deleted_at': None}",272,Amlodipine (Amlodipine Besilate),Amlodipine (Amlodipine Besylate), B4-2175,1,Tablet,1,Oral,10 mg,573,Aphantee Pharma Nigeria Ltd,2024-02-28,2029-02-27,Active,"Uncoated Tablets.
White color round shaped biconvex uncoated tablet, plain on both sides",10 x 10&#039;s (in Alu-PVC blisters),"Each uncoated tablet contains: Amlodipine Besylate USP equiv. to Amlodipine 10 mg, Excipients q.s.",https://admin.greenbook.nafdac.gov.ng/uploadImage/smpc_files/2024/03/26/202403262d15d4b5-b02b-5cbd-a30e-7ca29281d590.pdf,C08CA01,https://greenbook.nafdac.gov.ng/products/details/7114,2026-09-27T21:22:20.085187+00:00
Greenbook NAFDAC,124,7115,Afadopine-5 Tablet**,1,Drugs,"{'id': 1, 'name': 'Drugs', 'created_at': '-000001-11-30T00:00:00.000000Z', 'updated_at': '2022-03-17T16:53:12.000000Z', 'deleted_at': None}",272,Amlodipine (Amlodipine Besilate),Amlodipine (Amlodipine Besylate),B4-2176,1,Tablet,1,Oral,5 mg,573,Aphantee Pharma Nigeria Ltd,2024-02-28,2029-02-27,Active,"Uncoated Tablets
White color round shaped biconvex uncoated tablet, plain on both sides",10 x 10&#039;s (in Alu-PVC blister packs),"Each uncoated tablet contains: Amlodipine Besylate USP Eq. to Amlodipine 5 mg, Excipients q.s.",https://admin.greenbook.nafdac.gov.ng/uploadImage/smpc_files/2024/03/26/20240326a8455c4c-92a2-56fb-a60c-69fd3b6f0a72.pdf,C08CA01,https://greenbook.nafdac.gov.ng/products/details/7115,2026-09-27T21:22:20.085187+00:00
Greenbook NAFDAC,125,6481,Afemart Artemether & Lumefantrine 80/480 mg Tablets**,1,Drugs,"{'id': 1, 'name': 'Drugs', 'created_at': '-000001-11-30T00:00:00.000000Z', 'updated_at': '2022-03-17T16:53:12.000000Z', 'deleted_at': None}",528,Artemether; Lumefantrine,,A4-100614,1,Tablet,1,Oral,80 mg; 480 mg,1243,Topbrands Pharmaceuticals Limited,2023-11-30,2028-11-29,Active,Film-coated tablet,1 x 6&#039;s (in blister),"Each film coated tablet contains: Artemether 80 mg, Lumefantrine 480 mg, Excipients q.s. 
Colour: Quinoline Yellow",https://admin.greenbook.nafdac.gov.ng/uploadImage/smpc_files/2023/12/18/20231218deac7105-8b98-5702-bc4d-d1fd22eb67ff.pdf,P01BF01,https://greenbook.nafdac.gov.ng/products/details/6481,2026-09-27T21:22:20.085187+00:00
Greenbook NAFDAC,126,7783,Afi Tramadol Capsules**,1,Drugs,"{'id': 1, 'name': 'Drugs', 'created_at': '-000001-11-30T00:00:00.000000Z', 'updated_at': '2022-03-17T16:53:12.000000Z', 'deleted_at': None}",56,Tramadol Hydrochloride,,A4-100939,2,Capsule,1,Oral,100 mg,1241,Afi Health Care Limited,2024-07-31,2029-07-30,Active,Hard gelatin capsule,1 x 10&#039;s (in blister),"Tramadol Hydrochloride Capsules BP 100 mg.
Each hard gelatin capsule contains: Tramadol Hydrochloride BP 100 mg, Excipients q.s.",https://admin.greenbook.nafdac.gov.ng/uploadImage/smpc_files/2024/09/15/2024091595b3bf7f-97cd-5ccb-8edf-1e7e134efc73.pdf,N02AX02,https://greenbook.nafdac.gov.ng/products/details/7783,2026-09-27T21:22:20.085187+00:00
Greenbook NAFDAC,127,6482,Afithro-500 Tablets**,1,Drugs,"{'id': 1, 'name': 'Drugs', 'created_at': '-000001-11-30T00:00:00.000000Z', 'updated_at': '2022-03-17T16:53:12.000000Z', 'deleted_at': None}",475,Azithromycin (Azithromycin Dihydrate),,A4-100613,1,Tablet,1,Oral,500 mg,1243,Topbrands Pharmaceuticals Limited,2023-11-30,2028-11-29,Active,Film-coated Tablet,1 x 3&#039;s (in Alu-Alu pack),"Each film coated tablet contains: Azithromycin Dihydrate USP equivalent to Azithromycin 500 mg, Excipients q.s.
Colour: Erythrosine",https://admin.greenbook.nafdac.gov.ng/uploadImage/smpc_files/2023/12/18/202312186b377856-5548-54e4-9d84-2b855231374e.pdf,J01FA10,https://greenbook.nafdac.gov.ng/products/details/6482,2026-09-27T21:22:20.085187+00:00
Greenbook NAFDAC,128,8812,Aflacin Eye Drops**,1,Drugs,"{'id': 1, 'name': 'Drugs', 'created_at': '-000001-11-30T00:00:00.000000Z', 'updated_at': '2022-03-17T16:53:12.000000Z', 'deleted_at': None}",761,Ofloxacin,,04-7440,104,Solution/Drops,15,Ophthalmic,0.3%,408,Lin-Kabs Pharmaceutical Limited,2021-09-28,2026-09-27,Active,Ophthalmic Solution,1 x 5 mL,Each mL solution contains: Ofloxacin 3 mg,,S01AE01,https://greenbook.nafdac.gov.ng/products/details/8812,2026-09-27T21:22:20.085187+00:00
Greenbook NAFDAC,129,12462,AFLOTIN 40/240 TABLETS $,1,Drugs,"{'id': 1, 'name': 'Drugs', 'created_at': '-000001-11-30T00:00:00.000000Z', 'updated_at': '2022-03-17T16:53:12.000000Z', 'deleted_at': None}",528,Artemether; Lumefantrine,,B4-6344,1,Tablet,1,Oral,40mg; 240mg,578,Ajanta Pharma Nigeria Limited,2026-08-26,2031-08-25,Active,"AFLOTIN 40/240 TABLETS	&quot;ARTERMETHER 40/LUMENFANTRINE 240,MICROCRYSTALINE,CROSPOVIDONE,MEDIUM LAURYL SULPHATE SULPHATE,COLLOIDAL DIOXIDE,COLLOIDAL SILICON.PURIFIE TALC &amp;  MAGNESSIUM

&quot;	B4-6344	Imported Product	1X6	26-02-2024	AJANTA PHARMA NIGERIA LIMITED, PLOT NO 420B, OMOFADE CRESCENT OMOLE PHASE 1, IKEJA LAGOS, LAGOS, , LAGOS	AJANTA PHARMA LIMITED, PLOT N0.Z/103/A DAHEJ SEZ II, BHARUCH GUJARANT – 392130 INDIA",1 x 6,"Each tablet contains: Artemether 40 mg, Lumefantrine 240 mg  
",https://admin.greenbook.nafdac.gov.ng/uploadImage/smpc_files/2026/09/11/2026091144b4ec9b-6e4c-5186-b80d-448f740bc57d.pdf,P01BF01,https://greenbook.nafdac.gov.ng/products/details/12462,2026-09-27T21:22:20.085187+00:00
Greenbook NAFDAC,130,12446,AFLOTIN 60/360 TABLET $,1,Drugs,"{'id': 1, 'name': 'Drugs', 'created_at': '-000001-11-30T00:00:00.000000Z', 'updated_at': '2022-03-17T16:53:12.000000Z', 'deleted_at': None}",528,Artemether; Lumefantrine,,C4-0265,1,Tablet,1,Oral,"60mg,360mg",578,Ajanta Pharma Nigeria Limited,2026-05-26,2031-05-25,Active,"AFLOTIN 60/360 TABLET 	&quot;
ARTEMETHER 60 AND LUMEFANTRINE 360
COLLOIDAL SILICON DIOXIDE
CROSPOVIDONE
MAGNESIUM STEARATE
MICROCRYSTALLINE CELLULOSE
PURIFIED TALC
SODIUM LAURYL SULFAT

&quot;	C4-0265	Drugs	Imported Product	1X6	20-11-2024	AJANTA PHARMA NIGERIA LIMITED, PLOT NO 420B, OMOFADE CRESCENT OMOLE PHASE 1, IKEJA LAGOS, LAGOS, , LAGOS	&quot;AJANTA PAHRMA LTD, PLOT NO. B-4/5/6, MIDC, PAITHAN, CHHATRAPATI SAMBHAJINAGAR 431148 MAHARASHTRA STATE, INDIA

&quot;
",1X 6,"Each tablet contains: Artemether Ph.Int 60 mg, Lumefantrine 360 mg         
Excipients q.s.
",https://admin.greenbook.nafdac.gov.ng/uploadImage/smpc_files/2026/07/25/20260725bfb6b50d-39dc-5cb2-9a64-33f223b6e3c4.pdf,P01BF01,https://greenbook.nafdac.gov.ng/products/details/12446,2026-09-27T21:22:20.085187+00:00
Greenbook NAFDAC,131,12463,AFLOTIN 60/360 TABLET $,1,Drugs,"{'id': 1, 'name': 'Drugs', 'created_at': '-000001-11-30T00:00:00.000000Z', 'updated_at': '2022-03-17T16:53:12.000000Z', 'deleted_at': None}",528,Artemether; Lumefantrine,,C4-0265,1,Tablet,1,Oral,"60mg,360mg",578,Ajanta Pharma Nigeria Limited,2026-08-26,2031-08-25,Active,"AFLOTIN 60/360 TABLET 	&quot;
ARTEMETHER 60 MG &amp; LUMEFANTRINE 360 MG TABLETS
MICROCRYSTALLINE CELLULOSE, MANNITOL, LOW-SUBSTITUTED HYDROXYPROPYL CELLULOSE, CROSPOVIDONE, ASPARTAME, COLLOIDAL ANHYDROUS SILICA, CAPSAROMA FLAVOUR ORANGE DC 116 PH, CAPSAROMA FLAVOUR PEPPERMINT DC 117 PH AND MAGNESIUM STEARATE. CAPSAROMA FLAVOUR ORANGE DC 116 PH COMPRISES OF ACACIA GUM (81 – 86%), FLAVOURING PREPARATION (13 – 18%) AND BUTYLATED HYDROXYANISOLE (BHA) (&lt;2%
&quot;	C4-0265	Imported Product	1X6	09-02-2024	AJANTA PHARMA NIGERIA LIMITED, PLOT NO 420B, OMOFADE CRESCENT OMOLE PHASE 1, IKEJA LAGOS, LAGOS, , LAGOS	AJANTA PHARMA LTD,  PLOT NO.Z/103/A,DAHEJ SEZ 11,BHARUCH GUJARAT-392130",1 x 6 ,"ARTEMETHER 60 MG &amp; LUMEFANTRINE 360 MG TABLETS
MICROCRYSTALLINE CELLULOSE, MANNITOL, LOW-SUBSTITUTED HYDROXYPROPYL CELLULOSE, CROSPOVIDONE, ASPARTAME, COLLOIDAL ANHYDROUS SILICA, CAPSAROMA FLAVOUR ORANGE DC 116 PH, CAPSAROMA FLAVOUR PEPPERMINT DC 117 PH AND MAGNESIUM STEARATE. CAPSAROMA FLAVOUR ORANGE DC 116 PH COMPRISES OF ACACIA GUM (81 – 86%), FLAVOURING PREPARATION (13 – 18%) AND BUTYLATED HYDROXYANISOLE (BHA) (&amp;lt;2%",https://admin.greenbook.nafdac.gov.ng/uploadImage/smpc_files/2026/09/11/20260911c64cca14-92f9-578e-ab4b-2658f74c994f.pdf,P01BF01,https://greenbook.nafdac.gov.ng/products/details/12463,2026-09-27T21:22:20.085187+00:00
Greenbook NAFDAC,132,12464,AFLOTIN 80/480 TABLETS $,1,Drugs,"{'id': 1, 'name': 'Drugs', 'created_at': '-000001-11-30T00:00:00.000000Z', 'updated_at': '2022-03-17T16:53:12.000000Z', 'deleted_at': None}",528,Artemether; Lumefantrine,,B4-7079,1,Tablet,1,Oral,80mg; 480mg,578,Ajanta Pharma Nigeria Limited,2026-08-26,2031-08-25,Active,"AFLOTIN 80/480 TABLETS	&quot;ARTEMETHER 80MG,LUMENFANTRINE 480MG
MICROCRYSTALLINE CELLULOSE,CROSPOVIDONE,SODIUM LAURYL SULPHATE,COLLOIDAL SILICON DIOXIDE,PURIFIED TALC &amp; MAGNESIUM STEARTE
&quot;	B4-7079	Imported Product	30x6 	26-02-2024	AJANTA PHARMA NIGERIA LIMITED, PLOT NO 420B, OMOFADE CRESCENT OMOLE PHASE 1, IKEJA LAGOS, LAGOS, , LAGOS	AJANTA PHARMA LIMITED, PLOT N0.Z/103/A DAHEJ SEZ II, BHARUCH GUJARANT – 392130 INDIA",30 x 6,"Each tablet contains: Artemether 80 mg, Lumefantrine 480 mg",https://admin.greenbook.nafdac.gov.ng/uploadImage/smpc_files/2026/09/11/2026091135eff8ba-d6ad-5ff3-924a-a103c754a1b7.pdf,P01BF01,https://greenbook.nafdac.gov.ng/products/details/12464,2026-09-27T21:22:20.085187+00:00
Greenbook NAFDAC,133,4672,AFM-T Ophthalmic Suspension**,1,Drugs,"{'id': 1, 'name': 'Drugs', 'created_at': '-000001-11-30T00:00:00.000000Z', 'updated_at': '2022-03-17T16:53:12.000000Z', 'deleted_at': None}",775,Fluorometholone; Tetryzoline Hydrochloride,,B4-6399,112,Suspension/Drops,1,Oral,0.1%; 0.025%,500,Vitacare Pharmacy Limited,2023-07-06,2028-07-05,Active,"Eye drops, suspension
An almost white suspension",1 x 5 mL (in LDPE bottle),"Fluorometholone &amp; Tetrahydrozoline HCl Ophthalmic Suspension, 0.1%/0.025% w/v.
Each 100 mL contains: Fluorometholone (Sterile &amp; Micronized) USP 0.100 g w/v, Tetrahydrozoline Hydrochloride USP 0.025 g w/v

Excipients:
Polyvinyl Alcohol USP 1.400 g, Sodium Chloride BP 0.750 g BP, Disodium Edetate 0.050 g BP, Sodium Perborate BP 0.200 g, Tyloxapol USP 0.300 g, Benzalkonium Chloride Solution BP 0.010 mL, Aminocaproic Acid USP 0.100 g,  Sodium Hydroxide or Hydrochloric Acid BP, Water for Injection BP",https://admin.greenbook.nafdac.gov.ng/uploadImage/smpc_files/2023/08/23/20230823b4d7c34d-0d56-5ebe-ad69-53b319686f51.pdf,,https://greenbook.nafdac.gov.ng/products/details/4672,2026-09-27T21:22:20.085187+00:00
Greenbook NAFDAC,134,6483,Afrab Amlodipine 10 mg Tablets**,1,Drugs,"{'id': 1, 'name': 'Drugs', 'created_at': '-000001-11-30T00:00:00.000000Z', 'updated_at': '2022-03-17T16:53:12.000000Z', 'deleted_at': None}",272,Amlodipine (Amlodipine Besilate),Amlodipine (Amlodipine Besylate),A11-0567,1,Tablet,1,Oral,10 mg,82,Afrab-Chem Limited,2023-11-30,2028-11-29,Active,"Tablet.
A white to off-white round tablet plain on one side and a marked line on the other",2 x 15&#039;s; 2 x 14&#039;s (in Alu-PVC blisters),"Each tablet contains: Amlodipine Besylate:13.94 mg equiv. to Amlodipine 10 mg.

Excipients:
Microcrystalline Cellulose 101, Diabasic Calcium Phosphate, Sodium Starch Glycolate, Magnesium Stearate",https://admin.greenbook.nafdac.gov.ng/uploadImage/smpc_files/2023/12/14/202312147ac7f79f-ce93-51d9-a47b-8fee5044e9b4.pdf,C08CA01,https://greenbook.nafdac.gov.ng/products/details/6483,2026-09-27T21:22:20.085187+00:00
Greenbook NAFDAC,135,11403,Afrab Amlodipine 5 mg Tablets_,1,Drugs,"{'id': 1, 'name': 'Drugs', 'created_at': '-000001-11-30T00:00:00.000000Z', 'updated_at': '2022-03-17T16:53:12.000000Z', 'deleted_at': None}",272,Amlodipine (Amlodipine Besilate),Amlodipine (Amlodipine Besylate),A11-0554,1,Tablet,1,Oral,5 mg,82,Afrab-Chem Limited,2025-07-30,2030-07-29,Active,"Tablet.
A white to off- white round tablet","3 x 10&#039;s, 2 x 15&#039;s (in PVC-Alu blisters)","Each tablet contains: Amlodipine Besilate equiv. to Amlodipine 5 mg
Excipients q.s.",https://admin.greenbook.nafdac.gov.ng/uploadImage/smpc_files/2025/09/04/20250904ce09a4b4-2415-5fad-8a21-2fba6320e464.pdf,C08CA01,https://greenbook.nafdac.gov.ng/products/details/11403,2026-09-27T21:22:20.085187+00:00
Greenbook NAFDAC,136,12465,AFRAB AZITHROMYCIN 500MG TABLETS $,1,Drugs,"{'id': 1, 'name': 'Drugs', 'created_at': '-000001-11-30T00:00:00.000000Z', 'updated_at': '2022-03-17T16:53:12.000000Z', 'deleted_at': None}",475,Azithromycin (Azithromycin Dihydrate),,A11-101341 ,1,Tablet,1,Oral,500 mg,82,Afrab-Chem Limited,2026-06-30,2031-06-29,Active,"AFRAB AZITHROMYCIN 500MG TABLETS	AZITHROMYCIN	AZITHROMYCIN DIHYDRATE:524.00MG (EQ. TO AZITHROMYCIN 500MG)	A11-101341		Nigerian Products	1*3	22-09-2025	AFRAB-CHEM LIMITED, NO22ABIMBOLASTREETISOLOINDUSTRIALESTATEISOL,LAGOS,LAGOS	012700057	oyeyemiat2005@yahoo.com	AFRAB CHEM LIMITED, 22, ABIMBOLA STREET, ISOLO INDUSTRIAL ESTATE, ISOLO, LAGOS, NIGERIA.
",1*3,"Each tablet contains: Azithromycin Dihydrate equivalent to Azithromycin 500 mg 
Excipients q.s.  
",https://admin.greenbook.nafdac.gov.ng/uploadImage/smpc_files/2026/08/11/20260811742c3f26-185f-52ce-846a-e29ed9535384.pdf,J01FA10,https://greenbook.nafdac.gov.ng/products/details/12465,2026-09-27T21:22:20.085187+00:00
Greenbook NAFDAC,137,2962,Afrab Chloroquine Tablets**,1,Drugs,"{'id': 1, 'name': 'Drugs', 'created_at': '-000001-11-30T00:00:00.000000Z', 'updated_at': '2022-03-17T16:53:12.000000Z', 'deleted_at': None}",1572,Chloroquine (Chloroquine Phosphate),,A11-100076,1,Tablet,1,Oral,155 mg,82,Afrab-Chem Limited,2021-05-17,2026-05-16,Inactive,"Tablet.
A white round tablet, plain on one side and a mark line on the other side",1 x 10&#039;s (in PVC-Alu blister),"Each tablet contains: Chloroquine phosphate 250 mg equivalent to Chloroquine base 155 mg, Excipients q.s.",https://admin.greenbook.nafdac.gov.ng/uploadImage/smpc_files/2025/03/25/202503255719d76f-c300-56f0-b0e4-8ea82dd0eaf8.pdf,P01BA01,https://greenbook.nafdac.gov.ng/products/details/2962,2026-09-27T21:22:20.085187+00:00
Greenbook NAFDAC,138,7380,Afrab Gripe Water**,1,Drugs,"{'id': 1, 'name': 'Drugs', 'created_at': '-000001-11-30T00:00:00.000000Z', 'updated_at': '2022-03-17T16:53:12.000000Z', 'deleted_at': None}",1085,Sodium bicarbonate; Dill oil; Ginger tinct.,,A11-0555,101,Liquid,1,Oral,50 mg/5 mL; 0.0025 mg/5 mL; 0.0025 mL/5 mL,82,Afrab-Chem Limited,2024-03-27,2029-03-26,Active,Oral Liquid,100 mL (in transparent glass bottle),"Each 5 mL contains: Sodium Bicarbonate 50 mg, Dill Oil 0.0025 mg, Strong Ginger Tincture 0.0025 mL

Excipients:
Alcohol, Talc, Sodium methyl paraben, Sodium propyl paraben, Sugar, Bronopol",https://admin.greenbook.nafdac.gov.ng/uploadImage/smpc_files/2024/04/18/202404189287322b-92e9-5131-a0bf-5b506fd5fb32.pdf,,https://greenbook.nafdac.gov.ng/products/details/7380,2026-09-27T21:22:20.085187+00:00
Greenbook NAFDAC,139,2645,Afrab Haloperidol Tablets_,1,Drugs,"{'id': 1, 'name': 'Drugs', 'created_at': '-000001-11-30T00:00:00.000000Z', 'updated_at': '2022-03-17T16:53:12.000000Z', 'deleted_at': None}",13,Haloperidol,,A4-4712,1,Tablet,1,Oral,5 mg,82,Afrab-Chem Limited,2021-03-30,2026-03-29,Inactive,"Tablet.
A light-pink round tablet with AFRAB inscribed on one side and a marked line on the other side.",1 x 1000&#039;s (in jar),Each tablet contains: Haloperidol 5 mg,https://admin.greenbook.nafdac.gov.ng/uploadImage/smpc_files/2025/03/25/20250325e8177323-314a-59d5-9faa-76e6dfcf2f23.pdf,N05AD01,https://greenbook.nafdac.gov.ng/products/details/2645,2026-09-27T21:22:20.085187+00:00
Greenbook NAFDAC,140,11400,Afrab Ibuprofen 400 mg Caplet_,1,Drugs,"{'id': 1, 'name': 'Drugs', 'created_at': '-000001-11-30T00:00:00.000000Z', 'updated_at': '2022-03-17T16:53:12.000000Z', 'deleted_at': None}",57,Ibuprofen,,A11-100922,2,Capsule,1,Oral,400 mg,82,Afrab-Chem Limited,2025-07-30,2030-07-29,Active,"Capsule.
An orange-coated caplet
",10 x 10&#039;s (in Alu-PVC blisters),"Each capsule contains: Ibuprofen 400 mg
Excipients q.s.",https://admin.greenbook.nafdac.gov.ng/uploadImage/smpc_files/2025/09/09/202509090bd807af-4204-5795-8647-5e6e868ca25b.pdf,M01AE01,https://greenbook.nafdac.gov.ng/products/details/11400,2026-09-27T21:22:20.085187+00:00
Greenbook NAFDAC,141,2970,Afrab Ibuprofen DS Suspension**,1,Drugs,"{'id': 1, 'name': 'Drugs', 'created_at': '-000001-11-30T00:00:00.000000Z', 'updated_at': '2022-03-17T16:53:12.000000Z', 'deleted_at': None}",57,Ibuprofen,,A11-100078,102,Suspension,1,Oral,200 mg/5 mL,82,Afrab-Chem Limited,2021-05-17,2026-05-16,Inactive,Oral Suspension,100 mL (in amber PET bottle),Each 5 mL oral suspension contains: Ibuprofen 200 mg,https://admin.greenbook.nafdac.gov.ng/uploadImage/smpc_files/2025/03/25/20250325a960aabf-c5d6-5d42-b2d9-e19f998290c0.pdf,M01AE01,https://greenbook.nafdac.gov.ng/products/details/2970,2026-09-27T21:22:20.085187+00:00
Greenbook NAFDAC,142,6470,Afrab Ibuprofen Suspension**,1,Drugs,"{'id': 1, 'name': 'Drugs', 'created_at': '-000001-11-30T00:00:00.000000Z', 'updated_at': '2022-03-17T16:53:12.000000Z', 'deleted_at': None}",57,Ibuprofen,,A4-7348,102,Suspension,1,Oral,100 mg/5 mL,82,Afrab-Chem Limited,2023-11-30,2028-11-29,Active,"Oral Suspension.
Orange colored suspension with a sweet taste",100 mL (in PET bottle),"Each 5 mL drop contains: Ibuprofen 100 mg

Excipients:
Xanthan Gum 20.00 mg, Glycerin 333.33 mg, Sorbitol Solution (70%) 333.33 mg, Tween 80:35.00 mg, Methyl Paraben 11.00 mg, Tartrazine Orange Color 0.19 mg, Sugar 800.00 mg, Sodium Saccharine 5.00 mg, Orange Flavor Liquid 25.00 mg, Tutti Fruitti Flavor 5.00 mg, Allura Red Color 0.10 mg, Propyl Paraben 1.10 mg, Bronopol 1.00 mg",https://admin.greenbook.nafdac.gov.ng/uploadImage/smpc_files/2023/12/14/20231214ca846540-bdf9-57eb-90d1-699668015ef5.pdf,M01AE01,https://greenbook.nafdac.gov.ng/products/details/6470,2026-09-27T21:22:20.085187+00:00
Greenbook NAFDAC,143,11401,Afrab Levofloxacin Caplet_,1,Drugs,"{'id': 1, 'name': 'Drugs', 'created_at': '-000001-11-30T00:00:00.000000Z', 'updated_at': '2022-03-17T16:53:12.000000Z', 'deleted_at': None}",464,Levofloxacin (Levofloxacin Hemihydrate),,A11-0566,108,Caplet,1,Oral,500 mg,82,Afrab-Chem Limited,2025-07-30,2030-07-29,Active,"Caplet.
Light-yellow to yellow film-coated caplet, score line on one side and embossed with &quot;AFRAB&quot; inscribed on other side",1 x 10&#039;s (in Alu-PVC blister),"Each caplet contains: Levofloxacin Hemihydrate equivalent to Levofloxacin 500 mg
Excipients q.s.",https://admin.greenbook.nafdac.gov.ng/uploadImage/smpc_files/2025/09/04/20250904609ebcd4-1fb8-508a-9bc4-6a42eb3188ac.pdf,J01MA12,https://greenbook.nafdac.gov.ng/products/details/11401,2026-09-27T21:22:20.085187+00:00
Greenbook NAFDAC,144,11759,Afrab Lisinopril 5 mg Tablets**,1,Drugs,"{'id': 1, 'name': 'Drugs', 'created_at': '-000001-11-30T00:00:00.000000Z', 'updated_at': '2022-03-17T16:53:12.000000Z', 'deleted_at': None}",250,Lisinopril,,A11-0509,1,Tablet,1,Oral,5 mg,82,Afrab-Chem Limited,2025-09-24,2030-09-23,Active,"Tablet.
A white tablet with AFRAB inscribed on one side and a marked line",3 x 10&#039;s; 2 x 14&#039;s,"Lisinopril 5 mg Tablet.
Each tablet contains 5 mg of Lisinopril",https://admin.greenbook.nafdac.gov.ng/uploadImage/smpc_files/2025/11/18/202511189158fcd2-2a61-539c-b04b-6df9bd277adb.pdf,C09AA03,https://greenbook.nafdac.gov.ng/products/details/11759,2026-09-27T21:22:20.085187+00:00
Greenbook NAFDAC,145,6486,Afrab Loratadine Syrup**,1,Drugs,"{'id': 1, 'name': 'Drugs', 'created_at': '-000001-11-30T00:00:00.000000Z', 'updated_at': '2022-03-17T16:53:12.000000Z', 'deleted_at': None}",419,Loratadine,,A4-7551,103,Syrup,1,Oral,5 mg/5 mL,82,Afrab-Chem Limited,2023-11-30,2028-11-29,Active,"Oral Liquid.
A golden, yellow syrup with a characteristic sweet taste",1 x 60 mL; 1 x 100 mL (in amber PET bottles),"Each 5 mL contains: Loratadine 5 mg

Excipients:
Propylene Glycol, Glycerine, Sodium Citrate, Citric Acid, Sorbitol Liquid 70%, Disodium EDTA, Sodium CMC, Saccharin Sodium, Tartrazine Yellow Color, Tartrazine Orange Color, Lemon Lime Flavor, Bronopol, Povidone PVK-30, Methyl Paraben, Propyl Paraben",https://admin.greenbook.nafdac.gov.ng/uploadImage/smpc_files/2023/12/14/20231214f4905757-8bfc-5a14-97d9-96e30596413e.pdf,R06AX13,https://greenbook.nafdac.gov.ng/products/details/6486,2026-09-27T21:22:20.085187+00:00
Greenbook NAFDAC,146,11760,Afrab Loratadine Tablets**,1,Drugs,"{'id': 1, 'name': 'Drugs', 'created_at': '-000001-11-30T00:00:00.000000Z', 'updated_at': '2022-03-17T16:53:12.000000Z', 'deleted_at': None}",419,Loratadine,,A4-7347,1,Tablet,1,Oral,10 mg,82,Afrab-Chem Limited,2025-09-24,2030-09-23,Active,"Tablet.
A white round concave tablet with AFRAB inscribed on one side and a marked line on   the other side",2 x 10&#039;s; 10 x 10&#039;s,Each tablet contains 10 mg of Loratadine,https://admin.greenbook.nafdac.gov.ng/uploadImage/smpc_files/2025/11/18/202511185e5aed80-bc12-5ba5-bd1d-77e6a38814d8.pdf,R06AX13,https://greenbook.nafdac.gov.ng/products/details/11760,2026-09-27T21:22:20.085187+00:00
Greenbook NAFDAC,147,6471,Afrab Metformin Tablets_,1,Drugs,"{'id': 1, 'name': 'Drugs', 'created_at': '-000001-11-30T00:00:00.000000Z', 'updated_at': '2022-03-17T16:53:12.000000Z', 'deleted_at': None}",625,Metformin Hydrochloride,,A4-7445,1,Tablet,1,Oral,500 mg,82,Afrab-Chem Limited,2023-11-30,2028-11-29,Active,"Tablet.
A white round tablet with &quot;AFRAB&quot; inscription on one side, and a line on the other side","3 x 10&#039;s, 10 x 10&#039;s (in PVC-Alu blisters)","Each tablet contains 500 mg of Metformin Hydrochloride

Exipients: Pregel Starch (G)10.00 mg, Povidon PVP (K-30) 12.00 mg, Avicel (Microcrystalline cellulose) PH 101 42.50 mg, Corn Starch 9.00 mg, Magnesium Stearate 2.40 mg, Aerosil 200 3.00 mg, Talcum Powder 20.00 mg, Sodium Starch Glycolate (Primogel) 7.00 mg",https://admin.greenbook.nafdac.gov.ng/uploadImage/smpc_files/2023/12/14/20231214de7c4606-a5fb-50b1-97dc-d33840a8f8ed.pdf, A10BA0,https://greenbook.nafdac.gov.ng/products/details/6471,2026-09-27T21:22:20.085187+00:00
Greenbook NAFDAC,148,2971,Afrab Oral Rehydration Salt**,1,Drugs,"{'id': 1, 'name': 'Drugs', 'created_at': '-000001-11-30T00:00:00.000000Z', 'updated_at': '2022-03-17T16:53:12.000000Z', 'deleted_at': None}",191,Oral Rehydration Salts,ORS,A11-100055,30,Granules,1,Oral,20.5 g,82,Afrab-Chem Limited,2021-03-29,2026-03-28,Inactive,Granules for oral solution in 20.5 g sachet,20.5 g x 3&#039;s (in sachets),"Each sachet contains: Glucose anhydrous BP 13.5 g, Sodium chloride BP 2.6 g, Sodium citrate BP 2.9 g, Potassium chloride BP 1.5 g",https://admin.greenbook.nafdac.gov.ng/uploadImage/smpc_files/2025/03/25/202503257750ac52-e344-566f-a0ca-4e3713783e78.pdf,A07CA,https://greenbook.nafdac.gov.ng/products/details/2971,2026-09-27T21:22:20.085187+00:00
Greenbook NAFDAC,149,2972,Afrab Risperidone 2 Caplets_,1,Drugs,"{'id': 1, 'name': 'Drugs', 'created_at': '-000001-11-30T00:00:00.000000Z', 'updated_at': '2022-03-17T16:53:12.000000Z', 'deleted_at': None}",16,Risperidone,,A11-100017,108,Caplet,1,Oral,2 mg,82,Afrab-Chem Limited,2021-03-01,2026-02-28,Inactive,"Caplet.
Orange-coated caplet with a broken line on one side and two broken lines on the other",2 x 10&#039;s (in Alu PVC blisters),Each tablet contains: Risperidone 2 mg,https://admin.greenbook.nafdac.gov.ng/uploadImage/smpc_files/2025/03/25/20250325da1479b3-6f40-5133-b461-faef2ce5ac9f.pdf,N05AX08,https://greenbook.nafdac.gov.ng/products/details/2972,2026-09-27T21:22:20.085187+00:00
Greenbook NAFDAC,150,2973,Afrab Risperidone 4 Caplets_,1,Drugs,"{'id': 1, 'name': 'Drugs', 'created_at': '-000001-11-30T00:00:00.000000Z', 'updated_at': '2022-03-17T16:53:12.000000Z', 'deleted_at': None}",16,Risperidone,,A11-100018,108,Caplet,1,Oral,4 mg,82,Afrab-Chem Limited,2021-03-01,2026-02-28,Inactive,"Caplet.
Lemon green-coated caplet with a broken line on one side",2 x 10&#039;s (in Alu PVC blisters),"Each tablet contains: Risperidone 4 mg
Excipients q.s.",https://admin.greenbook.nafdac.gov.ng/uploadImage/smpc_files/2025/03/25/202503258e7dbd73-8aac-5f5d-b78e-cc4901751c4a.pdf,N05AX08,https://greenbook.nafdac.gov.ng/products/details/2973,2026-09-27T21:22:20.085187+00:00
Greenbook NAFDAC,151,12466,AFRAB ROSUVASTATIN 10MG TABLET $,1,Drugs,"{'id': 1, 'name': 'Drugs', 'created_at': '-000001-11-30T00:00:00.000000Z', 'updated_at': '2022-03-17T16:53:12.000000Z', 'deleted_at': None}",304,Rosuvastatin (Rosuvastatin Calcium),,A11-101340,1,Tablet,1,Oral,10 mg,82,Afrab-Chem Limited,2026-06-30,2031-06-29,Active,"AFRAB ROSUVASTATIN 10MG TABLET	ROSUVASTATIN	ROSUVASTATIN CALCIUM (10.400MG) EQUIVALENT TO ROSUVASTATIN 10MG	A11-101340	Drugs	Nigerian Products	3BY10	15-01-2026	AFRAB-CHEM LIMITED, NO22ABIMBOLASTREETISOLOINDUSTRIALESTATEISOL,LAGOS,LAGOS	012700057	oyeyemiat2005@yahoo.com	AFRAB CHEM LIMITED, 22, ABIMBOLA STREET, ISOLO INDUSTRIAL ESTATE, ISOLO, LAGOS, NIGERIA.,22, ABIMBOLA STREET, ISOLO INDUSTRIAL ESTATE, ISOLO, LAGOS, NIGERIA.,22, ABIMBOLA STREET, ISOLO INDUSTRIAL ESTATE, ISOLO, LAGOS, NIGERIA.
",3 x 10,"Each coated tablet contains: Rosuvastatin (as Rosuvastatin Calcium) 10 mg 
Excipients q.s.",https://admin.greenbook.nafdac.gov.ng/uploadImage/smpc_files/2026/08/11/20260811111ed2bc-5ce0-5129-88f3-f0ca0c8aea55.pdf,C10AA07,https://greenbook.nafdac.gov.ng/products/details/12466,2026-09-27T21:22:20.085187+00:00
Greenbook NAFDAC,152,2974,Afrab Zinc Tablets 20 mg##,1,Drugs,"{'id': 1, 'name': 'Drugs', 'created_at': '-000001-11-30T00:00:00.000000Z', 'updated_at': '2022-03-17T16:53:12.000000Z', 'deleted_at': None}",808,Zinc (Zinc Sulfate),,A11-100004,13,Dispersible tablet,1,Oral,20 mg,82,Afrab-Chem Limited,2021-03-01,2026-02-28,Inactive,Dispersible Tablet,1 x 10&#039;s,Each tablet contains: Zinc Sulfate Monohydrate 54.9 mg equivalent to elemental Zinc 20 mg,https://admin.greenbook.nafdac.gov.ng/uploadImage/smpc_files/2025/03/25/202503252b079168-e859-5bc0-9b8e-6774d4320bf3.pdf,A12CB01,https://greenbook.nafdac.gov.ng/products/details/2974,2026-09-27T21:22:20.085187+00:00
Greenbook NAFDAC,153,4393,Afrablex Syrup##,1,Drugs,"{'id': 1, 'name': 'Drugs', 'created_at': '-000001-11-30T00:00:00.000000Z', 'updated_at': '2022-03-17T16:53:12.000000Z', 'deleted_at': None}",1575,Vit B1; Vit B2; Vit B6; Nicotinamide,,A11-100079,103,Syrup,1,Oral,5 mg/5 mL; 2 mg/5 mL; 15 mg/5 mL,82,Afrab-Chem Limited,2021-05-17,2026-05-16,Inactive,"Syrup
Yellow syrupy liquid with a characteristic sweet taste

VITAMIN B COMPLEX SYRUP	A11-100079	AFRABLEX SYRUP	&quot;THIAMINE HCL, RIBOFLAVIN PHOSPHATE, PYRIDOXINE HCL, NICOTINAMIDE, VANILLA ESSENCE POWDER, SUCRALOSE, DISODIUM EDETATE, SODIUM BENZOATE, XANTHAN GUM, SORBITOL  SOLUTION(NON-CRYSTALLISING):
APPROPRIATE OVERAGES OF THE VITAMINS ADDED TO COMPENSATE FOR LOSS ON STORAGE&quot;	VITAMINS	ORAL	&quot;5MG, 2MG, 2MG, 20MG, 5MG, 7.5MG, 0.5MG, 5MG, 12.5MG, 70% 500MG/5ML
&quot;	LIQUID	OVER THE COUNTER (OTC)	PREVENTION AND TREATMENT OF VITAMIN B COMPLEX DEFICIENCY	AFRAB CHEM LIMITED	NIGERIA	AFRAB CHEM LIMITED	NIGERIA	2021-05-17	2026-05-16",1 x 100 mL (in bottle),"Each 5 mL contains: Vitamin B1 (Thiamine HCl) 5 mg, Vitamin B2 (Riboflavin 5-Phosphate) 2 mg, Vitamin B6 (Pyrdoxine HCl) 2 mg, Vitamin B3 (Nicotinamide) 20 mg
Excipients: Vanilla Essence Powder, Sucralose, Disodium Edetate, Xanthan Gum, Sorbitol 70% Solution, Sodium Benzoate",https://admin.greenbook.nafdac.gov.ng/uploadImage/smpc_files/2025/01/15/20250115b70c9dd5-6005-5603-aa39-b62cee8627c0.pdf,A11A,https://greenbook.nafdac.gov.ng/products/details/4393,2026-09-27T21:22:20.085187+00:00
Greenbook NAFDAC,154,3191,Afrabron Syrup##,1,Drugs,"{'id': 1, 'name': 'Drugs', 'created_at': '-000001-11-30T00:00:00.000000Z', 'updated_at': '2022-03-17T16:53:12.000000Z', 'deleted_at': None}",318,Iron (Iron polymaltose),Iron (III) hydroxide polymaltose,A11-100077,103,Syrup,1,Oral,50 mg/5 mL,82,Afrab-Chem Limited,2021-05-17,2026-05-16,Inactive,"Syrup
Orange Flavored Syrup


",1 x 200 mL,"Each 5 mL contains: Iron (III) Hydroxide Polymaltose Complex 166.6 mg equivalent to elemental Iron 50 mg
Excipients (per 5 mL): Sorbitol Liquid 70% (650 mg), Propylene Glycol 300 mg, Glycerol 1100 mg, Propyl Paraben 3.35 mg, Ethyl Paraben 0.375 mg, EDTA 0.5 mg, Orange Flavor 2.5 mg",https://admin.greenbook.nafdac.gov.ng/uploadImage/smpc_files/2025/03/25/20250325ca211785-1ca2-56d3-b37e-f2ac1a74b936.pdf,B03AE10,https://greenbook.nafdac.gov.ng/products/details/3191,2026-09-27T21:22:20.085187+00:00
Greenbook NAFDAC,155,7163,Afrabron Tablets##,1,Drugs,"{'id': 1, 'name': 'Drugs', 'created_at': '-000001-11-30T00:00:00.000000Z', 'updated_at': '2022-03-17T16:53:12.000000Z', 'deleted_at': None}",321,Iron (Iron polymaltose); Folic acid,,A11-100684,1,Tablet,1,Oral,1 mg; 100 mg,82,Afrab-Chem Limited,2024-03-27,2029-03-26,Active,"Tablet
A round brown coated tablet

7	NF-PP-402569	AFRABRON TABLETS	IRON (III) POLYMATOSE TABLET + FOLIC ACID	IRON (III) POLYMATOSE (EQ. TO ELEMENTAL IRON):100MG,FOLIC ACID:1MG,CROSPOVIDONE:60MG,MAGNESIUM STEARATE:7MG,MICROCRYSTALLINE CELLULOSE 200:163MG,AEROSIL:12MG,HYDROXY PROPYL METHYL CELLULOSE PREMIX:15MG,RED IRON OXIDE:1MG / TABLET	A11-100684	Drugs	Nigerian Products	3*10	Prescription Only Medicine (POM)	1/24/2024	AFRAB-CHEM LIMITED, 22, ABIMBOLA STREET, ISOLO	12700057	oyeyemiat2005@yahoo.com	AFRAB CHEM LIMITED, 22, ABIMBOLA STREET, ISOLO INDUSTRIAL ESTATE, ISOLO-LAGOS, Nigeria",3 x 10&#039;s (in blisters),"Each tablet contains: Iron (as an Iron III-Hydroxide Polymaltose Complex) 100 mg, Folic Acid 1 mg
Excipients: Crospovidone, Magnesium Stearate, Microcrystalline cellulose, Aerosil, Hydroxy Propyl Methyl Cellulose Premix, Red Iron Oxide",https://admin.greenbook.nafdac.gov.ng/uploadImage/smpc_files/2024/04/18/20240418cab7efc6-0ec5-576c-b5f4-fd6e3b27425d.pdf,B03AD04,https://greenbook.nafdac.gov.ng/products/details/7163,2026-09-27T21:22:20.085187+00:00
Greenbook NAFDAC,156,4085,Afradin Drops##,1,Drugs,"{'id': 1, 'name': 'Drugs', 'created_at': '-000001-11-30T00:00:00.000000Z', 'updated_at': '2022-03-17T16:53:12.000000Z', 'deleted_at': None}",1616,Dimetindene Maleate,Dimethindene Maleate,A11-100082,103,Syrup,1,Oral,1 mg/mL,82,Afrab-Chem Limited,2021-05-07,2026-05-06,Inactive,"Syrup
",,Each mL contains: Dimetindene Maleate 1 mg,https://admin.greenbook.nafdac.gov.ng/uploadImage/smpc_files/2025/03/26/2025032673bdd62f-0071-5e58-9f0e-3354969225f4.pdf,R06AB03,https://greenbook.nafdac.gov.ng/products/details/4085,2026-09-27T21:22:20.085187+00:00
Greenbook NAFDAC,157,4362,Afragra Tablets 100 mg##,1,Drugs,"{'id': 1, 'name': 'Drugs', 'created_at': '-000001-11-30T00:00:00.000000Z', 'updated_at': '2022-03-17T16:53:12.000000Z', 'deleted_at': None}",703,Sildenafil (Sildenafil Citrate),,A11-100101,1,Tablet,1,Oral,100 mg,82,Afrab-Chem Limited,2021-05-07,2026-05-06,Inactive,"Tablet, Coated

SILDENAFIL TABLETS	A11-100101	AFRAGRA TABLETS 100MG 	SILDENAFIL CITRATE, AVICEL PH, DICALCIUM PHOSPHATE, CMC SODIUM, AEROSIL, TALC POWDER, MAGNESIUM STEARATE, LUSTER CLEAR, TITANIUM DIOXIDE, FD&amp;C BLUE # DYE:	UROLOGICAL AND RELATED DRUGS	ORAL	140.44MG, 101:267MG, 69MG, 12MG, 200:1MG, 2MG, 3.75MG, 10MG, 2MG, 0.08MG	TABLET, COATED	PRESCRIPTION ONLY MEDICINE (POM)	AFRAGRA IS INDICATED IN THE TREATMENT OF ERECTILE DYSFUNCTION	AFRAB CHEM LIMITED	NIGERIA	AFRAB CHEM LIMITED	NIGERIA	2021-05-07	2026-05-06",,"Each tablet contains: Sildenafil Citrate 
Excipients: Avicel PH, Dicalcium Phosphate, CMC Sodium, Aerosil, Talc Powder, Magnesium Stearate, Luster Clear, Titanium Dioxide, FD&amp;C Blue Dye.",https://admin.greenbook.nafdac.gov.ng/uploadImage/smpc_files/2025/03/26/2025032678b4e8ae-07a5-56c7-8ac4-507b610e051e.pdf,G04BE03,https://greenbook.nafdac.gov.ng/products/details/4362,2026-09-27T21:22:20.085187+00:00
Greenbook NAFDAC,158,3002,Afragra Tablets 50 mg##,1,Drugs,"{'id': 1, 'name': 'Drugs', 'created_at': '-000001-11-30T00:00:00.000000Z', 'updated_at': '2022-03-17T16:53:12.000000Z', 'deleted_at': None}",703,Sildenafil (Sildenafil Citrate),,A11-100120,1,Tablet,1,Oral,50 mg,82,Afrab-Chem Limited,2021-05-07,2026-05-06,Inactive,"Film Coated Tablet
",,Each tablet contains: Sildenafil Citrate 70.22 mg equivalent to Sildenafil 50 mg,https://admin.greenbook.nafdac.gov.ng/uploadImage/smpc_files/2025/03/26/20250326f2bd4526-a24a-5cc8-979c-ed29f3a3ee0d.pdf,G04BE03,https://greenbook.nafdac.gov.ng/products/details/3002,2026-09-27T21:22:20.085187+00:00
Greenbook NAFDAC,159,5496,Aframin Drops##,1,Drugs,"{'id': 1, 'name': 'Drugs', 'created_at': '-000001-11-30T00:00:00.000000Z', 'updated_at': '2022-03-17T16:53:12.000000Z', 'deleted_at': None}",1449,L-Lysine ; Vitamin A; Vitamin B1; Vitamin B2; Vitamin B6; Vitamin B12; Vitamin C; Vitamin D3; Vitamin E; Biotin; Folic acid; Niacin; Pantothenic acid; Iodine; Iron; Magnesium; Manganese; Zinc,,A4-8780,101,Liquid,1,Oral,NA,82,Afrab-Chem Limited,2021-03-01,2026-02-28,Inactive,"Liquid

93	Multivitamins And Amino Acids	A4-8780	Aframin Drops	L-Leucine USP, L-Isoleucine USP+L-Lysine Hcl USP, L-Tryptophan USP L-Phenyalamine USP :L-Threonine Sp, Vali USP, L-Methionine U, P:Calcium Pantothenate, Vitamin A Palmitate (Liquid):Iu, Thiamine Hcl, Riboflavin Phosphate, Pyridoxine Hcl, Sodium Ascorbate, Nicotinaminde, Vitamin D:Iu, Tween,Disodium Edetate, Sodium Cmc, Sodium Citrate, Methyl Paraben	Multivitamins	Oral	6.00  mg, 2.00  mg, 8.00  mg, 1.60  mg, 1.60  mg, 1.40  mg, 2.20  mg, 3.00  mg, 2.00  mg, 4000iu, 1.00  mg, 0.40 Mg, 0.50 Mg, 25.00  mg, 5.00  mg, D2:400iu 80:47.50  mg, 0.99 Mg, 1.98 Mg, 3.59 Mg,1.49	Liquid	Over The Counter (Otc)	Afrab Chem Limited	Afrab Chem Limited	Nigeria	2021-03-01	2026-02-28

L-LEUCINE USP:6.00mg,L-ISOLEUCINE USP:2.00mg,L-LYSINE HCL USP:8.00mg,L-TRYPTOPHAN USP:1.60mg,L-PHENYALAMINE USP :1.60mg,L-THREONINE USP:1.40mg,L-VALINE USP:2.20mg,L-METHIONINE USP:3.00mg,CALCIUM PANTOTHENATE:2.00mg,VITAMIN A PALMITATE (LIQUID):4000IU,THIAMINE HCL:1.00mg,RIBOFLAVIN 5-PHOSPHATE:0.40 mg,PYRIDOXINE HCL:0.50 mg,SODIUM ASCORBATE :25.00mg, NICOTINAMINDE :5.00mg,VITAMIN D2:400IU,TWEEN 80:47.50 mg, DISODIUM EDETATE:0.99 mg,SODIUM CMC:1.98 mg,SODIUM CITRATE:3.59 mg,METHYL PARABEN:1.49 mg,PROPYL PARABEN:199.50 mg,PROPYLENE GLYCOL:229.50mg,POLYETHYLENE GLYCOL:8.333mg,BRONOPOL:0.179 mg TUTTI FRUITTI FLAVOUR 0.002ml SODIUM METABISULPHATE 1.79 mg ALLURA RED COLOUR 100.00 mg",1 x 15 mL (in amber glass bottle),"Each 1 mL contains: L-Leucine USP 6.00 mg, L-Isoleucine USP 2.00 mg, L-Lysine HCl USP 8.00 mg, L-Tryptophan USP 1.60 mg, L-Phenylamine USP 1.60 mg, L-Threonine USP 1.40 mg, L-Valine USP 2.20 mg, L-Methionine USP 3.00 mg, Calcium, Pantothenate 2.00 mg, Vitamin A Palmitate (Liquid) 4000 IU, Thiamine HCl 1.00 mg, Riboflavin 5-Phosphate 0.40 mg, Pyridoxine HCl 0.50 mg, Sodium Ascorbate 25.00 mg, Nicotinamide 5.00 mg, Vitamin D2 400 IU
Excipients q.s.",https://admin.greenbook.nafdac.gov.ng/uploadImage/smpc_files/2025/01/15/20250115b1091183-dc69-53b9-991a-eaa0f7403f02.pdf,B03AE04,https://greenbook.nafdac.gov.ng/products/details/5496,2026-09-27T21:22:20.085187+00:00
Greenbook NAFDAC,160,2613,Africlav 375 Tablet##,1,Drugs,"{'id': 1, 'name': 'Drugs', 'created_at': '-000001-11-30T00:00:00.000000Z', 'updated_at': '2022-03-17T16:53:12.000000Z', 'deleted_at': None}",423,Amoxicillin (Amoxicillin Trihydrate); Clavulanic Acid (Potassium Clavulanate),,B4-0550,1,Tablet,1,Oral,250 mg; 125 mg,143,Chanrai HealthCare Limited,2020-12-21,2025-12-20,Inactive,Tablet,,"Each tablet contains: Amoxicillin (as Amoxicillin Trihydrate BP) 250 mg, Potassium Clavulanate (as Potassium Clavulanate Diluted BP) 125 mg",,J01CR02,https://greenbook.nafdac.gov.ng/products/details/2613,2026-09-27T21:22:20.085187+00:00
Greenbook NAFDAC,161,2614,Africlav 625 Tablet##,1,Drugs,"{'id': 1, 'name': 'Drugs', 'created_at': '-000001-11-30T00:00:00.000000Z', 'updated_at': '2022-03-17T16:53:12.000000Z', 'deleted_at': None}",423,Amoxicillin (Amoxicillin Trihydrate); Clavulanic Acid (Potassium Clavulanate),,B4-0551,1,Tablet,1,Oral,500 mg; 125 mg,143,Chanrai HealthCare Limited,2020-12-21,2025-12-20,Inactive,Tablet,,"Each tablet contains: Amoxicillin (as Amoxicillin Trihydrate BP) 500 mg, Potassium Clavulanate (as Potassium Clavulanate Diluted BP) 125 mg
",,J01CR02,https://greenbook.nafdac.gov.ng/products/details/2614,2026-09-27T21:22:20.085187+00:00
Greenbook NAFDAC,162,2615,Africlav Powder for Oral Suspension##,1,Drugs,"{'id': 1, 'name': 'Drugs', 'created_at': '-000001-11-30T00:00:00.000000Z', 'updated_at': '2022-03-17T16:53:12.000000Z', 'deleted_at': None}",423,Amoxicillin (Amoxicillin Trihydrate); Clavulanic Acid (Potassium Clavulanate),,B4-1215,72,Powder for suspension,1,Oral,200 mg/5 mL; 28.5 mg/5 mL,143,Chanrai HealthCare Limited,2020-12-21,2025-12-20,Inactive,Powder for Reconstitution,,"Each 5 mL suspension contains: Amoxicillin (as Amoxicillin Trihydrate BP) 200 mg, Potassium Clavulanate (as Potassium Clavulanate Diluted BP) 28.5 mg",,J01CR02,https://greenbook.nafdac.gov.ng/products/details/2615,2026-09-27T21:22:20.085187+00:00
Greenbook NAFDAC,163,4382,Afrifil 20 mg Tablets**,1,Drugs,"{'id': 1, 'name': 'Drugs', 'created_at': '-000001-11-30T00:00:00.000000Z', 'updated_at': '2022-03-17T16:53:12.000000Z', 'deleted_at': None}",705,Tadalafil,,B4-5996,1,Tablet,1,Oral,20 mg,143,Chanrai HealthCare Limited,2023-02-23,2028-02-22,Active,"Tablet.
A cream-colored diamond shape, biconvex, film coated tablet, having embossed &#039;CHCL&#039; on one side and symbol of CHANRAI on the other side of the tablet",1 x 4&#039;s (in Alu-PVC blister),"Tadalafil Tablets USP 20 mg.
Each film coated tablet contains: Tadalafil USP 20 mg, Excipients q.s.
Colour: Yellow Oxide of Iron",https://admin.greenbook.nafdac.gov.ng/uploadImage/smpc_files/2024/10/18/202410186c201b2a-dbb4-5845-bb45-71a010710b15.pdf,G04BE08,https://greenbook.nafdac.gov.ng/products/details/4382,2026-09-27T21:22:20.085187+00:00
Greenbook NAFDAC,164,12443,AFRIGENERICS PREGABALIN CAPSULE 75MG $,1,Drugs,"{'id': 1, 'name': 'Drugs', 'created_at': '-000001-11-30T00:00:00.000000Z', 'updated_at': '2022-03-17T16:53:12.000000Z', 'deleted_at': None}",41,Pregabalin,,A4-102038,2,Capsule,1,Oral,75mg,1768,AFRIGENERICS PHARMACEUTICALS LTD,2026-03-31,2031-03-30,Active,"PREGABALIN CAPSULE 75MG	PREGABALIN 75MG	PREGABALIN BP 75MG, MAIZE STARCH BP 8.375MG, MANNITOL BP 8.25MG, PURIFIED TALC BP 8.375MG 	A4-102038	Drugs	Imported Product	3x10CAPSULES	20-09-2024	AFRIGENERICS PHARMACEUTICALS LTD, NO. 2, IRINGA STREET, OFF DODOMA STREET, WUSE ZONE 6,	08068244299	afrigenericspharm@gmail.com	BAFNA PHARMACEUTICALS LTD., No 147, Madhavaram Redhills High Road, Grantlyon Village, Vadakarai Post, Chennai- 600 052, India.
",3 x10 CAPSULES,Each hard gelatin capsule contains: Pregabalin 75 mg                       ,https://admin.greenbook.nafdac.gov.ng/uploadImage/smpc_files/2026/06/16/20260616b2d33fd5-9585-5323-b034-ff71c319b24b.pdf,N02BF02,https://greenbook.nafdac.gov.ng/products/details/12443,2026-09-27T21:22:20.085187+00:00
Greenbook NAFDAC,165,12449,AFRIGENERICS PREGABALIN CAPSULES 150MG $,1,Drugs,"{'id': 1, 'name': 'Drugs', 'created_at': '-000001-11-30T00:00:00.000000Z', 'updated_at': '2022-03-17T16:53:12.000000Z', 'deleted_at': None}",41,Pregabalin,,A4-102037,2,Capsule,1,Oral,150mg,1768,AFRIGENERICS PHARMACEUTICALS LTD,2026-03-31,2031-03-30,Active,"PREGABALIN CAPSULES 150MG	PREGABALIN CAPSULES 150MG	PREGABALIN BP 75MG, MAIZE STARCH BP 8.375MG, MANNITOL BP 8.25MG, PURIFIED TALC BP 8.375MG	A4-102037	Drugs	Imported Product	3 X 10 Capsules 	08-10-2025	AFRIGENERICS PHARMACEUTICALS LTD, NO. 2, IRINGA STREET, OFF DODOMA STREET, WUSE ZONE 6,	08068244299	afrigenericspharm@gmail.com	BAFNA PHARMACEUTICALS LTD., No 147, Madhavaram Redhills High Road, Grantlyon Village, Vadakarai Post, Chennai- 600 052, India.
",3 X 10 Capsules ,Each Hard gelatin Capsule contains: Pregabalin150 mg,https://admin.greenbook.nafdac.gov.ng/uploadImage/smpc_files/2026/06/16/2026061678814c17-6263-54b3-8a57-e4a6acd018d4.pdf,N02BF02,https://greenbook.nafdac.gov.ng/products/details/12449,2026-09-27T21:22:20.085187+00:00
Greenbook NAFDAC,166,2791,Afrimal Dispersible Tablets 20 mg/120 mg##,1,Drugs,"{'id': 1, 'name': 'Drugs', 'created_at': '-000001-11-30T00:00:00.000000Z', 'updated_at': '2022-03-17T16:53:12.000000Z', 'deleted_at': None}",528,Artemether; Lumefantrine,,B4-3704,13,Dispersible tablet,1,Oral,20 mg; 120 mg,581,Afri Generics Limited,2020-11-10,2025-11-09,Inactive,Dispersible Tablet,,"Each dispersible tablet contains: Artemether 20 mg, Lumefantrine 120 mg",,P01BF01,https://greenbook.nafdac.gov.ng/products/details/2791,2026-09-27T21:22:20.085187+00:00
Greenbook NAFDAC,167,2792,Afrimal Tablets 80 mg/480 mg##,1,Drugs,"{'id': 1, 'name': 'Drugs', 'created_at': '-000001-11-30T00:00:00.000000Z', 'updated_at': '2022-03-17T16:53:12.000000Z', 'deleted_at': None}",528,Artemether; Lumefantrine,,A4-8112,1,Tablet,1,Oral,80 mg; 480 mg,581,Afri Generics Limited,2020-11-10,2025-11-09,Inactive,"Film Coated Tablet
Yellow, biconvex, capsule shaped film coated tablets, having a break line on one side",10 x 1 x 6&#039;s (in pack),"Each film coated tablet contains: Artemether 80 mg, Lumefantrine 480 mg
Excipients q.s.",https://admin.greenbook.nafdac.gov.ng/uploadImage/smpc_files/2024/11/28/2024112868241831-a6f7-5eb2-99a4-40da47b63bde.pdf,P01BF01,https://greenbook.nafdac.gov.ng/products/details/2792,2026-09-27T21:22:20.085187+00:00
Greenbook NAFDAC,168,2801,Afrip 500 Tablets##,1,Drugs,"{'id': 1, 'name': 'Drugs', 'created_at': '-000001-11-30T00:00:00.000000Z', 'updated_at': '2022-03-17T16:53:12.000000Z', 'deleted_at': None}",752,Ciprofloxacin,,B4-0461,1,Tablet,1,Oral,500 mg,581,Afri Generics Limited,2020-11-10,2025-11-09,Inactive,Tablet,,"Each tablet contains: Ciprofloxacin 500 mg
Excipients q.s.",,J01MA02,https://greenbook.nafdac.gov.ng/products/details/2801,2026-09-27T21:22:20.085187+00:00
Greenbook NAFDAC,169,4400,Afritel 40 H Tablet##,1,Drugs,"{'id': 1, 'name': 'Drugs', 'created_at': '-000001-11-30T00:00:00.000000Z', 'updated_at': '2022-03-17T16:53:12.000000Z', 'deleted_at': None}",268,Telmisartan; Hydrochlorothiazide,,B4-6539,1,Tablet,1,Oral,40 mg; 12.5 mg,143,Chanrai HealthCare Limited,2023-03-23,2028-02-22,Active,"Tablet
A white round shape, biconvex uncoated tablet, having “CHCL” on one side and symbol of chanrai on other side of the tablet

AFRITEL 40H TABLET	B4-6539	AFRITEL 40H TABLET	Active: Telmisartan USP 40mg, Hydrochlorothiazide 12.5mg Excipients: Sodium Hydroxide BP, Meglumine BP, Mannjtol BP, Povidone K-30 BP, Purified Water BP, Magnesium Stearate BP, Pregelatinized Starch BP, Colloidal Anhydrous Silica					POM 1		CHANRAI HEALTHCARE LIMITED, OSHODI APAPA EXPRESSWAY, ISOLO LAGOS		BHARAT PARENTERALS LTD, , SURVEY NO: 144&amp;146, JAROD SAMLAYA RD, VILL. HARIPURA, TA. SAVLI DIST VADODARA - 391520, GUJARAT, INDIA, India		2/23/2023	2/22/2028",3 x 10&#039;s (in Alu-Alu blisters),"Each tablet contains: Telmisartan 40 mg and Hydrochlorothiazide 12.5 mg Tablets USP
Excipients: Sodium Hydroxide BP, Meglumine BP, Mannitol BP, Povidone K-30 BP, Purified Water BP, Magnesium Stearate BP",https://admin.greenbook.nafdac.gov.ng/uploadImage/smpc_files/2024/10/20/202410207b10981f-fb88-5f64-9ba4-4764b47676a0.pdf,C09DA07,https://greenbook.nafdac.gov.ng/products/details/4400,2026-09-27T21:22:20.085187+00:00
Greenbook NAFDAC,170,4399,Afritel 40 Tablet##,1,Drugs,"{'id': 1, 'name': 'Drugs', 'created_at': '-000001-11-30T00:00:00.000000Z', 'updated_at': '2022-03-17T16:53:12.000000Z', 'deleted_at': None}",267,Telmisartan,,B4-6538,1,Tablet,1,Oral,40 mg,143,Chanrai HealthCare Limited,2023-02-23,2028-02-22,Active,"Tablet
A white colored round shape, biconvex uncoated tablet, having “CHCL” on one side and symbol of chanrai on the other side of the tablet

AFRITEL 40 TABLET	B4-6538	AFRITEL 40 TABLET	Active ingredients: Telmisartan 40mg USP Excipients: Sodium Hydrochloride BP Meglumine BP, Mannitol BP, Povidone K-30BP, Purified Water BP, Magnesium Stearate BP					Prescription Only Medicine (POM)		CHANRAI HEALTHCARE LIMITED, OSHODI APAPA EXPRESSWAY, ISOLO LAGOS		BHARAT PARENTERALS LTD, , SURVEY NO: 144&amp;146, JAROD SAMLAYA RD, VILL. HARIPURA, TA. SAVLI DIST VADODARA - 391520, GUJARAT, INDIA, India		2/23/2023	2/22/2028",3 x 10&#039;s (in Alu-Alu blisters),"Each tablet contains: Telmisartan 40 mg USP
Excipients: Sodium Hydrochloride BP Meglumine BP, Mannitol BP, Povidone K-30BP, Purified Water BP, Magnesium Stearate BP",https://admin.greenbook.nafdac.gov.ng/uploadImage/smpc_files/2024/10/20/20241020da1c84d0-f4b4-5a0c-9bff-187385b80a0f.pdf,C09CA07,https://greenbook.nafdac.gov.ng/products/details/4399,2026-09-27T21:22:20.085187+00:00
Greenbook NAFDAC,171,2977,Afrixime 200 Tablet_,1,Drugs,"{'id': 1, 'name': 'Drugs', 'created_at': '-000001-11-30T00:00:00.000000Z', 'updated_at': '2022-03-17T16:53:12.000000Z', 'deleted_at': None}",441,Cefixime (Cefixime Trihydrate),,B4-0629,1,Tablet,1,Oral,200 mg,143,Chanrai HealthCare Limited,2020-12-21,2025-12-20,Inactive,Oral Tablet,,Each tablet contains: Cefixime (as Cefixime Trihydrate USP) 200 mg,,J01DD08,https://greenbook.nafdac.gov.ng/products/details/2977,2026-09-27T21:22:20.085187+00:00
Greenbook NAFDAC,172,16,Afrixime CLV 325 Tablets##,1,Drugs,"{'id': 1, 'name': 'Drugs', 'created_at': '-000001-11-30T00:00:00.000000Z', 'updated_at': '2022-03-17T16:53:12.000000Z', 'deleted_at': None}",442,Cefixime; Clavulanic Acid (Clavulanate Potassium),,B4-4802,1,Tablet,1,Oral,200 mg; 125 mg,143,Chanrai HealthCare Limited,2021-12-02,2026-12-01,Active,"Tablet
White colored, capsule shaped, biconvex, film coated tablet, having &quot;CHCL&quot; on one side and symbol &quot;CHANRAI&quot; on the other side of the tablet",1 x 10&#039;s (in Alu-Alu blister),"Each film coated tablet contains: Cefixime USP (as Trihydrate) equivalent to Anhydrous Cefixime 200 mg, Potassium Clavulanate Diluted B? equivalent to Clavulanic Acid 125 mg
Excipients q.s.
Color: Titanium Dioxide BP",https://admin.greenbook.nafdac.gov.ng/uploadImage/smpc_files/2023/05/28/20230528f1a6a3de-e203-5583-855c-c8510c1b4758.pdf,J01DD08,https://greenbook.nafdac.gov.ng/products/details/16,2026-09-27T21:22:20.085187+00:00
Greenbook NAFDAC,173,2993,Afrixime Powder for Oral Suspension##,1,Drugs,"{'id': 1, 'name': 'Drugs', 'created_at': '-000001-11-30T00:00:00.000000Z', 'updated_at': '2022-03-17T16:53:12.000000Z', 'deleted_at': None}",441,Cefixime (Cefixime Trihydrate),,B4-1476,72,Powder for suspension,1,Oral,50 mg/5 mL,143,Chanrai HealthCare Limited,2020-12-21,2025-12-20,Inactive,Powder for Oral Suspension,,"Each 5 mL reconstituted suspension contains: Cefixime (as Cefixime Trihydrate USP) 50 mg
Excipients q.s.",,J01DD08,https://greenbook.nafdac.gov.ng/products/details/2993,2026-09-27T21:22:20.085187+00:00
Greenbook NAFDAC,174,12467,AFROFRANIL 25MG TABLET $,1,Drugs,"{'id': 1, 'name': 'Drugs', 'created_at': '-000001-11-30T00:00:00.000000Z', 'updated_at': '2022-03-17T16:53:12.000000Z', 'deleted_at': None}",28,Clomipramine Hydrochloride,,A4-101818,1,Tablet,1,Oral,25mg,1384,CCGlobalcure Pharmaceutical Company Ltd Awada Obosi,2025-12-18,2030-12-17,Active,"AFROFRANIL 25MG TABLET	CLOMIPRAMINE TABLETS 25MG	A4-101818	Drugs	Imported Product	2 X 25 TABLETS 	15-08-2025	CCGLOBALCURE PHARMACEUTICAL COMPANY LTD, 2, Edonta Close Awada, obosi	07065313432	ccglobalcurepharma@gmail.com	JFL  LIFE  SCIENCES  PVT. LTD., PLOT NO 615, GIDC, KERALA ( BAVLA) DIST.-AHMEDABAD - 382245, GUJARAT  STATE, INDIA.
",2 X 25 TABLETS,"Each Sugar-Coated Tablet Contains: Clomipramine Hydrochloride BP...25 mg
Excipients......q.s",https://admin.greenbook.nafdac.gov.ng/uploadImage/smpc_files/2026/01/22/20260122b2c168d2-fddc-5b98-a095-12e2d272057a.pdf,N06AA04,https://greenbook.nafdac.gov.ng/products/details/12467,2026-09-27T21:22:20.085187+00:00
Greenbook NAFDAC,175,5931,Afterburn Cream##,1,Drugs,"{'id': 1, 'name': 'Drugs', 'created_at': '-000001-11-30T00:00:00.000000Z', 'updated_at': '2022-03-17T16:53:12.000000Z', 'deleted_at': None}",838,Silver sulfadiazine,,C4-2055,4,Cream,21,Topical,1%,331,Zeenat Nigeria Ltd,2023-02-23,2028-02-22,Active,"Ointment

3	AFTERBURN CREAM	AFTER BURN	SILVER SULFADIAZINE 1%	POM 	CREAM	1 X 5ML	SULFONAMIDE/ANTISEPTIC	ZEENAT PHARMACY LTD.	GREEN HOUSE, PLOT 384, YASHANA ROAD, NAIBAWA QUARTERS, KANO STATE.	CIRON DRUGS &amp; PHARMA PVT. LTD.	 N-118, 119, M.I.D.C., TARAPUR BOISAR, DIST. THANE-401506, MAHARASHTRA, INDIA.	GMP- CLEARANCE ;LR-NA;  FEES-PAID;NP:NA	21/02/2019				C4-2055",1 x 5 mL (in 30 g tube),Afterburn Cream contains; Silver Sulfadiazine 1% w/w,https://admin.greenbook.nafdac.gov.ng/uploadImage/smpc_files/2024/10/20/202410203c8ce857-6662-52a8-a2a8-684a74d97066.pdf,D06BA01,https://greenbook.nafdac.gov.ng/products/details/5931,2026-09-27T21:22:20.085187+00:00
Greenbook NAFDAC,176,12444,AG ACICLOVIR CREAM $,1,Drugs,"{'id': 1, 'name': 'Drugs', 'created_at': '-000001-11-30T00:00:00.000000Z', 'updated_at': '2022-03-17T16:53:12.000000Z', 'deleted_at': None}",748,Aciclovir,,A4-102129,4,Cream,21,Topical,5%,506,AnnyGod Pharmaceutical Company Ltd,2026-05-26,2031-05-25,Active,"AG ACICLOVIR CREAM	ACICLOVIR BP 5%W/W	A4-102129	Drugs	Imported Product	1 X 15G	13-11-2024	ANNYGOD PHARMACEUTICAL COMPANY LTD, 28 UKWULU STREET, AWADA OBOSI, ANAMBRA STATE	KREMOINT PHARMA PVT.LTD , B-8, Additional Ambernath, M.I.D.C. Opp. Anand Nagar Police Check Post, Ambernath(E), Dist Thana-421 506
",1 X 15 g,"Each gram contains: Aciclovir 50 mg (5%)  
Cream Base: qs

",https://admin.greenbook.nafdac.gov.ng/uploadImage/smpc_files/2026/07/05/202607056f11085c-0c9a-57d4-b3d7-2b612da4f947.pdf,D06BB03 ,https://greenbook.nafdac.gov.ng/products/details/12444,2026-09-27T21:22:20.085187+00:00
Greenbook NAFDAC,177,4981,AG Amlodipine Tablet 10 mg_,1,Drugs,"{'id': 1, 'name': 'Drugs', 'created_at': '-000001-11-30T00:00:00.000000Z', 'updated_at': '2022-03-17T16:53:12.000000Z', 'deleted_at': None}",272,Amlodipine (Amlodipine Besilate),Amlodipine (Amlodipine Besylate),A4-100484,1,Tablet,1,Oral,10 mg,506,AnnyGod Pharmaceutical Company Ltd,2023-07-27,2028-07-26,Active,Tablet																								,2 x 14&#039;s,Each tablet contains: Amlodipine Besylate 10 mg,,C08CA01,https://greenbook.nafdac.gov.ng/products/details/4981,2026-09-27T21:22:20.085187+00:00
Greenbook NAFDAC,178,12132,"AG Betamethasone, Clotrimazole, Neomycin Cream_",1,Drugs,"{'id': 1, 'name': 'Drugs', 'created_at': '-000001-11-30T00:00:00.000000Z', 'updated_at': '2022-03-17T16:53:12.000000Z', 'deleted_at': None}",1106,Betamethasone; Clotrimazole; Neomycin sulfate,,A4-101735,4,Cream,21,Topical,0.05%; 1%; 0.5%,506,AnnyGod Pharmaceutical Company Ltd,2025-11-26,2030-11-25,Active,"Cream.
A white to off-white smooth cream",1 x 30 g (in Lami tube),"Composition: Betamethasone Dipropionate USP equiv. to Betamethasone base 0.05%, Clotrimazole 1.0% w/w, and Neomycin 0.5% w/w
Excipients q.s.",https://admin.greenbook.nafdac.gov.ng/uploadImage/smpc_files/2025/12/10/202512105fdeac4a-9550-5bbc-8448-84f1551aec0b.pdf,D07AC01,https://greenbook.nafdac.gov.ng/products/details/12132,2026-09-27T21:22:20.085187+00:00
Greenbook NAFDAC,179,7184,AG Losartan 50 Tablet##,1,Drugs,"{'id': 1, 'name': 'Drugs', 'created_at': '-000001-11-30T00:00:00.000000Z', 'updated_at': '2022-03-17T16:53:12.000000Z', 'deleted_at': None}",263,Losartan Potassium,,A4-100771,1,Tablet,1,Oral,50 mg,506,AnnyGod Pharmaceutical Company Ltd,2024-03-27,2029-03-26,Active,"Tablet

26	NF-PP-223425	AG LOSARTAN 50 TABLET	LOSARTAN POTASSIUM 50MG	LOSARTAN POTASSIUM 50MG, MICROCRYSTALLINE CELLULOSE, LACTOSE MONOHYDRATE, PREGELATINIZED STARCH, PURIFIED TALC, MAGNESIUM STEARATE, ISOPROPYL ALCOHOL, CROSCAMELLOSE SODIUM	A4-100771	Drugs	Imported Products	2*14	Prescription Only Medicine (POM)	6/21/2022	ANNYGOD PHARMACEUTICAL COMPANY LTD, 28 UKWULU STREET, AWADA OBOSI, ANAMBRA STATE	BAFNA PHARMACEUTICAL LTD., NO. 147, MADHAVARAM REDHILLS HIGH ROAD, GRANTLYON VILLAGE, VADAKARI POST, CHENNAI-600 052. INDIA., India																																																															",2 x 14&#039;s (in blisters),"Each film coated tablet contains: Losartan Potassium BP 50 mg
Excipients: Microcrystalline Cellulose, Lactose Monohydrate, Pregelatinized Starch, Purified Talc, Magnesium Stearate, Isopropyl Alcohol, Croscamellose Sodium, Instacoat White, Methylene Chloride",https://admin.greenbook.nafdac.gov.ng/uploadImage/smpc_files/2024/11/28/2024112895309025-728e-5094-9dd7-3a0896b166f4.pdf,J01DH02,https://greenbook.nafdac.gov.ng/products/details/7184,2026-09-27T21:22:20.085187+00:00
Greenbook NAFDAC,180,2,AG Spironolactone##,1,Drugs,"{'id': 1, 'name': 'Drugs', 'created_at': '-000001-11-30T00:00:00.000000Z', 'updated_at': '2022-03-17T16:53:12.000000Z', 'deleted_at': None}",235,Spironolactone,,A4-100160,1,Tablet,1,Oral,25 mg,506,AnnyGod Pharmaceutical Company Ltd,2021-12-17,2026-12-16,Active,Film Coated Tablet,1 x 500&#039;s (in a jar),"Each film coated tablet contains: Spironolactone BP 25 mg
Excipients q.s.",https://admin.greenbook.nafdac.gov.ng/uploadImage/smpc_files/2024/09/19/2024091984009d5c-5d3b-5abf-9201-faafe911b414.pdf,C03DA01,https://greenbook.nafdac.gov.ng/products/details/2,2026-09-27T21:22:20.085187+00:00
Greenbook NAFDAC,181,12455,AGABAXIN TABLETS $,1,Drugs,"{'id': 1, 'name': 'Drugs', 'created_at': '-000001-11-30T00:00:00.000000Z', 'updated_at': '2022-03-17T16:53:12.000000Z', 'deleted_at': None}",464,Levofloxacin (Levofloxacin Hemihydrate),,B4-5169,1,Tablet,1,Oral,500mg,780,Grace Base Pharmacy &amp; Stores Limited,2026-02-24,2031-02-23,Active,"AGABAXIN TABLETS	LEVOFLOXACIN HEMIHYDRATE 500MG	LEVOFLOXACIN HEMIHYDRATE 500MG 	B4-5169	Drugs	Imported Product	1 X 10	18-08-2023	GRACE BASE PHARMACY &amp; STORES LIMITED, NO63, TENANTROAD, ABA, ABIA, ABA, , ABIA	08033197841	gracebase2020@gmail.com	MAXHEAL LABORATORIES PVT LTD, PLOT NO. 2-7/80-85 SURSEZ SACHIN DIST. SURAT GUJARAT 394 230 INDIA
",1 X 10,"Each tablet contains: Levofloxacin Hemihydrate equivalent to Levofloxacin 500 mg
Excipients q.s.  ",https://admin.greenbook.nafdac.gov.ng/uploadImage/smpc_files/2026/09/03/20260903365741c4-af9b-515a-91c3-72245b3b8724.pdf,J01MA12,https://greenbook.nafdac.gov.ng/products/details/12455,2026-09-27T21:22:20.085187+00:00
Greenbook NAFDAC,182,17,Agazit Tablets##,1,Drugs,"{'id': 1, 'name': 'Drugs', 'created_at': '-000001-11-30T00:00:00.000000Z', 'updated_at': '2022-03-17T16:53:12.000000Z', 'deleted_at': None}",475,Azithromycin (Azithromycin Dihydrate),,A4-100147,1,Tablet,1,Oral,500 mg,506,AnnyGod Pharmaceutical Company Ltd,2021-12-02,2026-12-01,Active,Tablet,,Each tablet contains: Azithromycin equivalent to Azithromycin Dihydrate 500 mg,,J01FA10,https://greenbook.nafdac.gov.ng/products/details/17,2026-09-27T21:22:20.085187+00:00
Greenbook NAFDAC,183,18,Agcef Tablet##,1,Drugs,"{'id': 1, 'name': 'Drugs', 'created_at': '-000001-11-30T00:00:00.000000Z', 'updated_at': '2022-03-17T16:53:12.000000Z', 'deleted_at': None}",456,Cefuroxime (Cefuroxime Axetil),,A4-100138,1,Tablet,1,Oral,500 mg,506,AnnyGod Pharmaceutical Company Ltd,2021-12-02,2026-12-01,Active,Tablet,,Each tablet contains: Cefuroxime Axetil USP equivalent to Cefuroxime 500 mg,,J01DC02,https://greenbook.nafdac.gov.ng/products/details/18,2026-09-27T21:22:20.085187+00:00
Greenbook NAFDAC,184,7989,Agesulf Ferrous Sulphate Tablets**,1,Drugs,"{'id': 1, 'name': 'Drugs', 'created_at': '-000001-11-30T00:00:00.000000Z', 'updated_at': '2022-03-17T16:53:12.000000Z', 'deleted_at': None}",315,Ferrous sulfate,,A11-100759,1,Tablet,1,Oral,200 mg,1333,Agelex Pharmaceuticals Limited,2024-08-28,2029-08-27,Active,Sugar-coated tablet,1 x 1000&#039;s,Each sugar-coated tablet contains: Dried Ferrous Sulphate B.P. 200 mg equivalent to 65 mg of elemental Iron,https://admin.greenbook.nafdac.gov.ng/uploadImage/smpc_files/2024/11/28/20241128895a519e-b430-5ac1-bf28-b08f28e10df2.pdf,,https://greenbook.nafdac.gov.ng/products/details/7989,2026-09-27T21:22:20.085187+00:00
Greenbook NAFDAC,185,8375,AGS Loratadine Tablets USP 10 mg**,1,Drugs,"{'id': 1, 'name': 'Drugs', 'created_at': '-000001-11-30T00:00:00.000000Z', 'updated_at': '2022-03-17T16:53:12.000000Z', 'deleted_at': None}",419,Loratadine,,A4-101020,108,Caplet,1,Oral,10 mg,760,Anyigold Global Services Nigeria Ltd,2024-09-25,2029-09-24,Active,"Uncoated caplet.
White coloured small caplet shaped uncoated tablets with break line on one side and “10” embossed on other side",10 x 10&#039;s (in Alu/PVC Blisters),"Each uncoated tablet contains: Loratadine BP 10 mg, Excipients q.s.",https://admin.greenbook.nafdac.gov.ng/uploadImage/smpc_files/2024/11/02/202411020804c3ee-b585-58c4-84ed-bc1b172ab8ec.pdf,R06AX13,https://greenbook.nafdac.gov.ng/products/details/8375,2026-09-27T21:22:20.085187+00:00
Greenbook NAFDAC,186,8025,AGS Pregabalin Capsule IP 300 mg**,1,Drugs,"{'id': 1, 'name': 'Drugs', 'created_at': '-000001-11-30T00:00:00.000000Z', 'updated_at': '2022-03-17T16:53:12.000000Z', 'deleted_at': None}",41,Pregabalin,,A4-100962,2,Capsule,1,Oral,300 mg,760,Anyigold Global Services Nigeria Ltd,2024-07-31,2029-07-30,Active,A hard gelatin capsule with red cap with off white body with white crystalline powder,10 x 15&#039;s (in Alu-PVC Blisters),"Each hard gelatin capsule contains: Pregabalin BP 300 mg, Excipients q.s.",https://admin.greenbook.nafdac.gov.ng/uploadImage/smpc_files/2024/09/14/2024091481480721-fbe4-5870-8043-b0cdd88dc185.pdf,N03AX16,https://greenbook.nafdac.gov.ng/products/details/8025,2026-09-27T21:22:20.085187+00:00
Greenbook NAFDAC,187,11362,Agwoiba 20/120 Tablet**,1,Drugs,"{'id': 1, 'name': 'Drugs', 'created_at': '-000001-11-30T00:00:00.000000Z', 'updated_at': '2022-03-17T16:53:12.000000Z', 'deleted_at': None}",528,Artemether; Lumefantrine,,B4-9505,1,Tablet,1,Oral,20 mg; 120 mg,651,Global Young Pharma Limited,2025-06-25,2030-06-24,Active,"Uncoated Tablet.
Light yellow coloured, circular shaped, flat, beveled, uncoated tablet having breakline on one side and plain on other side",1 x 6&#039;s; 1 x 12&#039;s; 1 x 18&#039;s; 1 x 24&#039;s,"Artemether 20 mg and Lumefantrine 120 mg Tablets Ph. Int.
Each uncoated tablet contains: Artemether Ph. Int. 20 mg, Lumefantrine Ph. Int. 120 mg, Excipients q.s.",https://admin.greenbook.nafdac.gov.ng/uploadImage/smpc_files/2025/07/25/20250725183c5f46-a8f9-521b-937d-ce5f869951b7.pdf,P01BF01,https://greenbook.nafdac.gov.ng/products/details/11362,2026-09-27T21:22:20.085187+00:00
Greenbook NAFDAC,188,11363,Agwoiba 80/480 Tablets**,1,Drugs,"{'id': 1, 'name': 'Drugs', 'created_at': '-000001-11-30T00:00:00.000000Z', 'updated_at': '2022-03-17T16:53:12.000000Z', 'deleted_at': None}",528,Artemether; Lumefantrine,,B4-9506,1,Tablet,1,Oral,80 mg; 480 mg,651,Global Young Pharma Limited,2025-06-25,2030-06-24,Active,"Film-coated Tablet.
Yellow coloured, circular shaped, biconvex, film coated tablet having breakline on one side and plain on other side",1 x 6&#039;s (in blister),"Artemether 80 mg and Lumefantrine 480 mg Tablets Ph. Int.
Each film-coated tablet contains: Artemether Ph. Int. 80 mg, Lumefantrine Ph. Int. 480 mg, Excipients q.s.",https://admin.greenbook.nafdac.gov.ng/uploadImage/smpc_files/2025/07/25/202507250a49a48c-e2c0-5f55-8b15-785afe489526.pdf,P01BF01,https://greenbook.nafdac.gov.ng/products/details/11363,2026-09-27T21:22:20.085187+00:00
Greenbook NAFDAC,189,690,Airomol Tablets##,1,Drugs,"{'id': 1, 'name': 'Drugs', 'created_at': '-000001-11-30T00:00:00.000000Z', 'updated_at': '2022-03-17T16:53:12.000000Z', 'deleted_at': None}",388,Salbutamol (Salbutamol Sulfate); Theophylline,,B4-3125,1,Tablet,1,Oral,2 mg; 100 mg,1083,Zadip Pharma Nig  Ltd,2021-05-07,2026-05-06,Inactive,Tablet,,"Each tablet contains: Salbutamol equivalent to Salbutamol Sulfate 2 mg, Theophylline 100 mg",,R03DB04,https://greenbook.nafdac.gov.ng/products/details/690,2026-09-27T21:22:20.085187+00:00
Greenbook NAFDAC,190,9867,Akason Artesunate Injection 120 mg_,1,Drugs,"{'id': 1, 'name': 'Drugs', 'created_at': '-000001-11-30T00:00:00.000000Z', 'updated_at': '2022-03-17T16:53:12.000000Z', 'deleted_at': None}",541,Artesunate,,A4-101189,40,Injection,29,Intravenous; Intramuscular,120 mg,1304,Katari Pharmacy and Stores Limited,2025-01-30,2030-01-29,Active,Powder for solution for injection,1 x 1 vial + 2 diluent ampoules,"Each vial contains: Artesunate 120 mg

Each combipack contains: One vial of Artesunate 120 mg, 2 mL ampoule of Sodium Bicarbonate Injection BP 5% w/v, 10 mL ampoule of Sodium Chloride Injection BP 0.9%w/v",https://admin.greenbook.nafdac.gov.ng/uploadImage/smpc_files/2025/05/12/20250512c23f90ab-680d-55c4-98c6-0207543339cf.pdf,P01BE03,https://greenbook.nafdac.gov.ng/products/details/9867,2026-09-27T21:22:20.085187+00:00
Greenbook NAFDAC,191,7755,Akason Artesunate Injection**,1,Drugs,"{'id': 1, 'name': 'Drugs', 'created_at': '-000001-11-30T00:00:00.000000Z', 'updated_at': '2022-03-17T16:53:12.000000Z', 'deleted_at': None}",541,Artesunate,,C4-1525,70,Powder for injection,29,Intravenous; Intramuscular,60 mg,1304,Katari Pharmacy and Stores Limited,2021-01-28,2026-01-27,Inactive,"Powder for solution for injection in vial + solvents in ampoules (1 mL Sodium Bicarbonate BP 5% w/v + 5 mL Sodium Chloride BP 0.9% w/v).
Artesunate for injection: White crystalline powder
Solvent (sodium bicarbonate injection): Clear, colourless liquid
Diluent (sodium chloride injection): Clear, colourless liquid",1 x 1&#039;s (in vial) + Solvents (in ampoules),"Each vial contains: Artesunate powder 60 mg
Each 1-mL ampoule of solvent contains: Sodium bicarbonate 50 mg/mL
Each 5-mL ampoule of diluent contains: sodium chloride 9 mg/mL",,P01BE03,https://greenbook.nafdac.gov.ng/products/details/7755,2026-09-27T21:22:20.085187+00:00
Greenbook NAFDAC,192,7756,Akason Lidocain Injection**,1,Drugs,"{'id': 1, 'name': 'Drugs', 'created_at': '-000001-11-30T00:00:00.000000Z', 'updated_at': '2022-03-17T16:53:12.000000Z', 'deleted_at': None}",146,Lidocaine Hydrochloride,Lignocaine,C4-1571,107,Solution for injection,9,Intramuscular,20 mg/mL,1304,Katari Pharmacy and Stores Limited,2021-02-25,2026-02-24,Inactive,Solution for injection in 20-mL clear glass vial,20 mL x 1&#039;s (in glass vial),"Each mL solution contains: Lidocaine Hydrochloride BP 20 mg, Methyl Paraben BP 1 mg (as Preservative), Propyl Paraben BP 0.5 mg (as Preservative), Sodium Chloride 6 mg (Tonicity), Sodium Metabisulphite 0.05 mg (Antioxidant), Water for Injection BP q.s.",,C01BB01,https://greenbook.nafdac.gov.ng/products/details/7756,2026-09-27T21:22:20.085187+00:00
Greenbook NAFDAC,193,7757,Akason Lidocaine and Adrenaline Injection**,1,Drugs,"{'id': 1, 'name': 'Drugs', 'created_at': '-000001-11-30T00:00:00.000000Z', 'updated_at': '2022-03-17T16:53:12.000000Z', 'deleted_at': None}",147,Lidocaine Hydrochloride; Epinephrine,,C4-1524,107,Solution for injection,35,Block/Infiltration,20 mg/mL; 10 mcg/mL,1304,Katari Pharmacy and Stores Limited,2021-01-28,2026-01-27,Inactive,Solution for injection in 50-mL clear glass vial,50 mL x 1&#039;s (in glass vial),"Lidocaine and Adrenaline Injection BP.
Each mL contains: Lidocaine Hydrochloride BP 20 mg, Adrenaline (as Adrenaline Acid Tartrate BP) 0.01 mg, Methyl Paraben BP 1 mg (as Preservative), Sodium Chloride 6 mg (Tonicity), Sodium Metabisulphite 0.5 mg (Antioxidant), Citric Acid 0.22 mg (Buffering agent), Disodium EDTA 0.01 mg (Chelating agent), Water for Injection BP q.s.",https://admin.greenbook.nafdac.gov.ng/uploadImage/smpc_files/2024/09/14/20240914082a3d33-11c2-5d34-b565-aac255e85baa.pdf,N01BB52,https://greenbook.nafdac.gov.ng/products/details/7757,2026-09-27T21:22:20.085187+00:00
Greenbook NAFDAC,194,11104,Akelox 325 mg Tablet_,1,Drugs,"{'id': 1, 'name': 'Drugs', 'created_at': '-000001-11-30T00:00:00.000000Z', 'updated_at': '2022-03-17T16:53:12.000000Z', 'deleted_at': None}",449,Cefpodoxime (Cefpodoxime Proxetil); Clavulanic Acid (Clavulanate Potassium),,A4-101240,1,Tablet,1,Oral,125 mg; 200 mg,1664,Akestar Pharmaceutical Ltd,2025-04-30,2030-04-29,Active,"Film-coated Tablet.
An off-white colored, oblong-shaped, biconvex, film-coated tablet, plain on both sides
",1 x 10&#039;s (in Alu-Alu blister),"Each tablet contains: Potassium Clavulanate Diluted BP equiv. to Clavulanic Acid Base 125 mg, Cefpodoxime Proxetil BP equiv. to Cefpodoxime Base 200 mg
Excipients q.s.
Color: Titanium Dioxide BP",https://admin.greenbook.nafdac.gov.ng/uploadImage/smpc_files/2025/05/23/20250523af7e18ca-e262-5724-80f8-e9680cda4a07.pdf,J01DD13,https://greenbook.nafdac.gov.ng/products/details/11104,2026-09-27T21:22:20.085187+00:00
Greenbook NAFDAC,195,11202,Akenart 120 mg Injection**,1,Drugs,"{'id': 1, 'name': 'Drugs', 'created_at': '-000001-11-30T00:00:00.000000Z', 'updated_at': '2022-03-17T16:53:12.000000Z', 'deleted_at': None}",541,Artesunate,,A4-101298,70,Powder for injection,12,Intravenous,120 mg,1675,Akroyal Biotech Ltd,2025-05-27,2030-05-26,Active,Dry Powder for Injection in a vial + solvents in 2 ampoules,1 x 1&#039;s (in vials) + Solvents (in ampoules),"Artesunate for Injection &amp; Sodium Bicarbonate Injection BP &amp; Sodium Chloride Injection BP (Combipack).
Each Combipack Contains:
A. Artesunate (IH) 120 mg in a Vial
B. 2 mL Sodium Bicarbonate Injection BP 5% w/v, in an Ampoule
C. 10 mL Sodium Chloride Injection BP 0.9% w/v, in an Ampoule",https://admin.greenbook.nafdac.gov.ng/uploadImage/smpc_files/2025/06/24/20250624ace2bafc-20d3-553d-8aa2-7124a4e54dbd.pdf,P01BE03,https://greenbook.nafdac.gov.ng/products/details/11202,2026-09-27T21:22:20.085187+00:00
Greenbook NAFDAC,196,11402,Akenart Injection 60 mg_,1,Drugs,"{'id': 1, 'name': 'Drugs', 'created_at': '-000001-11-30T00:00:00.000000Z', 'updated_at': '2022-03-17T16:53:12.000000Z', 'deleted_at': None}",541,Artesunate,,A4-101429,40,Injection,29,Intravenous; Intramuscular,60 mg,1675,Akroyal Biotech Ltd,2025-07-30,2030-07-29,Active,"Dry Powder for Injection
","1 x 1 vial + 1 mL Sodium Bicarbonate (in ampoule), 5 mL Sodium Chloride (in ampoule)",Each 5 mL contains: Artesunate for Injection 60 mg,https://admin.greenbook.nafdac.gov.ng/uploadImage/smpc_files/2025/08/21/20250821b6b84300-ee4e-58df-ae2f-ea964032d40e.pdf,P01BE03,https://greenbook.nafdac.gov.ng/products/details/11402,2026-09-27T21:22:20.085187+00:00
Greenbook NAFDAC,197,7820,Akilos-CR Tablets**,1,Drugs,"{'id': 1, 'name': 'Drugs', 'created_at': '-000001-11-30T00:00:00.000000Z', 'updated_at': '2022-03-17T16:53:12.000000Z', 'deleted_at': None}",74,Aceclofenac,,C4-1740,1,Tablet,1,Oral,200 mg,253,Onifam Laboratories Limited,2021-06-24,2026-06-23,Inactive,"Film coated tablets.
White to off white, round, biconvex film-coated tablets, plain on both sides",1 x 10&#039;s (in Alu-PVC/PVDC blister),"Aceclofenac Controlled Release Tablets 200 mg.
Each film-coated controlled-release tablet contains: Aceclofenac BP 200 mg, Excipients  q.s.
Colour: Titanium Dioxide USP",https://admin.greenbook.nafdac.gov.ng/uploadImage/smpc_files/2024/09/20/2024092076ac74ba-28ca-5c54-992d-8eaa9c156043.pdf,,https://greenbook.nafdac.gov.ng/products/details/7820,2026-09-27T21:22:20.085187+00:00
Greenbook NAFDAC,198,5569,Akobal-G##,1,Drugs,"{'id': 1, 'name': 'Drugs', 'created_at': '-000001-11-30T00:00:00.000000Z', 'updated_at': '2022-03-17T16:53:12.000000Z', 'deleted_at': None}",36,Gabapentin; Methylcobalamin,,B4-2466,2,Capsule,1,Oral,300 mg; 500 mcg,502,Akol Healthcare Limited,2023-07-27,2028-07-26,Active,"Film Coated Tablet
Dark pink colored, elongated, biconvex, film coated tablet, having a mid break line on one side and plain on the other side

43	RNW-PP-87821	AKOBAL-G	GABEPENTIN AND METHYLCOBALAMIN	EACH FILM COATE TABLETS CONTAINS: GABAPENTIN USP 300 MG METHYLCOBALAMIN 500 MCG EXCIPIENTS Q.S	B4-2466	Drugs	Imported Products	1x10 CAPSULES	Prescription Only Medicine (POM)	5/17/2019	AKOL HEALTHCARE LIMITED, AKOL PLAZA,DADA LANE OSOGBO OSUN	8062610092	akolhealthcareltd@gmail.com	Scott-Edil Pharmacia Ltd, 56, E.P.I.P, Phase No 1 Jharmajri, BAddi (H.P) Distt. Solan. , India																																																																																			",10 x 1 x 10&#039;s (in Alu-Alu pack),"Each film coated tablet contains: Gabapentin USP 300 mg, Methylcobalamin USP 500 mcg
Excipients q.s.",https://admin.greenbook.nafdac.gov.ng/uploadImage/smpc_files/2023/08/27/20230827cfbe0c7b-e151-5dde-8d7c-21bf15628670.pdf,N02BF01,https://greenbook.nafdac.gov.ng/products/details/5569,2026-09-27T21:22:20.085187+00:00
Greenbook NAFDAC,199,7990,Aksoal 20/120 Tablets**,1,Drugs,"{'id': 1, 'name': 'Drugs', 'created_at': '-000001-11-30T00:00:00.000000Z', 'updated_at': '2022-03-17T16:53:12.000000Z', 'deleted_at': None}",528,Artemether; Lumefantrine,,A4-100999,1,Tablet,1,Oral,20 mg; 120 mg,1050,Akso Pharmaceutical Nigeria Limited,2024-08-28,2029-09-03,Active,"Tablet.
Yellow, rounded tablets",1 x 24&#039;s (in PVC/Aluminium foil blister),"Each tablet contains: Artemether 20 mg, Lumefantrine 120 mg",https://admin.greenbook.nafdac.gov.ng/uploadImage/smpc_files/2024/09/29/20240929139dd444-acbf-52d8-bbda-41eba7b7a383.pdf,P01BF01,https://greenbook.nafdac.gov.ng/products/details/7990,2026-09-27T21:22:20.085187+00:00
Greenbook NAFDAC,200,7120,Aksocort Cream 1%##,1,Drugs,"{'id': 1, 'name': 'Drugs', 'created_at': '-000001-11-30T00:00:00.000000Z', 'updated_at': '2022-03-17T16:53:12.000000Z', 'deleted_at': None}",219,Hydrocortisone,,A4-100748,4,Cream,21,Topical,10 mg,1050,Akso Pharmaceutical Nigeria Limited,2024-02-28,2029-02-27,Active,"White cream

3	NF-PP-348250	AKSOCORT CREAM 1%	Hydrocortisone Cream 1%	Hydrocortisone 10mg, (Excipients: Glyceryl Monostearate, Cetyl Alcohol, White soft paraffin, Liquid Paraffin, Span60, Polyaorbate 60, Methylparaben, Propylparaben, Edetate Disodium, Propylene Glycol, Purified water)	A4-100748	Drugs	Imported Products	1X20G	Over The Counter (OTC)	8/8/2023	AKSO PHARMACEUTICAL NIGERIA LIMITED, ODUSAMI STREET OFF WEMPCO ROAD OGBA IKEJA LAGOS	8180218332	506798052@qq.com	FRONT PHARMACEUTICAL PLC, XUANCHENG ECONOMIC AND TECHNICAL DEVELOPEMENT ZONE, ANHUI, CHINA., China																																																								",1 x 20 g (in Alu tube),"Each gram contains Hydrocortisone 10 mg
Excipients: Glyceryl Monostearate, Cetyl Alcohol, White Soft Paraffin, Liquid Paraffin, Span 60, Polyaorbate 60, Methylparaben, Propylparaben, Edetate Disodium, Propylene Glycol, Purified water",https://admin.greenbook.nafdac.gov.ng/uploadImage/smpc_files/2024/03/22/202403228b87dbfe-a883-5f27-b797-bd86df219962.pdf,D07AA02,https://greenbook.nafdac.gov.ng/products/details/7120,2026-09-27T21:22:20.085187+00:00
Greenbook NAFDAC,201,6346,AKuriT Tablets##,1,Drugs,"{'id': 1, 'name': 'Drugs', 'created_at': '-000001-11-30T00:00:00.000000Z', 'updated_at': '2022-03-17T16:53:12.000000Z', 'deleted_at': None}",506,Rifampicin; Isoniazid,,04-9278,98,Film coated tablet,1,Oral,150 mg; 75 mg,253,Onifam Laboratories Limited,2023-10-31,2028-10-30,Active,"Brick red colored, capsule shaped, biconvex, film coated tablets with break-line on one side and plain on the other side

15	RNW-PP-145268	AKURIT TABLETS	RIFAMPIN 150 AND ISONIAZID 75	Each film coated tablet contains: Rifampin USP……………………150mg Isoniazid USP 75mg Excipients a Rifampin USP Isoniazid USP Microcrystalline Cellulose USNF Pregelatinized starch (Starch 1500) USNF Crospovidone NF/EP Ascorbic acid USP Colloidal Silicon Dioxide (Aer200) NF/EP Magnesium Stearate NF/EP Hypromellose (Methocel E5 LVP) USP/EP Hypromellose (Methocel E15 LVP) USP/EP Polyethylene glycol 4000 USNF Talc USP Titanium dioxide USP Colour Iron oxide Red LD Si	Apr-78	Drugs	Imported Products	15X6	Prescription Only Medicine (POM)	4/12/2022	ONIFAM LABORATORIES LIMITED, IDIMU ROAD, ORELOPE EGBEDA, LAGOS. EGBEDA LAGOS	17763208	onifamconsultant@yahoo.com	LUPIN LTD, A-28/1, M.I.D.C CHIKALTHANA, AURANGABAD 431210 MAHARASHTRA STATE, INDIA., India","15 x 6&#039;s (in PVC-Alu blisters), 24 x 28&#039;s (in PVC-Alu/Alu-Alu blisters), 1000&#039;s (in bottle)","Each film coated tablet contains: Rifampicin 150 mg, Isoniazid 75 mg
Excipients q.s.",https://admin.greenbook.nafdac.gov.ng/uploadImage/smpc_files/2023/11/07/20231107a3e83a20-4cde-5a4a-94fb-501a4dfe9fb4.pdf,J04AM02,https://greenbook.nafdac.gov.ng/products/details/6346,2026-09-27T21:22:20.085187+00:00
Greenbook NAFDAC,202,12058,AL-Douleurs Tablets**,1,Drugs,"{'id': 1, 'name': 'Drugs', 'created_at': '-000001-11-30T00:00:00.000000Z', 'updated_at': '2022-03-17T16:53:12.000000Z', 'deleted_at': None}",1125,Diclofenac Potassium,,B4-4832,1,Tablet,1,Oral,50 mg,736,T.O.C Pharmaceuticals Nigeria Ltd,2025-09-24,2030-09-23,Active,Tablet,1 x 12&#039;s (in Alu-PVC blister),"Each tablet contains: Diclofenac Potassium 50 mg, Excipients q.s.",https://admin.greenbook.nafdac.gov.ng/uploadImage/smpc_files/2025/11/28/20251128950ed7c8-3bc7-5b3b-af6a-a9c2614727ea.pdf,M01AB05,https://greenbook.nafdac.gov.ng/products/details/12058,2026-09-27T21:22:20.085187+00:00
Greenbook NAFDAC,203,5570,AL-MAG Suspension##,1,Drugs,"{'id': 1, 'name': 'Drugs', 'created_at': '-000001-11-30T00:00:00.000000Z', 'updated_at': '2022-03-17T16:53:12.000000Z', 'deleted_at': None}",167,Magnesium trisilicate; Magnesium carbonate; Sodium bicarbonate,,A4-9112,102,Suspension,1,Oral,250 mg/5 mL; 250 mg/5 mL; 10 mg/5 mL; 50 mg/5 mL,527,Alben Health Care Industries Ltd,2023-07-27,2028-07-26,Active,"Suspension

31	RNW-PP-229500	AL-MAG SUSPENSION	MAGNESIUM TRISILICATE 250MG; LIGHT MAGNESIUM CARBONATE 250MG; SODIUM BICARBONATE 250MG/5ML.	MAGNESIUM TRISILICATE 250MG; LIGHT MAGNESIUM CARBONATE 250MG; SODIUM BICARBONATE 250MG/5ML; CITRIC ACID; PEPPERMINT OIL.	A4-9112	Drugs	ALIMENTARY TRACT AND METABOLISM	Nigerian Products	200ML,100ML	OTC	12/9/2022	ALBEN HEALTH CARE INDUSTRIES LTD., ONITSHA AWKA ROAD, OGIDI ANAMBRA	8033332325	albenng@rocketmail.com	Alben Healthcare Industries Limited, KM 15 Old Onitsha Awka Road ,Ogidi, Anambra State, Nigeria., Nigeria																																																																																										","1 x 200 mL, 1 x 100 mL","Each 5 mL contains: Magnesium Trisilicate 250 mg, Light Magnesium Carbonate 250 mg, Sodium Bicarbonate 250 mg
Excipients: Citric Acid, Peppermint Oil",https://admin.greenbook.nafdac.gov.ng/uploadImage/smpc_files/2025/01/23/202501233e19225a-b705-58f9-a4bc-e6afdb47303e.pdf,A02AH,https://greenbook.nafdac.gov.ng/products/details/5570,2026-09-27T21:22:20.085187+00:00
Greenbook NAFDAC,204,4403,AL-MAG Tablet##,1,Drugs,"{'id': 1, 'name': 'Drugs', 'created_at': '-000001-11-30T00:00:00.000000Z', 'updated_at': '2022-03-17T16:53:12.000000Z', 'deleted_at': None}",160,Aluminium hydroxide; Magnesium trisilicate,,B4-0288,1,Tablet,1,Oral,120 mg; 250 mg,527,Alben Health Care Industries Ltd,2023-01-26,2028-01-25,Active,"Tablet

AL-MAG TABLET	B4-0288	AL-MAG TABLET	DRIED ALUMINIUM HYDROXIDE 120MG; MAGNESIUM TRISILICATE 250MG; DICALCIUM PHOSPHATE; STARCH; SUGAR; POVIDONE; SODIUM PROPYL PARABEN; TALC; MAGNESIUM STEARATE; PEPPERMINT OIL; MENTHOL.	Drugs	OTC		Tablet				ALBEN HEALTH CARE INDUSTRIES LTD., ONITSHA AWKA ROAD, OGIDI ANAMBRA		Alben Healthcare Industries Limited, KM 15 Old Onitsha Awka Road ,Ogidi, Anambra State, Nigeria., Nigeria	1/26/2023	1/25/2028","12 x 8&#039;s (in PVC-Alu blisters), 1 x 1000&#039;s (in plastic container)","Each tablet contains: Dried Aluminium Hydroxide 120 mg, Magnesium Trisilicate 250 mg
Excipients: Dicalcium Phosphate, Starch, Sugar, Povidone, Sodium Propyl Paraben, Talc, Magnesium Stearate, Peppermint Oil, Menthol",https://admin.greenbook.nafdac.gov.ng/uploadImage/smpc_files/2025/01/23/20250123a9429d72-9090-5eb5-ba47-cb20abdd96b2.pdf,,https://greenbook.nafdac.gov.ng/products/details/4403,2026-09-27T21:22:20.085187+00:00
Greenbook NAFDAC,205,3227,Al-Tinez Atorvastatin-10 Tablets_,1,Drugs,"{'id': 1, 'name': 'Drugs', 'created_at': '-000001-11-30T00:00:00.000000Z', 'updated_at': '2022-03-17T16:53:12.000000Z', 'deleted_at': None}",300,Atorvastatin (Atorvastatin Calcium),,C4-1223,1,Tablet,1,Oral,10 mg,127,Al-Tinez Pharmaceuticals Limited,2020-11-10,2025-11-09,Inactive,,,Each tablet contains: Atorvastatin calcium equiv. to Atorvastatin 10 mg,,C10AA05,https://greenbook.nafdac.gov.ng/products/details/3227,2026-09-27T21:22:20.085187+00:00
Greenbook NAFDAC,206,4763,Alabukun Powder##,1,Drugs,"{'id': 1, 'name': 'Drugs', 'created_at': '-000001-11-30T00:00:00.000000Z', 'updated_at': '2022-03-17T16:53:12.000000Z', 'deleted_at': None}",72,Acetylsalicylic acid; Caffeine,,04-0489,111,Powder,1,Oral,760 mg; 60 mg,46,Copac Nig Ltd,2023-07-06,2028-07-05,Active,"Powder

32	RNW-PP-112072	ALABUKUN POWDER	ALABUKUN	ACETYLSALICYLIC ACID 760MG, CAFFEINE 60MG	04-0489	Drugs	ANTIINFECTIVES FOR SYSTEMIC USE	Nigerian Products	10*10	Over The Counter (OTC)	12/19/2019	COPAC NIG LTD, APAPA-OSHODI EXPRESS WAY ISOLO LAGOS	17358612	eosofunke@gmail.com	COPAC Nigeria Limited, Plot K6, Apapa-Oshodi Expressway, Isolo, Lagos, Nigeria, Nigeria",10 x 10&#039;s (in sachets),"Each sachet of Alabukun Powder is 820 mg and contains: Acetylsalicylic Acid 760 mg and Caffeine 60 mg
Excipients: Povidone K-30 (E1201), Povidone K-90 (E1201), Potato Starch, Pregelatinized Starch, Purified Talc, Croscarmellose Sodium, Stearic Acid (E570), Magnesium Stearate",https://admin.greenbook.nafdac.gov.ng/uploadImage/smpc_files/2023/09/20/2023092046d7a980-7940-54a2-9e04-1dcf80f81e97.pdf,N02BA51,https://greenbook.nafdac.gov.ng/products/details/4763,2026-09-27T21:22:20.085187+00:00
Greenbook NAFDAC,207,11382,Alapharm Loperamide Capsules**,1,Drugs,"{'id': 1, 'name': 'Drugs', 'created_at': '-000001-11-30T00:00:00.000000Z', 'updated_at': '2022-03-17T16:53:12.000000Z', 'deleted_at': None}",195,Loperamide Hydrochloride,,C4-0026,2,Capsule,1,Oral,2 mg,577,Alapharm Nigeria Limited,2025-06-25,2030-06-24,Active,"Hard Gelatin Capsules.
Gray/Green coloured size 2 capsule containing white powder",1 x 10&#039;s (in Alu-PVC blister),"Loperamide Capsules BP 2 mg.
Each capsule contains: Loperamide Hydrochloride BP 2 mg, Excipients q.s.",https://admin.greenbook.nafdac.gov.ng/uploadImage/smpc_files/2025/07/28/202507280d794280-2e50-5292-82f4-84dfe866b28a.pdf,A07DA03,https://greenbook.nafdac.gov.ng/products/details/11382,2026-09-27T21:22:20.085187+00:00
Greenbook NAFDAC,208,5499,Albecam 20 mg Capsules**,1,Drugs,"{'id': 1, 'name': 'Drugs', 'created_at': '-000001-11-30T00:00:00.000000Z', 'updated_at': '2022-03-17T16:53:12.000000Z', 'deleted_at': None}",91,Piroxicam,,B4-5526,2,Capsule,1,Oral,20 mg,527,Alben Health Care Industries Ltd,2023-03-28,2028-03-27,Active,Hard gelatin capsule,10 x 10&#039;s,Piroxicam BP 20 mg,https://admin.greenbook.nafdac.gov.ng/uploadImage/smpc_files/2025/01/23/202501234c0064ae-fc43-579f-9256-ad53eb0039d3.pdf,M01AC01,https://greenbook.nafdac.gov.ng/products/details/5499,2026-09-27T21:22:20.085187+00:00
Greenbook NAFDAC,209,12457,ALBEN AMLODIPINE 5MG TABLET $,1,Drugs,"{'id': 1, 'name': 'Drugs', 'created_at': '-000001-11-30T00:00:00.000000Z', 'updated_at': '2022-03-17T16:53:12.000000Z', 'deleted_at': None}",2197,Amlodipine,,A11-0431,1,Tablet,1,Oral,5mg,527,Alben Health Care Industries Ltd,2026-03-31,2031-03-30,Active,"ALBEN AMLODIPINE 5MG TABLET	AMLODIPINE 5MG	AMLODIPINE 5MG	A11-0431	Drugs	Nigerian Products	3×10 TABLETS	09-09-2025	ALBEN HEALTH CARE INDUSTRIES LTD., ONITSHA AWKA ROAD, OGIDI ANAMBRA	08033332325	albenng@rocketmail.com	Alben Healthcare Industries Limited,  km 15, Old Onitsha-Awka Road, Ogidi, Anambra State
",3×10 TABLETS,"Each white, circular tablet contains: 
Amlodipine Besylate USP equivalent to Amlodipine 5 mg
Excipients q.s.",https://admin.greenbook.nafdac.gov.ng/uploadImage/smpc_files/2026/09/03/20260903a88fd0e6-4151-50f0-bd74-d7844978ab28.pdf,C08CA01,https://greenbook.nafdac.gov.ng/products/details/12457,2026-09-27T21:22:20.085187+00:00
Greenbook NAFDAC,210,5489,Alben Cold Drops##,1,Drugs,"{'id': 1, 'name': 'Drugs', 'created_at': '-000001-11-30T00:00:00.000000Z', 'updated_at': '2022-03-17T16:53:12.000000Z', 'deleted_at': None}",1034,Paracetamol; Pseudoephedrine Hydrochloride; Chlorphenamine Maleate,,A11-0126,60,Drops,1,Oral,100 mg/mL; 9.38 mg/mL; 1 mg/mL,527,Alben Health Care Industries Ltd,2023-07-27,2028-07-26,Active,"Drops

ALBEN COLD DROPS	PARACETAMOL 100MG;CHLORPHENIRAMINE MALEATE 1MG; PSEUDOEPHEDRINE HYDROCHLORIDE 9.38MG/1ML	PARACETAMOL 100MG; CHLORPHENIRAMINE MALEATE 1MG; PSEUDOEPHEDRINE HYDROCHLORIDE 9.38MG/1ML; HYDROXYETHYLMETHYL CELLULOSE;MENTHOL; CAMANZO RED; STRAWBERRY FLAVOUR; PROPYLENE GLYCOL; METHYL PARABEN.	A11-0126	Drugs	RESPIRATORY SYSTEM	Nigerian Products	15ML	OTC	01/09/2021	ALBEN HEALTH CARE INDUSTRIES LTD., ONITSHA AWKA ROAD, OGIDI ANAMBRA	8033332325	albenng@rocketmail.com	Alben Healthcare Industries Limited, KM 15 Old Onitsha Awka Road ,Ogidi, Anambra State, Nigeria., Nigeria",1 x 15 mL,"Each mL contains: Paracetamol 100 mg, Chlorpheniramine Maleate 1 mg, Pseudoephedrine Hydrochloride 9.38 mg
Excipients: Hydroxyethylmethyl Cellulose, Menthol, Camanzo Red, Strawberry Flavor, Propylene Glycol, Methyl Paraben",https://admin.greenbook.nafdac.gov.ng/uploadImage/smpc_files/2025/01/23/20250123cdd2295c-ec90-53e5-8493-c36aad372068.pdf,R01BA52,https://greenbook.nafdac.gov.ng/products/details/5489,2026-09-27T21:22:20.085187+00:00
Greenbook NAFDAC,211,4404,Alben Ferrous Sulphate Tablet 200 mg##,1,Drugs,"{'id': 1, 'name': 'Drugs', 'created_at': '-000001-11-30T00:00:00.000000Z', 'updated_at': '2022-03-17T16:53:12.000000Z', 'deleted_at': None}",315,Ferrous sulfate,, A11-0047,1,Tablet,1,Oral,200 mg,527,Alben Health Care Industries Ltd,2023-01-26,2028-01-25,Active,"Film coated tablet
A dark red, film coated, circular tablet, plain sides

ALBEN FERROUS SULPHATE TABLET 200MG	A11-0047	ALBEN FERROUS SULPHATE TABLET 200MG	DRIED FERROUS SULPHATE 200MG; STARCH; TALC; MAGNESIUM STEARATE; GELATIN; TITANIUM DIOXIDE.	Drugs	POM 1		Tablet				ALBEN HEALTH CARE INDUSTRIES LTD., ONITSHA AWKA ROAD, OGIDI ANAMBRA		Alben Healthcare Industries Limited, KM 15 Old Onitsha Awka Road ,Ogidi, Anambra State, Nigeria., Nigeria	1/26/2023	1/25/2028",1 x 1000&#039;s (in plastic container),"Each film coated tablet contains: Dried Ferrous Sulphate BP 200 mg {Equivalent to 65 mg of Ferrous Iron, Fe {II})}
Excipients: Starch (Bulk), Dicalcium Phosphate, Sodium Propyl Paraben, Talc, Magnesium Stearate, P4R, HPMC, Tween 80, Purified Water",https://admin.greenbook.nafdac.gov.ng/uploadImage/smpc_files/2023/10/05/2023100597733e58-53ea-5d5c-bccd-3f7f17f70135.pdf,B03AA07,https://greenbook.nafdac.gov.ng/products/details/4404,2026-09-27T21:22:20.085187+00:00
Greenbook NAFDAC,212,5490,Alben Folic Acid Tablet 5 mg##,1,Drugs,"{'id': 1, 'name': 'Drugs', 'created_at': '-000001-11-30T00:00:00.000000Z', 'updated_at': '2022-03-17T16:53:12.000000Z', 'deleted_at': None}",325,Folic acid,,A11-100567,1,Tablet,1,Oral,5 mg,527,Alben Health Care Industries Ltd,2023-08-31,2028-08-30,Active,"Tablet
A yellow circular tablet

ALBEN FOLIC ACID TABLET 5MG	FOLIC ACID B.P 5mg	FOLIC ACID 5MG; LACTOSE; STARCH; SODIUM; PROPYL PARABEN; POVIDONE; MAGNESIUM STEARATE; CROSSCARMELLOSE SODIUM.		Drugs	Nigerian Products	1000TABLETS	OTC	16/12/2022	ALBEN HEALTH CARE INDUSTRIES LTD., ONITSHA AWKA ROAD, OGIDI ANAMBRA	8033332325	albenng@rocketmail.com	Alben Healthcare Industries Limited, KM 15 Old Onitsha Awka Road ,Ogidi, Anambra State, Nigeria., Nigeria",1 x 1000&#039;s (in plastic container),"Each uncoated tablet contains: Folic Acid Tablet BP 5 mg
Excipients: Starch, Lactose, Povidone, Sodium Propyl Paraben, Crosscarmellose Sodium, Magnesium Stearate",https://admin.greenbook.nafdac.gov.ng/uploadImage/smpc_files/2023/09/22/202309222e4b0051-4420-5c71-8b86-7712af4db37f.pdf,B03BB01,https://greenbook.nafdac.gov.ng/products/details/5490,2026-09-27T21:22:20.085187+00:00
Greenbook NAFDAC,213,12456,ALBEN NIFEDIPINE 10MG TABLET $,1,Drugs,"{'id': 1, 'name': 'Drugs', 'created_at': '-000001-11-30T00:00:00.000000Z', 'updated_at': '2022-03-17T16:53:12.000000Z', 'deleted_at': None}",284,Nifedipine,,A11-0435,1,Tablet,1,Oral,10mg,527,Alben Health Care Industries Ltd,2026-03-31,2031-03-30,Active,"ALBEN NIFEDIPINE 10MG TABLET	NIFEDIPINE 10MG	NIFEDIPINE 10MG	A11-0435	Drugs	Nigerian Products	3×10 TABLETS	07-09-2025	ALBEN HEALTH CARE INDUSTRIES LTD., ONITSHA AWKA ROAD, OGIDI ANAMBRA	08033332325	albenng@rocketmail.com	Alben Healthcare Industries Limited,  km 15, Old Onitsha-Awka Road, Ogidi, Anambra State	08033332325
",3×10 TABLETS,"Each tablet contains: 
Nifedipine BP equivalent to Nifedipine 10 mg  
Excipients: q.s. 

",https://admin.greenbook.nafdac.gov.ng/uploadImage/smpc_files/2026/09/03/20260903e9edb228-42e4-5239-b939-463fa0843c77.pdf,C08CA05,https://greenbook.nafdac.gov.ng/products/details/12456,2026-09-27T21:22:20.085187+00:00
Greenbook NAFDAC,214,5761,Alben ORS_,1,Drugs,"{'id': 1, 'name': 'Drugs', 'created_at': '-000001-11-30T00:00:00.000000Z', 'updated_at': '2022-03-17T16:53:12.000000Z', 'deleted_at': None}",1655,Anhydrous Glucose; Sodium Chloride; Sodium Citrate; Potassium Chloride,,A11-0033,71,Powder for solution,1,Oral,20 g; 3.5 g; 2.9 g; 1.5 g,527,Alben Health Care Industries Ltd,2023-02-23,2028-02-22,Active,"White Powder for oral solution.
Solution is clear and colourless with orange taste",27.9 g powder x 3&#039;s (in lami satchet),"Alben ORS contains: Anhydrous Glucose BP 20 g, Sodium Chloride BP 3.5 g, Sodium Citrate BP 2.9 g, Potassium Chloride BP 1.5 g",https://admin.greenbook.nafdac.gov.ng/uploadImage/smpc_files/2025/01/23/20250123f6e4b4a9-86f6-5b9f-af47-6c905abf63cc.pdf,A12CB01,https://greenbook.nafdac.gov.ng/products/details/5761,2026-09-27T21:22:20.085187+00:00
Greenbook NAFDAC,215,4673,Alben Paracetamol Drops##,1,Drugs,"{'id': 1, 'name': 'Drugs', 'created_at': '-000001-11-30T00:00:00.000000Z', 'updated_at': '2022-03-17T16:53:12.000000Z', 'deleted_at': None}",1529,Paracetamol,Acetaminophen,A11-0009,60,Drops,1,Oral,100 mg/mL,527,Alben Health Care Industries Ltd,2023-05-25,2028-05-24,Active,"Oral drops
Pink liquid

14	RNW-PP-231519	ALBEN PARACETAMOL DROPS	PARACETAMOL 100MG/1ML	PARACETAMOL 100MG/1ML; PROPYLENE GLYCOL; METHYLPARABEN; STRAWBERRY FLAVOUR; CAMANZO RED; HYDROXYETHYLMETHYLCELLULOSE	A11-0009	Drugs	Nigerian Products	15ML	OTC	12/13/2022	ALBEN HEALTH CARE INDUSTRIES LTD., ONITSHA AWKA ROAD, OGIDI ANAMBRA	8033332325	albenng@rocketmail.com	Alben Healthcare Industries Limited, KM 15 Old Onitsha Awka Road ,Ogidi, Anambra State, Nigeria., Nigeria",1 x 15 mL (in PET bottle),"Each 1 mL contains: Paracetamol BP 100 mg
Excipients: Hydroxyethyl methylcellulose, Propylene Glycol, Ethanol, Methyl paraben, Strawberry Flavour, Camoisine Red, Purified Water",https://admin.greenbook.nafdac.gov.ng/uploadImage/smpc_files/2023/09/20/20230920e782a4c7-a706-5e00-b5d8-18fd0ef405fc.pdf,N02BE01,https://greenbook.nafdac.gov.ng/products/details/4673,2026-09-27T21:22:20.085187+00:00
Greenbook NAFDAC,216,11404,Alben Tetracycline 250 mg Capsule_,1,Drugs,"{'id': 1, 'name': 'Drugs', 'created_at': '-000001-11-30T00:00:00.000000Z', 'updated_at': '2022-03-17T16:53:12.000000Z', 'deleted_at': None}",764,Tetracycline Hydrochloride,,B4-5290,2,Capsule,1,Oral,250 mg,527,Alben Health Care Industries Ltd,2025-07-30,2030-07-29,Active,"Capsule.
Red and yellow capsules printed with “ALBEN” on red side and “250 mg” on the yellow side",10 x 10&#039;s (in PVC-Alu blisters),"Each capsule contains: Tetracycline Hydrochloride 270 mg equiv. to 250 mg
Excipients q.s.",https://admin.greenbook.nafdac.gov.ng/uploadImage/smpc_files/2025/09/04/20250904c55d3e8d-758a-55f0-8b01-832333754be4.pdf,J01AA07,https://greenbook.nafdac.gov.ng/products/details/11404,2026-09-27T21:22:20.085187+00:00
Greenbook NAFDAC,217,4406,Alben Tramadol Hydrochloride Capsule**,1,Drugs,"{'id': 1, 'name': 'Drugs', 'created_at': '-000001-11-30T00:00:00.000000Z', 'updated_at': '2022-03-17T16:53:12.000000Z', 'deleted_at': None}",56,Tramadol Hydrochloride,,A11-0121,2,Capsule,1,Oral,100 mg,527,Alben Health Care Industries Ltd,2023-01-26,2028-01-25,Active,"Capsule, hard
Dark green and pearl green capsules",10 x 10&#039;s (in Alu-PVC blisters),"Each capsule contains: Tramadol Hydrochloride BP 100 mg

Excipients:
Starch, Talc, Magnesium Stearate",https://admin.greenbook.nafdac.gov.ng/uploadImage/smpc_files/2025/01/23/20250123dca1e7af-0e5a-5e63-89f2-99c38ad36b90.pdf,N02AX02,https://greenbook.nafdac.gov.ng/products/details/4406,2026-09-27T21:22:20.085187+00:00
Greenbook NAFDAC,218,5571,Alben Vitamin B Complex Tablet_,1,Drugs,"{'id': 1, 'name': 'Drugs', 'created_at': '-000001-11-30T00:00:00.000000Z', 'updated_at': '2022-03-17T16:53:12.000000Z', 'deleted_at': None}",1628,Vit B1; Vit B2; Nicotinamide,,A11-100568,1,Tablet,1,Oral,1 mg; 1 mg; 15 mg ,527,Alben Health Care Industries Ltd,2023-08-31,2028-08-30,Active,Light-orange tablet.,1 x 1000&#039;s (in tins),"Each tablet contains: Vitamin B1 (Thiamine HCl) 1 mg, Vitamin B2 (Riboflavin) 1 mg, and Nicotinamide 15 mg",https://admin.greenbook.nafdac.gov.ng/uploadImage/smpc_files/2023/09/22/20230922eee0297a-f2d8-5a58-b03f-06d25c147c21.pdf,A11BA,https://greenbook.nafdac.gov.ng/products/details/5571,2026-09-27T21:22:20.085187+00:00
Greenbook NAFDAC,219,5510,Alben Vitamin C + Glucose Chewable Tablet##,1,Drugs,"{'id': 1, 'name': 'Drugs', 'created_at': '-000001-11-30T00:00:00.000000Z', 'updated_at': '2022-03-17T16:53:12.000000Z', 'deleted_at': None}",347,Vitamin C; Glucose,,A11-0040,1,Tablet,1,Oral,50 mg; 150 mg,527,Alben Health Care Industries Ltd,2023-08-31,2028-08-30,Active,"Orange cuboid tablet embossed with &quot;Alben&quot; on one side and plain on the other side

ALBEN VITAMIN C + GLUCOSE CHEWABLE TABLET	GLUCOSE 150MG; ASCORBIC ACID 50MG	GLUCOSE 150MG; ASCORBIC ACID 50MG; STARCH; SUNSET YELLOW; SUGAR; SODIUM PROPYL PARABEN; POVIDONE; ISOPROPYL ALCOHOL; MAGNESIUM STEARATE; TALC; ORANGE FLAVOUR.	A11-0040	Drugs	Nigerian Products	12*2*20TABLETS	OTC	09/12/2022	ALBEN HEALTH CARE INDUSTRIES LTD., ONITSHA AWKA ROAD, OGIDI ANAMBRA	8033332325	albenng@rocketmail.com	Alben Healthcare Industries Limited, KM 15 Old Onitsha Awka Road ,Ogidi, Anambra State, Nigeria., Nigeria",20 x 2 x 12&#039;s (in blisters),"Each tablet contains: Ascorbic Acid 50 mg, Glucose (as Monohydrate) 150 mg
Excipients: Povidone, Sugar, Sodium Propyl Paraben, Sunset Yellow, Isopropyl Alcohol, Talc, Magnesium Stearate, Orange Flavor",https://admin.greenbook.nafdac.gov.ng/uploadImage/smpc_files/2023/09/22/20230922521ffb59-2fa2-5c91-8bc7-ba08eb164dd8.pdf,A11GB,https://greenbook.nafdac.gov.ng/products/details/5510,2026-09-27T21:22:20.085187+00:00
Greenbook NAFDAC,220,5491,Alben Vitamin C Caplet 1000 mg##,1,Drugs,"{'id': 1, 'name': 'Drugs', 'created_at': '-000001-11-30T00:00:00.000000Z', 'updated_at': '2022-03-17T16:53:12.000000Z', 'deleted_at': None}",346,Ascorbic Acid,Vitamin C,A11-100569,108,Caplet,1,Oral,1000 mg,527,Alben Health Care Industries Ltd,2023-08-31,2028-08-30,Active,"White caplet plain on either side

ALBEN VITAMIN C CAPLET 1000MG	ASCORBIC ACID 1000MG	ASCORBIC ACID 1000MG; DEXTROSE ANHYDROUS; CITRIC ACID; SODIUM PROPYL PARABEN; ETHYL CELLULOSE; ETHANOL; POVIDONE; STARCH; MAGNESIUM STEARATE.		Drugs	Nigerian Products	100CAPLETS	OTC	20/12/2022	ALBEN HEALTH CARE INDUSTRIES LTD., ONITSHA AWKA ROAD, OGIDI ANAMBRA	8033332325	albenng@rocketmail.com	Alben Healthcare Industries Limited, KM 15 Old Onitsha Awka Road ,Ogidi, Anambra State, Nigeria., Nigeria",1 x 100&#039;s (in plastic container),"Each caplet contains: Ascorbic Acid BP 1000 mg
Excipients, Dextrose Anhydrous, Citric Acid, Sodium Propyl Paraben, Ethyl Cellulose, Ethanol, Povidone, Starch, Magnesium Stearate",https://admin.greenbook.nafdac.gov.ng/uploadImage/smpc_files/2023/09/22/202309222268268f-f35f-553b-921a-22d9224d385f.pdf,A11GA,https://greenbook.nafdac.gov.ng/products/details/5491,2026-09-27T21:22:20.085187+00:00
Greenbook NAFDAC,221,5502,Alben Zinc Sulphate Tablet 50 mg##,1,Drugs,"{'id': 1, 'name': 'Drugs', 'created_at': '-000001-11-30T00:00:00.000000Z', 'updated_at': '2022-03-17T16:53:12.000000Z', 'deleted_at': None}",808,Zinc (Zinc Sulfate),,A11-100570,1,Tablet,1,Oral,50 mg,527,Alben Health Care Industries Ltd,2023-08-31,2028-08-30,Active,"White circular, uncoated tablet, plain on one side and &quot;ALBEN&quot; on one side

ALBEN ZINC SULPHATE TABLET 50MG	ZINC SULPHATE TABLET 50MG	ZINC SULPHATE TABLET 50MG ; DEXTROSE MONOHYDRATE; STARCH; ETHYL CELLULOSE; ETHANOL; CROSSCARMELLOSE SODIUM; MAGNESIUM STEARATE; TALC.		Drugs	Nigerian Products	60TABLETS	OTC	20/12/2022	ALBEN HEALTH CARE INDUSTRIES LTD., ONITSHA AWKA ROAD, OGIDI ANAMBRA	8033332325	albenng@rocketmail.com	Alben Healthcare Industries Limited, KM 15 Old Onitsha Awka Road ,Ogidi, Anambra State, Nigeria., Nigeria",1 x 60&#039;s (in plasitc container),"Each uncoated tablet contains: Zinc Sulphate BP 50 mg
Excipients: Dextrose Monohydrate, Starch, Ethyl Cellulose, Ethanol, Croscarmellose Sodium, Magnesium Stearate, Talc, Aspartame, Aerosil, Orange Flavor",https://admin.greenbook.nafdac.gov.ng/uploadImage/smpc_files/2023/09/22/2023092210df226c-11b5-5def-a11d-91b369b2832e.pdf,A12CB01,https://greenbook.nafdac.gov.ng/products/details/5502,2026-09-27T21:22:20.085187+00:00
Greenbook NAFDAC,222,4674,Alben Zinc Sulphate Tablet##,1,Drugs,"{'id': 1, 'name': 'Drugs', 'created_at': '-000001-11-30T00:00:00.000000Z', 'updated_at': '2022-03-17T16:53:12.000000Z', 'deleted_at': None}",808,Zinc (Zinc Sulfate),,A11-0048,1,Tablet,1,Oral,50 mg,527,Alben Health Care Industries Ltd,2023-05-25,2028-05-24,Active,"White circular, uncoated tablet, plain on one side and &quot;ALBEN&quot; on the side

13	RNW-PP-231509	ALBEN ZINC SULPHATE TABLET	ZINC SULPHATE 54.8MG (EQUIVALENT TO ELEMENTAL ZINC 20MG)	ZINC SULPHATE 54.8MG(EQUIVALENT TO ELEMENTAL ZINC 20MG); MAGNESIUM STEARATE; STARCH, COLLOIDAL SILICON DIOXIDE; MICROCRYSTALLINE CELLULOSE	A11-0048	Drugs	Nigerian Products	10*10TABLETS	OTC	12/13/2022	ALBEN HEALTH CARE INDUSTRIES LTD., ONITSHA AWKA ROAD, OGIDI ANAMBRA	8033332325	albenng@rocketmail.com	Alben Healthcare Industries Limited, KM 15 Old Onitsha Awka Road ,Ogidi, Anambra State, Nigeria., Nigeria",10 x 10&#039;s (in plastic container),"Each uncoated tablet contains: Zinc Sulphate BP 50 mg
Excipients: Magnesium Stearate, Starch, Colloidal Silicon Dioxide, Microcrystalline Cellulose, Sodium Propyl Paraben, Ethylcellulose, Aspartame, Orange Flavor, Aerosil",https://admin.greenbook.nafdac.gov.ng/uploadImage/smpc_files/2023/09/20/20230920856b1022-37f6-5d75-b26e-b115ac6c11da.pdf,A12CB01,https://greenbook.nafdac.gov.ng/products/details/4674,2026-09-27T21:22:20.085187+00:00
Greenbook NAFDAC,223,7811,Alben-G Suspension**,1,Drugs,"{'id': 1, 'name': 'Drugs', 'created_at': '-000001-11-30T00:00:00.000000Z', 'updated_at': '2022-03-17T16:53:12.000000Z', 'deleted_at': None}",570,Albendazole,,C4-0978,102,Suspension,1,Oral,200 mg/5 mL,179,Geneith Pharmaceuticals Limited,2021-06-24,2026-06-23,Inactive,Oral Suspension,10 mL (in amber coloured PET bottle),Each 5 mL contains:  Albendazole USP 200 mg,https://admin.greenbook.nafdac.gov.ng/uploadImage/smpc_files/2024/09/19/202409194edee085-0879-572e-82bb-83910e97140d.pdf,,https://greenbook.nafdac.gov.ng/products/details/7811,2026-09-27T21:22:20.085187+00:00
Greenbook NAFDAC,224,3003,Alben-G Tablets**,1,Drugs,"{'id': 1, 'name': 'Drugs', 'created_at': '-000001-11-30T00:00:00.000000Z', 'updated_at': '2022-03-17T16:53:12.000000Z', 'deleted_at': None}",570,Albendazole,,A4-4437,1,Tablet,1,Oral,200 mg,179,Geneith Pharmaceuticals Limited,2021-03-01,2026-02-28,Inactive,Tablet,1 x 2&#039;s (in blister pack),"Each tablet contains: Albendazole 200 mg, Excipients q.s.",,P02CA03,https://greenbook.nafdac.gov.ng/products/details/3003,2026-09-27T21:22:20.085187+00:00
Greenbook NAFDAC,225,3004,Albendazole 200 mg Tablet_,1,Drugs,"{'id': 1, 'name': 'Drugs', 'created_at': '-000001-11-30T00:00:00.000000Z', 'updated_at': '2022-03-17T16:53:12.000000Z', 'deleted_at': None}",570,Albendazole,,A11-100336,1,Tablet,1,Oral,200 mg,27,Fidson Healthcare PLC,2021-12-16,2026-12-15,Active,Tablet,1 x 2&#039;s (in PVC-Alu blister),Each tablet contains: Albendazole 200 mg,https://admin.greenbook.nafdac.gov.ng/uploadImage/smpc_files/2025/01/14/2025011462dacac4-1384-589c-b726-11d772867837.pdf,P02CA03,https://greenbook.nafdac.gov.ng/products/details/3004,2026-09-27T21:22:20.085187+00:00
Greenbook NAFDAC,226,19,Albendazole 200##,1,Drugs,"{'id': 1, 'name': 'Drugs', 'created_at': '-000001-11-30T00:00:00.000000Z', 'updated_at': '2022-03-17T16:53:12.000000Z', 'deleted_at': None}",570,Albendazole,,A11-100325,102,Suspension,1,Oral,200 mg/5 mL,27,Fidson Healthcare PLC,2021-12-02,2026-12-01,Active,Suspension,1 x 200 mL (in amber bottle),Each 5 mL contains: Albendazole 200 mg,https://admin.greenbook.nafdac.gov.ng/uploadImage/smpc_files/2025/01/14/202501145873db7c-2fcf-518b-831b-3cab2c4ceae3.pdf,P02CA03,https://greenbook.nafdac.gov.ng/products/details/19,2026-09-27T21:22:20.085187+00:00
Greenbook NAFDAC,227,3005,Albendazole 400 mg Tablet##,1,Drugs,"{'id': 1, 'name': 'Drugs', 'created_at': '-000001-11-30T00:00:00.000000Z', 'updated_at': '2022-03-17T16:53:12.000000Z', 'deleted_at': None}",570,Albendazole,,A11-100337,1,Tablet,1,Oral,400 mg,27,Fidson Healthcare PLC,2021-12-16,2026-12-15,Active,Tablet,1 x 1 (in PVC-Alu blister),Each tablet contains: Albendazole 400 mg,https://admin.greenbook.nafdac.gov.ng/uploadImage/smpc_files/2025/01/14/202501143d917525-2de9-5cd1-b915-f5fced927668.pdf,P02CA03,https://greenbook.nafdac.gov.ng/products/details/3005,2026-09-27T21:22:20.085187+00:00
Greenbook NAFDAC,228,4705,Albequine Tablet**,1,Drugs,"{'id': 1, 'name': 'Drugs', 'created_at': '-000001-11-30T00:00:00.000000Z', 'updated_at': '2022-03-17T16:53:12.000000Z', 'deleted_at': None}",1572,Chloroquine (Chloroquine Phosphate),,B4-0086,1,Tablet,1,Oral,250 mg,527,Alben Health Care Industries Ltd,2023-02-23,2028-02-22,Active,"Tablet
White round tablet embossed with &quot;ALBEN&quot; and &quot;ALBEQUINE 250&quot; on either sides",1 x 10&#039;s (in blister),"Each tablet contains: Chloroquine Phosphate 250 mg equiv. to Chloroquine base 155 mg

Excipients: Starch, Dicalcium, Magnesium Stearate, Aerosil, Gelatin, Sodium Propyl Paraben",https://admin.greenbook.nafdac.gov.ng/uploadImage/smpc_files/2025/01/23/20250123b611fba9-436b-5855-8bf7-e0f2b856fb34.pdf,P01BA01,https://greenbook.nafdac.gov.ng/products/details/4705,2026-09-27T21:22:20.085187+00:00
Greenbook NAFDAC,229,1698,Alberol Tablets##,1,Drugs,"{'id': 1, 'name': 'Drugs', 'created_at': '-000001-11-30T00:00:00.000000Z', 'updated_at': '2022-03-17T16:53:12.000000Z', 'deleted_at': None}",570,Albendazole,,B4-5078,1,Tablet,1,Oral,400 mg,374,Aquatix Pharmaceuticals Limited,2021-05-07,2026-05-06,Inactive,"Tablet
Almost white colored capsule shaped biconvex uncoated tablets, plain on one side and embossed &quot;ALBEROL&quot; on other side",1 x 1&#039;s (in blister),"Each tablet contains: Albendazole USP 400 mg
Excipients q.s.
Color: Permitted color",https://admin.greenbook.nafdac.gov.ng/uploadImage/smpc_files/2023/05/27/202305275b5ebf07-7ee2-5d2a-93bc-3ef04d145c31.pdf,P02CA03,https://greenbook.nafdac.gov.ng/products/details/1698,2026-09-27T21:22:20.085187+00:00
Greenbook NAFDAC,230,5593,Albeta-N Cream##,1,Drugs,"{'id': 1, 'name': 'Drugs', 'created_at': '-000001-11-30T00:00:00.000000Z', 'updated_at': '2022-03-17T16:53:12.000000Z', 'deleted_at': None}",1106,Betamethasone; Clotrimazole; Neomycin sulfate,,B4-2875,4,Cream,21,Topical,0.05%; 1%; 0.5%,680,Jamin International Co. Nig. Ltd,2023-04-26,2028-04-25,Active,"Cream
White colored homogeneous cream

ALBETA N CREAM	CLOTRIMAZOLE USP 1% W/W, BETAMETHASONE DIPROPIONATE	1. Clotrimazole USP Active 1.0 % 7.500 mg 2. Betamethasone Dipropionate eq. to Betamethasone USP Active 0.05 % 0.482 mg 3. Neomycin Sulphate USP Active 0.5 % 4.050 mg 4. Chlorocresol USNF Preservative 0.1 % 0.750 mg 5. Cetostearyl Alcohol BP Emulsion Stabilizer --- 45.00 mg 6. Cetomacragol 1000 BP Emulsifier --- 13.50 mg 7. Light Liquid Paraffin BP Soothing Agent --- 30.00 mg 8. White Soft Paraffin BP Soothing Agent --- 75.00 mg 9. B.H.T. BP Antioxidant --- 0.147 mg 10. Sodium Dihy	B4-2875	Drugs	Imported Products	30G	Prescription Only Medicine (POM)	23/01/2023	JAMIN INTERNATIONAL CO. NIG. LTD, IHIALA STREET ODEKPE ONITSHA ANAMBRA	8077261675	jaminpharma@yahoo.com	MAXHEAL PHARMACEUTICALS (INDIA) LIMITED, J-7, MIDC, TARAPUR INDUSTRIAL AREA, BOISAR, PALGHAR 401506, MAHARASHTRA STATE, INDIA, India",1 x 30 g (in Lami tube),"Each gram contains: Clotrimazole USP 1.00 % w/w, Betamethasone Dipropionate (Equivalent to Betamethasone USP) 0.05 % w/w, Neomycin Sulphate USP 0.50 % w/w
Preservative: Chlorocresol USNF 0.10 % w/w
Excipients: Chlorocresol, Cetostearyl Alcohol, Cetomacragol 1000, Light Liquid Paraffin, White Soft Paraffin, B.H.T., Sodium Dihydrogen Phosphate, Propylene Glycol, Disodium EDTA, Purified Water",https://admin.greenbook.nafdac.gov.ng/uploadImage/smpc_files/2023/09/26/20230926b67a4322-b33a-5950-908b-08642921dcfd.pdf,D07CC01,https://greenbook.nafdac.gov.ng/products/details/5593,2026-09-27T21:22:20.085187+00:00
Greenbook NAFDAC,231,4680,Albetan 1.5 mg Tablet##,1,Drugs,"{'id': 1, 'name': 'Drugs', 'created_at': '-000001-11-30T00:00:00.000000Z', 'updated_at': '2022-03-17T16:53:12.000000Z', 'deleted_at': None}",3,Bromazepam,,B4-0082,1,Tablet,1,Oral,1.5 mg,527,Alben Health Care Industries Ltd,2023-07-06,2028-07-05,Active,"White round tablet embossed with “ALBEN” and “1.5” on either side

49	RNW-PP-230066	ALBETAN 1.5MG TABLET	BROMAZEPAM 1.5MG	BROMAZEPAM 1.5MG; LACTOSE; ETHANOL; STARCH; POVIDONE; SODIUM PROPYL PARABEN; TALC; MAGNESIUM STEARATE.	B4-0082	Drugs	NERVOUS SYSTEM	Nigerian Products	3*10	POM 1	12/9/2022	ALBEN HEALTH CARE INDUSTRIES LTD., ONITSHA AWKA ROAD, OGIDI ANAMBRA	8033332325	albenng@rocketmail.com	Alben Healthcare Industries Limited, KM 15 Old Onitsha Awka Road ,Ogidi, Anambra State, Nigeria., Nigeria",3 x 10&#039;s (in blisters),"Each tablet contains: Bromazepam BP 1.5 mg
Excipients: Lactose, Starch, Povidone, Sodium propyl paraben, Talc, Magnesium stearate, Ethanol",https://admin.greenbook.nafdac.gov.ng/uploadImage/smpc_files/2023/09/18/202309183ad39c7a-d84a-5d49-bbd6-0b231c94576f.pdf,N05BA08,https://greenbook.nafdac.gov.ng/products/details/4680,2026-09-27T21:22:20.085187+00:00
Greenbook NAFDAC,232,4677,Albetan 3 mg Tablet##,1,Drugs,"{'id': 1, 'name': 'Drugs', 'created_at': '-000001-11-30T00:00:00.000000Z', 'updated_at': '2022-03-17T16:53:12.000000Z', 'deleted_at': None}",3,Bromazepam,,B4-0083,1,Tablet,1,Oral,3 mg,527,Alben Health Care Industries Ltd,2023-05-25,2028-05-24,Active,"Pink round tablet embossed with &quot;ALBEN&quot; and &quot;3&quot; on either side

12	RNW-PP-230081	ALBETAN 3MG TABLET	BROMAZEPAM 3MG	BROMAZEPAM 3MG; LACTOSE; ETHANOL; STARCH; POVIDONE; SODIUM PROPYL PARABEN; TALC; MAGNESIUM STEARATE.	B4-0083	Drugs	Nigerian Products	3*10TABLETS	POM 1	12/9/2022	ALBEN HEALTH CARE INDUSTRIES LTD., ONITSHA AWKA ROAD, OGIDI ANAMBRA	8033332325	albenng@rocketmail.com	Alben Healthcare Industries Limited, KM 15 Old Onitsha Awka Road ,Ogidi, Anambra State, Nigeria., Nigeria",3 x 10&#039;s (in blisters),"Each tablet contains: Bromazepam BP 3 mg
Excipients: Lactose, Ethanol, Starch, Povidone, Sodium Propyl Paraben, Talc, Magnesium Stearate",https://admin.greenbook.nafdac.gov.ng/uploadImage/smpc_files/2023/09/20/202309208ddf7971-3538-56ce-8e34-2790518dca51.pdf,N05BA08,https://greenbook.nafdac.gov.ng/products/details/4677,2026-09-27T21:22:20.085187+00:00
Greenbook NAFDAC,233,12472,ALBETRIN TABLET $,1,Drugs,"{'id': 1, 'name': 'Drugs', 'created_at': '-000001-11-30T00:00:00.000000Z', 'updated_at': '2022-03-17T16:53:12.000000Z', 'deleted_at': None}",488,Sulfamethoxazole; Trimethoprim,Co-trimoxazole; Cotrimoxazole,A11-0966,1,Tablet,1,Oral,400mg; 80mg,527,Alben Health Care Industries Ltd,2026-03-31,2031-03-30,Active,"ALBETRIN TABLET	COTRIMOXAZOLE TABLET 480MG	SULFAMETHOXAZOLE B.P400MG+ TRIMETHOPRIM B.P 80MG	A11-0966	Drugs	Nigerian Products	10 x 10 Tablets	05-09-2025	ALBEN HEALTH CARE INDUSTRIES LTD., ONITSHA AWKA ROAD, OGIDI ANAMBRA	08033332325	albenng@rocketmail.com	Alben Healthcare Industries Limited,  km 15, Old Onitsha-Awka Road, Ogidi, Anambra State
",10 x 10 Tablets,"Each tablet contains: Sulfamethoxazole 400 mg, Trimethoprim 80 mg
Excipients qs  

",https://admin.greenbook.nafdac.gov.ng/uploadImage/smpc_files/2026/07/04/20260704e8284a35-002a-54d9-8d7c-0b443c89d4a2.pdf,J01EE01 ,https://greenbook.nafdac.gov.ng/products/details/12472,2026-09-27T21:22:20.085187+00:00
Greenbook NAFDAC,234,6490,Albevite Tablet_,1,Drugs,"{'id': 1, 'name': 'Drugs', 'created_at': '-000001-11-30T00:00:00.000000Z', 'updated_at': '2022-03-17T16:53:12.000000Z', 'deleted_at': None}",1925,Vitamins,Multivitamin,A11-100606,1,Tablet,1,Oral,see Composition,527,Alben Health Care Industries Ltd,2023-11-30,2028-11-29,Active,Brown-colored film-coated tablet.,1 x 1000&#039;s (in tins),"Each tablet contains: Vitamin A Palmitate 2500 IU, Vitamin D2 (Ergocalciferol) 250 IU, Thiamine HCl (Vitamin B1) 600 mcg, and Vitamin C (Ascorbic Acid) 1300 mcg",https://admin.greenbook.nafdac.gov.ng/uploadImage/smpc_files/2023/12/14/202312144504b8d8-a949-5676-8eba-ab11f3c1c4f9.pdf,A11BA,https://greenbook.nafdac.gov.ng/products/details/6490,2026-09-27T21:22:20.085187+00:00
Greenbook NAFDAC,235,12314,Alciart Injection**,1,Drugs,"{'id': 1, 'name': 'Drugs', 'created_at': '-000001-11-30T00:00:00.000000Z', 'updated_at': '2022-03-17T16:53:12.000000Z', 'deleted_at': None}",541,Artesunate,,C4-0234,70,Powder for injection,29,Intravenous; Intramuscular,60 mg,451,Dony-Triumph and Company Nigeria Limited,2025-11-26,2030-11-25,Active,Powder for solution for injection in vial + solvents in ampoules (1 mL Sodium Bicarbonate BP 5% w/v + 5 mL Sodium Chloride BP 0.9% w/v),1 x 1&#039;s (in vial) + Solvents (in ampoules),"Artesunate Injection 60 mg
Each vial contains: Artesunate powder 60 mg
Each 1-mL ampoule of solvent contains: Sodium Bicarbonate BP 5% w/v
Each 5-mL ampoule of diluent contains: Sodium Chloride 0.9% w/v",https://admin.greenbook.nafdac.gov.ng/uploadImage/smpc_files/2025/12/31/2025123141de0683-c554-50b8-b971-49b6dbd7ee91.pdf,P01BE03,https://greenbook.nafdac.gov.ng/products/details/12314,2026-09-27T21:22:20.085187+00:00
Greenbook NAFDAC,236,3392,Aldipin Capsules##,1,Drugs,"{'id': 1, 'name': 'Drugs', 'created_at': '-000001-11-30T00:00:00.000000Z', 'updated_at': '2022-03-17T16:53:12.000000Z', 'deleted_at': None}",84,Ketoprofen,,B4-3734,2,Capsule,1,Oral,200 mg,291,SKG - Pharma Ltd,2021-10-28,2026-10-27,Active,Capsule,,Each capsule contains: Ketoprofen BP 200 mg,,M01AE03,https://greenbook.nafdac.gov.ng/products/details/3392,2026-09-27T21:22:20.085187+00:00
Greenbook NAFDAC,237,4681,Aldomet 250 mg Tablets**,1,Drugs,"{'id': 1, 'name': 'Drugs', 'created_at': '-000001-11-30T00:00:00.000000Z', 'updated_at': '2022-03-17T16:53:12.000000Z', 'deleted_at': None}",248,Methyldopa,,A4-5443,1,Tablet,1,Oral,250 mg,129,Aspen Pharmacare Nigeria Limited,2023-07-27,2028-07-26,Active,"Film-coated Tablet.
Aldomet 250 mg tablets are round, biconvex, yellow film coated tablets marked with &quot;ALDOMET&quot; on one side and &quot;250&quot; on the other side",6 x 10&#039;s (in Alu/PVC blisters),Each tablet contains 250 mg Methyldopa,https://admin.greenbook.nafdac.gov.ng/uploadImage/smpc_files/2023/08/22/20230822adfcf166-4a45-54da-abd2-58924e2ceac6.pdf,C02AB02,https://greenbook.nafdac.gov.ng/products/details/4681,2026-09-27T21:22:20.085187+00:00
Greenbook NAFDAC,238,4682,Aldox 100 mg Capsule##,1,Drugs,"{'id': 1, 'name': 'Drugs', 'created_at': '-000001-11-30T00:00:00.000000Z', 'updated_at': '2022-03-17T16:53:12.000000Z', 'deleted_at': None}",470,Doxycycline (Doxycycline Hyclate),,B4-5289,2,Capsule,1,Oral,100 mg,527,Alben Health Care Industries Ltd,2023-07-06,2028-07-05,Active,"Capsule

51	RNW-PP-227497	ALDOX 100MG CAPSULE	DOXYCYCLINE(AS DOXYCYCLINE HYCLATE)	100mg doxycycline base as doxycycline hyclate; Talc, starch.	B4-5289	Drugs	ANTIINFECTIVES FOR SYSTEMIC USE	Nigerian Products	10 x 10	POM 1	12/9/2022	ALBEN HEALTH CARE INDUSTRIES LTD., ONITSHA AWKA ROAD, OGIDI ANAMBRA	8033332325	albenng@rocketmail.com	Alben Healthcare Industries Limited, KM 15 Old Onitsha Awka Road ,Ogidi, Anambra State, Nigeria., Nigeria",10 x 10&#039;s,Each capsule contains: Doxycycline(as Doxycycline Hyclate) 100 mg,https://admin.greenbook.nafdac.gov.ng/uploadImage/smpc_files/2025/01/23/20250123e2f66abd-1a13-5ff1-b499-889bda66c870.pdf,J01AA02,https://greenbook.nafdac.gov.ng/products/details/4682,2026-09-27T21:22:20.085187+00:00
Greenbook NAFDAC,239,12453,ALDOXI TABLET $,1,Drugs,"{'id': 1, 'name': 'Drugs', 'created_at': '-000001-11-30T00:00:00.000000Z', 'updated_at': '2022-03-17T16:53:12.000000Z', 'deleted_at': None}",248,Methyldopa,,04-1344,1,Tablet,1,Oral,250mg,729,Sam Pharmaceutical Limited,2026-05-26,2031-05-25,Active,"ALDOXI TABLET 	METHYLDOPA	METHYLDOPA 250MG	04-1344	Drugs	Nigerian Products	10X10	16-04-2026	SAM PHARMACEUTICALS LIMITED, OYADIRAN ESTATE, SABO YABA SABO YABA LAGOS	08099007007	sampharm18@yahoo.com	SAM PHARMACEUTICAL LIMITED., 2, Western Reservior Road, Ilorin, Kwara State, Nigeria.
",10X10,"Each tablet contains: L-Methyldopa 250 mg
Excipients q.s.",https://admin.greenbook.nafdac.gov.ng/uploadImage/smpc_files/2026/07/13/202607131bf7c117-b7fa-5a39-99d5-38f74f5cc9e9.pdf,C02AB01,https://greenbook.nafdac.gov.ng/products/details/12453,2026-09-27T21:22:20.085187+00:00
Greenbook NAFDAC,240,7812,Alefer QS Tablets**,1,Drugs,"{'id': 1, 'name': 'Drugs', 'created_at': '-000001-11-30T00:00:00.000000Z', 'updated_at': '2022-03-17T16:53:12.000000Z', 'deleted_at': None}",528,Artemether; Lumefantrine,,B4-4604,1,Tablet,1,Oral,80 mg; 480 mg,523,Almond Ethicals Ltd,2021-06-24,2026-06-23,Inactive,Tablet,1 x 6&#039;s (in PVC/PE/PVDC/aluminium blister),"Each tablet contains: Artemether 80 mg, Lumefantrine 480 mg, Excipients q.s.",https://admin.greenbook.nafdac.gov.ng/uploadImage/smpc_files/2024/09/17/20240917e78787e5-c529-53bc-b4dc-8cafe27b4f10.pdf,,https://greenbook.nafdac.gov.ng/products/details/7812,2026-09-27T21:22:20.085187+00:00
Greenbook NAFDAC,241,3204,Alendomax 70 Caplets_,1,Drugs,"{'id': 1, 'name': 'Drugs', 'created_at': '-000001-11-30T00:00:00.000000Z', 'updated_at': '2022-03-17T16:53:12.000000Z', 'deleted_at': None}",113,Alendronic acid,Alendronate sodium,04-8909,108,Caplet,1,Oral,70 mg,82,Afrab-Chem Limited,2020-11-30,2025-11-29,Inactive,Caplet for oral use.,1 x 4&#039;s,Each caplet contains: Alendronic acid 70 mg,,M05BA04,https://greenbook.nafdac.gov.ng/products/details/3204,2026-09-27T21:22:20.085187+00:00
Greenbook NAFDAC,242,4699,Alfadox Tablets##,1,Drugs,"{'id': 1, 'name': 'Drugs', 'created_at': '-000001-11-30T00:00:00.000000Z', 'updated_at': '2022-03-17T16:53:12.000000Z', 'deleted_at': None}",547,Sulfadoxine; Pyrimethamine,,A11-100521,1,Tablet,1,Oral,500 mg; 25 mg,82,Afrab-Chem Limited,2023-07-06,2028-07-05,Active,"A white round tablet with &quot;AFRAB&quot; inscribed on one side and a broken line on the other side

43	NF-PP-68947	ALFADOX TABLETS	ALFADOX TABLETS	SULFADOXINE:500MG,PYRIMETHAMINE:25MG,POVIDON PVP K-30:10MG,PREGEL STARCH:48MG,AEROSIL:12MG,SODIUM STARCH GLYCOLATE:8MG,TALCUM POWDER:18MG,MAGNESIUM STEARATE:3MG,SODIUM LAURYL SULPHATE:0.6MG		Drugs	VARIOUS	Nigerian Products	1*3	Over The Counter (OTC)	7/11/2019	AFRAB-CHEM LIMITED, 22, ABIMBOLA STREET, ISOLO	12700057	oyeyemiat2005@yahoo.com	AFRAB CHEM LIMITED, 22, ABIMBOLA STREET, ISOLO INDUSTRIAL ESTATE, ISOLO-LAGOS, Nigeria",1 x 3&#039;s (in PVC-Alu blisters),"Each tablet contains: Sulphadoxine 500 mg and Pyrimethamine 25 mg
Excipients: Povidon (PVP) K-30, Pregel Starch, Aerosil, Sodium, Starch, Glycollate, Talcum Powder, Magnesium Stearate, Sodium Lauryl Sulphate",https://admin.greenbook.nafdac.gov.ng/uploadImage/smpc_files/2024/12/25/202412253130ccbe-f9ad-589b-91a5-921c979efdc1.pdf,P01BD51,https://greenbook.nafdac.gov.ng/products/details/4699,2026-09-27T21:22:20.085187+00:00
Greenbook NAFDAC,243,5505,Alfalex Capsules_,1,Drugs,"{'id': 1, 'name': 'Drugs', 'created_at': '-000001-11-30T00:00:00.000000Z', 'updated_at': '2022-03-17T16:53:12.000000Z', 'deleted_at': None}",73,Celecoxib,,A11-100492,2,Capsule,1,Oral,200 mg,82,Afrab-Chem Limited,2023-04-26,2028-04-25,Active,Blue cap with white body capsules containing white-to-off-white powder,1 x 10&#039;s (in PVC-Alu blisters),Each capsule contains: Celecoxib 200 mg,https://admin.greenbook.nafdac.gov.ng/uploadImage/smpc_files/2023/09/25/2023092530998b14-5717-5847-a172-5c4fe0b5a68a.pdf,M01AH01,https://greenbook.nafdac.gov.ng/products/details/5505,2026-09-27T21:22:20.085187+00:00
Greenbook NAFDAC,244,6484,Alfaxone Injection**,1,Drugs,"{'id': 1, 'name': 'Drugs', 'created_at': '-000001-11-30T00:00:00.000000Z', 'updated_at': '2022-03-17T16:53:12.000000Z', 'deleted_at': None}",1541,Ceftriaxone (Ceftriaxone Sodium),,B4-0662,70,Powder for injection,12,Intravenous,1 g,23,Alpha Pharmacy and Stores (Nig) Ltd,2023-11-30,2028-11-29,Active,Powder and Solvent for Solution for Injection,1 g x 1&#039;s (in vial) + 10 mL SWFI (in ampoule),"Ceftriaxone for Injection USP 1 g.
Each vial contains: Ceftriaxone Sodium USP (Sterile) equivalent to Ceftriaxone 1000 mg",https://admin.greenbook.nafdac.gov.ng/uploadImage/smpc_files/2023/12/17/2023121719d31425-f17f-56c6-b126-f1fe998a4e67.pdf,J01DD04,https://greenbook.nafdac.gov.ng/products/details/6484,2026-09-27T21:22:20.085187+00:00
Greenbook NAFDAC,245,4683,Alfemol Capsules##,1,Drugs,"{'id': 1, 'name': 'Drugs', 'created_at': '-000001-11-30T00:00:00.000000Z', 'updated_at': '2022-03-17T16:53:12.000000Z', 'deleted_at': None}",1549,Diclofenac Sodium; Paracetamol,,B4-5531,2,Capsule,1,Oral,50 mg; 325 mg,527,Alben Health Care Industries Ltd,2023-07-06,2028-07-05,Active,"Capsule
														
50	RNW-PP-227950	ALFEMOL CAPSULES	PARACETAMOL 325MG; DICLOFENAC SODIUM 50MG.	Paracetamol 325mg; Diclofenac sodium 50mg; Talc; Starch; Magnesium stearate.	B4-5531	Drugs	NERVOUS SYSTEM	Nigerian Products	1*10	POM 1	12/9/2022	ALBEN HEALTH CARE INDUSTRIES LTD., ONITSHA AWKA ROAD, OGIDI ANAMBRA	8033332325	albenng@rocketmail.com	Alben Healthcare Industries Limited, KM 15 Old Onitsha Awka Road ,Ogidi, Anambra State, Nigeria., Nigeria",1 x 10&#039;s,"Each capsule contains: Paracetamol 325 mg, Diclofenac sodium 50 mg
Excipients: Talc, Starch, Magnesium Stearate",https://admin.greenbook.nafdac.gov.ng/uploadImage/smpc_files/2025/01/23/20250123b5318566-1b6c-5d69-8933-27e066c9a88c.pdf,M01AB05,https://greenbook.nafdac.gov.ng/products/details/4683,2026-09-27T21:22:20.085187+00:00
Greenbook NAFDAC,246,4407,Alfen Capsules##,1,Drugs,"{'id': 1, 'name': 'Drugs', 'created_at': '-000001-11-30T00:00:00.000000Z', 'updated_at': '2022-03-17T16:53:12.000000Z', 'deleted_at': None}",1012,Ibuprofen; Paracetamol; Caffeine,,B4-5530,1,Tablet,1,Oral,200 mg; 325 mg; 30 mg,527,Alben Health Care Industries Ltd,2023-02-23,2028-02-22,Active,"Tablet

ALFEN CAPSULES	B4-5530	ALFEN CAPSULES	Paracetamol 325mg; Ibuprofen 200mg; Caffeine 30mg; Talc; Starch; Magnesium stearate.		Drugs	NERVOUS SYSTEM		Drugs		ALBEN HEALTH CARE INDUSTRIES LTD., ONITSHA AWKA ROAD, OGIDI ANAMBRA	8033332325	Alben Healthcare Industries Limited, KM 15 Old Onitsha Awka Road ,Ogidi, Anambra State, Nigeria., Nigeria		2/23/2023	2/22/2028",,"Each tablet contains: Paracetamol 325 mg, Ibuprofen 200 mg, Caffeine 30 mg
Excipients: Talc, Starch, Magnesium Stearate",https://admin.greenbook.nafdac.gov.ng/uploadImage/smpc_files/2025/01/23/20250123bba5bc9f-99d0-58b6-a072-e31d9258d6a5.pdf,M01AE51,https://greenbook.nafdac.gov.ng/products/details/4407,2026-09-27T21:22:20.085187+00:00
Greenbook NAFDAC,247,2607,Algic Tablets##,1,Drugs,"{'id': 1, 'name': 'Drugs', 'created_at': '-000001-11-30T00:00:00.000000Z', 'updated_at': '2022-03-17T16:53:12.000000Z', 'deleted_at': None}",74,Aceclofenac,,B4-0160,1,Tablet,1,Oral,100 mg,271,Phillips Pharmaceuticals (Nigeria) Limited,2020-12-21,2025-12-20,Inactive,"Tablet
White colored biconvex, smooth film coated tablets",1 x 30&#039;s,"Each tablet contains: Aceclofenac BP 100 mg
Excipients q.s.
Color: Titanium Dioxide
",https://admin.greenbook.nafdac.gov.ng/uploadImage/smpc_files/2025/01/04/202501041ad987be-51a7-5ec3-b541-57e602e8f1ea.pdf,M01AB16,https://greenbook.nafdac.gov.ng/products/details/2607,2026-09-27T21:22:20.085187+00:00
Greenbook NAFDAC,248,6489,Algimet Suspension_,1,Drugs,"{'id': 1, 'name': 'Drugs', 'created_at': '-000001-11-30T00:00:00.000000Z', 'updated_at': '2022-03-17T16:53:12.000000Z', 'deleted_at': None}",157,Aluminium hydroxide; Magnesium hydroxide; Liquorice; Simeticone,,A4-100611,102,Suspension,1,Oral,6 mg/5 mL; 80 mg/5 mL; 400 mg/5 mL; 100 mg/5 mL,723,SJS Life Sciences Limited,2023-11-30,2028-11-29,Active,"Liquid Dosage Form.
White-colored, flavored suspension filled in transparent PET bottle duly sealed with a white-colored plastic cap",1 x 200 mL (in PET bottle),"Each 5 mL contains: Aluminum Hydroxide Gel BP 6 g, Magnesium Hydroxide BP 80 mg, Activated Dimethicone BP 100 mg, and Deglycyrrhizinated Liquorice equiv. to Liquorice BP 400 mg",https://admin.greenbook.nafdac.gov.ng/uploadImage/smpc_files/2023/12/17/202312179ff89468-bf81-5a68-9153-36747a07c6c8.pdf,A02AF02,https://greenbook.nafdac.gov.ng/products/details/6489,2026-09-27T21:22:20.085187+00:00
Greenbook NAFDAC,249,9802,Alieve 200 mg Tablets_,1,Drugs,"{'id': 1, 'name': 'Drugs', 'created_at': '-000001-11-30T00:00:00.000000Z', 'updated_at': '2022-03-17T16:53:12.000000Z', 'deleted_at': None}",57,Ibuprofen,,A11-100812,1,Tablet,1,Oral,200 mg,1232,CHI Pharmaceutical Limited,2025-02-28,2030-02-27,Active,"Tablet.
Pink-colored, circular-shaped, sugar-coated tablets, plain on both sides","1 x 10&#039;s (in blisters), 1 x 1000&#039;s (in HDPE jar)","Each coated tablet contains: Ibuprofen 200 mg
Excipients q.s.",https://admin.greenbook.nafdac.gov.ng/uploadImage/smpc_files/2025/05/20/2025052009e3e192-8f75-5f95-af1f-f82b2295abcd.pdf,M01AE01,https://greenbook.nafdac.gov.ng/products/details/9802,2026-09-27T21:22:20.085187+00:00
Greenbook NAFDAC,250,9803,Alieve 400 mg Tablets_,1,Drugs,"{'id': 1, 'name': 'Drugs', 'created_at': '-000001-11-30T00:00:00.000000Z', 'updated_at': '2022-03-17T16:53:12.000000Z', 'deleted_at': None}",57,Ibuprofen,,A11-100811,1,Tablet,1,Oral,400 mg,1232,CHI Pharmaceutical Limited,2025-02-28,2030-02-27,Active,"Orange-colored, caplet-shaped, sugar-coated tablets with both sides plain","1 x 10&#039;s (in blisters), 1 x 1000&#039;s (in HDPE jar)","Each coated tablet contains: Ibuprofen 400 mg
Excipients q.s.",https://admin.greenbook.nafdac.gov.ng/uploadImage/smpc_files/2025/05/20/2025052053607cb5-ffca-5fcb-ae06-6fc3dc2ed318.pdf,M01AE01,https://greenbook.nafdac.gov.ng/products/details/9803,2026-09-27T21:22:20.085187+00:00
Greenbook NAFDAC,251,11365,Alieve Suspension 100 mg/5 mL**,1,Drugs,"{'id': 1, 'name': 'Drugs', 'created_at': '-000001-11-30T00:00:00.000000Z', 'updated_at': '2022-03-17T16:53:12.000000Z', 'deleted_at': None}",57,Ibuprofen,,A11-100869,102,Suspension,1,Oral,100 mg/ 5 mL,1232,CHI Pharmaceutical Limited,2025-05-27,2030-05-26,Active,"Oral suspension.
Orange yellow flavored suspension in an amber glass bottle",100 mL (in amber PET bottle),"Each 5 mL contains: Ibuprofen 100 mg, Excipients q.s.",https://admin.greenbook.nafdac.gov.ng/uploadImage/smpc_files/2025/07/03/202507038d599fed-07be-5521-8ca4-10d33e420dd2.pdf,M01AE01,https://greenbook.nafdac.gov.ng/products/details/11365,2026-09-27T21:22:20.085187+00:00
Greenbook NAFDAC,252,6491,Alisar Cream 0.025##,1,Drugs,"{'id': 1, 'name': 'Drugs', 'created_at': '-000001-11-30T00:00:00.000000Z', 'updated_at': '2022-03-17T16:53:12.000000Z', 'deleted_at': None}",889,Tretinoin,,A4-100616,4,Cream,21,Topical,0.025%,1240,VENCHURA PHARMACEUTICALS LIMITED,2023-11-30,2028-11-29,Active,"Cream
A White to off white gelatinous homogenous mass

17	NF-PP-361595	ALISAR CREAM 0.025	TRETINOIN 0.025%w/w	TRETINOIN USP 0.025% w/w, cream base	A4-100616	Drugs	Imported Products	1*30G	Prescription Only Medicine (POM)	9/7/2023	VENCHURA PHARMACEUTICALS LIMITED, MERCY ENELI STREET, SURULERE LAGOS	565677887	churavencent1313@gmail.com	Claroid Pharmaceuticals Private Limited, 217/P, Opp. Gurukul English Medium School, Kamod Pirana Road, Tal. - Daskroi, Dist.- Ahmedabad - 382425 India, India",1 x 30 g (in a tube),"Each gram contains: Tretinoin USP 0.025% w/w, Cream Base q.s.
Excipients: Cetostearyl Alcohol USP, Self-Emulsifying Glyceryl Monostearate BP, Cetomacrogol Emulsifying Wax BP, Silicone Oil IHS, White Soft Paraffin BP, Light Liquid Paraffin BP, Methyl Paraben BP, Propyl Paraben BP, Propylene Glycol BP, Disodium Edetate BP, Sodium Acid Phosphate BP, Sodium Phosphate BP, Purified Water IHS",https://admin.greenbook.nafdac.gov.ng/uploadImage/smpc_files/2023/12/17/20231217cc90d6ad-0e48-535a-abf0-ecd00f6ae129.pdf,D10AD01,https://greenbook.nafdac.gov.ng/products/details/6491,2026-09-27T21:22:20.085187+00:00
Greenbook NAFDAC,253,6493,Alisar Cream 0.05##,1,Drugs,"{'id': 1, 'name': 'Drugs', 'created_at': '-000001-11-30T00:00:00.000000Z', 'updated_at': '2022-03-17T16:53:12.000000Z', 'deleted_at': None}",889,Tretinoin,,A4-100617,4,Cream,21,Topical,0.05%,1240,VENCHURA PHARMACEUTICALS LIMITED,2023-11-30,2028-11-29,Active,"A white to off white gelatinous homogenous mass

16	NF-PP-361593	ALISAR CREAM 0.05	TRETINOIN 0.05%W/W	TRETINOIN USP 0.05% w/w, cream base	A4-100617	Drugs	Imported Products	1*30G	Prescription Only Medicine (POM)	9/7/2023	VENCHURA PHARMACEUTICALS LIMITED, MERCY ENELI STREET, SURULERE LAGOS	565677887	churavencent1313@gmail.com	Claroid Pharmaceuticals Private Limited, 217/P, Opp. Gurukul English Medium School, Kamod Pirana Road, Tal. - Daskroi, Dist.- Ahmedabad - 382425 India, India",1 x 30 g (in a tube),"Each gram contains: Tretinoin USP 0.05 % w/w, Cream Base q.s.
Excipients: Cetostearyl Alcohol USP, Self-Emulsifying Glyceryl Monostearate BP, Cetomacrogol Emulsifying Wax BP, Silicone Oil IHS, White Soft Paraffin BP, Light Liquid Paraffin BP, Methyl Paraben BP, Propyl Paraben BP, Propylene Glycol BP, Disodium Edetate BP, Sodium Acid Phosphate BP, Sodium Phosphate BP, Purified Water IHS
 ",https://admin.greenbook.nafdac.gov.ng/uploadImage/smpc_files/2023/12/17/20231217f035942d-28c0-5aca-ab11-7bf536a5a741.pdf,D10AD01,https://greenbook.nafdac.gov.ng/products/details/6493,2026-09-27T21:22:20.085187+00:00
Greenbook NAFDAC,254,3946,Alkapin Injection##,1,Drugs,"{'id': 1, 'name': 'Drugs', 'created_at': '-000001-11-30T00:00:00.000000Z', 'updated_at': '2022-03-17T16:53:12.000000Z', 'deleted_at': None}",434,Procaine Benzylpenicillin; Benzylpenicillin Sodium,Procaine Penicillin Fortified,04-3721,70,Powder for injection,9,Intramuscular,3 MU; 1 MU (4 MU),1052,Spanpharm Nigeria Limited,2021-12-02,2026-12-01,Active,"Powder for Solution for Injection in a vial
",,"Each vial contains: Procaine Penicillin 3 g (3 MU), Benzylpenicillin Sodium 0.6 g (1 MU)",,J01CE30,https://greenbook.nafdac.gov.ng/products/details/3946,2026-09-27T21:22:20.085187+00:00
Greenbook NAFDAC,255,10596,Alkold Plus_,1,Drugs,"{'id': 1, 'name': 'Drugs', 'created_at': '-000001-11-30T00:00:00.000000Z', 'updated_at': '2022-03-17T16:53:12.000000Z', 'deleted_at': None}",2003,Chlorpheniramine Maleate; Phenylephrine Hydrochloride,,B4-2113,2,Capsule,1,Oral,2.5 mg; 4 mg,360,Ugo Lab Productions (Nig). Ltd,2025-03-27,2030-03-26,Active,Capsule for oral administration,10 x 10&#039;s (in Alu-PVC blisters),"Each capsule contains: Chlorpheniramine Maleate 4.0 mg, and Phenylephrine HCI 2.5 mg",https://admin.greenbook.nafdac.gov.ng/uploadImage/smpc_files/2025/04/26/202504262e45657c-32c3-53a5-b84c-3d9e69d9d741.pdf,R01BA53,https://greenbook.nafdac.gov.ng/products/details/10596,2026-09-27T21:22:20.085187+00:00
Greenbook NAFDAC,256,4684,Alkum Cough Expectorant(non Drowsy)##,1,Drugs,"{'id': 1, 'name': 'Drugs', 'created_at': '-000001-11-30T00:00:00.000000Z', 'updated_at': '2022-03-17T16:53:12.000000Z', 'deleted_at': None}",1047,Ephedrine; Cetirizine (Cetirizine Hydrochloride); Ammonium chloride; Sodium citrate; Menthol,,B4-4057,103,Syrup,1,Oral,2.5 mg/5 mL; 100 mg/5 mL; 40 mg/5 mL; 2 mg/5 mL,527,Alben Health Care Industries Ltd,2023-05-25,2028-05-24,Active,"Syrup

11	RNW-PP-229127	ALKUM COUGH EXPECTORANT(NON DROWSY)	CETIRIZINE HCL 2.5MG; AMMONIUM CHLORIDE 100MG; MENTHOL 2MG; SODIUM CITRATE 40MG/5ML	CETIRIZINE HCL 2.5MG; AMMONIUM CHLORIDE 100MG; MENTHOL 2MG; SODIUM CITRATE 40MG/5ML; PROPYL PARABEN; CITRIC ACID; SORBITOL; GLYCERIN; SUCROSE; CARBOXYMETHYLCELLULOSE SODIUM; METHYL PARABEN; NEELICOL GRASS COLOUR.	B4-4057	Drugs	Nigerian Products	100ML	OTC	12/9/2022	ALBEN HEALTH CARE INDUSTRIES LTD., ONITSHA AWKA ROAD, OGIDI ANAMBRA	8033332325	albenng@rocketmail.com	Alben Healthcare Industries Limited, KM 15 Old Onitsha Awka Road ,Ogidi, Anambra State, Nigeria., Nigera",1 x 100 mL,"Each 5 mL contains: Cetirizine HCl 2.5 mg, Ammonium Chloride 100 mg, Menthol 2 mg, Sodium Citrate 40 mg
Exipients: Propyl Paraben, Citric Acid, Sorbitol, Glycerin, Sucrose, Carboxymethylcellulose Sodium, Methyl Paraben, Neelicol Grass Color",https://admin.greenbook.nafdac.gov.ng/uploadImage/smpc_files/2025/01/23/2025012310b7c176-9101-5e03-90c4-61e3542df1de.pdf,R05CA10,https://greenbook.nafdac.gov.ng/products/details/4684,2026-09-27T21:22:20.085187+00:00
Greenbook NAFDAC,257,7991,Allbio Pentazocine Injection 30 mg/mL**,1,Drugs,"{'id': 1, 'name': 'Drugs', 'created_at': '-000001-11-30T00:00:00.000000Z', 'updated_at': '2022-03-17T16:53:12.000000Z', 'deleted_at': None}",54,Pentazocine (Pentazocine Lactate),,A4-100993,107,Solution for injection,31,Intravenous; Intramuscular; Subcutaneous,30 mg/mL,1014,All Bio Health Care Nigeria Ltd,2024-08-28,2029-08-27,Active,"Solution for injection in 1-mL ampoule.
A colourless solution",1 mL x 10&#039;s (in ampoules),"Pentazocine Injection BP.
Each mL of solution contains: Pentazocine (as Lactate) BP 30 mg, Sodium Chloride BP 2.8 mg, Water for Injections BP q.s.",https://admin.greenbook.nafdac.gov.ng/uploadImage/smpc_files/2024/09/29/2024092961a41760-3331-51aa-81c0-55dfe47f0380.pdf,N02AD01,https://greenbook.nafdac.gov.ng/products/details/7991,2026-09-27T21:22:20.085187+00:00
Greenbook NAFDAC,258,4086,Allerex Eye Drops##,1,Drugs,"{'id': 1, 'name': 'Drugs', 'created_at': '-000001-11-30T00:00:00.000000Z', 'updated_at': '2022-03-17T16:53:12.000000Z', 'deleted_at': None}",768,Antazoline Hydrochloride; Tetryzoline Hydrochloride,,04-3534,104,Solution/Drops,15,Ophthalmic,0.05%; 0.04%,408,Lin-Kabs Pharmaceutical Limited,2021-09-28,2026-09-27,Active,Ophthalmic Solution,1 x 10 mL (in LDPE bottle),"Each mL contains: Antazoline Hydrochloride 0.5 mg, Tetrahydrozoline Hydrochloride 0.4 mg
Excipients q.s.",https://admin.greenbook.nafdac.gov.ng/uploadImage/smpc_files/2023/05/28/2023052872174572-830a-57d6-ae02-b7284691578b.pdf,S01GA52,https://greenbook.nafdac.gov.ng/products/details/4086,2026-09-27T21:22:20.085187+00:00
Greenbook NAFDAC,259,489,Allergin Syrup##,1,Drugs,"{'id': 1, 'name': 'Drugs', 'created_at': '-000001-11-30T00:00:00.000000Z', 'updated_at': '2022-03-17T16:53:12.000000Z', 'deleted_at': None}",413,Chlorphenamine Maleate,Chlorpheniramine Maleate,04-1955,103,Syrup,1,Oral,2 mg/5 mL,82,Afrab-Chem Limited,2021-08-27,2026-08-26,Inactive,Syrup,,Each 5 mL Chlorphenamine Meleate 2 mg,https://admin.greenbook.nafdac.gov.ng/uploadImage/smpc_files/2025/03/26/2025032689383d9f-c063-5063-8f07-6bcab2dce0ac.pdf,R06AB04,https://greenbook.nafdac.gov.ng/products/details/489,2026-09-27T21:22:20.085187+00:00
Greenbook NAFDAC,260,4676,Allopurinol Tablets##,1,Drugs,"{'id': 1, 'name': 'Drugs', 'created_at': '-000001-11-30T00:00:00.000000Z', 'updated_at': '2022-03-17T16:53:12.000000Z', 'deleted_at': None}",102,Allopurinol,,A4-5688,1,Tablet,1,Oral,100 mg,451,Dony-Triumph and Company Nigeria Limited,2023-07-06,2028-07-05,Active,"Tablet

175	RNW-PP-272401	ALLOPURINOL TABLETS	Allupurinol BP 100mg	Allupurinol BP 100mg	832Jun-40	Drugs	Imported Products	10 x10	Prescription Only Medicine (POM)	1/30/2023	Dony Triumph Ltd. 19, Ozubulu Street, Fegge Onitsha, Anambra	8108293328	donytrump15@yahoo.com	Medico remedies Pvt Ltd. Plot No 8&amp;9 Dewam &amp; sms Udyog Nagar, Lokmanya Palghar Thame, India.",10 x 10&#039;s (in blisters),"Each uncoated tablet contains: Allopurinol BP 100 mg
Excipients q.s.",https://admin.greenbook.nafdac.gov.ng/uploadImage/smpc_files/2023/08/23/202308237b705e00-435e-5f05-9d33-acacff6470c9.pdf,M04AA01,https://greenbook.nafdac.gov.ng/products/details/4676,2026-09-27T21:22:20.085187+00:00
Greenbook NAFDAC,261,4084,Alltera 50 Granules##,1,Drugs,"{'id': 1, 'name': 'Drugs', 'created_at': '-000001-11-30T00:00:00.000000Z', 'updated_at': '2022-03-17T16:53:12.000000Z', 'deleted_at': None}",597,Lopinavir; Ritonavir,LPV/r,A4-100094,30,Granules,1,Oral,40 mg; 10 mg,193,Healthline Limited,2021-09-28,2026-09-27,Active,"Granules for Oral Suspension in sachet
",,"Each sachet contains: Lopinavir USP 40 mg, Ritonavir USP 10 mg
This medicine contains mannitol (583 mg) per sachet
",https://admin.greenbook.nafdac.gov.ng/uploadImage/smpc_files/2023/05/27/202305272a65affe-39aa-5a96-b066-2a08247e5d1d.pdf,J05AR10,https://greenbook.nafdac.gov.ng/products/details/4084,2026-09-27T21:22:20.085187+00:00
Greenbook NAFDAC,262,7758,Almamet Tablet**,1,Drugs,"{'id': 1, 'name': 'Drugs', 'created_at': '-000001-11-30T00:00:00.000000Z', 'updated_at': '2022-03-17T16:53:12.000000Z', 'deleted_at': None}",248,Methyldopa,,A11-1235,1,Tablet,1,Oral,250 mg,765,Almay Pharmaceutical Ltd,2021-01-28,2026-01-27,Inactive,,10 x 10&#039;s,,,,https://greenbook.nafdac.gov.ng/products/details/7758,2026-09-27T21:22:20.085187+00:00
Greenbook NAFDAC,263,7759,Almaygyl Tablet**,1,Drugs,"{'id': 1, 'name': 'Drugs', 'created_at': '-000001-11-30T00:00:00.000000Z', 'updated_at': '2022-03-17T16:53:12.000000Z', 'deleted_at': None}",485,Metronidazole,,A11-1234,1,Tablet,1,Oral,400 mg,765,Almay Pharmaceutical Ltd,2021-01-28,2026-01-27,Inactive,,10 x 10&#039;s,,,,https://greenbook.nafdac.gov.ng/products/details/7759,2026-09-27T21:22:20.085187+00:00
Greenbook NAFDAC,264,7760,Almaytrim Tablet**,1,Drugs,"{'id': 1, 'name': 'Drugs', 'created_at': '-000001-11-30T00:00:00.000000Z', 'updated_at': '2022-03-17T16:53:12.000000Z', 'deleted_at': None}",488,Sulfamethoxazole; Trimethoprim,Co-trimoxazole; Cotrimoxazole,A11-1236,1,Tablet,1,Oral,400 mg; 80 mg,765,Almay Pharmaceutical Ltd,2021-01-28,2026-01-27,Inactive,Tablet,10 x 10&#039;s,"Each tablet contains: Sulfamethoxazole BP 400 mg, Trimethoprim BP 80 mg",,,https://greenbook.nafdac.gov.ng/products/details/7760,2026-09-27T21:22:20.085187+00:00
Greenbook NAFDAC,265,4685,Almet Tablet##,1,Drugs,"{'id': 1, 'name': 'Drugs', 'created_at': '-000001-11-30T00:00:00.000000Z', 'updated_at': '2022-03-17T16:53:12.000000Z', 'deleted_at': None}",248,Methyldopa,,B4-2761,1,Tablet,1,Oral,250 mg,554,Reagan Remedies Limited,2023-07-06,2028-07-05,Active,"Round, yellow film coated biconvex tablet

35	RNW-PP-100957	ALMET TABLET	METHYLOPA	methyldopa B.P. 250mg	B4-2761	Drugs	CARDIOVASCULAR SYSTEM	Nigerian Products	10*10PACK	Prescription Only Medicine (POM)	9/28/2019	REAGAN REMEDIES LIMITED, UMARU MUSA YARA&#039;DUA DRIVE, OWERRI OWERRI IMO	8032223520	reganremedies@gmail.com	REAGAN REMEDIES LIMITED, 24 UMARU MUSA YAR&#039;ADUA DRIVE, OWERRI, IMO STATE, NIGERIA., Nigeria",10 x 10&#039;s (in a box),"Each tablet contains: Methyldopa 250 mg
Excipients: Dextrin, Corn Starch, Hydroxypropyl Cellulose, Sodium Bisulfite, Vitamin C, Hydroxypropyl Methyl Cellulose (Hypromellose), Alcohol, Magnesium Stearate, Sodium Starch Glycolate, Film Coating Material",https://admin.greenbook.nafdac.gov.ng/uploadImage/smpc_files/2023/09/18/20230918e482f885-d1f8-56e9-b53a-a45c41492947.pdf,C02AB01,https://greenbook.nafdac.gov.ng/products/details/4685,2026-09-27T21:22:20.085187+00:00
Greenbook NAFDAC,266,7992,Almtra 100 mg Capsules**,1,Drugs,"{'id': 1, 'name': 'Drugs', 'created_at': '-000001-11-30T00:00:00.000000Z', 'updated_at': '2022-03-17T16:53:12.000000Z', 'deleted_at': None}",56,Tramadol Hydrochloride,,A4-100987,2,Capsule,1,Oral,100 mg,1299,Mennel Pharmaceuticals Limited,2024-08-28,2029-08-27,Active,Hard gelatin capsule,10 x 10&#039;s,"Each hard gelatin capsule contains: Tramadol Hydrochloride BP 100 mg.

Excipients:
Cellulose, microcrystalline, silica colloidal anhydrous",https://admin.greenbook.nafdac.gov.ng/uploadImage/smpc_files/2024/09/29/202409294a5c3453-f6b8-5915-a0bd-b0c987611cbb.pdf,N02AX02,https://greenbook.nafdac.gov.ng/products/details/7992,2026-09-27T21:22:20.085187+00:00
Greenbook NAFDAC,267,233,Aloe Digoxin##,1,Drugs,"{'id': 1, 'name': 'Drugs', 'created_at': '-000001-11-30T00:00:00.000000Z', 'updated_at': '2022-03-17T16:53:12.000000Z', 'deleted_at': None}",223,Digoxin,,A4-6176,1,Tablet,1,Oral,0.25 mg,606,Shree Aloe Pharmaceutical Company Limited,2021-10-28,2026-10-27,Active,Tablet,,Each tablet contains: Digoxin 0.25 mg,,C01AA05,https://greenbook.nafdac.gov.ng/products/details/233,2026-09-27T21:22:20.085187+00:00
Greenbook NAFDAC,268,8810,Aloemoral Tablets**,1,Drugs,"{'id': 1, 'name': 'Drugs', 'created_at': '-000001-11-30T00:00:00.000000Z', 'updated_at': '2022-03-17T16:53:12.000000Z', 'deleted_at': None}",127,Trypsin; Chymotrypsin,,A4-0777,1,Tablet,1,Oral,"50,000 units (6:1)",606,Shree Aloe Pharmaceutical Company Limited,2021-09-28,2026-09-27,Active,Enteric-coated tablet for oral use,3 x 10&#039;s (in blisters),"Each enteric-coated tablet contains: Trypsin-Chymotrypsin (6:1 Approx.) equiv. to 50,000 armour units of proteolytic enzyme activity",https://admin.greenbook.nafdac.gov.ng/uploadImage/smpc_files/2025/01/02/202501023c098755-fd95-5fa4-b3bc-4ecd2401ccec.pdf,M09AB52,https://greenbook.nafdac.gov.ng/products/details/8810,2026-09-27T21:22:20.085187+00:00
Greenbook NAFDAC,269,234,Aloteo##,1,Drugs,"{'id': 1, 'name': 'Drugs', 'created_at': '-000001-11-30T00:00:00.000000Z', 'updated_at': '2022-03-17T16:53:12.000000Z', 'deleted_at': None}",1125,Diclofenac Potassium,,A4-8086,1,Tablet,1,Oral,50 mg,606,Shree Aloe Pharmaceutical Company Limited,2021-10-28,2026-10-27,Active,Tablet,,Each tablet contains: Diclofenac Potassium 50 mg,,M01AB05,https://greenbook.nafdac.gov.ng/products/details/234,2026-09-27T21:22:20.085187+00:00
Greenbook NAFDAC,270,4087,Alpadactone Tablet**,1,Drugs,"{'id': 1, 'name': 'Drugs', 'created_at': '-000001-11-30T00:00:00.000000Z', 'updated_at': '2022-03-17T16:53:12.000000Z', 'deleted_at': None}",235,Spironolactone,,04-9923,1,Tablet,1,Oral,25 mg,451,Dony-Triumph and Company Nigeria Limited,2020-12-21,2025-12-20,Inactive,Tablet,,Each tablet contains: Spironolactone 25 mg,,C03DA01,https://greenbook.nafdac.gov.ng/products/details/4087,2026-09-27T21:22:20.085187+00:00
Greenbook NAFDAC,271,11405,Alpadactone Tablets_,1,Drugs,"{'id': 1, 'name': 'Drugs', 'created_at': '-000001-11-30T00:00:00.000000Z', 'updated_at': '2022-03-17T16:53:12.000000Z', 'deleted_at': None}",235,Spironolactone,,A4-1472,1,Tablet,1,Oral,50 mg,451,Dony-Triumph and Company Nigeria Limited,2025-07-30,2030-07-29,Active,Tablet,1 x 10&#039;s (in blisters),"Each film-coated tablet contains: Spironolactone BP 50 mg
Excipients q.s.",https://admin.greenbook.nafdac.gov.ng/uploadImage/smpc_files/2025/08/22/2025082206b73886-87a0-53f0-8d9d-372f24c265fc.pdf,C03DA01,https://greenbook.nafdac.gov.ng/products/details/11405,2026-09-27T21:22:20.085187+00:00
Greenbook NAFDAC,272,4686,Alpaquine Tablets##,1,Drugs,"{'id': 1, 'name': 'Drugs', 'created_at': '-000001-11-30T00:00:00.000000Z', 'updated_at': '2022-03-17T16:53:12.000000Z', 'deleted_at': None}",1613,Quinine Sulfate,,B4-6010,1,Tablet,1,Oral,300 mg,451,Dony-Triumph and Company Nigeria Limited,2023-05-25,2028-05-24,Active,"Tablet

45	RNW-PP-228550	ALPAQUINE TABLETS	QUININE SULPHATE BP 300MG	QUININE SULPATE 300mg Excipients Maize starch Sucrose Povidone Sodium starch glycollate Talc	B4-6010	Drugs	Imported Products	10X10	Prescription Only Medicine (POM)	2/8/2023	DONY-TRIUMPH AND COMPANY NIGERIA LIMITED, OZUBULU ST ONITSHA ANAMBRA	80868969	stephenez@yahoo.com	Alpa Laboratories Limited, 33/2, A.B.Road, Pigdamber, 453-446,Indore (M.P.), India., India","10 x 10&#039;s (in blisters), 1 x 500&#039;s (in jars)","Each sugar coated tablet contains:  Quinine Sulphate BP 300 mg
Excipients; Dicalcium Phosphate BP, Lactose BP, Starch BP, Sodium Starch Glycolate BP, Sodium Lauryl Sulfate BP, Magnesium Stearate BP, Purified Talc BP, Colloidal Silicon Dioxide BP, Kyron BP, Purified Water BP, Croscarmellose Sodium BP",https://admin.greenbook.nafdac.gov.ng/uploadImage/smpc_files/2023/08/22/2023082260e1ca48-e437-590a-8b0d-0bb546b1b110.pdf,P01BC01,https://greenbook.nafdac.gov.ng/products/details/4686,2026-09-27T21:22:20.085187+00:00
Greenbook NAFDAC,273,20,Alpent Injection**,1,Drugs,"{'id': 1, 'name': 'Drugs', 'created_at': '-000001-11-30T00:00:00.000000Z', 'updated_at': '2022-03-17T16:53:12.000000Z', 'deleted_at': None}",54,Pentazocine (Pentazocine Lactate),,B4-3655,107,Solution for injection,31,Intravenous; Intramuscular; Subcutaneous,30 mg/mL,1044,La-Lid Pharmaceutical Company Limited,2021-12-16,2026-12-15,Active,Solution for Injection in 1-mL ampoule,1 mL x 10&#039;s (in ampoules),"Pentazocine Injection BP 30mg/mL.
Each mL contains: Pentazocine BP 30 mg (as Lactate), Sodium Chloride BP 2.8 mg, Water for Injection BP q.s.",https://admin.greenbook.nafdac.gov.ng/uploadImage/smpc_files/2023/05/27/20230527357f4e70-9ffb-55d9-84eb-bcc8cd4f5361.pdf,N02AD01,https://greenbook.nafdac.gov.ng/products/details/20,2026-09-27T21:22:20.085187+00:00
Greenbook NAFDAC,274,11406,Alpha Beta Arteether 150 mg/2 mL Injection_,1,Drugs,"{'id': 1, 'name': 'Drugs', 'created_at': '-000001-11-30T00:00:00.000000Z', 'updated_at': '2022-03-17T16:53:12.000000Z', 'deleted_at': None}",551,α-β Arteether,Alpha Beta Arteether; Alfa Beta Arteether,A4-101401,40,Injection,29,Intravenous; Intramuscular,150 mg/2 mL,1143,Reavems Global Nig Ltd,2025-07-30,2030-07-29,Active,"Liquid Injection.
A clear, colorless solution filled and sealed in glass ampoule",3 x 2 mL (in glass ampoules),"Each 2 mL contains: Alpha Beta Arteether 150 mg
Excipients q.s.",https://admin.greenbook.nafdac.gov.ng/uploadImage/smpc_files/2025/08/27/20250827c561fc31-59d3-5ca1-bce5-7e276212fb5e.pdf,P01BE04,https://greenbook.nafdac.gov.ng/products/details/11406,2026-09-27T21:22:20.085187+00:00
Greenbook NAFDAC,275,1803,Alphacaine 100 Injection**,1,Drugs,"{'id': 1, 'name': 'Drugs', 'created_at': '-000001-11-30T00:00:00.000000Z', 'updated_at': '2022-03-17T16:53:12.000000Z', 'deleted_at': None}",147,Lidocaine Hydrochloride; Epinephrine,,A4-4022,107,Solution for injection,35,Block/Infiltration,20 mg/mL; 10 mcg/mL,604,Davona Nigeria Limited,2021-05-07,2026-05-06,Inactive,Solution for block/infiltration anaesthesia in 100-mL multidose vial,100 mL x 1&#039;s (in vial),"Each mL of ALPHACAINE 1:100,000 injection contains: Lidocaine hydrochloride 20.0 mg, Epinephrine 10 mcg (1:100,000), Excipients e.f. 1.0 mL",https://admin.greenbook.nafdac.gov.ng/uploadImage/smpc_files/2024/09/13/20240913ae26ca21-ff82-54d1-9dd7-89bfd610a526.pdf,N01BB52,https://greenbook.nafdac.gov.ng/products/details/1803,2026-09-27T21:22:20.085187+00:00
Greenbook NAFDAC,276,8729,Alphacombo 20/120 Tablets**,1,Drugs,"{'id': 1, 'name': 'Drugs', 'created_at': '-000001-11-30T00:00:00.000000Z', 'updated_at': '2022-03-17T16:53:12.000000Z', 'deleted_at': None}",528,Artemether; Lumefantrine,,A4-101090,1,Tablet,1,Oral,20 mg; 120 mg,1617,S Kant Nigeria Ltd,2024-11-22,2029-11-21,Active,"Uncoated tablet.
Yellow coloured, circular, uncoated flat beveled edge tablet, having a breakline on one side and plain on the other side",1 x 6&#039;s; 1 x 12&#039;s; 1 x 18&#039;s; 1 x 24&#039;s (in Aluminium/PVDC/PVC blisters),"Each tablet contains: Artemether 20 mg, Lumefantrine 120 mg",https://admin.greenbook.nafdac.gov.ng/uploadImage/smpc_files/2024/12/11/20241211c8273c10-144b-5b74-b8f3-1e64f3ba592e.pdf,P01BF01,https://greenbook.nafdac.gov.ng/products/details/8729,2026-09-27T21:22:20.085187+00:00
Greenbook NAFDAC,277,8730,Alphacombo 80/480 Tablets**,1,Drugs,"{'id': 1, 'name': 'Drugs', 'created_at': '-000001-11-30T00:00:00.000000Z', 'updated_at': '2022-03-17T16:53:12.000000Z', 'deleted_at': None}",528,Artemether; Lumefantrine,,A4-101091,1,Tablet,1,Oral,80 mg; 480 mg,1617,S Kant Nigeria Ltd,2024-11-22,2029-11-21,Active,"Uncoated tablet.
Yellow coloured, capsule shaped, uncoated biconvex tablet, having central breakline on one side and plain on the other side",1 x 6&#039;s (in Aluminium/PVDC/PVC blister),,https://admin.greenbook.nafdac.gov.ng/uploadImage/smpc_files/2024/12/12/20241212503a4e26-e5de-524f-9294-f16f69006964.pdf,P01BF01,https://greenbook.nafdac.gov.ng/products/details/8730,2026-09-27T21:22:20.085187+00:00
Greenbook NAFDAC,278,7761,Alphamal Injection Alpha-Beta Arteether 150 mg/2 mL**,1,Drugs,"{'id': 1, 'name': 'Drugs', 'created_at': '-000001-11-30T00:00:00.000000Z', 'updated_at': '2022-03-17T16:53:12.000000Z', 'deleted_at': None}",551,α-β Arteether,Alpha Beta Arteether; Alfa Beta Arteether,A4-100911,107,Solution for injection,9,Intramuscular,150 mg/2 mL,1313,Star Apothecary Nigeria Ltd,2024-06-27,2029-06-26,Active,A clear pale-yellow liquid for injection in 2-mL amber glass ampoule,2 mL x 3&#039;s (in amber glass ampoules),"Each 2 mL contains: Alpha-Beta Arteether 150 mg, Arachis Oil q.s.

Excipients:
Butylated Hydroxyanisole, Benzyl Alcohol, Arachis Oil",https://admin.greenbook.nafdac.gov.ng/uploadImage/smpc_files/2024/07/20/20240720a94cb4e4-47a0-512c-9147-ca43ecb79b34.pdf,P01BE03,https://greenbook.nafdac.gov.ng/products/details/7761,2026-09-27T21:22:20.085187+00:00
Greenbook NAFDAC,279,5506,Alphamet 250 Tablets##,1,Drugs,"{'id': 1, 'name': 'Drugs', 'created_at': '-000001-11-30T00:00:00.000000Z', 'updated_at': '2022-03-17T16:53:12.000000Z', 'deleted_at': None}",248,Methyldopa,,B4-4976,1,Tablet,1,Oral,250 mg,369,Grace Drugs and Healthcare Ltd,2023-08-31,2028-08-30,Active,"Oral Tablets

ALPHAMET 250 TABLETS	METHYLDOPA 250MG TABLET	Methyldopa 250mg, polyvidone, sodium edetate, magnesium stearate, crospovidone, precipitated silica, macrogol, talc	B4-4976	Drugs	Imported Products	6x10, 10x10	Prescription Only Medicine (POM)	26/06/2020	GRACE DRUGS &amp; HEALTHCARE LIMITED, OGUNLANA DRIVE, SURULERE LAGOS	8104638301	grace_drugs@hotmail.com	SHANDONG XIER KANGTAI PHARMACEUTICAL CO. , LTD., PRIVATE ECONOMY GARDEN, XINYAN TOWN, YANZHOU, JINING CITY, SHANDONG. CHINA., China","6 x 10&#039;s, 10 x 10&#039;s (in blisters)","Each tablet contains: Methyldopa 250 mg
Excipients: Microcrystalline Cellulose BP, Dibasic Calcium Phosphate Anhydrous BP, Maize Starch BP, Povidone (PVP K-30) BP, Purified Water BP, Magnesium Stearate BP, Croscarmellose Sodium BP, Sodium Starch Glycolate BP, Colloidal Anhydrous Silica BP",https://admin.greenbook.nafdac.gov.ng/uploadImage/smpc_files/2023/09/06/202309067b08cfd1-fe82-5bb8-beb4-981c99076a99.pdf,C02AB01,https://greenbook.nafdac.gov.ng/products/details/5506,2026-09-27T21:22:20.085187+00:00
Greenbook NAFDAC,280,251,Alphaten Eye Drops##,1,Drugs,"{'id': 1, 'name': 'Drugs', 'created_at': '-000001-11-30T00:00:00.000000Z', 'updated_at': '2022-03-17T16:53:12.000000Z', 'deleted_at': None}",790,Brimonidine Tartrate,,B4-6058,112,Suspension/Drops,15,Ophthalmic,0.2%,500,Vitacare Pharmacy Limited,2021-10-28,2026-10-27,Active,"Eye Drops
A clear and greenish yellow color solution
",1 x 5 mL (in LDPE bottle),Each ml contains: Brimonidine Tartrate 2 mg,https://admin.greenbook.nafdac.gov.ng/uploadImage/smpc_files/2023/05/28/20230528be247256-2952-5502-a197-9e0020db9c53.pdf,S01EA05,https://greenbook.nafdac.gov.ng/products/details/251,2026-09-27T21:22:20.085187+00:00
Greenbook NAFDAC,281,3186,Alprazitel Tablet##,1,Drugs,"{'id': 1, 'name': 'Drugs', 'created_at': '-000001-11-30T00:00:00.000000Z', 'updated_at': '2022-03-17T16:53:12.000000Z', 'deleted_at': None}",573,Praziquantel,,A4-0767,1,Tablet,1,Oral,600 mg,451,Dony-Triumph and Company Nigeria Limited,2020-12-21,2025-12-20,Inactive,Tablet,,Each tablet contains: Praziquantel 600 mg,,P02BA01,https://greenbook.nafdac.gov.ng/products/details/3186,2026-09-27T21:22:20.085187+00:00
Greenbook NAFDAC,282,4383,Altaa**,1,Drugs,"{'id': 1, 'name': 'Drugs', 'created_at': '-000001-11-30T00:00:00.000000Z', 'updated_at': '2022-03-17T16:53:12.000000Z', 'deleted_at': None}",551,α-β Arteether,Alpha Beta Arteether; Alfa Beta Arteether,A4-9746,107,Solution for injection,9,Intramuscular,150 mg/2 mL,865,Maxwell Lifecare Limited,2022-09-29,2027-09-28,Active,Oily solution for injection in 2-mL ampoule,2 mL x 3&#039;s (in ampoules),,, P01BE,https://greenbook.nafdac.gov.ng/products/details/4383,2026-09-27T21:22:20.085187+00:00
Greenbook NAFDAC,283,4688,Altadon-1 Tablet##,1,Drugs,"{'id': 1, 'name': 'Drugs', 'created_at': '-000001-11-30T00:00:00.000000Z', 'updated_at': '2022-03-17T16:53:12.000000Z', 'deleted_at': None}",16,Risperidone,,B4-7832,1,Tablet,1,Oral,1 mg,268,Pharmacy Plus Ltd,2023-07-27,2028-07-26,Active,"A yellow colored, circular, biconvex, uncoated tablet having a break line on one side of the tablet and plain on the other side

ALTADON-1TABLET	RISPERIDONE 1MG TABLET	each uncoated tablet contains: Risperidone USP 1mg Excipients: Q.S Colour: Quinoline yellow	B4-7832	Drugs	Imported Products	3x10TABLETS	Prescription Only Medicine (POM)	10/18/2022	PHARMACY PLUS LTD, MOJIDI STREET, IKEJA LAGOS	19501142	info@pharplusltd.com	AUROCHEM LABORATORIES (INDIA) PVT. LTD., 58, P.T.I.C.E. LTDPALGHAR-401 404. MAHARASHTRA, INDIA, India	9.19824E+11	INFO@AUROCHEMGROUP.COM	
",3 x 10&#039;s (in blisters),"Each uncoated tablet contains: Risperidone USP 1 mg
Excipients: Lactose BP, Color: Quinoline Yellow (Color Code Index: 47005) IHS, Maize Starch BP, Purified Water BP, Methyl Hydroxybenzoate BP, Propyl Hydroxybenzoate BP, Purified Talc BP, Magnesium Stearate BP, Colloidal Anhydrous Silica BP, Croscarmellose Sodium BP",https://admin.greenbook.nafdac.gov.ng/uploadImage/smpc_files/2023/08/23/202308236f55f8ed-11fe-5f6e-8dde-49c640ee2821.pdf,N05AX08,https://greenbook.nafdac.gov.ng/products/details/4688,2026-09-27T21:22:20.085187+00:00
Greenbook NAFDAC,284,4689,Altadon-2 Tablet##,1,Drugs,"{'id': 1, 'name': 'Drugs', 'created_at': '-000001-11-30T00:00:00.000000Z', 'updated_at': '2022-03-17T16:53:12.000000Z', 'deleted_at': None}",16,Risperidone,,B4-7833,1,Tablet,1,Oral,2 mg,268,Pharmacy Plus Ltd,2023-07-27,2028-07-26,Active,"A pink colored, circular, biconvex, uncoated tablet having a break line on one side of tablet and plain on the other side

ALTADON-2 TABLET	RISPERIDONE 2MG TABLET	each uncoated tablet contains: Risperidone usp 2mg Excipients Q.S. Colour: Erythrosine	B4-7833	Drugs	Imported Products	3x10TABLETS	Prescription Only Medicine (POM)	10/18/2022	PHARMACY PLUS LTD, MOJIDI STREET, IKEJA LAGOS	19501142	info@pharplusltd.com	AUROCHEM LABORATORIES (INDIA) PVT. LTD., 58, P.T.I.C.E. LTDPALGHAR-401 404. MAHARASHTRA, INDIA, India	9.19824E+11	INFO@AUROCHEMGROUP.COM	",3 x 10&#039;s (in blisters),"Each uncoated tablet contains: Risperidone USP 2 mg
Excipients: Lactose BP, Color: Quinoline Yellow (Color Code Index: 47005) IHS, Maize Starch BP, Purified Water BP, Methyl Hydroxybenzoate BP, Propyl Hydroxybenzoate BP, Purified Talc BP, Magnesium Stearate BP, Colloidal Anhydrous Silica BP, Croscarmellose Sodium BP",https://admin.greenbook.nafdac.gov.ng/uploadImage/smpc_files/2023/08/23/2023082303af59d4-f4b1-5417-9f9e-1881e59f5cf5.pdf,N05AX08,https://greenbook.nafdac.gov.ng/products/details/4689,2026-09-27T21:22:20.085187+00:00
Greenbook NAFDAC,285,4690,Altadon-3 Tablet##,1,Drugs,"{'id': 1, 'name': 'Drugs', 'created_at': '-000001-11-30T00:00:00.000000Z', 'updated_at': '2022-03-17T16:53:12.000000Z', 'deleted_at': None}",14,Olanzapine,,B4-7834,1,Tablet,1,Oral,3 mg,268,Pharmacy Plus Ltd,2023-07-27,2028-07-26,Active,"A yellow colored, circular, biconvex, uncoated tablet having break line on one side of the tablet and plain on the other side

ALTADON-3 TABLET	RISPERIDONE 3MG TABLET	Each uncoate tablet contains: Risperidone USP 3mg Excipients: Q.S Colour: Tartrazine yellow	B4-7834	Drugs	Imported Products	3x10TABLETS	Prescription Only Medicine (POM)	10/18/2022	PHARMACY PLUS LTD, MOJIDI STREET, IKEJA LAGOS	19501142	info@pharplusltd.com	AUROCHEM LABORATORIES (INDIA) PVT. LTD., 58, P.T.I.C.E. LTDPALGHAR-401 404. MAHARASHTRA, INDIA, India	9.19824E+11	INFO@AUROCHEMGROUP.COM	
",3 x 10&#039;s (in blisters),"Each uncoated tablet contains: Risperidone USP 3 mg
Excipients: Lactose BP, Color: Quinoline Yellow (Color Code Index: 47005) IHS, Maize Starch BP, Purified Water BP, Methyl Hydroxybenzoate BP, Propyl Hydroxybenzoate BP, Purified Talc BP, Magnesium Stearate BP, Colloidal Anhydrous Silica BP, Croscarmellose Sodium BP",https://admin.greenbook.nafdac.gov.ng/uploadImage/smpc_files/2024/12/27/2024122777dfb910-976f-56c4-b441-dfb934453131.pdf,N05AX08,https://greenbook.nafdac.gov.ng/products/details/4690,2026-09-27T21:22:20.085187+00:00
Greenbook NAFDAC,286,5509,Aluktem DS##,1,Drugs,"{'id': 1, 'name': 'Drugs', 'created_at': '-000001-11-30T00:00:00.000000Z', 'updated_at': '2022-03-17T16:53:12.000000Z', 'deleted_at': None}",528,Artemether; Lumefantrine,,A4-100503,1,Tablet,1,Oral,80 mg; 480 mg,599,Don-J Pharmaceutical Nig. Ltd,2023-08-31,2028-08-30,Active,"Uncoated Tablets
Yellow colored, round shaped, convex, uncoated tablet with break line on one side and plain on other side",1 x 6&#039;s (in blister),"Each uncoated tablet contains: Artemether 80 mg, Lumefantrine 480 mg
Excipients q.s.
Color: Tartrazine Supra",https://admin.greenbook.nafdac.gov.ng/uploadImage/smpc_files/2023/09/09/202309095158ae0c-f0f1-5a82-93fe-7c6167a15e6e.pdf,P01BF01,https://greenbook.nafdac.gov.ng/products/details/5509,2026-09-27T21:22:20.085187+00:00
Greenbook NAFDAC,287,5511,Aluktem Tablets**,1,Drugs,"{'id': 1, 'name': 'Drugs', 'created_at': '-000001-11-30T00:00:00.000000Z', 'updated_at': '2022-03-17T16:53:12.000000Z', 'deleted_at': None}",528,Artemether; Lumefantrine,,A4-100502,1,Tablet,1,Oral,20 mg; 120 mg,599,Don-J Pharmaceutical Nig. Ltd,2023-08-31,2028-08-30,Active,"Uncoated Tablets.
Yellow coloured, round shaped, tablet bearing a break line on one side &amp; plain on other side",1 x 24&#039;s (in Alu-Alu blister),"Artemether and Lumefantrine Tablets 20/120 mg.
Each uncoated tablet contains: Artemether 20 mg, Lumefantrine 120 mg, Excipients q.s.",https://admin.greenbook.nafdac.gov.ng/uploadImage/smpc_files/2023/09/09/20230909a3afbe46-3320-5b1a-b830-9a0cb5f300ec.pdf,P01BF01,https://greenbook.nafdac.gov.ng/products/details/5511,2026-09-27T21:22:20.085187+00:00
Greenbook NAFDAC,288,4691,Alzol-20 Capsule##,1,Drugs,"{'id': 1, 'name': 'Drugs', 'created_at': '-000001-11-30T00:00:00.000000Z', 'updated_at': '2022-03-17T16:53:12.000000Z', 'deleted_at': None}",176,Omeprazole,,B4-5291,2,Capsule,1,Oral,20 mg,527,Alben Health Care Industries Ltd,2023-07-06,2028-07-05,Active,"Capsules, hard
Hard gelatin, brown and milky capsule printed with “20 mg”

52	RNW-PP-231535	ALZOL -20 CAPSULE	OMEPRAZOLE 20MG	OMEPRAZOLE 20MG; TALC; SODIUM LAURYL SULPHATE;	B4-5291	Drugs	ALIMENTARY TRACT AND METABOLISM	Nigerian Products	2*10CAPSULES	POM 1	12/13/2022	ALBEN HEALTH CARE INDUSTRIES LTD., ONITSHA AWKA ROAD, OGIDI ANAMBRA	8033332325	albenng@rocketmail.com	Alben Healthcare Industries Limited, KM 15 Old Onitsha Awka Road ,Ogidi, Anambra State, Nigeria., Nigeria",2 x 10&#039;s (PVC-Alu blisters),"Each capsule contains: Omeprazole BP 20 mg
Excipients: Starch, Talc, Sodium Lauryl Sulphate",https://admin.greenbook.nafdac.gov.ng/uploadImage/smpc_files/2023/09/18/20230918acf75306-5010-583d-ad5b-1fc57e2052f1.pdf,A02BC01,https://greenbook.nafdac.gov.ng/products/details/4691,2026-09-27T21:22:20.085187+00:00
Greenbook NAFDAC,289,260,Amadol Injection**,1,Drugs,"{'id': 1, 'name': 'Drugs', 'created_at': '-000001-11-30T00:00:00.000000Z', 'updated_at': '2022-03-17T16:53:12.000000Z', 'deleted_at': None}",56,Tramadol Hydrochloride,,A4-1927,107,Solution for injection,29,Intravenous; Intramuscular,100 mg/2 mL,815,Eutrix Pharmaceuticals Limited,2021-06-24,2026-06-23,Inactive,Solution for Injection,2 mL x 10&#039;s (in ampoules),Each 2 mL contains: Tramadol Hydrochloride 100 mg,,N02AX02,https://greenbook.nafdac.gov.ng/products/details/260,2026-09-27T21:22:20.085187+00:00
Greenbook NAFDAC,290,490,Amadol Retard Tablet** (duplicate NRN),1,Drugs,"{'id': 1, 'name': 'Drugs', 'created_at': '-000001-11-30T00:00:00.000000Z', 'updated_at': '2022-03-17T16:53:12.000000Z', 'deleted_at': None}",56,Tramadol Hydrochloride,,A4-7301,1,Tablet,1,Oral,100 mg,815,Eutrix Pharmaceuticals Limited,2021-08-03,2026-08-02,Inactive,Extended Release Tablet,,Each tablet contains: Tramadol Hydrochloride USP 100 mg,,N02AX02,https://greenbook.nafdac.gov.ng/products/details/490,2026-09-27T21:22:20.085187+00:00
Greenbook NAFDAC,291,8745,Amakin Artemether & Lumefantrine**,1,Drugs,"{'id': 1, 'name': 'Drugs', 'created_at': '-000001-11-30T00:00:00.000000Z', 'updated_at': '2022-03-17T16:53:12.000000Z', 'deleted_at': None}",528,Artemether; Lumefantrine,,B4-4368,1,Tablet,1,Oral,20 mg; 120 mg,764,Amakin Pharmaceuticals Nigeria Limited,2024-11-22,2029-11-21,Active,"Uncoated Tablet.
Plain yellow coloured round tablets without breakline",3 x 8&#039;s; 1 x 6&#039;s; 1 x 12&#039;s; 1 x 18&#039;s; 1 x 24&#039;s (in blisters),"Each uncoated tablet contains: Artemether IH 20 mg, Lumefantrine USP 120 mg",https://admin.greenbook.nafdac.gov.ng/uploadImage/smpc_files/2024/12/18/202412189805bbed-18b6-570f-b477-a3861156a947.pdf,P01BF01,https://greenbook.nafdac.gov.ng/products/details/8745,2026-09-27T21:22:20.085187+00:00
Greenbook NAFDAC,292,8746,Amakin Artemether & Lumefantrine**,1,Drugs,"{'id': 1, 'name': 'Drugs', 'created_at': '-000001-11-30T00:00:00.000000Z', 'updated_at': '2022-03-17T16:53:12.000000Z', 'deleted_at': None}",528,Artemether; Lumefantrine,,B4-4369,1,Tablet,1,Oral,80 mg; 480 mg,764,Amakin Pharmaceuticals Nigeria Limited,2024-11-22,2029-11-21,Active,"Film coated Tablet.
Score line and engravement 80/480 embossed on the tablet.
Colour of the tablet: Lake tartrazine yellow (round tablet)",1 x 6&#039;s (in Alu/PVC blister),"Each film coated tablet contains: Artemether 80 mg, Lumefantrine 480 mg.
Excipients: q.s.
Colour:Tartrazine Yellow",https://admin.greenbook.nafdac.gov.ng/uploadImage/smpc_files/2024/12/18/2024121874f6f707-efd1-574d-8f78-39cef375491a.pdf,P01BF01,https://greenbook.nafdac.gov.ng/products/details/8746,2026-09-27T21:22:20.085187+00:00
Greenbook NAFDAC,293,5512,Amakin Artemether Injection**,1,Drugs,"{'id': 1, 'name': 'Drugs', 'created_at': '-000001-11-30T00:00:00.000000Z', 'updated_at': '2022-03-17T16:53:12.000000Z', 'deleted_at': None}",542,Artemether,,B4-3182,107,Solution for injection,9,Intramuscular,80 mg/mL,764,Amakin Pharmaceuticals Nigeria Limited,2023-05-25,2028-05-24,Active,Oily Solution for Injection in 1-mL clear glass ampoule,1 mL x 6&#039;s (in clear glass ampoules),"Each mL contains: Artemether 80 mg, Arachis Oil BP q.s. to 1 mL",https://admin.greenbook.nafdac.gov.ng/uploadImage/smpc_files/2024/12/25/202412255cf69df8-0328-5a6d-80dd-8945b43261d8.pdf,P01BE02,https://greenbook.nafdac.gov.ng/products/details/5512,2026-09-27T21:22:20.085187+00:00
Greenbook NAFDAC,294,8784,Amakin Levofloxacin Tablets**,1,Drugs,"{'id': 1, 'name': 'Drugs', 'created_at': '-000001-11-30T00:00:00.000000Z', 'updated_at': '2022-03-17T16:53:12.000000Z', 'deleted_at': None}",464,Levofloxacin (Levofloxacin Hemihydrate),,B4-5313,1,Tablet,1,Oral,500 mg,764,Amakin Pharmaceuticals Nigeria Limited,2024-11-22,2029-11-21,Active,"Film coated tablet.
White coloured, film coated tablet with breakline on one side and &#039;AFL&#039; printed on the other side",1 x 10&#039;s (in Alu-Alu blister),"Levofloxacin Tablets USP 500 mg.
Each film coated tablet contains: Levofloxacin USP 500 mg, Excipients q.s.",https://admin.greenbook.nafdac.gov.ng/uploadImage/smpc_files/2024/12/18/2024121831881451-5640-5971-8dce-067a8c0b73cc.pdf,J01MA12,https://greenbook.nafdac.gov.ng/products/details/8784,2026-09-27T21:22:20.085187+00:00
Greenbook NAFDAC,295,12433,AMAKIN OFLOXACIN TABLETS$,1,Drugs,"{'id': 1, 'name': 'Drugs', 'created_at': '-000001-11-30T00:00:00.000000Z', 'updated_at': '2022-03-17T16:53:12.000000Z', 'deleted_at': None}",761,Ofloxacin,,B4-3186,1,Tablet,1,Oral,200mg,764,Amakin Pharmaceuticals Nigeria Limited,2026-01-27,2031-01-26,Active,"AMAKIN OFLOXACIN TABLETS	OFLOXACIN	&quot;OFLOXACIN 200MG
MAIZE STARCH 
MICROCRYSTALLINE CELLULOSE
POVIDONE (PVPK-30) 
ISOPROPYL ALCOHOL
MAGNESIUM STEARATE 
PURIFIED TALC
SODIUM STARCH GLYCOLATE
KYRON T-314
COLLOIDAL ANHYDROUS SILICA
HPMC -15
TITANIUM DIOXIDE
PURIFIED TALC
ISOPROPYL ALCOHOL
METHYLENE DICHLORIDE&quot;	B4-3186	Drugs	Imported Product	2X10,1X10	11-03-2024	AMAKIN PHARMACEUTICALS NIGERIA LIMITED, , OTUNBA GBADAMOSI / ESADO STREET LAGOS LAGOS	08077261675	amakinpharmaceuticalltd@gmail.com	KESAR PHARMA (P) LTD., PLOT NO 50 – P/2 AT VILLAGE BILESHWARPURA PO. CHHATRAL – 382729 TA KALOL DIST. GANDHINAGAR GUJURAT INDIA
","2X10,1X10","Each film coated tablet contains: Ofloxacin USP 200 mg
Excipients q.s.  ",https://admin.greenbook.nafdac.gov.ng/uploadImage/smpc_files/2026/03/05/202603054b1410e9-b586-545d-9268-9125fe92eef8.pdf,J01MA01 ,https://greenbook.nafdac.gov.ng/products/details/12433,2026-09-27T21:22:20.085187+00:00
Greenbook NAFDAC,296,2646,Amalorite 10 Tablets##,1,Drugs,"{'id': 1, 'name': 'Drugs', 'created_at': '-000001-11-30T00:00:00.000000Z', 'updated_at': '2022-03-17T16:53:12.000000Z', 'deleted_at': None}",272,Amlodipine (Amlodipine Besilate),Amlodipine (Amlodipine Besylate),C4-1306,1,Tablet,1,Oral,10 mg,726,Savocent Pharma Ltd,2020-11-30,2025-11-29,Inactive,Tablet,,Each tablet contains: Amlodipine Besylate equivalent to Amlodipine 10 mg,,C08CA01,https://greenbook.nafdac.gov.ng/products/details/2646,2026-09-27T21:22:20.085187+00:00
Greenbook NAFDAC,297,2647,Amalorite 5 Tablets##,1,Drugs,"{'id': 1, 'name': 'Drugs', 'created_at': '-000001-11-30T00:00:00.000000Z', 'updated_at': '2022-03-17T16:53:12.000000Z', 'deleted_at': None}",272,Amlodipine (Amlodipine Besilate),Amlodipine (Amlodipine Besylate),C4-1305,1,Tablet,1,Oral,5 mg,726,Savocent Pharma Ltd,2020-11-30,2025-11-29,Inactive,Tablet,,Each tablet contains: Amlodipine Besylate equivalent to Amlodipine 5 mg,,C08CA01,https://greenbook.nafdac.gov.ng/products/details/2647,2026-09-27T21:22:20.085187+00:00
Greenbook NAFDAC,298,7764,Amaryl 1 mg Tablets**,1,Drugs,"{'id': 1, 'name': 'Drugs', 'created_at': '-000001-11-30T00:00:00.000000Z', 'updated_at': '2022-03-17T16:53:12.000000Z', 'deleted_at': None}",623,Glimepiride,,04-2854,1,Tablet,1,Oral,1 mg,1058,Sanofi-Aventis Nigeria Limited,2021-02-25,2026-02-24,Inactive,"Tablet.
Pink, oblong and scored on both sides",2 x 15&#039;s (in PVC/Aluminium blisters),"Each tablet contains 1 mg Glimepiride.
Excipients: also contains 69.0 mg lactose monohydrate per tablet",https://admin.greenbook.nafdac.gov.ng/uploadImage/smpc_files/2024/09/14/20240914566a024d-9d76-56f2-b344-f8ea6328c8c9.pdf,,https://greenbook.nafdac.gov.ng/products/details/7764,2026-09-27T21:22:20.085187+00:00
Greenbook NAFDAC,299,7765,Amaryl 2 mg Tablets**,1,Drugs,"{'id': 1, 'name': 'Drugs', 'created_at': '-000001-11-30T00:00:00.000000Z', 'updated_at': '2022-03-17T16:53:12.000000Z', 'deleted_at': None}",623,Glimepiride,,04-2853,1,Tablet,1,Oral,2 mg,1058,Sanofi-Aventis Nigeria Limited,2021-02-25,2026-02-24,Inactive,"Tablet.
Green, oblong and scored on both sides",2 x 15&#039;s (in PVC/Aluminium blisters),"Each tablet contains 2 mg Glimepiride.
Excipients: also contains 137.2 mg lactose monohydrate per tablet",https://admin.greenbook.nafdac.gov.ng/uploadImage/smpc_files/2024/09/14/20240914dde3788f-6c95-5f67-a0dc-343b7c836aa6.pdf,,https://greenbook.nafdac.gov.ng/products/details/7765,2026-09-27T21:22:20.085187+00:00
Greenbook NAFDAC,300,7766,Amaryl 3 mg Tablets**,1,Drugs,"{'id': 1, 'name': 'Drugs', 'created_at': '-000001-11-30T00:00:00.000000Z', 'updated_at': '2022-03-17T16:53:12.000000Z', 'deleted_at': None}",623,Glimepiride,,A4-3074,1,Tablet,1,Oral,3 mg,1058,Sanofi-Aventis Nigeria Limited,2021-02-25,2026-02-24,Inactive,"Tablet.
Yellow, oblong and scored on both sides",2 x 15&#039;s (in PVC/Aluminium blisters),"Each tablet contains 3 mg Glimepiride.
Excipients: also contains 137.0 mg lactose monohydrate per tablet",https://admin.greenbook.nafdac.gov.ng/uploadImage/smpc_files/2024/09/14/2024091426026817-6ef4-51c6-9f45-c812795f77f3.pdf,,https://greenbook.nafdac.gov.ng/products/details/7766,2026-09-27T21:22:20.085187+00:00
Greenbook NAFDAC,301,7767,Amatem 20/120 Softgel**,1,Drugs,"{'id': 1, 'name': 'Drugs', 'created_at': '-000001-11-30T00:00:00.000000Z', 'updated_at': '2022-03-17T16:53:12.000000Z', 'deleted_at': None}",528,Artemether; Lumefantrine,,B4-0953,2,Capsule,1,Oral,20 mg; 120 mg,165,Elbe Pharma Nigeria Limited,2021-02-25,2026-02-24,Inactive,Soft Gelatin Capsules,1 x 12&#039;s (in blister),"Each soft gelatin capsule contains: Artemether Ph. Int. 20 mg, Lumefantrine Ph. Int. 120 mg, Excipients q.s.",https://admin.greenbook.nafdac.gov.ng/uploadImage/smpc_files/2024/09/14/20240914f9e85c31-9a2d-5f56-bfc9-3caae51a99d9.pdf,,https://greenbook.nafdac.gov.ng/products/details/7767,2026-09-27T21:22:20.085187+00:00
Greenbook NAFDAC,302,2793,Amatem Forte Soft Gel Capsules**,1,Drugs,"{'id': 1, 'name': 'Drugs', 'created_at': '-000001-11-30T00:00:00.000000Z', 'updated_at': '2022-03-17T16:53:12.000000Z', 'deleted_at': None}",528,Artemether; Lumefantrine,,B4-0952,2,Capsule,1,Oral,80 mg; 480 mg,165,Elbe Pharma Nigeria Limited,2020-11-10,2025-11-09,Inactive,Soft gelatin capsule,,Each soft gelatin capsule contains: Artemether 80 mg and Lumefantrine 480 mg,,P01BF01,https://greenbook.nafdac.gov.ng/products/details/2793,2026-09-27T21:22:20.085187+00:00
Greenbook NAFDAC,303,7255,Amatem Forte Tablets**,1,Drugs,"{'id': 1, 'name': 'Drugs', 'created_at': '-000001-11-30T00:00:00.000000Z', 'updated_at': '2022-03-17T16:53:12.000000Z', 'deleted_at': None}",528,Artemether; Lumefantrine,,A4-3489,1,Tablet,1,Oral,80 mg; 480 mg,165,Elbe Pharma Nigeria Limited,2024-03-27,2029-03-26,Active,"Uncoated Tablet.
Yellow colored, round flat bevel-edged uncoated tablets de-bossed with &quot;AMATEM FORTE&quot; on one side and break-line on other side",1 x 6&#039;s (in Alu/PVDC/PVC blister),"Artemether 80 mg + Lumefantrine 480 mg Tablets.
Each uncoated tablet contains: Artemether 80 mg, Lumefantrine 480 mg, Excipients q.s.",https://admin.greenbook.nafdac.gov.ng/uploadImage/smpc_files/2024/11/28/20241128c2f396cb-8dcf-5105-9211-b3894ffa9b50.pdf,P01BF01,https://greenbook.nafdac.gov.ng/products/details/7255,2026-09-27T21:22:20.085187+00:00
Greenbook NAFDAC,304,8504,Amatolate Gel 30 g**,1,Drugs,"{'id': 1, 'name': 'Drugs', 'created_at': '-000001-11-30T00:00:00.000000Z', 'updated_at': '2022-03-17T16:53:12.000000Z', 'deleted_at': None}",1149,Diclofenac Sodium (Diclofenac Diethylamine); Methyl salicylate; Menthol; Linseed oil,,A11-100764,29,Gel,21,Topical,1%; 10%; 5%; 3%,552,Ozah Chemicals and Pharmaceutical Ltd,2024-09-25,2029-09-24,Active,White to off white colour gel,30 g (in Lami tube),"Diclofenac Diethylamine BP 1.16% w/w equiv. to Diclofenac Sodium 1.00% w/w, Linseed Oil BP 3.00% w/w, Methyl Salicylate BP 10.00% w/w, Menthol BP 5.00% w/w, Gel Base Q.S.",https://admin.greenbook.nafdac.gov.ng/uploadImage/smpc_files/2024/11/11/20241111354b6b2a-bb9b-5a3f-a3e1-a91b93a41671.pdf,,https://greenbook.nafdac.gov.ng/products/details/8504,2026-09-27T21:22:20.085187+00:00
Greenbook NAFDAC,305,4974,Amazabact-T Cream_,1,Drugs,"{'id': 1, 'name': 'Drugs', 'created_at': '-000001-11-30T00:00:00.000000Z', 'updated_at': '2022-03-17T16:53:12.000000Z', 'deleted_at': None}",1649,Clotrimazole; Clobetasol; Neomycin,,A11-100547,4,Cream,21,Topical,0.05%; 1%; 0.5%,552,Ozah Chemicals and Pharmaceutical Ltd,2023-07-27,2028-07-26,Active,"Cream.
White or almost-white, odorless cream",1 x 25 g ,"Each 25 g contains: Clobetasol Propionate 0.05%, Clotrimazole 1%, Neomycin Sulphate 0.5%",https://admin.greenbook.nafdac.gov.ng/uploadImage/smpc_files/2025/01/10/202501107427a38b-e60b-51ac-8dc7-c387fd8b1961.pdf,D07CD01,https://greenbook.nafdac.gov.ng/products/details/4974,2026-09-27T21:22:20.085187+00:00
Greenbook NAFDAC,306,6154,Amazocine Injection**,1,Drugs,"{'id': 1, 'name': 'Drugs', 'created_at': '-000001-11-30T00:00:00.000000Z', 'updated_at': '2022-03-17T16:53:12.000000Z', 'deleted_at': None}",54,Pentazocine (Pentazocine Lactate),,B4-8300,107,Solution for injection,29,Intravenous; Intramuscular,30 mg/mL,571,Assura Pharmaceutical and Health Products Ltd,2023-09-28,2028-09-27,Active,Solution for Injection in 1-mL ampoule,1 mL x 10&#039;s (in ampoules),"Pentazocine BP 30 mg/mL.
Each mL contains: Pentazocine (as Lactate BP) 30 mg, Sodium chloride BP 2.8 mg, Lactic acid BP, Water for injection BP q.s.",,N02AD01,https://greenbook.nafdac.gov.ng/products/details/6154,2026-09-27T21:22:20.085187+00:00
Greenbook NAFDAC,307,2648,Amcard 10 Tablets##,1,Drugs,"{'id': 1, 'name': 'Drugs', 'created_at': '-000001-11-30T00:00:00.000000Z', 'updated_at': '2022-03-17T16:53:12.000000Z', 'deleted_at': None}",272,Amlodipine (Amlodipine Besilate),Amlodipine (Amlodipine Besylate),B4-5763,1,Tablet,1,Oral,10 mg,374,Aquatix Pharmaceuticals Limited,2020-12-21,2025-12-20,Inactive,Tablet,,Each tablet contains: Amlodipine Besylate USP 10 mg,https://admin.greenbook.nafdac.gov.ng/uploadImage/smpc_files/2025/04/08/2025040816260ed7-bd25-5468-854c-b7bc2fb15ea2.pdf,C08CA01,https://greenbook.nafdac.gov.ng/products/details/2648,2026-09-27T21:22:20.085187+00:00
Greenbook NAFDAC,308,2649,Amcard 5 Tablets##,1,Drugs,"{'id': 1, 'name': 'Drugs', 'created_at': '-000001-11-30T00:00:00.000000Z', 'updated_at': '2022-03-17T16:53:12.000000Z', 'deleted_at': None}",272,Amlodipine (Amlodipine Besilate),Amlodipine (Amlodipine Besylate),B4-5762,1,Tablet,1,Oral,5 mg,374,Aquatix Pharmaceuticals Limited,2020-12-21,2025-12-20,Inactive,Tablet,,Each tablet contains: Amlodipine Besylate USP 5 mg,https://admin.greenbook.nafdac.gov.ng/uploadImage/smpc_files/2025/04/08/20250408f243a3d6-83d9-5f73-a9fd-ca144fe3a175.pdf,C08CA01,https://greenbook.nafdac.gov.ng/products/details/2649,2026-09-27T21:22:20.085187+00:00
Greenbook NAFDAC,309,4692,Amclavin 312.5 Powder for Oral Suspension**,1,Drugs,"{'id': 1, 'name': 'Drugs', 'created_at': '-000001-11-30T00:00:00.000000Z', 'updated_at': '2022-03-17T16:53:12.000000Z', 'deleted_at': None}",423,Amoxicillin (Amoxicillin Trihydrate); Clavulanic Acid (Potassium Clavulanate),,A4-3040,72,Powder for suspension,1,Oral,250 mg/5 mL; 62.5 mg/5 mL,286,Seagreen Pharmaceuticals Limited,2023-07-06,2028-07-05,Active,"Powder for oral suspension.
Dry powder for reconstitution in water, at time of dispensing, to form an oral suspension",100 mL (in glass bottle),"Each 5 mL of the reconstituted suspension contains: Amoxicillin Trihydrate BP equiv. to Amoxicillin 250 mg, Diluted Potassium Clavulanate BP equiv. to Clavulanic acid 62.5 mg, Excipients q.s.
In a Flavoured Syrupy Base",https://admin.greenbook.nafdac.gov.ng/uploadImage/smpc_files/2023/08/23/20230823ddc790b9-b7fd-5311-916c-60045c2fc8c3.pdf,J01CR02,https://greenbook.nafdac.gov.ng/products/details/4692,2026-09-27T21:22:20.085187+00:00
Greenbook NAFDAC,310,5614,Amdocal 10 Tablet##,1,Drugs,"{'id': 1, 'name': 'Drugs', 'created_at': '-000001-11-30T00:00:00.000000Z', 'updated_at': '2022-03-17T16:53:12.000000Z', 'deleted_at': None}",272,Amlodipine (Amlodipine Besilate),Amlodipine (Amlodipine Besylate),A4-2906,1,Tablet,1,Oral,10 mg,265,Pharmadeal Nigeria Limited,2023-04-26,2028-04-25,Active,"Tablet

Amdocal 10 Tablet	AMLODIPINE 10mg	Amlodipine Besilate BP eqv. to Amlodipine 10mg, Microcrystalline cellulose 132.5mg. Brilliant Blue 0.04mg, Anhydrous Dibasic calcium Phosphate 91.58mg, Sodium starch Glycolate 10mg &amp; Magnesium stearate 2mg	A4-2906	Drugs	Imported Products	3*10	Prescription Only Medicine (POM)	19/12/2019	PHARMADEAL NIGERIA LIMITED, 1A Oyewole Oshodi street, Ilupeju.	8038510048	ccnwabisi2010@yahoo.com	Beximco Pharmaceuticals Limited, 126, Kathaldia, Auchpara, Tongi-Gazipur, Bangladesh, Bangladesh",3 x 10&#039;s (in Alu-Alu blisters),"Each tablet contains: Amlodipine Besylate equivalent to Amlodipine 10 mg
Excipients q.s.",https://admin.greenbook.nafdac.gov.ng/uploadImage/smpc_files/2023/09/28/202309281e00eb09-f0b2-5f0f-91c6-8aa56e839cea.pdf,C08CA01,https://greenbook.nafdac.gov.ng/products/details/5614,2026-09-27T21:22:20.085187+00:00
Greenbook NAFDAC,311,4693,Amdocal 5 Tablet##,1,Drugs,"{'id': 1, 'name': 'Drugs', 'created_at': '-000001-11-30T00:00:00.000000Z', 'updated_at': '2022-03-17T16:53:12.000000Z', 'deleted_at': None}",272,Amlodipine (Amlodipine Besilate),Amlodipine (Amlodipine Besylate),A4-3488,1,Tablet,1,Oral,5 mg,265,Pharmadeal Nigeria Limited,2023-07-06,2028-07-05,Active,"Tablet

13	RNW-PP-284960	Amdocal 5	AMLODIPINE 5MG	Amlodipine besilate BP 6.940mg, Microcrystalline cellulose BP 151.060mg, Dibasic calcium phosphate USP 80.000mg, Sodium starch glycolate BP 10.000mg &amp; Magnesium stearate BP 2.000mg	A4-3488	Drugs	Imported Products	5*10,7*15	Prescription Only Medicine (POM)	10/6/2022	PHARMADEAL NIGERIA LIMITED, 1A Oyewole Oshodi street, Ilupeju.	8038510048	ccnwabisi2010@yahoo.com	Beximco Pharmaceutical Ltd, 126, Kathaldia, Auchpara, Tongi, Gazipur, Bangladesh, Bangladesh","5 x 10&#039;s, 7 x 15&#039;s (in Alu-Alu blisters)","Each tablet contains: Amlodipine Besylate equivalent to Amlodipine 5 mg
Excipients q.s.",https://admin.greenbook.nafdac.gov.ng/uploadImage/smpc_files/2023/08/23/202308238ffd84f4-019e-5690-9435-eba0902b6772.pdf,C08CA01,https://greenbook.nafdac.gov.ng/products/details/4693,2026-09-27T21:22:20.085187+00:00
Greenbook NAFDAC,312,11366,Amebanil Suspension**,1,Drugs,"{'id': 1, 'name': 'Drugs', 'created_at': '-000001-11-30T00:00:00.000000Z', 'updated_at': '2022-03-17T16:53:12.000000Z', 'deleted_at': None}",1554,Metronidazole (Metronidazole Benzoate),,A4-3371,102,Suspension,1,Oral,200 mg/5 mL,154,Dana Pharmaceuticals Limited,2025-06-25,2030-06-24,Active,"Oral Suspension.
Yellow coloured suspension",60 mL,Each 5 mL suspension contains: Metronidazole benzoate 320 mg equivalent to Metronidazole 200 mg,https://admin.greenbook.nafdac.gov.ng/uploadImage/smpc_files/2025/07/29/202507298efaf580-dc8f-595a-985d-c968e17b9ee1.pdf,P01AB01,https://greenbook.nafdac.gov.ng/products/details/11366,2026-09-27T21:22:20.085187+00:00
Greenbook NAFDAC,313,11992,Amebanil Tablet_,1,Drugs,"{'id': 1, 'name': 'Drugs', 'created_at': '-000001-11-30T00:00:00.000000Z', 'updated_at': '2022-03-17T16:53:12.000000Z', 'deleted_at': None}",485,Metronidazole,,04-1786,1,Tablet,1,Oral,200 mg,154,Dana Pharmaceuticals Limited,2022-10-27,2027-10-26,Active,"Tablet for Oral use.
Yellow coloured round convex scored tablets with beveled edge. One side embossed with two breaking
lines &amp; the other side “METRO 200",10 x 10&#039;s (in Alu PVC blisters),Each tablet contains: Metronidazole 200 mg,https://admin.greenbook.nafdac.gov.ng/uploadImage/smpc_files/2025/07/29/20250729af2b9cd2-ebba-5e1b-812f-3149f36a35f5.pdf,J01XD01,https://greenbook.nafdac.gov.ng/products/details/11992,2026-09-27T21:22:20.085187+00:00
Greenbook NAFDAC,314,7768,Amedin 10 mg Tablets**,1,Drugs,"{'id': 1, 'name': 'Drugs', 'created_at': '-000001-11-30T00:00:00.000000Z', 'updated_at': '2022-03-17T16:53:12.000000Z', 'deleted_at': None}",272,Amlodipine (Amlodipine Besilate),Amlodipine (Amlodipine Besylate),A4-2327,1,Tablet,1,Oral,10 mg,1058,Sanofi-Aventis Nigeria Limited,2021-01-28,2026-01-27,Inactive,White colored round uncoated tablets marked with AM/10 on one side and plain on the other side,2 x 14&#039;s (in Alu-PVC clear film blisters),"Each uncoated tablet contains: Amlodipine besilate BP equivalent to Amlodipine 10 mg.
The excipient with known effect is lactose",https://admin.greenbook.nafdac.gov.ng/uploadImage/smpc_files/2024/09/14/2024091413a2f1b8-bc5d-5980-a63a-afbef1d24f29.pdf,,https://greenbook.nafdac.gov.ng/products/details/7768,2026-09-27T21:22:20.085187+00:00
Greenbook NAFDAC,315,7769,Amedin 5 mg Tablets**,1,Drugs,"{'id': 1, 'name': 'Drugs', 'created_at': '-000001-11-30T00:00:00.000000Z', 'updated_at': '2022-03-17T16:53:12.000000Z', 'deleted_at': None}",272,Amlodipine (Amlodipine Besilate),Amlodipine (Amlodipine Besylate),A4-2110,1,Tablet,1,Oral,5 mg,1058,Sanofi-Aventis Nigeria Limited,2021-01-28,2026-01-27,Inactive,"White colored round uncoated tablets with bevel edges and marked with AM/5 on one side, plain on the other side",2 x 14&#039;s (in Alu-PVC clear film blisters),"Each uncoated tablets contains: Amlodipine besilate BP equivalent to Amlodipine 5 mg.
The excipient with known effect is lactose",https://admin.greenbook.nafdac.gov.ng/uploadImage/smpc_files/2024/09/14/20240914c257c295-0f1e-5929-bcb8-9a095c82345a.pdf,,https://greenbook.nafdac.gov.ng/products/details/7769,2026-09-27T21:22:20.085187+00:00
Greenbook NAFDAC,316,11367,Amibagyl Suspension**,1,Drugs,"{'id': 1, 'name': 'Drugs', 'created_at': '-000001-11-30T00:00:00.000000Z', 'updated_at': '2022-03-17T16:53:12.000000Z', 'deleted_at': None}",1554,Metronidazole (Metronidazole Benzoate),,04-0218,102,Suspension,1,Oral,200 mg/5 mL,82,Afrab-Chem Limited,2025-06-25,2030-06-24,Active,"Oral Suspension.
A viscous golden-yellow suspension with a characteristic bitter taste",60 mL,Each 5 mL contains 200 mg of Metronidazole,https://admin.greenbook.nafdac.gov.ng/uploadImage/smpc_files/2025/07/28/202507288bac6acc-f91b-5f62-bb85-526ad25e4144.pdf,P01AB01,https://greenbook.nafdac.gov.ng/products/details/11367,2026-09-27T21:22:20.085187+00:00
Greenbook NAFDAC,317,6494,Amibagyl Tablets##,1,Drugs,"{'id': 1, 'name': 'Drugs', 'created_at': '-000001-11-30T00:00:00.000000Z', 'updated_at': '2022-03-17T16:53:12.000000Z', 'deleted_at': None}",485,Metronidazole,,04-2043,1,Tablet,1,Oral,200 mg,82,Afrab-Chem Limited,2023-11-30,2028-11-29,Active,"Tablet
A white round tablet with &quot;AFRAB&quot; inscription on one side and a line on the other side

AMIBAGYL TABLETS	METRONIDAZOLE BENZOATE	Metronidazole powder:200.00mg,Avicel (Microcrystalline Cellulose):60.00mg,Corn Starch (G):78.00mg,Corn Starch (F/B) :14.00mg, Aerosil 200: 2.00mg, Magnesium Stearate: 1.60mg, Sodium Lauryl Sulphate :0.72mg, Povidone PVP (K-30) :8.00mg, Pregel Starch (G) :12.00mg, Sodium Starch Glycolate (Primogel) :7.00mg, Talcum Powder :20.00mg	Apr-43	Drugs	VARIOUS	Nigerian Products	10*10,1*1000	POM 1	11/10/2022	AFRAB-CHEM LIMITED, 22, ABIMBOLA STREET, ISOLO	12700057	oyeyemiat2005@yahoo.com	AFRAB CHEM LIMITED, 22, ABIMBOLA STREET, ISOLO INDUSTRIAL ESTATE, ISOLO-LAGOS, Nigeria",10 x 10&#039;s (in PVC-Alu blisters),"Each tablet contains: Metronidazole 200 mg
Excipients: Avicel (Microcrystalline Cellulose), Corn Starch, Aerosil, Magnesium Stearate, Sodium Lauryl Sulphate, Povidon PVP-30, Pregel Starch, Sodium Starch Glycollate and Talcum Powder",https://admin.greenbook.nafdac.gov.ng/uploadImage/smpc_files/2023/12/14/2023121443521837-fe92-5d48-a1d3-93346d14cc7d.pdf,J01XD01,https://greenbook.nafdac.gov.ng/products/details/6494,2026-09-27T21:22:20.085187+00:00
Greenbook NAFDAC,318,4695,Amidrex 1 Tablet_,1,Drugs,"{'id': 1, 'name': 'Drugs', 'created_at': '-000001-11-30T00:00:00.000000Z', 'updated_at': '2022-03-17T16:53:12.000000Z', 'deleted_at': None}",16,Risperidone,,A4-1677,1,Tablet,1,Oral,1 mg,186,GoldMoore International Limited,2023-07-06,2028-07-05,Active,"Film-coated tablet.
White-coloured, round, biconvex, both sides plain, film-coated tablets",3 x 10&#039;s (in Alu-Alu blisters),"Each film-coated tablet contains: Risperidone USP 1 mg
Excipients q.s.",https://admin.greenbook.nafdac.gov.ng/uploadImage/smpc_files/2025/08/13/20250813a36485c4-8645-5b1e-b42e-c8ee3287ff65.pdf,N05AX08,https://greenbook.nafdac.gov.ng/products/details/4695,2026-09-27T21:22:20.085187+00:00
Greenbook NAFDAC,319,4696,Amidrex 2 Tablet_,1,Drugs,"{'id': 1, 'name': 'Drugs', 'created_at': '-000001-11-30T00:00:00.000000Z', 'updated_at': '2022-03-17T16:53:12.000000Z', 'deleted_at': None}",16,Risperidone,,A4-1676,1,Tablet,1,Oral,2 mg,186,GoldMoore International Limited,2023-07-06,2028-07-05,Active,"Oral film-coated tablets.
Orange-coloured, round-shaped, biconvex film-coated tablets, plain on both sides",3 x 10&#039;s (in Alu-Alu blisters),"Each film-coated tablet contains: Risperidone USP 2 mg
Excipients q.s.",https://admin.greenbook.nafdac.gov.ng/uploadImage/smpc_files/2025/08/13/202508138d0d2e8f-f059-5eb0-b0c3-51cdb8467bac.pdf,N05AX08,https://greenbook.nafdac.gov.ng/products/details/4696,2026-09-27T21:22:20.085187+00:00
Greenbook NAFDAC,320,21,Amikacin Injection**,1,Drugs,"{'id': 1, 'name': 'Drugs', 'created_at': '-000001-11-30T00:00:00.000000Z', 'updated_at': '2022-03-17T16:53:12.000000Z', 'deleted_at': None}",481,Amikacin (Amikacin Sulphate),,BA-0906,107,Solution for injection,29,Intravenous; Intramuscular,500 mg/2 mL,881,Pharmexco Pharmaceuticals Limited,2021-12-02,2026-12-01,Active,Solution for injection,,Each 2-mL vial contains: Amikacin (as Sulfate) 500 mg,,J01GB06,https://greenbook.nafdac.gov.ng/products/details/21,2026-09-27T21:22:20.085187+00:00
Greenbook NAFDAC,321,7771,Amikacin Sulphate Injection**,1,Drugs,"{'id': 1, 'name': 'Drugs', 'created_at': '-000001-11-30T00:00:00.000000Z', 'updated_at': '2022-03-17T16:53:12.000000Z', 'deleted_at': None}",481,Amikacin (Amikacin Sulphate),,A4-8442,107,Solution for injection,29,Intravenous; Intramuscular,500 mg/2 mL,367,Excel Charis Pharmaceutical Chemical Limited,2021-03-29,2026-03-28,Inactive,Solution for injection in 2-mL vial,2 mL x 1&#039;s (in vial),Each 2-mL vial contains: Amikacin (as Sulphate) 500 mg,https://admin.greenbook.nafdac.gov.ng/uploadImage/smpc_files/2025/04/18/20250418c2c998b3-6d2f-50bb-8389-2bd51efcf46b.pdf,J01GB06,https://greenbook.nafdac.gov.ng/products/details/7771,2026-09-27T21:22:20.085187+00:00
Greenbook NAFDAC,322,7772,Amino 100 Tablet**,1,Drugs,"{'id': 1, 'name': 'Drugs', 'created_at': '-000001-11-30T00:00:00.000000Z', 'updated_at': '2022-03-17T16:53:12.000000Z', 'deleted_at': None}",382,Aminophylline,,04-5473,1,Tablet,1,Oral,100 mg,1177,De - Godstime Industry Nig Ltd,2021-02-25,2026-02-24,Inactive,"White, circular, flat, uncoated tablet embossed ‘AMINO’ on one side and breakline on other side of each tablet.
The scoreline is only to facilitate breaking for ease of swallowing and not to divide into equal doses. ",1 x 100&#039;s (in amber coloured bottle),"Each uncoated tablet contains: Aminophylline BP 100 mg.

Excipients with known effects:
Each tablet contains 50 mg of Dibasic calcium phosphate, 4 mg of Magnesium Stearate",https://admin.greenbook.nafdac.gov.ng/uploadImage/smpc_files/2024/09/14/20240914d3b3517d-a45a-55dc-86ca-0f067286939a.pdf,R03DA05,https://greenbook.nafdac.gov.ng/products/details/7772,2026-09-27T21:22:20.085187+00:00
Greenbook NAFDAC,323,7773,Aminocure Amlodipine 10 mg Tablet**,1,Drugs,"{'id': 1, 'name': 'Drugs', 'created_at': '-000001-11-30T00:00:00.000000Z', 'updated_at': '2022-03-17T16:53:12.000000Z', 'deleted_at': None}",272,Amlodipine (Amlodipine Besilate),Amlodipine (Amlodipine Besylate),A11-100719,1,Tablet,1,Oral,10 mg,742,Unicure Pharmaceuticals Limited,2024-06-27,2029-06-26,Active,"Tablet
White, circular, biconvex, uncoated tablet marked with &#039;10&#039; on one side and plain on the other side",2 x 14&#039;s (in blisters),"Each tablet contains: Amlodipine besilate BP equivalent to Amlodipine 10 mg
Excipients q.s.",https://admin.greenbook.nafdac.gov.ng/uploadImage/smpc_files/2024/08/01/202408011c2a2dd8-2401-58af-9cb6-192d0bddf80a.pdf,C08CA01,https://greenbook.nafdac.gov.ng/products/details/7773,2026-09-27T21:22:20.085187+00:00
Greenbook NAFDAC,324,7785,Aminocure Amlodipine 5 mg Tablet**,1,Drugs,"{'id': 1, 'name': 'Drugs', 'created_at': '-000001-11-30T00:00:00.000000Z', 'updated_at': '2022-03-17T16:53:12.000000Z', 'deleted_at': None}",272,Amlodipine (Amlodipine Besilate),Amlodipine (Amlodipine Besylate),A11-100718,1,Tablet,1,Oral,5 mg,742,Unicure Pharmaceuticals Limited,2024-06-27,2029-06-26,Active,"Tablet
White, circular, biconvex, uncoated tablets marked with &#039;5&#039; on one side and plain on the other side",2 x 14&#039;s (in blisters),"Each tablet contains: Amlodipine Besilate BP equivalent to Amlodipine 5 mg
Excipients q.s.",https://admin.greenbook.nafdac.gov.ng/uploadImage/smpc_files/2024/12/02/20241202dd83b84c-280b-5d28-846d-5c8ac6571cf9.pdf,C08CA01,https://greenbook.nafdac.gov.ng/products/details/7785,2026-09-27T21:22:20.085187+00:00
Greenbook NAFDAC,325,6751,Aminophylline 100 mg Tablet**,1,Drugs,"{'id': 1, 'name': 'Drugs', 'created_at': '-000001-11-30T00:00:00.000000Z', 'updated_at': '2022-03-17T16:53:12.000000Z', 'deleted_at': None}",382,Aminophylline,,A4-9071,1,Tablet,1,Oral,100 mg,489,Nkoyo Chemists Ltd,2023-12-21,2028-12-20,Active,"Pale yellow, round uncoated tablets with the AMINO embossed logo on one side and BREAKLINE on the other side",1 x 1000&#039;s (in amber coloured HDPE PET bottle),Each tablet contains: Aminophylline anhydrous 100 mg,https://admin.greenbook.nafdac.gov.ng/uploadImage/smpc_files/2024/01/01/20240101f782180f-5e81-557f-8fca-84ba5b22779e.pdf,R03DA05,https://greenbook.nafdac.gov.ng/products/details/6751,2026-09-27T21:22:20.085187+00:00
Greenbook NAFDAC,326,7786,Aminophylline Tablets**,1,Drugs,"{'id': 1, 'name': 'Drugs', 'created_at': '-000001-11-30T00:00:00.000000Z', 'updated_at': '2022-03-17T16:53:12.000000Z', 'deleted_at': None}",382,Aminophylline,, C4-1648,1,Tablet,1,Oral,100 mg,651,Global Young Pharma Limited,2021-03-29,2026-03-28,Inactive,"Pale yellow, round uncoated tablets with the AMINO embossed logo on one side and BREAKLINE on the other side",1 x 1000&#039;s (in amber coloured HDPE PET bottle),"Aminophylline Tablets BP.
Each tablet contains: Aminophylline (as Anhydrous) BP 100 mg",https://admin.greenbook.nafdac.gov.ng/uploadImage/smpc_files/2024/09/16/202409163a58711b-90e9-587f-b225-e01b32c9cbb0.pdf,R03DA05,https://greenbook.nafdac.gov.ng/products/details/7786,2026-09-27T21:22:20.085187+00:00
Greenbook NAFDAC,327,8851,Aminophylline Tablets**,1,Drugs,"{'id': 1, 'name': 'Drugs', 'created_at': '-000001-11-30T00:00:00.000000Z', 'updated_at': '2022-03-17T16:53:12.000000Z', 'deleted_at': None}",382,Aminophylline,,A4-1233,1,Tablet,1,Oral,100 mg,423,Manfes Pharmaceutical Company Limited,2021-09-28,2026-09-27,Active,Tablet,1 x 1000&#039;s,Each tablet contains: Aminophylline equivalent to 100 mg Aminophylline BP,,R03DA05,https://greenbook.nafdac.gov.ng/products/details/8851,2026-09-27T21:22:20.085187+00:00
Greenbook NAFDAC,328,7787,Amiodar-200 Tablets**,1,Drugs,"{'id': 1, 'name': 'Drugs', 'created_at': '-000001-11-30T00:00:00.000000Z', 'updated_at': '2022-03-17T16:53:12.000000Z', 'deleted_at': None}",1904,Amiodarone Hydrochloride,,A4-8257,1,Tablet,1,Oral,200 mg,230,Micro Nova Pharmaceuticals Ind Ltd,2021-05-07,2026-05-06,Inactive,Tablet,3 x 10&#039;s,Each tablet contains: Amiodarone Hydrochloride 200 mg,,,https://greenbook.nafdac.gov.ng/products/details/7787,2026-09-27T21:22:20.085187+00:00
Greenbook NAFDAC,329,8562,Amiodarone 100 mg Tablet**,1,Drugs,"{'id': 1, 'name': 'Drugs', 'created_at': '-000001-11-30T00:00:00.000000Z', 'updated_at': '2022-03-17T16:53:12.000000Z', 'deleted_at': None}",286,Amiodarone,,C4-1835,1,Tablet,1,Oral,100 mg,722,SK Medicines Limited,2021-08-26,2026-08-25,Inactive,Tablet,2 x 14&#039;s (in blisters),Amiodarone 100 mg,,,https://greenbook.nafdac.gov.ng/products/details/8562,2026-09-27T21:22:20.085187+00:00
Greenbook NAFDAC,330,8563,Amiodarone 200 Mg Tablet**,1,Drugs,"{'id': 1, 'name': 'Drugs', 'created_at': '-000001-11-30T00:00:00.000000Z', 'updated_at': '2022-03-17T16:53:12.000000Z', 'deleted_at': None}",286,Amiodarone,,C4-1836,1,Tablet,1,Oral,200 mg,722,SK Medicines Limited,2021-08-26,2026-08-25,Inactive,Tablet,2 x 14&#039;s (in blisters),Amiodarone 200 mg,,,https://greenbook.nafdac.gov.ng/products/details/8563,2026-09-27T21:22:20.085187+00:00
Greenbook NAFDAC,331,8564,Amitryptylline HCl Tablets**,1,Drugs,"{'id': 1, 'name': 'Drugs', 'created_at': '-000001-11-30T00:00:00.000000Z', 'updated_at': '2022-03-17T16:53:12.000000Z', 'deleted_at': None}",18,Amitriptyline Hydrochloride,,B4-3798,1,Tablet,1,Oral,25 mg,423,Manfes Pharmaceutical Company Limited,2021-08-26,2026-08-25,Inactive,Tablet,1 x 500&#039;s; 1 x 1000&#039;s,Amitriptyline HCl BP 25 mg,,,https://greenbook.nafdac.gov.ng/products/details/8564,2026-09-27T21:22:20.085187+00:00
Greenbook NAFDAC,332,2650,Amlo 10 Tablets##,1,Drugs,"{'id': 1, 'name': 'Drugs', 'created_at': '-000001-11-30T00:00:00.000000Z', 'updated_at': '2022-03-17T16:53:12.000000Z', 'deleted_at': None}",272,Amlodipine (Amlodipine Besilate),Amlodipine (Amlodipine Besylate),B4-4409,1,Tablet,1,Oral,10 mg,181,Getz Pharma Nigeria Limited,2020-11-30,2025-11-29,Inactive,Tablet,,Each tablet contains: Amlodipine Besylate 10 mg,,C08CA01,https://greenbook.nafdac.gov.ng/products/details/2650,2026-09-27T21:22:20.085187+00:00
Greenbook NAFDAC,333,2651,Amlo 5 Tablets##,1,Drugs,"{'id': 1, 'name': 'Drugs', 'created_at': '-000001-11-30T00:00:00.000000Z', 'updated_at': '2022-03-17T16:53:12.000000Z', 'deleted_at': None}",272,Amlodipine (Amlodipine Besilate),Amlodipine (Amlodipine Besylate),B4-4408,1,Tablet,1,Oral,5 mg,181,Getz Pharma Nigeria Limited,2020-11-30,2025-11-29,Inactive,Tablet,,Each tablet contains: Amlodipine Besylate 5 mg,,C08CA01,https://greenbook.nafdac.gov.ng/products/details/2651,2026-09-27T21:22:20.085187+00:00
Greenbook NAFDAC,334,271,Amlodipine 10 mg Tablet##,1,Drugs,"{'id': 1, 'name': 'Drugs', 'created_at': '-000001-11-30T00:00:00.000000Z', 'updated_at': '2022-03-17T16:53:12.000000Z', 'deleted_at': None}",272,Amlodipine (Amlodipine Besilate),Amlodipine (Amlodipine Besylate),B4-6505,1,Tablet,1,Oral,10 mg,376,First J. Pocco Pharmacy Limited,2021-06-24,2026-06-23,Inactive,"Tablet
The tablets are white, circular, biconvex and plain on both sides",2 x 14&#039;s (in PVC-Alu blisters),"Each tablet contains: Amlodipine Besylate USP equivalent to Amlodipine 10 mg
Excipients q.s,",https://admin.greenbook.nafdac.gov.ng/uploadImage/smpc_files/2023/05/27/20230527c391159f-b1ec-5af5-bb6e-96daf5cc5a71.pdf,C08CA01,https://greenbook.nafdac.gov.ng/products/details/271,2026-09-27T21:22:20.085187+00:00
Greenbook NAFDAC,335,6602,Amlodipine 10 mg Tablet**,1,Drugs,"{'id': 1, 'name': 'Drugs', 'created_at': '-000001-11-30T00:00:00.000000Z', 'updated_at': '2022-03-17T16:53:12.000000Z', 'deleted_at': None}",272,Amlodipine (Amlodipine Besilate),Amlodipine (Amlodipine Besylate),B4-9682,1,Tablet,1,Oral,10 mg,1251,Emie Pharmaceuticals (UK) Limited,2023-12-21,2028-12-20,Active,"Tablet.
An oval-shaped, light-blue colored tablet with &quot;D.V&quot; engraved on side and the other plain","2 x 15&#039;s, 2 x 14&#039;s (in Alu-Alu blisters)",Each tablet contains: Amlodipine Besylate 10 mg,https://admin.greenbook.nafdac.gov.ng/uploadImage/smpc_files/2024/01/01/2024010134db2a27-f787-501b-9fbd-5b53f01c1a89.pdf,C08CA01,https://greenbook.nafdac.gov.ng/products/details/6602,2026-09-27T21:22:20.085187+00:00
Greenbook NAFDAC,336,288,Amlodipine 10 mg Tablets_,1,Drugs,"{'id': 1, 'name': 'Drugs', 'created_at': '-000001-11-30T00:00:00.000000Z', 'updated_at': '2022-03-17T16:53:12.000000Z', 'deleted_at': None}",272,Amlodipine (Amlodipine Besilate),Amlodipine (Amlodipine Besylate),A4-100078,1,Tablet,1,Oral,10 mg,669,World Wide Commercial Ventures Ltd,2021-08-03,2026-08-02,Inactive,"Tablet
White round tablet, 11 mm in diameter. One side is slightly concave with a break line and debossed &quot;A10&quot;. The other side is slightly convex and plain",3 x 10&#039;s (in Alu PVC blisters),"Each tablet contains: Amlodipine Besylate equivalent to Amlodipine 10 mg
Equivalent q.s.",https://admin.greenbook.nafdac.gov.ng/uploadImage/smpc_files/2025/02/03/20250203360b7134-3966-5ac3-ad0b-dd431db28e71.pdf,C08CA01,https://greenbook.nafdac.gov.ng/products/details/288,2026-09-27T21:22:20.085187+00:00
Greenbook NAFDAC,337,7116,"Amlodipine 10 mg, Valsartan 160 mg, Hydrochlorothiazide 12.5 mg**",1,Drugs,"{'id': 1, 'name': 'Drugs', 'created_at': '-000001-11-30T00:00:00.000000Z', 'updated_at': '2022-03-17T16:53:12.000000Z', 'deleted_at': None}",280,Amlodipine (Amlodipine Besilate); Valsartan; Hydrochlorothiazide,,A4-100702,1,Tablet,1,Oral,10 mg; 160 mg; 12.5 mg,166,Embassy Pharmaceutical and Chemicals Limited,2024-01-31,2029-01-30,Active,Film coated tablets,3 x 10&#039;s (in Alu-Alu blisters),"Each film-coated tablet contains; Amlodipine Besylate USP equiv. to Amlodipine 10 mg, Valsartan USP 160 mg, Hydrochlorothiazide USP 12.5 mg, Excipients q.s",https://admin.greenbook.nafdac.gov.ng/uploadImage/smpc_files/2024/12/27/20241227a98e4444-4a97-50d9-9e26-8fb545980e8f.pdf,C09DX01,https://greenbook.nafdac.gov.ng/products/details/7116,2026-09-27T21:22:20.085187+00:00
Greenbook NAFDAC,338,7117,"Amlodipine 10 mg, Valsartan 160 mg, Hydrochlorothiazide 25 mg**",1,Drugs,"{'id': 1, 'name': 'Drugs', 'created_at': '-000001-11-30T00:00:00.000000Z', 'updated_at': '2022-03-17T16:53:12.000000Z', 'deleted_at': None}",280,Amlodipine (Amlodipine Besilate); Valsartan; Hydrochlorothiazide,,A4-100703,1,Tablet,1,Oral,10 mg; 160 mg; 25 mg,166,Embassy Pharmaceutical and Chemicals Limited,2024-01-31,2029-01-30,Active,Film Coated Tablet,3 x 10&#039;s (in Alu-Alu blisters),"Each film-coated tablet contains: Amlodipine Besylate USP equiv. to Amlodipine 10 mg, Valsartan USP 160 mg, Hydrochlorothiazide USP 25 mg, Excipients q.s.",https://admin.greenbook.nafdac.gov.ng/uploadImage/smpc_files/2024/12/24/20241224f5b1920d-da82-5775-9f2b-8f945e1c8e13.pdf,C09DX01,https://greenbook.nafdac.gov.ng/products/details/7117,2026-09-27T21:22:20.085187+00:00
Greenbook NAFDAC,339,4702,Amlodipine 10 Tablets##,1,Drugs,"{'id': 1, 'name': 'Drugs', 'created_at': '-000001-11-30T00:00:00.000000Z', 'updated_at': '2022-03-17T16:53:12.000000Z', 'deleted_at': None}",272,Amlodipine (Amlodipine Besilate),Amlodipine (Amlodipine Besylate),C4-1991,1,Tablet,1,Oral,10 mg,713,Sure Drugs Healthcare Ltd,2022-05-26,2027-05-25,Active,"Tablet

Amlodipine 10 Tablets	C4-1991		AMLODIPINE BESILATE 	PRESCRIPTION ONLY MEDICINE	ANTIHYPERTENSIVE	AMLODIPINE BESILATE BP EQ. TO AMLODIPINE 10MG	TABLETS	10 X 10		MANAGEMENT OF HYPERTENSION	SUREDRUGS HEALTHCARE 	NIGERIA	SHUKRA PHARM LTD.	INDIA	05/26/2022	05/25/2027
",10 x 10&#039;s,Each tablet contains: Amlodipine Besylate equivalent to Amlodipine 10 mg,,C08CA01,https://greenbook.nafdac.gov.ng/products/details/4702,2026-09-27T21:22:20.085187+00:00
Greenbook NAFDAC,340,272,Amlodipine 5 mg Tablet##,1,Drugs,"{'id': 1, 'name': 'Drugs', 'created_at': '-000001-11-30T00:00:00.000000Z', 'updated_at': '2022-03-17T16:53:12.000000Z', 'deleted_at': None}",272,Amlodipine (Amlodipine Besilate),Amlodipine (Amlodipine Besylate),B4-6506,1,Tablet,1,Oral,5 mg,376,First J. Pocco Pharmacy Limited,2021-06-24,2026-06-23,Inactive,"Tablet
The tablets are white, circular, biconvex and plain on both sides",2 x 14&#039;s (in PVC-Alu blisters),"Each tablet contains: Amlodipine Besylate USP equivalent to Amlodipine 5 mg
Excipients q.s.",https://admin.greenbook.nafdac.gov.ng/uploadImage/smpc_files/2023/05/27/20230527b19bc63b-7771-5b1b-b355-a0ea250c4ad3.pdf,C08CA01,https://greenbook.nafdac.gov.ng/products/details/272,2026-09-27T21:22:20.085187+00:00
Greenbook NAFDAC,341,253,Amlodipine 5 mg Tablets**,1,Drugs,"{'id': 1, 'name': 'Drugs', 'created_at': '-000001-11-30T00:00:00.000000Z', 'updated_at': '2022-03-17T16:53:12.000000Z', 'deleted_at': None}",272,Amlodipine (Amlodipine Besilate),Amlodipine (Amlodipine Besylate),A4-100061,1,Tablet,1,Oral,5 mg,669,World Wide Commercial Ventures Ltd,2021-06-24,2026-06-23,Inactive,"Tablet.
White, round tablet, 8 mm in diameter. One side is slightly concave with a break line and debossed &quot;A5&quot;, the other side is slightly convex and plain
Tablet can be divided into equal doses",3 x 10&#039;s (in Alu PVC blisters),"Each tablet contains: Amlodipine Besylate equiv. to Amlodipine 5 mg, Excipients q.s.",https://admin.greenbook.nafdac.gov.ng/uploadImage/smpc_files/2025/02/03/20250203cc0d5211-d2ad-5d40-85dd-c11f3acc8c22.pdf,C08CA01,https://greenbook.nafdac.gov.ng/products/details/253,2026-09-27T21:22:20.085187+00:00
Greenbook NAFDAC,342,7326,"Amlodipine 5 mg, Valsartan 160 mg, Hydrochlorothiazide 12.5 mg##",1,Drugs,"{'id': 1, 'name': 'Drugs', 'created_at': '-000001-11-30T00:00:00.000000Z', 'updated_at': '2022-03-17T16:53:12.000000Z', 'deleted_at': None}",280,Amlodipine (Amlodipine Besilate); Valsartan; Hydrochlorothiazide,,A4-100740,1,Tablet,1,Oral,5 mg; 160 mg; 12.5 mg,166,Embassy Pharmaceutical and Chemicals Limited,2024-02-28,2029-02-27,Active,"Film coated tablet

27	NF-PP-306130	AMLODIPINE 5MG, VALSARTAN 160MG, HYDROCHLOROTHIAZIDE 12.5MG	AMLODIPINE 5MG, VALSARTAN 160MG, HYDROCHLOROTHIAZIDE 12.5MG	EACH FILM COATED TABLET CONTAINS; AMLODIPINE 5MG, VALSARTAN 160MG, HYDROCHLOROTHIAZIDE 12.5MG, EXCIPIENTS Q.S	A4-100740	Drugs	Imported Products	3x10	POM 1	1/16/2023	EMBASSY PHARMACEUTICAL AND CHEMICALS LIMITED, 41 ADEMOLA STREET S/W IKOYI, LAGOS	14630021	embapharm_caredesk@yahoo.com	STALLION LABORATORIES PVT. LTD., C1B,305,2,3,4&amp;5 GIDC, KERALA (BAVLA) DIST: AHMEDABAD (GUJARAT) INDIA., India",3 x 10&#039;s (in Alu-Alu blisters) ,"Each film coated tablet contains: Amlodipine Besylate USP equivalent to Amlodipine 5 mg, Hydrochlorothiazide USP 12.5 mg, Valsartan USP 160 mg
Excipients q.s.",https://admin.greenbook.nafdac.gov.ng/uploadImage/smpc_files/2024/03/23/20240323e452067d-826a-50cc-ad80-d347b3595fee.pdf,C09DB01,https://greenbook.nafdac.gov.ng/products/details/7326,2026-09-27T21:22:20.085187+00:00
Greenbook NAFDAC,343,7118,"Amlodipine 5 mg, Valsartan 160 mg, Hydrochlorothiazide 25 mg Tablet## (active ingredient spelling)",1,Drugs,"{'id': 1, 'name': 'Drugs', 'created_at': '-000001-11-30T00:00:00.000000Z', 'updated_at': '2022-03-17T16:53:12.000000Z', 'deleted_at': None}",280,Amlodipine (Amlodipine Besilate); Valsartan; Hydrochlorothiazide,,A4-100739,1,Tablet,1,Oral,5 mg; 160 mg; 25 mg,166,Embassy Pharmaceutical and Chemicals Limited,2024-02-28,2029-02-27,Active,"Tablet

26	NF-PP-305988	AMLODIPINE 5MG, VALSARTAN 160MG, HYDROCHLOROTHIAZIDE 25MG TABLET	AMLODIPINE 5MG, VALSARTAN 160MG, HYDROCHLOROTHIAZIDE 25MG 	EACH FILM COATED TABLET CONTAINS; AMLODIPINE 5MG, VALSARTAN 160MG, HYDROCHLOROTHIAZIDE 25MG, EXCIPIENTS Q.S	A4-100739	Drugs	Imported Products	3X10	POM 1	1/16/2023	EMBASSY PHARMACEUTICAL AND CHEMICALS LIMITED, 41 ADEMOLA STREET S/W IKOYI, LAGOS	14630021	embapharm_caredesk@yahoo.com	STALLION LABORATORIES PVT. LTD., C1B,305,2,3,4&amp;5 GIDC, KERALA (BAVLA) DIST: AHMEDABAD (GUJARAT) INDIA., India",3 x 10&#039;s (in Alu-Alu blisters),"Each film coated tablet contains: Amlodipine Besylate USP equivalent to Amlodipine 5 mg, Hydrochlorthiazide USP 25 mg, Valsartan USP 160 mg 
Excipients q.s.",https://admin.greenbook.nafdac.gov.ng/uploadImage/smpc_files/2024/03/23/202403232a55c62a-91b0-5e18-ab17-4933edb5e82b.pdf,C09DX01,https://greenbook.nafdac.gov.ng/products/details/7118,2026-09-27T21:22:20.085187+00:00
Greenbook NAFDAC,344,7119,Amlodipine Besilate 10 mg Tablets##,1,Drugs,"{'id': 1, 'name': 'Drugs', 'created_at': '-000001-11-30T00:00:00.000000Z', 'updated_at': '2022-03-17T16:53:12.000000Z', 'deleted_at': None}",272,Amlodipine (Amlodipine Besilate),Amlodipine (Amlodipine Besylate),B4-8993,1,Tablet,1,Oral,10 mg,751,ZMC International Limited,2024-01-31,2029-01-30,Active,"Uncoated tablet

55	RNW-PP-347401	AMLODIPINE BESILATE 10MG TABLETS	AMLODIPINE BESILATE BP 10MG	EACH TABLET CONTAINS AMLODIPINE 10MG dibasic calcium phosphate dihydrate, magnesium stearate, microcrystalline cellulose	B4-8993	Drugs	Imported Products	2*14	Prescription Only Medicine (POM)	8/9/2023	ZMC INTERNATIONAL LIMITED., 7A NIGER STREET,KANO, KANO STATE, NIGERIA	576768789	zmcinternational18@gmail.com	APEX FORMULATIONS PVT LTD, 1276, RAJPUR, ZULASAN ROAD, AHMEDABAD - MEHSANA HIGHWAY, DIST, MEHSANA GUJARAT, INDIA, India",2 x 14&#039;s (in a carton),"Each tablet contains: Amlodipine Besylate equivalent to Amlodipine
Excipients q.s.",https://admin.greenbook.nafdac.gov.ng/uploadImage/smpc_files/2024/02/17/2024021700dced4a-95aa-5e49-b135-5e28206fc179.pdf,C08CA01,https://greenbook.nafdac.gov.ng/products/details/7119,2026-09-27T21:22:20.085187+00:00
Greenbook NAFDAC,345,8852,Amlodipine Besylate Tablets USP 5 mg**,1,Drugs,"{'id': 1, 'name': 'Drugs', 'created_at': '-000001-11-30T00:00:00.000000Z', 'updated_at': '2022-03-17T16:53:12.000000Z', 'deleted_at': None}",272,Amlodipine (Amlodipine Besilate),Amlodipine (Amlodipine Besylate),C4-1862,1,Tablet,1,Oral,5 mg,1018,IDA Foundation,2021-09-28,2026-09-27,Active,Tablet,1 x 100&#039;s,Each tablet contains: Amlodipine besylate USP equiv. to Amlodipine 5 mg,,C08CA01,https://greenbook.nafdac.gov.ng/products/details/8852,2026-09-27T21:22:20.085187+00:00
Greenbook NAFDAC,346,8005,Amlodipine Besylate USP 10 mg Tablet**,1,Drugs,"{'id': 1, 'name': 'Drugs', 'created_at': '-000001-11-30T00:00:00.000000Z', 'updated_at': '2022-03-17T16:53:12.000000Z', 'deleted_at': None}",272,Amlodipine (Amlodipine Besilate),Amlodipine (Amlodipine Besylate),C4-1770,1,Tablet,1,Oral,10 mg,185,Global Organics Ltd,2021-08-03,2026-08-02,Inactive,Uncoated tablet,2 x 14&#039;s (in blisters),"Each uncoated tablet contains: Amlodipine Besylate USP equiv. to Amlodipine 10 mg, Excipients Q.S.",,C08CA01,https://greenbook.nafdac.gov.ng/products/details/8005,2026-09-27T21:22:20.085187+00:00
Greenbook NAFDAC,347,8006,Amlodipine Besylate USP 5 mg Tablet**,1,Drugs,"{'id': 1, 'name': 'Drugs', 'created_at': '-000001-11-30T00:00:00.000000Z', 'updated_at': '2022-03-17T16:53:12.000000Z', 'deleted_at': None}",272,Amlodipine (Amlodipine Besilate),Amlodipine (Amlodipine Besylate),C4-1769,1,Tablet,1,Oral,5 mg,185,Global Organics Ltd,2021-08-03,2026-08-02,Inactive,Uncoated tablet,2 x 14&#039;s (in blisters),"Each uncoated tablet contains:  Amlodipine Besylate USP equiv. to Amlodipine 5 mg, Excipients Q.S.",,C08CA01,https://greenbook.nafdac.gov.ng/products/details/8006,2026-09-27T21:22:20.085187+00:00
Greenbook NAFDAC,348,7788,Amlodipine BP 10 mg Tablets**,1,Drugs,"{'id': 1, 'name': 'Drugs', 'created_at': '-000001-11-30T00:00:00.000000Z', 'updated_at': '2022-03-17T16:53:12.000000Z', 'deleted_at': None}",272,Amlodipine (Amlodipine Besilate),Amlodipine (Amlodipine Besylate),C4-1577,1,Tablet,1,Oral,10 mg,816,Exxon Pharma Nigeria Limited,2021-02-25,2026-02-24,Inactive,"Uncoated tablet.
Off white coloured tablet plain on each side",2 x 14&#039;s (in Alu-PVC blisters),Each tablet contains: Amlodipine Besilate BP 13.86 mg equiv. to Amlodipine 10 mg,https://admin.greenbook.nafdac.gov.ng/uploadImage/smpc_files/2024/09/16/202409167afa5036-d6eb-538f-9029-8f4252b7738d.pdf,,https://greenbook.nafdac.gov.ng/products/details/7788,2026-09-27T21:22:20.085187+00:00
Greenbook NAFDAC,349,7789,Amlodipine BP 5 mg Tablets**,1,Drugs,"{'id': 1, 'name': 'Drugs', 'created_at': '-000001-11-30T00:00:00.000000Z', 'updated_at': '2022-03-17T16:53:12.000000Z', 'deleted_at': None}",272,Amlodipine (Amlodipine Besilate),Amlodipine (Amlodipine Besylate),C4-1576,1,Tablet,1,Oral,5 mg,816,Exxon Pharma Nigeria Limited,2021-02-25,2026-02-24,Inactive,Off white coloured tablet plain on each side,2 x 14&#039;s (in Alu-PVC blisters),Each tablet contains: Amlodipine Besilate BP equiv. to Amlodipine 5 mg,https://admin.greenbook.nafdac.gov.ng/uploadImage/smpc_files/2024/09/16/20240916b60094f0-13a9-508f-8d92-f14978abbd50.pdf,,https://greenbook.nafdac.gov.ng/products/details/7789,2026-09-27T21:22:20.085187+00:00
Greenbook NAFDAC,350,2653,Amlodipine Tablet 10 mg##,1,Drugs,"{'id': 1, 'name': 'Drugs', 'created_at': '-000001-11-30T00:00:00.000000Z', 'updated_at': '2022-03-17T16:53:12.000000Z', 'deleted_at': None}",272,Amlodipine (Amlodipine Besilate),Amlodipine (Amlodipine Besylate),B4-3368,1,Tablet,1,Oral,10 mg,451,Dony-Triumph and Company Nigeria Limited,2020-12-21,2025-12-20,Inactive,Tablet,,Each tablet contains: Amlodipine Besylate equivalent to Amlodipine 10 mg,,C08CA01,https://greenbook.nafdac.gov.ng/products/details/2653,2026-09-27T21:22:20.085187+00:00
Greenbook NAFDAC,351,2654,Amlodipine Tablet 5 mg##,1,Drugs,"{'id': 1, 'name': 'Drugs', 'created_at': '-000001-11-30T00:00:00.000000Z', 'updated_at': '2022-03-17T16:53:12.000000Z', 'deleted_at': None}",272,Amlodipine (Amlodipine Besilate),Amlodipine (Amlodipine Besylate),B4-3752,1,Tablet,1,Oral,5 mg,451,Dony-Triumph and Company Nigeria Limited,2020-12-21,2025-12-20,Inactive,Tablet,,Each tablet contains: Amlodipine Besylate equivalent to Amlodipine 5 mg,,C08CA01,https://greenbook.nafdac.gov.ng/products/details/2654,2026-09-27T21:22:20.085187+00:00
Greenbook NAFDAC,352,8565,Amlodipine Tablet**,1,Drugs,"{'id': 1, 'name': 'Drugs', 'created_at': '-000001-11-30T00:00:00.000000Z', 'updated_at': '2022-03-17T16:53:12.000000Z', 'deleted_at': None}",272,Amlodipine (Amlodipine Besilate),Amlodipine (Amlodipine Besylate),C4-1825,1,Tablet,1,Oral,10 mg,687,Morehope Pharma Limited,2021-08-26,2026-08-25,Inactive,Tablet,2 x 10&#039;s (in blisters),Amlodipine Besylate USP 10 mg,,,https://greenbook.nafdac.gov.ng/products/details/8565,2026-09-27T21:22:20.085187+00:00
Greenbook NAFDAC,353,8566,Amlodipine Tablet**,1,Drugs,"{'id': 1, 'name': 'Drugs', 'created_at': '-000001-11-30T00:00:00.000000Z', 'updated_at': '2022-03-17T16:53:12.000000Z', 'deleted_at': None}",272,Amlodipine (Amlodipine Besilate),Amlodipine (Amlodipine Besylate),C4-1824,1,Tablet,1,Oral,5 mg,687,Morehope Pharma Limited,2021-08-26,2026-08-25,Inactive,Tablet,1 x 10&#039;s (in blister),Amlodipine Besylate USP 5 mg,,,https://greenbook.nafdac.gov.ng/products/details/8566,2026-09-27T21:22:20.085187+00:00
Greenbook NAFDAC,354,22,Amlodipine Tablets##,1,Drugs,"{'id': 1, 'name': 'Drugs', 'created_at': '-000001-11-30T00:00:00.000000Z', 'updated_at': '2022-03-17T16:53:12.000000Z', 'deleted_at': None}",272,Amlodipine (Amlodipine Besilate),Amlodipine (Amlodipine Besylate),A11-0275,1,Tablet,1,Oral,10 mg,291,SKG - Pharma Ltd,2021-10-28,2026-10-27,Active,Tablet,,Each tablet contains: Amlodipine Besylate equivalent to Amlodipine 10 mg,,C08CA01,https://greenbook.nafdac.gov.ng/products/details/22,2026-09-27T21:22:20.085187+00:00
Greenbook NAFDAC,355,7790,Amlodipine Tablets**,1,Drugs,"{'id': 1, 'name': 'Drugs', 'created_at': '-000001-11-30T00:00:00.000000Z', 'updated_at': '2022-03-17T16:53:12.000000Z', 'deleted_at': None}",272,Amlodipine (Amlodipine Besilate),Amlodipine (Amlodipine Besylate),B4-8294,1,Tablet,1,Oral,5 mg,858,Jucheck Malt Pharmaceutical Ltd,2021-05-07,2026-05-06,Inactive,Tablet,1 x 20&#039;s,Amlodipine Besilate USP 5 mg,,,https://greenbook.nafdac.gov.ng/products/details/7790,2026-09-27T21:22:20.085187+00:00
Greenbook NAFDAC,356,6348,Amlonac 10 mg Tablet_,1,Drugs,"{'id': 1, 'name': 'Drugs', 'created_at': '-000001-11-30T00:00:00.000000Z', 'updated_at': '2022-03-17T16:53:12.000000Z', 'deleted_at': None}",272,Amlodipine (Amlodipine Besilate),Amlodipine (Amlodipine Besylate),B4-0797,1,Tablet,1,Oral,10 mg,504,Cardinal Drugs Limited,2023-10-31,2028-10-30,Active,White octagonal tablet embossed with 10 on one side and imprint of &quot;CDL&quot; on the other side representing Cardinal Drugs Limited.,2 x 14&#039;s (in blisters),Each tablet contains: Amlodipine Besylate equiv. to Amlodipine 10 mg,https://admin.greenbook.nafdac.gov.ng/uploadImage/smpc_files/2023/11/07/20231107679a27c3-f620-5195-8849-a3fdcb04edb6.pdf,C08CA01,https://greenbook.nafdac.gov.ng/products/details/6348,2026-09-27T21:22:20.085187+00:00
Greenbook NAFDAC,357,6349,Amlonac 5 mg Tablet_,1,Drugs,"{'id': 1, 'name': 'Drugs', 'created_at': '-000001-11-30T00:00:00.000000Z', 'updated_at': '2022-03-17T16:53:12.000000Z', 'deleted_at': None}",272,Amlodipine (Amlodipine Besilate),Amlodipine (Amlodipine Besylate),B4-0796,1,Tablet,1,Oral,5 mg,504,Cardinal Drugs Limited,2023-10-31,2028-10-30,Active,White octagonal tablet embossed with 5 on one side and imprint of  &quot;CDL&quot; on the other side representing Cardinal Drugs Limited,2 x 14&#039;s (in blisters),Each tablet contains: Amlodipine Besylate equivalent to Amlodipine 5 mg,https://admin.greenbook.nafdac.gov.ng/uploadImage/smpc_files/2023/11/07/2023110763b4192e-7c58-5ecc-a26c-f98fb4fb81ea.pdf,C08CA01,https://greenbook.nafdac.gov.ng/products/details/6349,2026-09-27T21:22:20.085187+00:00
Greenbook NAFDAC,358,4366,Amlong 10##,1,Drugs,"{'id': 1, 'name': 'Drugs', 'created_at': '-000001-11-30T00:00:00.000000Z', 'updated_at': '2022-03-17T16:53:12.000000Z', 'deleted_at': None}",272,Amlodipine (Amlodipine Besilate),Amlodipine (Amlodipine Besylate),A4-0445,1,Tablet,1,Oral,10 mg,165,Elbe Pharma Nigeria Limited,2022-08-29,2027-09-28,Active,"Tablet
White to off white, flat, circular, beveled edge uncoated tablet with &quot;AM&quot;, a break line and &quot;10&quot; engraved on one surface",3 x 10&#039;s (in Alu-Alu blisters),"Each tablet contains: Amlodipine Besylate equivalent to Amlodipine 10 mg
Excipients q.s.",https://admin.greenbook.nafdac.gov.ng/uploadImage/smpc_files/2023/05/27/20230527fcbe94b5-ab57-5215-9427-8d3d8d525ae8.pdf,C08CA01,https://greenbook.nafdac.gov.ng/products/details/4366,2026-09-27T21:22:20.085187+00:00
Greenbook NAFDAC,359,4368,Amlong 5##,1,Drugs,"{'id': 1, 'name': 'Drugs', 'created_at': '-000001-11-30T00:00:00.000000Z', 'updated_at': '2022-03-17T16:53:12.000000Z', 'deleted_at': None}",272,Amlodipine (Amlodipine Besilate),Amlodipine (Amlodipine Besylate),A4-0441,1,Tablet,1,Oral,5 mg,165,Elbe Pharma Nigeria Limited,2022-09-29,2027-09-28,Active,"Tablet
White to off white, flat, circular, beveled edge uncoated tablet with &quot;AM&quot;, a break line and &quot;10&quot; engraved on one surface",3 x 10&#039;s (in Alu-Alu blisters),"Each tablet contains: Amlodipine Besylate equivalent to Amlodipine 5 mg
Excipients q.s.",https://admin.greenbook.nafdac.gov.ng/uploadImage/smpc_files/2023/05/27/20230527c85e55bc-1caa-5a2d-a38e-a2178736ab23.pdf,C08CA01,https://greenbook.nafdac.gov.ng/products/details/4368,2026-09-27T21:22:20.085187+00:00
Greenbook NAFDAC,360,2655,Amlotrust 10 Tablets##,1,Drugs,"{'id': 1, 'name': 'Drugs', 'created_at': '-000001-11-30T00:00:00.000000Z', 'updated_at': '2022-03-17T16:53:12.000000Z', 'deleted_at': None}",272,Amlodipine (Amlodipine Besilate),Amlodipine (Amlodipine Besylate),A4-6950,1,Tablet,1,Oral,10 mg,127,Al-Tinez Pharmaceuticals Limited,2020-11-10,2025-11-09,Inactive,Tablet,,Each tablet contains: Amlodipine Besylate equivalent to Amlodipine 10 mg,,C08CA01,https://greenbook.nafdac.gov.ng/products/details/2655,2026-09-27T21:22:20.085187+00:00
Greenbook NAFDAC,361,2656,Amlotrust 5 Tablets##,1,Drugs,"{'id': 1, 'name': 'Drugs', 'created_at': '-000001-11-30T00:00:00.000000Z', 'updated_at': '2022-03-17T16:53:12.000000Z', 'deleted_at': None}",272,Amlodipine (Amlodipine Besilate),Amlodipine (Amlodipine Besylate),A4-5069,1,Tablet,1,Oral,5 mg,127,Al-Tinez Pharmaceuticals Limited,2020-11-10,2025-11-09,Inactive,Tablet,,Each tablet contains: Amlodipine Besylate equivalent to Amlodipine 5 mg,,C08CA01,https://greenbook.nafdac.gov.ng/products/details/2656,2026-09-27T21:22:20.085187+00:00
Greenbook NAFDAC,362,7791,Amlozaar Tablets**,1,Drugs,"{'id': 1, 'name': 'Drugs', 'created_at': '-000001-11-30T00:00:00.000000Z', 'updated_at': '2022-03-17T16:53:12.000000Z', 'deleted_at': None}",277,Amlodipine (Amlodipine Besilate); Losartan Potassium,,A4-8425,1,Tablet,1,Oral,5 mg; 50 mg,230,Micro Nova Pharmaceuticals Ind Ltd,2021-02-25,2026-02-24,Inactive,"Film coated tablet.
Light Yellow coloured, circular biconvex film-coated tablets with ‘MICRO’ engraved on both sides",3 x 10&#039;s (in Alu-Alu blisters),"Each film coated tablet contains: Losartan Potassium USP 50 mg, Amlodipine Besilate BP equivalent to Amlodipine 5 mg",https://admin.greenbook.nafdac.gov.ng/uploadImage/smpc_files/2024/09/16/20240916be4f205c-f7ea-5d43-a702-2990840c118d.pdf,,https://greenbook.nafdac.gov.ng/products/details/7791,2026-09-27T21:22:20.085187+00:00
Greenbook NAFDAC,363,4992,Amlozest 10 Tablets##,1,Drugs,"{'id': 1, 'name': 'Drugs', 'created_at': '-000001-11-30T00:00:00.000000Z', 'updated_at': '2022-03-17T16:53:12.000000Z', 'deleted_at': None}",272,Amlodipine (Amlodipine Besilate),Amlodipine (Amlodipine Besylate),B4-6709,1,Tablet,1,Oral,10 mg,712,Synermed Nig Ltd,2023-07-27,2028-07-26,Active,"Film Coated Tablet

35	RNW-PP-261963	AMLOZEST 10 TABLETS	AMLODIPINE BESILATE BP 10MG	Amlodipine Besilate 10mg	B4-6709	Drugs	Imported Products	3*10	Prescription Only Medicine (POM)	7/25/2022	SYNERMED (NIGERIA) LIMITED, ADENIYI JONES IKEJA LAGOS LAGOS	8035873263	synermednigeria@hotmail.com	M/S ZEST PHARMA, 275 SECTOR F, SANWER ROAD, INDORE, MADHYA PRADESH 452015, INDIA., India",3 x 10&#039;s (in Alu-Alu strips),"Each tablet contains: Amlodipine Besylate BP 10 mg
Excipients q.s",https://admin.greenbook.nafdac.gov.ng/uploadImage/smpc_files/2023/08/27/2023082738fa4a3a-c470-5459-8c35-14c5d4b3455a.pdf,C08CA01,https://greenbook.nafdac.gov.ng/products/details/4992,2026-09-27T21:22:20.085187+00:00
Greenbook NAFDAC,364,6733,Amobicon 12 mg Tablet##,1,Drugs,"{'id': 1, 'name': 'Drugs', 'created_at': '-000001-11-30T00:00:00.000000Z', 'updated_at': '2022-03-17T16:53:12.000000Z', 'deleted_at': None}",578,Ivermectin,,A11-100611,1,Tablet,1,Oral,12 mg,162,Drugfield Pharmaceuticals Limited,2023-12-21,2028-12-20,Active,"Tablet

82	NF-PP-273576	AMOBICON 12MG TABLET	IVERMECTIN 12MG	Ivermectin 0.230kg, Microcrystalline Cellulose 1.560kg, Pregelatinised Starch 3.133kg, Citric Acid Anhydrous 0.038kg, Butylated HydroxyAnisole 0.001Kg, Magnesium Stearate 0.038kg	A11-100611	Drugs	Nigerian Products	10*10packs	Prescription Only Medicine (POM)	7/4/2022	DRUGFIELD PHARMACEUTICALS LIMITED., LYNSON CHEMICAL AVENUE, KM 38 LAGOS-ABEOKUTA EXPRESSWAY, SANGO-OTA,OGUN STATE	8029055002	info@drugfieldpharma.com	DRUGFIELD PHARMACEUTICALS LIMITED, 48, AKEJU STREET, PALMGROVE, SOMOLU, LAGOS STATE. P.O BOX 5831, IKEJA, LAGOS STATE., Nigeria",10 x 10&#039;s,"Each tablet contains: Ivermectin 12 mg
Excipients: Microcrystalline Cellulose 1.560 kg, Pregelatinized Starch 3.133 kg, Citric Acid Anhydrous 0.038 kg, Butylated Hydroxy Anisole 0.001 kg, Magnesium Stearate 0.038 kg",https://admin.greenbook.nafdac.gov.ng/uploadImage/smpc_files/2024/06/25/20240625fc2a0bca-b226-5981-9c88-4f32d8b86fb9.pdf,P02CF01,https://greenbook.nafdac.gov.ng/products/details/6733,2026-09-27T21:22:20.085187+00:00
Greenbook NAFDAC,365,6734,Amobicon 3 mg Tablet##,1,Drugs,"{'id': 1, 'name': 'Drugs', 'created_at': '-000001-11-30T00:00:00.000000Z', 'updated_at': '2022-03-17T16:53:12.000000Z', 'deleted_at': None}",578,Ivermectin,,A11-100612,1,Tablet,1,Oral,3 mg,162,Drugfield Pharmaceuticals Limited,2023-12-21,2028-12-20,Active,"Tablet

81	NF-PP-273445	AMOBICON 3MG TABLET	IVERMECTIN 3MG	Ivermectin 30.00g, Microcrystalline Cellulose 800.10kg, Pregelatinised Starch 1529.64g, Citric Acid Anhydrous 19.61g, Butylated Hydroxy Anisole 0.52g, Magnesium Stearate 20.00g, Erythrosine Lake 0.13g	A11-100612	Drugs	Nigerian Products	10*10packs	Prescription Only Medicine (POM)	7/4/2022	DRUGFIELD PHARMACEUTICALS LIMITED., LYNSON CHEMICAL AVENUE, KM 38 LAGOS-ABEOKUTA EXPRESSWAY, SANGO-OTA,OGUN STATE	8029055002	info@drugfieldpharma.com	DRUGFIELD PHARMACEUTICALS LIMITED, 48, AKEJU STREET, PALMGROVE, SOMOLU, LAGOS STATE. P.O BOX 5831, IKEJA, LAGOS STATE., Nigeria",10 x 10&#039;s (in blisters),"Each tablets contains: Ivermectin 3 mg
Excipients: Microcrystalline Cellulose 800.10 kg, Pregelatinized Starch 1529.64 g, Citric Acid Anhydrous 19.61 g, Butylated Hydroxy Anisole 0.52 g, Magnesium Stearate 20.00 g, Erythrosine Lake 0.13 g
",https://admin.greenbook.nafdac.gov.ng/uploadImage/smpc_files/2024/01/02/20240102c03ce481-c7ff-5566-8fbb-fa2db7c3f413.pdf,P02CF01,https://greenbook.nafdac.gov.ng/products/details/6734,2026-09-27T21:22:20.085187+00:00
Greenbook NAFDAC,366,3239,Amodex Tablet##,1,Drugs,"{'id': 1, 'name': 'Drugs', 'created_at': '-000001-11-30T00:00:00.000000Z', 'updated_at': '2022-03-17T16:53:12.000000Z', 'deleted_at': None}",296,Clopidogrel (Clopidogrel Bisulfate),,C4-1199,1,Tablet,1,Oral,75 mg,725,Seal Healthcare Limited,2020-11-10,2025-11-09,Inactive,Tablet,,Each tablet contains: Clopidogrel Bisulfate equivalent Clopidogrel 75 mg,,B01AC04,https://greenbook.nafdac.gov.ng/products/details/3239,2026-09-27T21:22:20.085187+00:00
Greenbook NAFDAC,367,2616,Amoksiclav DT 625 mg Dispersible Tablet##,1,Drugs,"{'id': 1, 'name': 'Drugs', 'created_at': '-000001-11-30T00:00:00.000000Z', 'updated_at': '2022-03-17T16:53:12.000000Z', 'deleted_at': None}",423,Amoxicillin (Amoxicillin Trihydrate); Clavulanic Acid (Potassium Clavulanate),,C4-1434,13,Dispersible tablet,1,Oral,500 mg; 125 mg,250,Novartis Nigeria Limited,2020-12-21,2025-12-20,Inactive,Dispersible Tablet,,"Each tablet contains: Amoxicillin Trihydrate equivalent Amoxicillin 500 mg, Potassium Clavulanate equivalent to Clavulanic Acid 125 mg",,J01CR02,https://greenbook.nafdac.gov.ng/products/details/2616,2026-09-27T21:22:20.085187+00:00
Greenbook NAFDAC,368,8853,Amoksiklav 1.2 g Injection**,1,Drugs,"{'id': 1, 'name': 'Drugs', 'created_at': '-000001-11-30T00:00:00.000000Z', 'updated_at': '2022-03-17T16:53:12.000000Z', 'deleted_at': None}",1545,Amoxicillin (Amoxicillin Sodium); Clavulanic Acid (Potassium Clavulanate),,04-2518,70,Powder for injection,29,Intravenous; Intramuscular,1000 mg; 200 mg,250,Novartis Nigeria Limited,2021-09-28,2026-09-27,Active,Powder for Solution for Injection,1.2 g x 5&#039;s (in vials),"Each vial contains: Amoxicillin Sodium equiv. to Amoxicillin 1000 mg, Clavulanate Potassium equiv. to Clavulanic Acid 200 mg",,J01CR02,https://greenbook.nafdac.gov.ng/products/details/8853,2026-09-27T21:22:20.085187+00:00
Greenbook NAFDAC,369,7792,Amoksiklav 1000 mg Dispersible Tablet**,1,Drugs,"{'id': 1, 'name': 'Drugs', 'created_at': '-000001-11-30T00:00:00.000000Z', 'updated_at': '2022-03-17T16:53:12.000000Z', 'deleted_at': None}",423,Amoxicillin (Amoxicillin Trihydrate); Clavulanic Acid (Potassium Clavulanate),,C4-1552,13,Dispersible tablet,1,Oral,875 mg; 125 mg,250,Novartis Nigeria Limited,2021-01-28,2026-01-27,Inactive,,2 x 7&#039;s,"Each tablet contains: Amoxicillin 875 mg, Clavulanic Acid 125 mg",,,https://greenbook.nafdac.gov.ng/products/details/7792,2026-09-27T21:22:20.085187+00:00
Greenbook NAFDAC,370,8854,Amoksiklav 600 mg Injection**,1,Drugs,"{'id': 1, 'name': 'Drugs', 'created_at': '-000001-11-30T00:00:00.000000Z', 'updated_at': '2022-03-17T16:53:12.000000Z', 'deleted_at': None}",423,Amoxicillin (Amoxicillin Trihydrate); Clavulanic Acid (Potassium Clavulanate),,04-2517,70,Powder for injection,12,Intravenous,500 mg; 100 mg,250,Novartis Nigeria Limited,2021-09-28,2026-09-27,Active,Powder for Solution for Injection,0.6 g x 5&#039;s (in vials),"Each vial contains: Amoxicillin Sodium equiv. to Amoxicillin 500 mg, Clavulanate Potassium equiv. to Clavulanic Acid 100 mg",,J01CR02,https://greenbook.nafdac.gov.ng/products/details/8854,2026-09-27T21:22:20.085187+00:00
Greenbook NAFDAC,371,7813,Amoksiklav Powder for Oral Suspension**,1,Drugs,"{'id': 1, 'name': 'Drugs', 'created_at': '-000001-11-30T00:00:00.000000Z', 'updated_at': '2022-03-17T16:53:12.000000Z', 'deleted_at': None}",423,Amoxicillin (Amoxicillin Trihydrate); Clavulanic Acid (Potassium Clavulanate),,A4-0882,72,Powder for suspension,1,Oral,400 mg/5 mL; 57 mg/5 mL,250,Novartis Nigeria Limited,2021-05-27,2026-05-26,Inactive,Powder for Oral Suspension,70 mL,"Each 5 mL reconstituted suspension contains: Amoxicillin (as Amoxicillin Trihydrate) 400 mg, and Clavulanic acid (as Potassium Clavulanate) 57 mg",,,https://greenbook.nafdac.gov.ng/products/details/7813,2026-09-27T21:22:20.085187+00:00
Greenbook NAFDAC,372,7976,Amonex Capsules**,1,Drugs,"{'id': 1, 'name': 'Drugs', 'created_at': '-000001-11-30T00:00:00.000000Z', 'updated_at': '2022-03-17T16:53:12.000000Z', 'deleted_at': None}",1546,Amoxicillin (Amoxicillin Trihydrate),Amoxycillin,A4-6223,2,Capsule,1,Oral,250 mg,329,Vixa Pharmaceutical Company Limited,2021-06-24,2026-06-23,Inactive,Capsule containing white or almost white granules,10 x 10&#039;s (in blisters),Each capsule contains: Amoxicillin trihydrate equiv. to Amoxicillin 500 mg,,,https://greenbook.nafdac.gov.ng/products/details/7976,2026-09-27T21:22:20.085187+00:00
Greenbook NAFDAC,373,3749,Amosinin Tablets##,1,Drugs,"{'id': 1, 'name': 'Drugs', 'created_at': '-000001-11-30T00:00:00.000000Z', 'updated_at': '2022-03-17T16:53:12.000000Z', 'deleted_at': None}",535,Dihydroartemisinin; Piperaquine Phosphate,,C4-1156,1,Tablet,1,Oral,40 mg; 320 mg,1148,Astra Pharma Ltd,2020-11-10,2025-11-09,Inactive,Tablet,,"Each tablet contains: Dihydroartemisinin 40 mg, Piperaquine Phosphate 320 mg",,P01BF07,https://greenbook.nafdac.gov.ng/products/details/3749,2026-09-27T21:22:20.085187+00:00
Greenbook NAFDAC,374,3987,Amovin 228.5 mg Suspension**,1,Drugs,"{'id': 1, 'name': 'Drugs', 'created_at': '-000001-11-30T00:00:00.000000Z', 'updated_at': '2022-03-17T16:53:12.000000Z', 'deleted_at': None}",423,Amoxicillin (Amoxicillin Trihydrate); Clavulanic Acid (Potassium Clavulanate),,04-8405,72,Powder for suspension,1,Oral,200 mg/5 mL; 28.5 mg/5 mL,169,Evans Therapeutics Limited,2021-12-16,2026-12-15,Active,Powder for Reconstitution,,"Each 5 mL suspension contains: Amoxicillin (as Amoxicillin Trihydrate) 200 mg, Potassium Clavulanate (as Potassium Clavulanate Diluted) 28.5 mg",https://admin.greenbook.nafdac.gov.ng/uploadImage/smpc_files/2024/09/19/20240919daf72f32-cf05-5bb3-ac02-53a65e5c4b73.pdf,J01CR02,https://greenbook.nafdac.gov.ng/products/details/3987,2026-09-27T21:22:20.085187+00:00
Greenbook NAFDAC,375,3986,Amovin 600 mg**,1,Drugs,"{'id': 1, 'name': 'Drugs', 'created_at': '-000001-11-30T00:00:00.000000Z', 'updated_at': '2022-03-17T16:53:12.000000Z', 'deleted_at': None}",1545,Amoxicillin (Amoxicillin Sodium); Clavulanic Acid (Potassium Clavulanate),,04-8244,70,Powder for injection,12,Intravenous,500 mg; 100 mg,169,Evans Therapeutics Limited,2021-12-16,2026-12-15,Active,Powder for solution for injection in a vial,,"Each vial contains: Amoxicillin Sodium equiv. to Amoxicillin 500 mg, Clavulanate Potassium equiv. to Clavulanic Acid 100 mg",https://admin.greenbook.nafdac.gov.ng/uploadImage/smpc_files/2024/09/19/20240919caead2bb-0bca-5886-a395-3d5c62857340.pdf,J01CR02,https://greenbook.nafdac.gov.ng/products/details/3986,2026-09-27T21:22:20.085187+00:00
Greenbook NAFDAC,376,11993,Amovin-625 Tablets_,1,Drugs,"{'id': 1, 'name': 'Drugs', 'created_at': '-000001-11-30T00:00:00.000000Z', 'updated_at': '2022-03-17T16:53:12.000000Z', 'deleted_at': None}",423,Amoxicillin (Amoxicillin Trihydrate); Clavulanic Acid (Potassium Clavulanate),,04-8261,1,Tablet,1,Oral,500 mg; 125 mg,169,Evans Therapeutics Limited,2022-09-29,2027-09-28,Active,"Solid Oral Dosage form.
A white-colored, oval-shaped, biconvex, film-coated tablet, having embossed “AMV” on one side, and “CE” &amp; breakline on one side of the tablets.",2 x 7&#039;s,"Each film-coated tablet contains: Amoxicillin Trihydrate BP equiv. to Amoxicillin 500 mg, and Potassium Clavulanate BP (as Potassium Clavulanate Diluted BP) equiv. to Clavulanic Acid 125 mg
Excipients q.s",https://admin.greenbook.nafdac.gov.ng/uploadImage/smpc_files/2025/07/14/20250714bb15aec6-be4e-5c95-bd87-062ae79e4d7d.pdf,J01CR02,https://greenbook.nafdac.gov.ng/products/details/11993,2026-09-27T21:22:20.085187+00:00
Greenbook NAFDAC,377,3991,Amoxicillin & Clavulanate Potassium 625##,1,Drugs,"{'id': 1, 'name': 'Drugs', 'created_at': '-000001-11-30T00:00:00.000000Z', 'updated_at': '2022-03-17T16:53:12.000000Z', 'deleted_at': None}",423,Amoxicillin (Amoxicillin Trihydrate); Clavulanic Acid (Potassium Clavulanate),,A4-100082,1,Tablet,1,Oral,500 mg; 125 mg,1087,Caresville Pharmaceutical Limited,2021-08-26,2026-08-25,Inactive,Tablet,,"Each tablet contains: Amoxicillin (as Amoxicillin Trihydrate) 500 mg, Potassium Clavulanate (as Potassium Clavulanate Diluted) 125 mg",,J01CR02,https://greenbook.nafdac.gov.ng/products/details/3991,2026-09-27T21:22:20.085187+00:00
Greenbook NAFDAC,378,1013,Amoxicillin & Clavulanate Potassium Acid 1000##,1,Drugs,"{'id': 1, 'name': 'Drugs', 'created_at': '-000001-11-30T00:00:00.000000Z', 'updated_at': '2022-03-17T16:53:12.000000Z', 'deleted_at': None}",423,Amoxicillin (Amoxicillin Trihydrate); Clavulanic Acid (Potassium Clavulanate),,A4-100096,1,Tablet,1,Oral,875 mg; 125 mg,1087,Caresville Pharmaceutical Limited,2021-09-28,2026-09-27,Active,Tablet,,"Each tablet contains: Amoxicillin Trihydrate equivalent Amoxicillin 875 mg, Potassium Clavulanate equivalent Clavulanic Acid 125 mg",,J01CR02,https://greenbook.nafdac.gov.ng/products/details/1013,2026-09-27T21:22:20.085187+00:00
Greenbook NAFDAC,379,3988,Amoxicillin & Clavulanic Acid 228.5 mg for Oral Suspension##,1,Drugs,"{'id': 1, 'name': 'Drugs', 'created_at': '-000001-11-30T00:00:00.000000Z', 'updated_at': '2022-03-17T16:53:12.000000Z', 'deleted_at': None}",423,Amoxicillin (Amoxicillin Trihydrate); Clavulanic Acid (Potassium Clavulanate),,C4-1164,72,Powder for suspension,1,Oral,200 mg/5 mL; 28.5 mg/5 mL,1151,The Biostadt Company,2020-11-10,2025-11-09,Inactive,"Powder for Reconstitution
",,"Each 5 mL suspension contains: Amoxicillin (as Amoxicillin Trihydrate) 200 mg, Potassium Clavulanate (as Potassium Clavulanate) 28.5 mg",,J01CR02,https://greenbook.nafdac.gov.ng/products/details/3988,2026-09-27T21:22:20.085187+00:00
Greenbook NAFDAC,380,3989,Amoxicillin & Clavulanic Acid 625 mg##,1,Drugs,"{'id': 1, 'name': 'Drugs', 'created_at': '-000001-11-30T00:00:00.000000Z', 'updated_at': '2022-03-17T16:53:12.000000Z', 'deleted_at': None}",423,Amoxicillin (Amoxicillin Trihydrate); Clavulanic Acid (Potassium Clavulanate),,C4-1165,1,Tablet,1,Oral,500 mg; 125 mg,1151,The Biostadt Company,2020-11-10,2025-11-09,Inactive,Tablet,,"Each tablet contains: Amoxicillin (as Amoxicillin Trihydrate) 500 mg, Potassium Clavulanate (as Potassium Clavulanate Diluted) 125 mg",,J01CR02,https://greenbook.nafdac.gov.ng/products/details/3989,2026-09-27T21:22:20.085187+00:00
Greenbook NAFDAC,381,3992,Amoxicillin & Clavulanic Acid Powder for Oral Suspension##,1,Drugs,"{'id': 1, 'name': 'Drugs', 'created_at': '-000001-11-30T00:00:00.000000Z', 'updated_at': '2022-03-17T16:53:12.000000Z', 'deleted_at': None}",423,Amoxicillin (Amoxicillin Trihydrate); Clavulanic Acid (Potassium Clavulanate),,A4-100097,72,Powder for suspension,1,Oral,400 mg/5 mL; 57 mg/5 mL,1087,Caresville Pharmaceutical Limited,2021-09-28,2026-09-27,Active,Powder for Reconstitution,,"Each 5 mL suspension contains: Amoxicillin (as Amoxicillin Trihydrate) 400 mg, Potassium Clavulanate (as Potassium Clavulanate) 57 mg",,J01CR02,https://greenbook.nafdac.gov.ng/products/details/3992,2026-09-27T21:22:20.085187+00:00
Greenbook NAFDAC,382,3990,Amoxicillin & Clavulanic Acid Tablet##,1,Drugs,"{'id': 1, 'name': 'Drugs', 'created_at': '-000001-11-30T00:00:00.000000Z', 'updated_at': '2022-03-17T16:53:12.000000Z', 'deleted_at': None}",423,Amoxicillin (Amoxicillin Trihydrate); Clavulanic Acid (Potassium Clavulanate),,C4-1186,1,Tablet,1,Oral,500 mg; 125 mg,674,JSP Pharma Company Nigeria Limited,2020-11-10,2025-11-09,Inactive,Tablet,,"Each tablet contains: Amoxicillin (as Amoxicillin Trihydrate) 500 mg, Potassium Clavulanate (as Potassium Clavulanate Diluted) 125 mg",,J01CR02,https://greenbook.nafdac.gov.ng/products/details/3990,2026-09-27T21:22:20.085187+00:00
Greenbook NAFDAC,383,3034,Amoxicillin 1 g and Clavulanate Potassium 0.2 g for Injection##,1,Drugs,"{'id': 1, 'name': 'Drugs', 'created_at': '-000001-11-30T00:00:00.000000Z', 'updated_at': '2022-03-17T16:53:12.000000Z', 'deleted_at': None}",1545,Amoxicillin (Amoxicillin Sodium); Clavulanic Acid (Potassium Clavulanate),,C4-1210,70,Powder for injection,12,Intravenous,1000 mg; 200 mg,179,Geneith Pharmaceuticals Limited,2020-11-10,2025-11-09,Inactive,"Powder for Solution for Injection in a vial
",,"Each vial contains: Amoxicillin Sodium equivalent to Amoxicillin 1000 mg, Clavulanate Potassium equivalent to Clavulanic Acid 200 mg",,J01CR02,https://greenbook.nafdac.gov.ng/products/details/3034,2026-09-27T21:22:20.085187+00:00
Greenbook NAFDAC,384,7793,Amoxicillin 200 mg & Clavulanate Potassium 28.5 mg/5 mL for Oral Suspension**,1,Drugs,"{'id': 1, 'name': 'Drugs', 'created_at': '-000001-11-30T00:00:00.000000Z', 'updated_at': '2022-03-17T16:53:12.000000Z', 'deleted_at': None}",423,Amoxicillin (Amoxicillin Trihydrate); Clavulanic Acid (Potassium Clavulanate),,C4-1639,72,Powder for suspension,1,Oral,200 mg/5 mL; 28.5 mg/5 mL,1007,Sepat Pharmaceuticals Ltd,2021-03-29,2026-03-28,Inactive,Powder for Oral Suspension,100 mL,"Each 5 mL reconstituted suspension contains: Amoxicillin Trihydrate equiv. to Amoxicillin 200 mg, Potassium Clavulanate equiv. to Clavulanic Acid 28.5 mg",,J01CR02,https://greenbook.nafdac.gov.ng/products/details/7793,2026-09-27T21:22:20.085187+00:00
Greenbook NAFDAC,385,3020,Amoxicillin 200 mg & Clavulanic Acid 28.5 mg/5 mL Powder for Oral Suspension##,1,Drugs,"{'id': 1, 'name': 'Drugs', 'created_at': '-000001-11-30T00:00:00.000000Z', 'updated_at': '2022-03-17T16:53:12.000000Z', 'deleted_at': None}",423,Amoxicillin (Amoxicillin Trihydrate); Clavulanic Acid (Potassium Clavulanate),,C4-1284,72,Powder for suspension,1,Oral,200 mg/5 mL; 28.5 mg/5 mL,179,Geneith Pharmaceuticals Limited,2020-11-30,2025-11-29,Inactive,Powder for Oral Suspension,,"Each 5 mL reconstituted suspension contains: Amoxicillin Trihydrate equivalent to Amoxicillin 200 mg, Potassium Clavulanate Diluted equivalent to Clavulanic Acid 28.5 mg",,J01CR02,https://greenbook.nafdac.gov.ng/products/details/3020,2026-09-27T21:22:20.085187+00:00
Greenbook NAFDAC,386,3061,Amoxicillin 250 mg Dispersible Tablet##,1,Drugs,"{'id': 1, 'name': 'Drugs', 'created_at': '-000001-11-30T00:00:00.000000Z', 'updated_at': '2022-03-17T16:53:12.000000Z', 'deleted_at': None}",1546,Amoxicillin (Amoxicillin Trihydrate),Amoxycillin,C4-1435,13,Dispersible tablet,1,Oral,250 mg,250,Novartis Nigeria Limited,2020-12-21,2025-12-20,Inactive,Dispersible Tablet,,Each tablet contains: Amoxicillin Trihydrate equivalent Amoxicillin 250 mg,,J01CA04,https://greenbook.nafdac.gov.ng/products/details/3061,2026-09-27T21:22:20.085187+00:00
Greenbook NAFDAC,387,3021,Amoxicillin 400 mg & Clavulanic Acid 57 mg/5 mL Powder for Oral Suspension##,1,Drugs,"{'id': 1, 'name': 'Drugs', 'created_at': '-000001-11-30T00:00:00.000000Z', 'updated_at': '2022-03-17T16:53:12.000000Z', 'deleted_at': None}",423,Amoxicillin (Amoxicillin Trihydrate); Clavulanic Acid (Potassium Clavulanate),,C4-1285,72,Powder for suspension,1,Oral,400 mg/5 mL; 57 mg/5 mL,179,Geneith Pharmaceuticals Limited,2020-11-30,2025-11-29,Inactive,Powder for Oral Suspension,,"Each 5 mL reconstituted suspension contains: Amoxicillin Trihydrate equivalent to Amoxicillin 400 mg, Potassium Clavulanate equivalent to Clavulanic Acid 57 mg",,J01CR02,https://greenbook.nafdac.gov.ng/products/details/3021,2026-09-27T21:22:20.085187+00:00
Greenbook NAFDAC,388,7794,Amoxicillin 500 mg & Clavulanate Potassium 125 mg Tablets**,1,Drugs,"{'id': 1, 'name': 'Drugs', 'created_at': '-000001-11-30T00:00:00.000000Z', 'updated_at': '2022-03-17T16:53:12.000000Z', 'deleted_at': None}",423,Amoxicillin (Amoxicillin Trihydrate); Clavulanic Acid (Potassium Clavulanate),,C4-1638,1,Tablet,1,Oral,500 mg; 125 mg,1007,Sepat Pharmaceuticals Ltd,2021-03-29,2026-03-28,Inactive,Tablet,2 x 7&#039;s,"Each tablet contains: Amoxicillin Trihydrate equiv. to Amoxicillin 500 mg, Potassium Clavulanate equiv. to Clavulanic Acid 125 mg",,J01CR02,https://greenbook.nafdac.gov.ng/products/details/7794,2026-09-27T21:22:20.085187+00:00
Greenbook NAFDAC,389,3037,Amoxicillin 500 mg and Clavulanate Potassium 100 mg for Injection##,1,Drugs,"{'id': 1, 'name': 'Drugs', 'created_at': '-000001-11-30T00:00:00.000000Z', 'updated_at': '2022-03-17T16:53:12.000000Z', 'deleted_at': None}",1545,Amoxicillin (Amoxicillin Sodium); Clavulanic Acid (Potassium Clavulanate),,C4-1211,70,Powder for injection,12,Intravenous,500 mg; 100 mg,179,Geneith Pharmaceuticals Limited,2020-11-10,2025-11-09,Inactive,"Powder for Solution for Injection in a vial
",,"Each vial contains: Amoxicillin Sodium equivalent to Amoxicillin 500 mg, Clavulanate Potassium equivalent to Clavulanic Acid 100 mg",,J01CR02,https://greenbook.nafdac.gov.ng/products/details/3037,2026-09-27T21:22:20.085187+00:00
Greenbook NAFDAC,390,7795,Amoxicillin 875 mg Clavulanate Potassium 125 mg Tablets**,1,Drugs,"{'id': 1, 'name': 'Drugs', 'created_at': '-000001-11-30T00:00:00.000000Z', 'updated_at': '2022-03-17T16:53:12.000000Z', 'deleted_at': None}",423,Amoxicillin (Amoxicillin Trihydrate); Clavulanic Acid (Potassium Clavulanate),,C4-1632,1,Tablet,1,Oral,875 mg; 125 mg,1007,Sepat Pharmaceuticals Ltd,2021-03-29,2026-03-28,Inactive,Tablet,2 x 7&#039;s,"Each tablet contains: Amoxicillin Trihydrate equiv. to Amoxicillin 875 mg, Potassium Clavulanate equiv. to Clavulanic Acid 125 mg",,J01CR02,https://greenbook.nafdac.gov.ng/products/details/7795,2026-09-27T21:22:20.085187+00:00
Greenbook NAFDAC,391,8855,Amoxicillin Capsules**,1,Drugs,"{'id': 1, 'name': 'Drugs', 'created_at': '-000001-11-30T00:00:00.000000Z', 'updated_at': '2022-03-17T16:53:12.000000Z', 'deleted_at': None}",1546,Amoxicillin (Amoxicillin Trihydrate),Amoxycillin,C4-1865,2,Capsule,1,Oral,500 mg,1018,IDA Foundation,2021-09-28,2026-09-27,Active,Capsule,1 x 1000&#039;s,Each capsule contains: Amoxicillin (as Amoxicillin Trihydrate) 500 mg,,J01CA04,https://greenbook.nafdac.gov.ng/products/details/8855,2026-09-27T21:22:20.085187+00:00
Greenbook NAFDAC,392,3062,Amoxicillin Dispersible Tablets 125 mg##,1,Drugs,"{'id': 1, 'name': 'Drugs', 'created_at': '-000001-11-30T00:00:00.000000Z', 'updated_at': '2022-03-17T16:53:12.000000Z', 'deleted_at': None}",1546,Amoxicillin (Amoxicillin Trihydrate),Amoxycillin,C4-1459,13,Dispersible tablet,1,Oral,125 mg,374,Aquatix Pharmaceuticals Limited,2020-12-21,2025-12-20,Inactive,Dispersible Tablet,,"Each tablet contains: Amoxicillin Trihydrate equivalent Amoxicillin 125 mg
Excipients q.s.",,J01CA04,https://greenbook.nafdac.gov.ng/products/details/3062,2026-09-27T21:22:20.085187+00:00
Greenbook NAFDAC,393,6399,Amoxicillin for Injection**,1,Drugs,"{'id': 1, 'name': 'Drugs', 'created_at': '-000001-11-30T00:00:00.000000Z', 'updated_at': '2022-03-17T16:53:12.000000Z', 'deleted_at': None}",422,Amoxicillin (Amoxicillin Sodium),Amoxycillin,A4-100549,70,Powder for injection,12,Intravenous,500 mg,1197,Sastek Mega Pharma &amp; Chemical Company Ltd,2023-10-31,2028-10-30,Active,Powder for solution for injection in a vial,1 x 1&#039;s; 1 x 10&#039;s (in vials),Each vial contains: Amoxicillin Sodium BP equiv. to Amoxicillin 500 mg,,J01CA04,https://greenbook.nafdac.gov.ng/products/details/6399,2026-09-27T21:22:20.085187+00:00
Greenbook NAFDAC,394,7997,Amoxicillin Powder for Oral Suspension**,1,Drugs,"{'id': 1, 'name': 'Drugs', 'created_at': '-000001-11-30T00:00:00.000000Z', 'updated_at': '2022-03-17T16:53:12.000000Z', 'deleted_at': None}",1546,Amoxicillin (Amoxicillin Trihydrate),Amoxycillin,A4-3738,72,Powder for suspension,1,Oral,125 mg/5 mL,559,Tuyil Pharmaceutical Industries Ltd,2024-08-28,2029-08-27,Active,"Powder for oral suspension.
White/off white free flowing powder for oral suspension",100 mL (in amber PET bottle),Each 5 mL reconstituted suspension contains: Amoxicillin Trihydrate equiv. to Amoxicillin 125 mg,https://admin.greenbook.nafdac.gov.ng/uploadImage/smpc_files/2024/09/29/20240929dbeabb5c-0674-57d3-823b-6002789f13ca.pdf,J01CA04,https://greenbook.nafdac.gov.ng/products/details/7997,2026-09-27T21:22:20.085187+00:00
Greenbook NAFDAC,395,6155,Amoxicillin Sodium for Inj**,1,Drugs,"{'id': 1, 'name': 'Drugs', 'created_at': '-000001-11-30T00:00:00.000000Z', 'updated_at': '2022-03-17T16:53:12.000000Z', 'deleted_at': None}",422,Amoxicillin (Amoxicillin Sodium),Amoxycillin,A4-100535,70,Powder for injection,12,Intravenous,500 mg,826,Ladfield Global Resources Ltd,2023-09-28,2028-09-27,Active,White or almost white powder for solution for injection in glass vial,"500 mg x 1&#039;s (in clear glass vial) + 5 mL WFI (in clear glass ampoule), both contained in Plastic tray","Amoxicillin Sodium for Injection 500 mg.
Each vial contains: Amoxicillin Sodium 0.531 mg equiv. to Amoxicillin 500 mg.
Each ampoule of solvent contains: Water for injections 5 mL

Excipient with known effect:
Each vial contains approximately 38 mg Sodium",https://admin.greenbook.nafdac.gov.ng/uploadImage/smpc_files/2023/10/09/20231009d141f5cf-388d-5691-8c64-c3060799d562.pdf,J01CA04,https://greenbook.nafdac.gov.ng/products/details/6155,2026-09-27T21:22:20.085187+00:00
Greenbook NAFDAC,396,8357,Amoxicillin Tablets**,1,Drugs,"{'id': 1, 'name': 'Drugs', 'created_at': '-000001-11-30T00:00:00.000000Z', 'updated_at': '2022-03-17T16:53:12.000000Z', 'deleted_at': None}",1546,Amoxicillin (Amoxicillin Trihydrate),Amoxycillin,C4-1787,1,Tablet,1,Oral,250 mg,360,Ugo Lab Productions (Nig). Ltd,2021-08-03,2026-08-02,Inactive,Tablet,10 x 10&#039;s (in blisters),Each tablet contains: Amoxicillin Trihydrate BP equiv. to Amoxicillin 250 mg,,J01CA04,https://greenbook.nafdac.gov.ng/products/details/8357,2026-09-27T21:22:20.085187+00:00
Greenbook NAFDAC,397,645,Amoxynova Capsule##,1,Drugs,"{'id': 1, 'name': 'Drugs', 'created_at': '-000001-11-30T00:00:00.000000Z', 'updated_at': '2022-03-17T16:53:12.000000Z', 'deleted_at': None}",1546,Amoxicillin (Amoxicillin Trihydrate),Amoxycillin,A4-4149,2,Capsule,1,Oral,500 mg,291,SKG - Pharma Ltd,2021-12-16,2026-12-15,Active,Capsule,,Each capsule contains: Amoxicillin Trihydrate equivalent Amoxicillin 500 mg,,J01CA04,https://greenbook.nafdac.gov.ng/products/details/645,2026-09-27T21:22:20.085187+00:00
Greenbook NAFDAC,398,8856,Amoxynova Suspension**,1,Drugs,"{'id': 1, 'name': 'Drugs', 'created_at': '-000001-11-30T00:00:00.000000Z', 'updated_at': '2022-03-17T16:53:12.000000Z', 'deleted_at': None}",1546,Amoxicillin (Amoxicillin Trihydrate),Amoxycillin,04-2723,72,Powder for suspension,1,Oral,125 mg/5 mL,291,SKG - Pharma Ltd,2021-10-28,2026-10-27,Active,"Powder for Oral Suspension.
White flavoured powder for reconstitution",100 mL (in amber bottle),Each 5 mL reconstituted suspension contains: Amoxicillin (as Amoxicillin Trihydrate) 125 mg,https://admin.greenbook.nafdac.gov.ng/uploadImage/smpc_files/2025/01/22/20250122f668d726-ab0e-5232-8926-2d3f9e231a3f.pdf,J01CA04,https://greenbook.nafdac.gov.ng/products/details/8856,2026-09-27T21:22:20.085187+00:00
Greenbook NAFDAC,399,491,Amoxytop 250 Capsules##,1,Drugs,"{'id': 1, 'name': 'Drugs', 'created_at': '-000001-11-30T00:00:00.000000Z', 'updated_at': '2022-03-17T16:53:12.000000Z', 'deleted_at': None}",1546,Amoxicillin (Amoxicillin Trihydrate),Amoxycillin,04-3769,2,Capsule,1,Oral,250 mg,737,Thine Forever Pharmaceuticals Limited,2021-10-28,2026-10-27,Active,Capsule,,Each capsule contains: Amoxicillin Trihydrate equivalent Amoxicillin 250 mg,,J01CA04,https://greenbook.nafdac.gov.ng/products/details/491,2026-09-27T21:22:20.085187+00:00
Greenbook NAFDAC,400,492,Amoxytop 500 Capsules##,1,Drugs,"{'id': 1, 'name': 'Drugs', 'created_at': '-000001-11-30T00:00:00.000000Z', 'updated_at': '2022-03-17T16:53:12.000000Z', 'deleted_at': None}",1546,Amoxicillin (Amoxicillin Trihydrate),Amoxycillin,04-4801,2,Capsule,1,Oral,500 mg,737,Thine Forever Pharmaceuticals Limited,2021-10-28,2026-10-27,Active,Capsule,,Each capsule contains: Amoxicillin Trihydrate equivalent to Amoxicillin 500 mg,,J01CA04,https://greenbook.nafdac.gov.ng/products/details/492,2026-09-27T21:22:20.085187+00:00
Greenbook NAFDAC,401,4409,Amphomul Injection##,1,Drugs,"{'id': 1, 'name': 'Drugs', 'created_at': '-000001-11-30T00:00:00.000000Z', 'updated_at': '2022-03-17T16:53:12.000000Z', 'deleted_at': None}",512,Amphotericin B,,B4-4218,40,Injection,12,Intravenous,5 mg,143,Chanrai HealthCare Limited,2023-01-26,2028-01-25,Active,"Injection

AMPHOMUL INJECTION	B4-4218	AMPHOMUL INJECTION	AMPHOTERICIN B USP.......5MG, IN A VEHICLE CONTAINING SOYBEAN OIL USP, GLYCERIN USP, PURIFIED EGG LECITHIN, SODIUM HYDROXIDE USP AND WFI USP				Injection	Prescription Only Medicine (POM)		CHANRAI HEALTHCARE LIMITED, OSHODI APAPA EXPRESSWAY, ISOLO LAGOS	Nigeria	BHARAT SERUMS AND VACCINES, PLOT NO. K-27, ADDITIONAL MIDC AMBERNATH (E) -421501, INDIA, India		26/01/2023	25/01/2028",1 x 10 mL vial,"Each ml contains: Amphotericin B USP 5 mg
Excipients q.s.
",https://admin.greenbook.nafdac.gov.ng/uploadImage/smpc_files/2024/12/22/202412228208ac07-86a4-54d3-acb1-7cbaf87c4b21.pdf,J02AA01,https://greenbook.nafdac.gov.ng/products/details/4409,2026-09-27T21:22:20.085187+00:00
Greenbook NAFDAC,402,3261,Amphotret Injection##,1,Drugs,"{'id': 1, 'name': 'Drugs', 'created_at': '-000001-11-30T00:00:00.000000Z', 'updated_at': '2022-03-17T16:53:12.000000Z', 'deleted_at': None}",512,Amphotericin B,,B4-2611,70,Powder for injection,12,Intravenous,50 mg,143,Chanrai HealthCare Limited,2021-08-26,2026-08-25,Inactive,"Lyophilized Powder for Solution for Injection
Amphotret (Amphotericin B for Injection USP) is a yellow colored lyophilized cake
",1 x 10 mL vial,"Each vial contains: Amphotericin B IP 50 mg, Sodium Deoxycholate q.s. (as Solubiliser), Sodium Phosphate (as Buffer)
Excipients q.s.",https://admin.greenbook.nafdac.gov.ng/uploadImage/smpc_files/2023/05/27/20230527f82a10e9-fb58-5b32-915b-60b223e24cab.pdf,J02AA01,https://greenbook.nafdac.gov.ng/products/details/3261,2026-09-27T21:22:20.085187+00:00
Greenbook NAFDAC,403,3993,Ampicillin and Cloxacillin Capsules##,1,Drugs,"{'id': 1, 'name': 'Drugs', 'created_at': '-000001-11-30T00:00:00.000000Z', 'updated_at': '2022-03-17T16:53:12.000000Z', 'deleted_at': None}",425,Ampicillin (Ampicillin Trihydrate); Cloxacillin (Cloxacillin Sodium),,C4-1157,2,Capsule,1,Oral,250 mg; 250 mg,374,Aquatix Pharmaceuticals Limited,2020-11-10,2025-11-09,Inactive,Capsule,,"Each capsule contains: Ampicillin Trihydrate BP equivalent to Ampicillin 250 mg, Cloxacillin Sodium BP equivalent to Cloxacillin 250 mg
Excipients q.s.",,J01CR01,https://greenbook.nafdac.gov.ng/products/details/3993,2026-09-27T21:22:20.085187+00:00
Greenbook NAFDAC,404,4410,"Ampicillin Trihydrate + Cloxacillin## (duplicate, different product name)",1,Drugs,"{'id': 1, 'name': 'Drugs', 'created_at': '-000001-11-30T00:00:00.000000Z', 'updated_at': '2022-03-17T16:53:12.000000Z', 'deleted_at': None}",425,Ampicillin (Ampicillin Trihydrate); Cloxacillin (Cloxacillin Sodium),,A4-4164,2,Capsule,1,Oral,250 mg; 250 mg,240,Nemel Pharmaceuticals Limited,2021-05-07,2026-05-06,Inactive,"Black and purple colored hard gelatin capsule shell with “NEMEL” printed on one side of the shell and “NEMECLOX® 500 mg” presented in tropicalized blisters and PVC blisters

NEMECLOX CAPSULE 500MG
",1 x 10&#039;s (in PVC-Alu blisters),"Each capsule contains: Ampicillin Trihydrate equivalent to 250 mg Ampicillin and Cloxacillin Sodium equivalent to 250 mg Cloxacillin
Excipients q.s.",https://admin.greenbook.nafdac.gov.ng/uploadImage/smpc_files/2024/11/13/202411139ab9745c-84cf-5aa5-a819-1042664ea525.pdf,J01CR01,https://greenbook.nafdac.gov.ng/products/details/4410,2026-09-27T21:22:20.085187+00:00
Greenbook NAFDAC,405,8679,Ampiclox 500 Capsule**,1,Drugs,"{'id': 1, 'name': 'Drugs', 'created_at': '-000001-11-30T00:00:00.000000Z', 'updated_at': '2022-03-17T16:53:12.000000Z', 'deleted_at': None}",425,Ampicillin (Ampicillin Trihydrate); Cloxacillin (Cloxacillin Sodium),,04-2401,2,Capsule,1,Oral,250 mg; 250 mg,182,GlaxoSmithKline Consumer Nigeria PLC (GSK),2021-09-28,2026-09-27,Active,Capsule,10 x 10&#039;s,"Each capsule contains: Ampicillin 250 mg, Cloxacillin 250 mg",https://admin.greenbook.nafdac.gov.ng/uploadImage/smpc_files/2025/11/18/20251118f840d22e-86a0-5bc4-9b25-4e4d5f5e7fad.pdf,J01CR01,https://greenbook.nafdac.gov.ng/products/details/8679,2026-09-27T21:22:20.085187+00:00
Greenbook NAFDAC,406,6603,Ampine 10##,1,Drugs,"{'id': 1, 'name': 'Drugs', 'created_at': '-000001-11-30T00:00:00.000000Z', 'updated_at': '2022-03-17T16:53:12.000000Z', 'deleted_at': None}",272,Amlodipine (Amlodipine Besilate),Amlodipine (Amlodipine Besylate),A4-4439,1,Tablet,1,Oral,10 mg,903,Orfema Pharmaceutical Industry Limited,2023-12-21,2028-12-20,Active,"Tablet
A white colored round shape biconvex uncoated tablet with “Orfema” on one side and a break line on the other side

13	CMS-PP-324303	AMPINE 10	AMLODIPINE BESYLATE	AMLODIPINE BESYLATE 10MG	A4-4439	Drugs	Nigerian Products	10*10,2*14,3*10	Prescription Only Medicine (POM)	4/19/2023	ORFEMA PHARMACEUTICAL INDUSTRY LIMITED, 5, ATILADE ADEBOWALE STREET, OFF DADDY SAVAGE ROAD, OFF IJU ROAD	14537852	info@orfema.com	ORFEMA PHARMACEUTICAL INDUSTRIES LTD, 5, ATILADE ADEBOWALE STREET, OFF DADDY SAVAGE ROAD, FAGBA IJU AGEGE LAGOS, Nigeria","2 x 14&#039;s, 3 x 10&#039;s (in PVC-Alu blisters)","Each tablet contains: Amlodipine Besylate equivalent to 10 mg Amlodipine
Excipients: Corn Starch, Lactose, Microcrystalline Cellulose, Magnesium Stearate, Talcum Powder, Polyvinylpyrollidone K-30 (PVP K-30),  Croscarmellose Sodium, Corn Starch (Dried), Sodium Lauryl Sulphate, Isopropyl Alcohol",https://admin.greenbook.nafdac.gov.ng/uploadImage/smpc_files/2024/01/02/20240102bd9134c4-c423-567c-b782-c0b303917c10.pdf,C08CA01,https://greenbook.nafdac.gov.ng/products/details/6603,2026-09-27T21:22:20.085187+00:00
Greenbook NAFDAC,407,7121,Amplify 1000 mg Film Coated Tablets**,1,Drugs,"{'id': 1, 'name': 'Drugs', 'created_at': '-000001-11-30T00:00:00.000000Z', 'updated_at': '2022-03-17T16:53:12.000000Z', 'deleted_at': None}",423,Amoxicillin (Amoxicillin Trihydrate); Clavulanic Acid (Potassium Clavulanate),,A4-100735,108,Caplet,1,Oral,875 mg; 125 mg,730,Sai Sagar Pharma Limited,2024-02-28,2029-02-27,Active,"Film coated tablet.
White colored, caplet shaped, biconvex, film-coated tablet having plain surfaces on both sides.
The tablet should not be divided",2 x 7&#039;s (in Alu-Alu blisters),"Amoxicillin and Clavulanate Potassium Tablets USP 1000 mg.
Each film coated tablet contains: Amoxicillin USP (as Trihydrate) equiv. to Amoxicillin 875 mg, Clavulanate Potassium USP equiv. to Clavulanic Acid 125 mg",https://admin.greenbook.nafdac.gov.ng/uploadImage/smpc_files/2024/03/23/2024032308d86ade-4230-5a9d-b793-3ca9d62d1122.pdf,J01CR02,https://greenbook.nafdac.gov.ng/products/details/7121,2026-09-27T21:22:20.085187+00:00
Greenbook NAFDAC,408,7122,Amplify 228.5 mg - Powder for Oral Suspension**,1,Drugs,"{'id': 1, 'name': 'Drugs', 'created_at': '-000001-11-30T00:00:00.000000Z', 'updated_at': '2022-03-17T16:53:12.000000Z', 'deleted_at': None}",423,Amoxicillin (Amoxicillin Trihydrate); Clavulanic Acid (Potassium Clavulanate),,A4-100737,72,Powder for suspension,1,Oral,200 mg/5 mL; 28.5 mg/5 mL,730,Sai Sagar Pharma Limited,2024-02-28,2029-02-27,Active,"Powder for Oral Suspension (Dry Syrup).
A white to creamy granular powder filled in 100-mL amber coloured glass bottle, after reconstitution with water it gives creamy coloured homogeneous suspension with strawberry flavour.",100 mL (in amber glass bottle),"Amoxicillin and Clavulanate Potassium for Oral Suspension USP 228.5 mg (5 mL).
After reconstitution, each 5 mL contains: Amoxicillin Trihydrate USP equiv. to Amoxicillin 200 mg, Clavulanate Potassium USP equiv. to Clavulanic Acid 28.5 mg",https://admin.greenbook.nafdac.gov.ng/uploadImage/smpc_files/2024/03/23/202403230328f083-5016-5688-890d-075ccf7451c0.pdf,J01CR02,https://greenbook.nafdac.gov.ng/products/details/7122,2026-09-27T21:22:20.085187+00:00
Greenbook NAFDAC,409,7123,Amplify 625 mg Film Coated Tablets**,1,Drugs,"{'id': 1, 'name': 'Drugs', 'created_at': '-000001-11-30T00:00:00.000000Z', 'updated_at': '2022-03-17T16:53:12.000000Z', 'deleted_at': None}",423,Amoxicillin (Amoxicillin Trihydrate); Clavulanic Acid (Potassium Clavulanate),,A4-100736,1,Tablet,1,Oral,500 mg; 125 mg,730,Sai Sagar Pharma Limited,2024-02-28,2029-02-27,Active,"Film coated tablet.
White coloured, elongated shaped, biconvex, film-coated tablet having plain surface on both sides.
The tablet should not be divided",2 x 7&#039;s (in Alu-Alu blisters),"Amoxicillin and Clavulanate Potassium Tablets USP 625 mg.
Each film coated tablet contains: Amoxicillin USP (as Trihydrate) equiv. to Amoxicillin 500 mg, Clavulanate Potassium USP equiv. to Clavulanic Acid 125 mg",https://admin.greenbook.nafdac.gov.ng/uploadImage/smpc_files/2024/03/23/20240323a8067047-19af-5c36-a3d0-59ab5b09cef4.pdf,J01CR02,https://greenbook.nafdac.gov.ng/products/details/7123,2026-09-27T21:22:20.085187+00:00
Greenbook NAFDAC,410,9771,Amyvil 25 Tablet_,1,Drugs,"{'id': 1, 'name': 'Drugs', 'created_at': '-000001-11-30T00:00:00.000000Z', 'updated_at': '2022-03-17T16:53:12.000000Z', 'deleted_at': None}",18,Amitriptyline Hydrochloride,,A4-5073,1,Tablet,1,Oral,25 mg,332,Zolon Healthcare Limited,2026-08-26,2031-08-26,Inactive,"Film-coated tablets.
Circular, biconvex, pale yellow, film-coated tablets",10 x 10&#039;s (in Alu PVC blisters),"Each tablet contains: Amitriptyline hydrochloride 25 mg

Excipient(s) with known effect: Contains Lactose monohydrate 44 mg",https://admin.greenbook.nafdac.gov.ng/uploadImage/smpc_files/2025/04/14/20250414969c42d0-3874-5a54-9c69-b2ac2276d0fd.pdf,N06AA09,https://greenbook.nafdac.gov.ng/products/details/9771,2026-09-27T21:22:20.085187+00:00
Greenbook NAFDAC,411,8358,Anaglob Tablet**,1,Drugs,"{'id': 1, 'name': 'Drugs', 'created_at': '-000001-11-30T00:00:00.000000Z', 'updated_at': '2022-03-17T16:53:12.000000Z', 'deleted_at': None}",739,Anastrozole,,C4-1788,1,Tablet,1,Oral,1 mg,746,Uche St. Pharmaceutical Company Limited,2021-08-03,2026-08-02,Inactive,Tablet,3 x 14&#039;s,Each tablet contains: Anastrozole USP 1 mg,,,https://greenbook.nafdac.gov.ng/products/details/8358,2026-09-27T21:22:20.085187+00:00
Greenbook NAFDAC,412,12458,Analife Paracetamol 500mg $,1,Drugs,"{'id': 1, 'name': 'Drugs', 'created_at': '-000001-11-30T00:00:00.000000Z', 'updated_at': '2022-03-17T16:53:12.000000Z', 'deleted_at': None}",1529,Paracetamol,Acetaminophen,A11-101363,1,Tablet,1,Oral,500mg,1794,ANALIFE HEALTHCARE LTD,2026-08-26,2031-08-25,Active,"NF-PP-581675	Analife Paracetamol 500mg	PARACETAMOL 500MG	&quot;A11-101363	&quot;	Drugs	Nigerian Products	96tablets	28-06-2026	ANALIFE HEALTHCARE LTD, Plot 54/59 Umuokwomba Layout Agbogazi Nike, Enugu, Enugu State	Analife Healthcare Limited, Plot 54/59 Umuokwomba Layout Agbogazi Nike, Enugu, Enugu State
",96 tablets,"Each tablet contains
Paracetamol 500 mg. 
Excipients   qs.",https://admin.greenbook.nafdac.gov.ng/uploadImage/smpc_files/2026/09/03/202609037f02c311-2054-52d9-a481-95672a0bcfee.pdf,N02BE01,https://greenbook.nafdac.gov.ng/products/details/12458,2026-09-27T21:22:20.085187+00:00
Greenbook NAFDAC,413,4841,Anastrozole 1 mg Tablet**,1,Drugs,"{'id': 1, 'name': 'Drugs', 'created_at': '-000001-11-30T00:00:00.000000Z', 'updated_at': '2022-03-17T16:53:12.000000Z', 'deleted_at': None}",739,Anastrozole,, B4-8494,1,Tablet,1,Oral,1 mg,250,Novartis Nigeria Limited,2023-07-27,2028-07-26,Active,"Film Coated Tablet
White, round and biconvex film coated tablet with embossment “A1” on one side",3 x 10&#039;s (in PVC-Alu blisters/HDPE containers),"Each film coated tablet contains: Anastrozole 1 mg, Excipients q.s.
Excipient(s) with known effect: Lactose (as monohydrate) 62.49 mg, Sodium 0.47 mg",https://admin.greenbook.nafdac.gov.ng/uploadImage/smpc_files/2025/05/24/20250524b12af110-8f52-529a-a8cd-d7c36f546eaa.pdf,L02BG03,https://greenbook.nafdac.gov.ng/products/details/4841,2026-09-27T21:22:20.085187+00:00
Greenbook NAFDAC,414,8371,Anate Powder**,1,Drugs,"{'id': 1, 'name': 'Drugs', 'created_at': '-000001-11-30T00:00:00.000000Z', 'updated_at': '2022-03-17T16:53:12.000000Z', 'deleted_at': None}",530,Artesunate; Amodiaquine (Amodiaquine Hydrochloride),,04-9257,30,Granules,1,Oral,25 mg; 75 mg,888,Arstra Pharma Ltd,2021-08-26,2026-08-25,Inactive,Granules,2 x 3&#039;s (in sachets),"Amodiaquine and Artesunate Granules.
Each sachet contains Artesunate 25 mg.
Each sachet contains Amodiaquine base 75 mg",https://admin.greenbook.nafdac.gov.ng/uploadImage/smpc_files/2024/11/01/20241101366a78d3-1d72-58f7-85a6-8ec114a1ce20.pdf,,https://greenbook.nafdac.gov.ng/products/details/8371,2026-09-27T21:22:20.085187+00:00
Greenbook NAFDAC,415,8395,Andermal 20/120 Tablets**,1,Drugs,"{'id': 1, 'name': 'Drugs', 'created_at': '-000001-11-30T00:00:00.000000Z', 'updated_at': '2022-03-17T16:53:12.000000Z', 'deleted_at': None}",528,Artemether; Lumefantrine,,A4-7969,1,Tablet,1,Oral,20 mg; 120 mg,1234,Patbless Pharmaceutical Limited,2024-09-25,2029-09-24,Active,Tablet,3 x 8&#039;s,"Each tablet contains: Artemether 20 mg,  Lumefantrine 120 mg",https://admin.greenbook.nafdac.gov.ng/uploadImage/smpc_files/2024/11/18/20241118363c6cb4-a0b6-5927-aae3-22787207af22.pdf,P01BF01,https://greenbook.nafdac.gov.ng/products/details/8395,2026-09-27T21:22:20.085187+00:00
Greenbook NAFDAC,416,3033,Andlosan Granules for Suspension##,1,Drugs,"{'id': 1, 'name': 'Drugs', 'created_at': '-000001-11-30T00:00:00.000000Z', 'updated_at': '2022-03-17T16:53:12.000000Z', 'deleted_at': None}",1191,Sorbitol,,A11-1230,30,Granules,1,Oral,5 g,438,Medrugs Limited,2020-12-21,2025-12-20,Inactive,Granules for Suspension,,Andlosan Granules for Suspension contains: Sorbitol 5 g,,A06AD18,https://greenbook.nafdac.gov.ng/products/details/3033,2026-09-27T21:22:20.085187+00:00
Greenbook NAFDAC,417,5906,Andralocain + AD Injection_,1,Drugs,"{'id': 1, 'name': 'Drugs', 'created_at': '-000001-11-30T00:00:00.000000Z', 'updated_at': '2022-03-17T16:53:12.000000Z', 'deleted_at': None}",146,Lidocaine Hydrochloride,Lignocaine,A4-7806,40,Injection,9,Intramuscular,20 mg,764,Amakin Pharmaceuticals Nigeria Limited,2023-02-23,2028-02-22,Active,Solution for Injection,50 mL clear glass vial,Each mL contains: Lidocaine Hydrochloride BP 20 mg and Adrenaline Bitartrate BP 0.0225 mg,https://admin.greenbook.nafdac.gov.ng/uploadImage/smpc_files/2024/09/13/20240913d49e429d-e4d2-51c5-a639-5cdb87c523e0.pdf,N01BB02,https://greenbook.nafdac.gov.ng/products/details/5906,2026-09-27T21:22:20.085187+00:00
Greenbook NAFDAC,418,8680,Andralocain Injection**,1,Drugs,"{'id': 1, 'name': 'Drugs', 'created_at': '-000001-11-30T00:00:00.000000Z', 'updated_at': '2022-03-17T16:53:12.000000Z', 'deleted_at': None}",146,Lidocaine Hydrochloride,Lignocaine,A4-7502,107,Solution for injection,9,Intramuscular,20 mg/mL,764,Amakin Pharmaceuticals Nigeria Limited,2021-09-28,2026-09-27,Active,Solution for injection in 30-mL vial,30 mL x 25&#039;s (in vials),Each mL solution contains: Lidocaine Hydrochloride BP 20 mg,,,https://greenbook.nafdac.gov.ng/products/details/8680,2026-09-27T21:22:20.085187+00:00
Greenbook NAFDAC,419,4369,Andralocain Injection_,1,Drugs,"{'id': 1, 'name': 'Drugs', 'created_at': '-000001-11-30T00:00:00.000000Z', 'updated_at': '2022-03-17T16:53:12.000000Z', 'deleted_at': None}",146,Lidocaine Hydrochloride,Lignocaine,A4-7502,40,Injection,12,Intravenous,20 mg/mL,764,Amakin Pharmaceuticals Nigeria Limited,2022-10-22,2027-10-21,Active,Solution for Injection.,25 x 30 mL vials,"Each mL contains: Lidocaine Hydrochloride 20 mg
Excipients q.s.",,N01BB02,https://greenbook.nafdac.gov.ng/products/details/4369,2026-09-27T21:22:20.085187+00:00
Greenbook NAFDAC,420,7124,Andro 1 mg Orally Disintegrating Tablet##,1,Drugs,"{'id': 1, 'name': 'Drugs', 'created_at': '-000001-11-30T00:00:00.000000Z', 'updated_at': '2022-03-17T16:53:12.000000Z', 'deleted_at': None}",16,Risperidone,, A4-100711,1,Tablet,1,Oral,1 mg,730,Sai Sagar Pharma Limited,2024-01-31,2029-01-30,Active,"Tablet
Orally disintegrating uncoated tablet

80	NF-PP-334119	ANDRO 1mg Orally Disintegrating Tablet	RISPERIDONE ORALLY DISINTEGRATING TABLETS USP 1MG	RISPERIDONE ORALLY DISINTEGRATING TABLETS USP 1MG, Betadex BP Mannitol BP Microcrystalline Cellulose BP Essential liquid of pipermint flavor IH Cross povidone BP Crosscarmelose sodium BP Neotame swetener USP-NF Magnesium stearate BP	A4-100711	Drugs	Imported Products	3x10s,AluAlu	Prescription Only Medicine (POM)	8/7/2023	SAI SAGAR PHARMA LTD, KAARA STREET, OFF OSOLO WAY, AJAO ESTATE, LAGOS ISOLO LAGOS	8023173150	saisagarltd@gmail.com	ENDURANCE HEALTHCARE PVT LTD, 816 &amp; 823, 8TH FLOOR, DEVPATH, B/h Lal BUNGALOW, OFF .C.G ROAD, AHMEDABAD-380 006, GUJARAT INDIA , India",3 x 10&#039;s (in Alu-Alu blisters),"Each tablet contains: Risperidone 1 mg
Excipients q.s.
",https://admin.greenbook.nafdac.gov.ng/uploadImage/smpc_files/2024/02/17/20240217f6755154-a14a-53ba-882c-af9602714354.pdf,N05AX08,https://greenbook.nafdac.gov.ng/products/details/7124,2026-09-27T21:22:20.085187+00:00
Greenbook NAFDAC,421,7800,Androgel 16.2 mg/g (Testosterone Gel)**,1,Drugs,"{'id': 1, 'name': 'Drugs', 'created_at': '-000001-11-30T00:00:00.000000Z', 'updated_at': '2022-03-17T16:53:12.000000Z', 'deleted_at': None}",654,Testosterone,,C4-1623,29,Gel,21,Topical,16.2 mg/g,338,Assene-Laborex Limited,2021-02-25,2026-02-24,Inactive,"Transparent or slightly opalescent, colourless gel.
Nature and contents of container: Multidose container (comprised of a polypropylene canister with an LOPE-lined pouch) and a metered-dose pump containing 88 g gel and delivering a minimum of 60 doses",88 g x 1&#039;s,"Each gram of gel contains: Testosterone 16.2 mg.
Each pump actuation delivers 1.25 g gel containing 20.25 mg testosterone.

Excipients:
Carbomer 980, lsopropyl myristate, 96% ethanol, Sodium hydroxide, Purified water",https://admin.greenbook.nafdac.gov.ng/uploadImage/smpc_files/2024/09/17/20240917aaedba96-4f0e-5fb4-87ca-f68c35b6eb60.pdf,,https://greenbook.nafdac.gov.ng/products/details/7800,2026-09-27T21:22:20.085187+00:00
Greenbook NAFDAC,422,7977,Aneeza Cream 30 g**,1,Drugs,"{'id': 1, 'name': 'Drugs', 'created_at': '-000001-11-30T00:00:00.000000Z', 'updated_at': '2022-03-17T16:53:12.000000Z', 'deleted_at': None}",868,Clobetasol Propionate,,A4-100991,4,Cream,21,Topical,0.05%,1100,Everdestiny Pharmaceutical Ltd,2024-08-28,2029-08-27,Active,Topical Cream,30 g,"Clobetasol Propionate 0.05% w/w, Cream base q.s.",https://admin.greenbook.nafdac.gov.ng/uploadImage/smpc_files/2024/11/27/20241127e196dec2-fd4e-5603-9233-beb30efda1f6.pdf,D07AD01,https://greenbook.nafdac.gov.ng/products/details/7977,2026-09-27T21:22:20.085187+00:00
Greenbook NAFDAC,423,12173,Anferro Artemether Injection 80 mg_,1,Drugs,"{'id': 1, 'name': 'Drugs', 'created_at': '-000001-11-30T00:00:00.000000Z', 'updated_at': '2022-03-17T16:53:12.000000Z', 'deleted_at': None}",542,Artemether,,A4-101589,40,Injection,12,Intravenous,80 mg,472,Nando Pharmacy Limited,2025-10-29,2030-10-28,Active,Oily Solution for Injection,6 x 1 mL (in ampoules),"Each mL contains: Artemether 80 mg
Excipient q.s.",https://admin.greenbook.nafdac.gov.ng/uploadImage/smpc_files/2025/12/12/2025121223d09a94-fca7-5386-8282-091314fdf64a.pdf,P01BE02,https://greenbook.nafdac.gov.ng/products/details/12173,2026-09-27T21:22:20.085187+00:00
Greenbook NAFDAC,424,9865,Angitel 40 Tablets##,1,Drugs,"{'id': 1, 'name': 'Drugs', 'created_at': '-000001-11-30T00:00:00.000000Z', 'updated_at': '2022-03-17T16:53:12.000000Z', 'deleted_at': None}",267,Telmisartan,,B4-9718,1,Tablet,1,Oral,40 mg,788,Zifam Pinnacle Nig Ltd,2025-01-30,2030-01-29,Active,"Uncoated Tablets

ANGITEL 40 TABLETS	TELMISARTAN USP 40MG	Telmisartan USP 40MG (EXCIPIENTS: Mannitol 45mg, Meglumine 32mg, Iso Propyl Alcohol 85mg, Kyron (T-314) 19mg, Microcrystalline cellulose (pH 102) 13mg, Colloidal anhydrous silica 2mg, Croscarmellose sodium 10mg, Purified talc 2mg, Sodium stearyl fumarate 4mg)	B4-9718	Drugs	VARIOUS	Imported Products	3X10TABLETS	POM 1	08/04/2024	ZIFAM PINNACLE NIGERIA LTD, ILUPEJU BYPASS BESIDE FIRST BANK ILUPEJU MUSHIN LAGOS	1867188	zifamnigeria@gmail.com	FREDUN PHARMACEUTICALS LTD., 14, 15, 16, ZORABIAN INDUSTRIAL COMPLEX, VILLAGE VEOOR, PALGHAR, DIST. THANE 401404. INDIA., India",3 x 10&#039;s (in Alu-Alu blisters),"Each uncoated tablet contains: Telmisartan USP 40 mg
Excipients q.s.",https://admin.greenbook.nafdac.gov.ng/uploadImage/smpc_files/2025/05/20/20250520e3a8e5f3-f3b0-55ec-89db-d0783900996b.pdf,C09CA07,https://greenbook.nafdac.gov.ng/products/details/9865,2026-09-27T21:22:20.085187+00:00
Greenbook NAFDAC,425,11407,Angitel 80 Tablets_,1,Drugs,"{'id': 1, 'name': 'Drugs', 'created_at': '-000001-11-30T00:00:00.000000Z', 'updated_at': '2022-03-17T16:53:12.000000Z', 'deleted_at': None}",267,Telmisartan,,B4-9572,1,Tablet,1,Oral,80 mg,788,Zifam Pinnacle Nig Ltd,2025-07-30,2030-07-29,Active,"Uncoated Tablet
",3 x 10&#039;s (in Alu-Alu blisters),"Each tablet contains: Telmisartan USP 80 mg
Excipients q.s.",https://admin.greenbook.nafdac.gov.ng/uploadImage/smpc_files/2025/08/21/2025082127624744-ebd0-501b-b713-86c1237a56c4.pdf,C09CA07,https://greenbook.nafdac.gov.ng/products/details/11407,2026-09-27T21:22:20.085187+00:00
Greenbook NAFDAC,426,4698,Angizaar H Tablets**,1,Drugs,"{'id': 1, 'name': 'Drugs', 'created_at': '-000001-11-30T00:00:00.000000Z', 'updated_at': '2022-03-17T16:53:12.000000Z', 'deleted_at': None}",264,Losartan Potassium; Hydrochlorothiazide,,A4-5839,1,Tablet,1,Oral,50 mg; 12.5 mg,230,Micro Nova Pharmaceuticals Ind Ltd,2023-07-06,2028-07-05,Active,"Film-coated tablets.
Orange coloured, circular, bi-convex, film-coated tablets with &#039;MICRO&#039; engraved on both the sides",3 x 10&#039;s (in Alu-Alu blisters),"Losartan and Hydrochlorothiazide 50/12.5 mg
Each film-coated tablet contains: Losartan Potassium USP 50 mg, Hydrochlorothiazide USP 12.5 mg",https://admin.greenbook.nafdac.gov.ng/uploadImage/smpc_files/2023/08/23/202308233132c703-d320-5b8b-b41e-58eec8c95264.pdf,C09DA01,https://greenbook.nafdac.gov.ng/products/details/4698,2026-09-27T21:22:20.085187+00:00
Greenbook NAFDAC,427,7814,Angizaar-25 Tablets**,1,Drugs,"{'id': 1, 'name': 'Drugs', 'created_at': '-000001-11-30T00:00:00.000000Z', 'updated_at': '2022-03-17T16:53:12.000000Z', 'deleted_at': None}",263,Losartan Potassium,,A4-4214,1,Tablet,1,Oral,25 mg,230,Micro Nova Pharmaceuticals Ind Ltd,2021-02-25,2026-02-24,Inactive,"Film-coated tablet.
Reddish pink colored, circular, biconvex film coated tablets with MICRO engraved on one side and breakline on other side.
Breakline is to facilitate breaking for ease of swallowing and not for dividing into equal doses",3 x 10&#039;s (in Alu-Alu blisters),"Losartan Potassium Tablets 25 mg.
Each film-coated tablet contains: Losartan Potassium USP 25 mg.

Excipient(s) with known effect:
Each tablet contains: Lactose monohydrate 53.492 mg",https://admin.greenbook.nafdac.gov.ng/uploadImage/smpc_files/2024/09/19/20240919dfc7e054-971b-5354-b931-311022555bad.pdf,,https://greenbook.nafdac.gov.ng/products/details/7814,2026-09-27T21:22:20.085187+00:00
Greenbook NAFDAC,428,7815,Angizaar-50 Tablets**,1,Drugs,"{'id': 1, 'name': 'Drugs', 'created_at': '-000001-11-30T00:00:00.000000Z', 'updated_at': '2022-03-17T16:53:12.000000Z', 'deleted_at': None}",263,Losartan Potassium,,A4-4215,1,Tablet,1,Oral,50 mg,230,Micro Nova Pharmaceuticals Ind Ltd,2021-02-25,2026-02-24,Inactive,"Film-coated tablet.
Bluish green coloured, circular, biconvex film-coated tablets with MICRO engraved on one side and breakline on other side.
Breakline is to facilitate breaking for ease of swallowing and not for dividing into equal doses",3 x 10&#039;s (in Alu-Alu blisters),"Losartan Potassium Tablets 50 mg.
Each film-coated tablet contains: Losartan Potassium 50 mg.

Excipient(s) with known effect:
Each tablet contains: Lactose monohydrate 51.015 mg",https://admin.greenbook.nafdac.gov.ng/uploadImage/smpc_files/2024/09/19/2024091947df0674-f116-51e3-bfa8-02bac1b96bbc.pdf,,https://greenbook.nafdac.gov.ng/products/details/7815,2026-09-27T21:22:20.085187+00:00
Greenbook NAFDAC,429,12392,Animotil Tablets_,1,Drugs,"{'id': 1, 'name': 'Drugs', 'created_at': '-000001-11-30T00:00:00.000000Z', 'updated_at': '2022-03-17T16:53:12.000000Z', 'deleted_at': None}",195,Loperamide Hydrochloride,,A4-7602,1,Tablet,1,Oral,2 mg,763,Anisun Pharmaceutical Company Limited,2025-11-26,2030-11-25,Active,"Tablet.
White, round-shaped, flat, uncoated tablet, plain on one side and break line on the other side",10 x 10&#039;s (in Alu-PVC blisters),"Each tablet contains: Loperamide Hydrochloride 2 mg
Excipients q.s.",https://admin.greenbook.nafdac.gov.ng/uploadImage/smpc_files/2025/12/23/202512234ecca656-71de-5e0f-bb7e-5a8fa18ce9a3.pdf,A07DA03,https://greenbook.nafdac.gov.ng/products/details/12392,2026-09-27T21:22:20.085187+00:00
Greenbook NAFDAC,430,11094,Anisun Dexamethasone Tablets 0.5 mg_,1,Drugs,"{'id': 1, 'name': 'Drugs', 'created_at': '-000001-11-30T00:00:00.000000Z', 'updated_at': '2022-03-17T16:53:12.000000Z', 'deleted_at': None}",770,Dexamethasone,,04-8422,1,Tablet,1,Oral,0.5 mg,763,Anisun Pharmaceutical Company Limited,2025-04-30,2030-04-29,Active,"Tablets for Oral Use.
White-colored, round-shaped, biconvex, uncoated tablet plain on both sides",1 x 100&#039;s (in amber glass bottle),"Each uncoated tablet contains: Dexamethasone BP 0.5 mg

Excipients with known effect: Lactose Monohydrate, Sodium Lauryl Sulfate
Excipients q.s.",https://admin.greenbook.nafdac.gov.ng/uploadImage/smpc_files/2025/05/16/2025051650ee93c8-14f9-5fde-961d-0fda708b1a24.pdf,H02AB02,https://greenbook.nafdac.gov.ng/products/details/11094,2026-09-27T21:22:20.085187+00:00
Greenbook NAFDAC,431,11105,Anivega 100 Tablets_,1,Drugs,"{'id': 1, 'name': 'Drugs', 'created_at': '-000001-11-30T00:00:00.000000Z', 'updated_at': '2022-03-17T16:53:12.000000Z', 'deleted_at': None}",703,Sildenafil (Sildenafil Citrate),,B4-0660,1,Tablet,1,Oral,100 mg,763,Anisun Pharmaceutical Company Limited,2025-04-30,2030-04-29,Active,"Film-Coated Tablet.
Blue-colored, diamond-shaped, bi-convex, film-coated tablet embossing &quot;100&quot; on one side and plain on the other side",1 × 4&#039;s (Alu-PVC blister),"Each tablet contains: Sildenafil Citrate BP equiv. to Sildenafil Base 100 mg
Excipients with known effect: Lactose Monohydrate
Excipients q.s.",https://admin.greenbook.nafdac.gov.ng/uploadImage/smpc_files/2025/05/16/20250516299431e8-aefc-50cf-80a7-8b94293ab393.pdf,G04BE03,https://greenbook.nafdac.gov.ng/products/details/11105,2026-09-27T21:22:20.085187+00:00
Greenbook NAFDAC,432,11563,Anleoson Benzhexol 5 mg Tablets**,1,Drugs,"{'id': 1, 'name': 'Drugs', 'created_at': '-000001-11-30T00:00:00.000000Z', 'updated_at': '2022-03-17T16:53:12.000000Z', 'deleted_at': None}",30,Trihexyphenidyl Hydrochloride (Benzhexol Hydrochloride),Benzhexol,A4-101476,1,Tablet,1,Oral,5 mg,1210,Anleoson Pharmaceutical Limited,2025-08-27,2030-08-26,Active,Uncoated Tablets,1 x 500&#039;s,"Each uncoated tablet contain contains: Benzhexol Hydrochloride BP 5 mg, Excipients q.s.",https://admin.greenbook.nafdac.gov.ng/uploadImage/smpc_files/2025/10/24/20251024b4a9d073-d004-5ea1-ad28-9a5d0647cefa.pdf,N04AA01,https://greenbook.nafdac.gov.ng/products/details/11563,2026-09-27T21:22:20.085187+00:00
Greenbook NAFDAC,433,6631,Annclox Neonatal Drop_,1,Drugs,"{'id': 1, 'name': 'Drugs', 'created_at': '-000001-11-30T00:00:00.000000Z', 'updated_at': '2022-03-17T16:53:12.000000Z', 'deleted_at': None}",425,Ampicillin (Ampicillin Trihydrate); Cloxacillin (Cloxacillin Sodium),,A11-0772,60,Drops,1,Oral,60 mg; 30 mg,334,Annie Pharma Limited,2023-12-21,2028-12-20,Active,"Powder for Oral Suspension.
A white powder filled in a glass bottle which turns yellow on reconstitution",20 mL (in amber glass bottle),"Each 0.6 mL contains: Ampicillin as Ampicillin Trihydrate BP 60 mg, and Cloxacillin as Cloxacillin Sodium BP 30 mg
Excipients q.s.",https://admin.greenbook.nafdac.gov.ng/uploadImage/smpc_files/2024/01/02/2024010262c1cc29-1bd2-5b43-bea8-56e4b97a806b.pdf,J01CR01,https://greenbook.nafdac.gov.ng/products/details/6631,2026-09-27T21:22:20.085187+00:00
Greenbook NAFDAC,434,6488,Annclox Powder for Suspension##,1,Drugs,"{'id': 1, 'name': 'Drugs', 'created_at': '-000001-11-30T00:00:00.000000Z', 'updated_at': '2022-03-17T16:53:12.000000Z', 'deleted_at': None}",425,Ampicillin (Ampicillin Trihydrate); Cloxacillin (Cloxacillin Sodium),,A11-0418,102,Suspension,1,Oral,125 mg/5 mL; 125 mg/5 mL,334,Annie Pharma Limited,2023-11-30,2028-11-29,Active,"Powder for Oral Suspension
A white powder filled in HDPE bottle which turns yellow suspension on reconstitution

ANNCLOX POWDER FOR SUSPENSION	AMPICILLIN &amp; CLOXACILLIN	Ampicillin Trihydrate BP ….125mg Cloxacillin Sodium BP….125mg	A11-0418	Drugs	ANTIINFECTIVES FOR SYSTEMIC USE	Nigerian Products	100 ml	Prescription Only Medicine (POM)	18/07/2022	ANNIE PHARMA LIMITED, ABIMBOLA WAY, ISOLO IND. EST. ISOLO LAGOS	8075093773	sptanniepharma@gmail.com	JAWA INTERNATIONAL LIMITED, JAWA HOUSE, PLOT 6 ABIMBOLA WAY,ISOLO INDUSTRIAL ESTATE,ISOLO,LAGOS., JAWA INTERNATIONAL LIMITED, JAWA HOUSE, PLOT 6 ABIMBOLA WAY,ISOLO INDUSTRIAL ESTATE,ISOLO,LAGOS., Nigeria",1 x 100 mL (in HDPE bottle),"Each 5 mL contains: Ampicillin as Ampicillin Trihydrate BP 125 mg and Cloxacillin as Cloxacillin Sodium BP 125 mg
Excipients: Aerosil 200, Citric Acid, Methyl Paraben, Propyl Paraben, Sodium Citrate, Sodium CMC (MVP), Sugar Pharmagrade, Color Tartrazine Supra, Dry Flavor Peppermint",https://admin.greenbook.nafdac.gov.ng/uploadImage/smpc_files/2023/12/14/20231214048daaff-2ee2-532c-953c-62112ae3757a.pdf,J01CR01,https://greenbook.nafdac.gov.ng/products/details/6488,2026-09-27T21:22:20.085187+00:00
Greenbook NAFDAC,435,7744,Annmer 500 mg Powder for Injection**,1,Drugs,"{'id': 1, 'name': 'Drugs', 'created_at': '-000001-11-30T00:00:00.000000Z', 'updated_at': '2022-03-17T16:53:12.000000Z', 'deleted_at': None}",459,Meropenem (Meropenem Trihydrate),,B4-9222,73,Powder for solution for injection/infusion,12,Intravenous,500 mg,334,Annie Pharma Limited,2021-03-29,2026-03-28,Inactive,Powder for Solution for Injection or Infusion in a vial,1 x 1&#039;s (in glass vial) + Solvent 10 mL WFI (in ampoule),"Meropenem for injection USP 500 mg.
Each vial contains: Meropenem (as Trihydrate) USP equiv. to Meropenem (Anhydrous) 500 mg, Sodium Carbonate USP equiv. to Sodium 45.1 mg.
Supplied with Sterilized Water for Injection BP 10 mL in ampoule",https://admin.greenbook.nafdac.gov.ng/uploadImage/smpc_files/2024/08/07/2024080761d6669b-aadc-5af7-8d6a-16ed7dbfbbc4.pdf,J01DH02,https://greenbook.nafdac.gov.ng/products/details/7744,2026-09-27T21:22:20.085187+00:00
Greenbook NAFDAC,436,6680,Annmox Drops**,1,Drugs,"{'id': 1, 'name': 'Drugs', 'created_at': '-000001-11-30T00:00:00.000000Z', 'updated_at': '2022-03-17T16:53:12.000000Z', 'deleted_at': None}",1546,Amoxicillin (Amoxicillin Trihydrate),Amoxycillin,A11-0773,112,Suspension/Drops,1,Oral,100 mg/mL,334,Annie Pharma Limited,2023-12-21,2028-12-20,Active,"Powder for oral Suspension.
A white powder filled in a glass bottle which turns yellow on reconstitution, packed in a 20-mL Amber glass bottle",20 mL (in amber glass bottle),"Amoxicillin for oral suspension 100 mg/mL.
Each mL of reconstituted suspension contains: Amoxicillin Trihydrate BP equiv. to anhydrous Amoxicillin 100 mg",https://admin.greenbook.nafdac.gov.ng/uploadImage/smpc_files/2024/01/02/202401021f2e585a-1912-563a-bcce-c9eddd26b124.pdf,J01CA04,https://greenbook.nafdac.gov.ng/products/details/6680,2026-09-27T21:22:20.085187+00:00
Greenbook NAFDAC,437,6681,Annmox Powder for Oral Suspension**,1,Drugs,"{'id': 1, 'name': 'Drugs', 'created_at': '-000001-11-30T00:00:00.000000Z', 'updated_at': '2022-03-17T16:53:12.000000Z', 'deleted_at': None}",1546,Amoxicillin (Amoxicillin Trihydrate),Amoxycillin,A11-0329,72,Powder for suspension,1,Oral,125 mg/5 mL,334,Annie Pharma Limited,2023-12-21,2028-12-20,Active,"Powder for oral Suspension.
A white powder filled in HDPE bottle which turns yellow suspension on reconstitution",100 mL (in HDPE white bottle),"Amoxicillin Powder for Oral Suspension 125 mg/5 mL.
Each 5 mL reconstituted suspension contains: Amoxicillin Trihydrate BP equiv. to anhydrous Amoxicillin 125 mg",https://admin.greenbook.nafdac.gov.ng/uploadImage/smpc_files/2024/01/02/20240102bf436936-0778-51e4-8694-4fdac01d898d.pdf,J01CA04,https://greenbook.nafdac.gov.ng/products/details/6681,2026-09-27T21:22:20.085187+00:00
Greenbook NAFDAC,438,7125,Anntifaa 20/120 Tablet**,1,Drugs,"{'id': 1, 'name': 'Drugs', 'created_at': '-000001-11-30T00:00:00.000000Z', 'updated_at': '2022-03-17T16:53:12.000000Z', 'deleted_at': None}",528,Artemether; Lumefantrine,,B4-6534,1,Tablet,1,Oral,20 mg; 120 mg,707,PartOne Pharmaceuticals Limited,2024-02-28,2029-02-27,Active,"Uncoated tablet.
Yellow coloured circular, biconvex uncoated tablets having breakline on one side and plain on other side of each tablet",1 x 24&#039;s (in Alu-PVC blister),"Artemether 20 mg and Lumefantrine 120 mg Tablets.
Each uncoated tablet contains: Artemether 20 mg, Lumefantrine 120 mg, Excipients q.s.",https://admin.greenbook.nafdac.gov.ng/uploadImage/smpc_files/2024/03/26/20240326fedf5f1b-48b6-57c3-b6e7-8c5414e26a90.pdf,P01BF01,https://greenbook.nafdac.gov.ng/products/details/7125,2026-09-27T21:22:20.085187+00:00
Greenbook NAFDAC,439,7126,Anntifaa Forte Tablets**,1,Drugs,"{'id': 1, 'name': 'Drugs', 'created_at': '-000001-11-30T00:00:00.000000Z', 'updated_at': '2022-03-17T16:53:12.000000Z', 'deleted_at': None}",528,Artemether; Lumefantrine,,B4-6535,1,Tablet,1,Oral,80 mg; 480 mg,707,PartOne Pharmaceuticals Limited,2024-02-28,2029-02-27,Active,"Film coated tablet.
Yellow coloured, circular, biconvex, film coated tablets having embossed &#039;AF&#039; on one side &amp; breakline on other side",1 x 6&#039;s (in Alu/PVC blister),"Artemether 80 mg and Lumefantrine 480 mg Tablets.
Each film coated tablet contains: Artemether 80 mg, Lumefantrine 480 mg, Excipients q.s.",https://admin.greenbook.nafdac.gov.ng/uploadImage/smpc_files/2024/03/24/20240324bbba1d64-fbb4-58e0-8bd2-745c08d84ade.pdf,P01BF01,https://greenbook.nafdac.gov.ng/products/details/7126,2026-09-27T21:22:20.085187+00:00
Greenbook NAFDAC,440,12059,Annvan Propofol Injection 10 mg**,1,Drugs,"{'id': 1, 'name': 'Drugs', 'created_at': '-000001-11-30T00:00:00.000000Z', 'updated_at': '2022-03-17T16:53:12.000000Z', 'deleted_at': None}",130,Propofol,,A4-101614,22,Emulsion for injection/infusion,12,Intravenous,10 mg/mL,334,Annie Pharma Limited,2025-10-29,2030-10-28,Active,"Emulsion for Injection or Infusion
A milky white aqueous isotonic oil-in-water emulsion",1 x 20 mL,"Each mL contains: Propofol BP 10 mg, Water for Injection BP q.s.",https://admin.greenbook.nafdac.gov.ng/uploadImage/smpc_files/2025/12/02/202512023bbeab58-c221-5ced-ba33-d021580e9876.pdf,N01AX10,https://greenbook.nafdac.gov.ng/products/details/12059,2026-09-27T21:22:20.085187+00:00
Greenbook NAFDAC,441,7816,Annxone Powder for Injection**,1,Drugs,"{'id': 1, 'name': 'Drugs', 'created_at': '-000001-11-30T00:00:00.000000Z', 'updated_at': '2022-03-17T16:53:12.000000Z', 'deleted_at': None}",1541,Ceftriaxone (Ceftriaxone Sodium),,B4-9246,70,Powder for injection,29,Intravenous; Intramuscular,1 g,334,Annie Pharma Limited,2021-02-25,2026-02-24,Inactive,Powder for solution for injection in a vial plus sterile Water for Injection as diluent in ampoule,1 g x 1&#039;s (in vial) + 10 mL SWFI (in ampoule),"Ceftriaxone for Injection USP 1000 mg.
Each vial contains: Sterile Ceftriaxone Sodium USP equivalent to Ceftriaxone anhydrous 1000 mg.
Supplied with an ampoule of 10 mL sterile Water for Injection BP",https://admin.greenbook.nafdac.gov.ng/uploadImage/smpc_files/2024/09/19/20240919ebf30d72-b062-5a38-bc12-1fd4313356e8.pdf,J01DD04,https://greenbook.nafdac.gov.ng/products/details/7816,2026-09-27T21:22:20.085187+00:00
Greenbook NAFDAC,442,7821,Annxone-S Powder for Injection**,1,Drugs,"{'id': 1, 'name': 'Drugs', 'created_at': '-000001-11-30T00:00:00.000000Z', 'updated_at': '2022-03-17T16:53:12.000000Z', 'deleted_at': None}",454,Ceftriaxone (Ceftriaxone Sodium); Sulbactam (Sulbactam Sodium),,B4-9247,70,Powder for injection,29,Intravenous; Intramuscular,1000 mg; 500 mg,334,Annie Pharma Limited,2021-02-25,2026-02-24,Inactive,Powder for Solution for Injection in a vial,1.5 g x 1&#039;s (in vial) + 10 mL SWFI (in ampoule),"Each vial contains: Ceftriaxone Sodium USP equiv. to Ceftriaxone 1000 mg, Sulbactam Sodium USP 500 mg",https://admin.greenbook.nafdac.gov.ng/uploadImage/smpc_files/2024/11/17/2024111765c6931f-4f88-5ad2-a8d2-8a7654e28c91.pdf,J01DD63,https://greenbook.nafdac.gov.ng/products/details/7821,2026-09-27T21:22:20.085187+00:00
Greenbook NAFDAC,443,12393,Annymoxifen Tablet 20 mg_,1,Drugs,"{'id': 1, 'name': 'Drugs', 'created_at': '-000001-11-30T00:00:00.000000Z', 'updated_at': '2022-03-17T16:53:12.000000Z', 'deleted_at': None}",745,Tamoxifen (Tamoxifen Citrate),,B4-0426,1,Tablet,1,Oral,20 mg,506,AnnyGod Pharmaceutical Company Ltd,2025-11-26,2030-11-25,Active,"Tablet.
White to off-white colored, circular, biconvex, un-coated tablets with scoring and &quot;20&quot; embossed on one side and plain on other side",3 x 10&#039;s (in Alu-PVC blisters),"Each tablet contains: Tamoxifen Citrate BP equiv. to Tamoxifen base 20 mg
Excipients q.s.",https://admin.greenbook.nafdac.gov.ng/uploadImage/smpc_files/2025/12/23/2025122307cb4627-bd5e-5dbc-896c-44c2caa828aa.pdf,L02BA01,https://greenbook.nafdac.gov.ng/products/details/12393,2026-09-27T21:22:20.085187+00:00
Greenbook NAFDAC,444,11368,Anomex Ointment**,1,Drugs,"{'id': 1, 'name': 'Drugs', 'created_at': '-000001-11-30T00:00:00.000000Z', 'updated_at': '2022-03-17T16:53:12.000000Z', 'deleted_at': None}",2214,Hydrocortisone Acetate; Lidocaine; Zinc Oxide; Allantoin,,C4-0520,58,Ointment,21,Topical,0.25%; 3.0%; 5.0%; 0.5%,189,Greenlife Pharmaceutical Limited,2025-05-27,2030-05-26,Active,"Topical Ointment.
A white to off white opaque ointment",1 x 30 g (in lami tube),"Hydrocortisone Acetate BP 0.25% w/w, Lidocaine USP 3.0%w/w, Zinc Oxide USP 5.0% w/w, Allantoin BP 0.5% w/w

Excipients: Microcrystalline Wax, Light Liquid Paraffin, White Soft Paraffin",https://admin.greenbook.nafdac.gov.ng/uploadImage/smpc_files/2025/06/24/20250624f8633bc0-f075-55ac-a55b-0b5b27432b52.pdf,C05AA01,https://greenbook.nafdac.gov.ng/products/details/11368,2026-09-27T21:22:20.085187+00:00
Greenbook NAFDAC,445,4704,Anorol Tablet##,1,Drugs,"{'id': 1, 'name': 'Drugs', 'created_at': '-000001-11-30T00:00:00.000000Z', 'updated_at': '2022-03-17T16:53:12.000000Z', 'deleted_at': None}",48,Orphenadrine Citrate; Paracetamol,,04-1471,1,Tablet,1,Oral,35 mg; 450 mg,261,Phamatex Nigeria Limited,2023-07-06,2028-07-05,Active,"Tablet
Round, white uncoated tablet, bevel-edged, flat faces, &quot;HD&quot; embossed and scored on the same face

60	RNW-PP-112438	Anorol Tablet	PARACETAMOL 450MG; ORPHENADRINE CITRATE 35MG	Orphenadrine citrate 35mg, Paracetamol 450mg, PVP K-25, Sodium Starch Glycollate, Talc	04-1471	Drugs	Imported Products	10*10	Prescription Only Medicine (POM)	1/14/2020	PHAMATEX NIGERIA LIMITED, 1, CRYSTAL GLASS CLOSE, AMUWO-ODOFIN	1470193	pharmiyke72@yahoo.co.uk	Hovid Bhd., Hovid BHD. 121, Jalan Tunk Abdul Rahman, 30010, Ipoh, Perak, Malaysia, Malaysia",10 x 10&#039;s (in PVC-Alu blisters),"Each tablet contains: Orphenadrine  Citrate 35 mg, Paracetamol 450 mg
Excipients q.s.",https://admin.greenbook.nafdac.gov.ng/uploadImage/smpc_files/2023/08/23/2023082384cfe8c3-b9f6-57ce-9a8d-e2c460e35bda.pdf,M03BC51,https://greenbook.nafdac.gov.ng/products/details/4704,2026-09-27T21:22:20.085187+00:00
Greenbook NAFDAC,446,4706,Antalgex T Capsules**,1,Drugs,"{'id': 1, 'name': 'Drugs', 'created_at': '-000001-11-30T00:00:00.000000Z', 'updated_at': '2022-03-17T16:53:12.000000Z', 'deleted_at': None}",1154,Tramadol Hydrochloride; Paracetamol,,B4-6808,2,Capsule,1,Oral,37.5 mg; 325 mg,170,Expharlab Limited,2023-07-06,2028-07-05,Active,Capsule,2 x 10&#039;s (in PVC-Alu blisters),"Each capsule contains: Tramadol Hydrochloride 37.5 mg and Paracetamol 325 mg

Excipients:
- Capsule: Dibasic Calcium Phosphate, Magnesium Stearate
- Capsule shell: Gelatine, Titanium Dioxide (E171)",https://admin.greenbook.nafdac.gov.ng/uploadImage/smpc_files/2023/10/02/20231002f8f658d3-42f3-57a1-b773-9183e56acc8d.pdf,N02AJ13,https://greenbook.nafdac.gov.ng/products/details/4706,2026-09-27T21:22:20.085187+00:00
Greenbook NAFDAC,447,8857,Antezin Elixir**,1,Drugs,"{'id': 1, 'name': 'Drugs', 'created_at': '-000001-11-30T00:00:00.000000Z', 'updated_at': '2022-03-17T16:53:12.000000Z', 'deleted_at': None}",575,Piperazine,, 04-2529,103,Syrup,1,Oral,750 mg/5 mL,291,SKG - Pharma Ltd,2021-01-28,2026-01-27,Inactive,"Oral Liquid.
Clear, orange coloured syrup for oral administration",30 mL,Each 5 mL syrup contains: Piperazine hydrate 750 mg,https://admin.greenbook.nafdac.gov.ng/uploadImage/smpc_files/2025/01/22/20250122062f6f42-ec9c-54c9-a4dd-bce510060183.pdf,P02CB01,https://greenbook.nafdac.gov.ng/products/details/8857,2026-09-27T21:22:20.085187+00:00
Greenbook NAFDAC,448,5440,Anudol Suppositories## (check active ingredients),1,Drugs,"{'id': 1, 'name': 'Drugs', 'created_at': '-000001-11-30T00:00:00.000000Z', 'updated_at': '2022-03-17T16:53:12.000000Z', 'deleted_at': None}",1653,Zinc Oxide; Bismuth Subgallate; Balsam Peru; Bismuth Oxide; Hard Fat Qs,,A11-100196,89,Suppository,18,Rectal,296 mg; 59 mg; 49 mg; 24 mg,1067,Daily-Need Industries Limited,2021-09-28,2026-09-27,Active,"Suppository
White or off-white glossy, bullet shaped suppository

874	Anudol	A11-100196	Anudol Suppositories	Zinc Oxide Bismuth Subgallate Balsam Peru Bismuth Oxide Hard Fat Qs	Dermatological Agents	Rectal Route	296 mg, 59 mg, 49 mg, 24 mg	Suppository	Over The Counter (Otc)	Daily Need Ind. Ltd	Daily-Need Industries Limited	Nigeria	2021-09-28	2026-09-27",1 x 12&#039;s (in strips),"Each suppository contains: Zinc Oxide 296 mg, Bismuth Subgallate 59 mg, Balsam Peru 49 mg, Bismuth Oxide 24 mg
Excipients q.s.",https://admin.greenbook.nafdac.gov.ng/uploadImage/smpc_files/2025/01/15/202501150674fb89-9a6b-5477-bcd9-7b568959a772.pdf,C05AX02,https://greenbook.nafdac.gov.ng/products/details/5440,2026-09-27T21:22:20.085187+00:00
Greenbook NAFDAC,449,11106,Anuheal Cream_,1,Drugs,"{'id': 1, 'name': 'Drugs', 'created_at': '-000001-11-30T00:00:00.000000Z', 'updated_at': '2022-03-17T16:53:12.000000Z', 'deleted_at': None}",2192,Beclomethasone Dipropionate; Phenylephrine Hydrochloride; Lignocaine Hydrochloride,,A4-101258,4,Cream,21,Topical,0.025%; 0.1%; 2.5%,640,Freshborn Industries Ltd,2025-04-30,2030-04-29,Active,Cream,1 x 10 x 30 g (in Lamitubes),"Each gram contains: Beclomethasone Disproportionate 0.025% w/w, Phenylephrine Hydrochloride 0.10% w/w, Lignocaine Hydrochloride 2.50% w/w, and Chlorocresol 0.1% w/w (as preservative)
Excipients q.s.
Cream base q.s.",https://admin.greenbook.nafdac.gov.ng/uploadImage/smpc_files/2025/05/23/202505238999fa8e-23e4-5914-af69-c007e69d43aa.pdf,D07AC15,https://greenbook.nafdac.gov.ng/products/details/11106,2026-09-27T21:22:20.085187+00:00
Greenbook NAFDAC,450,12434,ANYI-TEX TELMISARTAN 40MG TABLETS $,1,Drugs,"{'id': 1, 'name': 'Drugs', 'created_at': '-000001-11-30T00:00:00.000000Z', 'updated_at': '2022-03-17T16:53:12.000000Z', 'deleted_at': None}",267,Telmisartan,,C4-1226,1,Tablet,1,Oral,40mg,761,Anyi-Tex Pharmaceuticals Limited,2026-03-31,2031-03-30,Active,"TELMISARTAN 40MG  TABLETS	TELMISARTAN 40MG  TABLETS	&quot;EACH UNCOATED TABLET CONTAINS
TELMISARTAN BP 40 MG
EXCIPIENTS Q.S&quot;	C4-1226	Drugs	Imported Product	2*14s	13-10-2025	ANYI-TEX PHARMACEUTICALS LIMITED, NO,30 G.M.O EAST NIGER LAYOUT, ONITSHA ANAMBRA STATE, NIGERIA 	09066116994	anyitexpharm@gmail.com	SWISS PHARMA PVT.LTD, 3709,G.I.D.C,PHASE IV,VATVA,AHMEDABAD - 382 445 GUJARAT,INDIA
",2x14s,"Each uncoated tablet contains: Telmisartan USP 40 mg  
Excipients Q.S",https://admin.greenbook.nafdac.gov.ng/uploadImage/smpc_files/2026/06/21/20260621a092175e-c041-5d7a-b687-235031d39ef0.pdf,C09CA07 ,https://greenbook.nafdac.gov.ng/products/details/12434,2026-09-27T21:22:20.085187+00:00
Greenbook NAFDAC,451,4370,Anytidine Injection##,1,Drugs,"{'id': 1, 'name': 'Drugs', 'created_at': '-000001-11-30T00:00:00.000000Z', 'updated_at': '2022-03-17T16:53:12.000000Z', 'deleted_at': None}",181,Ranitidine (Ranitidine Hydrochloride),,A4-6769,40,Injection,12,Intravenous,50 mg/2 mL,764,Amakin Pharmaceuticals Nigeria Limited,2022-10-22,2027-10-21,Active,"Liquid Injection

Anyitidine Injection	A4-6769	Anyitidine	RANITIDINE BP 50MG/2ML	DRUG	ANTIULCER	RANITIDINE BP 50MG/2ML	INJECTION	5 X 2ML	PRESCRIPTION ONLY MEDICINE	TREATMENT OF GASTRIC AND DEODENAL ULCER	AMAKIN NIG. LTD	NIGERIA	PHARMAX INDIA PVT. LIMITED	INDIA.	10/22/2022	21/10/2027",5 x 2 mL (in amber glass ampoules),"Each 2 mL contains: Ranitidine Hydrochloride BP equivalent to Ranitidine
Excipients q.s.
",https://admin.greenbook.nafdac.gov.ng/uploadImage/smpc_files/2023/05/28/20230528607dfe84-b29b-5766-a401-6224551f8f1d.pdf,A02BA02,https://greenbook.nafdac.gov.ng/products/details/4370,2026-09-27T21:22:20.085187+00:00
Greenbook NAFDAC,452,6698,APC Plus Tablets##,1,Drugs,"{'id': 1, 'name': 'Drugs', 'created_at': '-000001-11-30T00:00:00.000000Z', 'updated_at': '2022-03-17T16:53:12.000000Z', 'deleted_at': None}",47,Acetylsalicylic Acid; Paracetamol; Caffeine,,04-5670,1,Tablet,1,Oral,250 mg; 250 mg; 30 mg,254,Orange Drug Ltd,2023-12-21,2028-12-20,Active,"Capsule

153	RNW-PP-150136	APC PLUS TABLETS	ACETYLSALICYLIC ACID 250MG, PARACETAMOL 250MG, CAFFEINE 30MG	Paracetamol (USP, BP) 250 mg Caffeine (Guaranine) anhydrate (FI, USP) 30.0 mg Acetylsalicylic Acid (BP) 	Apr-70	Drugs	Imported Products	2X10	Over The Counter (OTC)	8/13/2020	ORANGE DRUG LTD, TOWN PLANNING WAY ILUPEJU LAGOS LAGOS	0	joncopharm@gmail.com	PT. TEMPO SCAN PACIFIC TBK",2 x 10&#039;s (in PVC-Alu blisters),"Each tablet contains: Acetylsalicylic Acid 250 mg, Paracetamol 250 mg, Caffeine 30 mg
Excipients q.s.",https://admin.greenbook.nafdac.gov.ng/uploadImage/smpc_files/2024/09/18/20240918dc025835-bd03-53de-bca4-fecd5862bf6c.pdf,N02BA51,https://greenbook.nafdac.gov.ng/products/details/6698,2026-09-27T21:22:20.085187+00:00
Greenbook NAFDAC,453,5513,Apetadine Syrup##,1,Drugs,"{'id': 1, 'name': 'Drugs', 'created_at': '-000001-11-30T00:00:00.000000Z', 'updated_at': '2022-03-17T16:53:12.000000Z', 'deleted_at': None}",414,Cyproheptadine Hydrochloride,,A11-1226,103,Syrup,1,Oral,5 mg,553,Peace Standard Pharmaceutical Industries Limited,2020-12-21,2025-12-20,Inactive,"Syrup

Apetadine Syrup	A11-1226	Cyproheptadine HCl+Lysine HCl+Nicotinamide+Thiamine HCl+Riboflavin+Pyridoxine+Cyanocobalamine+Dexpanthenol	Nutritional Supplement	Oral	5  mg	Syrup	Over The Counter (Otc)	Peace Standard Pharmaceutical Ind Ltd	Peace Standard Pharm Ind Ltd	Nigeria	2020-12-21	2025-12-20",,Apetadine Syrup contains: Cyproheptadine Hydrochloride 5 mg,,R06AX02,https://greenbook.nafdac.gov.ng/products/details/5513,2026-09-27T21:22:20.085187+00:00
Greenbook NAFDAC,454,4385,Apetafast Tablets##,1,Drugs,"{'id': 1, 'name': 'Drugs', 'created_at': '-000001-11-30T00:00:00.000000Z', 'updated_at': '2022-03-17T16:53:12.000000Z', 'deleted_at': None}",368,Cyproheptadine; Vitamins,,C4-1390,1,Tablet,1,Oral,Pending,674,JSP Pharma Company Nigeria Limited,2020-12-21,2025-12-20,Inactive,Tablet,,"Each tablet contains: Cyproheptadine HCl 2 mg, Vitamin A 2500 IU, Vitamin B1 2 mg, Cyanocobalamin 1 mcg, Vitamin D 200 IU, Nicotinamide, Calcium Pantothenate 25 mg, Calcium Lactate 5 mg",,R06AX02,https://greenbook.nafdac.gov.ng/products/details/4385,2026-09-27T21:22:20.085187+00:00
Greenbook NAFDAC,455,7978,Aphamoral Tablet**,1,Drugs,"{'id': 1, 'name': 'Drugs', 'created_at': '-000001-11-30T00:00:00.000000Z', 'updated_at': '2022-03-17T16:53:12.000000Z', 'deleted_at': None}",127,Trypsin; Chymotrypsin,,A4-9759,1,Tablet,1,Oral,"50,000 units (6:1)",573,Aphantee Pharma Nigeria Ltd,2021-08-03,2026-08-02,Inactive,Tablet,3 x 10&#039;s,"Each tablet contains: Trypsin-Chymotrypsin (6:1 Approx.) equiv. to 50,000 armour units of proteolytic enzyme activity",https://admin.greenbook.nafdac.gov.ng/uploadImage/smpc_files/2025/05/06/20250506d086f7ee-c36f-5483-a0ec-87467977fc4f.pdf,M09AB52,https://greenbook.nafdac.gov.ng/products/details/7978,2026-09-27T21:22:20.085187+00:00
Greenbook NAFDAC,456,12174,Aphantee Alpha Beta Arteether 150 mg Injection_,1,Drugs,"{'id': 1, 'name': 'Drugs', 'created_at': '-000001-11-30T00:00:00.000000Z', 'updated_at': '2022-03-17T16:53:12.000000Z', 'deleted_at': None}",551,α-β Arteether,Alpha Beta Arteether; Alfa Beta Arteether,A4-101590,40,Injection,29,Intravenous; Intramuscular,150 mg,573,Aphantee Pharma Nigeria Ltd,2025-10-29,2030-10-28,Active,"Injection.
Clear, colorless to yellowish liquid",3 x 2 mL (in glass ampoules),"Each 2 mL contains: α-β Arteether 150 mg

Excipients: Arachis Oil 1.747 g, Butylated Hydroxyanisole 0.400 mg",https://admin.greenbook.nafdac.gov.ng/uploadImage/smpc_files/2025/12/12/20251212475b4055-c64c-53d3-b15b-7feb6fddaee1.pdf,P01BE,https://greenbook.nafdac.gov.ng/products/details/12174,2026-09-27T21:22:20.085187+00:00
Greenbook NAFDAC,457,7798,Aphantee Aminophylline Tablet**,1,Drugs,"{'id': 1, 'name': 'Drugs', 'created_at': '-000001-11-30T00:00:00.000000Z', 'updated_at': '2022-03-17T16:53:12.000000Z', 'deleted_at': None}",382,Aminophylline,,C4-1657,1,Tablet,1,Oral,100 mg,573,Aphantee Pharma Nigeria Ltd,2021-03-29,2026-03-28,Inactive,"Pale yellow, round uncoated tablet with the AMINO embossed logo on one side and BREAKLINE on the other side",1 x 1000&#039;s (in Amber coloured HDPE PET bottle),Each tablet contains: Aminophylline (as Anhydrous) BP 100 mg,https://admin.greenbook.nafdac.gov.ng/uploadImage/smpc_files/2024/07/24/2024072450ff71e8-13df-54a7-abc9-80a7c88e7d8f.pdf,,https://greenbook.nafdac.gov.ng/products/details/7798,2026-09-27T21:22:20.085187+00:00
Greenbook NAFDAC,458,4372,Aphantee Aminophylline Tablets##,1,Drugs,"{'id': 1, 'name': 'Drugs', 'created_at': '-000001-11-30T00:00:00.000000Z', 'updated_at': '2022-03-17T16:53:12.000000Z', 'deleted_at': None}",382,Aminophylline,,C4-1512,1,Tablet,1,Oral,100 mg,573,Aphantee Pharma Nigeria Ltd,2020-12-21,2025-12-20,Inactive,"Tablet
Aminophylline tablets mg are pale yellow, round un coated tablets with &quot;Amino&quot; embossed logo on one side and a break line on the other side

Aphantee Aminophylline Tablets	C4-1512	Aminophylline	Bronchodilator	Oral	100  mg	Tablet	Prescription Only Medicine (Pom)	Aphantee Pharm Nig Ltd	Mancare Pharmaceuticals Pvt Ltd	India	2020-12-21	2025-12-20
",1 x 1000&#039;s (in PET bottle),"Each tablet contains: Aminophylline 100 mg
Excipients q.s.",https://admin.greenbook.nafdac.gov.ng/uploadImage/smpc_files/2023/05/27/20230527344360d5-fcac-54ac-be14-541eeeda1ea2.pdf,R03DA05,https://greenbook.nafdac.gov.ng/products/details/4372,2026-09-27T21:22:20.085187+00:00
Greenbook NAFDAC,459,7799,Aphantee Dexamethasone Tablets**,1,Drugs,"{'id': 1, 'name': 'Drugs', 'created_at': '-000001-11-30T00:00:00.000000Z', 'updated_at': '2022-03-17T16:53:12.000000Z', 'deleted_at': None}",770,Dexamethasone,, A4-8383,1,Tablet,1,Oral,0.5 mg,573,Aphantee Pharma Nigeria Ltd,2021-03-29,2026-03-28,Inactive,"White, circular, biconvex, uncoated round tablet with a diameter of 5.5 mm",1 x 100&#039;s (in amber coloured Tubular glass vial),Each tablet contains: Dexamethasone BP 0.5 mg,https://admin.greenbook.nafdac.gov.ng/uploadImage/smpc_files/2024/07/24/202407242e0486fa-2aad-5070-b76a-e1ca2947e058.pdf,,https://greenbook.nafdac.gov.ng/products/details/7799,2026-09-27T21:22:20.085187+00:00
Greenbook NAFDAC,460,2759,Aphantee Salbutamol Tablets##,1,Drugs,"{'id': 1, 'name': 'Drugs', 'created_at': '-000001-11-30T00:00:00.000000Z', 'updated_at': '2022-03-17T16:53:12.000000Z', 'deleted_at': None}",385,Salbutamol (Salbutamol Sulfate),,C4-1513,1,Tablet,1,Oral,4 mg,573,Aphantee Pharma Nigeria Ltd,2020-12-21,2025-12-20,Inactive,Tablet,,Each tablet contains: Salbutamol Sulfate equivalent to Salbutamol 4 mg,,R03CC02,https://greenbook.nafdac.gov.ng/products/details/2759,2026-09-27T21:22:20.085187+00:00
Greenbook NAFDAC,461,7323,Aphantee Tramadol 100 Capsules**,1,Drugs,"{'id': 1, 'name': 'Drugs', 'created_at': '-000001-11-30T00:00:00.000000Z', 'updated_at': '2022-03-17T16:53:12.000000Z', 'deleted_at': None}",56,Tramadol Hydrochloride,,A4-6500,2,Capsule,1,Oral,100 mg,573,Aphantee Pharma Nigeria Ltd,2024-04-30,2029-05-01,Active,"Hard gelatin capsule.
Each capsule contains: Tramadol Hydrochloride 100 mg",1 x 10&#039;s (in PVC/Aluminium foil blister),,https://admin.greenbook.nafdac.gov.ng/uploadImage/smpc_files/2024/05/14/20240514a10a8f52-6687-5a57-bee1-786997bb6291.pdf,N02AX02,https://greenbook.nafdac.gov.ng/products/details/7323,2026-09-27T21:22:20.085187+00:00
Greenbook NAFDAC,462,7328,Aphantee Tramadol 50 Capsules**,1,Drugs,"{'id': 1, 'name': 'Drugs', 'created_at': '-000001-11-30T00:00:00.000000Z', 'updated_at': '2022-03-17T16:53:12.000000Z', 'deleted_at': None}",56,Tramadol Hydrochloride,,A4-6499,2,Capsule,1,Oral,50 mg,573,Aphantee Pharma Nigeria Ltd,2024-04-30,2029-05-01,Active,"Hard gelatin capsule.
Each capsule contains: Tramadol Hydrochloride 50 mg",1 x 10&#039;s (in PVC/Aluminium foil blister),,https://admin.greenbook.nafdac.gov.ng/uploadImage/smpc_files/2024/05/14/20240514a33d6771-be03-5c02-9f5c-7c4c8e5b299b.pdf,N02AX02,https://greenbook.nafdac.gov.ng/products/details/7328,2026-09-27T21:22:20.085187+00:00
Greenbook NAFDAC,463,289,Aphasulf Ointment##,1,Drugs,"{'id': 1, 'name': 'Drugs', 'created_at': '-000001-11-30T00:00:00.000000Z', 'updated_at': '2022-03-17T16:53:12.000000Z', 'deleted_at': None}",1095,Sulfur,,B4-3349,58,Ointment,21,Topical,10%,573,Aphantee Pharma Nigeria Ltd,2021-08-03,2026-08-02,Inactive,"Ointment
Light yellow colored, homogenous ointment",1 x 30 g (in tube),"Each 30 grams of ointment contains: Precipitated Sulfur USP 10% w/w
Excipients q.s.",https://admin.greenbook.nafdac.gov.ng/uploadImage/smpc_files/2023/05/27/20230527db49ec65-981f-53e9-851b-aadbf87608ca.pdf,D10AB02,https://greenbook.nafdac.gov.ng/products/details/289,2026-09-27T21:22:20.085187+00:00
Greenbook NAFDAC,464,589,Aphazole##,1,Drugs,"{'id': 1, 'name': 'Drugs', 'created_at': '-000001-11-30T00:00:00.000000Z', 'updated_at': '2022-03-17T16:53:12.000000Z', 'deleted_at': None}",570,Albendazole,,B4-6262,1,Tablet,1,Oral,200 mg,573,Aphantee Pharma Nigeria Ltd,2021-08-03,2026-08-02,Inactive,Tablet,,Each tablet contains: Albendazole 200 mg,,P02CA03,https://greenbook.nafdac.gov.ng/products/details/589,2026-09-27T21:22:20.085187+00:00
Greenbook NAFDAC,465,5613,Aphrodil Tablets##,1,Drugs,"{'id': 1, 'name': 'Drugs', 'created_at': '-000001-11-30T00:00:00.000000Z', 'updated_at': '2022-03-17T16:53:12.000000Z', 'deleted_at': None}",28,Clomipramine Hydrochloride,,A4-100365,1,Tablet,1,Oral,25 mg,1046,Teka Pharmaceutical Co. Ltd,2023-03-28,2028-03-27,Active,"Film-coated Tablet.
White colored, circular, deep, biconvex, film-coated tablet",3 x 10&#039;s (in blisters),"Each film-coated tablet contains: Clomipramine HCl BP 25 mg
Excipients q.s.",https://admin.greenbook.nafdac.gov.ng/uploadImage/smpc_files/2023/09/23/202309232879625c-1a28-51ce-8bf6-c935491e098d.pdf,N06AA04,https://greenbook.nafdac.gov.ng/products/details/5613,2026-09-27T21:22:20.085187+00:00
Greenbook NAFDAC,466,25,Apitol Caplets_,1,Drugs,"{'id': 1, 'name': 'Drugs', 'created_at': '-000001-11-30T00:00:00.000000Z', 'updated_at': '2022-03-17T16:53:12.000000Z', 'deleted_at': None}",414,Cyproheptadine Hydrochloride,,A11-100260,108,Caplet,1,Oral,4 mg,223,Me Cure Industries Limited,2021-12-02,2026-12-01,Active,"Tablet.
Red-colored, oblong-shaped, sugar-coated caplet",3 x 10&#039;s (in blisters),"Each caplet contains: Each coated caplet contains Cyproheptadine Hydrochloride equivalent to anhydrous Cyproheptadine 4 mg BP
Excipients q.s.
Approved colors used",https://admin.greenbook.nafdac.gov.ng/uploadImage/smpc_files/2024/06/24/202406242f97a68d-40a3-5b67-9d4a-2e08fd06d92d.pdf,R06AX02,https://greenbook.nafdac.gov.ng/products/details/25,2026-09-27T21:22:20.085187+00:00
Greenbook NAFDAC,467,4149,Apitol Syrup##,1,Drugs,"{'id': 1, 'name': 'Drugs', 'created_at': '-000001-11-30T00:00:00.000000Z', 'updated_at': '2022-03-17T16:53:12.000000Z', 'deleted_at': None}",414,Cyproheptadine Hydrochloride,,A4-4942,103,Syrup,1,Oral,2 mg/5 mL,223,Me Cure Industries Limited,2022-01-27,2027-01-26,Active,"Syrup
Light orange colored syrup having a pleasant odor and a sweet taste  ","1 x 100 mL, 1 x 200 mL (in PET bottles)","Each 5 mL contains: Cyproheptadine Hydrochloride 2 mg
Excipients q.s.",https://admin.greenbook.nafdac.gov.ng/uploadImage/smpc_files/2023/10/02/202310022bc451b8-893e-56ec-9142-17bb05d0676c.pdf,R06AX02,https://greenbook.nafdac.gov.ng/products/details/4149,2026-09-27T21:22:20.085187+00:00
Greenbook NAFDAC,468,26,Apitol Tablets##,1,Drugs,"{'id': 1, 'name': 'Drugs', 'created_at': '-000001-11-30T00:00:00.000000Z', 'updated_at': '2022-03-17T16:53:12.000000Z', 'deleted_at': None}",414,Cyproheptadine Hydrochloride,,A4-3376,1,Tablet,1,Oral,4 mg,223,Me Cure Industries Limited,2021-12-02,2026-12-01,Active,"Tablet
White round uncoated tablet with a break line on one side and &quot;MECURE&quot; on the other side
",2 x 10&#039;s (in blister packs),"Each tablet contains: Cyproheptadine Hydrochloride equivalent to anhydrous Cyproheptadine BP 4 mg
Excipients q.s.",https://admin.greenbook.nafdac.gov.ng/uploadImage/smpc_files/2024/06/24/202406241314a387-0b48-5f56-8c40-8835b8ef0e33.pdf,R06AX02,https://greenbook.nafdac.gov.ng/products/details/26,2026-09-27T21:22:20.085187+00:00
Greenbook NAFDAC,469,12437,APIXABAN TABLET 2.5 MG $,1,Drugs,"{'id': 1, 'name': 'Drugs', 'created_at': '-000001-11-30T00:00:00.000000Z', 'updated_at': '2022-03-17T16:53:12.000000Z', 'deleted_at': None}",1790,Apixaban,,A4-102080,1,Tablet,1,Oral,2.5 mg,555,Rockforth Limited,2026-04-28,2031-04-27,Active,"APIXABAN TABLET 2.5 MG	APIXABAN TABLET 2.5 MG	&quot;EACH FILM COATED TABLET CONTAINS:
APIXABAN  2.5 MG
EXCIPIENTS; Q.S. SODIUM LAURYL SULPHATE LACTOSE, MICROCRYSTALLINE CELLULOSE, CROSCARMELLOSE SODIUM HYDROXY PROPYL METHYL CELLULOSE CROSCARMELLOSE SODIUM.&quot;	A4-102080	Drugs	Imported Product	3X10TABLETS	03-10-2024	ROCKFORTH PHARMACEUTICALS LIMITED  , NO.2OBAADESOJISTREET,WORKSHOUSINGESTATE,GWARINPA,ABUJA,FCT	014807257	aimalohi@pharplusltd.com	 STALLION  LABORATORIES  PVT. LTD,  C1B, 305, 2,3,4,&amp; 5 G.I.D.C, KERALA ( BAVLA), DIST. AHMEDABAD  382220 GUJARAT, INDIA. 
",3X10 TABLETS,"Each film-coated tablet contains: Apixaban 2.5 mg
Excipients with known effect:
50.5 mg lactose monohydrate and 1 mg croscarmellose sodium ",https://admin.greenbook.nafdac.gov.ng/uploadImage/smpc_files/2026/07/04/20260704b7fd133a-e28e-5ecc-a933-7e8600f01658.pdf,B01AF02,https://greenbook.nafdac.gov.ng/products/details/12437,2026-09-27T21:22:20.085187+00:00
Greenbook NAFDAC,470,12450,APIXABAN TABLET 5 MG $,1,Drugs,"{'id': 1, 'name': 'Drugs', 'created_at': '-000001-11-30T00:00:00.000000Z', 'updated_at': '2022-03-17T16:53:12.000000Z', 'deleted_at': None}",1790,Apixaban,,A4-102097,1,Tablet,1,Oral,5 mg,555,Rockforth Limited,2026-04-28,2031-04-27,Active,"APIXABAN TABLET 5 MG	APIXABAN TABLET 5 MG	&quot;EACH FILM COATED TABLET CONTAINS:
APIXABAN 5MG
EXCIPIENTS:  Q.S. SODIUM LAURYL SULPHATE LACTOSE MICROCRYSTALLINE CELLULOSE CROSCARMELLOSE SODIUM HYDROXY PROPYL METHYL CELLULOSE  CROSCARMELLOSE SODIUM.&quot;	A4-102097	Drugs	Imported Product	3X10TABLET	03-10-2024	ROCKFORTH PHARMACEUTICALS LIMITED  , NO.2OBAADESOJISTREET,WORKSHOUSINGESTATE,GWARINPA,ABUJA,FCT	014807257	aimalohi@pharplusltd.com	 STALLION  LABORATORIES  PVT. LTD,  C1B, 305, 2,3,4,&amp; 5 G.I.D.C, KERALA ( BAVLA), DIST. AHMEDABAD  382220 GUJARAT, INDIA. 

",3 x10 ,"Each film-coated tablet contains: Apixaban 5 mg
Excipients with known effect:",https://admin.greenbook.nafdac.gov.ng/uploadImage/smpc_files/2026/07/06/20260706195dc952-ceaa-5716-9893-640e322dd19a.pdf,B01AF02 ,https://greenbook.nafdac.gov.ng/products/details/12450,2026-09-27T21:22:20.085187+00:00
Greenbook NAFDAC,471,7979,Apmod 100/270 Tablets**,1,Drugs,"{'id': 1, 'name': 'Drugs', 'created_at': '-000001-11-30T00:00:00.000000Z', 'updated_at': '2022-03-17T16:53:12.000000Z', 'deleted_at': None}",530,Artesunate; Amodiaquine (Amodiaquine Hydrochloride),,B4-1012,1,Tablet,1,Oral,100 mg; 270 mg,578,Ajanta Pharma Nigeria Limited,2021-08-03,2026-08-02,Inactive,"Tablet.
Circular, bilayered, beveled edged tablet. One layer is yellow in colour with score line and the other layer is white to slightly yellow. The tablet is debossed with &#039;A&#039; on one side of score line and &#039;3&#039; on the other side of score line.
The score-line is only to facilitate breaking for ease of swallowing and not to divide into equal doses",1 x 3&#039;s &amp; 1 x 6&#039;s (in Alu-OPA/Alu/PVC blisters),"Artesunate 100 mg + Amodiaquine 270 mg Tablets.
Each bilayered tablet contains: Artesunate Ph.Int 100 mg, Amodiaquine Hydrochloride equivalent to Amodiaquine 270 mg",https://admin.greenbook.nafdac.gov.ng/uploadImage/smpc_files/2024/09/25/202409256bd32214-a600-57d0-94fe-59fe5462900e.pdf,P01BF01,https://greenbook.nafdac.gov.ng/products/details/7979,2026-09-27T21:22:20.085187+00:00
Greenbook NAFDAC,472,7980,Apmod 25/67.5 Tablets**,1,Drugs,"{'id': 1, 'name': 'Drugs', 'created_at': '-000001-11-30T00:00:00.000000Z', 'updated_at': '2022-03-17T16:53:12.000000Z', 'deleted_at': None}",530,Artesunate; Amodiaquine (Amodiaquine Hydrochloride),,B4-1010,1,Tablet,1,Oral,25 mg; 67.5 mg,578,Ajanta Pharma Nigeria Limited,2021-08-03,2026-08-02,Inactive,"Tablet.
Circular, bilayered, beveled edged tablet. One layer is yellow in colour with score line and the other layer is white to slightly yellow. The tablet is debossed with &#039;A&#039; on one side of score line and &#039;1&#039; on the other side of score line.
The score-line is only to facilitate breaking for ease of swallowing and not to divide into equal doses",1 x 3&#039;s (in Alu-OPA/Alu/PVC blister),"Artesunate 25 mg + Amodiaquine 67.5 mg Tablets.
Each bilayered tablet contains: Artesunate Ph.Int 25 mg, Amodiaquine Hydrochloride equivalent to Amodiaquine 67.5 mg",https://admin.greenbook.nafdac.gov.ng/uploadImage/smpc_files/2024/09/25/2024092505510fd0-96f9-5adc-ad3c-02d51ce6946d.pdf,P01BF01,https://greenbook.nafdac.gov.ng/products/details/7980,2026-09-27T21:22:20.085187+00:00
Greenbook NAFDAC,473,7981,Apmod 50/135 Tablets**,1,Drugs,"{'id': 1, 'name': 'Drugs', 'created_at': '-000001-11-30T00:00:00.000000Z', 'updated_at': '2022-03-17T16:53:12.000000Z', 'deleted_at': None}",530,Artesunate; Amodiaquine (Amodiaquine Hydrochloride),,B4-1011,1,Tablet,1,Oral,50 mg; 135 mg,578,Ajanta Pharma Nigeria Limited,2021-08-03,2026-08-02,Inactive,"Tablet.
Circular, bilayered, beveled edged tablet. One layer is yellow in colour with score line and the other layer is white to slightly yellow. The tablet is debossed with &#039;A&#039; on one side of score line and &#039;2&#039; on the other side of score line.
The score-line is only to facilitate breaking for ease of swallowing and not to divide into equal doses",1 x 3&#039;s (in Alu-OPA/Alu/PVC blister),"Artesunate 50 mg + Amodiaquine 135 mg Tablets.
Each bilayered tablet contains: Artesunate Ph.Int 50 mg, Amodiaquine Hydrochloride equivalent to Amodiaquine 135 mg",https://admin.greenbook.nafdac.gov.ng/uploadImage/smpc_files/2024/09/25/202409257f58fd29-90c1-56fb-ad70-62a02a6e44b1.pdf,P01BF01,https://greenbook.nafdac.gov.ng/products/details/7981,2026-09-27T21:22:20.085187+00:00
Greenbook NAFDAC,474,8821,Appl's Tramadol Capsules**,1,Drugs,"{'id': 1, 'name': 'Drugs', 'created_at': '-000001-11-30T00:00:00.000000Z', 'updated_at': '2022-03-17T16:53:12.000000Z', 'deleted_at': None}",56,Tramadol Hydrochloride,,A4-7150,2,Capsule,1,Oral,100 mg,913,I.G. Nnamdi Global Pharmaceutical Company Limited,2021-10-28,2026-10-27,Active,Capsule,10 x 10&#039;s,Tramadol Hydrochloride BP 100 mg,,N02AX02,https://greenbook.nafdac.gov.ng/products/details/8821,2026-09-27T21:22:20.085187+00:00
Greenbook NAFDAC,475,8822,Appl's Tramadol Capsules**,1,Drugs,"{'id': 1, 'name': 'Drugs', 'created_at': '-000001-11-30T00:00:00.000000Z', 'updated_at': '2022-03-17T16:53:12.000000Z', 'deleted_at': None}",56,Tramadol Hydrochloride,,A4-7412,2,Capsule,1,Oral,50 mg,913,I.G. Nnamdi Global Pharmaceutical Company Limited,2021-10-28,2026-10-27,Active,Capsule,10 x 10&#039;s,Tramadol Hydrochloride BP 50 mg,,N02AX02,https://greenbook.nafdac.gov.ng/products/details/8822,2026-09-27T21:22:20.085187+00:00
Greenbook NAFDAC,476,236,AppleGlow Cream##,1,Drugs,"{'id': 1, 'name': 'Drugs', 'created_at': '-000001-11-30T00:00:00.000000Z', 'updated_at': '2022-03-17T16:53:12.000000Z', 'deleted_at': None}",868,Clobetasol Propionate,,A4-100131,4,Cream,21,Topical,0.05%,715,Suitelife Pharmaceuticals Ltd,2021-10-28,2026-10-27,Active,Cream,1 x 30 g (in tube),AppleGlow Cream contains: Clobetasol Propionate 0.05%,https://admin.greenbook.nafdac.gov.ng/uploadImage/smpc_files/2025/05/07/2025050780e8dcc2-0312-5589-9e2f-e791d91428c0.pdf,D07AD01,https://greenbook.nafdac.gov.ng/products/details/236,2026-09-27T21:22:20.085187+00:00
Greenbook NAFDAC,477,6485,Applezoral Cream##,1,Drugs,"{'id': 1, 'name': 'Drugs', 'created_at': '-000001-11-30T00:00:00.000000Z', 'updated_at': '2022-03-17T16:53:12.000000Z', 'deleted_at': None}",522,Ketoconazole,,A4-100630,4,Cream,21,Topical,2%,715,Suitelife Pharmaceuticals Ltd,2023-11-30,2028-11-29,Active,"Cream
A smooth white cream

24	NF-PP-369787	APPLEZORAL CREAM	KETOCONAZOLE BP 2% W/W	EACH 30G TUBE CONTAINS KETOCONAZOLE BP 2%W/W EXCIPIENTS CREAM BASE	A4-100630	Drugs	Imported Products	1X30G	POM 1	9/28/2023	SUITELIFE PHARMACEUTICALS LTD, 4 ayo davis close off ekolonu street, surulere, lagos	8129419809	suitelifepharma@yahoo.com	SYSTOCHEM LABORATORIES LTD, B-75, ROOP NAGAR, INDL. AREA, LONI-201 102. INDIA, India",1 x 30 g (in Lami tube),"Ketoconazole BP 2.0% w/w  and Cream Base q.s.
Excipients q.s.",https://admin.greenbook.nafdac.gov.ng/uploadImage/smpc_files/2023/12/17/2023121721b6bced-a20a-5256-a700-a31118c1e5f0.pdf,D01AC08,https://greenbook.nafdac.gov.ng/products/details/6485,2026-09-27T21:22:20.085187+00:00
Greenbook NAFDAC,478,8823,Applin Capsules**,1,Drugs,"{'id': 1, 'name': 'Drugs', 'created_at': '-000001-11-30T00:00:00.000000Z', 'updated_at': '2022-03-17T16:53:12.000000Z', 'deleted_at': None}",56,Tramadol Hydrochloride,,C4-1886,2,Capsule,1,Oral,100 mg,799,Apple Link Nigeria Limited,2021-10-28,2026-10-27,Active,Capsule,1 x 10&#039;s (in blister),Tramadol Hydrochloride 100 mg,,N02AX02,https://greenbook.nafdac.gov.ng/products/details/8823,2026-09-27T21:22:20.085187+00:00
Greenbook NAFDAC,479,7982,Apredin Injection**,1,Drugs,"{'id': 1, 'name': 'Drugs', 'created_at': '-000001-11-30T00:00:00.000000Z', 'updated_at': '2022-03-17T16:53:12.000000Z', 'deleted_at': None}",245,Hydralazine Hydrochloride,,A4-4875,107,Solution for injection,12,Intravenous,40 mg/2 mL,166,Embassy Pharmaceutical and Chemicals Limited,2021-08-03,2026-08-02,Inactive,Solution for injection in 2-mL amber coloured glass ampoules,2 mL x 10&#039;s (in amber coloured glass ampoules),"Hydralazine Hydrochloride Injection USP.
Each mL contains: Hydralazine Hydrochloride USP 20 mg, Water for injection BP q.s.",https://admin.greenbook.nafdac.gov.ng/uploadImage/smpc_files/2024/09/26/2024092681e564b4-b798-5a62-922e-27ea2eee1da8.pdf,C02DB02,https://greenbook.nafdac.gov.ng/products/details/7982,2026-09-27T21:22:20.085187+00:00
Greenbook NAFDAC,480,6156,Apretude 30 mg Film Coated Tablets**,1,Drugs,"{'id': 1, 'name': 'Drugs', 'created_at': '-000001-11-30T00:00:00.000000Z', 'updated_at': '2022-03-17T16:53:12.000000Z', 'deleted_at': None}",1720,Cabotegravir,,A4-100536,1,Tablet,1,Oral,30 mg,182,GlaxoSmithKline Consumer Nigeria PLC (GSK),2023-09-28,2028-09-27,Active,"Film Coated Tablet
White, film-coated, oval tablet",1 x 30&#039;s (in HDPE bottles),Each film-coated tablet: Cabotegravir 30 mg (as Cabotegravir sodium),https://admin.greenbook.nafdac.gov.ng/uploadImage/smpc_files/2023/10/09/202310095e69a1e8-f24f-5aff-84c6-d9e52c66c69a.pdf,J05AJ04,https://greenbook.nafdac.gov.ng/products/details/6156,2026-09-27T21:22:20.085187+00:00
Greenbook NAFDAC,481,6157,Apretude 600 mg Prolonged-release Suspension for Injection**,1,Drugs,"{'id': 1, 'name': 'Drugs', 'created_at': '-000001-11-30T00:00:00.000000Z', 'updated_at': '2022-03-17T16:53:12.000000Z', 'deleted_at': None}",1720,Cabotegravir,,A4-100537,90,Suspension for injection,9,Intramuscular,600 mg,182,GlaxoSmithKline Consumer Nigeria PLC (GSK),2023-09-28,2028-09-27,Active,"Suspension for Injection.
White to light pink, prolonged-release suspension for injection",600 mg x 25&#039;s (in glass vials),Each 3-mL vial contains: Cabotegravir 600 mg (as Cabotegravir free acid),https://admin.greenbook.nafdac.gov.ng/uploadImage/smpc_files/2023/10/09/20231009433421b3-9996-507f-b1ac-a434bc98b179.pdf,J05AJ04,https://greenbook.nafdac.gov.ng/products/details/6157,2026-09-27T21:22:20.085187+00:00
Greenbook NAFDAC,482,5514,Apricona 150 mg tablets##,1,Drugs,"{'id': 1, 'name': 'Drugs', 'created_at': '-000001-11-30T00:00:00.000000Z', 'updated_at': '2022-03-17T16:53:12.000000Z', 'deleted_at': None}",513,Fluconazole,,B4-0932,1,Tablet,1,Oral,150 mg,328,Vitborah Pharm Company Limited,2023-03-28,2028-03-27,Active,"Tablet

69	RNW-PP-169602	APRICONA 150MG TABLETS	FLUCONAZOLE	Microcrystalline cellulose, Povidone, Calcium Phosphate Dibasic, Magnesium Stearate, Sodium Starch Glycolate,	B4-0932	Drugs	ANTIINFECTIVES FOR SYSTEMIC USE	Imported Products	1*10	Prescription Only Medicine (POM)	12/13/2021	VITBORAH PHARM COMPANY LIMITED, LAYI OYEKANMI STREET , MUSHIN ISOLO LAGOS	7036395409	vitborahpharma@gmail.com	BRUSSELS LABORATORIES PVT LTD, NO. 33, CHANGODAR INDUSTRIAL ESTATE, SARKEJ- BAVLA ROAD, CHANGODA-382210 DIS AHMEDABAD, GUJARAT,INDIA., India",1 x 10&#039;s (in Alu-Alu blisters),"Each Tablet contains: Fluconazole 150 mg
Excipients: Lactose Monohydrate, Maize Starch, Colloidal Silica Anhydrous, Magnesium Stearate, Sodium Lauryl Sulfate",https://admin.greenbook.nafdac.gov.ng/uploadImage/smpc_files/2023/09/24/20230924d3d0e47d-d9b9-57a9-a3c9-f1cc7d85d390.pdf,J02AC01,https://greenbook.nafdac.gov.ng/products/details/5514,2026-09-27T21:22:20.085187+00:00
Greenbook NAFDAC,483,5515,Apriflox-Oz Tablets##,1,Drugs,"{'id': 1, 'name': 'Drugs', 'created_at': '-000001-11-30T00:00:00.000000Z', 'updated_at': '2022-03-17T16:53:12.000000Z', 'deleted_at': None}",557,Ofloxacin; Ornidazole,,B4-3175,1,Tablet,1,Oral,200 mg; 500 mg,328,Vitborah Pharm Company Limited,2023-03-28,2028-03-27,Active,"Film Coated tablet

52	RNW-PP-243939	APRIFLOX-OZ TABLETS	OFLOXACIN USP + ORNIDAZOLE	OFLOXACIN 200MG, ORNIDAZOLE 500MG	B4-3175	Drugs	ANTIINFECTIVES FOR SYSTEMIC USE	Imported Products	1*10	Prescription Only Medicine (POM)	12/13/2021	VITBORAH PHARMACEUTICAL COMPANY LIMITED, 36, LAYIOYEKANMISTREET, MUSHIN, LAGOS,	8063022165	veeborah@gmail.com	BRUSSELS LABORATORIES PVT LTD, NO. 33, CHANGODAR INDUSTRIAL ESTATE, SARKEJ- BAVLA ROAD, CHANGODA-382210 DIS AHMEDABAD, GUJARAT,INDIA., India",1 x 10&#039;s (in Alu-Alu blisters),"Each film coated tablet contains: Ofloxacin 200 mg, Ornidazole 500 mg
Excipients: Maize Starch, Lactose, Hydroxypropyl Cellulose, Sodium Starch Glycollate (Type A), Magnesium Stearate, Hypromellose, Talc, Titanium dioxide (E171), Macrogol 400, Iron Oxide Yellow (E172), Iron Oxide Black (E172), Carnauba Wax",https://admin.greenbook.nafdac.gov.ng/uploadImage/smpc_files/2023/09/24/202309245c86c652-5c63-558e-aa39-4abef7901940.pdf,J01RA09,https://greenbook.nafdac.gov.ng/products/details/5515,2026-09-27T21:22:20.085187+00:00
Greenbook NAFDAC,484,7822,Aprovasc  150/5 Tablets**,1,Drugs,"{'id': 1, 'name': 'Drugs', 'created_at': '-000001-11-30T00:00:00.000000Z', 'updated_at': '2022-03-17T16:53:12.000000Z', 'deleted_at': None}",261,Amlodipine (Amlodipine Besilate); Irbesartan,, B4-2687,1,Tablet,1,Oral,5 mg; 150 mg,1058,Sanofi-Aventis Nigeria Limited,2021-05-07,2026-05-06,Inactive,"Film coated tablet.
White, oval shaped film coated tablets with ‘150/5’ debossed on one side and plain on other side",4 x 7&#039;s (in PVC/PE/PVDC/Aluminium blisters),"Each film-coated tablet contains: Amlodipine besilate 7 mg equiv. to Amlodipine 5 mg, Irbesartan 150 mg",https://admin.greenbook.nafdac.gov.ng/uploadImage/smpc_files/2024/09/21/202409215666b061-1b0e-51e2-a58c-e64eb0b502f6.pdf,,https://greenbook.nafdac.gov.ng/products/details/7822,2026-09-27T21:22:20.085187+00:00
Greenbook NAFDAC,485,7823,Aprovasc 150/10 Tablets**,1,Drugs,"{'id': 1, 'name': 'Drugs', 'created_at': '-000001-11-30T00:00:00.000000Z', 'updated_at': '2022-03-17T16:53:12.000000Z', 'deleted_at': None}",261,Amlodipine (Amlodipine Besilate); Irbesartan,,B4-2688,1,Tablet,1,Oral,10 mg; 150 mg,1058,Sanofi-Aventis Nigeria Limited,2021-05-07,2026-05-06,Inactive,"Film coated tablet.
Pink, oval shaped film coated tablets with ‘150/10’ debossed on one side and plain on other side",4 x 7&#039;s (in PVC/PE/PVDC/Aluminium blisters),"Each film-coated tablet contains: Amlodipine besilate 14 mg equiv. to Amlodipine 10 mg, Irbesartan 150 mg",https://admin.greenbook.nafdac.gov.ng/uploadImage/smpc_files/2024/09/21/202409215a812c6d-2cbf-50e1-a739-a0c52870a74c.pdf,,https://greenbook.nafdac.gov.ng/products/details/7823,2026-09-27T21:22:20.085187+00:00
Greenbook NAFDAC,486,7824,Aprovasc 300/10 Tablet**,1,Drugs,"{'id': 1, 'name': 'Drugs', 'created_at': '-000001-11-30T00:00:00.000000Z', 'updated_at': '2022-03-17T16:53:12.000000Z', 'deleted_at': None}",261,Amlodipine (Amlodipine Besilate); Irbesartan,,B4-2690,1,Tablet,1,Oral,10 mg; 300 mg,1058,Sanofi-Aventis Nigeria Limited,2021-05-07,2026-05-06,Inactive,"Film coated tablet.
White, oval shaped film coated tablets with SNAP TAB scoreline on one side and plain on other side",4 x 7&#039;s (in PVC/PE/PVDC/Aluminium blisters),"Each film-coated tablet contains: Amlodipine besilate 14 mg equiv. to Amlodipine 10 mg, Irbesartan 300 mg",https://admin.greenbook.nafdac.gov.ng/uploadImage/smpc_files/2024/09/21/2024092138dc1991-04d2-5de5-b7dc-aac10656b5d6.pdf,,https://greenbook.nafdac.gov.ng/products/details/7824,2026-09-27T21:22:20.085187+00:00
Greenbook NAFDAC,487,7825,Aprovasc 300/5 Tablets**,1,Drugs,"{'id': 1, 'name': 'Drugs', 'created_at': '-000001-11-30T00:00:00.000000Z', 'updated_at': '2022-03-17T16:53:12.000000Z', 'deleted_at': None}",261,Amlodipine (Amlodipine Besilate); Irbesartan,,B4-2689,1,Tablet,1,Oral,5 mg; 300 mg,1058,Sanofi-Aventis Nigeria Limited,2021-05-07,2026-05-06,Inactive,"Film coated tablet.
Yellow, oval shaped film coated tablets with ‘300/5’ debossed on one side and plain on other side",4 x 7&#039;s (in PVC/PE/PVDC/Aluminium blisters),"Each film-coated tablet contains: Amlodipine besilate 7 mg equiv. to Amlodipine 5 mg, Irbesartan 300 mg",https://admin.greenbook.nafdac.gov.ng/uploadImage/smpc_files/2024/09/21/2024092146a5c7f0-4c71-5c64-8371-9e026913f2be.pdf,,https://greenbook.nafdac.gov.ng/products/details/7825,2026-09-27T21:22:20.085187+00:00
Greenbook NAFDAC,488,4700,Aprovel 150 mg Tablets**,1,Drugs,"{'id': 1, 'name': 'Drugs', 'created_at': '-000001-11-30T00:00:00.000000Z', 'updated_at': '2022-03-17T16:53:12.000000Z', 'deleted_at': None}",260,Irbesartan,,A4-7849,1,Tablet,1,Oral,150 mg,1058,Sanofi-Aventis Nigeria Limited,2023-05-25,2028-05-24,Active,"Film-coated tablet.
White to off-white, biconvex, and oval-shaped with a heart debossed on one side and the number 2872 engraved on the other side",2 x 14&#039;s (in PVC/PVDC/Aluminium blisters),"Each film-coated tablet contains: Irbesartan 150 mg.

Excipient with known effect: 51.00 mg of Lactose monohydrate per film-coated tablet",https://admin.greenbook.nafdac.gov.ng/uploadImage/smpc_files/2024/09/21/20240921396f2c7a-e3ec-5561-b0ed-493b7507d991.pdf,C09CA04,https://greenbook.nafdac.gov.ng/products/details/4700,2026-09-27T21:22:20.085187+00:00
Greenbook NAFDAC,489,4701,Aprovel 300 mg Tablet**,1,Drugs,"{'id': 1, 'name': 'Drugs', 'created_at': '-000001-11-30T00:00:00.000000Z', 'updated_at': '2022-03-17T16:53:12.000000Z', 'deleted_at': None}",260,Irbesartan,,A4-7850,1,Tablet,1,Oral,300 mg,1058,Sanofi-Aventis Nigeria Limited,2023-07-27,2028-07-26,Active,"Film-coated tablet.
White to off-white, biconvex, and oval-shaped with a heart debossed on one side and the number 2873 engraved on the other side",2 x 14&#039;s (in PVC/PVDC/Aluminium blisters),"Each film-coated tablet contains: Irbesartan 300 mg.

Excipient with known effect: 102.00 mg of Lactose monohydrate per film-coated tablet",https://admin.greenbook.nafdac.gov.ng/uploadImage/smpc_files/2024/09/21/202409214f5d6348-8d2a-5d4b-8bdd-d7bff5f228b3.pdf,C09CA04,https://greenbook.nafdac.gov.ng/products/details/4701,2026-09-27T21:22:20.085187+00:00
Greenbook NAFDAC,490,2794,Aptem 80/480 Tablet##,1,Drugs,"{'id': 1, 'name': 'Drugs', 'created_at': '-000001-11-30T00:00:00.000000Z', 'updated_at': '2022-03-17T16:53:12.000000Z', 'deleted_at': None}",528,Artemether; Lumefantrine,,C4-1265,1,Tablet,1,Oral,80 mg; 480 mg,1019,Apogee Pharmaceuticals Ltd,2020-11-30,2025-11-29,Inactive,Tablet,,"Each tablet contains: Artemether 80 mg, Lumefantrine 480 mg
Excipients q.s.",,P01BF01,https://greenbook.nafdac.gov.ng/products/details/2794,2026-09-27T21:22:20.085187+00:00
Greenbook NAFDAC,491,7127,Aqeud 10 Tablets##,1,Drugs,"{'id': 1, 'name': 'Drugs', 'created_at': '-000001-11-30T00:00:00.000000Z', 'updated_at': '2022-03-17T16:53:12.000000Z', 'deleted_at': None}",9,Aripiprazole,,B4-6029,1,Tablet,1,Oral,10 mg,354,Leotetra Healthcare Ltd,2024-01-31,2029-01-30,Active,"Oral tablet
Yellow colored, round shaped, biconvex, un-coated tablet

43	RNW-PP-268659	AQEUD 10 TABLETS	ARIPIPRAZOLE	Aripiprazole 10mg	B4-6029	Drugs	Imported Products	3x10	Prescription Only Medicine (POM)	7/7/2022	LEOTETRA HEALTHCARE LTD, GIDA NA&#039;ADADE NAIBAWA KANO KANO	8066471561	leotetranigltd@outlook.com	PSYCHOTROPICS INDIA LTD, PLOT N0. 12 &amp; 12A, INDUSTRIAL PARK-II, SALEMPUR, MEHDOOD - 2 HARIDWAR-249403, UTTARAKHAND, INDIA., India",3 x 10&#039;s (in Alu-Alu blisters),"Each un-coated mouth dissolving tablet contains: Aripiprazole USP 10 mg
Excipients q.s.",https://admin.greenbook.nafdac.gov.ng/uploadImage/smpc_files/2024/02/17/202402178929fab8-b847-5b6c-82ec-f5a1fb4d5190.pdf,N05AX12,https://greenbook.nafdac.gov.ng/products/details/7127,2026-09-27T21:22:20.085187+00:00
Greenbook NAFDAC,492,6336,Aqua-Tears Eye Drops##,1,Drugs,"{'id': 1, 'name': 'Drugs', 'created_at': '-000001-11-30T00:00:00.000000Z', 'updated_at': '2022-03-17T16:53:12.000000Z', 'deleted_at': None}",1626,Hydroxypropyl Methylcellulose,,A4-8839,24,Eye drops,15,Ophthalmic,0.7%,293,SKT Healthcare Pharmaceuticals Ltd,2023-08-31,2028-08-30,Active,"Ophthalmic Solution (Eye Drops)
Clear colorless solution filled in 10 mL plastic vials

AQUA-TEARS EYE DROPS	HYDROXYPROPYL METHYLCELLULOSE	Hydroxypropyl Methylcellulose Eye Drops Excipients: Boric Acid, Borax, Benalkonium Chloride Solution, Sodium Chloride, Potassium Chloride	A4-8839	Drugs	Imported Products	1X10ML,	Prescription Only Medicine (POM)	30/01/2020	SKT HEALTHCARE PHARMACEUTICALS LTD, OGUNLOWO ST OFF AWOLOWO WAY IKEJA IKEJA LAGOS	14534862	info@sktpharma.com	NITIN LIFESCIENCES LIMITED, RAMPUR GHAT ROAD, PAONTA SAHIB,DISTRICT-SIRMOUR (H.P.)- 173 025, INDIA, India",1 x 10 mL (in plastic vials),"Active ingredients: Hydroxypropyl Methylcellulose USP 0.7% w/v, Borax BP 0.19% w/v, Boric Acid 0.2% w/v, Sodium Chloride BP 0.45% w/v, Potassium Chloride BP 0.37% w/v, Benzalkonium Chloride NF 0.01% w/v
Preservative: Sterile Aqueous Base q.s.
Excipients: Boric Acid, Borax, Benzalkonium Chloride Solution, Sodium Chloride, Potassium Chloride",https://admin.greenbook.nafdac.gov.ng/uploadImage/smpc_files/2023/09/05/2023090575f07c7b-5e62-5c3d-9f95-0c2fa43e919c.pdf,S01XA20,https://greenbook.nafdac.gov.ng/products/details/6336,2026-09-27T21:22:20.085187+00:00
Greenbook NAFDAC,493,12394,Aquacef Tablet 500 mg_,1,Drugs,"{'id': 1, 'name': 'Drugs', 'created_at': '-000001-11-30T00:00:00.000000Z', 'updated_at': '2022-03-17T16:53:12.000000Z', 'deleted_at': None}",456,Cefuroxime (Cefuroxime Axetil),,B4-8985,1,Tablet,1,Oral,500 mg,272,Pinnacle Health Pharmaceutical &amp; Stores Ltd,2025-11-26,2030-11-25,Active,"Tablet.
White to off-white, capsule-shaped, biconvex both sides",1 x 10&#039;s (in Alu-Alu blister),"Each tablet contains: Cefuroxime Axetil BP equiv. to Cefuroxime base 500 mg
Excipients q.s.",https://admin.greenbook.nafdac.gov.ng/uploadImage/smpc_files/2025/12/29/20251229c53e87c8-459b-5186-8891-b56296b20bbe.pdf,J01DC02,https://greenbook.nafdac.gov.ng/products/details/12394,2026-09-27T21:22:20.085187+00:00
Greenbook NAFDAC,494,6158,Aquacipro Tablets 500 mg##,1,Drugs,"{'id': 1, 'name': 'Drugs', 'created_at': '-000001-11-30T00:00:00.000000Z', 'updated_at': '2022-03-17T16:53:12.000000Z', 'deleted_at': None}",461,Ciprofloxacin (Ciprofloxacin Hydrochloride),,B4-5795,1,Tablet,1,Oral,500 mg,272,Pinnacle Health Pharmaceutical &amp; Stores Ltd,2023-09-28,2028-09-27,Active,"A white colored capsule shaped film coated tablet having a break line on one side and the other side plain

26	RNW-PP-240981	AQUACIPRO TABLETS 500MG	CIPROFLOXACIN	CIPROFLOXACIN HYDROCHLORIDE USP 500MG. EXCIPIENTS q.s	B4-5795	Drugs	Imported Products	1X10	Prescription Only Medicine (POM)	2/1/2022	PINNACLE HEALTH PHARMACEUTICAL &amp; STORES LTD, 16/18, Nuru Oniwo Street, Aguda, Surulere, Lagos	8034707350	phppharma@yahoo.com	GLOBELA PHARMA PVT. LTD., 357,G.I.D.C,SACHIN, DIST. SURAT-394230. GUJARAT STATE, INDIA, India",1 x 10&#039;s (in Alu-Alu blisters),"Each film coated tablet contains: Ciprofloxacin Hydrochloride USP equivalent to Ciprofloxacin 500 mg
Excipients q.s.",https://admin.greenbook.nafdac.gov.ng/uploadImage/smpc_files/2023/10/09/202310097adafea6-e0c6-5df1-ad6c-bfcc247a028c.pdf,J01MA02,https://greenbook.nafdac.gov.ng/products/details/6158,2026-09-27T21:22:20.085187+00:00
Greenbook NAFDAC,495,7264,Aquaclav 1 G Tablets**,1,Drugs,"{'id': 1, 'name': 'Drugs', 'created_at': '-000001-11-30T00:00:00.000000Z', 'updated_at': '2022-03-17T16:53:12.000000Z', 'deleted_at': None}",423,Amoxicillin (Amoxicillin Trihydrate); Clavulanic Acid (Potassium Clavulanate),,B4-6857,1,Tablet,1,Oral,875 mg; 125 mg,272,Pinnacle Health Pharmaceutical &amp; Stores Ltd,2024-03-27,2029-03-26,Active,Film coated tablet,2 x 7&#039;s (in Alu-Alu blisters),"Co-Amoxiclav Tablets BP.
Each film-coated tablet contains: Amoxicillin Trihydrate BP equiv. to Amoxicillin 875 mg, Diluted Potassium Clavulanate BP equiv. to Clavulanic Acid 125 mg, Excipients q.s.",https://admin.greenbook.nafdac.gov.ng/uploadImage/smpc_files/2024/11/28/202411283235c944-1794-5ba4-82a8-291e6f42b257.pdf,J01CR02,https://greenbook.nafdac.gov.ng/products/details/7264,2026-09-27T21:22:20.085187+00:00
Greenbook NAFDAC,496,7280,Aquaclav 375 mg Tablets**,1,Drugs,"{'id': 1, 'name': 'Drugs', 'created_at': '-000001-11-30T00:00:00.000000Z', 'updated_at': '2022-03-17T16:53:12.000000Z', 'deleted_at': None}",423,Amoxicillin (Amoxicillin Trihydrate); Clavulanic Acid (Potassium Clavulanate),,B4-6858,1,Tablet,1,Oral,250 mg; 125 mg,272,Pinnacle Health Pharmaceutical &amp; Stores Ltd,2024-03-27,2029-03-26,Active,Film coated tablet,2 x 7&#039;s; 2 x 10&#039;s (in blisters),"Co-Amoxiclav Tablets BP.
Each film-coated tablet contains: Amoxicillin Trihydrate BP equiv. to Amoxicillin 250 mg, Diluted Potassium Clavulanate BP equiv. to Clavulanic Acid 125 mg, Excipients q.s.",https://admin.greenbook.nafdac.gov.ng/uploadImage/smpc_files/2024/11/28/202411284ebf1897-c5be-5606-8088-e6c15c4db223.pdf,J01CR02,https://greenbook.nafdac.gov.ng/products/details/7280,2026-09-27T21:22:20.085187+00:00
Greenbook NAFDAC,497,6682,Aquaclav 625 Tablets**,1,Drugs,"{'id': 1, 'name': 'Drugs', 'created_at': '-000001-11-30T00:00:00.000000Z', 'updated_at': '2022-03-17T16:53:12.000000Z', 'deleted_at': None}",423,Amoxicillin (Amoxicillin Trihydrate); Clavulanic Acid (Potassium Clavulanate),,B4-0687,1,Tablet,1,Oral,500 mg; 125 mg,272,Pinnacle Health Pharmaceutical &amp; Stores Ltd,2023-12-21,2028-12-20,Active,"Film-coated tablet.
White coloured, capsule shaped, biconvex, both side plain film coated tablets",2 x 7&#039;s (in Alu-Alu blisters),"Co-Amoxiclav Tablets BP.
Each film-coated tablet contains: Amoxicillin Trihydrate BP equiv. to Amoxicillin 500 mg, Diluted Potassium Clavulanate BP equiv. to Clavulanic Acid 125 mg, Excipients q.s.",https://admin.greenbook.nafdac.gov.ng/uploadImage/smpc_files/2023/12/31/20231231246ebc06-b6bc-5b8a-9f2f-1d5032bd8eb8.pdf,J01CR02,https://greenbook.nafdac.gov.ng/products/details/6682,2026-09-27T21:22:20.085187+00:00
Greenbook NAFDAC,498,6683,Aquaclav Suspension**,1,Drugs,"{'id': 1, 'name': 'Drugs', 'created_at': '-000001-11-30T00:00:00.000000Z', 'updated_at': '2022-03-17T16:53:12.000000Z', 'deleted_at': None}",423,Amoxicillin (Amoxicillin Trihydrate); Clavulanic Acid (Potassium Clavulanate),,B4-3287,72,Powder for suspension,1,Oral,200 mg/5 mL; 28.5 mg/5 mL,272,Pinnacle Health Pharmaceutical &amp; Stores Ltd,2023-12-21,2028-12-20,Active,"Powder for Oral Suspension.
White to off white granular powder, which becomes white coloured suspension on reconstitution with water",100 mL (in HDPE white bottle),"Co-Amoxiclav Oral Suspension BP (228.5 mg/5 mL).
Each 5 mL of reconstituted suspension contains: Amoxicillin Trihydrate BP equivalent to Amoxicillin 200.00 mg, Diluted Potassium Clavulanate BP equivalent to Clavulanic acid 28.50 mg, Excipients q.s.",https://admin.greenbook.nafdac.gov.ng/uploadImage/smpc_files/2023/12/31/202312311c3fe75f-4243-5246-bfe8-caa6e220d63c.pdf,J01CR02,https://greenbook.nafdac.gov.ng/products/details/6683,2026-09-27T21:22:20.085187+00:00
Greenbook NAFDAC,499,4306,Aquaclav Suspension**,1,Drugs,"{'id': 1, 'name': 'Drugs', 'created_at': '-000001-11-30T00:00:00.000000Z', 'updated_at': '2022-03-17T16:53:12.000000Z', 'deleted_at': None}",423,Amoxicillin (Amoxicillin Trihydrate); Clavulanic Acid (Potassium Clavulanate),,B4-3287,72,Powder for suspension,1,Oral,200 mg/5 mL; 28.5 mg/5 mL,272,Pinnacle Health Pharmaceutical &amp; Stores Ltd,2021-08-26,2026-08-25,Inactive,"Powder for Oral Suspension.
White to off white granular powder, which becomes white-coloured suspension on reconstitution with water",100 mL (in HDPE white bottle),"Co-Amoxiclav Oral Suspension BP (228.5 mg/5 mL).
Each 5 mL of reconstituted suspension contains: Amoxicillin Trihydrate BP equivalent to Amoxicillin 200.00 mg, Diluted Potassium Clavulanate BP equivalent to Clavulanic acid 28.50 mg, Excipients q.s.",https://admin.greenbook.nafdac.gov.ng/uploadImage/smpc_files/2024/09/01/20240901877d001e-7cf9-53b3-b9d1-4cced31deaa0.pdf,J01CR02,https://greenbook.nafdac.gov.ng/products/details/4306,2026-09-27T21:22:20.085187+00:00
Greenbook NAFDAC,500,7826,Aquadee Water for Injection**,1,Drugs,"{'id': 1, 'name': 'Drugs', 'created_at': '-000001-11-30T00:00:00.000000Z', 'updated_at': '2022-03-17T16:53:12.000000Z', 'deleted_at': None}",1843,Sterilized water for injection,,C4-1405,101,Liquid,12,Intravenous,100%,804,Cureall Impex Nigeria Limited,2026-04-28,2031-04-27,Inactive,"57	RCM-PP-541337		AQUADEE WATER FOR INJECTION 	Sterilised Water for Injections BP 10ML 	STERILISED WATER FOR INJECTIONS BP	C4-1405	Drugs	Imported Product	 1x10MLx100 and 50 X 10ml	22-12-2025	&quot;CUREALL IMPEX NIG LTD, 100/104, M.M. WAY,
KANO.&quot;	705469947	cureallimpexnigltd@gmail.com	M/S. HINDUSTAN POLYFAB    , Plot No.-12, DAVNI INDUSTRIAL AREA, Baddi, Distt.-Solan HIMACHAL PRADESH( H.P), 173205. INDIA	+9318833151	ino.hindustanpolyfab.in	View	

",10 mL x 1 x 100&#039;s (in vials),Sterilised Water for Injection BP 10 mL,https://admin.greenbook.nafdac.gov.ng/uploadImage/smpc_files/2026/07/06/20260706c75d7c21-d986-55ca-acfb-5e8cffafc28b.pdf,V07AB,https://greenbook.nafdac.gov.ng/products/details/7826,2026-09-27T21:22:20.085187+00:00
Greenbook NAFDAC,501,12451,AQUAFIX TABLETS 400MG $,1,Drugs,"{'id': 1, 'name': 'Drugs', 'created_at': '-000001-11-30T00:00:00.000000Z', 'updated_at': '2022-03-17T16:53:12.000000Z', 'deleted_at': None}",2277,Cefixime,,B4-9544,1,Tablet,1,Oral,400mg,272,Pinnacle Health Pharmaceutical &amp; Stores Ltd,2025-12-18,2030-12-17,Active,"AQUAFIX TABLETS 400MG	CEFIXIME	B4-9544	Drugs	Imported Product	1 X 10 	11-07-2025	PINNACLE HEALTH PHARMACEUTICAL &amp; STORES LTD, 16/18 NURU ONIWO STREET, AGUDA SURULERE, LAGOS	08034707350	phppharma@yahoo.com	&quot;FINECURE PHARMACEUTICALS LIMITED, SHIMLA  PISTAUR, MALSA  ROAD KICHHA, UDHAM  SINGH  NAGAR, UTTARAKHAND - 263148,
INDIA.,VIII SHIMLA PISTAUR, MALSA ROAD, KICHHA, UDHAMSINGH NAGAR, UTTARAKHAD--263148, INDIA.&quot;
",1 X 10,"Each film coated tablet contains: Cefixime (as Trihydrate) USP equivalent to Anhydrous Cefixime 400 mg
Excipients q.s.",https://admin.greenbook.nafdac.gov.ng/uploadImage/smpc_files/2026/02/02/20260202b7338c3d-6335-5bc0-ad5b-4e8bf0268466.pdf,J01DD08 ,https://greenbook.nafdac.gov.ng/products/details/12451,2026-09-27T21:22:20.085187+00:00
Greenbook NAFDAC,502,12452,AQUAFORMIN 2M TABLETS $,1,Drugs,"{'id': 1, 'name': 'Drugs', 'created_at': '-000001-11-30T00:00:00.000000Z', 'updated_at': '2022-03-17T16:53:12.000000Z', 'deleted_at': None}",628,Metformin Hydrochloride; Glimepiride,,B4-2478,1,Tablet,1,Oral,500mg; 2mg,272,Pinnacle Health Pharmaceutical &amp; Stores Ltd,2025-12-18,2030-12-17,Active,"AQUAFORMIN 2M TABLETS	&quot;ACTIVE INGREDIENTS; METFORMIN HCL 500MG AND GLIMPERIDE 2MG

EXCIPIENTS: HYPROMELLOSE (H.P.M.C K 100),
ISOPROPYL ALCOHOL,
POVIDONE K 30 (PVP K 30),
COLLOIDAL ANHYDROUS SILICA, 
MAGNESIUM STEARATE,
PURIFIED TALC,
MICROCRYSTALLINE CELLULOSE,
YELLOW OXIDE OF IRON,
LACTOSE MONOHYDRATE, 
MAIZE STARCH,
SODIUM STARCH GLYCOLATE,
SODIUM LAURYL SULPHATE.&quot;	B4-2478	Drugs	Imported Product	3 X 10 TABLETS	28-07-2025	PINNACLE HEALTH PHARMACEUTICAL &amp; STORES LTD, 16/18 NURU ONIWO STREET, AGUDA SURULERE, LAGOS	08034707350	phppharma@yahoo.com	GLOBELA PHARM PVT. LTD., 375,GIDC,SACHIN, SURAT 394230 INDIA
",3 X 10 TABLETS,"Each uncoated tablet contains:
Metformin hydrochloride BP .... 500 mg
Glimepiride USP..... 2 mg
Excipients .....q.s
",https://admin.greenbook.nafdac.gov.ng/uploadImage/smpc_files/2026/02/02/20260202e12100bc-b5d1-58a2-8c27-25172e65a6a1.pdf,A10BD02,https://greenbook.nafdac.gov.ng/products/details/12452,2026-09-27T21:22:20.085187+00:00
Greenbook NAFDAC,503,8958,Aquamal 20/120 Dispersible Tablets**,1,Drugs,"{'id': 1, 'name': 'Drugs', 'created_at': '-000001-11-30T00:00:00.000000Z', 'updated_at': '2022-03-17T16:53:12.000000Z', 'deleted_at': None}",528,Artemether; Lumefantrine,,A4-100865,13,Dispersible tablet,1,Oral,20 mg; 120 mg,272,Pinnacle Health Pharmaceutical &amp; Stores Ltd,2024-05-29,2029-05-28,Active,"Dispersible tablets.
A yellow-colored round shape biconvex uncoated dispersible tablet having one side break-line another side plain",1 x 6&#039;s; 1 x 12&#039;s; 1 x 24&#039;s (in Alu-PVC blisters),"Each uncoated tablet contains: Artemether 20 mg and Lumefantrine120 mg

Excipients:
Microcrystalline Cellulose (Plain), Colloidal Anhydrous Silica (Colloidal Silicon Dioxide), Croscarmellose Sodium (Vivasol), Magnesium Stearate, Hypromellose (H.P.M.C.E 15 cps)",https://admin.greenbook.nafdac.gov.ng/uploadImage/smpc_files/2025/01/26/202501268dddfa16-7a50-5f0a-93df-178d237c0492.pdf,P01BF01,https://greenbook.nafdac.gov.ng/products/details/8958,2026-09-27T21:22:20.085187+00:00
Greenbook NAFDAC,504,7273,Aquamal Powder for Oral Suspension 20/120 mg**,1,Drugs,"{'id': 1, 'name': 'Drugs', 'created_at': '-000001-11-30T00:00:00.000000Z', 'updated_at': '2022-03-17T16:53:12.000000Z', 'deleted_at': None}",528,Artemether; Lumefantrine,,B4-6833,72,Powder for suspension,1,Oral,20 mg; 120 mg,272,Pinnacle Health Pharmaceutical &amp; Stores Ltd,2024-04-30,2029-05-01,Active,"Powder for Oral Suspension.
Each 5 mL (after reconstitution) contains: Artemether 20 mg, Lumefantrine 120 mg, Excipients q.s.",4.1 g x 12&#039;s (in Sachets),,https://admin.greenbook.nafdac.gov.ng/uploadImage/smpc_files/2024/05/14/2024051437238930-52a8-5b36-959a-73cb843d839c.pdf,P01BF01,https://greenbook.nafdac.gov.ng/products/details/7273,2026-09-27T21:22:20.085187+00:00
Greenbook NAFDAC,505,2795,Aquamal QS Capsules##,1,Drugs,"{'id': 1, 'name': 'Drugs', 'created_at': '-000001-11-30T00:00:00.000000Z', 'updated_at': '2022-03-17T16:53:12.000000Z', 'deleted_at': None}",528,Artemether; Lumefantrine,,B4-3100,2,Capsule,1,Oral,80 mg; 480 mg,272,Pinnacle Health Pharmaceutical &amp; Stores Ltd,2026-04-28,2031-04-27,Inactive,"AQUAMAL QS SOFGEL 80MG/480MG	ARTEMETHER 80MG ANG LUMEFANTRINE 480MG	ARTEMETHER 80MG AND LUMEFANTRINE 480MG	B4-3100	Drugs	Imported Product	1 X 6	22-10-2025	PINNACLE HEALTH PHARMACEUTICAL &amp; STORES LTD, 16/18 NURU ONIWO STREET, AGUDA SURULERE, LAGOS	08034707350	phppharma@yahoo.com	&quot;Olive PharmaScience Limited, 197/2, Athiyawad village
Dabhel Dawan-396210,
India&quot;
", 1 X 6,"Each capsule contains: Artemether 80 mg, Lumefantrine 480 mg",https://admin.greenbook.nafdac.gov.ng/uploadImage/smpc_files/2026/07/04/20260704ec3ecada-228a-5451-ad45-a05ba2673020.pdf,P01BF01,https://greenbook.nafdac.gov.ng/products/details/2795,2026-09-27T21:22:20.085187+00:00
Greenbook NAFDAC,506,254,Aquapress (Sterile Water For Injection BP 10 mL)##,1,Drugs,"{'id': 1, 'name': 'Drugs', 'created_at': '-000001-11-30T00:00:00.000000Z', 'updated_at': '2022-03-17T16:53:12.000000Z', 'deleted_at': None}",1843,Sterilized water for injection,,B4-5003,101,Liquid,12,Intravenous,100%,1029,Precious Trust Limited,2021-10-28,2026-10-27,Active,Liquid,1 x 10 mL (in ampoule),Aquapress contains: Sterile Water for Injection BP 10 mL,,V07AB,https://greenbook.nafdac.gov.ng/products/details/254,2026-09-27T21:22:20.085187+00:00
Greenbook NAFDAC,507,619,Aquart Tablets##,1,Drugs,"{'id': 1, 'name': 'Drugs', 'created_at': '-000001-11-30T00:00:00.000000Z', 'updated_at': '2022-03-17T16:53:12.000000Z', 'deleted_at': None}",535,Dihydroartemisinin; Piperaquine Phosphate,,C4-1135,1,Tablet,1,Oral,40 mg; 320 mg,374,Aquatix Pharmaceuticals Limited,2020-11-10,2025-11-09,Inactive,Tablet,,"Each tablet contains: Dihydroartemisinin 40 mg, Piperaquine Phosphate 320 mg",https://admin.greenbook.nafdac.gov.ng/uploadImage/smpc_files/2025/04/14/202504146299fdfa-4c36-5558-ab0b-c97113a8343d.pdf,P01BF07,https://greenbook.nafdac.gov.ng/products/details/619,2026-09-27T21:22:20.085187+00:00
Greenbook NAFDAC,508,4411,Aquasulf Ointment##,1,Drugs,"{'id': 1, 'name': 'Drugs', 'created_at': '-000001-11-30T00:00:00.000000Z', 'updated_at': '2022-03-17T16:53:12.000000Z', 'deleted_at': None}",1095,Sulfur,, 04-5172,58,Ointment,21,Topical,10%,573,Aphantee Pharma Nigeria Ltd,2023-01-26,2028-01-25,Active,"Ointment

AQUASULF OINTMENT	04-5172	AQUASULF OINTMENT	Precipitated Sulfur USP…..10 % w/w Mineral Oil USP…………..10 % w/w White Ointment USP…..….80 % w/w				Ointment	Over The Counter (OTC)		APHANTEE PHARM NIGERIA LTD, SUITE FF 11, PACIFIC COMPLEX AWKA ROAD ONITSHA ANAMBRA	Nigeria	YASH MEDICARE PVT LTD, NR.SABAR DAIRY TALOAD ROAD TA. HIMATNAGAR 383006 GUJARAT INDIA, India		1/26/2023	1/25/2028",,"Aquasulf Ointment contains: Precipitated Sulfur USP 10% w/w
Excipients: Mineral Oil USP 10% w/w, White Ointment USP 80% w/w",https://admin.greenbook.nafdac.gov.ng/uploadImage/smpc_files/2025/05/02/20250502de5b7cf0-ce45-5a8b-8bf3-7c661ff2df12.pdf,D11AC08,https://greenbook.nafdac.gov.ng/products/details/4411,2026-09-27T21:22:20.085187+00:00
Greenbook NAFDAC,509,620,Aquatix Omeprazole Capsules##,1,Drugs,"{'id': 1, 'name': 'Drugs', 'created_at': '-000001-11-30T00:00:00.000000Z', 'updated_at': '2022-03-17T16:53:12.000000Z', 'deleted_at': None}",176,Omeprazole,,C4-1142,2,Capsule,1,Oral,20 mg,374,Aquatix Pharmaceuticals Limited,2020-11-10,2025-11-09,Inactive,Capsule,,Each capsule contains: Omeprazole 20 mg,https://admin.greenbook.nafdac.gov.ng/uploadImage/smpc_files/2025/04/08/202504084c7bea44-fa61-58fd-b20a-f509e2b7874f.pdf,A02BC01,https://greenbook.nafdac.gov.ng/products/details/620,2026-09-27T21:22:20.085187+00:00
Greenbook NAFDAC,510,12436,Aquatix Risperidone Tablet $,1,Drugs,"{'id': 1, 'name': 'Drugs', 'created_at': '-000001-11-30T00:00:00.000000Z', 'updated_at': '2022-03-17T16:53:12.000000Z', 'deleted_at': None}",16,Risperidone,,C4-0921,1,Tablet,1,Oral,2mg,374,Aquatix Pharmaceuticals Limited,2026-02-24,2031-02-23,Active,"Aquatix Risperidone Tablet	Risperidone 2mg Tablet	&quot;1. RISPERIDONE USP 2.00MG
2. MAIZE STARCH BP 54.39MG
3. CALCIUM CARBONATE BP 40.90MG
4. PVP K-30 BP 2.15MG
5. SODIUM PROPYL PARABEN BP 0.01MG
6. SODIUM METHYL PARABEN BP 0.05MG
7. MAGNESIUM STEARATE BP 4.00MG
8. PURIFIED TALC BP 4.00MG 
9. COLLOIDAL SILICON DI OXIDE BP 1.00MG
11. CROSS CARMELLOSE SODIUM BP 10.0MG&quot;	C4-0921	Drugs	Imported Product	3X10	30-04-2025	AQUATIX PHARMACEUTICALS LIMITED, 7, Sapara Williams Street, Industrial Estate, Ikeja. Lagos. Nigeria.	07064946450	aquatixnigeria@gmail.com	 MCW Healthcare Pvt Ltd, M/s McW healthcare Pvt Ltd.286,287-A,287-B sector-E industrial area, sanwer Road,indore,M/s McW healthcare Pvt Ltd.286,287-A,287-B sector-E industrial area, sanwer Road,indore
",3X10,"Each film coated tablet contains: Risperidone USP 2 mg
Excipients: qs.",https://admin.greenbook.nafdac.gov.ng/uploadImage/smpc_files/2026/05/22/20260522972adadc-1d6c-5531-8aaf-ad92a25ec098.pdf,N05AX08 ,https://greenbook.nafdac.gov.ng/products/details/12436,2026-09-27T21:22:20.085187+00:00
Greenbook NAFDAC,511,1816,Aquixim 400##,1,Drugs,"{'id': 1, 'name': 'Drugs', 'created_at': '-000001-11-30T00:00:00.000000Z', 'updated_at': '2022-03-17T16:53:12.000000Z', 'deleted_at': None}",441,Cefixime (Cefixime Trihydrate),,B4-5760,1,Tablet,1,Oral,400 mg,374,Aquatix Pharmaceuticals Limited,2021-05-07,2026-05-06,Inactive,"Tablet
An orange colored, elongated, biconvex film coated tablet",10 x 1 x 10&#039;s (in Alu-Alu blisters),"Each film coated tablet contains: Cefixime (as Trihydrate) USP equivalent to Anhydrous Cefixime 400 mg
Excipients q.s.
Color: Approved color

",https://admin.greenbook.nafdac.gov.ng/uploadImage/smpc_files/2023/05/27/202305275fbe8a89-978f-5b81-b047-28dc6893fa26.pdf,J01DD08,https://greenbook.nafdac.gov.ng/products/details/1816,2026-09-27T21:22:20.085187+00:00
Greenbook NAFDAC,512,2994,Aquixim Suspension##,1,Drugs,"{'id': 1, 'name': 'Drugs', 'created_at': '-000001-11-30T00:00:00.000000Z', 'updated_at': '2022-03-17T16:53:12.000000Z', 'deleted_at': None}",441,Cefixime (Cefixime Trihydrate),,B4-5761,72,Powder for suspension,1,Oral,100 mg/5 mL,374,Aquatix Pharmaceuticals Limited,2021-03-01,2026-02-28,Inactive,"Powder for Oral Suspension
",1 x 100 mL (in HDPE bottle),"Each 5 mL reconstituted suspension contains: Cefixime Trihydrate USP equivalent to Cefixime Anhydrous 100 mg
Excipients q.s.
Approved color used
",https://admin.greenbook.nafdac.gov.ng/uploadImage/smpc_files/2024/09/13/2024091354f4b300-b1bd-5ba0-9aee-4de83733f3bb.pdf,J01DD08,https://greenbook.nafdac.gov.ng/products/details/2994,2026-09-27T21:22:20.085187+00:00
Greenbook NAFDAC,513,6618,Arbitel 40 Tablets**,1,Drugs,"{'id': 1, 'name': 'Drugs', 'created_at': '-000001-11-30T00:00:00.000000Z', 'updated_at': '2022-03-17T16:53:12.000000Z', 'deleted_at': None}",267,Telmisartan,,A4-5988,1,Tablet,1,Oral,40 mg,230,Micro Nova Pharmaceuticals Ind Ltd,2023-12-21,2028-12-20,Active,"Tablets.
White to off-white coloured, oval shaped, biconvex uncoated tablets with T 40 engraved on one side and plain on the other side",3 x 10&#039;s (in Alu-Alu blisters),Each uncoated tablet contains:  Telmisartan USP 40 mg,https://admin.greenbook.nafdac.gov.ng/uploadImage/smpc_files/2024/01/01/20240101418ab017-389b-5daa-93b7-6ee7a6112f05.pdf,C09CA07,https://greenbook.nafdac.gov.ng/products/details/6618,2026-09-27T21:22:20.085187+00:00
Greenbook NAFDAC,514,5892,Arbitel 80 H Tablets**,1,Drugs,"{'id': 1, 'name': 'Drugs', 'created_at': '-000001-11-30T00:00:00.000000Z', 'updated_at': '2022-03-17T16:53:12.000000Z', 'deleted_at': None}",268,Telmisartan; Hydrochlorothiazide,,B4-7726,1,Tablet,1,Oral,80 mg; 12.5 mg,230,Micro Nova Pharmaceuticals Ind Ltd,2023-04-26,2028-04-25,Active,Uncoated tablet,3 x 10&#039;s,Telmisartan 80 mg &amp; Hydrochlorothiazide 12.5 mg Tablets,https://admin.greenbook.nafdac.gov.ng/uploadImage/smpc_files/2024/12/27/20241227bdf94609-166b-53b5-b3c1-71547cdafef3.pdf,C09DA07,https://greenbook.nafdac.gov.ng/products/details/5892,2026-09-27T21:22:20.085187+00:00
Greenbook NAFDAC,515,6159,Arbitel 80 Tablets**,1,Drugs,"{'id': 1, 'name': 'Drugs', 'created_at': '-000001-11-30T00:00:00.000000Z', 'updated_at': '2022-03-17T16:53:12.000000Z', 'deleted_at': None}",267,Telmisartan,,A4-5989,1,Tablet,1,Oral,80 mg,230,Micro Nova Pharmaceuticals Ind Ltd,2023-09-28,2028-09-27,Active,"Tablets.
White to off-white coloured, capsule shaped, biconvex uncoated tablets with T8O engraved on one side and plain on the other side",3 x 10&#039;s (in Alu-Alu blisters),Each uncoated tablet contains:  Telmisartan USP 80 mg,https://admin.greenbook.nafdac.gov.ng/uploadImage/smpc_files/2023/10/09/20231009e916b0e4-7fa1-5197-bc93-e53310708365.pdf,C09CA07,https://greenbook.nafdac.gov.ng/products/details/6159,2026-09-27T21:22:20.085187+00:00
Greenbook NAFDAC,516,5519,Arbitel H Tablets**,1,Drugs,"{'id': 1, 'name': 'Drugs', 'created_at': '-000001-11-30T00:00:00.000000Z', 'updated_at': '2022-03-17T16:53:12.000000Z', 'deleted_at': None}",268,Telmisartan; Hydrochlorothiazide,,A4-5987,1,Tablet,1,Oral,40 mg; 12.5 mg,230,Micro Nova Pharmaceuticals Ind Ltd,2023-04-26,2028-04-25,Active,"Tablets.
White and Orange coloured, caplet shaped uncoated bilayered tablets with MICRO/MICRO printed in both sides",3 x 10&#039;s,"Telmisartan &amp; Hydrochlorothiazide Tablets.
Each uncoated bilayered tablet contains: Telmisartan BP 40 mg, Hydrochlorothiazide Ph.Eur 12.5mg.

Excipients with known effect:
Each tablet contains 40.000 mg Lactose monohydrate",https://admin.greenbook.nafdac.gov.ng/uploadImage/smpc_files/2023/09/23/20230923258fd50e-7d88-5999-bf3e-35ef2abcf36f.pdf,C09DA07,https://greenbook.nafdac.gov.ng/products/details/5519,2026-09-27T21:22:20.085187+00:00
Greenbook NAFDAC,517,7779,Arbitel-AM Tablets**,1,Drugs,"{'id': 1, 'name': 'Drugs', 'created_at': '-000001-11-30T00:00:00.000000Z', 'updated_at': '2022-03-17T16:53:12.000000Z', 'deleted_at': None}",269,Amlodipine (Amlodipine Besilate); Telmisartan,,A4-8641,1,Tablet,1,Oral,5 mg; 40 mg,230,Micro Nova Pharmaceuticals Ind Ltd,2021-02-25,2026-02-24,Inactive,"Tablets.
Yellow coloured, circular, biconvex film-coated tablets with a breakline on one surface.
Breakline is to facilitate breaking for ease of swallowing and not for dividing into equal doses",3 x 10&#039;s (in Alu-Alu blisters),"Each film coated tablet contains: Telmisartan BP 40 mg, Amlodipine Besilate BP equivalent to Amlodipine 5 mg",https://admin.greenbook.nafdac.gov.ng/uploadImage/smpc_files/2024/09/14/20240914739c1d0a-3d11-5d2a-b3f7-9bf18152098a.pdf,,https://greenbook.nafdac.gov.ng/products/details/7779,2026-09-27T21:22:20.085187+00:00
Greenbook NAFDAC,518,4386,Arbiter Injection α-β Arteether 150 mg/2 mL**,1,Drugs,"{'id': 1, 'name': 'Drugs', 'created_at': '-000001-11-30T00:00:00.000000Z', 'updated_at': '2022-03-17T16:53:12.000000Z', 'deleted_at': None}",551,α-β Arteether,Alpha Beta Arteether; Alfa Beta Arteether,B4-1812,107,Solution for injection,9,Intramuscular,150 mg/2 mL,222,Maydon Pharmaceuticals Limited,2022-08-25,2027-08-24,Active,Oily solution for injection in 2-mL ampoule,2 mL x 3&#039;s (in ampoules),,,P01BE,https://greenbook.nafdac.gov.ng/products/details/4386,2026-09-27T21:22:20.085187+00:00
Greenbook NAFDAC,519,3262,Arcadia Tablet 1 mg##,1,Drugs,"{'id': 1, 'name': 'Drugs', 'created_at': '-000001-11-30T00:00:00.000000Z', 'updated_at': '2022-03-17T16:53:12.000000Z', 'deleted_at': None}",770,Dexamethasone,,A11-100347,1,Tablet,1,Oral,1 mg,1035,Evergreen Morning Star Pharmaceutical Ind. Ltd,2021-12-16,2026-12-15,Active,Tablet,,"Each tablet contains: Dexamethasone BP 1 mg
",,H02AB02,https://greenbook.nafdac.gov.ng/products/details/3262,2026-09-27T21:22:20.085187+00:00
Greenbook NAFDAC,520,3263,Arcadia Tablets 0.5 mg##,1,Drugs,"{'id': 1, 'name': 'Drugs', 'created_at': '-000001-11-30T00:00:00.000000Z', 'updated_at': '2022-03-17T16:53:12.000000Z', 'deleted_at': None}",770,Dexamethasone,,A11-100348,1,Tablet,1,Oral,0.5 mg,1035,Evergreen Morning Star Pharmaceutical Ind. Ltd,2021-12-16,2026-12-15,Active,Tablet,,"Each tablet contains: Dexamethasone BP 0.5 mg
",,H02AB02,https://greenbook.nafdac.gov.ng/products/details/3263,2026-09-27T21:22:20.085187+00:00
Greenbook NAFDAC,521,7827,Arcerin Tablets**,1,Drugs,"{'id': 1, 'name': 'Drugs', 'created_at': '-000001-11-30T00:00:00.000000Z', 'updated_at': '2022-03-17T16:53:12.000000Z', 'deleted_at': None}",441,Cefixime (Cefixime Trihydrate),,B4-1501,1,Tablet,1,Oral,400 mg,202,JB Pharmaceuticals Limited,2021-06-24,2026-06-23,Inactive,"Film-coated tablet.
Off white colour oblong shape, biconvex film coated tablets having breakline on one side and other side plain",1 x 10&#039;s (in Alu-Alu blister),"Each film coated tablet contains: Cefixime (as Trihydrate) USP equiv. to anhydrous Cefixime 400 mg, Excipients q.s.
Colour: Titanium Dioxide BP",https://admin.greenbook.nafdac.gov.ng/uploadImage/smpc_files/2024/09/19/202409190aeb93ba-47ae-5d0c-8b7d-3e8a63541100.pdf,,https://greenbook.nafdac.gov.ng/products/details/7827,2026-09-27T21:22:20.085187+00:00
Greenbook NAFDAC,522,12062,Archivite Syrup**,1,Drugs,"{'id': 1, 'name': 'Drugs', 'created_at': '-000001-11-30T00:00:00.000000Z', 'updated_at': '2022-03-17T16:53:12.000000Z', 'deleted_at': None}",1925,Vitamins,Multivitamin,A4-4531,103,Syrup,1,Oral,see Composition,755,Archy Pharmaceuticals Limited,2025-09-24,2030-09-23,Active,"Oral Liquid
Brownish coloured syrup",1 x 100 mL (in amber glass bottle),"Each 10 mL contains: Vitamin  A, Vitamin C, Vitamin B1, Vitamin B2, Vitamin B12, Vitamin D, Excipients q.s.",https://admin.greenbook.nafdac.gov.ng/uploadImage/smpc_files/2025/11/18/202511183c3aa457-e33d-5601-814b-c0cbac859196.pdf,A11B,https://greenbook.nafdac.gov.ng/products/details/12062,2026-09-27T21:22:20.085187+00:00
Greenbook NAFDAC,523,8505,Archy Folic Acid Tablet**,1,Drugs,"{'id': 1, 'name': 'Drugs', 'created_at': '-000001-11-30T00:00:00.000000Z', 'updated_at': '2022-03-17T16:53:12.000000Z', 'deleted_at': None}",325,Folic acid,,A11-100769,1,Tablet,1,Oral,5 mg,755,Archy Pharmaceuticals Limited,2024-09-25,2029-09-24,Active,Tablet,1 x 1000&#039;s,Folic Acid 5 mg,https://admin.greenbook.nafdac.gov.ng/uploadImage/smpc_files/2025/01/03/202501034549f6bb-bb16-5c07-93af-d4c7990d67fa.pdf,,https://greenbook.nafdac.gov.ng/products/details/8505,2026-09-27T21:22:20.085187+00:00
Greenbook NAFDAC,524,11952,Archy Ibuprofen Suspension_,1,Drugs,"{'id': 1, 'name': 'Drugs', 'created_at': '-000001-11-30T00:00:00.000000Z', 'updated_at': '2022-03-17T16:53:12.000000Z', 'deleted_at': None}",57,Ibuprofen,,A11-100987,102,Suspension,1,Oral,100 mg/5 mL,755,Archy Pharmaceuticals Limited,2025-09-24,2030-09-23,Active,"Suspension.
A light-orange colored suspension with characteristic smell in an amber PET bottle",1 x 100 mL (in amber glass bottle),"Each 5 mL contains: Ibuprofen 100 mg
Excipients q.s.",https://admin.greenbook.nafdac.gov.ng/uploadImage/smpc_files/2025/11/18/20251118e5aa732e-5840-5f59-beac-596cc81ccfd1.pdf,M01AE01,https://greenbook.nafdac.gov.ng/products/details/11952,2026-09-27T21:22:20.085187+00:00
Greenbook NAFDAC,525,8506,Archy Zinc Sulphate Tablet USP 20 mg##,1,Drugs,"{'id': 1, 'name': 'Drugs', 'created_at': '-000001-11-30T00:00:00.000000Z', 'updated_at': '2022-03-17T16:53:12.000000Z', 'deleted_at': None}",808,Zinc (Zinc Sulfate),,A11-0897,1,Tablet,1,Oral,20 mg,755,Archy Pharmaceuticals Limited,2024-09-25,2029-09-24,Active,"Tablet
White circular uncoated tablet",10 x 10&#039;s (in PVC-Alu blisters),"Each tablet contains: Zinc Sulfate equivalent to elemental Zinc 20 mg
Excipients q.s.",https://admin.greenbook.nafdac.gov.ng/uploadImage/smpc_files/2025/01/03/20250103fea168ca-615a-594e-9739-35fc2d1edb5d.pdf,A12CB01,https://greenbook.nafdac.gov.ng/products/details/8506,2026-09-27T21:22:20.085187+00:00
Greenbook NAFDAC,526,12063,Arcofan Tablets 20/120**,1,Drugs,"{'id': 1, 'name': 'Drugs', 'created_at': '-000001-11-30T00:00:00.000000Z', 'updated_at': '2022-03-17T16:53:12.000000Z', 'deleted_at': None}",528,Artemether; Lumefantrine,,B4-2439,1,Tablet,1,Oral,20 mg; 120 mg,270,Pharmgate Healthcare Limited,2025-10-29,2030-10-28,Active,"Uncoated Tablet.
Yellow colored, round shaped, biconvex, uncoated tablet, break line on one side and plain on the other side",1 x 24&#039;s (in PVC-Alu blister),"Each uncoated tablet contains: Artemether I.H. 20 mg, Lumefantrine USP 120 mg

Excipients:
Microcrystalline Cellulose, Maize Starch, Gelatin (Gelling Grade), Povidone K-30, Methyl Hydroxybenzoate, Propyl Hydroxybenzoate, Polysorbate 80, Purified Water, Purified Talc, Magnesium Stearate, Crospovidone (Type A), Colloidal Anhydrous Silica, Tartrazine",https://admin.greenbook.nafdac.gov.ng/uploadImage/smpc_files/2025/12/05/20251205124dcbdd-65ce-5fdc-a5f6-c9b853f7d1a8.pdf,P01BF01,https://greenbook.nafdac.gov.ng/products/details/12063,2026-09-27T21:22:20.085187+00:00
Greenbook NAFDAC,527,12064,Arcofan Tablets 80/480**,1,Drugs,"{'id': 1, 'name': 'Drugs', 'created_at': '-000001-11-30T00:00:00.000000Z', 'updated_at': '2022-03-17T16:53:12.000000Z', 'deleted_at': None}",528,Artemether; Lumefantrine,,A4-5155,1,Tablet,1,Oral,80 mg; 480 mg,270,Pharmgate Healthcare Limited,2025-10-29,2030-10-28,Active,"Uncoated Tablet.
Yellow colored, round shaped, biconvex, uncoated tablet, break line on one side and plain on the other side",1 x 6&#039;s (in PVC-Alu blister),"Each tablet contains: Artemether I.H. 80 mg, Lumefantrine USP 480 mg

Excipients:
Microcrystalline Cellulose, Maize Starch, Gelatin (Gelling Grade), Povidone K-30, Methyl Hydroxybenzoate, Propyl Hydroxybenzoate, Polysorbate 80, Purified Water, Purified Talc, Magnesium Stearate, Crospovidone (Type A), Colloidal Anhydrous Silica, Tartrazine",https://admin.greenbook.nafdac.gov.ng/uploadImage/smpc_files/2025/12/05/202512056b8c07fb-c4ec-557c-a17d-0e72c7efa934.pdf,P01BF01,https://greenbook.nafdac.gov.ng/products/details/12064,2026-09-27T21:22:20.085187+00:00
Greenbook NAFDAC,528,6480,Ardemag Capsule##,1,Drugs,"{'id': 1, 'name': 'Drugs', 'created_at': '-000001-11-30T00:00:00.000000Z', 'updated_at': '2022-03-17T16:53:12.000000Z', 'deleted_at': None}",176,Omeprazole,,A11-0785,2,Capsule,1,Oral,20 mg,291,SKG - Pharma Ltd,2023-11-30,2028-11-29,Active,"Hard gelatin capsule containing off-white to cream spherical pellets

ARDEMAG CAPSULE	OMEPRAZOLE	OMEPRAZOLE 20MG, ENTRIC-COATED PELLETS	A11-0785	Drugs	ALIMENTARY TRACT AND METABOLISM	Nigerian Products	2X10	POM 1	23/12/2022	SKG - PHARMA LTD, SAPARA WILLIAMS STREET, OFF OBA AKRAN, IKEJA LAGOS LAGOS	8028307393	uinieke@yahoo.com	SKG-PHARMA LIMITED, 7/9 SAPARA STREET, OFF OBA AKRAN AVENUE, IKEJA, LAGOS., Nigeria",2 x 10&#039;s (in PVC-Alu blisters),"Each capsule contains: Omeprazole 20 mg
Excipients: Omeprazole Enteric Coated Pellets",https://admin.greenbook.nafdac.gov.ng/uploadImage/smpc_files/2023/12/14/202312142ec4470d-9035-56c7-83fb-69eec2d88995.pdf,A02BC01,https://greenbook.nafdac.gov.ng/products/details/6480,2026-09-27T21:22:20.085187+00:00
Greenbook NAFDAC,529,4412,Arenax Plus Tablets**,1,Drugs,"{'id': 1, 'name': 'Drugs', 'created_at': '-000001-11-30T00:00:00.000000Z', 'updated_at': '2022-03-17T16:53:12.000000Z', 'deleted_at': None}",528,Artemether; Lumefantrine,, A4-2180,1,Tablet,1,Oral,20 mg; 120 mg,303,Swiss Pharma Nigeria Limited,2023-02-23,2028-02-22,Active,"Film-coated Tablet.
Yellow colour, biconvex film coated tablets having both sides plain",4 x 6&#039;s (in Alu/PVC blisters),"Artemether 20 mg &amp; Lumefantrine 120 mg Tablets.
Each film coated tablet contains: Artemether 20 mg, Lumefantrine USP 120 mg, Excipients q.s.
Colour: Quinoline Yellow &amp; Titanium Dioxide BP",https://admin.greenbook.nafdac.gov.ng/uploadImage/smpc_files/2024/09/02/20240902ae401de0-7f7f-569a-945e-3d57be240c05.pdf,P01BF01,https://greenbook.nafdac.gov.ng/products/details/4412,2026-09-27T21:22:20.085187+00:00
Greenbook NAFDAC,530,6496,Arenol Paracetamol Tablet##,1,Drugs,"{'id': 1, 'name': 'Drugs', 'created_at': '-000001-11-30T00:00:00.000000Z', 'updated_at': '2022-03-17T16:53:12.000000Z', 'deleted_at': None}",1529,Paracetamol,Acetaminophen,04-4250,1,Tablet,1,Oral,500 mg,394,Kwara Chemical Company Limited,2023-11-30,2028-11-29,Active,"Tablet
A White circular tablet “KCC” on one side and “P/500” on the other side

ARENOL PARACETAMOL TABLET	PARACETAMOL	PARACETAMOL 500MG	Apr-50	Drugs	VARIOUS	Nigerian Products	X1000, 12x8	OTC	03/05/2023	KWARA CHEMICAL COMPANY LIMITED, 3 OKO ERIN ROAD	8066155261	kwarachemical@yahoo.com	KWARA CHEMICAL COMPANY LIMITED, 3, OKO-ERIN ROAD, ILORIN, KWARA STATE, NIGERIA., Nigeria",8 x 12&#039;s (in PVC-Alu blisters),"Each tablet contains: Paracetamol 500 mg
Excipients: Maize Starch, Purified Talc, Lactose, Gelatin, Methylparaben, Propylparaben, Magnesium Stearate",https://admin.greenbook.nafdac.gov.ng/uploadImage/smpc_files/2023/12/17/20231217c6c5ad76-3b3e-5836-b76b-40749bd4b107.pdf,N02BE01,https://greenbook.nafdac.gov.ng/products/details/6496,2026-09-27T21:22:20.085187+00:00
Greenbook NAFDAC,531,7801,Argesun Injections 120 mg**,1,Drugs,"{'id': 1, 'name': 'Drugs', 'created_at': '-000001-11-30T00:00:00.000000Z', 'updated_at': '2022-03-17T16:53:12.000000Z', 'deleted_at': None}",541,Artesunate,,A4-100909,70,Powder for injection,29,Intravenous; Intramuscular,120 mg,1180,Tridem Pharma Nigeria Limited,2024-06-27,2029-06-26,Active,"Artesunate for injection:
White crystalline powder for solution for injection in colourless glass vial.

Solvent:
Clear, colourless liquid in colourless glass ampoule (Sodium bicarbonate and Arginine Injection)",1 x 1&#039;s (in glass vial) + Solvent (in glass ampoule),"Artesunate for injection 120 mg:
Each vial contains: Artesunate powder 120 mg

Solvent:
Each ampoule of 6 mL solvent contains: Sodium bicarbonate 8.4 mg/mL; Arginine 20 mg/mL; H2O",https://admin.greenbook.nafdac.gov.ng/uploadImage/smpc_files/2024/07/20/20240720e7f51ba4-ab46-5e75-9eca-b6c2305eccce.pdf,P01BE03,https://greenbook.nafdac.gov.ng/products/details/7801,2026-09-27T21:22:20.085187+00:00
Greenbook NAFDAC,532,7258,Argesun Injections 180 mg**,1,Drugs,"{'id': 1, 'name': 'Drugs', 'created_at': '-000001-11-30T00:00:00.000000Z', 'updated_at': '2022-03-17T16:53:12.000000Z', 'deleted_at': None}",541,Artesunate,,A4-100796,70,Powder for injection,29,Intravenous; Intramuscular,180 mg,1180,Tridem Pharma Nigeria Limited,2024-03-27,2029-03-26,Active,"Artesunate for injection:
White crystalline powder for solution for injection in colourless glass vial.
Each vial contains: Artesunate powder 180 mg

Solvent:
Clear, colourless liquid in colourless glass ampoule (Sodium bicarbonate and Arginine Injection)
Each ampoule of 9 mL solvent contains: Sodium bicarbonate 8.4 mg/mL; Arginine 20 mg/mL; H2O",1 x 1&#039;s (in glass vial) + Solvent (in glass ampoule),,https://admin.greenbook.nafdac.gov.ng/uploadImage/smpc_files/2024/11/28/20241128470ab1df-5adf-5714-a10c-53ccdf201c29.pdf,P01BE03,https://greenbook.nafdac.gov.ng/products/details/7258,2026-09-27T21:22:20.085187+00:00
Greenbook NAFDAC,533,7802,Argesun Injections 30 mg**,1,Drugs,"{'id': 1, 'name': 'Drugs', 'created_at': '-000001-11-30T00:00:00.000000Z', 'updated_at': '2022-03-17T16:53:12.000000Z', 'deleted_at': None}",541,Artesunate,,A4-100910,70,Powder for injection,29,Intravenous; Intramuscular,30 mg,1180,Tridem Pharma Nigeria Limited,2024-06-27,2029-06-26,Active,"Artesunate for injection:
White crystalline powder for solution for injection in colourless glass vial.

Solvent:
Clear, colourless liquid in colourless glass ampoule (Sodium bicarbonate and Arginine Injection)",1 x 1&#039;s (in glass vial) + Solvent (in glass ampoule),"Artesunate for injection 30 mg:
Each vial contains: Artesunate powder 30 mg

Solvent:
Each ampoule of 1.5 mL solvent contains: Sodium bicarbonate 8.4 mg/mL; Arginine 20 mg/mL; H2O",https://admin.greenbook.nafdac.gov.ng/uploadImage/smpc_files/2024/07/20/20240720c87454b7-fc5c-548e-8a30-c2cd8a914fa6.pdf,P01BE03,https://greenbook.nafdac.gov.ng/products/details/7802,2026-09-27T21:22:20.085187+00:00
Greenbook NAFDAC,534,7363,Argesun Injections 60 mg**,1,Drugs,"{'id': 1, 'name': 'Drugs', 'created_at': '-000001-11-30T00:00:00.000000Z', 'updated_at': '2022-03-17T16:53:12.000000Z', 'deleted_at': None}",541,Artesunate,,A4-100719,70,Powder for injection,29,Intravenous; Intramuscular,60 mg,1180,Tridem Pharma Nigeria Limited,2024-01-31,2029-01-30,Active,"Artesunate for injection:
White crystalline powder for solution for injection in colourless glass vial.
Each vial contains: Artesunate powder 60 mg

Solvent:
Clear, colourless liquid in colourless glass ampoule (Sodium bicarbonate and Arginine Injection)
Each ampoule of 3 mL solvent contains: Sodium bicarbonate 8.4 mg/mL; Arginine 20 mg/mL; H2O",1 x 1&#039;s (in glass vial) + Solvent (in glass ampoule),,https://admin.greenbook.nafdac.gov.ng/uploadImage/smpc_files/2024/02/16/20240216cc90b327-1922-5e67-a91f-f3940ee0a2a0.pdf,P01BE03,https://greenbook.nafdac.gov.ng/products/details/7363,2026-09-27T21:22:20.085187+00:00
Greenbook NAFDAC,535,10597,Arigesic Gel#,1,Drugs,"{'id': 1, 'name': 'Drugs', 'created_at': '-000001-11-30T00:00:00.000000Z', 'updated_at': '2022-03-17T16:53:12.000000Z', 'deleted_at': None}",1149,Diclofenac Sodium (Diclofenac Diethylamine); Methyl salicylate; Menthol; Linseed oil,,A4-101151,29,Gel,21,Topical,1%; 10%; 5%; 3%,1336,Makki Pharmaceuticals Ltd,2025-01-30,2030-01-29,Active,"Gel
White, smooth, homogeneous gel with a slight characteristic odor

NF-PP-465569	ARIGESIC GEL	DICLOFENAC SODIUM BP 1.0%W/W, MENTHOL BP 5.0%W/W,METHYL SALICYLATE BP 10.0W/W, LINSEED OIL BP 3.0% W/W	CONTAINS DICLOFENAC DIETHYLAMINE BP 1.16%W/W EQUIVALENT TO DICLOFENAC SODIUM BP 1.0% W/W MENTHOL BP 5.0%W/W METHYL SALICYLATE BP 10.0% W/W LINSEED OIL BP 3.0%W/W EXCIPIENTS CARBOMER DIETHYLAMINE ISOPROPYL ALCOHOL PROPYLENE GLYCOL POLYSORBATE-80 CETOSTEARYL ALCOHOL PURIFIED WATER		Drugs	Imported Products	1X30G	OTC	12/9/2024	MAKKI PHARMACEUTICALS LTD, 55 commissioners quarters Road, Ifite Awka Anambra State Nigeria	8063803298	makkipharmaceuticallimited@gmail.com	MERIT ORGANICS LIMITED, PLOT NO 2104/2/A GIDC,SARIGAM, BHILAD. DIST-VALSAD - 396155 GUJARAT INDIA , India						",1 x 30 g (in Lami tube),"Each gram contains: Diclofenac Diethylamine BP 1.16% w/w equivalent to Diclofenac Sodium BP 1.0% w/w, Methyl Salicylate BP 10.0% w/w, Menthol BP 5.0% w/w, Linseed Oil BP 3.0% w/w
Excipient(s) with known effect: lsopropyl Alcohol , Diethylamine, Polysorbate -80 and Cetostearyl-Alcohol
Excipients q.s.

",https://admin.greenbook.nafdac.gov.ng/uploadImage/smpc_files/2025/03/19/202503194f097e8f-885a-5f54-8000-c29616cafe8d.pdf,M02AA15,https://greenbook.nafdac.gov.ng/products/details/10597,2026-09-27T21:22:20.085187+00:00
Greenbook NAFDAC,536,10028,"Arigold Clotrimazole, Betamethasone and Neomycin Sulphate Cream#",1,Drugs,"{'id': 1, 'name': 'Drugs', 'created_at': '-000001-11-30T00:00:00.000000Z', 'updated_at': '2022-03-17T16:53:12.000000Z', 'deleted_at': None}",1106,Betamethasone; Clotrimazole; Neomycin sulfate,,A4-101150,4,Cream,21,Topical,0.05%; 1%; 0.5%,1336,Makki Pharmaceuticals Ltd,2025-01-30,2030-01-29,Active,"Cream
White soft mass filled in lami collapsible tube

NF-PP-456215	ARIGOLD CLOTRIMAZOLE, BETAMETHASONE AND NEOMYCIN SULPHATE CREAM	Clotrimazole USP 1.0% w/w Betamethasone Dipropionate USP Eq. to Betamethasone 0.05%w/w Neomycin sulphate USP 0.5%w/w Preservative: Chlorocresol USP 0.1% w/w	COMPOSITION: CLOTRIMAZOLE USP 1.0% W/W BETAMETHASONE DIPROPIONATE USP EQ. TO BETAMETHASONE 0.05%W/W NEOMYCIN SULPHATE USP 0.5%W/W PRESERVATIVE: CHLOROCRESOL USP 0.1% W/W CREAM BASE Q.S EXCIPIENTS CLOTRIMAZOLE BETAMETHASONE DIPROPIONATE EQ. BETAMETHASONE NEOMYCIN SULPHATE CHLOROCRESOL PETROLIUM JELLY CETOSTEARYL ALCOHOL C.M. -1000 LIGHT LIQUID PARAFFIN PROPYLENE GLYCOL DI.SODIUM EDTA TWEEN 80		Drugs	Imported Products	1X30G	Prescription Only Medicine (POM)	10/30/2024	MAKKI PHARMACEUTICALS LTD, 55 commissioners quarters Road, Ifite Awka Anambra State Nigeria	8063803298	makkipharmaceuticallimited@gmail.com	MERIT ORGANICS LIMITED, PLOT NO 2104/2/A GIDC,SARIGAM, BHILAD. DIST-VALSAD - 396155 GUJARAT INDIA , India				",1 x 30 gm (in Lamitube),"Each gram contains: Betamethasone Dipropionate USP equivalent to Betamethasone Base 0.05% w/w, Clotrimazole USP 1.0% w/w, Neomycin Sulphate USP 0.5% w/w, Preservative: Chlorocresol USP 0.1% w/w
Excipients q.s.",https://admin.greenbook.nafdac.gov.ng/uploadImage/smpc_files/2025/05/11/202505119e7e7321-f1c4-5537-ac1a-fff2935fac3e.pdf,D07CC01,https://greenbook.nafdac.gov.ng/products/details/10028,2026-09-27T21:22:20.085187+00:00
Greenbook NAFDAC,537,11107,"Arigold Clotrimazole, Betamethasone and Neomycin Sulphate Cream_",1,Drugs,"{'id': 1, 'name': 'Drugs', 'created_at': '-000001-11-30T00:00:00.000000Z', 'updated_at': '2022-03-17T16:53:12.000000Z', 'deleted_at': None}",1106,Betamethasone; Clotrimazole; Neomycin sulfate,,A4-101150,4,Cream,21,Topical,0.05%; 1%; 0.5%,1336,Makki Pharmaceuticals Ltd,2025-01-30,2030-01-29,Active,"Cream.
White, soft mass filled in laminated collapsible tube",1 x 30 g (in lami tube),"Each gram contains: Betamethasone Dipropionate USP equiv. to Betamethasone Base 0.05% w/w, Clotrimazole USP 1.0% w/w, Neomycin Sulphate USP 0.5% w/w 
Preservative: Chlorocresol USP 0.1% w/w
Excipients q.s.
Cream base q.s.",https://admin.greenbook.nafdac.gov.ng/uploadImage/smpc_files/2025/05/25/20250525aaff98c8-16df-5bab-afbc-983600104c43.pdf,D07CC01,https://greenbook.nafdac.gov.ng/products/details/11107,2026-09-27T21:22:20.085187+00:00
Greenbook NAFDAC,538,8389,Arigold Ketoconazole Cream BP 2.0% **,1,Drugs,"{'id': 1, 'name': 'Drugs', 'created_at': '-000001-11-30T00:00:00.000000Z', 'updated_at': '2022-03-17T16:53:12.000000Z', 'deleted_at': None}",522,Ketoconazole,,A4-101046,4,Cream,21,Topical,2%,1336,Makki Pharmaceuticals Ltd,2024-09-25,2029-09-24,Active,Topical cream,20 g (in laminated tube),"Ketoconazole Cream BP 2.0%

Excipients:
Cetostearyl Alcohol BP, Ceto macrogol 1000 BP, Liquid Light Paraffin BP, White Petroleum Jelly BP, Chlorocresol (PCMC) BP, Propylene Glycol BP, Disodium EDTA BP, Disodium Hydrogen Ortho Phosphate BP, Tween 80 BP, Purified Water BP",https://admin.greenbook.nafdac.gov.ng/uploadImage/smpc_files/2024/11/04/20241104d5941c8e-cdbf-593c-8a96-f388147e06fe.pdf,D01AC08,https://greenbook.nafdac.gov.ng/products/details/8389,2026-09-27T21:22:20.085187+00:00
Greenbook NAFDAC,539,6495,Arintrim Tablets**,1,Drugs,"{'id': 1, 'name': 'Drugs', 'created_at': '-000001-11-30T00:00:00.000000Z', 'updated_at': '2022-03-17T16:53:12.000000Z', 'deleted_at': None}",488,Sulfamethoxazole; Trimethoprim,Co-trimoxazole; Cotrimoxazole,04-4723,1,Tablet,1,Oral,400 mg; 80 mg,394,Kwara Chemical Company Limited,2023-11-30,2028-11-29,Active,"Tablets
A white circular tablet “KCC” on one side and “coTm/480” on the other side",10 x 10&#039;s (in Alu-PVC blisters),"Each tablet contains: Trimethoprim 80 mg, Sulfamethoxazole 400 mg.

Excipients:
Maize Starch, Purified Talc, Gelatin, Methylparaben, Proylparaben, Magnesium Stearate",https://admin.greenbook.nafdac.gov.ng/uploadImage/smpc_files/2023/12/17/202312176b0170d3-a9df-5828-97c5-9b9cba953988.pdf,J01EE01,https://greenbook.nafdac.gov.ng/products/details/6495,2026-09-27T21:22:20.085187+00:00
Greenbook NAFDAC,540,10600,Arisol cream 0.05% w/w_,1,Drugs,"{'id': 1, 'name': 'Drugs', 'created_at': '-000001-11-30T00:00:00.000000Z', 'updated_at': '2022-03-17T16:53:12.000000Z', 'deleted_at': None}",868,Clobetasol Propionate,,A4-101171,4,Cream,21,Topical,0.05%,1336,Makki Pharmaceuticals Ltd,2025-03-01,2030-01-29,Active,"Cream.
White soft mass filled in laminated tubes",1 x 30 g (in lami tube),"Each gram contains: Clobetasol Propionate USP 0.05%
Cream base q.s.
Excipients q.s.",https://admin.greenbook.nafdac.gov.ng/uploadImage/smpc_files/2025/06/27/2025062770150a3f-6989-5e85-bc30-3e07546fd0a1.png,D07AD01,https://greenbook.nafdac.gov.ng/products/details/10600,2026-09-27T21:22:20.085187+00:00
Greenbook NAFDAC,541,255,Aristobet-N Eye Ointment##,1,Drugs,"{'id': 1, 'name': 'Drugs', 'created_at': '-000001-11-30T00:00:00.000000Z', 'updated_at': '2022-03-17T16:53:12.000000Z', 'deleted_at': None}",769,Betamethasone (Betamethasone Sodium Phosphate); Neomycin sulfate,,B4-4868,58,Ointment,15,Ophthalmic,0.1%; 0.5%,500,Vitacare Pharmacy Limited,2021-10-28,2026-10-27,Active,"Ophthalmic Ointment
A very light yellow semi-solid greasy mass (ointment) free from any visible extraneous matter",1 x 3 g (in Alu tube),"Each g contains Betamethasone Sodium Phosphate 0.1%, Neomycin Sulfate 0.5%
Preservative: Methylparaben, Propylparaben
Excipients q.s.",https://admin.greenbook.nafdac.gov.ng/uploadImage/smpc_files/2023/05/28/202305283901d68c-c4db-55d2-a23e-6d5c4a3e3344.pdf,S01CA05,https://greenbook.nafdac.gov.ng/products/details/255,2026-09-27T21:22:20.085187+00:00
Greenbook NAFDAC,542,256,"Aristobet-N Eye, Ear & Nasal Drops##",1,Drugs,"{'id': 1, 'name': 'Drugs', 'created_at': '-000001-11-30T00:00:00.000000Z', 'updated_at': '2022-03-17T16:53:12.000000Z', 'deleted_at': None}",769,Betamethasone (Betamethasone Sodium Phosphate); Neomycin sulfate,,A4-4581,112,Suspension/Drops,30,Ophthalmic/Otic/Nasal,0.1%; 0.5%,500,Vitacare Pharmacy Limited,2021-10-28,2026-10-27,Active,"Ear/Eye/Nose Drops, Solution
A clear and almost colorless solution",1 x 5 mL (in LDPE bottle),"Aristobet-N Eye, Ear &amp; Nasal Drops: Betamethasone Sodium Phosphate 0.1% w/v, Neomycin Sulfate 0.5% w/v
Excipients q.s.",https://admin.greenbook.nafdac.gov.ng/uploadImage/smpc_files/2023/05/28/20230528e08fc050-1d5c-5185-8cf0-bba9c47e7e35.pdf,S03CA06,https://greenbook.nafdac.gov.ng/products/details/256,2026-09-27T21:22:20.085187+00:00
Greenbook NAFDAC,543,257,Aristomol Eye Drops##,1,Drugs,"{'id': 1, 'name': 'Drugs', 'created_at': '-000001-11-30T00:00:00.000000Z', 'updated_at': '2022-03-17T16:53:12.000000Z', 'deleted_at': None}",787,Timolol (Timolol Maleate),,A4-3508,104,Solution/Drops,15,Ophthalmic,0.5%,500,Vitacare Pharmacy Limited,2021-10-28,2026-10-27,Active,"Eye Drops, Solution
A clear and almost colorless solution
",1 x 5 mL (in LDPE bottle),"Each mL contains: Timolol Maleate BP equivalent to Timolol base 5 mg
Excipients q.s.",https://admin.greenbook.nafdac.gov.ng/uploadImage/smpc_files/2023/05/28/202305280ebb1044-bd72-5edc-b4ab-78a247671b85.pdf,S01ED01,https://greenbook.nafdac.gov.ng/products/details/257,2026-09-27T21:22:20.085187+00:00
Greenbook NAFDAC,544,9801,Aritadine Ointment USP 5% w/w**,1,Drugs,"{'id': 1, 'name': 'Drugs', 'created_at': '-000001-11-30T00:00:00.000000Z', 'updated_at': '2022-03-17T16:53:12.000000Z', 'deleted_at': None}",955,Povidone-iodine,,A4-101176,58,Ointment,21,Topical,5%,1336,Makki Pharmaceuticals Ltd,2025-01-30,2030-01-29,Active,Ointment			,1 x 30 g (in Aluminum collapsible tube),"Aritadine Ointment contains: Povidone-Iodine USP 5% w/w
Excipients: Polyethylene Glycol 400, Polyethylene Glycol 3350, Sodium Bicarbonate
",https://admin.greenbook.nafdac.gov.ng/uploadImage/smpc_files/2025/04/05/2025040568936569-d1a7-5704-975a-d696fb0ffc15.pdf,D08AG02,https://greenbook.nafdac.gov.ng/products/details/9801,2026-09-27T21:22:20.085187+00:00
Greenbook NAFDAC,545,2796,Arlunart 20/120 Tablet##,1,Drugs,"{'id': 1, 'name': 'Drugs', 'created_at': '-000001-11-30T00:00:00.000000Z', 'updated_at': '2022-03-17T16:53:12.000000Z', 'deleted_at': None}",528,Artemether; Lumefantrine,,C4-1355,1,Tablet,1,Oral,20 mg; 120 mg,470,Nafro Pharma Nigeria Limited,2020-12-21,2025-12-20,Inactive,Tablet,,"Each tablet contains: Artemether 20 mg, Lumefantrine 120 mg",,P01BF01,https://greenbook.nafdac.gov.ng/products/details/2796,2026-09-27T21:22:20.085187+00:00
Greenbook NAFDAC,546,2797,Arlunart 80/480 Tablet##,1,Drugs,"{'id': 1, 'name': 'Drugs', 'created_at': '-000001-11-30T00:00:00.000000Z', 'updated_at': '2022-03-17T16:53:12.000000Z', 'deleted_at': None}",528,Artemether; Lumefantrine,,C4-1356,1,Tablet,1,Oral,80 mg; 480 mg,470,Nafro Pharma Nigeria Limited,2020-12-21,2025-12-20,Inactive,Tablet,,"Each tablet contains: Artemether 80 mg, Lumefantrine 480 mg",,P01BF01,https://greenbook.nafdac.gov.ng/products/details/2797,2026-09-27T21:22:20.085187+00:00
Greenbook NAFDAC,547,11532,Arnate DS Tablets**,1,Drugs,"{'id': 1, 'name': 'Drugs', 'created_at': '-000001-11-30T00:00:00.000000Z', 'updated_at': '2022-03-17T16:53:12.000000Z', 'deleted_at': None}",528,Artemether; Lumefantrine,,A4-101468,1,Tablet,1,Oral,80 mg; 480 mg,437,Mednoral Pharmaceutical Limited,2025-08-27,2030-08-26,Active,Uncoated Tablets,1 x 6&#039;s (in Alu-PVC blister),"Each uncoated  tablet contains:  Artemether 80 mg and Lumefantrine 480 mg, Excipients q.s.",https://admin.greenbook.nafdac.gov.ng/uploadImage/smpc_files/2025/10/31/20251031ea89b1a5-1c8a-5a6c-96f1-5d512a060048.pdf,P01BF01,https://greenbook.nafdac.gov.ng/products/details/11532,2026-09-27T21:22:20.085187+00:00
Greenbook NAFDAC,548,11533,Arnate Tablets 20 mg/120 mg**,1,Drugs,"{'id': 1, 'name': 'Drugs', 'created_at': '-000001-11-30T00:00:00.000000Z', 'updated_at': '2022-03-17T16:53:12.000000Z', 'deleted_at': None}",528,Artemether; Lumefantrine,,A4-101473,1,Tablet,1,Oral,20 mg; 120 mg,437,Mednoral Pharmaceutical Limited,2025-08-27,2030-08-26,Active,Uncoated Tablet,1 x 24&#039;s (in blister),"Each uncoated  tablet contains:  Artemether 20 mg and Lumefantrine 120 mg, Excipients q.s.",https://admin.greenbook.nafdac.gov.ng/uploadImage/smpc_files/2025/10/24/20251024249a9d5f-7a16-5657-b011-4d1fe9b2c725.pdf,P01BF01,https://greenbook.nafdac.gov.ng/products/details/11533,2026-09-27T21:22:20.085187+00:00
Greenbook NAFDAC,549,3194,Aromasin Tablets 25 mg**,1,Drugs,"{'id': 1, 'name': 'Drugs', 'created_at': '-000001-11-30T00:00:00.000000Z', 'updated_at': '2022-03-17T16:53:12.000000Z', 'deleted_at': None}",742,Exemestane,,04-9994,1,Tablet,1,Oral,25 mg,260,Pfizer Specialties Ltd,2020-11-30,2025-11-29,Inactive,Coated tablets,3 x 10&#039;s (in Aluminium-PVDC/PVC-PVDC blisters),Each coated tablet contains: Exemestane 25 mg,https://admin.greenbook.nafdac.gov.ng/uploadImage/smpc_files/2024/10/10/20241010e50d3919-fff0-5943-bf57-3dbda1154177.pdf,L02BG06,https://greenbook.nafdac.gov.ng/products/details/3194,2026-09-27T21:22:20.085187+00:00
Greenbook NAFDAC,550,3195,Aropem 1 g Injection##,1,Drugs,"{'id': 1, 'name': 'Drugs', 'created_at': '-000001-11-30T00:00:00.000000Z', 'updated_at': '2022-03-17T16:53:12.000000Z', 'deleted_at': None}",459,Meropenem (Meropenem Trihydrate),,C4-1483,73,Powder for solution for injection/infusion,12,Intravenous,1 g,519,Royale Resources Ltd,2020-12-21,2025-12-20,Inactive,Powder for Solution for Injection or Infusion in a vial,,Each vial contains: Meropenem Trihydrate equivalent to Anhydrous Meropenem 1 g,,J01DH02,https://greenbook.nafdac.gov.ng/products/details/3195,2026-09-27T21:22:20.085187+00:00
Greenbook NAFDAC,551,4150,Arpetumin##,1,Drugs,"{'id': 1, 'name': 'Drugs', 'created_at': '-000001-11-30T00:00:00.000000Z', 'updated_at': '2022-03-17T16:53:12.000000Z', 'deleted_at': None}",414,Cyproheptadine Hydrochloride,,A11-100035,103,Syrup,1,Oral,2 mg/5 mL,233,Nalis Pharmaceuticals Ltd,2021-03-29,2026-03-28,Inactive,Syrup,1 x 200 mL (in amber bottle),"Each 5 mL Syrup contains: Cyproheptadine Hydrochloride (Anhydrous) BP 2 mg
Excipients q.s.",https://admin.greenbook.nafdac.gov.ng/uploadImage/smpc_files/2024/06/24/2024062409317e95-9fa2-5c9f-bd73-aa912f190388.pdf,R06AX02,https://greenbook.nafdac.gov.ng/products/details/4150,2026-09-27T21:22:20.085187+00:00
Greenbook NAFDAC,552,3089,Artazide Tablet## (duplicate),1,Drugs,"{'id': 1, 'name': 'Drugs', 'created_at': '-000001-11-30T00:00:00.000000Z', 'updated_at': '2022-03-17T16:53:12.000000Z', 'deleted_at': None}",264,Losartan Potassium; Hydrochlorothiazide,,B4-4353,1,Tablet,1,Oral,50 mg; 12.5 mg,1027,Preferred Drugs Nigeria Limited,2021-08-26,2026-08-25,Inactive,"Film Coated Tablet
",2 x 14&#039;s (in Alu-Alu blisters),"Each tablet contains: Losartan Potassium BP 50 mg, Hydrochlorothiazide BP 12.5 mg
Excipients q.s.
Color: Lake Tartrazine",https://admin.greenbook.nafdac.gov.ng/uploadImage/smpc_files/2024/09/13/20240913d321482f-4f90-5aef-83e3-0f4535459304.pdf,C09DA01,https://greenbook.nafdac.gov.ng/products/details/3089,2026-09-27T21:22:20.085187+00:00
Greenbook NAFDAC,553,8359,Artazide Tablets**,1,Drugs,"{'id': 1, 'name': 'Drugs', 'created_at': '-000001-11-30T00:00:00.000000Z', 'updated_at': '2022-03-17T16:53:12.000000Z', 'deleted_at': None}",264,Losartan Potassium; Hydrochlorothiazide,,B4-4353,1,Tablet,1,Oral,50 mg; 12.5 mg,1027,Preferred Drugs Nigeria Limited,2021-08-03,2026-08-02,Inactive,Tablet,2 x 14&#039;s (in blisters),"Each tablet contains: Losartan Potassium BP 50 mg, Hydrochlorothiazide BP 12.5 mg",,,https://greenbook.nafdac.gov.ng/products/details/8359,2026-09-27T21:22:20.085187+00:00
Greenbook NAFDAC,554,7828,Artcin Tablets**,1,Drugs,"{'id': 1, 'name': 'Drugs', 'created_at': '-000001-11-30T00:00:00.000000Z', 'updated_at': '2022-03-17T16:53:12.000000Z', 'deleted_at': None}",520,Griseofulvin,,04-4213,1,Tablet,1,Oral,500 mg,166,Embassy Pharmaceutical and Chemicals Limited,2021-03-29,2026-03-28,Inactive,,20 x 1 x 20&#039;s,,,D01BA01,https://greenbook.nafdac.gov.ng/products/details/7828,2026-09-27T21:22:20.085187+00:00
Greenbook NAFDAC,555,9808,Arteben-Albendazole 400 mg Caplet_,1,Drugs,"{'id': 1, 'name': 'Drugs', 'created_at': '-000001-11-30T00:00:00.000000Z', 'updated_at': '2022-03-17T16:53:12.000000Z', 'deleted_at': None}",570,Albendazole,,A11-100821,2,Capsule,1,Oral,400 mg,1632,Artemis Laboratories Ltd,2025-03-27,2030-03-26,Active,"Caplet.
Solid dosage form",1 x 2&#039;s (in Alu-PVC blister),"Each uncoated tablet contains: Albendazole 400 mg
Excipients q.s.",https://admin.greenbook.nafdac.gov.ng/uploadImage/smpc_files/2025/05/26/20250526b4c1e621-c2ad-5a51-b2f5-ab40aa384442.pdf,P02CA03,https://greenbook.nafdac.gov.ng/products/details/9808,2026-09-27T21:22:20.085187+00:00
Greenbook NAFDAC,556,4373,Artebeta Injection**,1,Drugs,"{'id': 1, 'name': 'Drugs', 'created_at': '-000001-11-30T00:00:00.000000Z', 'updated_at': '2022-03-17T16:53:12.000000Z', 'deleted_at': None}",551,α-β Arteether,Alpha Beta Arteether; Alfa Beta Arteether,A4-6895,107,Solution for injection,9,Intramuscular,150 mg/2 mL,201,Jawa International Limited,2022-10-22,2027-10-21,Active,Oily solution for injection in 2-mL ampoule,2 mL x 3&#039;s (in amber glass ampoules),"α-β Arteether Injection 150 mg/2 mL.
Each 2 mL solution contains: α-β Arteether 150 mg, Arachis Oil BP q.s.",https://admin.greenbook.nafdac.gov.ng/uploadImage/smpc_files/2023/05/26/202305268f0ff758-c541-520d-9975-c467de2b451d.pdf,P01BE,https://greenbook.nafdac.gov.ng/products/details/4373,2026-09-27T21:22:20.085187+00:00
Greenbook NAFDAC,557,7128,Artebolt Powder for Injection**,1,Drugs,"{'id': 1, 'name': 'Drugs', 'created_at': '-000001-11-30T00:00:00.000000Z', 'updated_at': '2022-03-17T16:53:12.000000Z', 'deleted_at': None}",541,Artesunate,,B4-4238,70,Powder for injection,29,Intravenous; Intramuscular,60 mg,369,Grace Drugs and Healthcare Ltd,2024-02-28,2029-02-27,Active,Powder for solution for injection in vial + solvents in ampoules (1 mL Sodium Bicarbonate BP 5% w/v + 5 mL Sodium Chloride BP 0.9% w/v),1 x 1&#039;s (in vial) + Solvents (in ampoules),"Each vial contains: Artesunate powder 60 mg
Each 1-mL ampoule of solvent contains: Sodium bicarbonate 50 mg/mL
Each 5-mL ampoule of diluent contains: sodium chloride 9 mg/mL",https://admin.greenbook.nafdac.gov.ng/uploadImage/smpc_files/2024/11/28/20241128ae012964-8fb4-54d0-a80c-70cb09c6e9e3.pdf,P01BE03,https://greenbook.nafdac.gov.ng/products/details/7128,2026-09-27T21:22:20.085187+00:00
Greenbook NAFDAC,558,8634,Artecap Rectal Capsule**,1,Drugs,"{'id': 1, 'name': 'Drugs', 'created_at': '-000001-11-30T00:00:00.000000Z', 'updated_at': '2022-03-17T16:53:12.000000Z', 'deleted_at': None}",541,Artesunate,,B4-9559,2,Capsule,18,Rectal,100 mg,301,Strides LifeSciences Limited,2021-08-26,2026-08-25,Inactive,"Rectal Capsules.
Ivory/White capsules",1 x 2&#039;s (in Alu-Alu blister),"Artesunate Rectal Capsules 100 mg.
Each rectal capsule contains: Artesunate 100 mg",https://admin.greenbook.nafdac.gov.ng/uploadImage/smpc_files/2024/11/26/20241126cc560b4c-e7f7-5c5e-ac01-c42fa90b10d7.pdf,P01BE03,https://greenbook.nafdac.gov.ng/products/details/8634,2026-09-27T21:22:20.085187+00:00
Greenbook NAFDAC,559,5516,Arteether Injection**,1,Drugs,"{'id': 1, 'name': 'Drugs', 'created_at': '-000001-11-30T00:00:00.000000Z', 'updated_at': '2022-03-17T16:53:12.000000Z', 'deleted_at': None}",551,α-β Arteether,Alpha Beta Arteether; Alfa Beta Arteether,A4-7914,107,Solution for injection,9,Intramuscular,150 mg/2 mL,609,DannyFaith Pharmacy Limited,2023-03-28,2028-03-27,Active,"Oily Solution for Injection.
A clear colourless to slightly yellowish oily solution in 2-mL amber coloured glass ampoule",2 mL x 3&#039;s (in amber glass ampoules),"Each 2 mL solution contains: α-β Arteether 150 mg, Tea-Seed oil q.s.",https://admin.greenbook.nafdac.gov.ng/uploadImage/smpc_files/2023/09/24/202309243f0cf8c5-2dc2-5b41-9b47-cf85b56d2a01.pdf,P01BE,https://greenbook.nafdac.gov.ng/products/details/5516,2026-09-27T21:22:20.085187+00:00
Greenbook NAFDAC,560,8959,Artefex QS Softgels**,1,Drugs,"{'id': 1, 'name': 'Drugs', 'created_at': '-000001-11-30T00:00:00.000000Z', 'updated_at': '2022-03-17T16:53:12.000000Z', 'deleted_at': None}",528,Artemether; Lumefantrine,,A4-101126,2,Capsule,1,Oral,80 mg; 480 mg,1646,Advantage Pharmaceuticals Limited,2024-12-18,2029-12-17,Active,Soft gelatin capsule,1 x 6&#039;s (in Alu-PVC blister),"Each soft gelatin capsule contains: Artemether Ph.Int. 80 mg and Lumefantrine Ph.Int. 480 mg, Excipients q.s.",https://admin.greenbook.nafdac.gov.ng/uploadImage/smpc_files/2025/05/22/2025052201969f45-4e57-51db-816c-8544272dd130.pdf,P01BF01,https://greenbook.nafdac.gov.ng/products/details/8959,2026-09-27T21:22:20.085187+00:00
Greenbook NAFDAC,561,7829,Arteforth 80/480 Tablets**,1,Drugs,"{'id': 1, 'name': 'Drugs', 'created_at': '-000001-11-30T00:00:00.000000Z', 'updated_at': '2022-03-17T16:53:12.000000Z', 'deleted_at': None}",528,Artemether; Lumefantrine,,A4-4853,1,Tablet,1,Oral,80 mg; 480 mg,1306,Rockforth Pharmacy and Stores Ltd# (Duplicate),2024-08-28,2029-08-27,Active,Oral film coated tablets,1 x 6&#039;s (in Alu/PVC blister),"Each film coated tablet contains: Artemether 80 mg, Lumefantrine 480 mg, Excipients Q.S.
Colour: Lake of Quinoline yellow",https://admin.greenbook.nafdac.gov.ng/uploadImage/smpc_files/2024/09/12/202409126047fae6-c68d-50bb-a867-df8fbce7ce49.pdf,P01BF01,https://greenbook.nafdac.gov.ng/products/details/7829,2026-09-27T21:22:20.085187+00:00
Greenbook NAFDAC,562,7983,Arteject Injection**,1,Drugs,"{'id': 1, 'name': 'Drugs', 'created_at': '-000001-11-30T00:00:00.000000Z', 'updated_at': '2022-03-17T16:53:12.000000Z', 'deleted_at': None}",542,Artemether,,B4-2575 ,107,Solution for injection,9,Intramuscular,80 mg/mL,351,Clarion Medicals Limited,2021-08-03,2026-08-02,Inactive,"Oily Solution for Injection in 1-mL ampoule.
Colorless or yellowish clear oily solution",1 mL x 6&#039;s (in clear glass ampoules),Each 1-mL ampoule contains: Artemether 80 mg,https://admin.greenbook.nafdac.gov.ng/uploadImage/smpc_files/2024/09/26/202409264457b30c-347c-5069-9543-ba089d7b3c34.pdf,P01BE02,https://greenbook.nafdac.gov.ng/products/details/7983,2026-09-27T21:22:20.085187+00:00
Greenbook NAFDAC,563,27,Artelife**,1,Drugs,"{'id': 1, 'name': 'Drugs', 'created_at': '-000001-11-30T00:00:00.000000Z', 'updated_at': '2022-03-17T16:53:12.000000Z', 'deleted_at': None}",551,α-β Arteether,Alpha Beta Arteether; Alfa Beta Arteether,B4-4774,107,Solution for injection,9,Intramuscular,150 mg/2 mL,145,Chez Resources Pharmaceutical Limited,2021-12-02,2026-12-01,Active,Oily solution for injection in 2-mL ampoule,2 mL x 3&#039;s (in amber glass ampoules),,https://admin.greenbook.nafdac.gov.ng/uploadImage/smpc_files/2023/05/28/20230528fdc393b5-fd20-5752-9697-2b48da133299.pdf, P01BE,https://greenbook.nafdac.gov.ng/products/details/27,2026-09-27T21:22:20.085187+00:00
Greenbook NAFDAC,564,2799,Artelum Tablet##,1,Drugs,"{'id': 1, 'name': 'Drugs', 'created_at': '-000001-11-30T00:00:00.000000Z', 'updated_at': '2022-03-17T16:53:12.000000Z', 'deleted_at': None}",528,Artemether; Lumefantrine,,A4-0850,1,Tablet,1,Oral,40 mg; 240 mg,221,May &amp; Baker Nigeria PLC,2020-11-10,2025-11-09,Inactive,Tablet,,"Each tablet: Artemether 40 mg, Lumefantrine 240 mg",,P01BF01,https://greenbook.nafdac.gov.ng/products/details/2799,2026-09-27T21:22:20.085187+00:00
Greenbook NAFDAC,565,2798,Artelum Tablet**,1,Drugs,"{'id': 1, 'name': 'Drugs', 'created_at': '-000001-11-30T00:00:00.000000Z', 'updated_at': '2022-03-17T16:53:12.000000Z', 'deleted_at': None}",528,Artemether; Lumefantrine,,A11-0930,1,Tablet,1,Oral,80 mg; 480 mg,221,May &amp; Baker Nigeria PLC,2025-01-30,2030-01-29,Active,"Tablet.
Yellow circular biconvex tablets with one side engraved with “ART” at the center and other side with “MBN” at the center.",1 x 6&#039;s (in blister),"Each film-coated tablet contains: Artemether 80 mg, and Lumefantrine 480 mg, Excipients q.s.",https://admin.greenbook.nafdac.gov.ng/uploadImage/smpc_files/2025/05/11/20250511f214088c-f2c9-5600-acd6-5f2629bd8655.pdf,P01BF01,https://greenbook.nafdac.gov.ng/products/details/2798,2026-09-27T21:22:20.085187+00:00
Greenbook NAFDAC,566,7259,Artelumex 20/120 Tablets**,1,Drugs,"{'id': 1, 'name': 'Drugs', 'created_at': '-000001-11-30T00:00:00.000000Z', 'updated_at': '2022-03-17T16:53:12.000000Z', 'deleted_at': None}",528,Artemether; Lumefantrine,,B4-6184,1,Tablet,1,Oral,20 mg; 120 mg,1290,Alder Products Ltd,2024-03-27,2029-03-26,Active,"Film-coated Tablet.
Yellow coloured round, biconvex film coated tablets with monogram “Ω” on one side and plain on other side",10 x 1 x 24&#039;s (in blisters),"Each film coated tablet contains: Artemether 20 mg, Lumefantrine 120 mg, Excipients q.s.
Colour: Lake of Tartrazine &amp; Titanium Dioxide U.S.P",https://admin.greenbook.nafdac.gov.ng/uploadImage/smpc_files/2024/12/23/202412238046b247-f1bf-582c-9afe-ebd3db05b6c4.pdf,P01BF01,https://greenbook.nafdac.gov.ng/products/details/7259,2026-09-27T21:22:20.085187+00:00
Greenbook NAFDAC,567,2802,Artemef 80/480 Tablets##,1,Drugs,"{'id': 1, 'name': 'Drugs', 'created_at': '-000001-11-30T00:00:00.000000Z', 'updated_at': '2022-03-17T16:53:12.000000Z', 'deleted_at': None}",528,Artemether; Lumefantrine,,A4-2734,1,Tablet,1,Oral,80 mg; 480 mg,169,Evans Therapeutics Limited,2021-03-29,2026-03-28,Inactive,"Tablet
A yellow colored capsule shape, biconvex, film coated tablets having a embossed &quot;A/L&quot; on one side and &quot;80/480&quot; on other side and break line on both side of tablets
",1 x 6&#039;s (in Alu-Alu blister),"Each tablet contains: Artemether 80 mg, Lumefantrine 480 mg
Excipients q.s.",https://admin.greenbook.nafdac.gov.ng/uploadImage/smpc_files/2023/05/28/20230528e1880fbc-8e81-59bb-91ad-d578db394934.pdf,P01BF01,https://greenbook.nafdac.gov.ng/products/details/2802,2026-09-27T21:22:20.085187+00:00
Greenbook NAFDAC,568,2803,Artemether & Lumefantrine Dispersible Tablets##,1,Drugs,"{'id': 1, 'name': 'Drugs', 'created_at': '-000001-11-30T00:00:00.000000Z', 'updated_at': '2022-03-17T16:53:12.000000Z', 'deleted_at': None}",528,Artemether; Lumefantrine,,C4-1419,13,Dispersible tablet,1,Oral,20 mg; 120 mg,431,Mayglow Pharmaceutical Limited,2020-12-21,2025-12-20,Inactive,Dispersible Tablet,,"Each dispersible tablet: Artemether 20 mg, Lumefantrine 120 mg",,P01BF01,https://greenbook.nafdac.gov.ng/products/details/2803,2026-09-27T21:22:20.085187+00:00
Greenbook NAFDAC,569,2804,Artemether & Lumefantrine Tablet##,1,Drugs,"{'id': 1, 'name': 'Drugs', 'created_at': '-000001-11-30T00:00:00.000000Z', 'updated_at': '2022-03-17T16:53:12.000000Z', 'deleted_at': None}",528,Artemether; Lumefantrine,,C4-1342,1,Tablet,1,Oral,20 mg; 120 mg,377,Ibu Pharm Nig Ltd,2020-12-21,2025-12-20,Inactive,Tablet,,"Each tablet contains: Artemether 20 mg, Lumefantrine 120 mg",,P01BF01,https://greenbook.nafdac.gov.ng/products/details/2804,2026-09-27T21:22:20.085187+00:00
Greenbook NAFDAC,570,2805,Artemether & Lumefantrine Tablet##,1,Drugs,"{'id': 1, 'name': 'Drugs', 'created_at': '-000001-11-30T00:00:00.000000Z', 'updated_at': '2022-03-17T16:53:12.000000Z', 'deleted_at': None}",528,Artemether; Lumefantrine,,C4-1343,1,Tablet,1,Oral,80 mg; 480 mg,377,Ibu Pharm Nig Ltd,2020-12-21,2025-12-20,Inactive,Tablet,,"Each tablet contains: Artemether 80 mg, Lumefantrine 480 mg",,P01BF01,https://greenbook.nafdac.gov.ng/products/details/2805,2026-09-27T21:22:20.085187+00:00
Greenbook NAFDAC,571,4707,Artemether & Lumefantrine Tablet##,1,Drugs,"{'id': 1, 'name': 'Drugs', 'created_at': '-000001-11-30T00:00:00.000000Z', 'updated_at': '2022-03-17T16:53:12.000000Z', 'deleted_at': None}",528,Artemether; Lumefantrine,,B4-7772,1,Tablet,1,Oral,80 mg; 480 mg,1181,NEXTPHARMA DRUG COMPANY LTD,2023-07-06,2028-07-05,Active,"Tablet
Yellow Tablet

177	 RNW-PP-287510	ARTEMETHER &amp; LUMEFANTRINE  TABLET	ARTEMETHER, LUMEFANTRINE	ARTEMETHER 80MG, LUMEFANTRINE 480MG	B4-7772	Drugs	Imported Products	1 x 6	Prescription Only Medicine (POM)	1/30/2023	&quot;NEXTPHARMA DRUG COMPANY LTD
20 FARAYOLA STREET, ALAPERE KETU LAGOS STATE&quot;	8108293328	stephenez@gmail.com	&quot;M/S SHANDONG SHENGLU PHARMACEUTICAL CO., LTD, NORTH OF SIHE
ROAD , SIHE STREET, SIHE COUNTY, SHANDONG, CHINA&quot;",1 x 6&#039;s (in blisters),"Each tablet contains: Artemether 80 mg, Lumefantrine 480 mg",https://admin.greenbook.nafdac.gov.ng/uploadImage/smpc_files/2023/08/25/20230825260ff6cf-4769-5ae5-a7d1-9cb5a9067362.pdf,P01BF01,https://greenbook.nafdac.gov.ng/products/details/4707,2026-09-27T21:22:20.085187+00:00
Greenbook NAFDAC,572,2806,Artemether & Lumefantrine Tablets##,1,Drugs,"{'id': 1, 'name': 'Drugs', 'created_at': '-000001-11-30T00:00:00.000000Z', 'updated_at': '2022-03-17T16:53:12.000000Z', 'deleted_at': None}",528,Artemether; Lumefantrine,,C4-1200,1,Tablet,1,Oral,80 mg; 480 mg,358,Brent Cross Pharmaceutical Co. Limited,2020-11-10,2025-11-09,Inactive,Tablet,,"Each tablet contains: Artemether 80 mg, Lumefantrine 480 mg",,P01BF01,https://greenbook.nafdac.gov.ng/products/details/2806,2026-09-27T21:22:20.085187+00:00
Greenbook NAFDAC,573,2808,Artemether 20 mg & Lumefantrine 120 mg Tablet##,1,Drugs,"{'id': 1, 'name': 'Drugs', 'created_at': '-000001-11-30T00:00:00.000000Z', 'updated_at': '2022-03-17T16:53:12.000000Z', 'deleted_at': None}",528,Artemether; Lumefantrine,,C4-1331,1,Tablet,1,Oral,20 mg; 120 mg,681,Jaffkin Pharmaceutical Ltd,2020-11-30,2025-11-29,Inactive,Film Coated Tablet,,"Each tablet contains: Artemether 20 mg, Lumefantrine 120 mg
Excipients q.s.
Color: Quinoline Yellow
",https://admin.greenbook.nafdac.gov.ng/uploadImage/smpc_files/2023/05/27/2023052756d56804-cf60-53c1-8fb2-979430b4ee51.pdf,P01BF01,https://greenbook.nafdac.gov.ng/products/details/2808,2026-09-27T21:22:20.085187+00:00
Greenbook NAFDAC,574,11408,Artemether 20 mg & Lumefantrine 120 mg Tablets_,1,Drugs,"{'id': 1, 'name': 'Drugs', 'created_at': '-000001-11-30T00:00:00.000000Z', 'updated_at': '2022-03-17T16:53:12.000000Z', 'deleted_at': None}",528,Artemether; Lumefantrine,,A4-101408,1,Tablet,1,Oral,20 mg; 120 mg,1684,Kal-G Pharmacy and Stores Ltd,2025-07-30,2030-07-29,Active,"Film Coated Tablet.
",1 x 24&#039;s (in PVC-Alu blister),"Each tablet contains: Artemether 20 mg, and Lumefantrine 120 mg
Excipients q.s.",https://admin.greenbook.nafdac.gov.ng/uploadImage/smpc_files/2025/08/14/20250814f3d0b6a7-cc21-54af-b521-9245a0a8a85b.pdf,P01BF01,https://greenbook.nafdac.gov.ng/products/details/11408,2026-09-27T21:22:20.085187+00:00
Greenbook NAFDAC,575,11409,Artemether 20 mg & Lumefantrine 120 mg Tablets_,1,Drugs,"{'id': 1, 'name': 'Drugs', 'created_at': '-000001-11-30T00:00:00.000000Z', 'updated_at': '2022-03-17T16:53:12.000000Z', 'deleted_at': None}",528,Artemether; Lumefantrine,,A4-101417,1,Tablet,1,Oral,20 mg; 120 mg,1688,Sifam Life Care Pharmaceutical Limited,2025-07-30,2030-07-29,Active,"Tablet.
Yellow-colored circular, biconvex, film-coated tablets plain on both sides",1 x 24&#039;s (in PVC-Alu blister),"Each tablet contains: Artemether 20 mg, and Lumefantrine 120 mg
Excipients q.s.",https://admin.greenbook.nafdac.gov.ng/uploadImage/smpc_files/2025/08/19/20250819052f6815-c820-56bd-b901-812c5aa166c2.pdf,P01BF01,https://greenbook.nafdac.gov.ng/products/details/11409,2026-09-27T21:22:20.085187+00:00
Greenbook NAFDAC,576,2807,Artemether 20 mg + Lumefantrine 120 mg Tablets##,1,Drugs,"{'id': 1, 'name': 'Drugs', 'created_at': '-000001-11-30T00:00:00.000000Z', 'updated_at': '2022-03-17T16:53:12.000000Z', 'deleted_at': None}",528,Artemether; Lumefantrine,,C4-1448,1,Tablet,1,Oral,20 mg; 120 mg,628,Chrisnelb Pharma Ltd,2020-12-21,2025-12-20,Inactive,Tablet,,"Each tablet contains: Artemether 20 mg, Lumefantrine 120 mg",,P01BF01,https://greenbook.nafdac.gov.ng/products/details/2807,2026-09-27T21:22:20.085187+00:00
Greenbook NAFDAC,577,12079,"Artemether 20 mg, Lumefantrine 120 mg_",1,Drugs,"{'id': 1, 'name': 'Drugs', 'created_at': '-000001-11-30T00:00:00.000000Z', 'updated_at': '2022-03-17T16:53:12.000000Z', 'deleted_at': None}",528,Artemether; Lumefantrine,,C4-0601,1,Tablet,1,Oral,20 mg; 120 mg,1202,Tim Great Pharmaceutical Ventures Ltd,2025-10-29,2030-10-28,Active,"Tablet.
Yellow-colored, biconvex uncoated tablet having a breakline on one side and plain on the other side",1 x 24&#039;s (in Alu-PVC blister),"Each tablet contains: Artemether 20 mg, Lumefantrine 120 mg
Excipients q.s.",https://admin.greenbook.nafdac.gov.ng/uploadImage/smpc_files/2025/12/04/20251204ea477eec-f758-505f-9546-501530dc6054.pdf,P01BF01,https://greenbook.nafdac.gov.ng/products/details/12079,2026-09-27T21:22:20.085187+00:00
Greenbook NAFDAC,578,2811,Artemether 80 mg & Lumefantrine 480 mg Tablet (Formerly Penate DS Tablets)##,1,Drugs,"{'id': 1, 'name': 'Drugs', 'created_at': '-000001-11-30T00:00:00.000000Z', 'updated_at': '2022-03-17T16:53:12.000000Z', 'deleted_at': None}",528,Artemether; Lumefantrine,,C4-1234,1,Tablet,1,Oral,80 mg; 480 mg,994,Peton Pharmaceutical Limited,2020-11-10,2025-11-09,Inactive,Tablet,,"Each tablet contains: Artemether 80 mg, Lumefantrine 480 mg",,P01BF01,https://greenbook.nafdac.gov.ng/products/details/2811,2026-09-27T21:22:20.085187+00:00
Greenbook NAFDAC,579,2809,Artemether 80 mg & Lumefantrine 480 mg Tablet##,1,Drugs,"{'id': 1, 'name': 'Drugs', 'created_at': '-000001-11-30T00:00:00.000000Z', 'updated_at': '2022-03-17T16:53:12.000000Z', 'deleted_at': None}",528,Artemether; Lumefantrine,,C4-1330,1,Tablet,1,Oral,80 mg; 480 mg,681,Jaffkin Pharmaceutical Ltd,2020-11-30,2025-11-29,Inactive,Tablet,,"Each tablet contains: Artemether 80 mg, Lumefantrine 480 mg",,P01BF01,https://greenbook.nafdac.gov.ng/products/details/2809,2026-09-27T21:22:20.085187+00:00
Greenbook NAFDAC,580,2810,Artemether 80 mg & Lumefantrine 480 mg Tablet##,1,Drugs,"{'id': 1, 'name': 'Drugs', 'created_at': '-000001-11-30T00:00:00.000000Z', 'updated_at': '2022-03-17T16:53:12.000000Z', 'deleted_at': None}",528,Artemether; Lumefantrine,,C4-1233,1,Tablet,1,Oral,80 mg; 480 mg,855,Healthmark Pharmaceuticals Ltd,2020-11-10,2025-11-09,Inactive,Tablet,,"Each tablet contains: Artemether 80 mg, Lumefantrine 480 mg",,P01BF01,https://greenbook.nafdac.gov.ng/products/details/2810,2026-09-27T21:22:20.085187+00:00
Greenbook NAFDAC,581,6352,Artemether 80 mg & Lumefantrine 480 mg Tablets##,1,Drugs,"{'id': 1, 'name': 'Drugs', 'created_at': '-000001-11-30T00:00:00.000000Z', 'updated_at': '2022-03-17T16:53:12.000000Z', 'deleted_at': None}",528,Artemether; Lumefantrine,,B4-6280,1,Tablet,1,Oral,80 mg; 480 mg,393,Krismediks Nigeria Limited,2023-10-31,2028-10-30,Active,"Film coated tablets

2	RNW-PP-203292	ARTEMETHER 80MG &amp; LUMEFANTRINE 480MG TABLETS.	ARTEMETHER 80MG &amp; LUMEFANTRINE 480MG TABLETS.	Artemether 80mg &amp; Lumefantine 480mg, Excipients- DRY MIX: Artemether 80.00mg, Lumefantrine 480.00mg, Microcrystalline Cellulose BP 30.00mg Maize 20.00mg. BINDER SOLUTION: Maize Starch 27.00mg, Povidone 4.00mg, Sodium Methyl Hydroxybenzoate 0.80mg Sodium Propyl Hydroxybenzoate BP 0.02mg, Purified Water qs,. LUBRICATION: Croscamellose Sodium BP 7.00mg, Sodium Starch Glycolate BP 20.00mg,Purified Talc BP 8.00mg Colloidal anhydrous silica BP 4.010mg, Magnesium Stearate BP 8.000mg,Average Wt (core	B4-6280	Drugs	Imported Products	1x6	Prescription Only Medicine (POM)	6/2/2021	KRISMEDIKS NIGERIA LIMITED, LINE NO 126, BRIDGE HEAD MARKET ONITSHA ANAMBRA ONITSHA ANAMBRA	8033422858	krismedicspharm@gmail.com	Rhydburg Pharmaceuticals Ltd , C2&amp;3 Sara Ind Estate, Rampur Selaquin Dehradun Uttarakhand, INDIA, India",10 x 1 x 6&#039;s (in PVC-Alu blisters),"Each film coated tablet contains: Artemether 80 mg and Lumefantrine 480 mg
Excipients q.s.",https://admin.greenbook.nafdac.gov.ng/uploadImage/smpc_files/2023/11/07/202311075961cf6f-5e67-5f0d-95e1-09e966e01a54.pdf,P01BF01,https://greenbook.nafdac.gov.ng/products/details/6352,2026-09-27T21:22:20.085187+00:00
Greenbook NAFDAC,582,11410,Artemether 80 mg & Lumefantrine 480 mg Tablets_,1,Drugs,"{'id': 1, 'name': 'Drugs', 'created_at': '-000001-11-30T00:00:00.000000Z', 'updated_at': '2022-03-17T16:53:12.000000Z', 'deleted_at': None}",528,Artemether; Lumefantrine,,A4-101407,1,Tablet,1,Oral,80 mg; 480 mg,1684,Kal-G Pharmacy and Stores Ltd,2025-07-30,2030-07-29,Active,Tablet,1 x 6&#039;s (in PVC-Alu blister),"Each tablet contains: Artemether 80 mg, and Lumefantrine 480 mg
Excipients q.s.",https://admin.greenbook.nafdac.gov.ng/uploadImage/smpc_files/2025/08/14/202508140250546f-5721-507e-9a8c-44838778f9d7.pdf,P01BF01,https://greenbook.nafdac.gov.ng/products/details/11410,2026-09-27T21:22:20.085187+00:00
Greenbook NAFDAC,583,7334,Artemether 80 mg + Lumefantrine 480 mg Tablets**,1,Drugs,"{'id': 1, 'name': 'Drugs', 'created_at': '-000001-11-30T00:00:00.000000Z', 'updated_at': '2022-03-17T16:53:12.000000Z', 'deleted_at': None}",528,Artemether; Lumefantrine,,A4-100814,1,Tablet,1,Oral,80 mg; 480 mg,297,Solution Pharmaceuticals Nigeria Limited,2024-04-30,2029-05-01,Active,"Uncoated Tablet.
Yellow coloured, capsule shaped, uncoated biconvex tablet, having a breakline on one side and plain on the other side",1 x 6&#039;s (in Aluminium/PVDC/PVC blister),"Each uncoated tablet contains: Artemether 80 mg, Lumefantrine 480 mg, Excipients q.s.",https://admin.greenbook.nafdac.gov.ng/uploadImage/smpc_files/2024/05/17/202405170931dac1-2911-5f20-b372-93f75c8939e6.pdf,P01BF01,https://greenbook.nafdac.gov.ng/products/details/7334,2026-09-27T21:22:20.085187+00:00
Greenbook NAFDAC,584,8396,Artemether 80 mg Injection**,1,Drugs,"{'id': 1, 'name': 'Drugs', 'created_at': '-000001-11-30T00:00:00.000000Z', 'updated_at': '2022-03-17T16:53:12.000000Z', 'deleted_at': None}",542,Artemether,,A4-7786,107,Solution for injection,9,Intramuscular,80 mg/mL,828,Priya Pharmaceutical Nig Ltd,2024-09-25,2029-09-24,Active,Oily solution for injection in 1-mL ampoule,1 mL x 6&#039;s (in ampoules),Artemether 80 mg/mL,https://admin.greenbook.nafdac.gov.ng/uploadImage/smpc_files/2024/11/28/20241128751bd6fe-f991-57f7-adad-7104b1cc2e08.pdf,,https://greenbook.nafdac.gov.ng/products/details/8396,2026-09-27T21:22:20.085187+00:00
Greenbook NAFDAC,585,12082,Artemether 80 mg Injection_,1,Drugs,"{'id': 1, 'name': 'Drugs', 'created_at': '-000001-11-30T00:00:00.000000Z', 'updated_at': '2022-03-17T16:53:12.000000Z', 'deleted_at': None}",542,Artemether,,A4-101625,40,Injection,9,Intramuscular,80 mg/mL,1717,HOMMAGE INTERNATIONAL SERVICES LIMITED,2025-10-29,2030-10-28,Active,"Injection.
A clear, colorless liquid",6 x 1 mL ampoules,"Each mL contains: Artemether Injection 80 mg
Excipients q.s.",https://admin.greenbook.nafdac.gov.ng/uploadImage/smpc_files/2025/12/01/20251201d2ce28a7-32f3-53c2-9ed8-9924229c0ce4.pdf,P01BE02,https://greenbook.nafdac.gov.ng/products/details/12082,2026-09-27T21:22:20.085187+00:00
Greenbook NAFDAC,586,11953,Artemether 80 mg/ Lumefantrine 480 mg Tablet_,1,Drugs,"{'id': 1, 'name': 'Drugs', 'created_at': '-000001-11-30T00:00:00.000000Z', 'updated_at': '2022-03-17T16:53:12.000000Z', 'deleted_at': None}",528,Artemether; Lumefantrine,,A4-101657,1,Tablet,1,Oral,80 mg; 480 mg,1150,Smart Way Pharma Ltd Ikeja,2025-10-29,2030-10-28,Active,Tablet,1 x 6&#039;s (in Alu-PVC blister),"Each tablet contains: Artemether 80 mg and Lumefantrine 480 mg
Excipients q.s.",https://admin.greenbook.nafdac.gov.ng/uploadImage/smpc_files/2025/11/19/202511195555c6e1-2013-5098-b042-b07649466eef.pdf,P01BF01,https://greenbook.nafdac.gov.ng/products/details/11953,2026-09-27T21:22:20.085187+00:00
Greenbook NAFDAC,587,12080,Artemether and Lumefantrine 20/120 Tablets_,1,Drugs,"{'id': 1, 'name': 'Drugs', 'created_at': '-000001-11-30T00:00:00.000000Z', 'updated_at': '2022-03-17T16:53:12.000000Z', 'deleted_at': None}",528,Artemether; Lumefantrine,,A4-101761,1,Tablet,1,Oral,20 mg; 120 mg,1722,RIGHT REMEDIES LTD,2025-11-26,2030-11-25,Active,"Tablet.
Yellow-colored, round-shaped, biconvex, uncoated tablet, break line on one side and plain on the other side",1 x 24&#039;s (in Alu-PVC blister),"Each tablet contains: Artemether 20 mg, Lumefantrine USP 120 mg

Excipients with known effect (per tablet): Tartrazine, Methyl Hydroxybenzoate, Propyl Hydroxybenzoate
Excipients q,s,",https://admin.greenbook.nafdac.gov.ng/uploadImage/smpc_files/2025/12/05/20251205da65d92b-9afd-56f0-9fe9-1ccf8e7700d3.pdf,P01BF01,https://greenbook.nafdac.gov.ng/products/details/12080,2026-09-27T21:22:20.085187+00:00
Greenbook NAFDAC,588,8747,Artemether and Lumefantrine 20/120**,1,Drugs,"{'id': 1, 'name': 'Drugs', 'created_at': '-000001-11-30T00:00:00.000000Z', 'updated_at': '2022-03-17T16:53:12.000000Z', 'deleted_at': None}",528,Artemether; Lumefantrine,, C4-0780,1,Tablet,1,Oral,20 mg; 120 mg,602,Derm Pharmaceuticals Limited,2024-11-22,2029-11-21,Active,"Uncoated tablets.
Yellow colour, round shaped, uncoated, biconvex tablets Plain on both sides",3 x 8&#039;s (in Alu-PVC blisters),"Each uncoated tablet contains: Artemether 20 mg, Lumefantrine USP 120 mg, Excipients q.s.",https://admin.greenbook.nafdac.gov.ng/uploadImage/smpc_files/2024/12/18/20241218eca87bcf-fb87-57f7-b556-0cb3a2561726.pdf,P01BF01,https://greenbook.nafdac.gov.ng/products/details/8747,2026-09-27T21:22:20.085187+00:00
Greenbook NAFDAC,589,8748,Artemether and Lumefantrine 80/480**,1,Drugs,"{'id': 1, 'name': 'Drugs', 'created_at': '-000001-11-30T00:00:00.000000Z', 'updated_at': '2022-03-17T16:53:12.000000Z', 'deleted_at': None}",528,Artemether; Lumefantrine,,B4-5719,1,Tablet,1,Oral,80 mg; 480 mg,602,Derm Pharmaceuticals Limited,2024-11-22,2029-11-21,Active,"Uncoated tablets.
Yellow coloured, caplet-shaped, uncoated tablet having break line on one side other side plain",1 x 6&#039;s (in Alu/PVC blister),"Each uncoated tablet contains: Artemether 80 mg, Lumefantrine USP 480 mg, Excipients q.s.",https://admin.greenbook.nafdac.gov.ng/uploadImage/smpc_files/2024/12/18/20241218c421dc10-bcd3-5d9d-8136-99ebe7dcd8fd.pdf,P01BF01,https://greenbook.nafdac.gov.ng/products/details/8748,2026-09-27T21:22:20.085187+00:00
Greenbook NAFDAC,590,11204,Artemether and Lumefantrine Tablets 20 mg/120 mg**,1,Drugs,"{'id': 1, 'name': 'Drugs', 'created_at': '-000001-11-30T00:00:00.000000Z', 'updated_at': '2022-03-17T16:53:12.000000Z', 'deleted_at': None}",528,Artemether; Lumefantrine,,A4-101318,1,Tablet,1,Oral,20 mg; 120 mg,839,Trust Time Industries Limited,2025-05-27,2030-05-26,Active,Tablet,1 x 24&#039;s,"Each tablet contains: Artemether 20 mg, Lumefantrine 120 mg, Excipients q.s.",https://admin.greenbook.nafdac.gov.ng/uploadImage/smpc_files/2025/06/23/202506232ea3a89b-b079-5476-bb3e-da347d52dcc8.pdf,P01BF01,https://greenbook.nafdac.gov.ng/products/details/11204,2026-09-27T21:22:20.085187+00:00
Greenbook NAFDAC,591,9805,Artemether and Lumefantrine Tablets 20 mg/120 mg_,1,Drugs,"{'id': 1, 'name': 'Drugs', 'created_at': '-000001-11-30T00:00:00.000000Z', 'updated_at': '2022-03-17T16:53:12.000000Z', 'deleted_at': None}",528,Artemether; Lumefantrine,,A4-101207,1,Tablet,1,Oral,20 mg; 120 mg,1661,Lorah Pharm Limited,2025-03-27,2030-03-26,Active,Tablet,1 x 24s (in blister),"Each tablet contains: Artemether 20 mg, Lumefantrine 120 mg
Excipients q.s.",https://admin.greenbook.nafdac.gov.ng/uploadImage/smpc_files/2025/04/25/202504254929d703-95b9-55cb-b4fa-01331a6cdf72.pdf,P01BF01,https://greenbook.nafdac.gov.ng/products/details/9805,2026-09-27T21:22:20.085187+00:00
Greenbook NAFDAC,592,9870,Artemether and Lumefantrine Tablets 20 mg/120 mg_,1,Drugs,"{'id': 1, 'name': 'Drugs', 'created_at': '-000001-11-30T00:00:00.000000Z', 'updated_at': '2022-03-17T16:53:12.000000Z', 'deleted_at': None}",528,Artemether; Lumefantrine,,A4-101208,1,Tablet,1,Oral,20 mg; 120 mg,1662,FIGAB GOLDENFINGER PHARMACEUTICALS LIMITED,2025-03-27,2030-03-26,Active,Tablet,1 x 24&#039;s (in blisters),"Each tablet contains: Artemether 20 mg, and Lumefantrine 120 mg
Excipients q.s.",https://admin.greenbook.nafdac.gov.ng/uploadImage/smpc_files/2025/04/25/2025042504d685cc-009d-54c8-97e4-a0556002ff60.pdf,P01BF01,https://greenbook.nafdac.gov.ng/products/details/9870,2026-09-27T21:22:20.085187+00:00
Greenbook NAFDAC,593,10603,Artemether and Lumefantrine Tablets 20 mg/120 mg_,1,Drugs,"{'id': 1, 'name': 'Drugs', 'created_at': '-000001-11-30T00:00:00.000000Z', 'updated_at': '2022-03-17T16:53:12.000000Z', 'deleted_at': None}",528,Artemether; Lumefantrine,,A4-101199,1,Tablet,1,Oral,20 mg; 120 mg,642,Fitzking Link Limited,2025-02-28,2030-02-27,Active,Tablet.,1 x 24&#039;s (in blisters),"Each tablet contains: Artemether 20 mg, and Lumefantrine 120 mg
Excipients q.s.",https://admin.greenbook.nafdac.gov.ng/uploadImage/smpc_files/2025/04/15/20250415a0e009eb-5796-5190-aaab-12b62c5e59d4.pdf,P01BF01,https://greenbook.nafdac.gov.ng/products/details/10603,2026-09-27T21:22:20.085187+00:00
Greenbook NAFDAC,594,12078,Artemether and Lumefantrine Tablets 20/120 mg_,1,Drugs,"{'id': 1, 'name': 'Drugs', 'created_at': '-000001-11-30T00:00:00.000000Z', 'updated_at': '2022-03-17T16:53:12.000000Z', 'deleted_at': None}",528,Artemether; Lumefantrine,,A4-101760,1,Tablet,1,Oral,20 mg; 120 mg,1150,Smart Way Pharma Ltd Ikeja,2025-11-26,2030-11-25,Active,Tablet,1 x 24&#039;s (in Alu-PVC blister),"Each uncoated tablet contains: Artemether 20 mg, Lumefantrine 120 mg
Excipients q.s.",https://admin.greenbook.nafdac.gov.ng/uploadImage/smpc_files/2025/12/05/20251205792dcf2e-c9e1-5b71-baca-d4db437c88e8.pdf,P01BF01,https://greenbook.nafdac.gov.ng/products/details/12078,2026-09-27T21:22:20.085187+00:00
Greenbook NAFDAC,595,11203,Artemether and Lumefantrine Tablets 80 mg/480 mg**,1,Drugs,"{'id': 1, 'name': 'Drugs', 'created_at': '-000001-11-30T00:00:00.000000Z', 'updated_at': '2022-03-17T16:53:12.000000Z', 'deleted_at': None}",528,Artemether; Lumefantrine,,A4-101317,1,Tablet,1,Oral,80 mg; 480 mg,839,Trust Time Industries Limited,2025-05-27,2030-05-26,Active,Tablet,1 x 6&#039;s (in blister),"Each tablet contains: Artemether 80 mg, Lumefantrine 480 mg, Excipients q.s.",https://admin.greenbook.nafdac.gov.ng/uploadImage/smpc_files/2025/06/23/20250623b5e14882-1f7a-5fa9-8b44-10c1c77f1777.pdf,P01BF01,https://greenbook.nafdac.gov.ng/products/details/11203,2026-09-27T21:22:20.085187+00:00
Greenbook NAFDAC,596,9872,Artemether and Lumefantrine Tablets 80 mg/480 mg_,1,Drugs,"{'id': 1, 'name': 'Drugs', 'created_at': '-000001-11-30T00:00:00.000000Z', 'updated_at': '2022-03-17T16:53:12.000000Z', 'deleted_at': None}",528,Artemether; Lumefantrine,,A4-101213,1,Tablet,1,Oral,80 mg; 480 mg,1661,Lorah Pharm Limited,2025-03-27,2030-03-26,Active,Tablet,1 x 6&#039;s (in blister),"Each tablet contains: Artemether 80 mg, and Lumefantrine 480 mg
Excipients q.s.",https://admin.greenbook.nafdac.gov.ng/uploadImage/smpc_files/2025/04/25/20250425796f4bb1-c529-5382-a08c-74309c34780c.pdf,P01BF01,https://greenbook.nafdac.gov.ng/products/details/9872,2026-09-27T21:22:20.085187+00:00
Greenbook NAFDAC,597,9946,Artemether and Lumefantrine Tablets 80 mg/480 mg_,1,Drugs,"{'id': 1, 'name': 'Drugs', 'created_at': '-000001-11-30T00:00:00.000000Z', 'updated_at': '2022-03-17T16:53:12.000000Z', 'deleted_at': None}",528,Artemether; Lumefantrine,,A4-101209,1,Tablet,1,Oral,80 mg; 480 mg,1662,FIGAB GOLDENFINGER PHARMACEUTICALS LIMITED,2025-03-27,2030-03-26,Active,Tablet,1 x 6&#039;s (in blister),"Each tablet contains: Artemether 80 mg, and Lumefantrine 480 mg
Excipients q.s.",https://admin.greenbook.nafdac.gov.ng/uploadImage/smpc_files/2025/04/25/20250425b97c6a9f-df8a-52d0-b3b4-0c6cae21e45a.pdf,P01BF01,https://greenbook.nafdac.gov.ng/products/details/9946,2026-09-27T21:22:20.085187+00:00
Greenbook NAFDAC,598,12081,Artemether and Lumefantrine Tablets 80/480_,1,Drugs,"{'id': 1, 'name': 'Drugs', 'created_at': '-000001-11-30T00:00:00.000000Z', 'updated_at': '2022-03-17T16:53:12.000000Z', 'deleted_at': None}",528,Artemether; Lumefantrine,,A4-101759,1,Tablet,1,Oral,80 mg; 480 mg,1722,RIGHT REMEDIES LTD,2025-11-26,2030-11-25,Active,"Tablet.
Yellow-colored, round-shaped, biconvex, film-coated tablet, plain on both side",1 x 6&#039;s (in Alu-Alu blister),"Each tablet contains: Artemether 80 mg, Lumefantrine 480 mg

Excipients with known effect: Tartrazine Lake, Methyl Hydroxybenzoate, Propyl Hydroxybenzoate
Excipients q.s.",https://admin.greenbook.nafdac.gov.ng/uploadImage/smpc_files/2025/12/05/20251205b5248c45-b724-536a-88da-b164445992ba.pdf,P01BF01,https://greenbook.nafdac.gov.ng/products/details/12081,2026-09-27T21:22:20.085187+00:00
Greenbook NAFDAC,599,11534,Artemether Injection 80 mg/mL,1,Drugs,"{'id': 1, 'name': 'Drugs', 'created_at': '-000001-11-30T00:00:00.000000Z', 'updated_at': '2022-03-17T16:53:12.000000Z', 'deleted_at': None}",542,Artemether,,B4-3598,107,Solution for injection,9,Intramuscular,80 mg/mL,1234,Patbless Pharmaceutical Limited,2025-08-27,2030-08-26,Active,"Liquid Injection.
A clear, colourless Liquid",1 mL x 6&#039;s (in ampoules),"Each mL contains: Artemether 80 mg, Excipients q.s.",https://admin.greenbook.nafdac.gov.ng/uploadImage/smpc_files/2025/10/22/20251022dec3ca37-f424-55ac-bbe8-587b7d45f680.pdf,P01BE02,https://greenbook.nafdac.gov.ng/products/details/11534,2026-09-27T21:22:20.085187+00:00
Greenbook NAFDAC,600,6499,Artemether Injection##,1,Drugs,"{'id': 1, 'name': 'Drugs', 'created_at': '-000001-11-30T00:00:00.000000Z', 'updated_at': '2022-03-17T16:53:12.000000Z', 'deleted_at': None}",542,Artemether,,A4-100605,40,Injection,9,Intramuscular,80 mg/mL,599,Don-J Pharmaceutical Nig. Ltd,2023-11-30,2028-11-29,Active,"Liquid Injection
A clear, colorless to yellowish liquid

5	NF-PP-338219	ARTEMETHER INJECTION	ARTEMETHER 80MG/ML INJECTION	ARTEMETHER (IH) 80MG, BUTYLATED HYDROXYANISOLE 0.2MG, BUTYLATED HYDROXYTOLUENE 0.2MG, ETHYL OLEATE 874 ,	A4-100605	Drugs	Imported Products	6X1ml	Over The Counter (OTC)	6/16/2023	DON-J PHARMACEUTICAL NIG. LTD, MURTALA MOHAMMED WAY KANO. KANO	8184435083	donjpharmiz@gmail.com	KAMLA LIFESCIENCES LIMITED, G-84/1, TARAPUR MIDC, BOISAR DIST-PALGHAR MAHARASHTRA 401506 INDIA, India",6 x 1 mL ampoules,"Each mL contains: Artemether 80 mg
Excipients: Butylated Hydroxyanisole 0.2 mg BP, Butylated Hydroxytoluene 0.2 mg BP, Ethyl Oleate 874 mg BP, Water for Injection BP",https://admin.greenbook.nafdac.gov.ng/uploadImage/smpc_files/2023/12/17/20231217a5ab35a4-7099-55ae-a03e-1ea2414a2c25.pdf,P01BE02,https://greenbook.nafdac.gov.ng/products/details/6499,2026-09-27T21:22:20.085187+00:00
Greenbook NAFDAC,601,2888,Artemether Injection##,1,Drugs,"{'id': 1, 'name': 'Drugs', 'created_at': '-000001-11-30T00:00:00.000000Z', 'updated_at': '2022-03-17T16:53:12.000000Z', 'deleted_at': None}",542,Artemether,,C4-1218,107,Solution for injection,9,Intramuscular,80 mg/mL,208,Kayhelt Pharma Limited,2020-11-10,2025-11-09,Inactive,"Solution for Injection
Oily solution for injection",1 x 1 mL ampoule,Each mL contains: Artemether 80 mg,,P01BE02,https://greenbook.nafdac.gov.ng/products/details/2888,2026-09-27T21:22:20.085187+00:00
Greenbook NAFDAC,602,28,Artemether Injection##,1,Drugs,"{'id': 1, 'name': 'Drugs', 'created_at': '-000001-11-30T00:00:00.000000Z', 'updated_at': '2022-03-17T16:53:12.000000Z', 'deleted_at': None}",542,Artemether,,A4-8799,107,Solution for injection,9,Intramuscular,80 mg/mL,625,Climax Pharmaceutical Chemist Limited,2021-12-02,2026-12-01,Active,"Solution for Injection
Oily solution for injection",1 x 1 mL ampoule,Each mL contains: Artemether 80 mg,,P01BE02,https://greenbook.nafdac.gov.ng/products/details/28,2026-09-27T21:22:20.085187+00:00
Greenbook NAFDAC,603,7998,Artemether Injection**,1,Drugs,"{'id': 1, 'name': 'Drugs', 'created_at': '-000001-11-30T00:00:00.000000Z', 'updated_at': '2022-03-17T16:53:12.000000Z', 'deleted_at': None}",542,Artemether,,A4-101012,107,Solution for injection,9,Intramuscular,80 mg/mL,1143,Reavems Global Nig Ltd,2024-08-28,2029-08-27,Active,Oily solution for injection in 1-mL clear glass ampoule,1 mL x 6&#039;s (in clear glass ampoules),"Artemether Injection 80 mg/mL.
Each mL solution contains: Artemether 80 mg, Benzyl Alcohol BP (Antimicrobial Preservative) 0.02 mL, Arachis Oil BP (Solvent) 0.3 mL, Ethyl Oleate BP (Solvent) q.s. to 1.00 mL",https://admin.greenbook.nafdac.gov.ng/uploadImage/smpc_files/2024/09/29/20240929f6277dc4-52f9-5720-a346-a91bcb338d4e.pdf,P01BF03,https://greenbook.nafdac.gov.ng/products/details/7998,2026-09-27T21:22:20.085187+00:00
Greenbook NAFDAC,604,7999,Artemether Injection**,1,Drugs,"{'id': 1, 'name': 'Drugs', 'created_at': '-000001-11-30T00:00:00.000000Z', 'updated_at': '2022-03-17T16:53:12.000000Z', 'deleted_at': None}",542,Artemether,,A4-100979,107,Solution for injection,9,Intramuscular,80 mg/mL,360,Ugo Lab Productions (Nig). Ltd,2024-08-28,2029-08-27,Active,Oily solution for injection in 1-mL clear glass ampoule,1 mL x 6&#039;s (in clear glass ampoules),"Artemether Injection 80 mg/mL.
Each mL solution contains: Artemether 80 mg, Arachis Oil BP (Solvent) q.s. to 1 mL",https://admin.greenbook.nafdac.gov.ng/uploadImage/smpc_files/2024/09/29/20240929db154ce4-3b73-5f99-a631-30efa8b218e6.pdf,P01BE02,https://greenbook.nafdac.gov.ng/products/details/7999,2026-09-27T21:22:20.085187+00:00
Greenbook NAFDAC,605,8376,Artemether Lumefantrine 80/480 Tablets**,1,Drugs,"{'id': 1, 'name': 'Drugs', 'created_at': '-000001-11-30T00:00:00.000000Z', 'updated_at': '2022-03-17T16:53:12.000000Z', 'deleted_at': None}",528,Artemether; Lumefantrine,,A4-101026,1,Tablet,1,Oral,80 mg; 480 mg,217,Lyn-Edge Pharmaceuticals Limited,2024-09-25,2029-09-24,Active,Film coated tablet,1 x 6&#039;s (in blister),"Artemether 80 mg and Lumefantrine 480 mg Tablets Ph. Int.
Each film coated tablet contains: Artemether Ph. Int.  80 mg, Lurnafantrine Ph. Int. 480 mg, Excipients q.s.
Colour: Quinoline yellow",https://admin.greenbook.nafdac.gov.ng/uploadImage/smpc_files/2024/11/02/2024110248b6e62c-15b4-516c-a4f1-41e72ab37c0a.pdf,P01BF01,https://greenbook.nafdac.gov.ng/products/details/8376,2026-09-27T21:22:20.085187+00:00
Greenbook NAFDAC,606,2813,Artemether Lumefantrine Tablets 20/120 mg##,1,Drugs,"{'id': 1, 'name': 'Drugs', 'created_at': '-000001-11-30T00:00:00.000000Z', 'updated_at': '2022-03-17T16:53:12.000000Z', 'deleted_at': None}",528,Artemether; Lumefantrine,,C4-1274,1,Tablet,1,Oral,20 mg; 120 mg,236,NCI PharmChem Industries Limited,2020-11-30,2025-11-29,Inactive,Tablet,,"Each tablet contains: Artemether 20 mg, Lumefantrine 120 mg",,P01BF01,https://greenbook.nafdac.gov.ng/products/details/2813,2026-09-27T21:22:20.085187+00:00
Greenbook NAFDAC,607,5517,"Artemether, Lumefantrine Tablet##",1,Drugs,"{'id': 1, 'name': 'Drugs', 'created_at': '-000001-11-30T00:00:00.000000Z', 'updated_at': '2022-03-17T16:53:12.000000Z', 'deleted_at': None}",528,Artemether; Lumefantrine,,A4-7390,1,Tablet,1,Oral,80 mg; 480 mg,609,DannyFaith Pharmacy Limited,2023-03-28,2028-03-27,Active,"Tablet

60	RNW-PP-299711	ARTEMETHER , LUMEFANTRINE TABLET 80MG/480MG	ARTEMETHER, LUMEFANTRINE	ARTEMETHER 80MG, LUMEFANTRINE 480MG LIST OF EXCIPIENTS: Corn Starch, Colloidal silicon dioxide, Sodium Starch Glycolate, Hypromellose, Microcrystalline Cellulose, Hydroxy propyl cellulose, Magnesium Stearate	A4-7390	Drugs	ANTIPARASITIC PRODUCTS, INSECTICIDES AND REPELLENTS	Imported Products	1*6	Over The Counter (OTC)	12/29/2022	DANNYFAITH PHARMACY LIMITED, 23, OSENI STREET, LAWANSON, SURULERE LAGOS	7036395409	danielugb9@gmail.com	JIANGSU RUINIAN QIANJIN PHARMACEUTICAL CO., LIMITED, CHUANBU VILLAGE, YIXING ECONOMIC DEVELOPMENT ZONE, JIANGSU PROVINCE, CHINA., China",1 x 6&#039;s (in PVC-Alu blisters),"Each tablet contains: Artemether 80 mg and Lumefantrine 480 mg
Excipients: Dextrin, Hydroxypropyl Cellulose, Microcrystalline Cellulose, Sodium Starch Glycolate, Silicon dioxide, Talc. Magnesium Stearate",https://admin.greenbook.nafdac.gov.ng/uploadImage/smpc_files/2023/09/24/20230924aa16771b-e655-54a2-bd9d-97f6aac0a105.pdf,P01BF01,https://greenbook.nafdac.gov.ng/products/details/5517,2026-09-27T21:22:20.085187+00:00
Greenbook NAFDAC,608,6725,Artemetin Beta Plus Tablets##,1,Drugs,"{'id': 1, 'name': 'Drugs', 'created_at': '-000001-11-30T00:00:00.000000Z', 'updated_at': '2022-03-17T16:53:12.000000Z', 'deleted_at': None}",528,Artemether; Lumefantrine,,A4-8056,1,Tablet,1,Oral,80 mg; 480 mg,211,LaBeta Drugs Limited,2023-12-21,2028-12-20,Active,"Yellow colored, round-shaped no film-coated tablet having a score on one side. Artemetin Beta Plus Tablet should not be divided.

125	RNW-PP-313294	ARTEMETIN BETA PLUS TABLETS	ARTEMETHER 80MG + LUMEFANTRINE 480MG	Artemether 80mg, Lumefantrine 480mg	A4-8056	Drugs	Imported Products	1x6	Over The Counter (OTC)	2/9/2023	LABETA DRUGS LIMITED, NO 125C OLAITAN STREET, OFF NNOBI STREET, SURULERE LAGOS	18544878	greenabeta_nig@yahoo.com	ANHUI CHENGSHI PHARMACEUTICAL CO,. LTD, NO. 5068 HUAISHANG ROAD, BENGBU, ANHUI PROVINCE . CHINA, China",1 x 6 mL (in blisters),"Each tablet contains: Artemether 80 mg, Lumefantrine 480 mg
Excipients: Colloidal Silicon Dioxide (Light), Croscarmellose Sodium (Primellose), Magnesium Stearate, Talcum, H.P.M.C.E 15, Purified Water, Methyl Paraben, Propyl Paraben, Croscarmellose Sodium (Plain)",https://admin.greenbook.nafdac.gov.ng/uploadImage/smpc_files/2024/01/01/20240101f819fc98-c817-5613-b1f6-ad61ccd7f6aa.pdf,P01BF01,https://greenbook.nafdac.gov.ng/products/details/6725,2026-09-27T21:22:20.085187+00:00
Greenbook NAFDAC,609,7129,Artemetin-Beta Injection##,1,Drugs,"{'id': 1, 'name': 'Drugs', 'created_at': '-000001-11-30T00:00:00.000000Z', 'updated_at': '2022-03-17T16:53:12.000000Z', 'deleted_at': None}",542,Artemether,,A4-5947,40,Injection,9,Intramuscular,80 mg/mL,211,LaBeta Drugs Limited,2024-01-31,2029-01-30,Active,"Sterile Clear Solution for Intramuscular Injection

60	RNW-PP-313291	ARTEMETIN-BETA INJECTION	ARTEMETHER 80MG/ML	Artemether 80mg/ml Tea-seed oil q.s to 1ml	A4-5947	Drugs	Imported Products	1mlx6	Prescription Only Medicine (POM)	2/9/2023	LABETA DRUGS LIMITED, NO 125C OLAITAN STREET, OFF NNOBI STREET, SURULERE LAGOS	18544878	greenabeta_nig@yahoo.com	ANHUI CHENGSHI PHARMACEUTICAL CO,. LTD, NO. 5068 HUAISHANG ROAD, BENGBU, ANHUI PROVINCE . CHINA, China",6 x 1 mL ampoules,"Each mL contains: Artemether 80 mg
Excipients: Tea-seed Oil",https://admin.greenbook.nafdac.gov.ng/uploadImage/smpc_files/2024/02/17/20240217d477ba8c-a056-5a43-8fbb-74c19312e46a.pdf,P01BE02,https://greenbook.nafdac.gov.ng/products/details/7129,2026-09-27T21:22:20.085187+00:00
Greenbook NAFDAC,610,7256,Artemetrin DS Tablet**,1,Drugs,"{'id': 1, 'name': 'Drugs', 'created_at': '-000001-11-30T00:00:00.000000Z', 'updated_at': '2022-03-17T16:53:12.000000Z', 'deleted_at': None}",528,Artemether; Lumefantrine,,A4-3164,1,Tablet,1,Oral,80 mg; 480 mg,355,A.C. Drugs Ltd,2023-12-21,2028-12-20,Active,Tablet,1 x 6&#039;s (in Alu/PVC blister),Artemether/Lumefantrine 80 mg/480 mg,https://admin.greenbook.nafdac.gov.ng/uploadImage/smpc_files/2024/01/02/20240102ad1f63a4-c83c-553a-a4d4-f8c7558346c7.pdf,P01BF01,https://greenbook.nafdac.gov.ng/products/details/7256,2026-09-27T21:22:20.085187+00:00
Greenbook NAFDAC,611,7257,Artemetrin Tablet**,1,Drugs,"{'id': 1, 'name': 'Drugs', 'created_at': '-000001-11-30T00:00:00.000000Z', 'updated_at': '2022-03-17T16:53:12.000000Z', 'deleted_at': None}",528,Artemether; Lumefantrine,,A4 - 5180,1,Tablet,1,Oral,20 mg; 120 mg,355,A.C. Drugs Ltd,2023-12-21,2028-12-20,Active,Tablet,1 x 24&#039;s,Artemeter/Lumefantrine 20 mg/120 mg,https://admin.greenbook.nafdac.gov.ng/uploadImage/smpc_files/2024/01/02/20240102eee3b120-25bb-548d-aed5-ac80d5c5a201.pdf,P01BF01,https://greenbook.nafdac.gov.ng/products/details/7257,2026-09-27T21:22:20.085187+00:00
Greenbook NAFDAC,612,9944,Artemis Dexamethasone 0.5 mg Tablet_,1,Drugs,"{'id': 1, 'name': 'Drugs', 'created_at': '-000001-11-30T00:00:00.000000Z', 'updated_at': '2022-03-17T16:53:12.000000Z', 'deleted_at': None}",770,Dexamethasone,,A11-100815,1,Tablet,1,Oral,0.5 mg,1632,Artemis Laboratories Ltd,2025-02-28,2030-02-27,Active,"A white round, concave, uncoated tablet, 7.93mm diameter. Plain on both sides",10 x 10&#039;s (in blisters),"Each uncoated tablet contains: Dexamethasone  0.5 mg
Excipients q.s.


",https://admin.greenbook.nafdac.gov.ng/uploadImage/smpc_files/2025/05/26/20250526146cea17-9936-5135-8caa-3b80adf10675.pdf,H02AB02,https://greenbook.nafdac.gov.ng/products/details/9944,2026-09-27T21:22:20.085187+00:00
Greenbook NAFDAC,613,9945,Artemis Dexamethasone 1 mg Tablet_,1,Drugs,"{'id': 1, 'name': 'Drugs', 'created_at': '-000001-11-30T00:00:00.000000Z', 'updated_at': '2022-03-17T16:53:12.000000Z', 'deleted_at': None}",770,Dexamethasone,,A11-100816,1,Tablet,1,Oral,1 mg,1632,Artemis Laboratories Ltd,2025-02-28,2030-02-27,Active,"A white, round, concave, uncoated tablet, 7.93 mm diameter. Plain on both sides",10 x 10&#039;s (in blisters),"Each uncoated tablet contains: Dexamethasone 1 mg
Excipients q.s.",https://admin.greenbook.nafdac.gov.ng/uploadImage/smpc_files/2025/05/26/202505260b2a2911-dd17-5289-ad7f-3ee8a8262687.pdf,H02AB02,https://greenbook.nafdac.gov.ng/products/details/9945,2026-09-27T21:22:20.085187+00:00
Greenbook NAFDAC,614,8736,Artemis Erythromycin 500mg Tablets**,1,Drugs,"{'id': 1, 'name': 'Drugs', 'created_at': '-000001-11-30T00:00:00.000000Z', 'updated_at': '2022-03-17T16:53:12.000000Z', 'deleted_at': None}",1535,Erythromycin (Erythromycin Stearate),,A11-100786,1,Tablet,1,Oral,500 mg,1632,Artemis Laboratories Ltd,2024-11-22,2029-11-21,Active,"Film coated tablet.
Pink coloured, circular, biconvex film coated tablets",1 x 10&#039;s (in blister),"Each film coated tablet contains: Erythromycin Stearate BP equivalent to Erythromycin 500 mg.

Excipients with known effects:
Each tablet contains: Microcrystalline Cellulose, Sodium Starch Glycollate, Starch, etc.",https://admin.greenbook.nafdac.gov.ng/uploadImage/smpc_files/2024/12/16/2024121628fe0a47-68bb-5916-aef9-dad8624c3949.pdf,J01FA01,https://greenbook.nafdac.gov.ng/products/details/8736,2026-09-27T21:22:20.085187+00:00
Greenbook NAFDAC,615,11369,Artemis Ibuprofen 100 mg Suspension**,1,Drugs,"{'id': 1, 'name': 'Drugs', 'created_at': '-000001-11-30T00:00:00.000000Z', 'updated_at': '2022-03-17T16:53:12.000000Z', 'deleted_at': None}",57,Ibuprofen,,A11-100919,102,Suspension,1,Oral,100 mg/5 mL,1632,Artemis Laboratories Ltd,2025-06-25,2030-06-24,Active,"Oral Suspension.
Orange coloured suspension with a sweet taste",1 x 100 mL (in PET bottle),Each 5 mL suspension contains 100 mg of Ibuprofen,https://admin.greenbook.nafdac.gov.ng/uploadImage/smpc_files/2025/07/28/2025072840e9dad2-9bc8-542a-8991-38f8cd8359e8.pdf,M01AE01,https://greenbook.nafdac.gov.ng/products/details/11369,2026-09-27T21:22:20.085187+00:00
Greenbook NAFDAC,616,12333,Artemis Ibuprofen 400 mg Tablet_,1,Drugs,"{'id': 1, 'name': 'Drugs', 'created_at': '-000001-11-30T00:00:00.000000Z', 'updated_at': '2022-03-17T16:53:12.000000Z', 'deleted_at': None}",57,Ibuprofen,,A11-101039,1,Tablet,1,Oral,400 mg,1632,Artemis Laboratories Ltd,2025-11-26,2030-11-25,Active,Tablet,1 x 10&#039;s (in Alu-PVC blister),"Each coated tablet contains: Ibuprofen BP 400 mg
Excipients q.s.",https://admin.greenbook.nafdac.gov.ng/uploadImage/smpc_files/2025/12/16/20251216d64ae8d1-d130-5638-ad4d-c72b2071f999.pdf,M01AE01,https://greenbook.nafdac.gov.ng/products/details/12333,2026-09-27T21:22:20.085187+00:00
Greenbook NAFDAC,617,1014,Artenise Tablets##,1,Drugs,"{'id': 1, 'name': 'Drugs', 'created_at': '-000001-11-30T00:00:00.000000Z', 'updated_at': '2022-03-17T16:53:12.000000Z', 'deleted_at': None}",528,Artemether; Lumefantrine,,B4-6460,1,Tablet,1,Oral,80 mg; 480 mg,487,Nisenton Pharmaceuticals Limited,2021-09-28,2026-09-27,Active,Film Coated Tablet,1 x 6&#039;s (in PVC-Alu blisters),"Each tablet contains: Artemether 80 mg, Lumefantrine 480 mg
Excipients q.s.",https://admin.greenbook.nafdac.gov.ng/uploadImage/smpc_files/2023/05/27/20230527792f574d-fc14-5934-8e13-8265704032a7.pdf,P01BF01,https://greenbook.nafdac.gov.ng/products/details/1014,2026-09-27T21:22:20.085187+00:00
Greenbook NAFDAC,618,8960,Arteniter 80 Injection**,1,Drugs,"{'id': 1, 'name': 'Drugs', 'created_at': '-000001-11-30T00:00:00.000000Z', 'updated_at': '2022-03-17T16:53:12.000000Z', 'deleted_at': None}",542,Artemether,,04-9464,107,Solution for injection,9,Intramuscular,80 mg/mL,222,Maydon Pharmaceuticals Limited,2021-10-28,2026-10-27,Active,"Oily Solution for Injection.
Colorless to light yellow clear oily liquid",1 mL x 1&#039;s (in ampoule packed in trays and boxes),"Each mL contains: Artemether 80 mg, Soybean Oil q.s. to 1 mL

Excipient with known effect: Soybean Oil",https://admin.greenbook.nafdac.gov.ng/uploadImage/smpc_files/2025/01/09/202501099a51d94f-a05d-53d2-948c-d4893ebacc2c.pdf,P01BE02,https://greenbook.nafdac.gov.ng/products/details/8960,2026-09-27T21:22:20.085187+00:00
Greenbook NAFDAC,619,10206,Artepenum Injection_,1,Drugs,"{'id': 1, 'name': 'Drugs', 'created_at': '-000001-11-30T00:00:00.000000Z', 'updated_at': '2022-03-17T16:53:12.000000Z', 'deleted_at': None}",459,Meropenem (Meropenem Trihydrate),,A4-101184,70,Powder for injection,12,Intravenous,1 g,1250,Artemis Life Sciences Nig Ltd,2025-01-30,2030-01-29,Active,"White crystalline powder for injection filled in 20 mL clear glass vial + 20 mL ampoule of water for injection													
													
													
													
													
													",1 x 1&#039;s (in vial) + Sterile water for injection (in ampoule),Each vial contains: Meropenem Trihydrate equiv. to Meropenem base 1000 mg and Sodium Bicarbonate 90.2 mg as buffering agent,https://admin.greenbook.nafdac.gov.ng/uploadImage/smpc_files/2025/03/21/20250321b948e7b4-7381-53e0-8d66-d0e2aa62aaa3.pdf, J01DH0,https://greenbook.nafdac.gov.ng/products/details/10206,2026-09-27T21:22:20.085187+00:00
Greenbook NAFDAC,620,9942,Artepref 80/480 Tablets**,1,Drugs,"{'id': 1, 'name': 'Drugs', 'created_at': '-000001-11-30T00:00:00.000000Z', 'updated_at': '2022-03-17T16:53:12.000000Z', 'deleted_at': None}",528,Artemether; Lumefantrine,,C4-0093,1,Tablet,1,Oral,80 mg; 480 mg,1027,Preferred Drugs Nigeria Limited,2025-03-27,2030-03-26,Active,Film Coated Tablet,1 x 6&#039;s (in blister),"Each tablet contains: Artemether 80 mg, Lumefantrine 480 mg, Excipients q.s.
Color: Quinoline Yellow",https://admin.greenbook.nafdac.gov.ng/uploadImage/smpc_files/2025/04/28/20250428c9205b37-bee4-5f77-8746-c6ec4a9241c1.pdf,P01BF01,https://greenbook.nafdac.gov.ng/products/details/9942,2026-09-27T21:22:20.085187+00:00
Greenbook NAFDAC,621,3973,Artesunate - Amodiaquine Winthrop Toddler Tablets##,1,Drugs,"{'id': 1, 'name': 'Drugs', 'created_at': '-000001-11-30T00:00:00.000000Z', 'updated_at': '2022-03-17T16:53:12.000000Z', 'deleted_at': None}",530,Artesunate; Amodiaquine (Amodiaquine Hydrochloride),,A4-3405,1,Tablet,1,Oral,50 mg; 135 mg,1058,Sanofi-Aventis Nigeria Limited,2021-10-28,2026-10-27,Active,"Tablet
A round bilayer tablet: one layer is yellow colored, the other one is white to slightly yellow, with a score line, engraved on one side &quot;AS&quot; and on the other side &quot;50&quot;","1 x 3&#039;s, 1 x 25&#039;s (in Alu-Alu blisters)","Each tablet contains: Artesunate 50 mg and Amodiaquine (as Amodiaquine Hydrochloride) 135 mg
Excipients q.s.",https://admin.greenbook.nafdac.gov.ng/uploadImage/smpc_files/2023/05/27/202305274e28f188-2220-58b2-9c0f-7272ef266b26.pdf,P01BF03,https://greenbook.nafdac.gov.ng/products/details/3973,2026-09-27T21:22:20.085187+00:00
Greenbook NAFDAC,622,7803,Artesunate 100 mg + Amodiaquine 270 mg Tablets**,1,Drugs,"{'id': 1, 'name': 'Drugs', 'created_at': '-000001-11-30T00:00:00.000000Z', 'updated_at': '2022-03-17T16:53:12.000000Z', 'deleted_at': None}",530,Artesunate; Amodiaquine (Amodiaquine Hydrochloride),,A4-100887,1,Tablet,1,Oral,100 mg; 270 mg,1200,Oxus Pharma Ltd,2024-06-27,2029-06-26,Active,"Bilayered, round flat, bevelled edged, uncoated tablets having plain surface on both sides, one layer is yellow coloured; the other one is white to off white coloured",25 x 3&#039;s &amp; 25 x 6&#039;s (in Alu/Alu blisters),"Artesunate and Amodiaquine Tablets 100/270 mg.
Each bilayered tablet contains: Artesunate 100 mg, Amodiaquine USP equiv. to Amodiaquine USP 270 mg.

Excipients:
Calcium carbonate and maize starch, Povidone, Croscarmellose sodium, Silicon dioxide, Magnesium Stearate, Microcrystalline cellulose",https://admin.greenbook.nafdac.gov.ng/uploadImage/smpc_files/2024/07/20/202407200ea18568-49b9-560d-b2df-d3d668dbf5fd.pdf,P01BF01,https://greenbook.nafdac.gov.ng/products/details/7803,2026-09-27T21:22:20.085187+00:00
Greenbook NAFDAC,623,7804,Artesunate 120 mg Injection**,1,Drugs,"{'id': 1, 'name': 'Drugs', 'created_at': '-000001-11-30T00:00:00.000000Z', 'updated_at': '2022-03-17T16:53:12.000000Z', 'deleted_at': None}",541,Artesunate,,A4-100898,70,Powder for injection,29,Intravenous; Intramuscular,120 mg,1315,Naza Associates Nigeria Ltd,2024-06-27,2029-06-26,Active,Dry powder for solution for injection in vial + solvents in ampoules (1 mL Sodium Bicarbonate BP 5% w/v + 5 mL Sodium Chloride BP 0.9% w/v),1 x 1&#039;s (in vial) + Solvents (in ampoules),,https://admin.greenbook.nafdac.gov.ng/uploadImage/smpc_files/2024/11/28/20241128d57a9b5f-bb5b-5afa-9682-63f285f4b5fc.pdf,P01BE03,https://greenbook.nafdac.gov.ng/products/details/7804,2026-09-27T21:22:20.085187+00:00
Greenbook NAFDAC,624,7805,Artesunate 25 mg + Amodiaquine 67.5 mg Tablets**,1,Drugs,"{'id': 1, 'name': 'Drugs', 'created_at': '-000001-11-30T00:00:00.000000Z', 'updated_at': '2022-03-17T16:53:12.000000Z', 'deleted_at': None}",530,Artesunate; Amodiaquine (Amodiaquine Hydrochloride),,A4-100885,1,Tablet,1,Oral,25 mg; 67.5 mg,1200,Oxus Pharma Ltd,2024-06-27,2029-06-26,Active,"Bilayered, round flat, bevelled edged, uncoated tablets having plain surface on both sides, one layer is yellow coloured; the other one is white to off white coloured",25 x 3&#039;s &amp; 25 x 6&#039;s (in Alu/Alu blisters),"Each bilayered tablet contains: Artesunate 25 mg, Amodiaquine USP equiv. to Amodiaquine USP 67.5 mg

Excipients:
Calcium carbonate and maize starch, Povidone, Croscarmellose sodium, Silicon dioxide, Magnesium Stearate, Microcrystalline cellulose",https://admin.greenbook.nafdac.gov.ng/uploadImage/smpc_files/2024/09/17/20240917934a66ff-2d5e-51bb-a706-960467c950f0.pdf,P01BF01,https://greenbook.nafdac.gov.ng/products/details/7805,2026-09-27T21:22:20.085187+00:00
Greenbook NAFDAC,625,7806,Artesunate 50 mg + Amodiaquine 135 mg Tablets**,1,Drugs,"{'id': 1, 'name': 'Drugs', 'created_at': '-000001-11-30T00:00:00.000000Z', 'updated_at': '2022-03-17T16:53:12.000000Z', 'deleted_at': None}",530,Artesunate; Amodiaquine (Amodiaquine Hydrochloride),,A4-100886,1,Tablet,1,Oral,50 mg; 135 mg,1200,Oxus Pharma Ltd,2024-06-27,2029-06-26,Active,"Bilayered, round flat, bevelled edged, uncoated tablets having plain surface on both sides, one layer is yellow coloured; the other one is white to off white coloured",25 x 3&#039;s &amp; 25 x 6&#039;s (in Alu/Alu blisters),"Each bilayered tablet contains: Artesunate 50 mg, Amodiaquine USP equiv. to Amodiaquine USP 135 mg

Excipients:
Calcium carbonate and maize starch, Povidone, Croscarmellose sodium, Silicon dioxide, Magnesium Stearate, Microcrystalline cellulose",https://admin.greenbook.nafdac.gov.ng/uploadImage/smpc_files/2024/07/20/20240720344be18e-0279-5073-80d9-9554a13ae902.pdf,P01BF01,https://greenbook.nafdac.gov.ng/products/details/7806,2026-09-27T21:22:20.085187+00:00
Greenbook NAFDAC,626,7807,Artesunate 60 mg Injection**,1,Drugs,"{'id': 1, 'name': 'Drugs', 'created_at': '-000001-11-30T00:00:00.000000Z', 'updated_at': '2022-03-17T16:53:12.000000Z', 'deleted_at': None}",541,Artesunate,,A4-100897,70,Powder for injection,29,Intravenous; Intramuscular,60 mg,1315,Naza Associates Nigeria Ltd,2024-06-27,2029-06-26,Active,Dry powder for solution for injection in vial + solvents in ampoules (1 mL Sodium Bicarbonate BP 5% w/v + 5 mL Sodium Chloride BP 0.9% w/v),1 x 1&#039;s (in vial) + Solvents (in ampoules),"Artesunate for Injection 60 mg.
Each vial contains: Artesunate (sterile) 60 mg

Solvent:
A. Each 1-mL ampoule contains: Sodium Bicarbonate BP 5% w/v, Water for Injection q.s.
B. Each 5-mL ampoule contains: Sodium Chloride BP 0.9% w/v, Water for Injection q.s.",https://admin.greenbook.nafdac.gov.ng/uploadImage/smpc_files/2024/07/20/20240720d8857f88-f5cd-562a-add3-4f6f75ce649b.pdf,P01BE03,https://greenbook.nafdac.gov.ng/products/details/7807,2026-09-27T21:22:20.085187+00:00
Greenbook NAFDAC,627,8000,Artesunate for Injection 120 mg**,1,Drugs,"{'id': 1, 'name': 'Drugs', 'created_at': '-000001-11-30T00:00:00.000000Z', 'updated_at': '2022-03-17T16:53:12.000000Z', 'deleted_at': None}",541,Artesunate,,A4-101011,70,Powder for injection,29,Intravenous; Intramuscular,120 mg,166,Embassy Pharmaceutical and Chemicals Limited,2024-08-28,2029-08-27,Active,Dry powder for solution for injection in vial + solvents in ampoules (Sodium Bicarbonate BP 5% w/v + Sodium Chloride BP 0.9% w/v),120 mg x 1&#039;s (in vial) + Solvents (in ampoules),"Artesunate for Injection 120 mg.
Each vial contains: Artesunate (sterile) 120 mg

Solvents:
A. Each ampoule contains: Sodium Bicarbonate BP 5% w/v, Water for Injection q.s.
B. Each ampoule contains: Sodium Chloride BP 0.9% w/v, Water for Injection q.s.",https://admin.greenbook.nafdac.gov.ng/uploadImage/smpc_files/2024/09/29/2024092906dfa9f4-7422-5219-a107-15027f9c9447.pdf,P01BE03,https://greenbook.nafdac.gov.ng/products/details/8000,2026-09-27T21:22:20.085187+00:00
Greenbook NAFDAC,628,11688,Artesunate for Injection 120 mg_,1,Drugs,"{'id': 1, 'name': 'Drugs', 'created_at': '-000001-11-30T00:00:00.000000Z', 'updated_at': '2022-03-17T16:53:12.000000Z', 'deleted_at': None}",541,Artesunate,,A4-101462,40,Injection,29,Intravenous; Intramuscular,120 mg,108,BG Pharma &amp; Healthcare Limited,2025-08-27,2030-08-26,Active,"Injection.
White crystalline powder",1 x 1 vial + 2 mL Sodium Bicarbonate in ampoule + 10 mL Sodium Chloride in ampoule,Each vial contains: Artesunate (as Sterile Lyophilized Powder) (in House) (120 mg),https://admin.greenbook.nafdac.gov.ng/uploadImage/smpc_files/2025/10/23/202510231fdaed3c-2401-56b3-bdb3-20b5f8102a48.pdf,P01BE03,https://greenbook.nafdac.gov.ng/products/details/11688,2026-09-27T21:22:20.085187+00:00
Greenbook NAFDAC,629,7265,Artesunate for Injection 60 mg##,1,Drugs,"{'id': 1, 'name': 'Drugs', 'created_at': '-000001-11-30T00:00:00.000000Z', 'updated_at': '2022-03-17T16:53:12.000000Z', 'deleted_at': None}",541,Artesunate,, A4-100783,40,Injection,9,Intramuscular,60 mg,376,First J. Pocco Pharmacy Limited,2024-03-27,2029-03-26,Active,"Dry Injection

14	NF-PP-351880	ARTESUNATE FOR INJECTION 60MG	ARTESUNATE 60MG	ARTESUNATE 60MG, SODIUL BICARBONATE 5.0%W/V, SODIUM CHLORIDE 0.9%W/V	A4-100783	Drugs	Imported Products	1 Vial+2 Ampoules of Diluents	Prescription Only Medicine (POM)	8/15/2023	FIRST J. POCCO PHARMACY LIMITED, 89, DENNIS OSADEBE WAY, ASABA DELTA	M/S SCOTT- EDIL PHARMACIA LTD, 56 EPIP, Phase-1, Jharmajri Baddi Solan, H.P., INDIA, India",1 vial + 2 ampoules of diluents,"Each combipack contains:
1. One vial of Artesunate for Injection: 
    Each vial contains: Artesunate 60 mg
2. One 2 mL ampoule of Sodium Bicarbonate Injection BP:
    Each mL contains: Sodium Bicarbonate BP 5% w/v,  Water for Injection BP q.s.
3. One 10 mL ampoule of Sodium Chloride Injection BP:
    Each mL contains: Sodium Bicarbonate BP 0.9 % w/v,  Water for Injection BP q.s.",https://admin.greenbook.nafdac.gov.ng/uploadImage/smpc_files/2024/11/28/20241128d597598c-4193-5d63-85f7-9fd7c8d2fc29.pdf,P01BE03,https://greenbook.nafdac.gov.ng/products/details/7265,2026-09-27T21:22:20.085187+00:00
Greenbook NAFDAC,630,8377,Artesunate for Injection 60 mg**,1,Drugs,"{'id': 1, 'name': 'Drugs', 'created_at': '-000001-11-30T00:00:00.000000Z', 'updated_at': '2022-03-17T16:53:12.000000Z', 'deleted_at': None}",541,Artesunate,,A4-101037,70,Powder for injection,29,Intravenous; Intramuscular,60 mg,166,Embassy Pharmaceutical and Chemicals Limited,2024-09-25,2029-09-24,Active,Dry powder for solution for injection in vial + solvents in ampoules,1 x 1&#039;s (in glass vial) + Solvents (in ampoules),"Artesunate for Injection 60 mg.
Each vial contains: Artesunate (sterile) 60 mg

Solvents:
A. Each ampoule contains: Sodium Bicarbonate BP 5% w/v, Water for Injection BP q.s.
B. Each ampoule contains: Sodium Chloride BP 0.9% w/v, Water for Injection BP q.s.",https://admin.greenbook.nafdac.gov.ng/uploadImage/smpc_files/2024/11/02/2024110296487e93-dfbc-5868-946a-2cdc4e35419a.pdf,P01BE03,https://greenbook.nafdac.gov.ng/products/details/8377,2026-09-27T21:22:20.085187+00:00
Greenbook NAFDAC,631,11689,Artesunate for Injection 60 mg_,1,Drugs,"{'id': 1, 'name': 'Drugs', 'created_at': '-000001-11-30T00:00:00.000000Z', 'updated_at': '2022-03-17T16:53:12.000000Z', 'deleted_at': None}",541,Artesunate,,A4-101481,40,Injection,29,Intravenous; Intramuscular,60 mg,108,BG Pharma &amp; Healthcare Limited,2025-08-27,2030-08-26,Active,Dry Powder for Injection,1 x 15 mL vial,Each vial contains: Artesunate (as sterile lyophilized powder) 60 mg,,P01BE03,https://greenbook.nafdac.gov.ng/products/details/11689,2026-09-27T21:22:20.085187+00:00
Greenbook NAFDAC,632,9799,Artesunate for Injection 60 mg_,1,Drugs,"{'id': 1, 'name': 'Drugs', 'created_at': '-000001-11-30T00:00:00.000000Z', 'updated_at': '2022-03-17T16:53:12.000000Z', 'deleted_at': None}",541,Artesunate,,A4-101206,40,Injection,29,Intravenous; Intramuscular,60 mg,1291,Dom Dike Pharmaceutical Company Limited,2025-03-27,2030-03-26,Active,"Powder for solution for injection
Each combi kit contains: One vial of artesunate (sterile) 60 mg, 1 mL ampoule of Sodium bicarbonate injection BP 5% w/v, and 5 mL ampoule of Sodium chloride BP .0.9% w/v (cmb).",1 x 60 vial,"Each vial contains: Artesunate (sterile) 60 mg
Excipients q.s.",https://admin.greenbook.nafdac.gov.ng/uploadImage/smpc_files/2025/04/25/20250425539efa0f-1575-543f-b9db-343ba86c0b3c.pdf,P01BE03,https://greenbook.nafdac.gov.ng/products/details/9799,2026-09-27T21:22:20.085187+00:00
Greenbook NAFDAC,633,7267,Artesunate Injection 120 mg##,1,Drugs,"{'id': 1, 'name': 'Drugs', 'created_at': '-000001-11-30T00:00:00.000000Z', 'updated_at': '2022-03-17T16:53:12.000000Z', 'deleted_at': None}",541,Artesunate,,A4-100788,40,Injection,9,Intramuscular,120 mg,376,First J. Pocco Pharmacy Limited,2024-03-27,2029-03-26,Active,"Dry Injection

15	NF-PP-351986	ARTESUNATE INJECTION 120MG	ARTESUNATE 120MG	ARTESUNATE 120MG, SODIUM CHLORIDE 0.9%W/V, SODIUM BICARBONATE 5.0%W/V	A4-100788	Drugs	Imported Products	1 Vial + 2 Ampoules of Diluent	Prescription Only Medicine (POM)	8/15/2023	FIRST J. POCCO PHARMACY LIMITED, 89, DENNIS OSADEBE WAY, ASABA DELTA	M/S SCOTT- EDIL PHARMACIA LTD, 56 EPIP, Phase-1, Jharmajri Baddi Solan, H.P., INDIA, India",1 vial + 2 ampoules of diluents,"Each combipack contains:
1. One vial of Artesunate for injection: 
    Each vial contains: Artesunate 60 mg
2. One 2 mL ampoule of Sodium Bicarbonate Injection BP
    Each mL contains: Sodium Bicarbonate BP 5.0% w/v, Water for Injection BP q.s.
3..One 10 mL ampoule of Sodium Chloride Injection BP
    Each mL contains: Sodium Chloride BP 0.9% w/v, Water for Injection BP q.s. ",https://admin.greenbook.nafdac.gov.ng/uploadImage/smpc_files/2024/11/28/202411283dac537a-3413-537c-84f7-32dabdfdd16c.pdf,P01BE03,https://greenbook.nafdac.gov.ng/products/details/7267,2026-09-27T21:22:20.085187+00:00
Greenbook NAFDAC,634,4414,Artesunate Injection##,1,Drugs,"{'id': 1, 'name': 'Drugs', 'created_at': '-000001-11-30T00:00:00.000000Z', 'updated_at': '2022-03-17T16:53:12.000000Z', 'deleted_at': None}",541,Artesunate,,B4-9541,70,Powder for injection,29,Intravenous; Intramuscular,60 mg,367,Excel Charis Pharmaceutical Chemical Limited,2022-01-27,2027-01-26,Active,"Powder for Injection

Artesunate Injection 	B4-9541	Artesunate	ARTESUNATE 		ANTIMALARIAL	ARTESUNATE 60MG	INJECTION	1 X 1 VIAL+ 1ML AMPOULE OF SODIUM BICARBONATE + 5ML AMPOULE OF SODIUM CHLORIDE INJECTION BP 0.9% W/V 	PRESCRIPTION ONLY MEDICINE	TREATMENT OF EYE INFECTIONS CAUSED BY SUSCEPTIBLE MICRO-ORGANISMS	EXCEL CHARIS PHARM. CHEM.LTD.	NIGERIA	CIRON DRUGS &amp; PHARMACEUTICALS PVT LTD 	INDIA	01/27/2022	01/26/2027
",1 x 1 vial + 1 mL  ampoule of Sodium Bicarbonate + 5 mL ampoule of Sodium Chloride Injection BP 0.9% w/v,"Each combipack contains:

a) Artesunate Injection
Each vial contains: Artesunate 60 mg

b) Sodium Bicarbonate Injection BP
Each ml contains: Sodium Bicarbonate BP 5% w/v, Water for Injection BP q.s.

c) Sodium Chloride Injection BP
Each ml contains: Sodium Chloride BP 0.9% w/v",https://admin.greenbook.nafdac.gov.ng/uploadImage/smpc_files/2024/09/18/20240918e468b5eb-d7b1-5e05-89c5-9fd5d6ba05cd.pdf,P01BE03,https://greenbook.nafdac.gov.ng/products/details/4414,2026-09-27T21:22:20.085187+00:00
Greenbook NAFDAC,635,12175,Artesunate Powder for Injection 120 mg_,1,Drugs,"{'id': 1, 'name': 'Drugs', 'created_at': '-000001-11-30T00:00:00.000000Z', 'updated_at': '2022-03-17T16:53:12.000000Z', 'deleted_at': None}",541,Artesunate,,A4-101719,40,Injection,29,Intravenous; Intramuscular,120 mg,1330,Eloka Pharmaceuticals Limited,2025-11-26,2030-11-25,Active,Dry Powder for Injection,1 vial + 2 mL ampoule + 10 mL ampoule,"Each vial contains: Artesunate 120 mg
Each 2 mL ampoule contains: Sodium Bicarbonate 5% w/v
Each 10 mL ampoule contains: Sodium Chloride Injection 9% w/v",https://admin.greenbook.nafdac.gov.ng/uploadImage/smpc_files/2025/12/10/202512109e62028c-d7a2-5ff7-ad28-09764aaed1dd.pdf,P01BE03,https://greenbook.nafdac.gov.ng/products/details/12175,2026-09-27T21:22:20.085187+00:00
Greenbook NAFDAC,636,12176,Artesunate Powder for Injection 60 mg_,1,Drugs,"{'id': 1, 'name': 'Drugs', 'created_at': '-000001-11-30T00:00:00.000000Z', 'updated_at': '2022-03-17T16:53:12.000000Z', 'deleted_at': None}",541,Artesunate,,A4-101717,40,Injection,29,Intravenous; Intramuscular,60 mg,1330,Eloka Pharmaceuticals Limited,2025-11-26,2030-11-25,Active,Injection,1 vial + 1 mL + 5 mL,"Each vial contains: Artesunate 60 mg
Each 1 mL contains: Sodium Bicarbonate 5% w/v
Each 5 mL contains: Sodium Chloride Injection 9% w/v",https://admin.greenbook.nafdac.gov.ng/uploadImage/smpc_files/2025/12/10/20251210a0c56657-cc66-5340-95bb-17f7df986787.pdf,P01BE03,https://greenbook.nafdac.gov.ng/products/details/12176,2026-09-27T21:22:20.085187+00:00
Greenbook NAFDAC,637,8962,Artetrine 20/120 Tablets**,1,Drugs,"{'id': 1, 'name': 'Drugs', 'created_at': '-000001-11-30T00:00:00.000000Z', 'updated_at': '2022-03-17T16:53:12.000000Z', 'deleted_at': None}",528,Artemether; Lumefantrine,,A4-1484,1,Tablet,9,Intramuscular,20 mg; 120 mg,253,Onifam Laboratories Limited,2021-09-28,2026-09-27,Active,Tablet,1 x 6&#039;s,Each tablet contains 20 mg of Artemether and 120 mg of Lumefantrine,,P01BF01,https://greenbook.nafdac.gov.ng/products/details/8962,2026-09-27T21:22:20.085187+00:00
Greenbook NAFDAC,638,8007,Artexaten 40 mg/320 mg Tablet**,1,Drugs,"{'id': 1, 'name': 'Drugs', 'created_at': '-000001-11-30T00:00:00.000000Z', 'updated_at': '2022-03-17T16:53:12.000000Z', 'deleted_at': None}",535,Dihydroartemisinin; Piperaquine Phosphate,,A11-100758,1,Tablet,1,Oral,40 mg; 320 mg,742,Unicure Pharmaceuticals Limited,2024-08-28,2029-08-27,Active,"Scored Opaque Green, oblong shaped, tablet",10 x 9&#039;s (in PVC/PVDC/aluminium blisters),"Dihydroartemisinin &amp; Piperaquine Phosphate Tablets.
Each tablet contains: Dihydroartemisinin 40 mg, Piperaquine Phosphate 320 mg, Excipients  q.s.",https://admin.greenbook.nafdac.gov.ng/uploadImage/smpc_files/2024/10/01/20241001afcc4c78-fa9a-5465-a575-6e7c66f2ff78.pdf,,https://greenbook.nafdac.gov.ng/products/details/8007,2026-09-27T21:22:20.085187+00:00
Greenbook NAFDAC,639,8397,Arthec Injection**,1,Drugs,"{'id': 1, 'name': 'Drugs', 'created_at': '-000001-11-30T00:00:00.000000Z', 'updated_at': '2022-03-17T16:53:12.000000Z', 'deleted_at': None}",542,Artemether,,04-9503,107,Solution for injection,9,Intramuscular,80 mg/mL,179,Geneith Pharmaceuticals Limited,2024-09-25,2029-09-24,Active,Oily solution for injection in 1-mL ampoule,1 mL x 6&#039;s (in ampoules),Arthemether 80 mg/mL,https://admin.greenbook.nafdac.gov.ng/uploadImage/smpc_files/2024/11/18/202411186407cd4f-11a0-5783-b09c-793c4b237bc1.pdf,P01BF01,https://greenbook.nafdac.gov.ng/products/details/8397,2026-09-27T21:22:20.085187+00:00
Greenbook NAFDAC,640,3,Artheget EZ##,1,Drugs,"{'id': 1, 'name': 'Drugs', 'created_at': '-000001-11-30T00:00:00.000000Z', 'updated_at': '2022-03-17T16:53:12.000000Z', 'deleted_at': None}",528,Artemether; Lumefantrine,,A4-6238,1,Tablet,1,Oral,80 mg; 480 mg,181,Getz Pharma Nigeria Limited,2021-12-02,2026-12-01,Active,"Tablet
Yellow colored, oblong shaped tablet plain on both sides",2 x 3&#039;s (in Alu-Alu blisters),"Each tablet contains: Artemether 80 mg, Lumefantrine 480 mg
Excipients q.s.",https://admin.greenbook.nafdac.gov.ng/uploadImage/smpc_files/2023/05/28/202305285fd18759-f801-56ec-8d52-1d17619defd7.pdf,P01BF01,https://greenbook.nafdac.gov.ng/products/details/3,2026-09-27T21:22:20.085187+00:00
Greenbook NAFDAC,641,2815,"Artheluter 80/480 Tablets (duplicate, different manufacturer)",1,Drugs,"{'id': 1, 'name': 'Drugs', 'created_at': '-000001-11-30T00:00:00.000000Z', 'updated_at': '2022-03-17T16:53:12.000000Z', 'deleted_at': None}",528,Artemether; Lumefantrine,,C4-1153,1,Tablet,1,Oral,80 mg; 480 mg,145,Chez Resources Pharmaceutical Limited,2020-11-10,2025-11-09,Inactive,,,,,P01BF01,https://greenbook.nafdac.gov.ng/products/details/2815,2026-09-27T21:22:20.085187+00:00
Greenbook NAFDAC,642,494,Arthemed Injection##,1,Drugs,"{'id': 1, 'name': 'Drugs', 'created_at': '-000001-11-30T00:00:00.000000Z', 'updated_at': '2022-03-17T16:53:12.000000Z', 'deleted_at': None}",541,Artesunate,,A4-2533,70,Powder for injection,29,Intravenous; Intramuscular,60 mg,27,Fidson Healthcare PLC,2021-10-28,2026-10-27,Active,Powder for Solution for Injection in a vial,,Arthemed Injection contains: Artesunate 60 mg,,P01BE03,https://greenbook.nafdac.gov.ng/products/details/494,2026-09-27T21:22:20.085187+00:00
Greenbook NAFDAC,643,7830,Arthostop-500 Tablets**,1,Drugs,"{'id': 1, 'name': 'Drugs', 'created_at': '-000001-11-30T00:00:00.000000Z', 'updated_at': '2022-03-17T16:53:12.000000Z', 'deleted_at': None}",88,Naproxen,,A4-4856,1,Tablet,1,Oral,500 mg,222,Maydon Pharmaceuticals Limited,2021-03-29,2026-03-28,Inactive,Tablet,1 x 10&#039;s (in blister),Naproxen BP 500 mg,,,https://greenbook.nafdac.gov.ng/products/details/7830,2026-09-27T21:22:20.085187+00:00
Greenbook NAFDAC,644,3328,Arthrotec 75 Tablets**,1,Drugs,"{'id': 1, 'name': 'Drugs', 'created_at': '-000001-11-30T00:00:00.000000Z', 'updated_at': '2022-03-17T16:53:12.000000Z', 'deleted_at': None}",79,Diclofenac Sodium; Misoprostol,,A4-3491,1,Tablet,1,Oral,75 mg; 200 mcg,260,Pfizer Specialties Ltd,2020-11-30,2025-11-29,Inactive,"Tablets are for oral administration.
White, round, biconvex tablets approximately 10 mm to 11 mm in diameter.
Each tablet consists of an enteric-coated core containing 75 mg of Diclofenac sodium surrounded by an outer mantle containing 200 mcg Misoprostol",20&#039;s; 100&#039;s (in cold-formed aluminium blisters),"Each tablet contains: Diclofenac Sodium 75 mg, Misoprostol 200 micrograms",https://admin.greenbook.nafdac.gov.ng/uploadImage/smpc_files/2024/10/10/20241010a2f36f16-5668-5e6d-ae1c-58f6eb0650b6.pdf,M01AB55,https://greenbook.nafdac.gov.ng/products/details/3328,2026-09-27T21:22:20.085187+00:00
Greenbook NAFDAC,645,11535,Artven Artemether Injection 80 mg/1 mL,1,Drugs,"{'id': 1, 'name': 'Drugs', 'created_at': '-000001-11-30T00:00:00.000000Z', 'updated_at': '2022-03-17T16:53:12.000000Z', 'deleted_at': None}",542,Artemether,,A4-101460,107,Solution for injection,9,Intramuscular,80 mg/mL,1179,Haventis Pharmaceutical Limited,2025-08-27,2030-08-26,Active,"Oily Solution for Injection.
A colourless or yellowish clear oily liquid",1 mL x 6&#039;s (in ampoules),Each 1-mL ampoule contains: Artemether 80 mg,https://admin.greenbook.nafdac.gov.ng/uploadImage/smpc_files/2025/10/23/2025102366fe55f7-e0d8-5b5d-94b9-0f7e5824b091.pdf,P01BE02,https://greenbook.nafdac.gov.ng/products/details/11535,2026-09-27T21:22:20.085187+00:00
Greenbook NAFDAC,646,8963,ASA 75 Tablet**,1,Drugs,"{'id': 1, 'name': 'Drugs', 'created_at': '-000001-11-30T00:00:00.000000Z', 'updated_at': '2022-03-17T16:53:12.000000Z', 'deleted_at': None}",44,Acetylsalicylic Acid,Aspirin; ASA,A4-2187,1,Tablet,1,Oral,75 mg,291,SKG - Pharma Ltd,2021-08-03,2026-08-02,Inactive,Orange colored tablet,10 x 10&#039;s (in Alu-PVC blisters),"Each tablet contains: Acetylsalicylic acid 75 mg

Excipients:
Microcrystalline Cellulose, Pregelatinized Starch, Sodium Lauryl Sulphate, Colloidal Silicon Dioxide, Stearic Acid Powder, FD &amp; C No. 6 (AI Lake)",https://admin.greenbook.nafdac.gov.ng/uploadImage/smpc_files/2025/01/22/202501225f799acc-7c24-5776-93a5-090e3f470337.pdf,B01AC06,https://greenbook.nafdac.gov.ng/products/details/8963,2026-09-27T21:22:20.085187+00:00
Greenbook NAFDAC,647,3974,ASAQ GPSC Tablets##,1,Drugs,"{'id': 1, 'name': 'Drugs', 'created_at': '-000001-11-30T00:00:00.000000Z', 'updated_at': '2022-03-17T16:53:12.000000Z', 'deleted_at': None}",530,Artesunate; Amodiaquine (Amodiaquine Hydrochloride),,A4-6251,1,Tablet,1,Oral,50 mg; 135 mg,191,Guilin Pharmaceuticals Nigeria Limited,2021-09-28,2026-09-27,Active,"Tablets
ASAQ GPSC™ (50mg/135mg) are round bilayered tablets: the Artesunate layer is white and the Amodiaquine Hydrochloride is yellow, and the white side is engraved with “50”.",20 x 1 x 3&#039;s (in PVC-Alu blisters),"Each tablet contains: Artesunate 50 mg, Amodiaquine (as Hydrochloride) 135 mg
Excipients: Calcium Carbonate, Colloidal Silicon Dioxide, Croscarmellose Sodium, Magnesium Stearate, Microcrystalline Cellulose, Povidone and Pregelatinised Starch",https://admin.greenbook.nafdac.gov.ng/uploadImage/smpc_files/2023/05/27/20230527cf48a27e-051e-599d-b7a5-23e53f99084b.pdf,P01BF03,https://greenbook.nafdac.gov.ng/products/details/3974,2026-09-27T21:22:20.085187+00:00
Greenbook NAFDAC,648,3975,ASAQ GPSC Tablets##,1,Drugs,"{'id': 1, 'name': 'Drugs', 'created_at': '-000001-11-30T00:00:00.000000Z', 'updated_at': '2022-03-17T16:53:12.000000Z', 'deleted_at': None}",530,Artesunate; Amodiaquine (Amodiaquine Hydrochloride),,A4-6252,1,Tablet,1,Oral,100 mg; 270 mg,191,Guilin Pharmaceuticals Nigeria Limited,2021-09-28,2026-09-27,Active,"Tablets
ASAQ GPSC™ (100 mg/270 mg) are round bilayered tablets: the Artesunate layer is white and the Amodiaquine Hydrochloride is yellow, and the white side is engraved with &quot;100&quot;","1 x 3&#039;s, 1 x 6&#039;s (in PVC-Alu blisters)","Each tablet contains: Artesunate 100 mg, Amodiaquine (as Hydrochloride) 270 mg
Excipients q.s.",https://admin.greenbook.nafdac.gov.ng/uploadImage/smpc_files/2023/05/27/202305270ca617d3-9fb5-554b-99d8-f8c8066a5f21.pdf,P01BF03,https://greenbook.nafdac.gov.ng/products/details/3975,2026-09-27T21:22:20.085187+00:00
Greenbook NAFDAC,649,3976,ASAQ GPSC Tablets##,1,Drugs,"{'id': 1, 'name': 'Drugs', 'created_at': '-000001-11-30T00:00:00.000000Z', 'updated_at': '2022-03-17T16:53:12.000000Z', 'deleted_at': None}",530,Artesunate; Amodiaquine (Amodiaquine Hydrochloride),,A4-6250,1,Tablet,1,Oral,25 mg; 67.5 mg,191,Guilin Pharmaceuticals Nigeria Limited,2021-09-28,2026-09-27,Active,"Tablets
ASAQ GPSC™ (25 mg/67.5 mg) are round bilayered tablets: the Artesunate layer is white and the Amodiaquine Hydrochloride layer is yellow, and the white side is engraved with &quot;25&quot;",1 x 3&#039;s (in PVC-Alu blister),"Each tablet contains: Artesunate 25 mg, and Amodiaquine (as Hydrochloride) 67.5 mg
Excipients q.s.",https://admin.greenbook.nafdac.gov.ng/uploadImage/smpc_files/2023/05/27/202305279993d725-8f17-50c2-b72c-ef5b7232dcbd.pdf,P01BF03,https://greenbook.nafdac.gov.ng/products/details/3976,2026-09-27T21:22:20.085187+00:00
Greenbook NAFDAC,650,3090,Asartan-H Tablets##,1,Drugs,"{'id': 1, 'name': 'Drugs', 'created_at': '-000001-11-30T00:00:00.000000Z', 'updated_at': '2022-03-17T16:53:12.000000Z', 'deleted_at': None}",264,Losartan Potassium; Hydrochlorothiazide,,B4-1655,1,Tablet,1,Oral,50 mg; 12.5 mg,513,Astranad Pharmaceuticals and Chemical Company Limited,2020-11-10,2025-11-09,Inactive,Tablet,,"Each tablet contains: Losartan Potassium 50 mg, Hydrochlorothiazide 12.5 mg",,C09DA01,https://greenbook.nafdac.gov.ng/products/details/3090,2026-09-27T21:22:20.085187+00:00
Greenbook NAFDAC,651,7831,Ascantel Oral Suspension**,1,Drugs,"{'id': 1, 'name': 'Drugs', 'created_at': '-000001-11-30T00:00:00.000000Z', 'updated_at': '2022-03-17T16:53:12.000000Z', 'deleted_at': None}",570,Albendazole,,B4-3738,102,Suspension,1,Oral,200 mg/5 mL,37,Biomedicine Sckivs Pharmaceutical Nigeria Limited,2021-01-28,2026-01-27,Inactive,"Oral Liquid.
An orange coloured suspension filled in an amber coloured PET bottle",15 mL (in amber coloured PET bottle),"Each 5 mL suspension contains: Albendazole USP 200 mg, Flavoured syrup base q.s.
Colour: Sunset Yellow FCF",https://admin.greenbook.nafdac.gov.ng/uploadImage/smpc_files/2024/09/21/202409211ba2a472-aeda-5faa-ab68-f270c25bdb67.pdf,P02CA03,https://greenbook.nafdac.gov.ng/products/details/7831,2026-09-27T21:22:20.085187+00:00
Greenbook NAFDAC,652,7832,Ascenid-1 Tablets**,1,Drugs,"{'id': 1, 'name': 'Drugs', 'created_at': '-000001-11-30T00:00:00.000000Z', 'updated_at': '2022-03-17T16:53:12.000000Z', 'deleted_at': None}",558,Secnidazole,,A4-6729,1,Tablet,1,Oral,1 g,878,Peak Pharm Nig Ltd,2021-01-28,2026-01-27,Inactive,,1 x 2&#039;s,,,,https://greenbook.nafdac.gov.ng/products/details/7832,2026-09-27T21:22:20.085187+00:00
Greenbook NAFDAC,653,4710,Ascipram 10 Tablet##,1,Drugs,"{'id': 1, 'name': 'Drugs', 'created_at': '-000001-11-30T00:00:00.000000Z', 'updated_at': '2022-03-17T16:53:12.000000Z', 'deleted_at': None}",20,Escitalopram (Escitalopram Oxalate),,B4-7532,1,Tablet,1,Oral,10 mg,230,Micro Nova Pharmaceuticals Ind Ltd,2023-07-06,2028-07-05,Active,"Film Coated Tablet
Light Pink colored, circular, biconvex, film-coated tablets &quot;MICRO&quot; engraved on one surface and break line on other surface

84	RNW-PP-289356	Ascipram 10 Tablets	ESCITALOPRAM OXALATE USP 10MG	ACTIVE INGREDIENT. : Escitalopram10 mg. Excipients : Magnesium Stearate	B4-7532	Drugs	Imported Products	3X10	POM 1	10/25/2022	MICRO NOVA PHARMACEUTICALS IND LTD, Plot 3, Billings Way, Oregun	81299901	solomonsemicrolabs@gmail.com	M/S MICRO LABS LIMITED., 92, SIPCOT IND. COMPLEX HOSUR 635126 INDIA, India
														
														
														
														
														
														
",3 x 10&#039;s (in Alu-Alu pack),"Each film coated tablet contains: Escitalopram Oxalate USP equivalent to Escitalopram 10 mg
Excipients q.s.",https://admin.greenbook.nafdac.gov.ng/uploadImage/smpc_files/2023/08/23/20230823857a99a3-dd6e-560b-8aa9-faa6c5b362ae.pdf,N06AB10,https://greenbook.nafdac.gov.ng/products/details/4710,2026-09-27T21:22:20.085187+00:00
Greenbook NAFDAC,654,4711,Ascipram 20 Tablet##,1,Drugs,"{'id': 1, 'name': 'Drugs', 'created_at': '-000001-11-30T00:00:00.000000Z', 'updated_at': '2022-03-17T16:53:12.000000Z', 'deleted_at': None}",20,Escitalopram (Escitalopram Oxalate),, B4-7531,1,Tablet,1,Oral,20 mg,230,Micro Nova Pharmaceuticals Ind Ltd,2023-07-06,2028-07-05,Active,"Tablet

81	RNW-PP-289343	Ascipram 20 Tablet	ESCITALOPRAM OXALATE USP	1. Escitalopramoxlate (A) 20mg 2. A+ Microcrystalline cellulose BP 3. A+ Maize starch BP 4. A+ Povidone (K30) BP 5. A+ Microcrystalline cellulose BP (Ranq PH 102) 6. A+ Pregelatinated starch USP (Starch 1500) 7. A+ Crospovidone Type (Polyplasdone-XL) 8. A+ Magensium stearate 9. A+ Hypermellose (HPMC 15cps) 10. A+ Opadry 04B530002 Orange 11. A+ Talc 12. A+ Polyethylene glycol 6000	B4-7531	Drugs	Imported Products	3X10	POM 1	10/25/2022	MICRO NOVA PHARMACEUTICALS IND LTD, Plot 3, Billings Way, Oregun	81299901	solomonsemicrolabs@gmail.com	M/S MICRO LABS LIMITED., 92, SIPCOT IND. COMPLEX HOSUR 635126 INDIA, India",3 x 10&#039;s (in Alu-Alu blisters),"Each film coated tablet contains: Escitalopram Oxalate USP equivalent to Escitalopram 10 mg
Excipients q.s.",https://admin.greenbook.nafdac.gov.ng/uploadImage/smpc_files/2023/08/23/20230823e9352644-4ac8-59b5-ae42-32fae8f3358c.pdf,N06AB10,https://greenbook.nafdac.gov.ng/products/details/4711,2026-09-27T21:22:20.085187+00:00
Greenbook NAFDAC,655,8001,Ascochew Plus Syrup**,1,Drugs,"{'id': 1, 'name': 'Drugs', 'created_at': '-000001-11-30T00:00:00.000000Z', 'updated_at': '2022-03-17T16:53:12.000000Z', 'deleted_at': None}",1926,Ascorbic acid; Vitamin A; Vitamin D3; Zinc,,A11-0345,103,Syrup,1,Oral,"100 mg/10 mL; 3,500 IU/10 mL; 400 IU/10 mL; 15 mg/10 mL",600,Diamond Healthcare Limited,2024-08-28,2029-08-27,Active,Oral liquid,100 mL; 200 mL (in amber PET bottles),"Each 10 mL contains: Ascorbic acid B.P. 100 mg, elemental Zinc 15 mg, Vitamin A (Retinol) B.P. 3,500 IU, Vitamin D3 400 IU",https://admin.greenbook.nafdac.gov.ng/uploadImage/smpc_files/2024/09/29/2024092944fdd29d-f9cd-5cb7-bc7b-292a9be4a3bf.pdf,A11GB,https://greenbook.nafdac.gov.ng/products/details/8001,2026-09-27T21:22:20.085187+00:00
Greenbook NAFDAC,656,240,Ascorex 100 mL Syrup_,1,Drugs,"{'id': 1, 'name': 'Drugs', 'created_at': '-000001-11-30T00:00:00.000000Z', 'updated_at': '2022-03-17T16:53:12.000000Z', 'deleted_at': None}",1016,Salbutamol (Salbutamol Sulfate); Bromhexine (Bromhexine Hydrochloride); Guaifenesin; Menthol,,A4-0918,103,Syrup,1,Oral,2 mg/5 mL; 4 mg/5 mL; 100 mg/5 mL; 1 mg/5 mL,1062,Glenmark Pharmaceuticals Nigeria Limited,2021-02-19,2026-02-18,Inactive,Syrup,1 x 10 mL (in PET bottle),"Each 10 mL contains: Salbutamol Sulfate BP equiv. to Salbutamol 2 mg, Bromhexine Hydrochloride BP 4 mg, Guaifenesin USP 100 mg, Menthol BP 1 mg, and Flavored Syrup Base q.s.
Color: Sunset Yellow FCF",https://admin.greenbook.nafdac.gov.ng/uploadImage/smpc_files/2023/05/27/2023052775ac6fec-9204-5e5e-8800-e2863ea4cd37.pdf,R03CK,https://greenbook.nafdac.gov.ng/products/details/240,2026-09-27T21:22:20.085187+00:00
Greenbook NAFDAC,657,8002,Ascorvit Chewable Tablet**,1,Drugs,"{'id': 1, 'name': 'Drugs', 'created_at': '-000001-11-30T00:00:00.000000Z', 'updated_at': '2022-03-17T16:53:12.000000Z', 'deleted_at': None}",346,Ascorbic Acid,Vitamin C,04-0582,6,Chewable tablet,1,Oral,100 mg,729,Sam Pharmaceutical Limited,2024-08-28,2029-08-27,Active,"Chewable tablet.
Orange tablet with “ASCORVIT” marked on one side and “SAM” marked on the other side",1 x 1000&#039;s (in plastic secure-container),Each chewable tablet contains: Ascorbic Acid BP 100 mg,https://admin.greenbook.nafdac.gov.ng/uploadImage/smpc_files/2024/09/29/202409291915ce26-5792-5476-aa02-0538b33fa7e7.pdf,A11GA01,https://greenbook.nafdac.gov.ng/products/details/8002,2026-09-27T21:22:20.085187+00:00
Greenbook NAFDAC,658,4712,Ascorvit Chewable Tablets##,1,Drugs,"{'id': 1, 'name': 'Drugs', 'created_at': '-000001-11-30T00:00:00.000000Z', 'updated_at': '2022-03-17T16:53:12.000000Z', 'deleted_at': None}",346,Ascorbic Acid,Vitamin C,04-5918,1,Tablet,1,Oral,100 mg,729,Sam Pharmaceutical Limited,2022-08-25,2027-08-24,Active,"Tablet
Orange tablet with &quot;ASCORVIT&quot; marked on one side and &quot;SAM&quot; marked on the other side

Ascorvit Chewable Tablets	04-5918	Ascorvit	ASCORBIC ACID 		NUTRITIONAL SUPPLEMENT	ASCORBIC ACID 100MG 	TABLETS	 X 100	OVER THE COUNTER	TREATMENT OF VITAMIN C DEFICIENCY  AND SCURVY	SAM PHARMACEUTICAL LIMITED	NIGERIA	SAM PHARMACEUTICAL LIMITED	NIGERIA	08/25/2022	08/24/2027",1 x 100&#039;s (in plastic container),"Each tablet contains: Ascorbic Acid 100 mg
Excipients q.s.",https://admin.greenbook.nafdac.gov.ng/uploadImage/smpc_files/2023/10/04/20231004d5456ee4-d62e-5566-bbce-c78d67c016ea.pdf,A11GA,https://greenbook.nafdac.gov.ng/products/details/4712,2026-09-27T21:22:20.085187+00:00
Greenbook NAFDAC,659,7130,Asdrex Tablet**,1,Drugs,"{'id': 1, 'name': 'Drugs', 'created_at': '-000001-11-30T00:00:00.000000Z', 'updated_at': '2022-03-17T16:53:12.000000Z', 'deleted_at': None}",388,Salbutamol (Salbutamol Sulfate); Theophylline,,04-7895,1,Tablet,1,Oral,2 mg; 150 mg,489,Nkoyo Chemists Ltd,2024-02-28,2029-02-27,Active,"Uncoated tablet.
Pink colour hexagonal embossed “ASDREX” on one side and break line on other side",10 x 10&#039;s (in Alu-PVC blisters),"Each uncoated tablet contains: Theophylline(anhydrous) BP 150 mg, Salbutamol Sulphate BP equiv. to Salbutamol BP 2 mg",https://admin.greenbook.nafdac.gov.ng/uploadImage/smpc_files/2024/03/26/20240326fa8cb043-57cd-51f5-afa2-1b7d31bbb919.pdf,R03DB04,https://greenbook.nafdac.gov.ng/products/details/7130,2026-09-27T21:22:20.085187+00:00
Greenbook NAFDAC,660,7833,Asgromentin Tablets 1000 mg**,1,Drugs,"{'id': 1, 'name': 'Drugs', 'created_at': '-000001-11-30T00:00:00.000000Z', 'updated_at': '2022-03-17T16:53:12.000000Z', 'deleted_at': None}",423,Amoxicillin (Amoxicillin Trihydrate); Clavulanic Acid (Potassium Clavulanate),,C4-1551,1,Tablet,1,Oral,875 mg; 125 mg,1328,Asgrow Pharmaceuticals Limited,2024-07-31,2029-07-30,Active,"Film coated tablets.
White to off-white, modified capsule shaped, biconvex, scored line on one side embossed “A” &amp; “C” and plain on another side coated tablets.
Note: The score line is not intended for the divisions of the tablet into two equal doses. The Tablets should be swallowed whole",2 x 7&#039;s (in Alu/PVC blisters),"Amoxicillin and Potassium Clavulanate Tablets BP 1000 mg.
Each film coated tablet contains: Amoxicillin Trihydrate BP equivalent to Amoxicillin 875 mg, Diluted Potassium Clavulanate BP equivalent to Clavulanic acid 125 mg
Colour: Titanium Dioxide BP",https://admin.greenbook.nafdac.gov.ng/uploadImage/smpc_files/2024/09/16/202409168dbda631-b788-59cd-b794-17c96b430497.pdf,J01CR02,https://greenbook.nafdac.gov.ng/products/details/7833,2026-09-27T21:22:20.085187+00:00
Greenbook NAFDAC,661,7834,Asgromentin Tablets 625 mg**,1,Drugs,"{'id': 1, 'name': 'Drugs', 'created_at': '-000001-11-30T00:00:00.000000Z', 'updated_at': '2022-03-17T16:53:12.000000Z', 'deleted_at': None}",423,Amoxicillin (Amoxicillin Trihydrate); Clavulanic Acid (Potassium Clavulanate),,C4-0933,1,Tablet,1,Oral,500 mg; 125 mg,1328,Asgrow Pharmaceuticals Limited,2024-07-31,2029-07-30,Active,"Film coated tablets.
White to off-white, oval shaped, biconvex, scored line on one side embossed “A” &amp; “C” and plain on another side coated tablets.
Note: The score line is not intended for the divisions of the tablet into two equal doses. The Tablets should be swallowed whole",2 x 7&#039;s (in Alu/PVC blisters),"Amoxicillin and Potassium Clavulanate Tablets BP 625 mg.
Each film coated tablet contains: Amoxicillin Trihydrate BP equivalent to Amoxicillin 500 mg, Diluted Potassium Clavulanate BP Equivalent to Clavulanic acid 125 mg
Colour: Titanium Dioxide BP",https://admin.greenbook.nafdac.gov.ng/uploadImage/smpc_files/2024/09/16/20240916b03a870b-0ccb-5873-94f9-f100a7d38fd5.pdf, J01CR0,https://greenbook.nafdac.gov.ng/products/details/7834,2026-09-27T21:22:20.085187+00:00
Greenbook NAFDAC,662,6823,Asmanol Tablet_,1,Drugs,"{'id': 1, 'name': 'Drugs', 'created_at': '-000001-11-30T00:00:00.000000Z', 'updated_at': '2022-03-17T16:53:12.000000Z', 'deleted_at': None}",389,Salbutamol (Salbutamol Sulfate); Theophylline; Chlorphenamine,,A4-5674,1,Tablet,1,Oral,2 mg; 60 mg; 2 mg ,326,Vitabiotics Nigeria Limited,2023-12-21,2028-12-20,Active,"Tablet.
White, circular-shaped tablet with ‘ASMANOL’ inscribed on one side, and a break-line on the other side, presented in a white HDPE plastic secured container with red press-on cap containing 50 tablets with an insert.",1 x 50&#039;s (in HDPE containers),"Each tablet contains: Salbutamol Base BP 2 mg, Theophylline BP 60 mg, and Chlorpheniramine Maleate BP 2 mg",https://admin.greenbook.nafdac.gov.ng/uploadImage/smpc_files/2024/01/02/20240102929fe964-c758-5fb5-a921-3aba5fa1c367.pdf,R03DA54,https://greenbook.nafdac.gov.ng/products/details/6823,2026-09-27T21:22:20.085187+00:00
Greenbook NAFDAC,663,4694,Asmavard-F Tablet##,1,Drugs,"{'id': 1, 'name': 'Drugs', 'created_at': '-000001-11-30T00:00:00.000000Z', 'updated_at': '2022-03-17T16:53:12.000000Z', 'deleted_at': None}",388,Salbutamol (Salbutamol Sulfate); Theophylline,,04-6246,1,Tablet,1,Oral,2 mg; 100 mg,1177,De - Godstime Industry Nig Ltd,2023-02-23,2028-02-22,Active,"Tablet
White, circular, flat, uncoated tablet embossed &quot;Asmavard-F&quot; on one side and &quot;Vardhman&quot;  with central break line on other side of each tablet. The score line is only to facilitate breaking for ease of swallowing and not to divide into equal doses


ASMAVARD-F TABLET	04-6246	ASMAVARD-F TABLET	Each uncoated tablet contains: Theophylline (Anhydrous) BP 100mg Salbutamol Sulphate BP eq. to Salbutamol 2mg. Lactose, Maize Starch, Di-basic Calcium Phosphate, Microcrystalline Cellulose, Methyl Paraben, Propyl Paraben, PEG-6000, Colloidal Silicon Dioxide, Purified Talc, Sodium Starch Glycollate, Magnesium Stearate.					Prescription Only Medicine (POM)		DE - GODSTIME INDUSTRY NIG LTD, 9 Belonwu Street, fegge onitsha.		VARDHMAN EXPORTS, A-188, T.T.C. M.I.D.C INDL. AREA, KHAIRNE, NAVI MUMBAI-400710. MAHARASHTRA STATE, INDIA, India		23/02/2023	22/02/2028","1 x 50&#039;s, 1 x 500&#039;s (in plastic containers)","Each uncoated tablet contains:  Theophylline (Anhydrous) BP 100 mg, Salbutamol Sulfate BP equivalent to Salbutamol 2 mg",https://admin.greenbook.nafdac.gov.ng/uploadImage/smpc_files/2023/10/02/202310025c514044-cb76-5bbb-b58c-ecf606c0eba8.pdf,R03DB04,https://greenbook.nafdac.gov.ng/products/details/4694,2026-09-27T21:22:20.085187+00:00
Greenbook NAFDAC,664,8882,Asomex-LT Tablet**,1,Drugs,"{'id': 1, 'name': 'Drugs', 'created_at': '-000001-11-30T00:00:00.000000Z', 'updated_at': '2022-03-17T16:53:12.000000Z', 'deleted_at': None}",277,Amlodipine (Amlodipine Besilate); Losartan Potassium,,C4-1900,1,Tablet,1,Oral,2.5 mg; 50 mg,27,Fidson Healthcare PLC,2021-10-28,2026-10-27,Active,Tablet,3 x 10&#039;s,"Each tablet contains: Amlodipine Besilate 2.5 mg, Losartan 50 mg",,C08CA01,https://greenbook.nafdac.gov.ng/products/details/8882,2026-09-27T21:22:20.085187+00:00
Greenbook NAFDAC,665,3166,Asphage-G Tablets##,1,Drugs,"{'id': 1, 'name': 'Drugs', 'created_at': '-000001-11-30T00:00:00.000000Z', 'updated_at': '2022-03-17T16:53:12.000000Z', 'deleted_at': None}",627,Metformin Hydrochloride; Gliclazide,,A4-9928,1,Tablet,1,Oral,500 mg; 80 mg,513,Astranad Pharmaceuticals and Chemical Company Limited,2020-11-10,2025-11-09,Inactive,Tablet,,"Metformin Hydrochloride 500 mg, Gliclazide 80 mg
Excipients q.s.",,A10BD02,https://greenbook.nafdac.gov.ng/products/details/3166,2026-09-27T21:22:20.085187+00:00
Greenbook NAFDAC,666,7131,Aspirin Cardio 100 mg Tablet**,1,Drugs,"{'id': 1, 'name': 'Drugs', 'created_at': '-000001-11-30T00:00:00.000000Z', 'updated_at': '2022-03-17T16:53:12.000000Z', 'deleted_at': None}",44,Acetylsalicylic Acid,Aspirin; ASA,A4-4447,1,Tablet,1,Oral,100 mg,133,Bayer Nigeria Limited,2024-01-31,2029-01-30,Active,Gastro-resistant tablet,3 x 10&#039;s (in Alu/Alu blisters),Acetylsalicyclic Acid 100 mg,https://admin.greenbook.nafdac.gov.ng/uploadImage/smpc_files/2024/02/17/2024021747c0dd2a-687f-5a82-ae12-5455b73fbfb8.pdf,B01AC06,https://greenbook.nafdac.gov.ng/products/details/7131,2026-09-27T21:22:20.085187+00:00
Greenbook NAFDAC,667,5521,Astepro Tablets_,1,Drugs,"{'id': 1, 'name': 'Drugs', 'created_at': '-000001-11-30T00:00:00.000000Z', 'updated_at': '2022-03-17T16:53:12.000000Z', 'deleted_at': None}",1673,Theophylline; Salbutamol,,A11-100500,1,Tablet,1,Oral,200 mg; 4 mg,1035,Evergreen Morning Star Pharmaceutical Ind. Ltd,2023-05-25,2028-05-24,Active,Tablet,1 x 50&#039;s ,"Each tablet contains Theophylline 200 mg, and Salbutamol 4 mg",,R03DB04,https://greenbook.nafdac.gov.ng/products/details/5521,2026-09-27T21:22:20.085187+00:00
Greenbook NAFDAC,668,29,Asthanax-F Tablets##,1,Drugs,"{'id': 1, 'name': 'Drugs', 'created_at': '-000001-11-30T00:00:00.000000Z', 'updated_at': '2022-03-17T16:53:12.000000Z', 'deleted_at': None}",998,Ephedrine Hydrochloride; Theophylline Hydrochloride; Chlorphenamine Maleate,,A11-0029,1,Tablet,1,Oral,16 mg; 60 mg; 2 mg,562,Zunamediks Pharm Limited,2021-12-02,2026-12-01,Active,Tablet,,"Each tablet contains: Ephedrine Hydrochloride 16 mg, Theophylline Hydrochloride 60 mg, Chlorphenamine Maleate 2 mg",,R03DA54,https://greenbook.nafdac.gov.ng/products/details/29,2026-09-27T21:22:20.085187+00:00
Greenbook NAFDAC,669,4202,Asthator 10##,1,Drugs,"{'id': 1, 'name': 'Drugs', 'created_at': '-000001-11-30T00:00:00.000000Z', 'updated_at': '2022-03-17T16:53:12.000000Z', 'deleted_at': None}",396,Montelukast (Montelukast Sodium),,B4-1308,1,Tablet,1,Oral,10 mg,143,Chanrai HealthCare Limited,2021-08-26,2026-08-25,Inactive,Tablet,3 x 10&#039;s (in blisters),"Each tablet contains: Montelukast Sodium Ph. EUR equivalent to Montelukast 10 mg
Excipients q.s.",https://admin.greenbook.nafdac.gov.ng/uploadImage/smpc_files/2023/05/27/20230527bf082398-c72e-5c50-a8cb-70dd90029839.pdf,R03DC03,https://greenbook.nafdac.gov.ng/products/details/4202,2026-09-27T21:22:20.085187+00:00
Greenbook NAFDAC,670,4203,Asthator 5##,1,Drugs,"{'id': 1, 'name': 'Drugs', 'created_at': '-000001-11-30T00:00:00.000000Z', 'updated_at': '2022-03-17T16:53:12.000000Z', 'deleted_at': None}",396,Montelukast (Montelukast Sodium),,B4-1262,1,Tablet,1,Oral,5 mg,143,Chanrai HealthCare Limited,2021-08-26,2026-08-25,Inactive,Tablet,3 x 10&#039;s (in blisters),"Each tablet contains: Montelukast Sodium Ph. EUR equivalent to Montelukast 5 mg
Excipients q.s.",https://admin.greenbook.nafdac.gov.ng/uploadImage/smpc_files/2023/05/27/20230527c2520271-3436-5996-8921-b1ef41571c71.pdf,R03DC03,https://greenbook.nafdac.gov.ng/products/details/4203,2026-09-27T21:22:20.085187+00:00
Greenbook NAFDAC,671,7132,Asthavent Syrup##,1,Drugs,"{'id': 1, 'name': 'Drugs', 'created_at': '-000001-11-30T00:00:00.000000Z', 'updated_at': '2022-03-17T16:53:12.000000Z', 'deleted_at': None}",385,Salbutamol (Salbutamol Sulfate),,A11-100642,103,Syrup,1,Oral,2 mg/5 mL,320,Unique AgroChem Ltd,2024-01-31,2029-01-30,Active,"Syrup

36	NF-PP-239645	ASTHAVENT SYRUP	SALBUTAMOL SYRUP (2mg/5ml )	Each 5ml contains: Salbutamol Sulphate 2.41mg, Sodium Citrate 7.50mg, Citric Acid Monohydrate 15mg, Sodium Benzoate 5mg, Sodium Saccharin 2.5mg, Glycerin 1400mg, Banana Flavour 2.5mg, Purified Water …qs… 5ml.	A11-100642	Drugs	Nigerian Products	100ML	POM 1	11/20/2021	UNIQUE PHARMACEUTICALS LIMITED, KM 38, ABEOKUTA ROAD, VEEPEE INDUSTRIAL AVENUE, SANGO-OTA,OGUN STATE.	8097421000	mail@uniquepharm.com	UNIQUE PHARMACEUTICALS LIMITED, 11, FATAI ATERE WAY, MATORI, MUSHIN, LAGOS., Nigeria",1 x 100 mL (in PET bottle),"Each 5 mL contains; Salbutamol (as Salbutamol Sulfate BP) 2 mg
Excipients: Sodium Citrate BP, Citric Acid Monohydrate BP, Sodium Benzoate BP, Sodium Saccharin BP, Banana Flavor BP",https://admin.greenbook.nafdac.gov.ng/uploadImage/smpc_files/2024/02/18/2024021858af05d8-edf2-5d95-b38e-727168e2c38e.pdf,R03CC02,https://greenbook.nafdac.gov.ng/products/details/7132,2026-09-27T21:22:20.085187+00:00
Greenbook NAFDAC,672,8567,Astin 10 Tablet**,1,Drugs,"{'id': 1, 'name': 'Drugs', 'created_at': '-000001-11-30T00:00:00.000000Z', 'updated_at': '2022-03-17T16:53:12.000000Z', 'deleted_at': None}",300,Atorvastatin (Atorvastatin Calcium),,B4-7898,1,Tablet,1,Oral,10 mg,230,Micro Nova Pharmaceuticals Ind Ltd,2021-08-26,2026-08-25,Inactive,"Film coated tablets.
Brownish orange colored, circular, biconvex, film coated tablets with MICRO engraved on one surface and plain on other surface",3 x 10&#039;s (in Alu-Alu blisters),"Each film-coated tablet contains: Atorvastatin Calcium equivalent to Atorvastatin 10 mg.

Excipient(s) with known effect:
Each 10 mg film-coated tablet contains 42.00 mg Lactose monohydrate",https://admin.greenbook.nafdac.gov.ng/uploadImage/smpc_files/2024/11/20/20241120cadd3fe1-ea0d-5ec6-955d-231f6404c7c1.pdf,,https://greenbook.nafdac.gov.ng/products/details/8567,2026-09-27T21:22:20.085187+00:00
Greenbook NAFDAC,673,6833,Asylin Drops**,1,Drugs,"{'id': 1, 'name': 'Drugs', 'created_at': '-000001-11-30T00:00:00.000000Z', 'updated_at': '2022-03-17T16:53:12.000000Z', 'deleted_at': None}",1035,Pseudoephedrine Hydrochloride; Chlorphenamine Maleate; Dextromethorphan,,A11-0483,104,Solution/Drops,1,Oral,9.38 mg/mL; 1 mg/mL; 3.12 mg/mL,355,A.C. Drugs Ltd,2023-12-21,2028-12-20,Active,Oral Drops,15 mL,"Each mL contains: Pseudoephedrine 9.38, Dextromethorphan Hydrobromide 3.12 mg, Chlorpheniramine maleate 1.00 mg",https://admin.greenbook.nafdac.gov.ng/uploadImage/smpc_files/2024/12/18/2024121851186270-489f-5ed7-8562-c6207e97cb0a.pdf,R01BA52,https://greenbook.nafdac.gov.ng/products/details/6833,2026-09-27T21:22:20.085187+00:00
Greenbook NAFDAC,674,10116,Atacand Plus 16/12.5 Tablets**,1,Drugs,"{'id': 1, 'name': 'Drugs', 'created_at': '-000001-11-30T00:00:00.000000Z', 'updated_at': '2022-03-17T16:53:12.000000Z', 'deleted_at': None}",259,Candesartan Cilexetil; Hydrochlorothiazide,,A4-1470,1,Tablet,1,Oral,16 mg; 12.5 mg,347,AstraZeneca Nigeria Limited,2021-10-28,2026-10-27,Active,Tablet,1 x 28&#039;s,"Each tablet contains: Candesartan Cilexetil 16 mg, Hydrochlorothiazide 12.5 mg",,,https://greenbook.nafdac.gov.ng/products/details/10116,2026-09-27T21:22:20.085187+00:00
Greenbook NAFDAC,675,3340,Atadyn Syrup##,1,Drugs,"{'id': 1, 'name': 'Drugs', 'created_at': '-000001-11-30T00:00:00.000000Z', 'updated_at': '2022-03-17T16:53:12.000000Z', 'deleted_at': None}",419,Loratadine,,A4-1607,103,Syrup,1,Oral,5 mg/5 mL,878,Peak Pharm Nig Ltd,2021-05-28,2026-05-27,Inactive,Tablet,1 x 100 mL (in amber PET bottle),"Each 5 mL contains: Loratadine 5 mg, Flavored Base q.s.
Color: Tartrazine",https://admin.greenbook.nafdac.gov.ng/uploadImage/smpc_files/2023/05/27/202305272b831404-f668-5a63-b1f1-0514cbe1f873.PDF,R06AX13,https://greenbook.nafdac.gov.ng/products/details/3340,2026-09-27T21:22:20.085187+00:00
Greenbook NAFDAC,676,3341,Atadyn Tablet##,1,Drugs,"{'id': 1, 'name': 'Drugs', 'created_at': '-000001-11-30T00:00:00.000000Z', 'updated_at': '2022-03-17T16:53:12.000000Z', 'deleted_at': None}",419,Loratadine,,A4-1640,1,Tablet,1,Oral,10 mg,878,Peak Pharm Nig Ltd,2021-05-28,2026-05-27,Inactive,Uncoated Tablet,10 x 10&#039;s (in PVC-Alu blisters),"Each tablet contains: Loratadine 10 mg
Excipients q.s.
",https://admin.greenbook.nafdac.gov.ng/uploadImage/smpc_files/2023/05/27/2023052789f610a3-0460-51a7-b23b-69111c4483af.PDF,R06AX13,https://greenbook.nafdac.gov.ng/products/details/3341,2026-09-27T21:22:20.085187+00:00
Greenbook NAFDAC,677,4713,Ataka 50 Tablets##,1,Drugs,"{'id': 1, 'name': 'Drugs', 'created_at': '-000001-11-30T00:00:00.000000Z', 'updated_at': '2022-03-17T16:53:12.000000Z', 'deleted_at': None}",1125,Diclofenac Potassium,,B4-2680,1,Tablet,1,Oral,50 mg,1193,Yellow Pharmaceutical Company Limited,2023-07-06,2028-07-05,Active,"Film coated tablet
Brick red colored round shape biconvex, film coated tablet plain on both sides

86	RNW-PP-160455	ATAKA 50 TABLETS	DICLOFENAC POTASSIUM 50MG	Each film coated tablet contains: Diclofena Potassium BP 50mg Excipients q.s	B4-2680	Drugs	Imported Products	10X10	Prescription Only Medicine (POM)	1/21/2021	YELLOW PHARMACEUTICAL COMPANY LIMITED., , EKWULOBIA STREET WOLIWO LAYOUT, ONITSHA ANAMBRA	8090970669	yellowpharmaltd@gmail.com	EUROLIFE HEALTHCARE PVT. LTD.,, Unit-II, Khasra No. 242, Village Bhagwanpur, Roorkee, Dist-Haridwar, (Uttarakhand), India. , India",160 x 10 x 10&#039;s (in PVC-Alu blisters),"Each film coated tablet contains: Diclofenac Potassium BP 50 mg
Excipients q.s.",https://admin.greenbook.nafdac.gov.ng/uploadImage/smpc_files/2023/08/23/20230823595d7f3d-33a6-54fe-b00f-f001a357d129.pdf,M01AB05,https://greenbook.nafdac.gov.ng/products/details/4713,2026-09-27T21:22:20.085187+00:00
Greenbook NAFDAC,678,258,Atazanavir & Ritonavir Tablets 300 mg/100 mg##,1,Drugs,"{'id': 1, 'name': 'Drugs', 'created_at': '-000001-11-30T00:00:00.000000Z', 'updated_at': '2022-03-17T16:53:12.000000Z', 'deleted_at': None}",595,Atazanavir; Ritonavir,ATV + RTV,B4-4610,1,Tablet,1,Oral,300 mg; 100 mg,1063,Hetero Labs Nigeria Limited,2021-10-28,2026-10-27,Active,,,"Each tablet contains: Atazanavir Sulfate equivalent to Atazanavir 300 mg, and Ritonavir 100 mg",https://admin.greenbook.nafdac.gov.ng/uploadImage/smpc_files/2025/03/24/2025032446f6e929-2986-5c79-8c5c-b6eef87b9c03.pdf,J05AR23,https://greenbook.nafdac.gov.ng/products/details/258,2026-09-27T21:22:20.085187+00:00
Greenbook NAFDAC,679,4432,Atazanavir (As Sulfate) And Ritonavir Tablets##,1,Drugs,"{'id': 1, 'name': 'Drugs', 'created_at': '-000001-11-30T00:00:00.000000Z', 'updated_at': '2022-03-17T16:53:12.000000Z', 'deleted_at': None}",595,Atazanavir; Ritonavir,ATV + RTV,B4-0196,1,Tablet,1,Oral,300 mg; 100 mg,193,Healthline Limited,2020-11-10,2025-11-09,Inactive,"Tablet

Atazanavir (As Sulfate) And Ritonavir Tablets	B4-0196	Atazanavir; Ritonavir	Antiretroviral	Oral	300 mg, 100 mg	Tablet	Prescription Only Medicine (Pom)	Healthline Nig. Ltd	Mylan Laboratories Limited	India	2020-11-10	2025-11-09",,Each tablet contains: Atazanavir 300 mg; Ritonavir 100 mg,,J05AR23,https://greenbook.nafdac.gov.ng/products/details/4432,2026-09-27T21:22:20.085187+00:00
Greenbook NAFDAC,680,7343,Atazanavir and Ritonavir Tablets 300 mg/100 mg##,1,Drugs,"{'id': 1, 'name': 'Drugs', 'created_at': '-000001-11-30T00:00:00.000000Z', 'updated_at': '2022-03-17T16:53:12.000000Z', 'deleted_at': None}",595,Atazanavir; Ritonavir,ATV + RTV,A4-100815,1,Tablet,1,Oral,300 mg; 100 mg,1152,Jyna Pharma Ltd,2024-04-30,2029-05-01,Active,"Film Coated Tablet
Yellow colored, oval shaped. film coated tablet debossed with &quot;L61&quot; on one side and plain on other side

NF-PP-334070	Atazanavir and Ritonavir Tablets 300 mg/100 mg	Atazanavir sulfate and Ritonavir	Active Ingredients: Atazanavir Sulfate IH and Ritonavir USP. EXCIPIENTS: Lactose monohydrate USP- NF (Granulac 200), Crospovidone USP-NF (Kollidone CL), Purified water USP, Lactose Monohydrate USP- NF (Flowlac 100), Magnesium stearate USP-NF (Ligamed MF-2-V), Co-povidone USP-NF (Plasdone S-630), Sorbitan monolaurate USP- NF (Span 20), Colloidal silicon dioxide (Aerosil 200 pharma), Dicalcium phosphate anhydrous/Calcium hydrogen phosphate (A Tab), Ferric oxide (Iron Oxide Sicovit yellow 10	A4-100815	Drugs	Imported Products	1*30,1*90	Prescription Only Medicine (POM)	JYNA PHARMA LTD, OLU AWOTESU STREET ABUJA FCT	92909236	info@hscgroup.org	Laurus Lab Limited, Serene Chambers, Road No 7, Banjara hills, Hyderabad – 500 034, Telangana, India., India
												
												
												
												
												
												
","1 x 30&#039;s, 1 x 90&#039;s (in HDPE bottles)","Each film coated tablet contains: Atazanavir Sulfate equivalent to Atazanavir 300 mg, Ritonavir USP 100 mg
Formulation contains Lactose and Sodium
Excipients q.s.",https://admin.greenbook.nafdac.gov.ng/uploadImage/smpc_files/2024/05/17/20240517ead87023-338d-5f87-b166-481a9cf08c99.pdf,J05AR23,https://greenbook.nafdac.gov.ng/products/details/7343,2026-09-27T21:22:20.085187+00:00
Greenbook NAFDAC,681,11690,Atazor-R Tablets_,1,Drugs,"{'id': 1, 'name': 'Drugs', 'created_at': '-000001-11-30T00:00:00.000000Z', 'updated_at': '2022-03-17T16:53:12.000000Z', 'deleted_at': None}",595,Atazanavir; Ritonavir,ATV + RTV,A4-9623,1,Tablet,1,Oral,300 mg,615,Emcure Nigeria Limited,2025-08-27,2030-08-26,Active,"Tablet.
A creamish, yellow-coloured, modified capsule shaped film-coated tablet debossee with &quot;EM&quot; on one side and &quot;149&quot; on other side.",1 x 30&#039;s (in HDPE bottle),"Each film coated tablet contains: Atazanavir Sulphate USP equiv. to Atazanavir base 300 mg, and Ritonavir 100 mg
Excipients q.s.",https://admin.greenbook.nafdac.gov.ng/uploadImage/smpc_files/2025/10/09/202510093b126d9d-c975-5093-8a34-bf0df3c8ad66.pdf,J05AR23,https://greenbook.nafdac.gov.ng/products/details/11690,2026-09-27T21:22:20.085187+00:00
Greenbook NAFDAC,682,3189,Atenolol Tablet 100 mg##,1,Drugs,"{'id': 1, 'name': 'Drugs', 'created_at': '-000001-11-30T00:00:00.000000Z', 'updated_at': '2022-03-17T16:53:12.000000Z', 'deleted_at': None}",237,Atenolol,,B4-3367,1,Tablet,1,Oral,100 mg,451,Dony-Triumph and Company Nigeria Limited,2020-12-21,2025-12-20,Inactive,Tablet,,Each tablet contains: Atenolol 100 mg,,C07AB03,https://greenbook.nafdac.gov.ng/products/details/3189,2026-09-27T21:22:20.085187+00:00
Greenbook NAFDAC,683,3190,Atenolol Tablet 50 mg##,1,Drugs,"{'id': 1, 'name': 'Drugs', 'created_at': '-000001-11-30T00:00:00.000000Z', 'updated_at': '2022-03-17T16:53:12.000000Z', 'deleted_at': None}",237,Atenolol,,B4-3739,1,Tablet,1,Oral,50 mg,451,Dony-Triumph and Company Nigeria Limited,2020-12-21,2025-12-20,Inactive,Tablet,,Each tablet contains: Atenolol 50 mg,,C07AB03,https://greenbook.nafdac.gov.ng/products/details/3190,2026-09-27T21:22:20.085187+00:00
Greenbook NAFDAC,684,4714,Atenolol-100 Tablet##,1,Drugs,"{'id': 1, 'name': 'Drugs', 'created_at': '-000001-11-30T00:00:00.000000Z', 'updated_at': '2022-03-17T16:53:12.000000Z', 'deleted_at': None}",237,Atenolol,,B4-8161,1,Tablet,1,Oral,100 mg,145,Chez Resources Pharmaceutical Limited,2023-05-25,2028-05-24,Active,"Tablets

31	RNW-PP-310316	31	RNW-PP-310316	ATENOLOL-100 TABLET	ATENOLOL BP 100MG	Atenolol BP 100mg and q.s.	B4-8161	Drugs	Imported Products	2*14	POM 1	1/28/2023	CHEZ RESOURCES PHARMACEUTICAL LIMITED, 7 CALABAR STREET FEGGE ONITSHA ANAMBRA	46485780	chezrespharm@gmail.com	ALPA LABORATORIES LTD, 33/2, PIGDAMBER A.B. ROAD-453 446 DISTT. INDORE-(M.P.) INDIA, India
	ATENOLOL BP 100MG	Atenolol BP 100mg and q.s.	B4-8161	Drugs	Imported Products	2*14	POM 1	1/28/2023	CHEZ RESOURCES PHARMACEUTICAL LIMITED, 7 CALABAR STREET FEGGE ONITSHA ANAMBRA	46485780	chezrespharm@gmail.com	ALPA LABORATORIES LTD, 33/2, PIGDAMBER A.B. ROAD-453 446 DISTT. INDORE-(M.P.) INDIA, India",2 x 14&#039;s (in PVC-Alu blisters),"Each uncoated tablet contains: Atenolol BP 100 mg
Excipients: Maize Starch, Microcrystalline Cellulose, Dicalcium Phosphate, Magnesium Stearate, Purified Talc, Sodium Lauryl Sulphate, Crospovidone, Colloidal Silicon Dioxide Anhydrous",https://admin.greenbook.nafdac.gov.ng/uploadImage/smpc_files/2023/08/22/20230822087293b3-112f-5071-8a33-a4e4baeeb686.pdf,C07AB03,https://greenbook.nafdac.gov.ng/products/details/4714,2026-09-27T21:22:20.085187+00:00
Greenbook NAFDAC,685,4715,Atenolol-50 mg Tablet##,1,Drugs,"{'id': 1, 'name': 'Drugs', 'created_at': '-000001-11-30T00:00:00.000000Z', 'updated_at': '2022-03-17T16:53:12.000000Z', 'deleted_at': None}",237,Atenolol,,B4-8238,1,Tablet,1,Oral,50 mg,145,Chez Resources Pharmaceutical Limited,2023-05-25,2028-05-24,Active,"Tablet

32	RNW-PP-310298	ATENOLOL-50MG TABLET	ATENOLOL BP 50MG	Atenolol BP 50mg and q.s.	B4-8238	Drugs	Imported Products	2*14tablets	Prescription Only Medicine (POM)	1/28/2023	CHEZ RESOURCES PHARMACEUTICAL LIMITED, 7 CALABAR STREET FEGGE ONITSHA ANAMBRA	46485780	chezrespharm@gmail.com	ALPA LABORATORIES LTD, 33/2, PIGDAMBER A.B. ROAD-453 446 DISTT. INDORE-(M.P.) INDIA, India
",2 x 14&#039;s (in PVC-Alu blisters),"Each tablet contains: Atenolol BP 50 mg
Excipients: Maize Starch, Microcrystalline Cellulose, Dicalcium Phosphate, Magnesium Stearate, Purified Talc, Sodium Lauryl Sulphate, Crospovidone, Colloidal Silicon Dioxide Anhydrous",https://admin.greenbook.nafdac.gov.ng/uploadImage/smpc_files/2023/08/22/20230822a9ec1b5a-a5de-594b-8ca5-e05b06116fd8.pdf,C07AB03,https://greenbook.nafdac.gov.ng/products/details/4715,2026-09-27T21:22:20.085187+00:00
Greenbook NAFDAC,686,12395,Atenomel-100 Tablets_,1,Drugs,"{'id': 1, 'name': 'Drugs', 'created_at': '-000001-11-30T00:00:00.000000Z', 'updated_at': '2022-03-17T16:53:12.000000Z', 'deleted_at': None}",237,Atenolol,,B4-6202,1,Tablet,1,Oral,100 mg,424,Mankind Life-Sciences Limited,2025-11-26,2030-11-25,Active,"Tablet.
Off-white, circular, biconvex film-coated tablets with a break line on one side and engraved with &quot;Atenolol 100&quot; on the other side",2 x 14&#039;s (in PVC-Alu blisters),"Each tablet contains: Atenolol BP 100 mg
Excipients q.s.",https://admin.greenbook.nafdac.gov.ng/uploadImage/smpc_files/2025/12/29/20251229b056155c-4ecc-5410-9f84-9365ec8ca52d.pdf,C07AB03,https://greenbook.nafdac.gov.ng/products/details/12395,2026-09-27T21:22:20.085187+00:00
Greenbook NAFDAC,687,290,Atmal Plus Capsule##,1,Drugs,"{'id': 1, 'name': 'Drugs', 'created_at': '-000001-11-30T00:00:00.000000Z', 'updated_at': '2022-03-17T16:53:12.000000Z', 'deleted_at': None}",528,Artemether; Lumefantrine,,B4-3788,2,Capsule,1,Oral,80 mg; 480 mg,206,Justeen Pharmaceuticals Ltd,2021-08-03,2026-08-02,Inactive,"Soft Gelatin Capsule
",1 x 6&#039;s (in blister),"Each soft gelatin capsule contains: Artemether Ph. IINT 80 mg, Lumefantrine Ph. INT 480 mg
Excipients q.s.",https://admin.greenbook.nafdac.gov.ng/uploadImage/smpc_files/2023/05/27/20230527787d3f6e-fe5d-5aca-b49f-0f9a657ce31e.pdf,P01BF01,https://greenbook.nafdac.gov.ng/products/details/290,2026-09-27T21:22:20.085187+00:00
Greenbook NAFDAC,688,11691,Atocard 20 Tablet_,1,Drugs,"{'id': 1, 'name': 'Drugs', 'created_at': '-000001-11-30T00:00:00.000000Z', 'updated_at': '2022-03-17T16:53:12.000000Z', 'deleted_at': None}",300,Atorvastatin (Atorvastatin Calcium),,B4-4780,1,Tablet,1,Oral,20 mg,143,Chanrai HealthCare Limited,2025-08-27,2030-08-26,Active,Film-Coated Tablet,3 x 10&#039;s (in Alu-Alu blisters),"Each film coated tablet contains: Atorvastatin Calcium BP equiv. to Atorvastatin base 20 mg
Excipients q.s.",https://admin.greenbook.nafdac.gov.ng/uploadImage/smpc_files/2025/10/07/2025100735c84c5a-ea65-5283-b375-9d7e5685088e.pdf,C10AA05,https://greenbook.nafdac.gov.ng/products/details/11691,2026-09-27T21:22:20.085187+00:00
Greenbook NAFDAC,689,6717,Atorkem-20 Tablet##,1,Drugs,"{'id': 1, 'name': 'Drugs', 'created_at': '-000001-11-30T00:00:00.000000Z', 'updated_at': '2022-03-17T16:53:12.000000Z', 'deleted_at': None}",300,Atorvastatin (Atorvastatin Calcium),,B4-9299,1,Tablet,1,Oral,20 mg,374,Aquatix Pharmaceuticals Limited,2023-12-21,2028-12-20,Active,"Tablet
White colored, round, biconvex, scored on one side, film coated tablets

170	RNW-PP-331702	Atorkem-20 Tablet	ATORVASTATIN 20MG	Atorvastatin 20mg	B4-9299	Drugs	Imported Products	3*10	Prescription Only Medicine (POM)	5/26/2023	AQUATIX PHARMACEUTICALS LIMITED, 7, Sapara Williams Street, Industrial Estate, Ikeja. Lagos. Nigeria.	7064946450	aquatixnigeria@gmail.com	Synokem Pharmaceuticals Ltd, Plot No. 35-36, Sector 6-A Integrated Industrial Estate (Sidcul) Ranipur (BHEL) Haridwar-249 403 UUTT Arkhand India, India",3 x 10&#039;s (in Alu-Alu blisters),"Each tablet contains: Atorvastatin Calcium equivalent to Atorvastatin 20 mg
Excipients q.s.
Color: Titanium Dioxide",https://admin.greenbook.nafdac.gov.ng/uploadImage/smpc_files/2024/12/25/2024122503072d03-0d55-55f1-b6b2-67d85ac9f24b.pdf,C10AA05,https://greenbook.nafdac.gov.ng/products/details/6717,2026-09-27T21:22:20.085187+00:00
Greenbook NAFDAC,690,12083,Atorstat-10 Tablets_,1,Drugs,"{'id': 1, 'name': 'Drugs', 'created_at': '-000001-11-30T00:00:00.000000Z', 'updated_at': '2022-03-17T16:53:12.000000Z', 'deleted_at': None}",2195,Atorvastatin,,A4-7864,1,Tablet,1,Oral,10 mg,242,New Heights Pharmaceuticals Ltd,2025-10-29,2030-10-28,Active,"Oral tablet.
A white, circular, biconvex, film-coated tablet having embossed &quot;AT 10&quot; on one side of tablet and plain on other side of tablet.",2 x 14&#039;s (in blisters),"Each film-coated tablet contains: Atorvastatin calcium USP equiv. to Atorvastatin 10 mg
Excipients Q.S",https://admin.greenbook.nafdac.gov.ng/uploadImage/smpc_files/2025/12/05/202512050d2f4b13-8d81-51b5-bdd3-0bb3047a6b52.pdf,C10AA05,https://greenbook.nafdac.gov.ng/products/details/12083,2026-09-27T21:22:20.085187+00:00
Greenbook NAFDAC,691,12084,Atorstat-20 Tablets_,1,Drugs,"{'id': 1, 'name': 'Drugs', 'created_at': '-000001-11-30T00:00:00.000000Z', 'updated_at': '2022-03-17T16:53:12.000000Z', 'deleted_at': None}",2195,Atorvastatin,,A4-7865,1,Tablet,1,Oral,20 mg,242,New Heights Pharmaceuticals Ltd,2025-10-29,2030-10-28,Active,"Tablet.
An orange-colored, circular, biconvex, film-coated tablet having embossed &quot;AT 20&quot; on one side of the tablet and plain on the other side of the tablet.",2 x 14&#039;s (in Alu-Alu blisters),"Each film-coated tablet contains: Atorvastatin Calcium USP equiv. to Atorvastatin 20 mg 
Excipients: q.s.",https://admin.greenbook.nafdac.gov.ng/uploadImage/smpc_files/2025/12/05/20251205e0bc9f3b-92d4-5dcd-93de-de8a6eb8ee9d.pdf,C10AA05,https://greenbook.nafdac.gov.ng/products/details/12084,2026-09-27T21:22:20.085187+00:00
Greenbook NAFDAC,692,7835,Atorvastatin 20 mg Tablet**,1,Drugs,"{'id': 1, 'name': 'Drugs', 'created_at': '-000001-11-30T00:00:00.000000Z', 'updated_at': '2022-03-17T16:53:12.000000Z', 'deleted_at': None}",300,Atorvastatin (Atorvastatin Calcium),,C4-1712,1,Tablet,1,Oral,20 mg,598,Dor Glory Pharmaceuticals Nigeria Limited,2021-05-27,2026-05-26,Inactive,Tablet,3 x 10&#039;s (in Alu-Alu blisters),Each tablet contains: Atorvastatin calcium equiv. to Atorvastatin 20 mg,https://admin.greenbook.nafdac.gov.ng/uploadImage/smpc_files/2024/09/21/20240921a9816c24-1d6f-585b-b761-6632b27e63b5.pdf,,https://greenbook.nafdac.gov.ng/products/details/7835,2026-09-27T21:22:20.085187+00:00
Greenbook NAFDAC,693,10604,Atorvastatin 20 mg Tablet_,1,Drugs,"{'id': 1, 'name': 'Drugs', 'created_at': '-000001-11-30T00:00:00.000000Z', 'updated_at': '2022-03-17T16:53:12.000000Z', 'deleted_at': None}",300,Atorvastatin (Atorvastatin Calcium),,A4-101204,1,Tablet,1,Oral,20 mg,376,First J. Pocco Pharmacy Limited,2025-03-27,2030-03-26,Active,Oral solid dosage form,3 x 10&#039;s (in Alu-Alu blisters),"Each tablet contains: Atorvastatin Calcium Trihydrate BP equiv. to Atorvastatin Base 20 mg
Excipients q.s.",https://admin.greenbook.nafdac.gov.ng/uploadImage/smpc_files/2025/04/25/202504251e429e34-b328-5c10-b263-6f2aba753d2c.pdf,C10AA05,https://greenbook.nafdac.gov.ng/products/details/10604,2026-09-27T21:22:20.085187+00:00
Greenbook NAFDAC,694,8008,Atorvastatin Calcium 10 mg Tablet**,1,Drugs,"{'id': 1, 'name': 'Drugs', 'created_at': '-000001-11-30T00:00:00.000000Z', 'updated_at': '2022-03-17T16:53:12.000000Z', 'deleted_at': None}",300,Atorvastatin (Atorvastatin Calcium),,C4-1772,1,Tablet,1,Oral,10 mg,185,Global Organics Ltd,2021-08-03,2026-08-02,Inactive,Tablet,3 x 10&#039;s,Each tablet contains: Atorvastatin Calcium USP equiv. to Atorvastatin 10 mg,,,https://greenbook.nafdac.gov.ng/products/details/8008,2026-09-27T21:22:20.085187+00:00
Greenbook NAFDAC,695,8009,Atorvastatin Calcium 20 mg Tablet**,1,Drugs,"{'id': 1, 'name': 'Drugs', 'created_at': '-000001-11-30T00:00:00.000000Z', 'updated_at': '2022-03-17T16:53:12.000000Z', 'deleted_at': None}",300,Atorvastatin (Atorvastatin Calcium),,C4-1771,1,Tablet,1,Oral,20 mg,185,Global Organics Ltd,2021-08-03,2026-08-02,Inactive,"LUMISTEROL 20 TABLET	ATORVASTATIN CALCIUM 	ATORVASTATIN CALCIUM 20MG	C4-1771	Drugs	Imported Product	3X10	05-12-2025	GLOBAL ORGANICS LTD, PLOT NO 868, KM 34 AJEGUNLE BUS-STOP, LAGOS ABEOKUTA EXPRESSWAY, LAGOS STATE.	017747123	info@globorg.net	Global Organics Limited, PLOT 868, KM 34, LAGOS-ABEOKUTA EXPRESS WAY, LAGOS STATE, NIGERIA.
",3 x 10&#039;s,Each tablet contains: Atorvastatin Calcium USP equiv. to Atorvastatin 20 mg,https://admin.greenbook.nafdac.gov.ng/uploadImage/smpc_files/2025/05/06/2025050681d3cb03-2704-54e9-a3fa-a0748dcdf285.pdf,,https://greenbook.nafdac.gov.ng/products/details/8009,2026-09-27T21:22:20.085187+00:00
Greenbook NAFDAC,696,11108,Atorvastatin Tablets 10 mg_,1,Drugs,"{'id': 1, 'name': 'Drugs', 'created_at': '-000001-11-30T00:00:00.000000Z', 'updated_at': '2022-03-17T16:53:12.000000Z', 'deleted_at': None}",2195,Atorvastatin,,B4-6966,1,Tablet,1,Oral,10 mg,712,Synermed Nig Ltd,2025-04-30,2030-04-29,Active,"Oral Solid Dosage Form

",3 x 10&#039;s (in Alu-Alu blisters),"Each film-coated tablet contains: Atorvastatin Calcium Trihydrate BP equiv. to Atorvastatin Base 10 mg
Excipients q.s.",https://admin.greenbook.nafdac.gov.ng/uploadImage/smpc_files/2025/05/25/20250525df823126-c9fb-57cb-87d3-9284d17c47ce.pdf,C10AA05,https://greenbook.nafdac.gov.ng/products/details/11108,2026-09-27T21:22:20.085187+00:00
Greenbook NAFDAC,697,11109,Atorvastatin Tablets 20 mg_,1,Drugs,"{'id': 1, 'name': 'Drugs', 'created_at': '-000001-11-30T00:00:00.000000Z', 'updated_at': '2022-03-17T16:53:12.000000Z', 'deleted_at': None}",2195,Atorvastatin,,B4-6965,1,Tablet,1,Oral,20 mg,712,Synermed Nig Ltd,2025-04-30,2030-04-29,Active,Oral Solid Dosage Form,3 x 10&#039;s (in Alu-Alu blisters),"Each film-coated tablet contains: Atorvastatin Calcium Trihydrate BP equiv. to Atorvastatin Base 20 mg
Excipients q.s.",https://admin.greenbook.nafdac.gov.ng/uploadImage/smpc_files/2025/05/27/2025052775911e58-15ad-5cfc-9458-c4daad582538.pdf,C10AA05,https://greenbook.nafdac.gov.ng/products/details/11109,2026-09-27T21:22:20.085187+00:00
Greenbook NAFDAC,698,3228,Atorvastatin Tablets##,1,Drugs,"{'id': 1, 'name': 'Drugs', 'created_at': '-000001-11-30T00:00:00.000000Z', 'updated_at': '2022-03-17T16:53:12.000000Z', 'deleted_at': None}",300,Atorvastatin (Atorvastatin Calcium),,C4-1174,1,Tablet,1,Oral,20 mg,166,Embassy Pharmaceutical and Chemicals Limited,2020-11-10,2025-11-09,Inactive,Tablet,,"Each tablet contains: Atorvastatin Calcium equivalent to Atorvastatin 20 mg
",,C10AA05,https://greenbook.nafdac.gov.ng/products/details/3228,2026-09-27T21:22:20.085187+00:00
Greenbook NAFDAC,699,1848,Atotrim V6 Vaginal Tablets##,1,Drugs,"{'id': 1, 'name': 'Drugs', 'created_at': '-000001-11-30T00:00:00.000000Z', 'updated_at': '2022-03-17T16:53:12.000000Z', 'deleted_at': None}",669,Clotrimazole,,A4-8467,97,Vaginal tablet,24,Vaginal,100 mg,598,Dor Glory Pharmaceuticals Nigeria Limited,2021-05-07,2026-05-06,Inactive,"Vaginal Tablet
White, bullet shaped tablet, flat on one end and curved on other end",1 x 6&#039;s (in Alu-Alu strip),"Each vaginal tablet contains: Clotrimazole BP 100 mg
Excipients q.s.",https://admin.greenbook.nafdac.gov.ng/uploadImage/smpc_files/2023/05/27/2023052778209a12-09d3-5afc-a85c-f920b1d337e0.pdf,G01AF02,https://greenbook.nafdac.gov.ng/products/details/1848,2026-09-27T21:22:20.085187+00:00
Greenbook NAFDAC,700,3229,Atrasav 10 Tablets##,1,Drugs,"{'id': 1, 'name': 'Drugs', 'created_at': '-000001-11-30T00:00:00.000000Z', 'updated_at': '2022-03-17T16:53:12.000000Z', 'deleted_at': None}",300,Atorvastatin (Atorvastatin Calcium),,C4-1300,1,Tablet,1,Oral,10 mg,726,Savocent Pharma Ltd,2020-11-30,2025-11-29,Inactive,Tablet,,Each tablet contains: Atorvastatin Calcium equivalent to Atorvastatin 10 mg,,C10AA05,https://greenbook.nafdac.gov.ng/products/details/3229,2026-09-27T21:22:20.085187+00:00
Greenbook NAFDAC,701,3230,Atrasav 20 Tablets##,1,Drugs,"{'id': 1, 'name': 'Drugs', 'created_at': '-000001-11-30T00:00:00.000000Z', 'updated_at': '2022-03-17T16:53:12.000000Z', 'deleted_at': None}",300,Atorvastatin (Atorvastatin Calcium),,C4-1301,1,Tablet,1,Oral,20 mg,726,Savocent Pharma Ltd,2020-11-30,2025-11-29,Inactive,Tablet,,Each tablet contains: Atorvastatin Calcium equivalent to Atorvastatin 20 mg,,C10AA05,https://greenbook.nafdac.gov.ng/products/details/3230,2026-09-27T21:22:20.085187+00:00
Greenbook NAFDAC,702,12133,Atrimax 325 mg Tablets_,1,Drugs,"{'id': 1, 'name': 'Drugs', 'created_at': '-000001-11-30T00:00:00.000000Z', 'updated_at': '2022-03-17T16:53:12.000000Z', 'deleted_at': None}",442,Cefixime; Clavulanic Acid (Clavulanate Potassium),,A4-101747,1,Tablet,1,Oral,200 mg; 125 mg,169,Evans Therapeutics Limited,2025-11-26,2030-11-25,Active,"Tablet.
White-colored, capsule-shaped, biconvex, film-coated tablet, having one side plain and a break line on the other side of the tablet",1 x 10&#039;s (in Alu-Alu blister),"Each tablet contains: Cefixime USP (as Trihydrate) equiv. to Cefixime (Anhydrous) 200 mg, and Clavulanate Potassium equiv. to Clavulanic Acid 125 mg
Excipients q.s.",https://admin.greenbook.nafdac.gov.ng/uploadImage/smpc_files/2025/12/09/20251209ee247acd-9935-56e4-9996-7d84f28d58eb.pdf,J01DD58,https://greenbook.nafdac.gov.ng/products/details/12133,2026-09-27T21:22:20.085187+00:00
Greenbook NAFDAC,703,6502,Atrite Capsules##,1,Drugs,"{'id': 1, 'name': 'Drugs', 'created_at': '-000001-11-30T00:00:00.000000Z', 'updated_at': '2022-03-17T16:53:12.000000Z', 'deleted_at': None}",91,Piroxicam,,04-2383,2,Capsule,1,Oral,20 mg,468,Sagar Vitaceuticals Nigeria Ltd,2023-11-30,2028-11-29,Active,"Capsule
Scarlet cap/scarlet body printed &quot;ATRITE&quot; on body and &quot;SAGAR&quot; on cap filled with white crystalline powder

ATRITE CAPSULES	PIROXICAM CAPSULES BP 20MG	Each Capsule contains Piroxicam BP 20.00 mg Maize Starch BP 75.00mg Lactose BP 119.50 mg Purified Talc BP 5.0 mg Colloidal Silicon Dioxide (Aerosil-200) 0.5 mg Empty hard gelatin capsules size ‘2’ Scarlet cap/Scarlet body –printed- Atrite on cap and Body IH 1.0 no	Apr-83	Drugs	MUSCULO-SKELETAL SYSTEM	Nigerian Products	10*10&#039;s	POM 1	08/12/2022	SAGAR VITACEUTICALS NIGERIA LTD., PLOT 2, LADIPO OLUWOLE STREET	9022977711	suptpharm@svnl.in	Sagar Vitaceuticals Nigeria Limited, Plot 2, Ladipo Oluwole Street, Off Oba Akran Avenue, Ikeja, Lagos, Nigeria, Nigeria",10 x 10&#039;s (in PVC-Alu blisters),"Each filled capsule contains: Piroxicam 20 mg
Excipients q.s.",https://admin.greenbook.nafdac.gov.ng/uploadImage/smpc_files/2023/12/17/20231217ee74f056-643b-5fa3-8626-ec8142170856.pdf,M01AC01,https://greenbook.nafdac.gov.ng/products/details/6502,2026-09-27T21:22:20.085187+00:00
Greenbook NAFDAC,704,3955,Atropine Eye Drops##,1,Drugs,"{'id': 1, 'name': 'Drugs', 'created_at': '-000001-11-30T00:00:00.000000Z', 'updated_at': '2022-03-17T16:53:12.000000Z', 'deleted_at': None}",781,Atropine Sulfate,,04-3886,104,Solution/Drops,15,Ophthalmic,1%,408,Lin-Kabs Pharmaceutical Limited,2021-09-28,2026-09-27,Active,Ophthalmic Solution,1 x 10 mL (in LDPE bottle),"Each mL contains: Atropine Sulfate 10 mg (1% w/v)
Excipients q.s.",https://admin.greenbook.nafdac.gov.ng/uploadImage/smpc_files/2024/09/13/2024091361f5e050-88f8-5435-a7df-907efd272371.pdf,S01FA01,https://greenbook.nafdac.gov.ng/products/details/3955,2026-09-27T21:22:20.085187+00:00
Greenbook NAFDAC,705,10118,Atropine Injection**,1,Drugs,"{'id': 1, 'name': 'Drugs', 'created_at': '-000001-11-30T00:00:00.000000Z', 'updated_at': '2022-03-17T16:53:12.000000Z', 'deleted_at': None}",781,Atropine Sulfate,,04-7410,107,Solution for injection,31,Intravenous; Intramuscular; Subcutaneous,600 mcg/mL,23,Alpha Pharmacy and Stores (Nig) Ltd,2021-10-28,2026-10-27,Active,Solution for injection in 1-mL ampoule,1 mL x 10&#039;s (in ampoules),Each 1-mL ampoule contains: Atropine Sulfate 600 micrograms,,A03BA01,https://greenbook.nafdac.gov.ng/products/details/10118,2026-09-27T21:22:20.085187+00:00
Greenbook NAFDAC,706,7836,ATV-10 Tablets**,1,Drugs,"{'id': 1, 'name': 'Drugs', 'created_at': '-000001-11-30T00:00:00.000000Z', 'updated_at': '2022-03-17T16:53:12.000000Z', 'deleted_at': None}",300,Atorvastatin (Atorvastatin Calcium),,A4-2385,1,Tablet,1,Oral,10 mg,451,Dony-Triumph and Company Nigeria Limited,2021-05-07,2026-05-06,Inactive,Tablet,3 x 10&#039;s,Each tablet contains: Atorvastatin calcium equiv. to Atorvastatin 10 mg,,,https://greenbook.nafdac.gov.ng/products/details/7836,2026-09-27T21:22:20.085187+00:00
Greenbook NAFDAC,707,3231,ATV-20 Tablets##,1,Drugs,"{'id': 1, 'name': 'Drugs', 'created_at': '-000001-11-30T00:00:00.000000Z', 'updated_at': '2022-03-17T16:53:12.000000Z', 'deleted_at': None}",300,Atorvastatin (Atorvastatin Calcium),,A4-2377,1,Tablet,1,Oral,20 mg,451,Dony-Triumph and Company Nigeria Limited,2021-03-29,2026-03-28,Inactive,Tablet,3 x 10&#039;s (in Alu-Alu blisters),"Each film coated tablet contains: Atorvastatin Calcium USP equivalent to Atorvastatin 20 mg
Excipients q.s.
Approved color used in coating",https://admin.greenbook.nafdac.gov.ng/uploadImage/smpc_files/2023/05/27/20230527683c131b-cda7-5d9f-afac-aff71dcf0c12.pdf,C10AA05,https://greenbook.nafdac.gov.ng/products/details/3231,2026-09-27T21:22:20.085187+00:00
Greenbook NAFDAC,708,2617,Augclamox 625 Tablets**,1,Drugs,"{'id': 1, 'name': 'Drugs', 'created_at': '-000001-11-30T00:00:00.000000Z', 'updated_at': '2022-03-17T16:53:12.000000Z', 'deleted_at': None}",423,Amoxicillin (Amoxicillin Trihydrate); Clavulanic Acid (Potassium Clavulanate),,B4-0891,1,Tablet,1,Oral,500 mg; 125 mg,815,Eutrix Pharmaceuticals Limited,2020-12-21,2025-12-20,Inactive,,,"Each tablet contains: Amoxicillin Trihydrate equiv. to Amoxicillin 500 mg, Potassium Clavulanate equiv. to Clavulanic Acid 125 mg",,J01CR02,https://greenbook.nafdac.gov.ng/products/details/2617,2026-09-27T21:22:20.085187+00:00
Greenbook NAFDAC,709,11411,Augclanquin Injection_,1,Drugs,"{'id': 1, 'name': 'Drugs', 'created_at': '-000001-11-30T00:00:00.000000Z', 'updated_at': '2022-03-17T16:53:12.000000Z', 'deleted_at': None}",423,Amoxicillin (Amoxicillin Trihydrate); Clavulanic Acid (Potassium Clavulanate),,B4-9793,40,Injection,12,Intravenous,1000 mg; 200 mg,432,MC Foris Pharmaceuticals Limited,2025-07-30,2030-07-29,Active,"Powder for Solution for Injection
","1 x 20 mL (in glass vial), + 10 mL Water for Injection","Each vial contains: Amoxicillin Trihydrate equiv. to Amoxicillin 1000 mg, Clavulanate Potassium equiv. to Clavulanic Acid 200 mg
Excipients q.s.
",https://admin.greenbook.nafdac.gov.ng/uploadImage/smpc_files/2025/08/22/2025082237a767b0-df14-54b3-9390-afd4adeab19d.pdf,J01CR02,https://greenbook.nafdac.gov.ng/products/details/11411,2026-09-27T21:22:20.085187+00:00
Greenbook NAFDAC,710,2618,Augivin 228.5 Powder for Oral Suspension**,1,Drugs,"{'id': 1, 'name': 'Drugs', 'created_at': '-000001-11-30T00:00:00.000000Z', 'updated_at': '2022-03-17T16:53:12.000000Z', 'deleted_at': None}",423,Amoxicillin (Amoxicillin Trihydrate); Clavulanic Acid (Potassium Clavulanate),,C4-1486,72,Powder for suspension,1,Oral,200 mg/5 mL; 28.5 mg/5 mL,324,Vinco Pharmaceuticals Nigeria Limited,2020-12-21,2025-12-20,Inactive,Powder for Reconstitution,,"Each 5 mL suspension contains: Amoxicillin Trihydrate equiv. to Amoxicillin 200 mg, Potassium Clavulanate equiv. to Clavulanic Acid 28.5 mg",,J01CR02,https://greenbook.nafdac.gov.ng/products/details/2618,2026-09-27T21:22:20.085187+00:00
Greenbook NAFDAC,711,4268,Augivin 625 Tablet**,1,Drugs,"{'id': 1, 'name': 'Drugs', 'created_at': '-000001-11-30T00:00:00.000000Z', 'updated_at': '2022-03-17T16:53:12.000000Z', 'deleted_at': None}",423,Amoxicillin (Amoxicillin Trihydrate); Clavulanic Acid (Potassium Clavulanate),,C4-1348,1,Tablet,1,Oral,500 mg; 125 mg,324,Vinco Pharmaceuticals Nigeria Limited,2020-12-21,2025-12-20,Inactive,,,"Each tablet contains: Amoxicillin Trihydrate equiv. to Amoxicillin 500 mg, Potassium Clavulanate equiv. to Clavulanic Acid 125 mg",,J01CR02,https://greenbook.nafdac.gov.ng/products/details/4268,2026-09-27T21:22:20.085187+00:00
Greenbook NAFDAC,712,5615,Augmentin 1 G**,1,Drugs,"{'id': 1, 'name': 'Drugs', 'created_at': '-000001-11-30T00:00:00.000000Z', 'updated_at': '2022-03-17T16:53:12.000000Z', 'deleted_at': None}",423,Amoxicillin (Amoxicillin Trihydrate); Clavulanic Acid (Potassium Clavulanate),,04-8655,1,Tablet,1,Oral,875 mg; 125 mg,182,GlaxoSmithKline Consumer Nigeria PLC (GSK),2023-04-26,2028-04-25,Active,"Film Coated Tablet.
A white to off-white capsule-shaped film-coated tablet, debossed with ‘AC’ on both sides and a score line on one side",2 x 7&#039;s (in Alu-Alu blisters),Each tablet contains 875 mg Amoxicillin (as amoxicillin trihydrate) and 125 mg Clavulanic acid (as potassium clavulanate),https://admin.greenbook.nafdac.gov.ng/uploadImage/smpc_files/2023/09/29/202309298f7f4dd1-0c5b-55f3-bc77-63aebc0c3569.pdf,J01CR02,https://greenbook.nafdac.gov.ng/products/details/5615,2026-09-27T21:22:20.085187+00:00
Greenbook NAFDAC,713,5617,Augmentin 625 mg**,1,Drugs,"{'id': 1, 'name': 'Drugs', 'created_at': '-000001-11-30T00:00:00.000000Z', 'updated_at': '2022-03-17T16:53:12.000000Z', 'deleted_at': None}",423,Amoxicillin (Amoxicillin Trihydrate); Clavulanic Acid (Potassium Clavulanate),,04-1928,1,Tablet,1,Oral,500 mg; 125 mg,182,GlaxoSmithKline Consumer Nigeria PLC (GSK),2023-04-26,2028-04-25,Active,"A white to off-white oval-shaped film-coated tablet, debossed with ‘AC’ and a score line on one side and plain on the other side",2 x 7&#039;s (in Alu-Alu blisters),Each tablet contains 500 mg Amoxicillin (as amoxicillin trihydrate) and 125 mg Clavulanic acid (as potassium clavulanate),https://admin.greenbook.nafdac.gov.ng/uploadImage/smpc_files/2023/09/29/202309293eb0d635-c97e-5c59-a893-2f05df988039.pdf,J01CR02,https://greenbook.nafdac.gov.ng/products/details/5617,2026-09-27T21:22:20.085187+00:00
Greenbook NAFDAC,714,2619,Augmentin ES Powder for Oral Suspension**,1,Drugs,"{'id': 1, 'name': 'Drugs', 'created_at': '-000001-11-30T00:00:00.000000Z', 'updated_at': '2022-03-17T16:53:12.000000Z', 'deleted_at': None}",423,Amoxicillin (Amoxicillin Trihydrate); Clavulanic Acid (Potassium Clavulanate),,B4-0052,72,Powder for suspension,1,Oral,600 mg/5 mL; 42.9 mg/5 mL,182,GlaxoSmithKline Consumer Nigeria PLC (GSK),2020-12-21,2025-12-20,Inactive,"Powder for Oral Suspension.
Off-white powder which, when reconstituted, yields an off-white to tan coloured, strawberry flavoured suspension",,"Each 5 mL reconstituted suspension contains: Amoxicillin (as Amoxicillin Trihydrate) 600 mg, and Clavulanic acid (as Potassium Clavulanate) 42.9 mg, a 14:1 ratio",https://admin.greenbook.nafdac.gov.ng/uploadImage/smpc_files/2024/06/24/2024062465c47911-5e6b-59b6-8a04-28e83f907677.pdf,J01CR02,https://greenbook.nafdac.gov.ng/products/details/2619,2026-09-27T21:22:20.085187+00:00
Greenbook NAFDAC,715,5618,Augmentin Tablets 375 mg**,1,Drugs,"{'id': 1, 'name': 'Drugs', 'created_at': '-000001-11-30T00:00:00.000000Z', 'updated_at': '2022-03-17T16:53:12.000000Z', 'deleted_at': None}",423,Amoxicillin (Amoxicillin Trihydrate); Clavulanic Acid (Potassium Clavulanate),,04-2466,1,Tablet,1,Oral,250 mg; 125 mg,182,GlaxoSmithKline Consumer Nigeria PLC (GSK),2023-04-26,2028-04-25,Active,"A white to off-white oval-shaped film-coated tablet, debossed with ‘Augmentin’ on one side",2 x 10&#039;s (in blisters),Each tablet contains 250 mg Amoxicillin (as amoxicillin trihydrate) and 125 mg Clavulanic acid (as potassium clavulanate),https://admin.greenbook.nafdac.gov.ng/uploadImage/smpc_files/2023/09/29/20230929f347ca59-56fb-5dbf-a4c6-0547b07baf23.pdf,J01CR02,https://greenbook.nafdac.gov.ng/products/details/5618,2026-09-27T21:22:20.085187+00:00
Greenbook NAFDAC,716,621,Augnich 228.5 Powder for Oral Suspension##,1,Drugs,"{'id': 1, 'name': 'Drugs', 'created_at': '-000001-11-30T00:00:00.000000Z', 'updated_at': '2022-03-17T16:53:12.000000Z', 'deleted_at': None}",423,Amoxicillin (Amoxicillin Trihydrate); Clavulanic Acid (Potassium Clavulanate),,C4-1136,72,Powder for suspension,1,Oral,200 mg/5 mL; 28.5 mg/5 mL,483,Nich Drugs Co. Limited,2020-11-10,2025-11-09,Inactive,"Powder for Reconstitution
",,"Each 5 mL suspension contains: Amoxicillin Trihydrate USP equivalent to Amoxicillin 200 mg, Potassium Clavulanate USP equivalent  to Clavulanic Acid 28.5 mg",,J01CR02,https://greenbook.nafdac.gov.ng/products/details/621,2026-09-27T21:22:20.085187+00:00
Greenbook NAFDAC,717,3038,Augulab Tablets##,1,Drugs,"{'id': 1, 'name': 'Drugs', 'created_at': '-000001-11-30T00:00:00.000000Z', 'updated_at': '2022-03-17T16:53:12.000000Z', 'deleted_at': None}",423,Amoxicillin (Amoxicillin Trihydrate); Clavulanic Acid (Potassium Clavulanate),,04-9979,1,Tablet,1,Oral,500 mg; 125 mg,166,Embassy Pharmaceutical and Chemicals Limited,2020-12-21,2025-12-20,Inactive,Tablet,,"Each tablet contains: Amoxicillin Trihydrate USP equivalent to Amoxicillin 500 mg, Diluted Potassium Clavulanate USP equivalent to Clavulanic Acid 125 mg",,J01CR02,https://greenbook.nafdac.gov.ng/products/details/3038,2026-09-27T21:22:20.085187+00:00
Greenbook NAFDAC,718,5575,Auritz 10 Tablets##,1,Drugs,"{'id': 1, 'name': 'Drugs', 'created_at': '-000001-11-30T00:00:00.000000Z', 'updated_at': '2022-03-17T16:53:12.000000Z', 'deleted_at': None}",304,Rosuvastatin (Rosuvastatin Calcium),,A4-7496,1,Tablet,1,Oral,10 mg,226,Mega Lifesciences Nigeria Limited,2023-03-28,2028-03-27,Active,"Tablet

91	RNW-PP-241474	AURITZ 10 TABLETS	ROSUVASTATIN CALCIUM 10.4MG EQV TO ROSUVASTATIN 10MG	ROSUVASTATIN CALCIUM 10.4MG EQV TO ROSUVASTATIN 10MG, MICROCRYSTALLINE CELLULOSE AVICEL PH 101 USP 108.1MG, PREGELATINIZED STARCH USPNF 15MG, CROSPOVIDONE USPNF 2.5MG, MEGLUMINE USP 2.5MG, MANNITOL USP 10MG, MAGNESIUM STEARATE USPNF 1.5MG, OPADRY PINK 4.5MG, PURIFIED WATER Q.S	A4-7496	Drugs	CARDIOVASCULAR SYSTEM	Imported Products	3*10,1*10	Prescription Only Medicine (POM)	11/23/2021	MEGA LIFESCIENCES NIGERIA LIMITED, GUINNESS ROAD, OGBA - IKEJA OGBA LAGOS	8053596201	info.ng@megawecare.com	MSN LABORATORIES PVT LTD, PLOT 42 ANRICH INDUSTRIAL ESTATE ,BOLLARAM SANGAREDDY DISTRICT 502325 TELANGANA INDIA, India","3 x 10&#039;s, 1 x 10&#039;s","Each tablet contains: Rosuvastatin Calcium 10.4 mg eq. to Rosuvastatin 10 mg
Excipients: Tribasic Calsium Phosphate USP-NF 190 mg. Microcrystalline Cellulose Ph 102 USP 108.1 mg, Pregelatinized Starch USP-NF 15 mg, Crospovidone USP-NF 2.5 mg, Meglumine USP 2.5 mg, Mannitol USP 10 mg, Magnesium Stearate USP-NF 1.5 mg, Opadry Pink 4.5 mg, Purified Water q.s.",https://admin.greenbook.nafdac.gov.ng/uploadImage/smpc_files/2024/09/28/20240928e94029bc-6298-57f1-98ea-f55a01c3fcd5.pdf,C10AA07,https://greenbook.nafdac.gov.ng/products/details/5575,2026-09-27T21:22:20.085187+00:00
Greenbook NAFDAC,719,4716,Auroxetil 250 mg##,1,Drugs,"{'id': 1, 'name': 'Drugs', 'created_at': '-000001-11-30T00:00:00.000000Z', 'updated_at': '2022-03-17T16:53:12.000000Z', 'deleted_at': None}",456,Cefuroxime (Cefuroxime Axetil),,A4-4002,1,Tablet,1,Oral,250 mg,271,Phillips Pharmaceuticals (Nigeria) Limited,2023-05-25,2028-05-24,Active,"White to off-white, film-coated, capsule shaped tablets with ‘A33’ debossed on one side and plain on the other side

44	RNW-PP-293515	AUROXETIL 250MG	CEFUROXIME AXETIL 250MG	Cefuroxime Axetil Ph.Eur. equivalent to Cefuroxime 250 mg. Sodium Lauryl 5mg, Cellulose Micro crystalline 135.28mg	A4-4002	Drugs	Imported Products	1X10s	POM 1	1/3/2023	PHILLIPS PHARMACEUTICALS (NIGERIA) LIMITED, PLOT 122-123 AFRIPRINT ESTATE, ISOLO	8035493198	harriet.okika@phillipsnigeria.com	Aurobindo Pharma Ltd, Aurobindo Pharma Ltd Unit VI Survey No 329/39 &amp; 329/47 Chitkul( V) , Patancheru Mandal Sanga Reddy District Telangana State India, India",1 x 10&#039;s (in blisters),"Each film-coated tablet contains: Cefuroxime Axetil Ph. Eur. equivalent to Cefuroxime 250 mg
Excipients: Cellulose Microcrystalline (Amorphous), Croscarmellose Sodium, Sodium Lauryl Sulfate, Silica, Colloidal Anhydrous, Hydrogenated Vegetable Oil, Hypromellose, Titanium Dioxide, Macrogol and Purified Water",https://admin.greenbook.nafdac.gov.ng/uploadImage/smpc_files/2023/08/22/202308223841f9d2-225c-5660-8ab3-2860204e7aed.pdf,J01DC02,https://greenbook.nafdac.gov.ng/products/details/4716,2026-09-27T21:22:20.085187+00:00
Greenbook NAFDAC,720,4717,Auroxetil 500 mg Tablet##,1,Drugs,"{'id': 1, 'name': 'Drugs', 'created_at': '-000001-11-30T00:00:00.000000Z', 'updated_at': '2022-03-17T16:53:12.000000Z', 'deleted_at': None}",456,Cefuroxime (Cefuroxime Axetil),,A4-4190,1,Tablet,1,Oral,500 mg,271,Phillips Pharmaceuticals (Nigeria) Limited,2023-07-06,2028-07-05,Active,"White to off-white, film-coated, capsule shaped tablets with ‘A34’ debossed on one side and plain on the other side

17	RNW-PP-293431	AUROXETIL 500MG TABLETS	CEFUROXIME AXETIL 500MG	Cefuroxime 500mg, Cellulose Microcrystalline 135.28mg, Sodium Lauryl 5mg.	A4-4190	Drugs	Imported Products	1*10s	POM 1	12/29/2022	PHILLIPS PHARMACEUTICALS (NIGERIA) LIMITED, PLOT 122-123 AFRIPRINT ESTATE, ISOLO	8035493198	samson.omattah@phillipsnigeria.com	Aurobindo Pharma Ltd, Aurobindo Pharma Ltd Unit VI Survey No 329/39 &amp; 329/47 Chitkul( V) , Patancheru Mandal Sanga Reddy District Telangana State India, India
",1 x 10&#039;s (in blisters),"Each film-coated tablet contains: Cefuroxime Axetil Ph. Eur. equivalent to Cefuroxime 500 mg
Excipients: Cellulose Microcrystalline (Amorphous), Croscarmellose Sodium, Sodium Lauryl Sulfate, Silica, Colloidal Anhydrous, Hydrogenated Vegetable Oil, Hypromellose, Titanium Dioxide, Macrogol and Purified water",https://admin.greenbook.nafdac.gov.ng/uploadImage/smpc_files/2023/08/23/2023082379594049-f511-59ea-9ddd-c76dc4c89312.pdf,J01DC02,https://greenbook.nafdac.gov.ng/products/details/4717,2026-09-27T21:22:20.085187+00:00
Greenbook NAFDAC,721,4718,Auscel Diazepam 5 mg Tablet##,1,Drugs,"{'id': 1, 'name': 'Drugs', 'created_at': '-000001-11-30T00:00:00.000000Z', 'updated_at': '2022-03-17T16:53:12.000000Z', 'deleted_at': None}",4,Diazepam,, A11-1282,1,Tablet,1,Oral,5 mg,541,Auscel Laboratories Limited,2022-05-26,2027-05-25,Active,"Uncoated Tablet

Auscel Diazepam 5Mg Tablet	A11-1282		DIAZEPAM 	DRUG	BENZODIAZEPINE	DIAZEPAM BP 5MG	TABLETS	 25 X 10	PRESCRIPTION ONLY MEDICINE	TREATMENT OF ANXIETY	AUSCEL LABORATORIES LTD 	NIGERIA	AUSCEL LABORATORIES LTD 	NIGERIA	05/26/2022	05/25/2027", 25 x 10&#039;s (in PVC-Alu blisters),"Each uncoated tablet contains: Diazepam BP 5 mg
Excipients q.s.",https://admin.greenbook.nafdac.gov.ng/uploadImage/smpc_files/2023/10/03/20231003017f7368-88b2-5522-b303-94868970c31f.pdf,N05BA01,https://greenbook.nafdac.gov.ng/products/details/4718,2026-09-27T21:22:20.085187+00:00
Greenbook NAFDAC,722,4719,Auscel Tetracycline_,1,Drugs,"{'id': 1, 'name': 'Drugs', 'created_at': '-000001-11-30T00:00:00.000000Z', 'updated_at': '2022-03-17T16:53:12.000000Z', 'deleted_at': None}",764,Tetracycline Hydrochloride,,A11-1290,2,Capsule,1,Oral,250 mg,541,Auscel Laboratories Limited,2022-08-25,2027-08-24,Active,Capsule,"10 x 10&#039;s, 1 x 1000&#039;s (in PVC-Alu blister packs)","Each capsule contains: Tetracycline Hydrochloride BP 250 mg
Excipients q.s.
",https://admin.greenbook.nafdac.gov.ng/uploadImage/smpc_files/2023/10/03/20231003167fc391-bf62-5eb1-94aa-bd7053facd2a.pdf,J01AA07,https://greenbook.nafdac.gov.ng/products/details/4719,2026-09-27T21:22:20.085187+00:00
Greenbook NAFDAC,723,4720,Ausdol Extra##,1,Drugs,"{'id': 1, 'name': 'Drugs', 'created_at': '-000001-11-30T00:00:00.000000Z', 'updated_at': '2022-03-17T16:53:12.000000Z', 'deleted_at': None}",983,Paracetamol; Caffeine,,A11-1281,1,Tablet,1,Oral,500 mg; 30 mg,541,Auscel Laboratories Limited,2022-05-26,2027-05-25,Active,"Tablet
Off white plain uncoated caplets

Ausdol Extra	A11-1281	Ausdol Extra	PARACETAMOL, CAFFEINE 	DRUG	ANALGESIC	PARACETAMOL BP 500MG , CAFFEINE 30MG 	TABLETS	10 X 10	OVER THE COUNTER	TREATMENT OF MODERATE AND SEVERE PAIN	AUSCEL LABORATORIES LTD 	NIGERIA	AUSCEL LABORATORIES LTD 	NIGERIA	05/26/2022	05/25/2027",10 x 10&#039;s (in PVC-Alu blister packs),"Each uncoated tablet contains: Paracetamol 500 mg, Caffeine 30 mg
Excipients q.s.",https://admin.greenbook.nafdac.gov.ng/uploadImage/smpc_files/2023/10/03/202310034ab23629-bce0-5828-bd6a-a339f906d5ba.pdf,N02BE51,https://greenbook.nafdac.gov.ng/products/details/4720,2026-09-27T21:22:20.085187+00:00
Greenbook NAFDAC,724,4721,Ausgyl 200 mg Tablet_,1,Drugs,"{'id': 1, 'name': 'Drugs', 'created_at': '-000001-11-30T00:00:00.000000Z', 'updated_at': '2022-03-17T16:53:12.000000Z', 'deleted_at': None}",485,Metronidazole,,A11-1280,1,Tablet,1,Oral,200 mg,541,Auscel Laboratories Limited,2022-08-25,2027-08-24,Active,"Uncoated Tablet.
White to off-white, circular biconcave, uncoated tablets impressed &quot;Ausgyl 200&quot; on one face and a break line on other side","10 x 10&#039;s (in PVC-Alu blisters), 1 x 1000&#039;s (in a plastic jar)","Each tablet contains: Metronidazole 200 mg
Excipients q.s.",https://admin.greenbook.nafdac.gov.ng/uploadImage/smpc_files/2023/10/03/202310033789759f-6abc-533b-9888-3ac5e4831272.pdf,J01XD01,https://greenbook.nafdac.gov.ng/products/details/4721,2026-09-27T21:22:20.085187+00:00
Greenbook NAFDAC,725,4722,Ausgyl 400 mg Tablet_,1,Drugs,"{'id': 1, 'name': 'Drugs', 'created_at': '-000001-11-30T00:00:00.000000Z', 'updated_at': '2022-03-17T16:53:12.000000Z', 'deleted_at': None}",485,Metronidazole,,A11-1289,1,Tablet,1,Oral,400 mg,541,Auscel Laboratories Limited,2022-08-25,2027-08-24,Active,"Uncoated Tablet.
White to off-white, circular, biconcave, uncoated tablets impressed &quot;Ausgyl 200&quot; on one side and a break line on the other side","10 x 10&#039;s (in PVC-Alu blisters), 1 x 1000&#039;s (in HDPE bottle)","Each tablet contains: Metronidazole 400 mg
Excipients q.s.",https://admin.greenbook.nafdac.gov.ng/uploadImage/smpc_files/2023/10/03/2023100392c29194-d076-5f02-ae3f-8229e71ac3d5.pdf,J01XD01,https://greenbook.nafdac.gov.ng/products/details/4722,2026-09-27T21:22:20.085187+00:00
Greenbook NAFDAC,726,4724,Avamys Nasal Spray Suspension**,1,Drugs,"{'id': 1, 'name': 'Drugs', 'created_at': '-000001-11-30T00:00:00.000000Z', 'updated_at': '2022-03-17T16:53:12.000000Z', 'deleted_at': None}",818,Fluticasone Furoate,,A4-4904,116,Spray,14,Nasal,27.5 mcg/Spray,182,GlaxoSmithKline Consumer Nigeria PLC (GSK),2023-07-06,2028-07-05,Active,"Nasal Spray, Suspension",1 x 120 sprays (in  a glass bottle fitted with a metering spray pump),"Each spray of the suspension delivers: Micronized Fluticasone Furoate (as an ex-device dose) 27.5 mcg (approximately).

Excipients:
Glucose anhydrous 2.75 milligrams per spray, Dispersible cellulose 0.825 milligram per spray, Polysorbate 80 0.01375 milligrams per spray, Benzalkonium Chloride solution 0.0165 milligrams per spray, Disodium edetate 0.00825 milligrams per spray, Purified water to 50 microlitres per spray
",https://admin.greenbook.nafdac.gov.ng/uploadImage/smpc_files/2024/09/17/20240917fde81223-7b94-55e7-a656-19d2e9314b79.pdf,R01AD12,https://greenbook.nafdac.gov.ng/products/details/4724,2026-09-27T21:22:20.085187+00:00
Greenbook NAFDAC,727,3682,Avasc Injection**,1,Drugs,"{'id': 1, 'name': 'Drugs', 'created_at': '-000001-11-30T00:00:00.000000Z', 'updated_at': '2022-03-17T16:53:12.000000Z', 'deleted_at': None}",1541,Ceftriaxone (Ceftriaxone Sodium),,A4-6790,70,Powder for injection,12,Intravenous,1 g,581,Afri Generics Limited,2021-08-26,2026-08-25,Inactive,"Powderfor solution for injection or infusion.
White to yellowish orange crystalline powder",1 g x 1&#039;s (in vial) + 10 mL SWFI (in ampoule),"Each combipack contains:
A) One vial of Ceftriaxone Sodium USP equivalent to Ceftriaxone (Anhydrous) 1 g, and
B) One ampoule of Sterile Water for Injection BP 10 mL",https://admin.greenbook.nafdac.gov.ng/uploadImage/smpc_files/2023/05/28/20230528a627ae12-ca93-5c1a-b9c9-043a979cc75a.pdf,J01DD04,https://greenbook.nafdac.gov.ng/products/details/3682,2026-09-27T21:22:20.085187+00:00
Greenbook NAFDAC,728,30,Avelox Intravenous Infusion**,1,Drugs,"{'id': 1, 'name': 'Drugs', 'created_at': '-000001-11-30T00:00:00.000000Z', 'updated_at': '2022-03-17T16:53:12.000000Z', 'deleted_at': None}",1542,Moxifloxacin (Moxifloxacin Hydrochloride),,A4-3297,114,Solution for infusion,12,Intravenous,400 mg/250 mL,133,Bayer Nigeria Limited,2021-12-16,2026-12-15,Active,"Solution for Infusion.
Clear, yellow solution",1 x 250 mL (in bottle),"Each 250 mL contains: Moxifloxacin (as Hydrochloride) 400 mg
Each 1 ml contains 1.6 mg moxifloxacin (as hydrochloride)

Excipient with known effect: 250 mL of solution for infusion contains Sodium 787 mg (34 mmol)",https://admin.greenbook.nafdac.gov.ng/uploadImage/smpc_files/2024/11/11/20241111bd2c42e5-9a77-5a70-98d2-91cf7d1d2dbf.pdf,J01MA14,https://greenbook.nafdac.gov.ng/products/details/30,2026-09-27T21:22:20.085187+00:00
Greenbook NAFDAC,729,12134,Avicef Forte Injection_,1,Drugs,"{'id': 1, 'name': 'Drugs', 'created_at': '-000001-11-30T00:00:00.000000Z', 'updated_at': '2022-03-17T16:53:12.000000Z', 'deleted_at': None}",2191,Ceftriaxone and Sulbactam,,A4-101610,40,Injection,12,Intravenous,1000 mg; 500 mg,319,Tyonex Nigeria Limited,2025-10-29,2030-10-28,Active,Dry Powder Injection,1 x 1 (in vial),"Each vial contains: Ceftriaxone Sodium USP equiv. to Ceftriaxone (Anhydrous) 1 g, Sulbactam Sodium USP equiv. to Sulbactam 500 mg",https://admin.greenbook.nafdac.gov.ng/uploadImage/smpc_files/2025/12/10/202512104bbaf7db-ebae-51f7-9eee-e45852b98ce9.pdf,J01DD54,https://greenbook.nafdac.gov.ng/products/details/12134,2026-09-27T21:22:20.085187+00:00
Greenbook NAFDAC,730,8948,Avicef Injection with Lidocaine**,1,Drugs,"{'id': 1, 'name': 'Drugs', 'created_at': '-000001-11-30T00:00:00.000000Z', 'updated_at': '2022-03-17T16:53:12.000000Z', 'deleted_at': None}",1541,Ceftriaxone (Ceftriaxone Sodium),,C4-1875,70,Powder for injection,9,Intramuscular,1 g,319,Tyonex Nigeria Limited,2021-10-28,2026-10-27,Active,Powder for solution for injection in a vial plus Lidocaine Hydrochloride Injection (1% w/v) as diluent in ampoule,1 g x 1&#039;s (in vial) + 3.5 mL Lidocaine HCl 1% (in ampoule),"Each combipack contains:
A. One vial of Ceftriaxone Sodium equiv. to Ceftriaxone 1 g
B. One ampoule of Lidocaine Hydrochloride Injection (1% w/v), 3.5 mL",,J01DD04,https://greenbook.nafdac.gov.ng/products/details/8948,2026-09-27T21:22:20.085187+00:00
Greenbook NAFDAC,731,8949,Avicef Injection**,1,Drugs,"{'id': 1, 'name': 'Drugs', 'created_at': '-000001-11-30T00:00:00.000000Z', 'updated_at': '2022-03-17T16:53:12.000000Z', 'deleted_at': None}",1541,Ceftriaxone (Ceftriaxone Sodium),,04-7076,70,Powder for injection,12,Intravenous,1 g,319,Tyonex Nigeria Limited,2021-09-28,2026-09-27,Active,Powder for solution for injection in a vial plus water for injection as diluent in ampoule,1 g x 1&#039;s (in vial) + 10 mL SWFI (in ampoule),"Each combipack contains:
A. One vial of Ceftriaxone Sodium equiv. to Ceftriaxone 1 g
B. One ampoule of Water for Injection 10 mL",,J01DD04,https://greenbook.nafdac.gov.ng/products/details/8949,2026-09-27T21:22:20.085187+00:00
Greenbook NAFDAC,732,12135,Avicef TZ IV Injection_,1,Drugs,"{'id': 1, 'name': 'Drugs', 'created_at': '-000001-11-30T00:00:00.000000Z', 'updated_at': '2022-03-17T16:53:12.000000Z', 'deleted_at': None}",455,Ceftriaxone (Ceftriaxone Sodium); Tazobactam,,A4-101609,40,Injection,12,Intravenous,1000 mg; 125 mg,319,Tyonex Nigeria Limited,2025-10-29,2030-10-28,Active,"Injection.
White or yellowish or off-white crystalline powder filled in 10 mL clear glass vial",1 x 1 vial (in glass vial),"Each vial contains: Ceftriaxone Sodium USP (Sterile) equiv. to Ceftriaxone 1 g, and Tazobactam Sodium (Sterile) equiv. to Tazobactam (Anhydrous) 125 mg",https://admin.greenbook.nafdac.gov.ng/uploadImage/smpc_files/2025/12/10/2025121072bc2d25-4787-5d8c-b28b-70c91ad211ac.pdf,J01DD63,https://greenbook.nafdac.gov.ng/products/details/12135,2026-09-27T21:22:20.085187+00:00
Greenbook NAFDAC,733,3059,Aviclav 1.2 Injection##,1,Drugs,"{'id': 1, 'name': 'Drugs', 'created_at': '-000001-11-30T00:00:00.000000Z', 'updated_at': '2022-03-17T16:53:12.000000Z', 'deleted_at': None}",1545,Amoxicillin (Amoxicillin Sodium); Clavulanic Acid (Potassium Clavulanate),,B4-1681,70,Powder for injection,12,Intravenous,1000 mg; 200 mg,581,Afri Generics Limited,2021-08-26,2026-08-25,Inactive,Powder for Solution for Injection,1 x 1.2 g (in vial) + Sterilised Water for Injection (in ampoules),"Each combipack contains;

a) Each vial contains: Sterile Amoxicillin Sodium BP equivalent to 1000 mg, Sterile Potassium Clavulanate BP equivalent to Clavulanic 200 mg

b) Two ampoules of Sterilised Water for injections BP 10 mL
",https://admin.greenbook.nafdac.gov.ng/uploadImage/smpc_files/2024/09/20/202409205d228290-260e-54c4-9854-75e91a59cae3.pdf,J01CR02,https://greenbook.nafdac.gov.ng/products/details/3059,2026-09-27T21:22:20.085187+00:00
Greenbook NAFDAC,734,8568,Avinate 120 Injection**,1,Drugs,"{'id': 1, 'name': 'Drugs', 'created_at': '-000001-11-30T00:00:00.000000Z', 'updated_at': '2022-03-17T16:53:12.000000Z', 'deleted_at': None}",541,Artesunate,,A4-101064,70,Powder for injection,29,Intravenous; Intramuscular,120 mg,319,Tyonex Nigeria Limited,2024-10-31,2029-10-30,Active,Powder for solution for injection in clear glass vial + solvents in ampoules (2 mL Sodium Bicarbonate USP 5% w/v + 10 mL Sodium Chloride USP 0.9% w/v),1 x 1&#039;s (in clear glass vial) + Solvents (in ampoules),"Artesunate Injection 120 mg
Each Combipack contains:
A) One vial of Artesunate 120 mg
B) 2 mL ampoule of Sodium Bicarbonate Injection USP 5% w/v
C) 10 mL Ampoule of Sodium Chloride Injection USP 0.9 % w/v",https://admin.greenbook.nafdac.gov.ng/uploadImage/smpc_files/2024/11/22/2024112214336528-2de0-5dc1-bd63-e66831906833.pdf,P01BE03,https://greenbook.nafdac.gov.ng/products/details/8568,2026-09-27T21:22:20.085187+00:00
Greenbook NAFDAC,735,8569,Avinate 30 Injection**,1,Drugs,"{'id': 1, 'name': 'Drugs', 'created_at': '-000001-11-30T00:00:00.000000Z', 'updated_at': '2022-03-17T16:53:12.000000Z', 'deleted_at': None}",541,Artesunate,,A4-101063,70,Powder for injection,29,Intravenous; Intramuscular,30 mg,319,Tyonex Nigeria Limited,2024-10-31,2029-10-30,Active,Powder for solution for injection in clear glass vial + solvents in ampoules (0.5 mL Sodium Bicarbonate USP 5% w/v + 2.5 mL Sodium Chloride USP 0.9% w/v),1 x 1&#039;s (in clear glass vial) + Solvents (in ampoules),"Artesunate Injection 30 mg
Each Combipack contains:
A) One vial of Artesunate 30 mg
B) 0.5 mL ampoule of Sodium Bicarbonate Injection USP 5% w/v
C) 2.5 mL Ampoule of Sodium Chloride Injection USP 0.9 % w/v",https://admin.greenbook.nafdac.gov.ng/uploadImage/smpc_files/2024/11/22/202411227bd3535c-b1b9-5f3a-854e-5ea81bbb4ccf.pdf,P01BE03,https://greenbook.nafdac.gov.ng/products/details/8569,2026-09-27T21:22:20.085187+00:00
Greenbook NAFDAC,736,6372,Avinate 60 Injection**,1,Drugs,"{'id': 1, 'name': 'Drugs', 'created_at': '-000001-11-30T00:00:00.000000Z', 'updated_at': '2022-03-17T16:53:12.000000Z', 'deleted_at': None}",541,Artesunate,,A4-100565,70,Powder for injection,29,Intravenous; Intramuscular,60 mg,319,Tyonex Nigeria Limited,2023-10-31,2028-10-30,Active,Powder for solution for injection in clear glass vial + solvents in ampoules (2 mL Sodium Bicarbonate USP 5% w/v + 10 mL Sodium Chloride USP 0.9% w/v),1 x 1&#039;s (in clear glass vial) + Solvents (in ampoules),"Artesunate Injection 60 mg
Each Combipack contains:
A) One vial of Artesunate 60 mg
B) 1 mL ampoule of Sodium Bicarbonate Injection USP 5% w/v
C) 5 mL Ampoule of Sodium Chloride Injection USP 0.9 % w/v",https://admin.greenbook.nafdac.gov.ng/uploadImage/smpc_files/2023/11/10/20231110ed7d9ce4-b525-5b0c-abc2-af7d31db5051.pdf,P01BE03,https://greenbook.nafdac.gov.ng/products/details/6372,2026-09-27T21:22:20.085187+00:00
Greenbook NAFDAC,737,8515,Avipol Injection**,1,Drugs,"{'id': 1, 'name': 'Drugs', 'created_at': '-000001-11-30T00:00:00.000000Z', 'updated_at': '2022-03-17T16:53:12.000000Z', 'deleted_at': None}",1529,Paracetamol,Acetaminophen,04-8489,107,Solution for injection,29,Intravenous; Intramuscular,300 mg/2 mL,27,Fidson Healthcare PLC,2021-08-26,2026-08-25,Inactive,"Solution for injection in 2-mL amber coloured ampoule.
A clear and colourless solution",2 mL x 20 x 5&#039;s (in amber coloured ampoules),"Each mL contains: Paracetamol BP 150 mg, Lignocaine Hydrochloride BP 1% w/v, Benzyl Alcohol (as Preservative) BP 1% w/v, Water for Injections BP q.s.",https://admin.greenbook.nafdac.gov.ng/uploadImage/smpc_files/2024/11/15/202411151e07027a-95f9-57cf-898b-3792472e4204.pdf,,https://greenbook.nafdac.gov.ng/products/details/8515,2026-09-27T21:22:20.085187+00:00
Greenbook NAFDAC,738,4726,Avitor Tablet##,1,Drugs,"{'id': 1, 'name': 'Drugs', 'created_at': '-000001-11-30T00:00:00.000000Z', 'updated_at': '2022-03-17T16:53:12.000000Z', 'deleted_at': None}",300,Atorvastatin (Atorvastatin Calcium),,B4-2522,1,Tablet,1,Oral,20 mg,554,Reagan Remedies Limited,2023-07-06,2028-07-05,Active,"Tablet

36	RNW-PP-100963	AVITOR TABLET	ATORVASTATIN	ATORVASTATIN 20MG	B4-2522	Drugs	CARDIOVASCULAR SYSTEM	Nigerian Products	30*1PACK	Prescription Only Medicine (POM)	9/28/2019	REAGAN REMEDIES LIMITED, UMARU MUSA YARA&#039;DUA DRIVE, OWERRI OWERRI IMO	8032223520	reganremedies@gmail.com	REAGAN REMEDIES LIMITED, 24, UMARU YAR&#039;ADUA DRIVE, OWERRI, IMO STATE , NIGARIAA., Nigeria",1 x 30&#039;s,,,C10AA05,https://greenbook.nafdac.gov.ng/products/details/4726,2026-09-27T21:22:20.085187+00:00
Greenbook NAFDAC,739,5576,Avocomb Tablets 150/300 mg## (no NRN),1,Drugs,"{'id': 1, 'name': 'Drugs', 'created_at': '-000001-11-30T00:00:00.000000Z', 'updated_at': '2022-03-17T16:53:12.000000Z', 'deleted_at': None}",608,Lamivudine; Zidovudine,,,1,Tablet,1,Oral,150 mg; 300 mg,276,Ranbaxy Nigeria Limited,2023-03-28,2028-03-27,Active,"Film Coated Tablet
White to off-white, film-coated, capsule-shaped tablets debossed with &quot;RX923&quot; on one side and plain on the other side",1 x 60&#039;s (in HDPE bottle),"Each tablet contains: Lamivudine 150 mg, Zidovudine 300 mg
Excipients q.s.",https://admin.greenbook.nafdac.gov.ng/uploadImage/smpc_files/2024/12/24/202412247e408225-fba6-5ff5-94c2-134e6e542066.pdf,J05AR01,https://greenbook.nafdac.gov.ng/products/details/5576,2026-09-27T21:22:20.085187+00:00
Greenbook NAFDAC,740,11412,Avodart Capsules_,1,Drugs,"{'id': 1, 'name': 'Drugs', 'created_at': '-000001-11-30T00:00:00.000000Z', 'updated_at': '2022-03-17T16:53:12.000000Z', 'deleted_at': None}",696,Dutasteride,,A4-3811,2,Capsule,1,Oral,0.5 mg,1231,Fensyl MHP Consulting Limited,2025-07-30,2030-07-29,Active,"Capsule.
Dull-yellow in color, opaque, oblong soft gelatin capsules marked with &quot;GX CE2&quot;",3 x 10&#039;s (in PVC-PVDC blisters),"Each soft gelatin capsule contains: Dutasteride 0.5 mg
Excipients q.s.",https://admin.greenbook.nafdac.gov.ng/uploadImage/smpc_files/2025/09/04/20250904a814a0cf-a515-56d0-8de3-e07683dcbc04.pdf,G04CB02,https://greenbook.nafdac.gov.ng/products/details/11412,2026-09-27T21:22:20.085187+00:00
Greenbook NAFDAC,741,11110,Avonza Tablet##,1,Drugs,"{'id': 1, 'name': 'Drugs', 'created_at': '-000001-11-30T00:00:00.000000Z', 'updated_at': '2022-03-17T16:53:12.000000Z', 'deleted_at': None}",607,Tenofovir Disoproxil Fumarate; Lamivudine; Efavirenz,,B4-9860,1,Tablet,1,Oral,300 mg; 300 mg; 400 mg,193,Healthline Limited,2025-04-30,2030-04-29,Active,"Film Coated Tablet
A white to off-white, film coated, oval, biconvex, beveled edge tablet debossed with M on one side of the tablet and TLE on the other side
","1 x 30&#039;s, 1 x 90&#039;s (in HDPE bottles)","Each tablet contains: Tenofovir Disoproxil Fumarate 300 mg, Lamivudine USP 300 mg, Efavirenz USP 400 mg
Excipients with known effects:  Lactose Monohydrate 218 mg
Excipients q.s.",https://admin.greenbook.nafdac.gov.ng/uploadImage/smpc_files/2025/05/25/2025052559596ffd-7de5-5d4b-907f-9531897255e3.pdf,J05AR11,https://greenbook.nafdac.gov.ng/products/details/11110,2026-09-27T21:22:20.085187+00:00
Greenbook NAFDAC,742,10610,Avro Allergy Relief Plus Syrup_,1,Drugs,"{'id': 1, 'name': 'Drugs', 'created_at': '-000001-11-30T00:00:00.000000Z', 'updated_at': '2022-03-17T16:53:12.000000Z', 'deleted_at': None}",2049,Diphenhydramine Hydrochloride; Phenylephrine Hydrochloride,,A11-1241,103,Syrup,1,Oral,12.5 mg/5 mL; 5 mg/5 mL,78,Avro Pharma Limited,2021-03-29,2026-03-28,Inactive,"Oral solution.
Clear and reddish liquid",100 mL (in amber PET bottle),"Each 5 mL contains: Diphenhydramine Hydrochloride 12.5 mg and Phenylephrine Hydrochloride 5 mg
",https://admin.greenbook.nafdac.gov.ng/uploadImage/smpc_files/2025/01/21/202501211d669427-2e50-5a15-8f0c-ba35fedc01be.pdf,R01BA53,https://greenbook.nafdac.gov.ng/products/details/10610,2026-09-27T21:22:20.085187+00:00
Greenbook NAFDAC,743,10412,Avro Antidiarrhoeal Mixture**,1,Drugs,"{'id': 1, 'name': 'Drugs', 'created_at': '-000001-11-30T00:00:00.000000Z', 'updated_at': '2022-03-17T16:53:12.000000Z', 'deleted_at': None}",197,Light Kaolin,,A4-9122,102,Suspension,1,Oral,1 g/5 mL,78,Avro Pharma Limited,2021-10-28,2026-10-27,Active,Oral Suspension,100 mL (in amber bottle),Each 5 mL contains: Light Kaolin 1 g,https://admin.greenbook.nafdac.gov.ng/uploadImage/smpc_files/2025/01/22/20250122ab68454c-a814-5965-a1f8-baa207cdaf49.pdf,A07BC02,https://greenbook.nafdac.gov.ng/products/details/10412,2026-09-27T21:22:20.085187+00:00
Greenbook NAFDAC,744,5577,Avro Apetit Syrup_,1,Drugs,"{'id': 1, 'name': 'Drugs', 'created_at': '-000001-11-30T00:00:00.000000Z', 'updated_at': '2022-03-17T16:53:12.000000Z', 'deleted_at': None}",1656,Cyproheptadine Hydrochloride; Vitamin B1; Vitamin B2; Vitamin B6; Vitamin B12,,B4-4501,103,Syrup,1,Oral,2 mg; 1 mg; 0.5 mg; 0.5 mg; 2 mcg ,78,Avro Pharma Limited,2021-09-28,2026-09-27,Active,"Oral Liquid.
Yellowish syrup with taste of orange flavour",200 mL (in PET bottle),"Each 5 mL contains: Cyproheptadine Hydrochloride 2 mg, Vitamin B1 1 mg, Vitamin B2 0.5 mg, Vitamin B6 0.5 mg, and Vitamin B12 2 mcg
Excipients q.s.",https://admin.greenbook.nafdac.gov.ng/uploadImage/smpc_files/2025/03/25/202503252b6f0bef-2820-5dcc-93fe-38429d0f2c78.pdf,A11EX,https://greenbook.nafdac.gov.ng/products/details/5577,2026-09-27T21:22:20.085187+00:00
Greenbook NAFDAC,745,4996,Avro Chesty Cough Syrup_,1,Drugs,"{'id': 1, 'name': 'Drugs', 'created_at': '-000001-11-30T00:00:00.000000Z', 'updated_at': '2022-03-17T16:53:12.000000Z', 'deleted_at': None}",1704,Bromhexine Hydrochloride; Guaifenesin; Pseudoephedrine Hydrochloride,,A11-100548,103,Syrup,1,Oral,8 mg/10 mL; 100 mg/10 mL; 60 mg/10 mL,78,Avro Pharma Limited,2023-07-27,2028-07-26,Active,"A red-colored, clear, slightly viscous oral liquid",1 x 100 mL (in bottle),"Each 10 mL syrup contains: Bromhexine Hydrochloride 8 mg, Guaifenesin 100 mg, and Pseudoephedrine Hydrochloride 60 mg
Excipients q.s.",https://admin.greenbook.nafdac.gov.ng/uploadImage/smpc_files/2023/10/02/20231002f881a421-5b99-543f-ba81-76ba65582e33.pdf,R01BA52,https://greenbook.nafdac.gov.ng/products/details/4996,2026-09-27T21:22:20.085187+00:00
Greenbook NAFDAC,746,11370,Avro Clopidogrel Tablet 75 mg**,1,Drugs,"{'id': 1, 'name': 'Drugs', 'created_at': '-000001-11-30T00:00:00.000000Z', 'updated_at': '2022-03-17T16:53:12.000000Z', 'deleted_at': None}",296,Clopidogrel (Clopidogrel Bisulfate),,A11-100881,1,Tablet,1,Oral,75 mg,78,Avro Pharma Limited,2025-05-27,2030-05-26,Active,"Film-coated Tablet.
Light pink to pink, slightly convex film-coated tablets",1 x 30&#039;s (in Alu-Alu blisters),"Each film-coated tablet contains: Clopidogrel as Clopidogrel Bisulfate 75 mg, Excipients q.s.
",https://admin.greenbook.nafdac.gov.ng/uploadImage/smpc_files/2025/07/02/202507028fbb2a56-d456-5b8c-a7d3-e0029e816124.pdf,B01AC04,https://greenbook.nafdac.gov.ng/products/details/11370,2026-09-27T21:22:20.085187+00:00
Greenbook NAFDAC,747,4271,Avro Gripewater##,1,Drugs,"{'id': 1, 'name': 'Drugs', 'created_at': '-000001-11-30T00:00:00.000000Z', 'updated_at': '2022-03-17T16:53:12.000000Z', 'deleted_at': None}",1085,Sodium bicarbonate; Dill oil; Ginger tinct.,,A11-0250,103,Syrup,1,Oral,50 mg/5 mL; 2.14 mg/5 mL; 0.368 mL/5 mL,78,Avro Pharma Limited,2021-10-28,2026-10-27,Active,Syrup,,"Each 5 mL syrup contains: Terpeneless Dill Seed Oil 2.14 mg, Sodium Bicarbonate B.P. 50 mg, Ginger Tincture 0.368 mL",https://admin.greenbook.nafdac.gov.ng/uploadImage/smpc_files/2025/03/25/20250325952e04c7-5fbf-53ee-bf51-d058c636537f.pdf,A02AH,https://greenbook.nafdac.gov.ng/products/details/4271,2026-09-27T21:22:20.085187+00:00
Greenbook NAFDAC,748,10613,Avro Hand Sanitizer_,1,Drugs,"{'id': 1, 'name': 'Drugs', 'created_at': '-000001-11-30T00:00:00.000000Z', 'updated_at': '2022-03-17T16:53:12.000000Z', 'deleted_at': None}",2050,Alcohol,,03-3183,101,Liquid,21,Topical,70%,78,Avro Pharma Limited,2020-11-13,2025-11-12,Inactive,"Gel for cutaneous administration.
Clear colorless gel",60 mL (in plastic bottle),"Composition: Alcohol 70% w/v
Excipients: Glycerol, Carbomer, Triethanolamine, Deionized Water",https://admin.greenbook.nafdac.gov.ng/uploadImage/smpc_files/2025/01/22/20250122a0b3e0f5-f211-5ea6-a9c0-045b47a9464d.pdf,D08AX08,https://greenbook.nafdac.gov.ng/products/details/10613,2026-09-27T21:22:20.085187+00:00
Greenbook NAFDAC,749,4269,Avro Night Capsule##,1,Drugs,"{'id': 1, 'name': 'Drugs', 'created_at': '-000001-11-30T00:00:00.000000Z', 'updated_at': '2022-03-17T16:53:12.000000Z', 'deleted_at': None}",1234,Diphenhydramine Hydrochloride,,A11-100083,2,Capsule,1,Oral,25 mg,78,Avro Pharma Limited,2021-05-07,2026-05-06,Inactive,Capsule,,Each capsule contains: Diphenhydramine Hydrochloride 25 mg,https://admin.greenbook.nafdac.gov.ng/uploadImage/smpc_files/2025/03/25/202503255058fb18-3cd8-5276-a4f6-1a34724817fa.pdf,R06AA02,https://greenbook.nafdac.gov.ng/products/details/4269,2026-09-27T21:22:20.085187+00:00
Greenbook NAFDAC,750,9948,Avro Paracetamol Drops_,1,Drugs,"{'id': 1, 'name': 'Drugs', 'created_at': '-000001-11-30T00:00:00.000000Z', 'updated_at': '2022-03-17T16:53:12.000000Z', 'deleted_at': None}",1529,Paracetamol,Acetaminophen,B4-0974,60,Drops,1,Oral,100 mg/mL,291,SKG - Pharma Ltd,2021-08-03,2026-08-02,Inactive,"Oral liquid solution.
Colorless to pale pink solution with characteristic flavour",15 mL (in amber glass bottle),"Each mL contains: Paracetamol 100 mL
Excipients q.s",https://admin.greenbook.nafdac.gov.ng/uploadImage/smpc_files/2025/01/22/20250122f6b472af-acf5-54de-9265-f0fb31f26e96.pdf,N02BE01,https://greenbook.nafdac.gov.ng/products/details/9948,2026-09-27T21:22:20.085187+00:00
Greenbook NAFDAC,751,6650,Avro Paracetamol Tablet##,1,Drugs,"{'id': 1, 'name': 'Drugs', 'created_at': '-000001-11-30T00:00:00.000000Z', 'updated_at': '2022-03-17T16:53:12.000000Z', 'deleted_at': None}",1529,Paracetamol,Acetaminophen,A4-8338,1,Tablet,1,Oral,500 mg,78,Avro Pharma Limited,2023-12-21,2028-12-20,Active,"Tablets
White uncoated tablets marked with &#039;P-500&quot; with a score line on one side, and &quot;AVRO&quot; on the other side. 

114	RNW-PP-299438	AVRO PARACETAMOL TABLET	PARACETAMOL	PARACETAMOL 500MG, MAIZE STARCH, POVIDONE K-30, METHYL HYDROXYBENZOATE, TALC POWDER, MAGNESIUM STEARATE	A4-8338	Drugs	Nigerian Products	x96	OTC	12/23/2022	AVRO PHARMA LIMITED, DAID HOUSE, PLOT 2,BLOCK J, LIMCA WAY, ISOLO INDUSTRIAL ESTATE, OSHODI APAPA, EXPRESSWAY, ISOLO, LAGOS, NIGERIA	17410411	lewachionline@yahoo.com	SKG-PHARMA LIMITED, 7/9 SAPARA STREET, OFF OBA AKRAN AVENUE, IKEJA, LAGOS., Nigeria",8 x 12&#039;s (in PVC-Alu blisters),"Each tablet contains: Paracetamol 500 mg
Excipients: Maize Starch, Povidone K-30, Methyl Hydroxybenzoate, Talc Powder, Magnesium Stearate",https://admin.greenbook.nafdac.gov.ng/uploadImage/smpc_files/2024/12/25/20241225ee94a079-58b6-5bf3-855b-cd79307a34e6.pdf,N02BE01,https://greenbook.nafdac.gov.ng/products/details/6650,2026-09-27T21:22:20.085187+00:00
Greenbook NAFDAC,752,495,Avro-C 300 mg/5 mL Syrup##,1,Drugs,"{'id': 1, 'name': 'Drugs', 'created_at': '-000001-11-30T00:00:00.000000Z', 'updated_at': '2022-03-17T16:53:12.000000Z', 'deleted_at': None}",346,Ascorbic Acid,Vitamin C,A4-5664,103,Syrup,1,Oral,300 mg/5 mL,78,Avro Pharma Limited,2021-09-28,2026-09-27,Active,"Syrup
A clear colorless to amber colored flavored syrup
",1 x 100 mL (in amber bottle),"Each 5 mL syrup contains: Ascorbic Acid 300 mg
Excipients q.s.",https://admin.greenbook.nafdac.gov.ng/uploadImage/smpc_files/2024/11/14/20241114141a06fb-7f9e-5ac5-94eb-4497e813a91d.pdf,A11GA01,https://greenbook.nafdac.gov.ng/products/details/495,2026-09-27T21:22:20.085187+00:00
Greenbook NAFDAC,753,7269,AVRO-C Drops##,1,Drugs,"{'id': 1, 'name': 'Drugs', 'created_at': '-000001-11-30T00:00:00.000000Z', 'updated_at': '2022-03-17T16:53:12.000000Z', 'deleted_at': None}",346,Ascorbic Acid,Vitamin C,B4-0975,60,Drops,1,Oral,100 mg/mL,78,Avro Pharma Limited,2024-03-27,2029-03-26,Active,"Drops

12	RNW-PP-401349	AVRO-C DROPS	ASCORBIC ACID (VITAMIN C)	PER 1ML: ASCORBIC ACID (VITAMIN C) B.P 100MG, METHYL HYDROXBENZOATE, RIBOFLAVIN, CITRIC ACID, PROPYLENE GLYCOL, GLYCEROL, SORBITOL SOLUTION, LIQUID GLUCOSE, DEIONISED WATER.	B4-0975	Drugs	Nigerian Products	15ML	OTC	2/2/2024	AVRO PHARMA LIMITED, , KAARA ST. AJAO ESTATE, LAGOS ISOLO LAGOS	17410411	lewachionline@yahoo.com	SKG-PHARMA LIMITED, 7/9 SAPARA STREET, OFF OBA AKRAN AVENUE, IKEJA, LAGOS., Nigeria",1 x 15 mL (in amber bottle),"Each 1 mL contains: 100 mg Ascorbic Acid (Vitamin C)
Excipients: Methyl Hydroxybenzoate, Riboflavin, Citric Acid, Propylene Glycol, Glycerol, Sorbitol Solution (70%) Non-Crystallizing, Liquid Glucose, Deionized Water",https://admin.greenbook.nafdac.gov.ng/uploadImage/smpc_files/2024/04/18/20240418613d7a7a-ef35-5df6-b960-7f123dc68ed0.pdf,A11GA01,https://greenbook.nafdac.gov.ng/products/details/7269,2026-09-27T21:22:20.085187+00:00
Greenbook NAFDAC,754,6758,AVRO-C Syrup 100 mg/5 mL##,1,Drugs,"{'id': 1, 'name': 'Drugs', 'created_at': '-000001-11-30T00:00:00.000000Z', 'updated_at': '2022-03-17T16:53:12.000000Z', 'deleted_at': None}",346,Ascorbic Acid,Vitamin C,A4-8333,103,Syrup,1,Oral,100 mg/5 mL,78,Avro Pharma Limited,2023-12-21,2028-12-20,Active,"A clear yellow colored flavored syrup

88	RNW-PP-287656	AVRO-C SYRUP 100MG/5ML	ASCORBIC ACID	ASCORBIC ACID 100MG/5ML, SUCROSE, METHYL HYDROXYBENZOATE, SODIUM BICARBONATE, CITRIC ACID ANHYDROUS, SODIUM METABISULFITE, SWEET ORANGE FLAVOUR, LEMON FLAVOUR, PROPYLENE GLYCOL, GLYCEROL, DEIONISED WATER.	A4-8333	Drugs	Nigerian Products	100ML	OTC	10/13/2022	AVRO PHARMA LIMITED, DAID HOUSE, PLOT 2,BLOCK J, LIMCA WAY, ISOLO INDUSTRIAL ESTATE, OSHODI APAPA, EXPRESSWAY, ISOLO, LAGOS, NIGERIA	17410411	lewachionline@yahoo.com	SKG-PHARMA LIMITED, 7/9 SAPARA STREET, OFF OBA AKRAN AVENUE, IKEJA LAGOS, Nigeria",1 x 100 mL (in amber bottle),"Each 5 mL contains: Ascorbic Acid (Vitamin C) 100 mg
Excipients: Sucrose, Methyl Hydroxybenzoate, Riboflavin, Propylene Glycol, Sorbitol Solution 70%, Sodium Citrate, Citric Acid, Sodium Chloride, Xanthan Gum, Aspartame, Disodium EDTA, Pineapple Flavor, Deionized Water
",https://admin.greenbook.nafdac.gov.ng/uploadImage/smpc_files/2024/11/14/2024111416c6d807-16aa-5bf9-99ef-9fb0c779e90f.pdf,A11GA01,https://greenbook.nafdac.gov.ng/products/details/6758,2026-09-27T21:22:20.085187+00:00
Greenbook NAFDAC,755,4433,AVRO-Z 25 mg Tablet##,1,Drugs,"{'id': 1, 'name': 'Drugs', 'created_at': '-000001-11-30T00:00:00.000000Z', 'updated_at': '2022-03-17T16:53:12.000000Z', 'deleted_at': None}",808,Zinc (Zinc Sulfate),,A11-100109,1,Tablet,1,Oral,25 mg,78,Avro Pharma Limited,2021-05-07,2026-05-06,Inactive,"Tablet

ZINC SULPHATE, DICALCIUM PHOSPHATE, AEROSIL, MAGNESIUM STEARATE, ISOPROPYL ALCOHOL, MICROCRYSTALLINE CELLULOSE, POVIDONE K.",,"Each tablet contains: Zinc Sulfate
Excipients: Dicalcium Phosphate, Aerosil, Magnesium Stearate, Isopropyl Alcohol, Microcrystalline Cellulose, Povidone K",https://admin.greenbook.nafdac.gov.ng/uploadImage/smpc_files/2025/03/25/2025032506d86ac6-37e0-5776-9e15-12d63f719a47.pdf,A12CA,https://greenbook.nafdac.gov.ng/products/details/4433,2026-09-27T21:22:20.085187+00:00
Greenbook NAFDAC,756,4274,Avro-Z 25 mg Tablet## (duplicate),1,Drugs,"{'id': 1, 'name': 'Drugs', 'created_at': '-000001-11-30T00:00:00.000000Z', 'updated_at': '2022-03-17T16:53:12.000000Z', 'deleted_at': None}",808,Zinc (Zinc Sulfate),,A11-100109,1,Tablet,1,Oral,25 mg,78,Avro Pharma Limited,2021-05-07,2026-05-06,Inactive,Tablet,,Each tablet contains: Zinc (as Zinc Sulfate) 25 mg,https://admin.greenbook.nafdac.gov.ng/uploadImage/smpc_files/2025/03/25/202503253bbc2c2b-5219-523a-9c11-893d6ee81f41.pdf,A12CB01,https://greenbook.nafdac.gov.ng/products/details/4274,2026-09-27T21:22:20.085187+00:00
Greenbook NAFDAC,757,4434,Avro-Z 50 mg Tablet##,1,Drugs,"{'id': 1, 'name': 'Drugs', 'created_at': '-000001-11-30T00:00:00.000000Z', 'updated_at': '2022-03-17T16:53:12.000000Z', 'deleted_at': None}",808,Zinc (Zinc Sulfate),,A11-100110,1,Tablet,1,Oral,50 mg,78,Avro Pharma Limited,2021-05-07,2026-05-06,Inactive,"Tablet

ZINC SULPHATE, DICALCIUM PHOSPHATE, MAGNESIUM STEARATE, ISOPROPYL ALCOHOL, POVIDONE K, MICROCRYSTALLINE CELLULOSE
",,"Each tablet contains: Zinc Sulfate 50 mg
Excipients: Dicalcium Phosphate, Magnesium Stearate, Isopropyl Alcohol, Povidone K, Microcrystalline Cellulose",https://admin.greenbook.nafdac.gov.ng/uploadImage/smpc_files/2025/03/25/202503252d7dbb9d-6a88-51e4-9c51-a20f419253df.pdf,A12C,https://greenbook.nafdac.gov.ng/products/details/4434,2026-09-27T21:22:20.085187+00:00
Greenbook NAFDAC,758,4275,Avro-Z 50 mg Tablet## (duplicate),1,Drugs,"{'id': 1, 'name': 'Drugs', 'created_at': '-000001-11-30T00:00:00.000000Z', 'updated_at': '2022-03-17T16:53:12.000000Z', 'deleted_at': None}",808,Zinc (Zinc Sulfate),,A11-100110,1,Tablet,1,Oral,50 mg,78,Avro Pharma Limited,2021-05-07,2026-05-06,Inactive,Tablet,,Each tablet contains: Zinc (as Zinc Sulfate) 25 mg,https://admin.greenbook.nafdac.gov.ng/uploadImage/smpc_files/2025/03/25/202503255ddcc97e-428d-520e-96b6-4e741da63dd8.pdf,A12CB01,https://greenbook.nafdac.gov.ng/products/details/4275,2026-09-27T21:22:20.085187+00:00
Greenbook NAFDAC,759,6508,Avrobalm Ointment##,1,Drugs,"{'id': 1, 'name': 'Drugs', 'created_at': '-000001-11-30T00:00:00.000000Z', 'updated_at': '2022-03-17T16:53:12.000000Z', 'deleted_at': None}",114,Methyl Salicylate,, A4-8339,58,Ointment,21,Topical,50%,78,Avro Pharma Limited,2023-11-30,2028-11-29,Active,"Ointment
Pale yellow ointment

AVROBALM OINTMENT	METHYL SALICYLATE	METHYL SALICYLATE 50%W/W, WHITE SOFT PARAFFIN, HARD SOFT PARAFFIN, MICROCRYSTALLINE WAX, YELLOW COLOUR	A4-8339	Drugs	VARIOUS	Nigerian Products	80G,25G,500G	OTC	22/12/2022	AVRO PHARMA LIMITED, DAID HOUSE, PLOT 2,BLOCK J, LIMCA WAY, ISOLO INDUSTRIAL ESTATE, OSHODI APAPA, EXPRESSWAY, ISOLO, LAGOS, NIGERIA	17410411	lewachionline@yahoo.com	SKG-PHARMA LIMITED, 7/9 SAPARA STREET, OFF OBA AKRAN AVENUE, IKEJA, LAGOS., Nigeria","80 g, 25 g, 500 g (in PET jars)","Each jar contains: Methyl Salicylate 50% w/w
Excipients: Methyl Salicylate, White Soft Paraffin, Hard Paraffin Wax, Microcrystalline Wax, Yellow Color (Oil Soluble)",https://admin.greenbook.nafdac.gov.ng/uploadImage/smpc_files/2023/12/14/20231214df6622d8-e4c0-5a37-b576-5c641555492e.pdf,D02AF,https://greenbook.nafdac.gov.ng/products/details/6508,2026-09-27T21:22:20.085187+00:00
Greenbook NAFDAC,760,9860,Avrobion Syrup**,1,Drugs,"{'id': 1, 'name': 'Drugs', 'created_at': '-000001-11-30T00:00:00.000000Z', 'updated_at': '2022-03-17T16:53:12.000000Z', 'deleted_at': None}",1643,Thiamine Hydrochloride; Riboflavin; Pyridoxine Hydrochloride; Niacinamide,,A4-8332,103,Syrup,1,Oral,5mg/5 mL; 2 mg/5 mL; 2 mg/5 mL; 20 mg/5 mL,291,SKG - Pharma Ltd,2021-08-03,2026-08-02,Inactive,Oral Solution,100 mL (in amber bottle),"Each 5 mL of  Avrobion Syrup contains: Thiamine Hydrochloride 5 mg, Riboflavin 2 mg, Nicotinamide 20 mg, Pyridoxine Hydrochloride 2 mg

Excipients:
Sucrose, Methyl Hydroxybenzoate, Polysorbate 80, Glycerol, Orange Flavour, Deionised Water",https://admin.greenbook.nafdac.gov.ng/uploadImage/smpc_files/2025/01/22/20250122dc963259-19d8-5ea3-bae7-6cfc68c5f93b.pdf,,https://greenbook.nafdac.gov.ng/products/details/9860,2026-09-27T21:22:20.085187+00:00
Greenbook NAFDAC,761,7383,Avrocal-D Caplet**,1,Drugs,"{'id': 1, 'name': 'Drugs', 'created_at': '-000001-11-30T00:00:00.000000Z', 'updated_at': '2022-03-17T16:53:12.000000Z', 'deleted_at': None}",1255,Calcium; Vitamin D3; Magnesium; Zinc,,A11-0902,108,Caplet,1,Oral,300 mg; 200 IU; 100 mg; 4 mg,78,Avro Pharma Limited,2024-03-27,2029-03-26,Active,"Caplet.
Orange, biconvex, oblong tablets, with a score line on one side and embossed “AVC-D” on the other side",3 x 10&#039;s; 10 x 10&#039;s (in Alu/PVC blisters),"Each tablet contains: Calcium 300 mg (as Calcium Carbonate), Vitamin D3 200 IU (as Cholecalciferol), Magnesium 100 mg (as Magnesium Hydroxide), Zinc 4 mg (as Zinc Sulphate)",https://admin.greenbook.nafdac.gov.ng/uploadImage/smpc_files/2024/04/22/20240422a60e8e99-5a35-5eb9-ab98-5316a77965ee.pdf,A11AA,https://greenbook.nafdac.gov.ng/products/details/7383,2026-09-27T21:22:20.085187+00:00
Greenbook NAFDAC,762,5004,Avrocid Suspension Banana Flavour**,1,Drugs,"{'id': 1, 'name': 'Drugs', 'created_at': '-000001-11-30T00:00:00.000000Z', 'updated_at': '2022-03-17T16:53:12.000000Z', 'deleted_at': None}",152,Aluminium hydroxide; Magnesium hydroxide; Simeticone,,A11-100461,102,Suspension,1,Oral,468.1 mg/5 mL; 100 mg/5 mL; 125 mg/5 mL,78,Avro Pharma Limited,2023-02-23,2028-02-22,Active,"Oral suspension.
A greenish yellow coloured, flavoured suspension",200 mL (in amber coloured bottle),"Each 5 mL of oral suspension contains: Dried Aluminium Hydroxide Gel 468.1 mg, Magnesium Hydroxide 100 mg, Activated Methylpolysiloxane (Simethicone) 125 mg",https://admin.greenbook.nafdac.gov.ng/uploadImage/smpc_files/2023/10/02/202310028288a463-5a1e-5018-8f4d-92f42d8627a7.pdf,A02AF,https://greenbook.nafdac.gov.ng/products/details/5004,2026-09-27T21:22:20.085187+00:00
Greenbook NAFDAC,763,5006,Avrocid Suspension Strawberry Flavour**,1,Drugs,"{'id': 1, 'name': 'Drugs', 'created_at': '-000001-11-30T00:00:00.000000Z', 'updated_at': '2022-03-17T16:53:12.000000Z', 'deleted_at': None}",152,Aluminium hydroxide; Magnesium hydroxide; Simeticone,,A11-100462,102,Suspension,1,Oral,468.1 mg/5 mL; 100 mg/5 mL; 125 mg/5 mL,78,Avro Pharma Limited,2023-02-23,2028-02-22,Active,"Oral suspension.
A pink coloured, flavoured suspension",200 mL (in amber coloured bottle),"Each 5 mL of oral suspension contains: Dried Aluminium Hydroxide Gel 468.1 mg, Magnesium Hydroxide 100 mg, Activated Methylpolysiloxane (Simethicone) 125 mg",https://admin.greenbook.nafdac.gov.ng/uploadImage/smpc_files/2023/10/02/2023100286cdb201-c633-5319-b9ca-9adf4719841e.pdf,A02AF,https://greenbook.nafdac.gov.ng/products/details/5006,2026-09-27T21:22:20.085187+00:00
Greenbook NAFDAC,764,5007,Avrocid Suspension Sugar Free**,1,Drugs,"{'id': 1, 'name': 'Drugs', 'created_at': '-000001-11-30T00:00:00.000000Z', 'updated_at': '2022-03-17T16:53:12.000000Z', 'deleted_at': None}",152,Aluminium hydroxide; Magnesium hydroxide; Simeticone,,A11-100460,102,Suspension,1,Oral,468.1 mg/5 mL; 100 mg/5 mL; 125 mg/5 mL,291,SKG - Pharma Ltd,2023-02-23,2028-02-22,Active,"Oral suspension.
A white coloured, flavoured suspension",200 mL (in amber coloured bottle),"Each 5 mL of oral suspension contains: Dried Aluminium Hydroxide Gel 468.1 mg, Magnesium Hydroxide 100 mg, Activated Methylpolysiloxane (Simethicone) 125 mg",https://admin.greenbook.nafdac.gov.ng/uploadImage/smpc_files/2024/09/22/202409228e80d1bb-15c4-5503-aeb9-d852a66b1fd1.pdf,A02AF,https://greenbook.nafdac.gov.ng/products/details/5007,2026-09-27T21:22:20.085187+00:00
Greenbook NAFDAC,765,12088,Avrocid Suspension_,1,Drugs,"{'id': 1, 'name': 'Drugs', 'created_at': '-000001-11-30T00:00:00.000000Z', 'updated_at': '2022-03-17T16:53:12.000000Z', 'deleted_at': None}",152,Aluminium hydroxide; Magnesium hydroxide; Simeticone,,A4-4711,102,Suspension,1,Oral,468.1 mg/5 mL; 100 mg/5 mL; 125 mg/5 mL,78,Avro Pharma Limited,2025-10-29,2030-10-28,Active,"Oral Suspension.
A yellow-colored, flavored suspension","1 x 100 mL,1 x 200 mL (in amber bottles)","Each 5 mL contains: Simeticone 125 mg, Magnesium Hydroxide 100 mg, and Dried Aluminium Hydroxide Gel 468.1 mg
Excipients q.s.",https://admin.greenbook.nafdac.gov.ng/uploadImage/smpc_files/2025/12/02/202512026f9ae777-bbdf-58e7-87c9-1d4c296b1af8.pdf,A02A,https://greenbook.nafdac.gov.ng/products/details/12088,2026-09-27T21:22:20.085187+00:00
Greenbook NAFDAC,766,4279,Avrocid Tablets**,1,Drugs,"{'id': 1, 'name': 'Drugs', 'created_at': '-000001-11-30T00:00:00.000000Z', 'updated_at': '2022-03-17T16:53:12.000000Z', 'deleted_at': None}",152,Aluminium hydroxide; Magnesium hydroxide; Simeticone,,B4-4704,6,Chewable tablet,1,Oral,300 mg; 25 mg; 10 mg,78,Avro Pharma Limited,2021-03-29,2026-03-28,Inactive,Chewable tablet,,"Each chewable tablet contains: Activated Methylpolysiloxane B.P. 10 mg (Simeticone), Magnesium Hydroxide B.P. 25 mg, Dried Aluminium Hydroxide Gel B.P. 300 mg

Excipients: Lactose B.P, Maize Starch, Peppermint Oil, Talc Powder, Aspartame Powder, FD &amp; C Yellow No, Dry Pineapple Flavour",https://admin.greenbook.nafdac.gov.ng/uploadImage/smpc_files/2025/03/25/20250325ec6bcdd2-2e81-55d6-b64c-118b418eef78.pdf,A02AF02,https://greenbook.nafdac.gov.ng/products/details/4279,2026-09-27T21:22:20.085187+00:00
Greenbook NAFDAC,767,7362,Avrocipro Caplet**,1,Drugs,"{'id': 1, 'name': 'Drugs', 'created_at': '-000001-11-30T00:00:00.000000Z', 'updated_at': '2022-03-17T16:53:12.000000Z', 'deleted_at': None}",752,Ciprofloxacin,,A11-0786,108,Caplet,1,Oral,500 mg,78,Avro Pharma Limited,2024-04-30,2029-05-01,Active,"Film-coated Caplets.
White, oval film-coated caplet embossed with &#039;CIP 500&#039; on one side and &#039;AVRO&#039; on the other side and contains 500 mg Ciprofloxacin base",1 x 10&#039;s; 10 x 10&#039;s (in Alu/PVC Blisters),Each film coated caplet contains: Ciprofloxacin Hydrochloride equivalent to Ciprofloxacin 500 mg,https://admin.greenbook.nafdac.gov.ng/uploadImage/smpc_files/2024/05/19/202405190857dba0-6db1-581e-95bf-16638326deb1.pdf,J01MA02,https://greenbook.nafdac.gov.ng/products/details/7362,2026-09-27T21:22:20.085187+00:00
Greenbook NAFDAC,768,10122,Avroclox Capsules##,1,Drugs,"{'id': 1, 'name': 'Drugs', 'created_at': '-000001-11-30T00:00:00.000000Z', 'updated_at': '2022-03-17T16:53:12.000000Z', 'deleted_at': None}",425,Ampicillin (Ampicillin Trihydrate); Cloxacillin (Cloxacillin Sodium),,A4-5670,2,Capsule,1,Oral,250 mg; 250 mg,291,SKG - Pharma Ltd,2021-10-28,2026-10-27,Active,Capsule,10 x 10&#039;s (in PVC-Alu blisters),"Each hard gelatin capsule contains: Ampicillin as Ampicillin Trihydrate 250 mg, Cloxacillin as Cloxacillin Sodium 250 mg
Excipients q.s.",https://admin.greenbook.nafdac.gov.ng/uploadImage/smpc_files/2025/01/22/20250122b9b89508-7987-5fce-a707-257a1fbbc32a.pdf,J01CF02,https://greenbook.nafdac.gov.ng/products/details/10122,2026-09-27T21:22:20.085187+00:00
Greenbook NAFDAC,769,536,Avroclox Suspension##,1,Drugs,"{'id': 1, 'name': 'Drugs', 'created_at': '-000001-11-30T00:00:00.000000Z', 'updated_at': '2022-03-17T16:53:12.000000Z', 'deleted_at': None}",425,Ampicillin (Ampicillin Trihydrate); Cloxacillin (Cloxacillin Sodium),,A4-5669,102,Suspension,1,Oral,125 mg/5 mL; 125 mg/5 mL,78,Avro Pharma Limited,2021-09-28,2026-09-27,Active,"Powder for Suspension
Avroclox Suspension is presented as a white flavored dry powder for reconstitution",1 x 100 mL (in amber PET bottle),"Each 5 mL suspension contains: Ampicillin (as Ampicillin Trihydrate) 125 mg, Cloxacillin (as Cloxacillin Sodium) 125 mg
Excipients q.s.",https://admin.greenbook.nafdac.gov.ng/uploadImage/smpc_files/2024/11/14/202411142e2bf0e1-91c6-576b-9d82-bb7c76c69ecc.pdf,J01CR01,https://greenbook.nafdac.gov.ng/products/details/536,2026-09-27T21:22:20.085187+00:00
Greenbook NAFDAC,770,5622,Avrocof Lozenges**,1,Drugs,"{'id': 1, 'name': 'Drugs', 'created_at': '-000001-11-30T00:00:00.000000Z', 'updated_at': '2022-03-17T16:53:12.000000Z', 'deleted_at': None}",1629,Ammonium chloride; Ipecacacuanha Extract; Liquorice Extract; Peppermint Oil; Aniseed Oil,,A11-0609,45,Lozenge,1,Oral,1 mg; 2.5 µL; 50 mg; 1 µL; 1 µL,78,Avro Pharma Limited,2023-05-25,2028-05-24,Active,Lozenge,10 x 10&#039;s (in blisters),"Each lozenge contains: Ammonium Chloride 1 mg, Ipecacuanha Liquid Extract BPC 2.5 ",https://admin.greenbook.nafdac.gov.ng/uploadImage/smpc_files/2024/12/25/202412254f93e8ce-af69-577f-9023-522e95435e33.pdf,R05CA10,https://greenbook.nafdac.gov.ng/products/details/5622,2026-09-27T21:22:20.085187+00:00
Greenbook NAFDAC,771,496,Avrocold Tablets##,1,Drugs,"{'id': 1, 'name': 'Drugs', 'created_at': '-000001-11-30T00:00:00.000000Z', 'updated_at': '2022-03-17T16:53:12.000000Z', 'deleted_at': None}",1022,Paracetamol; Phenylephrine; Chlorphenamine,,A4-4554,103,Syrup,1,Oral,500 mg; 5 mg; 2 mg,78,Avro Pharma Limited,2021-09-28,2026-09-27,Active,Syrup,,"Each tablet contains: Paracetamol 500 mg, Phenylephrine Hydrochloride 5 mg, Chlorpheniramine Maleate 2 mg",https://admin.greenbook.nafdac.gov.ng/uploadImage/smpc_files/2025/03/25/202503258e9e238a-c0ec-5d6d-83dd-7122ad061f3c.pdf,N02BE51,https://greenbook.nafdac.gov.ng/products/details/496,2026-09-27T21:22:20.085187+00:00
Greenbook NAFDAC,772,12089,Avrofed Syrup_,1,Drugs,"{'id': 1, 'name': 'Drugs', 'created_at': '-000001-11-30T00:00:00.000000Z', 'updated_at': '2022-03-17T16:53:12.000000Z', 'deleted_at': None}",825,Pseudoephedrine Hydrochloride; Triprolidine,,B4-1401,103,Syrup,1,Oral,30 mg/5 mL; 1.25 mg/5 mL,78,Avro Pharma Limited,2025-10-29,2030-10-28,Active,Syrup,1 x 50 mL (in amber bottle),"Each 5 mL contains: Tripolidine 1.25 mg and Pseudoephedrine 30 mg
Excipients q.s.",https://admin.greenbook.nafdac.gov.ng/uploadImage/smpc_files/2025/12/02/2025120252343705-ef5f-5b0a-a509-e11bf1bfc19c.pdf,R01BA52,https://greenbook.nafdac.gov.ng/products/details/12089,2026-09-27T21:22:20.085187+00:00
Greenbook NAFDAC,773,7841,"Avrofen 200 mg Capsules** (duplicate, different product)",1,Drugs,"{'id': 1, 'name': 'Drugs', 'created_at': '-000001-11-30T00:00:00.000000Z', 'updated_at': '2022-03-17T16:53:12.000000Z', 'deleted_at': None}",57,Ibuprofen,,A4-8336,2,Capsule,1,Oral,200 mg,78,Avro Pharma Limited,2024-07-31,2029-07-30,Active,"Capsule, hard.
A size two hard gelatin capsule having a white body inscribed “AFEN 200” and a blue cap inscribed “AVRO” containing a fine white granules fill",10 x 10&#039;s (in Alu/PVC Blisters),Each capsule contains: Ibuprofen BP 200 mg,https://admin.greenbook.nafdac.gov.ng/uploadImage/smpc_files/2024/09/16/20240916a9091452-e323-539b-b044-3ac6d9595e3a.pdf, M01AE,https://greenbook.nafdac.gov.ng/products/details/7841,2026-09-27T21:22:20.085187+00:00
Greenbook NAFDAC,774,7842,Avrofen 400 mg Capsules**,1,Drugs,"{'id': 1, 'name': 'Drugs', 'created_at': '-000001-11-30T00:00:00.000000Z', 'updated_at': '2022-03-17T16:53:12.000000Z', 'deleted_at': None}",57,Ibuprofen,,A4-8337,2,Capsule,1,Oral,400 mg,78,Avro Pharma Limited,2024-07-31,2029-07-30,Active,"Capsule, hard.
A size zero hard gelatin capsule having a white body inscribed “AFEN 400” and red cap inscribed “AVRO” containing a fine white granules fill",10 x 10&#039;s (in Alu/PVC Blisters),Each capsule contains: Ibuprofen BP 400 mg,https://admin.greenbook.nafdac.gov.ng/uploadImage/smpc_files/2024/09/16/20240916a3467bb8-d213-550f-aeb2-197679b87767.pdf,M01AE01,https://greenbook.nafdac.gov.ng/products/details/7842,2026-09-27T21:22:20.085187+00:00
Greenbook NAFDAC,775,6712,Avrofen Express Capsule**,1,Drugs,"{'id': 1, 'name': 'Drugs', 'created_at': '-000001-11-30T00:00:00.000000Z', 'updated_at': '2022-03-17T16:53:12.000000Z', 'deleted_at': None}",1921,Ibuprofen (Ibuprofen Lysine),,A11-0813,2,Capsule,1,Oral,200 mg,78,Avro Pharma Limited,2023-12-21,2028-12-20,Active,Capsule,3 x 10&#039;s; 10 x 10&#039;s (in Alu/PVC blisters),"Each capsule contains: Ibuprofen Lysine 342 mg equiv. to Ibuprofen 200 mg

Excipients:
Colloidal Silicon Dioxide, Methyl Hydroxybenzoate, Talc Powder",https://admin.greenbook.nafdac.gov.ng/uploadImage/smpc_files/2025/03/27/20250327492ba016-199d-5925-bec4-a3eb8e5370dc.pdf,M01AE01,https://greenbook.nafdac.gov.ng/products/details/6712,2026-09-27T21:22:20.085187+00:00
Greenbook NAFDAC,776,4281,Avrofen Gel##,1,Drugs,"{'id': 1, 'name': 'Drugs', 'created_at': '-000001-11-30T00:00:00.000000Z', 'updated_at': '2022-03-17T16:53:12.000000Z', 'deleted_at': None}",120,Ibuprofen; Menthol,,B4-3735,29,Gel,21,Topical,5%; 3%,78,Avro Pharma Limited,2026-04-28,2031-04-27,Inactive,"Gel
Clear, colorless gel with the odor of menthol",1 x 20 g (in Alu tube),"Each gram of gel contains: Ibuprofen 0.05 g; Levomenthol 0.03 g
Excipient with known effect: Propylene Glycol",https://admin.greenbook.nafdac.gov.ng/uploadImage/smpc_files/2024/11/14/202411145a2ce380-3448-5210-97f3-e41fbf00bc36.pdf,M02AA13,https://greenbook.nafdac.gov.ng/products/details/4281,2026-09-27T21:22:20.085187+00:00
Greenbook NAFDAC,777,10123,Avrofen Suspension##,1,Drugs,"{'id': 1, 'name': 'Drugs', 'created_at': '-000001-11-30T00:00:00.000000Z', 'updated_at': '2022-03-17T16:53:12.000000Z', 'deleted_at': None}",57,Ibuprofen,,A4-8335,102,Suspension,1,Oral,100 mg/5 mL,291,SKG - Pharma Ltd,2021-08-03,2026-08-02,Inactive,"Suspension
",1 x 100 mL (in amber bottle),"Each 5 mL suspension contains: Ibuprofen 100 mg
Excipients q.s.",https://admin.greenbook.nafdac.gov.ng/uploadImage/smpc_files/2025/01/22/20250122549c4adb-488b-5b29-9168-4a211b17dfc7.pdf,M02AA13,https://greenbook.nafdac.gov.ng/products/details/10123,2026-09-27T21:22:20.085187+00:00
Greenbook NAFDAC,778,10001,Avroflox Tn_,1,Drugs,"{'id': 1, 'name': 'Drugs', 'created_at': '-000001-11-30T00:00:00.000000Z', 'updated_at': '2022-03-17T16:53:12.000000Z', 'deleted_at': None}",462,Ciprofloxacin (Ciprofloxacin Hydrochloride); Tinidazole,,B4-1981,108,Caplet,1,Oral,200 mg; 600 mg,291,SKG - Pharma Ltd,2022-11-24,2027-11-23,Active,"Oral caplet.
Oblong, nearly white to off-white caplet marked with &quot;AVRO AFXTN&quot; on one side and scored on the reverse side",1 x 10&#039;s (in PVC-Alu blister),"Each film-coated tablet contains: Ofloxacin 200 mg, and Tinidazole 600 mg",https://admin.greenbook.nafdac.gov.ng/uploadImage/smpc_files/2025/01/22/2025012264f4f6be-2fa0-5caf-991a-530ba96e054e.pdf,J01RA11,https://greenbook.nafdac.gov.ng/products/details/10001,2026-09-27T21:22:20.085187+00:00
Greenbook NAFDAC,779,3099,Avrogin Caplet##,1,Drugs,"{'id': 1, 'name': 'Drugs', 'created_at': '-000001-11-30T00:00:00.000000Z', 'updated_at': '2022-03-17T16:53:12.000000Z', 'deleted_at': None}",1529,Paracetamol,Acetaminophen,A11-0168,108,Caplet,1,Oral,500 mg,78,Avro Pharma Limited,2021-10-28,2026-10-27,Active,Caplet,,Each caplet contains: Paracetamol 500 mg,https://admin.greenbook.nafdac.gov.ng/uploadImage/smpc_files/2025/03/25/20250325ea3a88aa-dfc6-5cfb-a8fa-aa7e091e86d3.pdf,N02BE01,https://greenbook.nafdac.gov.ng/products/details/3099,2026-09-27T21:22:20.085187+00:00
Greenbook NAFDAC,780,4264,Avrogyl 200 mg Tablet##,1,Drugs,"{'id': 1, 'name': 'Drugs', 'created_at': '-000001-11-30T00:00:00.000000Z', 'updated_at': '2022-03-17T16:53:12.000000Z', 'deleted_at': None}",485,Metronidazole,,A4-4725,1,Tablet,1,Oral,200 mg,78,Avro Pharma Limited,2021-03-29,2026-03-28,Inactive,Tablet,,Each tablet contains: Metronidazole BP 200 mg,,P01AB01,https://greenbook.nafdac.gov.ng/products/details/4264,2026-09-27T21:22:20.085187+00:00
Greenbook NAFDAC,781,11413,Avrogyl 400 Tablet_,1,Drugs,"{'id': 1, 'name': 'Drugs', 'created_at': '-000001-11-30T00:00:00.000000Z', 'updated_at': '2022-03-17T16:53:12.000000Z', 'deleted_at': None}",485,Metronidazole,,A4-4689,1,Tablet,1,Oral,400 mg,78,Avro Pharma Limited,2025-07-30,2030-07-29,Active,Tablet,10 x 10&#039;s (in Alu-PVC blisters),"Each tablet contains: Metronidazole 400 mg
Excipients q.s.",https://admin.greenbook.nafdac.gov.ng/uploadImage/smpc_files/2025/08/29/20250829f817ab36-4332-57c1-b928-0d194767c404.pdf,J01XD01,https://greenbook.nafdac.gov.ng/products/details/11413,2026-09-27T21:22:20.085187+00:00
Greenbook NAFDAC,782,2723,Avrogyl Paediatric Suspension##,1,Drugs,"{'id': 1, 'name': 'Drugs', 'created_at': '-000001-11-30T00:00:00.000000Z', 'updated_at': '2022-03-17T16:53:12.000000Z', 'deleted_at': None}",485,Metronidazole,,A4-4555,102,Suspension,1,Oral,200 mg/5 mL,78,Avro Pharma Limited,2021-10-28,2026-10-27,Active,Suspension,,"Each 5 mL contains: Metronidazole 200 mg
Excipients q.s.",https://admin.greenbook.nafdac.gov.ng/uploadImage/smpc_files/2025/03/25/20250325ccdf78c8-cfcf-5c03-8689-8f9c47f68605.pdf,P01AB01,https://greenbook.nafdac.gov.ng/products/details/2723,2026-09-27T21:22:20.085187+00:00
Greenbook NAFDAC,783,5578,Avrolin Cough And Cold Caplets_,1,Drugs,"{'id': 1, 'name': 'Drugs', 'created_at': '-000001-11-30T00:00:00.000000Z', 'updated_at': '2022-03-17T16:53:12.000000Z', 'deleted_at': None}",1204,Paracetamol; Phenylephrine; Diphenhydramine HCl,,B4-4703,1,Tablet,1,Oral,250 mg; 100 mg; 5 mg,78,Avro Pharma Limited,2021-05-07,2026-05-06,Inactive,"Caplets.
White, uncoated caplets embossed with an &quot;Avro&quot; on one side and &quot;ALN&quot; on the reverse side",1 x 20&#039;s (in PVC-Alu blister),"Each tablet contains: Paracetamol 250 mg, Guafenesin 100 mg, and Phenylephrine Hydrochloride 5 mg
Excipients q.s.",https://admin.greenbook.nafdac.gov.ng/uploadImage/smpc_files/2024/11/14/202411148e235ea5-240b-5d71-89a8-aa239ba33b71.pdf,R01BA53,https://greenbook.nafdac.gov.ng/products/details/5578,2026-09-27T21:22:20.085187+00:00
Greenbook NAFDAC,784,10614,Avrolin Cough Linctus_,1,Drugs,"{'id': 1, 'name': 'Drugs', 'created_at': '-000001-11-30T00:00:00.000000Z', 'updated_at': '2022-03-17T16:53:12.000000Z', 'deleted_at': None}",2053,Ipecacuanha Liquid Extract; Purified Honey; Glycerol; Citric Acid ; Lemon Oil; Lime Oil,,B4-0978,101,Liquid,1,Oral,0.15 mL/5 mL; 50 mg/5 mL; 1.12 g/5 mL; 0.75 mL/5 mL,291,SKG - Pharma Ltd,2021-01-28,2026-01-27,Inactive,Linctus,100 mL ( in amber bottle),"Each 5 mL contains: Ipecacuanha Liquid Extract 0.01 mL, Purified Honey 1.1 g, Glycerol 0.75 mL, Citric Acid 50 mg, Lemon Oil 0.6 ",https://admin.greenbook.nafdac.gov.ng/uploadImage/smpc_files/2025/01/22/2025012288571e80-3038-5d7e-bcfd-ff0a25255600.pdf,R05CA04,https://greenbook.nafdac.gov.ng/products/details/10614,2026-09-27T21:22:20.085187+00:00
Greenbook NAFDAC,785,7843,Avrolin Dry Cough (Adult Formula)**,1,Drugs,"{'id': 1, 'name': 'Drugs', 'created_at': '-000001-11-30T00:00:00.000000Z', 'updated_at': '2022-03-17T16:53:12.000000Z', 'deleted_at': None}",408,Dextromethorphan Hydrobromide,DXM,A11-0900,103,Syrup,1,Oral,15 mg/5 mL,78,Avro Pharma Limited,2024-07-31,2029-07-30,Active,Brown coloured liquid for oral administration,100 mL; 200 mL (in PET bottles),"Each 5 mL oral liquid contains: Dextromethorphan Hydrobromide 15 mg

Excipients:
Glycerol, Sodium Benzoate, Ethanol 96%, Sucrose, Citric Acid, Sodium Citrate, Sorbitol Solution 70%, Sodium Carboxymethyl Cellulose, Caramel, Menthol, Raspberry Flavour, Deionised Water",https://admin.greenbook.nafdac.gov.ng/uploadImage/smpc_files/2024/09/17/20240917ea5c3a41-94d4-5f3f-b4c7-37207efcbbe8.pdf,R05DA09,https://greenbook.nafdac.gov.ng/products/details/7843,2026-09-27T21:22:20.085187+00:00
Greenbook NAFDAC,786,2753,Avrolyte Expectorant Syrup##,1,Drugs,"{'id': 1, 'name': 'Drugs', 'created_at': '-000001-11-30T00:00:00.000000Z', 'updated_at': '2022-03-17T16:53:12.000000Z', 'deleted_at': None}",1016,Salbutamol (Salbutamol Sulfate); Bromhexine (Bromhexine Hydrochloride); Guaifenesin; Menthol,,B4-4302,103,Syrup,1,Oral,2 mg/10 mL; 4 mg/10 mL; 100 mg/10 mL; 1 mg/10 mL,78,Avro Pharma Limited,2021-08-27,2026-08-26,Inactive,Syrup,1 x 100 mL (in amber bottle),"Each 10 mL syrup contains: Salbutamol Sulfate BP equivalent to Salbutamol 2 mg, Bromhexine Hydrochloride BP 4 mg, Guaifenesin BP 100 mg, Menthol Crystals BP 1 mg
Excipients q.s.",https://admin.greenbook.nafdac.gov.ng/uploadImage/smpc_files/2024/11/14/20241114b1707be6-f266-5c9c-a451-ebd1101c8047.pdf,R05CA10,https://greenbook.nafdac.gov.ng/products/details/2753,2026-09-27T21:22:20.085187+00:00
Greenbook NAFDAC,787,31,Avromal DS Tablets##,1,Drugs,"{'id': 1, 'name': 'Drugs', 'created_at': '-000001-11-30T00:00:00.000000Z', 'updated_at': '2022-03-17T16:53:12.000000Z', 'deleted_at': None}",528,Artemether; Lumefantrine,,A4-4532,1,Tablet,1,Oral,80 mg; 480 mg,78,Avro Pharma Limited,2021-12-02,2026-12-01,Active,Tablet,,"Each tablet contains: Artemether 80 mg, Lumefantrine 480 mg
Excipients q.s.",https://admin.greenbook.nafdac.gov.ng/uploadImage/smpc_files/2025/05/08/20250508fbbc0772-bb33-55a5-a212-07458b92cd04.pdf,P01BF01,https://greenbook.nafdac.gov.ng/products/details/31,2026-09-27T21:22:20.085187+00:00
Greenbook NAFDAC,788,11536,Avromal Tablet 20/120**,1,Drugs,"{'id': 1, 'name': 'Drugs', 'created_at': '-000001-11-30T00:00:00.000000Z', 'updated_at': '2022-03-17T16:53:12.000000Z', 'deleted_at': None}",528,Artemether; Lumefantrine,,A11-100774,1,Tablet,1,Oral,20 mg; 120 mg,78,Avro Pharma Limited,2024-10-31,2029-10-30,Active,"Tablet.
Yellow, round, flat-faced, bevelled edge tablet debossed with &#039;AVRO&#039; on one side of the tablet and &#039;AM&#039; above the score line on the other side. The tablet can be divided into equal doses",2 x 12&#039;s (in PVC/Alu blisters),"Each tablet contains: Artemether 20 mg, Lumefantrine 120 mg, Excipients q.s.",https://admin.greenbook.nafdac.gov.ng/uploadImage/smpc_files/2025/05/24/20250524c8d0c396-4cc8-5a43-ad5f-483995a16c41.pdf,P01BF01,https://greenbook.nafdac.gov.ng/products/details/11536,2026-09-27T21:22:20.085187+00:00
Greenbook NAFDAC,789,11414,"Avromal Tablet Artemether, Lumefantrine_",1,Drugs,"{'id': 1, 'name': 'Drugs', 'created_at': '-000001-11-30T00:00:00.000000Z', 'updated_at': '2022-03-17T16:53:12.000000Z', 'deleted_at': None}",528,Artemether; Lumefantrine,,A4-4050,1,Tablet,1,Oral,40 mg; 240 mg,78,Avro Pharma Limited,2025-07-30,2030-07-29,Active,"Tablet.
Yellow-round, flat-faced, beveled-edge tablet debossed with &quot;AVRO&quot; on one side of the tablet and &quot;AM&quot; above the score line on the other side",1 x 12&#039;s (in PVC-Alu blister),"Each tablet contains: Artemether 40 mg, and Lumefantrine 240 mg
Excipients q.s.",https://admin.greenbook.nafdac.gov.ng/uploadImage/smpc_files/2025/08/29/2025082902825b00-4f43-5303-8c67-f74f3a963d12.pdf,P01BF01,https://greenbook.nafdac.gov.ng/products/details/11414,2026-09-27T21:22:20.085187+00:00
Greenbook NAFDAC,790,2816,Avromal Tablet##,1,Drugs,"{'id': 1, 'name': 'Drugs', 'created_at': '-000001-11-30T00:00:00.000000Z', 'updated_at': '2022-03-17T16:53:12.000000Z', 'deleted_at': None}",528,Artemether; Lumefantrine,,A4-4050,1,Tablet,1,Oral,40 mg; 240 mg,78,Avro Pharma Limited,2020-11-10,2025-11-09,Inactive,Tablet,,"Each tablet contains: Artemether 40 mg, Lumefantrine 240 mg
Excipients q.s.",,P01BF01,https://greenbook.nafdac.gov.ng/products/details/2816,2026-09-27T21:22:20.085187+00:00
Greenbook NAFDAC,791,537,Avromox Capsule_,1,Drugs,"{'id': 1, 'name': 'Drugs', 'created_at': '-000001-11-30T00:00:00.000000Z', 'updated_at': '2022-03-17T16:53:12.000000Z', 'deleted_at': None}",1546,Amoxicillin (Amoxicillin Trihydrate),Amoxycillin,A4-5662,2,Capsule,1,Oral,500 mg,78,Avro Pharma Limited,2021-09-28,2026-09-27,Active,Capsule,,Each capsule contains: Amoxicillin (as Amoxicillin Trihydrate) 500 mg,,J01CA04,https://greenbook.nafdac.gov.ng/products/details/537,2026-09-27T21:22:20.085187+00:00
Greenbook NAFDAC,792,241,Avromox Dry Suspension##,1,Drugs,"{'id': 1, 'name': 'Drugs', 'created_at': '-000001-11-30T00:00:00.000000Z', 'updated_at': '2022-03-17T16:53:12.000000Z', 'deleted_at': None}",1546,Amoxicillin (Amoxicillin Trihydrate),Amoxycillin,A4-5663,102,Suspension,1,Oral,125 mg/5 mL,78,Avro Pharma Limited,2021-10-28,2026-10-27,Active,Suspension,,"Each 5 mL contains: Amoxicillin Trihydrate equivalent Amoxicillin 120 mg
",https://admin.greenbook.nafdac.gov.ng/uploadImage/smpc_files/2025/03/25/20250325814edd05-7fbb-5816-9536-f4c405b0d3de.pdf,J01CA04,https://greenbook.nafdac.gov.ng/products/details/241,2026-09-27T21:22:20.085187+00:00
Greenbook NAFDAC,793,6509,Avromult Syrup##,1,Drugs,"{'id': 1, 'name': 'Drugs', 'created_at': '-000001-11-30T00:00:00.000000Z', 'updated_at': '2022-03-17T16:53:12.000000Z', 'deleted_at': None}",1731,L-Lysine; Vitamin A; Vitamin D; Vitamin C; Nicotinamide; Vitamin B1; Vitamin B2; Vitamin B6; Vitamin B12; Calcium Pantothenate,,A4-8334,103,Syrup,1,Oral,Pending,78,Avro Pharma Limited,2023-11-30,2028-11-29,Active,"Syrup

AVROMULT SYRUP	L-LYSINE, VITAMIN A, VITAMIN C, VITAMIN D, NICOTINAMIDE, VITAMIN B1, VITAMIN B2, VITAMIN B6, VITAMIN B12, CALCIUM PANTOTHENATE	L-LYSINE 100MG/10ML, VITAMIN A 1000I.U/10ML, VITAMIN D 200I.U/10ML, VITAMIN C 50MG/10ML, NICOTINAMIDE 10MG/10ML, VITAMIN B1 1.5MG/10ML, VITAMIN B2 1.5MG/10ML, VITAMIN B6 2MG/10ML, VITAMIN B12 1MCG/10ML, CALCIUM PANTOTHENATE 12MG/10ML, METHYL HYDROXYBENZOATE, PROPYL HYDROXYBENZOATE, SUCROSE, SWEET ORANGE FLAVOUR, POLYSORBATE 80, GLYCEROL, XANTHAN GUM, DEIONISED WATER.	A4-8334	Drugs	VARIOUS	Nigerian Products	100ML	OTC	12/10/2022	AVRO PHARMA LIMITED, DAID HOUSE, PLOT 2,BLOCK J, LIMCA WAY, ISOLO INDUSTRIAL ESTATE, OSHODI APAPA, EXPRESSWAY, ISOLO, LAGOS, NIGERIA	17410411	lewachionline@yahoo.com	SKG-PHARMA LIMITED, 7/9 SAPARA STREET, OFF OBA AKRAN AVENUE, IKEJA LAGOS, Nigeria",1 x 100 mL (in amber bottle),"Each 10 mL contains: L-Lysine 100 mg, Vitamin A 1000 IU, Vitamin D 200 IU, Vitamin C 50 mg, Nicotinamide 10 mg, Vitamin B1 1.5 mg, Vitamin B2 1.5 mg, Vitamin B6 2 mg, Vitamin B12 1 mcg, Calcium Pantothenate 12 mg
Excipients q.s.",https://admin.greenbook.nafdac.gov.ng/uploadImage/smpc_files/2024/12/25/20241225c77029bc-f2c2-5fd8-8127-69cd1249e4d2.pdf,A11AA,https://greenbook.nafdac.gov.ng/products/details/6509,2026-09-27T21:22:20.085187+00:00
Greenbook NAFDAC,794,3151,Avrophage 1000 Caplet##,1,Drugs,"{'id': 1, 'name': 'Drugs', 'created_at': '-000001-11-30T00:00:00.000000Z', 'updated_at': '2022-03-17T16:53:12.000000Z', 'deleted_at': None}",625,Metformin Hydrochloride,,A11-0032,108,Caplet,1,Oral,1000 mg,78,Avro Pharma Limited,2021-12-16,2026-12-15,Active,Caplet,,Each caplet contains: Metformin Hydrochloride BP 1000 mg,https://admin.greenbook.nafdac.gov.ng/uploadImage/smpc_files/2025/03/25/20250325a6b99dd0-cb19-569d-b3ee-6d9068704b70.pdf,A10BA02,https://greenbook.nafdac.gov.ng/products/details/3151,2026-09-27T21:22:20.085187+00:00
Greenbook NAFDAC,795,3152,Avrophage 500 mg Tablet##,1,Drugs,"{'id': 1, 'name': 'Drugs', 'created_at': '-000001-11-30T00:00:00.000000Z', 'updated_at': '2022-03-17T16:53:12.000000Z', 'deleted_at': None}",625,Metformin Hydrochloride,,A4-6319,1,Tablet,1,Oral,500 mg,78,Avro Pharma Limited,2021-08-27,2026-08-26,Inactive,Tablet,,Each tablet contains: Metformin Hydrochloride BP 500 mg,,A10BA02,https://greenbook.nafdac.gov.ng/products/details/3152,2026-09-27T21:22:20.085187+00:00
Greenbook NAFDAC,796,6353,Avroprin 300 mg Tablet##,1,Drugs,"{'id': 1, 'name': 'Drugs', 'created_at': '-000001-11-30T00:00:00.000000Z', 'updated_at': '2022-03-17T16:53:12.000000Z', 'deleted_at': None}",44,Acetylsalicylic Acid,Aspirin; ASA,A11-0681,1,Tablet,1,Oral,300 mg,78,Avro Pharma Limited,2023-10-31,2028-10-30,Active,"Tablet

12	RNW-PP-289168	AVROPRIN 300MG TABLET	ASPIRIN (ACETYL SALICYLIC ACID)	ASPIRIN 300MG, POVIDONE K-30, TALC, STEARIC ACID, AVICEL PH 101, MAIZE STARCH, ISOPROPYL ALCOHOL	A11-0681	Drugs	Nigerian Products	x1000,x500	OTC	11/15/2022	AVRO PHARMA LIMITED, DAID HOUSE, PLOT 2,BLOCK J, LIMCA WAY, ISOLO INDUSTRIAL ESTATE, OSHODI APAPA, EXPRESSWAY, ISOLO, LAGOS, NIGERIA	17410411	lewachionline@yahoo.com	SKG-PHARMA LIMITED, 7/9 SAPARA STREET, OFF OBA AKRAN AVENUE, IKEJA, LAGOS., Nigeria","1 x 1000&#039;s, 1 x 500&#039;s (in HDPE container/pack)","Each tablet contains: Aspirin 300 mg
Excipients: Povidone K-30, Maize Starch, Stearic Acid, Talc, Avicel PH 101, Isopropyl Alcohol",https://admin.greenbook.nafdac.gov.ng/uploadImage/smpc_files/2023/11/07/20231107330766b9-eb11-5ea1-8c59-2a5729b8ad1a.pdf,N02BA01,https://greenbook.nafdac.gov.ng/products/details/6353,2026-09-27T21:22:20.085187+00:00
Greenbook NAFDAC,797,12087,Avroprin-75 Tablet_,1,Drugs,"{'id': 1, 'name': 'Drugs', 'created_at': '-000001-11-30T00:00:00.000000Z', 'updated_at': '2022-03-17T16:53:12.000000Z', 'deleted_at': None}",44,Acetylsalicylic Acid,Aspirin; ASA,A11-1095,1,Tablet,1,Oral,75 mg,78,Avro Pharma Limited,2025-10-29,2030-10-28,Active,Tablet,10 x 10&#039;s (in Alu-PVC blisters),"Each tablet contains: Aspirin (Acetyl Salicylic Acid) 75 mg
Excipients q.s.",https://admin.greenbook.nafdac.gov.ng/uploadImage/smpc_files/2025/12/02/20251202b355234f-b0c2-5ad5-bb7a-aa2d54bb09ab.pdf,B01AC06,https://greenbook.nafdac.gov.ng/products/details/12087,2026-09-27T21:22:20.085187+00:00
Greenbook NAFDAC,798,6619,Avrosart Tablet_ (incomplete smpc),1,Drugs,"{'id': 1, 'name': 'Drugs', 'created_at': '-000001-11-30T00:00:00.000000Z', 'updated_at': '2022-03-17T16:53:12.000000Z', 'deleted_at': None}",268,Telmisartan; Hydrochlorothiazide,,A11-0812,1,Tablet,1,Oral,40 mg; 12.5 mg,78,Avro Pharma Limited,2023-12-21,2028-12-20,Active,"Tablet.
Oblong-shaped tablet",3 x 10&#039;s,Each tablet contains: Telmisartan 40 mg and Hydrochlorothiazide 12.5 mg,https://admin.greenbook.nafdac.gov.ng/uploadImage/smpc_files/2024/12/25/202412254ba8595d-75ca-55a8-9245-0ce0e9f7b0b0.pdf,C09DA07,https://greenbook.nafdac.gov.ng/products/details/6619,2026-09-27T21:22:20.085187+00:00
Greenbook NAFDAC,799,4283,Avrosten Cream##,1,Drugs,"{'id': 1, 'name': 'Drugs', 'created_at': '-000001-11-30T00:00:00.000000Z', 'updated_at': '2022-03-17T16:53:12.000000Z', 'deleted_at': None}",1106,Betamethasone; Clotrimazole; Neomycin sulfate,,A4-7139,4,Cream,21,Topical,0.1%; 1%; 0.5%,78,Avro Pharma Limited,2021-08-27,2026-08-26,Inactive,Topical Cream,,"Avrosten Cream cream contains: Clotrimazole USP 1.0%, Betamethasone 0.1%, Neomycin Sulfate USP 0.5%
Excipients q.s.",,D07CC01,https://greenbook.nafdac.gov.ng/products/details/4283,2026-09-27T21:22:20.085187+00:00
Greenbook NAFDAC,800,11994,Avroton Blood Tonic_,1,Drugs,"{'id': 1, 'name': 'Drugs', 'created_at': '-000001-11-30T00:00:00.000000Z', 'updated_at': '2022-03-17T16:53:12.000000Z', 'deleted_at': None}",2287,"Vitamins, Iron, Ginseng",,A4-5661,103,Syrup,1,Oral,see Composition,78,Avro Pharma Limited,2021-08-27,2026-08-26,Inactive,Syrup,200 mL,"Each 5 mL contains: Ginseng Extract 40 mg, Liver Extract 23.4 mg, Thiamine Hydrochloride (VIT B1), 0.98 mg, Riboflavin (VIT B2) 0.39 mg, Nicotinamide 3.92 mg, Pyridoxine Hydrochloride (VIT B6) 0.39 mg, Calcium D-Pantothenate 6 mg, Cyanocobalamin (VIT B12), 0.6 mg
Excipients q.s",,B03AE04,https://greenbook.nafdac.gov.ng/products/details/11994,2026-09-27T21:22:20.085187+00:00
Greenbook NAFDAC,801,6503,Avroton Capsules_,1,Drugs,"{'id': 1, 'name': 'Drugs', 'created_at': '-000001-11-30T00:00:00.000000Z', 'updated_at': '2022-03-17T16:53:12.000000Z', 'deleted_at': None}",2287,"Vitamins, Iron, Ginseng",,A11-0696,2,Capsule,1,Oral,see Composition,78,Avro Pharma Limited,2023-11-30,2028-11-29,Active,"Hard Capsule.
The hard gelatin capsule has a red body and cap, The size number is &quot;0&quot;","12 x 10&#039;s, 3 x 10&#039;s (in PVC-Alu blisters)","Each capsule contains: Ginseng Extract 50 mg, Iron (as Ferrous Fumarate) 50 Mg, Vitamin a 1000 IU, Vitamin B1 1 mg, Vitamin B2 1.5 mg, Vitamin B6 1.5 mg, Vitamin B12 5 mcg, Vitamin C 30 mg, Folic Acid 2 mg, Nicotinamide 20 mg, Calcium Pantothenate 7 mg, and Zinc (as Zinc Sulphate) 5 mg",https://admin.greenbook.nafdac.gov.ng/uploadImage/smpc_files/2023/12/14/20231214dad479e1-802a-537b-970c-41af6dc6a9ea.pdf, B03,https://greenbook.nafdac.gov.ng/products/details/6503,2026-09-27T21:22:20.085187+00:00
Greenbook NAFDAC,802,7844,Avrotrim DS Caplets**,1,Drugs,"{'id': 1, 'name': 'Drugs', 'created_at': '-000001-11-30T00:00:00.000000Z', 'updated_at': '2022-03-17T16:53:12.000000Z', 'deleted_at': None}",488,Sulfamethoxazole; Trimethoprim,Co-trimoxazole; Cotrimoxazole,A4-8336,108,Caplet,1,Oral,800 mg; 160 mg,78,Avro Pharma Limited,2021-01-28,2026-01-27,Inactive,Caplet,10 x 10&#039;s,"Each caplet contains: Sulfamethoxazole BP 800 mg, Trimethoprim BP 160 mg",https://admin.greenbook.nafdac.gov.ng/uploadImage/smpc_files/2024/11/14/20241114ba7019f3-c551-5a32-af24-092e080065d4.pdf,,https://greenbook.nafdac.gov.ng/products/details/7844,2026-09-27T21:22:20.085187+00:00
Greenbook NAFDAC,803,12086,Avrotrim Paediatric Dispersible Tablet_,1,Drugs,"{'id': 1, 'name': 'Drugs', 'created_at': '-000001-11-30T00:00:00.000000Z', 'updated_at': '2022-03-17T16:53:12.000000Z', 'deleted_at': None}",488,Sulfamethoxazole; Trimethoprim,Co-trimoxazole; Cotrimoxazole,A11-1210,1,Tablet,1,Oral,100 mg; 20 mg,78,Avro Pharma Limited,2025-10-29,2030-10-28,Active,"Tablet.
White, circular, biconvex uncoated tablets, plain on one face and embossed with identifying letters on either side of a central division line on the reverse.","2 x 10&#039;s,10 x 10&#039;s, 10 x 100&#039;s (in Alu-PVC blisters)","Each tablet contains: Sulfamethoxazole 100 mg and Trimethoprim 20 mg

Excipients: q.s.",https://admin.greenbook.nafdac.gov.ng/uploadImage/smpc_files/2025/12/02/202512022f1ed77c-bf81-5c92-9499-eca78a4f402c.pdf,J01EE01,https://greenbook.nafdac.gov.ng/products/details/12086,2026-09-27T21:22:20.085187+00:00
Greenbook NAFDAC,804,4284,Avrotrim Suspension**,1,Drugs,"{'id': 1, 'name': 'Drugs', 'created_at': '-000001-11-30T00:00:00.000000Z', 'updated_at': '2022-03-17T16:53:12.000000Z', 'deleted_at': None}",488,Sulfamethoxazole; Trimethoprim,Co-trimoxazole; Cotrimoxazole,A4-4688,102,Suspension,1,Oral,200 mg/5 mL; 40 mg/5 mL,78,Avro Pharma Limited,2021-05-07,2026-05-06,Inactive,"Oral Suspension.
A yellow coloured, banana flavoured suspension",50 mL (in amber glass bottle),"Each 5 mL suspension contains: Sulfamethoxazole 200 mg, Trimethoprim 40 mg

Excipients:
Methyl Hydroxybenzoate, Sucrose, Sodium Carboxymethyl Cellulose, Avicel Rc, Glycerol, Polysorbate, Ammonium Glycyrrhizinate, Oil of Aniseed, FD &amp; C Yellow No, Banana Flavor, Ethanol, Deionised Water",https://admin.greenbook.nafdac.gov.ng/uploadImage/smpc_files/2024/11/14/202411141bf53e6c-9a14-5340-b13c-b760e64a2800.pdf,J01EE01,https://greenbook.nafdac.gov.ng/products/details/4284,2026-09-27T21:22:20.085187+00:00
Greenbook NAFDAC,805,12085,Avrotrim Tablet_,1,Drugs,"{'id': 1, 'name': 'Drugs', 'created_at': '-000001-11-30T00:00:00.000000Z', 'updated_at': '2022-03-17T16:53:12.000000Z', 'deleted_at': None}",488,Sulfamethoxazole; Trimethoprim,Co-trimoxazole; Cotrimoxazole,A4-4549,1,Tablet,1,Oral,400 mg; 80 mg,78,Avro Pharma Limited,2025-10-29,2030-10-28,Active,"Tablet.
White, biconvex tablet marked &quot;AVT&quot; with score on one side and &quot;AVRO&quot; on the other side","10 x 10&#039;s, 10 x 100&#039;s (in PVC-Alu blisters)","Each tablet contains: Sulfamethoxazole BP 400 mg, and Trimethoprim BP 80 mg

Excipients: q.s.",https://admin.greenbook.nafdac.gov.ng/uploadImage/smpc_files/2025/12/02/20251202b442030d-febc-5934-9c90-e76d3c70154c.pdf,J01EE01,https://greenbook.nafdac.gov.ng/products/details/12085,2026-09-27T21:22:20.085187+00:00
Greenbook NAFDAC,806,12090,Avrotyn Oral Solution_,1,Drugs,"{'id': 1, 'name': 'Drugs', 'created_at': '-000001-11-30T00:00:00.000000Z', 'updated_at': '2022-03-17T16:53:12.000000Z', 'deleted_at': None}",419,Loratadine,,A11-1217,105,Solution,1,Oral,5 mg/5 mL,78,Avro Pharma Limited,2025-10-29,2030-10-28,Active,"Solution.
Clear, colorless to light yellow syrup",1 x 100 mL (in amber bottle),"Each 5 mL of syrup contains: Loratadine 5 mg

Excipients: q.s.",https://admin.greenbook.nafdac.gov.ng/uploadImage/smpc_files/2025/12/02/2025120269b0372f-cf87-5ceb-93c0-9e332d449117.pdf,R06AX13,https://greenbook.nafdac.gov.ng/products/details/12090,2026-09-27T21:22:20.085187+00:00
Greenbook NAFDAC,807,8402,Avrotyn Tablets**,1,Drugs,"{'id': 1, 'name': 'Drugs', 'created_at': '-000001-11-30T00:00:00.000000Z', 'updated_at': '2022-03-17T16:53:12.000000Z', 'deleted_at': None}",419,Loratadine,,A11-100770,1,Tablet,1,Oral,10 mg,78,Avro Pharma Limited,2024-09-25,2029-09-24,Active,"White, round, biconvex tablets",10 x 10&#039;s (in Alu-PVC blisters),Each tablet contains: Loratadine 10 mg,https://admin.greenbook.nafdac.gov.ng/uploadImage/smpc_files/2024/11/06/20241106959e457d-a498-5adc-bba9-587d5f64e979.pdf,R06AX13,https://greenbook.nafdac.gov.ng/products/details/8402,2026-09-27T21:22:20.085187+00:00
Greenbook NAFDAC,808,12094,Avrozith 250 mg Capsules_,1,Drugs,"{'id': 1, 'name': 'Drugs', 'created_at': '-000001-11-30T00:00:00.000000Z', 'updated_at': '2022-03-17T16:53:12.000000Z', 'deleted_at': None}",2252,Azithromycin,,A11-1104,2,Capsule,1,Oral,250 mg,78,Avro Pharma Limited,2025-10-29,2030-10-28,Active,"Tablet.
White, hard gelatin capsules",1 x 6&#039;s (in Alu-PVC blister),"Each capsule contains: Azithromycin Dihydrate 262.05 mg equiv. to Azithromycin base 250 mg

Excipients: q.s.",https://admin.greenbook.nafdac.gov.ng/uploadImage/smpc_files/2025/12/02/20251202c1121220-7f3c-54cd-864e-6d384159b4ec.pdf,J01FA10,https://greenbook.nafdac.gov.ng/products/details/12094,2026-09-27T21:22:20.085187+00:00
Greenbook NAFDAC,809,6720,Avrozith Suspension_,1,Drugs,"{'id': 1, 'name': 'Drugs', 'created_at': '-000001-11-30T00:00:00.000000Z', 'updated_at': '2022-03-17T16:53:12.000000Z', 'deleted_at': None}",475,Azithromycin (Azithromycin Dihydrate),,A11-100614,102,Suspension,1,Oral,200 mg/5 mL,78,Avro Pharma Limited,2023-12-21,2028-12-20,Active,Suspension,1 x 15 mL,Each 5 mL suspension contains: Azithromycin 200 mg,,J01FA10,https://greenbook.nafdac.gov.ng/products/details/6720,2026-09-27T21:22:20.085187+00:00
Greenbook NAFDAC,810,538,Avrozole Tablets##,1,Drugs,"{'id': 1, 'name': 'Drugs', 'created_at': '-000001-11-30T00:00:00.000000Z', 'updated_at': '2022-03-17T16:53:12.000000Z', 'deleted_at': None}",570,Albendazole,,A4-7569,1,Tablet,1,Oral,200 mg,78,Avro Pharma Limited,2021-09-28,2026-09-27,Active,Tablet,,Each tablet contains: Albendazole 200 mg,https://admin.greenbook.nafdac.gov.ng/uploadImage/smpc_files/2025/05/08/20250508b411ff69-6ba8-53a4-a934-ecbda40c747d.pdf,P02CA03,https://greenbook.nafdac.gov.ng/products/details/538,2026-09-27T21:22:20.085187+00:00
Greenbook NAFDAC,811,11692,Avsar Plus 160/10/12.5 mg Tablet_,1,Drugs,"{'id': 1, 'name': 'Drugs', 'created_at': '-000001-11-30T00:00:00.000000Z', 'updated_at': '2022-03-17T16:53:12.000000Z', 'deleted_at': None}",280,Amlodipine (Amlodipine Besilate); Valsartan; Hydrochlorothiazide,,A4-101487,1,Tablet,1,Oral,10 mg; 160 mg; 12.5 mg,1231,Fensyl MHP Consulting Limited,2025-08-27,2030-08-26,Active,"Tablet.
Dark-green colored, oblong-shaped, film-coated tablet having bisected line on one side and plain from other side",4 x 7&#039;s (in Alu-Alu blisters),"Each film-coated tablet contains: Amlodipine (as Amlodipine Besylate) 10 mg, Valsartan 160 mg, and Hydrochlorothiazide 12.5 mg
Excipients q.s.",https://admin.greenbook.nafdac.gov.ng/uploadImage/smpc_files/2025/10/24/20251024c42749c8-bec1-5ac6-a5d4-ffe0d6c07e39.pdf,C09DX01,https://greenbook.nafdac.gov.ng/products/details/11692,2026-09-27T21:22:20.085187+00:00
Greenbook NAFDAC,812,12185,Avsar Plus 160/10/25 mg Tablet,1,Drugs,"{'id': 1, 'name': 'Drugs', 'created_at': '-000001-11-30T00:00:00.000000Z', 'updated_at': '2022-03-17T16:53:12.000000Z', 'deleted_at': None}",280,Amlodipine (Amlodipine Besilate); Valsartan; Hydrochlorothiazide,,A4-101595,1,Tablet,1,Oral,10 mg; 160 mg; 25 mg,1231,Fensyl MHP Consulting Limited,2025-10-29,2030-10-28,Active,"Tablet.
Dark green-colored, oblong-shaped, film-coated tablets having bisected line on one side and plain on the other side",4 x 7&#039;s (in Alu-Alu blisters),"Each film-coated tablet contains: Valsartan 160 mg, Amlodipine 10 mg, and Hydrochlorothiazide 25 mg",https://admin.greenbook.nafdac.gov.ng/uploadImage/smpc_files/2025/12/09/2025120936975b49-3b83-541a-96d2-2f1244a5223f.pdf,C09DX01,https://greenbook.nafdac.gov.ng/products/details/12185,2026-09-27T21:22:20.085187+00:00
Greenbook NAFDAC,813,11693,Avsar Plus 160/5/25 mg Tablet_,1,Drugs,"{'id': 1, 'name': 'Drugs', 'created_at': '-000001-11-30T00:00:00.000000Z', 'updated_at': '2022-03-17T16:53:12.000000Z', 'deleted_at': None}",280,Amlodipine (Amlodipine Besilate); Valsartan; Hydrochlorothiazide,,A4-101486,1,Tablet,1,Oral,5 mg; 160 mg; 25 mg,1231,Fensyl MHP Consulting Limited,2025-08-27,2030-08-26,Active,"Tablet.
Orange-colored, oblong-shaped, film-coated, tablet having bisected line on one side and plain from other side",4 x 7&#039;s (in Alu-Alu blisters),"Each film-coated tablet contains: Amlodipine (as Amlodipine Besylate) 5 mg, Valsartan 160 mg, and Hydrochlorothiazide 25 mg
Excipients q.s.",https://admin.greenbook.nafdac.gov.ng/uploadImage/smpc_files/2025/10/24/2025102450661f5d-fda6-5c37-aea9-e532fdba5ad8.pdf,C09DX01,https://greenbook.nafdac.gov.ng/products/details/11693,2026-09-27T21:22:20.085187+00:00
Greenbook NAFDAC,814,11694,Avsar Plus 320/10/25 mg_,1,Drugs,"{'id': 1, 'name': 'Drugs', 'created_at': '-000001-11-30T00:00:00.000000Z', 'updated_at': '2022-03-17T16:53:12.000000Z', 'deleted_at': None}",280,Amlodipine (Amlodipine Besilate); Valsartan; Hydrochlorothiazide,,A4-101485,1,Tablet,1,Oral,10 mg; 320 mg; 25 mg,1231,Fensyl MHP Consulting Limited,2025-08-27,2030-08-26,Active,"Tablet.
Light-green colored, oblong-shaped, film-coated tablet, plain from both side",4 x 7&#039;s (in Alu-Alu blisters),"Each film-coated tablet contains: Amlodipine (as Amlodipine Besylate) 10 mg, Valsartan 320 mg, and Hydrochlorothiazide  25 mg
Excipients q.s.",https://admin.greenbook.nafdac.gov.ng/uploadImage/smpc_files/2025/10/24/2025102492788a23-3114-5421-a919-a8957a69ca95.pdf,C09DX01,https://greenbook.nafdac.gov.ng/products/details/11694,2026-09-27T21:22:20.085187+00:00
Greenbook NAFDAC,815,295,Avstat 10 Tablets##,1,Drugs,"{'id': 1, 'name': 'Drugs', 'created_at': '-000001-11-30T00:00:00.000000Z', 'updated_at': '2022-03-17T16:53:12.000000Z', 'deleted_at': None}",300,Atorvastatin (Atorvastatin Calcium),,A4-0271,1,Tablet,1,Oral,10 mg,27,Fidson Healthcare PLC,2021-10-28,2026-10-27,Active,Tablet,,Each tablet contains: Atorvastatin Calcium equivalent to Atorvastatin 10 mg,https://admin.greenbook.nafdac.gov.ng/uploadImage/smpc_files/2025/03/27/20250327a034a8f4-dd88-5810-bb09-e0901b704fad.pdf,C10AA05,https://greenbook.nafdac.gov.ng/products/details/295,2026-09-27T21:22:20.085187+00:00
Greenbook NAFDAC,816,4725,Avstat 20 mg Tablets##,1,Drugs,"{'id': 1, 'name': 'Drugs', 'created_at': '-000001-11-30T00:00:00.000000Z', 'updated_at': '2022-03-17T16:53:12.000000Z', 'deleted_at': None}",300,Atorvastatin (Atorvastatin Calcium),,B4-1261,1,Tablet,1,Oral,20 mg,27,Fidson Healthcare PLC,2023-07-06,2028-07-05,Active,"Tablet
White to off white, round, biconvex, film coated tablet, deboss with &quot;AT20&quot; on one side and plain on the side of each tablet

3	RNW-PP-260177	AVSTAT 20MG TABLETS	ATORVASTATIN 20MG	Atorvastatin Calcium Trihydrate BP Eq. to Atorvastatin………….20 mg Excipient …………………… q.s. Microcrystalline cellulose Lactose DC Maize starch Croscarmellose Sodium Purified Talc Magnesium Stearate HPMC E 15 Diethyl Phthalate Titanium Dioxide Isopropyl Alcohol Methylene Chloride	B4-1261	Drugs	Imported Products	3X10	Prescription Only Medicine (POM)	4/7/2022	FIDSON HEALTHCARE PLC, IKORODU ROAD, OBANIKORO LAGOS LAGOS	8023067964	nmakaokolo@yahoo.com	V.S INTERNATIONAL PVT. LTD., PLOT NO 17 &amp; 18 GOLDEN INDUSTRIAL ESTATE, SOMNATH ROAD, DABHEL, India",3 x 10&#039;s (in Alu-Alu blisters),"Each film coated tablet contains: Atorvastatin Calcium Trihydrate BP Eq. to Atorvastatin 20 mg
Excipients q.s.",https://admin.greenbook.nafdac.gov.ng/uploadImage/smpc_files/2023/08/23/202308231d0b6dd8-0e79-56fd-864f-dc9f7d1145da.pdf,C10AA05,https://greenbook.nafdac.gov.ng/products/details/4725,2026-09-27T21:22:20.085187+00:00
Greenbook NAFDAC,817,2916,Axacef 250 mg Tablet##,1,Drugs,"{'id': 1, 'name': 'Drugs', 'created_at': '-000001-11-30T00:00:00.000000Z', 'updated_at': '2022-03-17T16:53:12.000000Z', 'deleted_at': None}",456,Cefuroxime (Cefuroxime Axetil),,04-5980,1,Tablet,1,Oral,250 mg,1058,Sanofi-Aventis Nigeria Limited,2021-03-01,2026-02-28,Inactive,"Tablet
White colored, oval shaped, biconvex, film coated tablet with &quot;Axacef/250&quot; debossed on one side and a break line on other side","1 x 10&#039;s, 1 x 14&#039;s (in Alu blisters)","Each tablet contains: Cefuroxime (as Cefuroxime Axetil) 250 mg
Excipients q.s.",https://admin.greenbook.nafdac.gov.ng/uploadImage/smpc_files/2023/05/27/202305278129d44e-9c31-57fc-b8a7-55b16243d879.pdf,J01DC02,https://greenbook.nafdac.gov.ng/products/details/2916,2026-09-27T21:22:20.085187+00:00
Greenbook NAFDAC,818,7846,Axacef 500 mg Tablets**,1,Drugs,"{'id': 1, 'name': 'Drugs', 'created_at': '-000001-11-30T00:00:00.000000Z', 'updated_at': '2022-03-17T16:53:12.000000Z', 'deleted_at': None}",456,Cefuroxime (Cefuroxime Axetil),,04-6027,1,Tablet,1,Oral,500 mg,1058,Sanofi-Aventis Nigeria Limited,2021-01-28,2026-01-27,Inactive,Tablet,1 x 10&#039;s (in blister),Each tablet contains: Cefuroxime Axetil equiv. to Cefuroxime 500 mg,https://admin.greenbook.nafdac.gov.ng/uploadImage/smpc_files/2025/05/23/2025052392e7d3f5-e82c-51a5-b043-e5f7f4e2d21c.pdf,,https://greenbook.nafdac.gov.ng/products/details/7846,2026-09-27T21:22:20.085187+00:00
Greenbook NAFDAC,819,2620,Axaclucin 228.5 Powder for Oral Suspension##,1,Drugs,"{'id': 1, 'name': 'Drugs', 'created_at': '-000001-11-30T00:00:00.000000Z', 'updated_at': '2022-03-17T16:53:12.000000Z', 'deleted_at': None}",423,Amoxicillin (Amoxicillin Trihydrate); Clavulanic Acid (Potassium Clavulanate),,C4-1408,72,Powder for suspension,1,Oral,200 mg/5 mL; 28.5 mg/5 mL,621,Effinia Health Pharmaceuticals Co. Ltd,2020-12-21,2025-12-20,Inactive,Powder for Reconstitution,,"Each 5 mL suspension contains: Amoxicillin Trihydrate equivalent to Amoxicillin 200 mg, Potassium Clavulanate equivalent to Clavulanic Acid 28.5 mg",,J01CR02,https://greenbook.nafdac.gov.ng/products/details/2620,2026-09-27T21:22:20.085187+00:00
Greenbook NAFDAC,820,3039,Axaclucin 625 Tablet##,1,Drugs,"{'id': 1, 'name': 'Drugs', 'created_at': '-000001-11-30T00:00:00.000000Z', 'updated_at': '2022-03-17T16:53:12.000000Z', 'deleted_at': None}",423,Amoxicillin (Amoxicillin Trihydrate); Clavulanic Acid (Potassium Clavulanate),,C4-1407,1,Tablet,1,Oral,500 mg; 125 mg,621,Effinia Health Pharmaceuticals Co. Ltd,2020-12-21,2025-12-20,Inactive,Tablet,,"Each tablet contains: Amoxicillin Trihydrate equivalent to Amoxicillin 500 mg, Potassium Clavulanate equivalent to Clavulanic Acid 125 mg",,J01CR02,https://greenbook.nafdac.gov.ng/products/details/3039,2026-09-27T21:22:20.085187+00:00
Greenbook NAFDAC,821,6116,Axaderm KCN Cream**,1,Drugs,"{'id': 1, 'name': 'Drugs', 'created_at': '-000001-11-30T00:00:00.000000Z', 'updated_at': '2022-03-17T16:53:12.000000Z', 'deleted_at': None}",1112,Clobetasol; Ketoconazole; Neomycin,,A4-100379,4,Cream,21,Topical,0.25 mg/g; 10 mg/g; 5000 IU/g,1215,Chevnor Pharmaceutical Company Limited,2023-04-26,2028-04-25,Active,Topical cream,30 g,"Each g of cream contains: Ketoconazole BP 10.00 mg, Clobetasol Propionate USP 0.25 mg, and Neomycin Sulfate USP 5000 IU",,D07CD01,https://greenbook.nafdac.gov.ng/products/details/6116,2026-09-27T21:22:20.085187+00:00
Greenbook NAFDAC,822,32,Axcel Cefuroxime-250 Capsule##,1,Drugs,"{'id': 1, 'name': 'Drugs', 'created_at': '-000001-11-30T00:00:00.000000Z', 'updated_at': '2022-03-17T16:53:12.000000Z', 'deleted_at': None}",456,Cefuroxime (Cefuroxime Axetil),,A4-2996,2,Capsule,1,Oral,250 mg,160,Dortemag Ventures Limited,2021-12-02,2026-12-01,Active,Capsule,1 x 10&#039;s (in Alu blisters),"Each capsule contains: Cefuroxime Axetil equivalent to Cefuroxime 250 mg
Excipients q.s.
",https://admin.greenbook.nafdac.gov.ng/uploadImage/smpc_files/2025/01/23/20250123cd7823f3-5d1d-5418-912a-f7417182e0a1.pdf,J01DC02,https://greenbook.nafdac.gov.ng/products/details/32,2026-09-27T21:22:20.085187+00:00
Greenbook NAFDAC,823,590,Axcel Cephalexin-250 Capsule##,1,Drugs,"{'id': 1, 'name': 'Drugs', 'created_at': '-000001-11-30T00:00:00.000000Z', 'updated_at': '2022-03-17T16:53:12.000000Z', 'deleted_at': None}",437,Cefalexin,,A4-3073,2,Capsule,1,Oral,250 mg,160,Dortemag Ventures Limited,2021-12-02,2026-12-01,Active,"Capsule
Pink, ruby red hard gelatin capsule, size &quot;2&quot;",10 x 10&#039;s (in Alu blisters),"Each capsule contains: Cefalexin Monohydrate equivalent to Cefalexin 250 mg
Excipients q.s.",https://admin.greenbook.nafdac.gov.ng/uploadImage/smpc_files/2025/01/23/202501237a8af5af-a3ac-58cd-acd4-696b57aa6079.pdf,J01DB01,https://greenbook.nafdac.gov.ng/products/details/590,2026-09-27T21:22:20.085187+00:00
Greenbook NAFDAC,824,33,Axcel Cephalexin-500 Capsule##,1,Drugs,"{'id': 1, 'name': 'Drugs', 'created_at': '-000001-11-30T00:00:00.000000Z', 'updated_at': '2022-03-17T16:53:12.000000Z', 'deleted_at': None}",437,Cefalexin,,A4-3050,2,Capsule,1,Oral,500 mg,160,Dortemag Ventures Limited,2021-12-02,2026-12-01,Active,"Capsule
Pink/purple hard gelatin capsule, size &quot;0&quot;",10 x 10&#039;s (in PVC-Alu blisters),"Each capsule contains: Cefalexin 500 mg
Excipients q.s.",https://admin.greenbook.nafdac.gov.ng/uploadImage/smpc_files/2025/01/23/20250123ad1407e5-f1e8-58b0-9838-b7ef51fdf192.pdf,J01DB01,https://greenbook.nafdac.gov.ng/products/details/33,2026-09-27T21:22:20.085187+00:00
Greenbook NAFDAC,825,7189,Axcel Cetirizine Syrup##,1,Drugs,"{'id': 1, 'name': 'Drugs', 'created_at': '-000001-11-30T00:00:00.000000Z', 'updated_at': '2022-03-17T16:53:12.000000Z', 'deleted_at': None}",412,Cetirizine (Cetirizine Hydrochloride),,B4-8515,103,Syrup,1,Oral,0.1 mg,160,Dortemag Ventures Limited,2024-03-27,2029-03-26,Active,"Syrup

77	RNW-PP-323452	AXCEL CETIRIZINE SYRUP	CETIRIZINE	CETIRIZINE DIHYDROCHLORIDE-0.1W/V SODIUM CITRATE-0.155W/V SODIUM SACCHARIN-0.2W/V METHYLPARABEN-0.1W/V PROPYLENE GLYCOL-1.0W/V SORBITOL-5.0W/V GLYCERIN 4.0 W/V REFINED SUGAR-50.0 W/V BANANA FLAVOUR-0.3W/V PURIFIED WATER Q.S. -39.145	B4-8515	Drugs	Imported Products	60ML,100ML	Prescription Only Medicine (POM)	3/30/2023	DORTEMAG VENTURES LTD, 3819 TITILAYO ADEDOYIN STREET, OMOLE ESTATE, OJODU	KOTRA PHARMA, KOTRA PHARMA (M) SDN. BHD. NO. 1, 2 &amp; 3, JALAN TTC 12, CHENG INDUSTRIAL ESTATE, 75250 MELAKA, MALAYSIA , Malaysia","60 mL,100 mL (in PET bottle)","Each 5 mL contains; Cetirizine Dihydrochloride 5 mg
Excipients: Sodium Citrate, Sodium Saccharin, Methylparaben, Propylene Glycol, Sorbitol, Glycerin, Refined Sugar, Banana Flavor and Purified Water",https://admin.greenbook.nafdac.gov.ng/uploadImage/smpc_files/2024/11/28/202411285eaee5fe-bf58-5ff2-b14c-5dd120e84701.pdf,S01GX12,https://greenbook.nafdac.gov.ng/products/details/7189,2026-09-27T21:22:20.085187+00:00
Greenbook NAFDAC,826,7133,Axerem 500 Tablets##,1,Drugs,"{'id': 1, 'name': 'Drugs', 'created_at': '-000001-11-30T00:00:00.000000Z', 'updated_at': '2022-03-17T16:53:12.000000Z', 'deleted_at': None}",475,Azithromycin (Azithromycin Dihydrate),,A4-4136,98,Film coated tablet,1,Oral,500 mg,451,Dony-Triumph and Company Nigeria Limited,2024-02-28,2029-02-27,Active,"Tablet
Yellow colored, elongated, biconvex, film coated tablets, having a break line on one side of each tablet

32	CMS-PP-389484	AXEREM 500 TABLETS	AZITHROMYCIN USP 500MG	ACH FILM COATED TABLET CONTAINS: AZITHROMYCIN (DIHYDRATE) USP EQUIVALENT TO ANHYDROUS AZITHROMYCIN (500 MG) APPROVED COLOUR USED.EXCIPIENT SODIUM LAURYL SULPHATE. DIBASIC CALCIUM PHOSPHATE ,MAIZE STARCH0.30 6. ISOPROPYL ALCOHOL BP LUBRICANTS ,PURIFIED TALC BP , MAGNESIUM STEARATE BP . SODIUM LAURYL SULPHATE BP , SODIUM STARCH GLYCOLATE BP. CROS CARMELLOSE SODIUM	A4-4136	Drugs	Imported Products	1X10	Prescription Only Medicine (POM)	11/22/2023	DONY-TRIUMPH AND COMPANY NIGERIA LIMITED, I/I J POND STREET,HOUSING ESTATE FEGGE ONITSHA ANAMBRA STATE	80868969	donytrump15@yahoo.com	MEDICO REMEDIES PVT LIMITED, PLOT N0. 8 &amp; 9 DEWAN &amp; SONS UDYOG NAGAR, LOKMANYA NAGAR, PALGHAR, DIST. THANE, INDIA., India",10 x 1 x 10&#039;s (in Alu-Alu blisters),"Each film coated tablet contains: Azithromycin (Dihydrate) USP Equivalent to Anhydrous Azithromycin 500 mg
Excipients q.s.",https://admin.greenbook.nafdac.gov.ng/uploadImage/smpc_files/2024/03/24/20240324bbd4ee64-4bd3-5f5e-80f1-98b4f99841c3.pdf,J01FA10,https://greenbook.nafdac.gov.ng/products/details/7133,2026-09-27T21:22:20.085187+00:00
Greenbook NAFDAC,827,259,Axerem Suspension##,1,Drugs,"{'id': 1, 'name': 'Drugs', 'created_at': '-000001-11-30T00:00:00.000000Z', 'updated_at': '2022-03-17T16:53:12.000000Z', 'deleted_at': None}",475,Azithromycin (Azithromycin Dihydrate),,B4-4525,102,Suspension,1,Oral,200 mg/5 mL,451,Dony-Triumph and Company Nigeria Limited,2021-06-24,2026-06-23,Inactive,"Powder for Oral Suspension
",1 x 20 mL (in HDPE bottle),"Each 5 mL of reconstituted suspension contains: Azithromycin Dihydrate USP equivalent to Azithromycin base 200 mg, Flavored Base q.s.
Excipients q.s.
",https://admin.greenbook.nafdac.gov.ng/uploadImage/smpc_files/2023/05/28/20230528c107dbfb-928a-540c-8a28-a26c301c8e98.pdf,J01FA10,https://greenbook.nafdac.gov.ng/products/details/259,2026-09-27T21:22:20.085187+00:00
Greenbook NAFDAC,828,3917,Axerem Tablets 250 mg##,1,Drugs,"{'id': 1, 'name': 'Drugs', 'created_at': '-000001-11-30T00:00:00.000000Z', 'updated_at': '2022-03-17T16:53:12.000000Z', 'deleted_at': None}",475,Azithromycin (Azithromycin Dihydrate),,A4-4179,1,Tablet,1,Oral,250 mg,451,Dony-Triumph and Company Nigeria Limited,2021-03-29,2026-03-28,Inactive,"Tablet
Yellow colored, elongated, biconvex, film coated tablets, having a break line on one side of each tablet
",1 x 10&#039;s (in Alu-Alu blisters),"Each tablet contains: Azithromycin Dihydrate USP equivalent to Anhydrous Azithromycin 250 mg
Excipients q.s.
Approved color used
",https://admin.greenbook.nafdac.gov.ng/uploadImage/smpc_files/2024/11/28/2024112804bdd7c6-35d1-5dd1-8216-77e1f17447f4.pdf,J01FA10,https://greenbook.nafdac.gov.ng/products/details/3917,2026-09-27T21:22:20.085187+00:00
Greenbook NAFDAC,829,3918,Axerem Tablets 500 mg##,1,Drugs,"{'id': 1, 'name': 'Drugs', 'created_at': '-000001-11-30T00:00:00.000000Z', 'updated_at': '2022-03-17T16:53:12.000000Z', 'deleted_at': None}",475,Azithromycin (Azithromycin Dihydrate),,A4-4136,1,Tablet,1,Oral,500 mg,451,Dony-Triumph and Company Nigeria Limited,2021-03-29,2026-03-28,Inactive,"Tablet
Pink color, oblong biconvex shape and film coated tablet. One side smooth and other side scored
",1 x 10&#039;s (in Alu-Alu blister),"Each film coated tablet contains: Azithromycin Dihydrate USP equivalent to Anhydrous Azithromycin 500 mg
Excipients q.s.",https://admin.greenbook.nafdac.gov.ng/uploadImage/smpc_files/2023/05/27/20230527744708d8-7073-5125-98aa-08f9b110ebf6.pdf,J01FA10,https://greenbook.nafdac.gov.ng/products/details/3918,2026-09-27T21:22:20.085187+00:00
Greenbook NAFDAC,830,7848,Axitin Tablet 1000 mg**,1,Drugs,"{'id': 1, 'name': 'Drugs', 'created_at': '-000001-11-30T00:00:00.000000Z', 'updated_at': '2022-03-17T16:53:12.000000Z', 'deleted_at': None}",423,Amoxicillin (Amoxicillin Trihydrate); Clavulanic Acid (Potassium Clavulanate),,A4-3691,1,Tablet,1,Oral,875 mg; 125 mg,351,Clarion Medicals Limited,2021-01-28,2026-01-27,Inactive,Tablet,1 x 10&#039;s (in blister),"Each tablet contains: Amoxicillin (as Amoxicillin Trihydrate) 875 mg, and Clavulanic acid (as Potassium Clavulanate) 125 mg",https://admin.greenbook.nafdac.gov.ng/uploadImage/smpc_files/2025/01/27/20250127d71e3db3-1ad3-5b9e-acaf-3f8b8fcd21c9.pdf,,https://greenbook.nafdac.gov.ng/products/details/7848,2026-09-27T21:22:20.085187+00:00
Greenbook NAFDAC,831,11695,Axobact Cream_,1,Drugs,"{'id': 1, 'name': 'Drugs', 'created_at': '-000001-11-30T00:00:00.000000Z', 'updated_at': '2022-03-17T16:53:12.000000Z', 'deleted_at': None}",1106,Betamethasone; Clotrimazole; Neomycin sulfate,,A4-101520,4,Cream,21,Topical,1%; 0.05%; 0.5%,753,Axiom Drugs Ltd,2025-09-24,2030-09-23,Active,"Cream.
White to off-white color semi-solid cream",1 x 30 g (in Lami tube),"Each gram contains: Clotrimazole USP 1.0 % w/w, Betamethasone Dipropionate equiv. to Betamethasone USP 0.05 % w/w, Neomycin Sulphate USP 0.5 % w/w, and Chlorocresol USP-NF 0.1 % w/w (as preservative)
Excipients q.s.",https://admin.greenbook.nafdac.gov.ng/uploadImage/smpc_files/2025/11/12/20251112faa27050-6a5e-5f19-a386-32df0a58b858.pdf,D07CC01,https://greenbook.nafdac.gov.ng/products/details/11695,2026-09-27T21:22:20.085187+00:00
Greenbook NAFDAC,832,8950,Axone 1000 Injection**,1,Drugs,"{'id': 1, 'name': 'Drugs', 'created_at': '-000001-11-30T00:00:00.000000Z', 'updated_at': '2022-03-17T16:53:12.000000Z', 'deleted_at': None}",1541,Ceftriaxone (Ceftriaxone Sodium),,04-3684,70,Powder for injection,29,Intravenous; Intramuscular,1000 mg,199,Interpharma Industries Limited,2021-09-28,2026-09-27,Active,Powder for solution for injection in a vial,1 g x 1&#039;s (in vial),Each vial contains: Ceftriaxone Sodium equiv. to Ceftriaxone 1 g,,J01DD04,https://greenbook.nafdac.gov.ng/products/details/8950,2026-09-27T21:22:20.085187+00:00
Greenbook NAFDAC,833,7849,Axzol Tablets**,1,Drugs,"{'id': 1, 'name': 'Drugs', 'created_at': '-000001-11-30T00:00:00.000000Z', 'updated_at': '2022-03-17T16:53:12.000000Z', 'deleted_at': None}",30,Trihexyphenidyl Hydrochloride (Benzhexol Hydrochloride),Benzhexol,B4-0153,1,Tablet,1,Oral,5 mg,700,Phinifarms Pharmaceutical Limited,2024-08-28,2029-08-27,Active,"Uncoated tablet.
White coloured round shaped flat uncoated tablet with mark “AXZOL-5” on one side and plain on other side",1 x 500&#039;s (in a jar),"Benzhexol Tablets BP 5 mg.
Each uncoated tablet contains: Benzhexol Hydrochloride BP 5 mg, Excipients Q.S.",https://admin.greenbook.nafdac.gov.ng/uploadImage/smpc_files/2024/09/12/2024091260971ad2-6659-51e3-80ec-a7a3b7bc8ed0.pdf,P01BF,https://greenbook.nafdac.gov.ng/products/details/7849,2026-09-27T21:22:20.085187+00:00
Greenbook NAFDAC,834,4286,Ayrtons Castor Oil##,1,Drugs,"{'id': 1, 'name': 'Drugs', 'created_at': '-000001-11-30T00:00:00.000000Z', 'updated_at': '2022-03-17T16:53:12.000000Z', 'deleted_at': None}",201,Castor oil,,B4-1365,101,Liquid,1,Oral,100%,459,Mofus Nigeria Ltd,2020-11-30,2025-11-29,Inactive,Liquid,,Ayrtons Castor Oil contains: Castor Oil 100%,,A06AB05,https://greenbook.nafdac.gov.ng/products/details/4286,2026-09-27T21:22:20.085187+00:00
Greenbook NAFDAC,835,4287,Ayrtons Syrup of Haemoglobin with Vitamin B12##,1,Drugs,"{'id': 1, 'name': 'Drugs', 'created_at': '-000001-11-30T00:00:00.000000Z', 'updated_at': '2022-03-17T16:53:12.000000Z', 'deleted_at': None}",993,Vitamin B12; Haemoglobin,,04-7309,101,Liquid,1,Oral,20 mcg/5 mL; 500 mg/5 mL,459,Mofus Nigeria Ltd,2020-11-10,2025-11-09,Inactive,Liquid,,"Each 5 mL contains: Vitamin B12 20 mcg, Haemoglobin 500 mg",,B03BA51,https://greenbook.nafdac.gov.ng/products/details/4287,2026-09-27T21:22:20.085187+00:00
Greenbook NAFDAC,836,475,"Azarga 10 mg/mL + 5 mg/mL Eye Drops, Suspension**",1,Drugs,"{'id': 1, 'name': 'Drugs', 'created_at': '-000001-11-30T00:00:00.000000Z', 'updated_at': '2022-03-17T16:53:12.000000Z', 'deleted_at': None}",794,Brinzolamide; Timolol (Timolol Maleate),,B4-5549,112,Suspension/Drops,15,Ophthalmic,1%; 0.5%,250,Novartis Nigeria Limited,2021-06-24,2026-06-23,Inactive,"Eye drops, Suspension",1 x 5 mL (in LDPE bottle),"One mL of the eye drop suspension contains: Brinzolamide 10 mg, Timolol Maleate 6.8 mg equivalent to Timolol 5 mg, Excipients q.s.
Excipient with known effect (per 1 mL): Benzalkonium Chloride 0.1 mg
",https://admin.greenbook.nafdac.gov.ng/uploadImage/smpc_files/2024/11/19/20241119d93f8091-8f20-58c8-a5eb-06c3c00b96a3.pdf,S01ED51,https://greenbook.nafdac.gov.ng/products/details/475,2026-09-27T21:22:20.085187+00:00
Greenbook NAFDAC,837,12396,Azegnar 100 Tablets_,1,Drugs,"{'id': 1, 'name': 'Drugs', 'created_at': '-000001-11-30T00:00:00.000000Z', 'updated_at': '2022-03-17T16:53:12.000000Z', 'deleted_at': None}",263,Losartan Potassium,,A4-100995,1,Tablet,1,Oral,100 mg,751,ZMC International Limited,2025-11-26,2030-11-25,Active,"Tablet.
White-colored, round-shaped, biconvex, film-coated tablets with embossed &quot;SLPL&quot; on one side &amp; plain on the other side",2 x 14&#039;s (in Alu-PVC blisters),Each tablet contains: Losartan Potassium USP 100 mg,https://admin.greenbook.nafdac.gov.ng/uploadImage/smpc_files/2025/12/17/202512179831f588-b662-572c-9746-d1f71436eccd.pdf,C09CA01,https://greenbook.nafdac.gov.ng/products/details/12396,2026-09-27T21:22:20.085187+00:00
Greenbook NAFDAC,838,12397,Azegnar 50 Tablets_,1,Drugs,"{'id': 1, 'name': 'Drugs', 'created_at': '-000001-11-30T00:00:00.000000Z', 'updated_at': '2022-03-17T16:53:12.000000Z', 'deleted_at': None}",263,Losartan Potassium,,A4-100981,1,Tablet,1,Oral,100 mg,751,ZMC International Limited,2025-11-26,2030-11-25,Active,Tablet,2 x 14&#039;s (in Alu-PVC blisters),Each tablet contains: Losartan Potassium USP 100 mg,https://admin.greenbook.nafdac.gov.ng/uploadImage/smpc_files/2025/12/17/20251217369b904f-101e-5c50-9719-ec8ab913cfc8.pdf,C09CA01,https://greenbook.nafdac.gov.ng/products/details/12397,2026-09-27T21:22:20.085187+00:00
Greenbook NAFDAC,839,3006,Azen Tablets##,1,Drugs,"{'id': 1, 'name': 'Drugs', 'created_at': '-000001-11-30T00:00:00.000000Z', 'updated_at': '2022-03-17T16:53:12.000000Z', 'deleted_at': None}",570,Albendazole,,B4-0205,1,Tablet,1,Oral,200 mg,513,Astranad Pharmaceuticals and Chemical Company Limited,2020-11-10,2025-11-09,Inactive,Tablet,,"Each tablet contains: Albendazole 200 mg
Excipients q.s.",,P02CA03,https://greenbook.nafdac.gov.ng/products/details/3006,2026-09-27T21:22:20.085187+00:00
Greenbook NAFDAC,840,7851,Azether α-β Arteether Injection**,1,Drugs,"{'id': 1, 'name': 'Drugs', 'created_at': '-000001-11-30T00:00:00.000000Z', 'updated_at': '2022-03-17T16:53:12.000000Z', 'deleted_at': None}",551,α-β Arteether,Alpha Beta Arteether; Alfa Beta Arteether,A4-6653,107,Solution for injection,9,Intramuscular,150 mg/2 mL,815,Eutrix Pharmaceuticals Limited,2021-05-07,2026-05-06,Inactive,Oily solution for injection in 2-mL ampoule,2 mL x 3&#039;s (in amber glass ampoules),,,P01BE,https://greenbook.nafdac.gov.ng/products/details/7851,2026-09-27T21:22:20.085187+00:00
Greenbook NAFDAC,841,8517,Azglo Tablets**,1,Drugs,"{'id': 1, 'name': 'Drugs', 'created_at': '-000001-11-30T00:00:00.000000Z', 'updated_at': '2022-03-17T16:53:12.000000Z', 'deleted_at': None}",475,Azithromycin (Azithromycin Dihydrate),,B4-0387,1,Tablet,1,Oral,500 mg,185,Global Organics Ltd,2021-08-26,2026-08-25,Inactive,Tablet,1 x 10&#039;s (in blister),Azithromycin USP 500 mg,https://admin.greenbook.nafdac.gov.ng/uploadImage/smpc_files/2025/03/27/20250327c3138b89-3af4-57b9-921d-2b8d13240943.pdf,,https://greenbook.nafdac.gov.ng/products/details/8517,2026-09-27T21:22:20.085187+00:00
Greenbook NAFDAC,842,12136,Azglo Tablet_,1,Drugs,"{'id': 1, 'name': 'Drugs', 'created_at': '-000001-11-30T00:00:00.000000Z', 'updated_at': '2022-03-17T16:53:12.000000Z', 'deleted_at': None}",475,Azithromycin (Azithromycin Dihydrate),,B4-0387,1,Tablet,1,Oral,500 mg,185,Global Organics Ltd,2025-09-24,2030-09-23,Active,Tablet,1 x 10&#039;s (in Alu-Alu blister),"Each film-coated tablets contains: Azithromycin Dihydrate USP equiv. to anhydrous Azithromycin 500 mg
Excipients q.s.",https://admin.greenbook.nafdac.gov.ng/uploadImage/smpc_files/2025/11/28/2025112806753ed3-87a6-5787-b7c0-92f1500a991c.pdf,J01FA10,https://greenbook.nafdac.gov.ng/products/details/12136,2026-09-27T21:22:20.085187+00:00
Greenbook NAFDAC,843,11696,Aziemal 20/120 Tablets_,1,Drugs,"{'id': 1, 'name': 'Drugs', 'created_at': '-000001-11-30T00:00:00.000000Z', 'updated_at': '2022-03-17T16:53:12.000000Z', 'deleted_at': None}",528,Artemether; Lumefantrine,,A4-101523,1,Tablet,1,Oral,20 mg; 120 mg,1706,Aziel Global Resources Limited,2025-09-24,2030-09-23,Active,Tablet,1 x 24&#039;s (in Alu-PVC blister),"Each tablet contains: Artemether PhI 20 mg, and Lumefantrine PhI 120 mg
Excipients q.s.",https://admin.greenbook.nafdac.gov.ng/uploadImage/smpc_files/2025/11/12/20251112a9c8f949-8363-5b17-b77d-f14167acbc7d.pdf,P01BF01,https://greenbook.nafdac.gov.ng/products/details/11696,2026-09-27T21:22:20.085187+00:00
Greenbook NAFDAC,844,11697,Aziemal Forte 80/480 Tablets_,1,Drugs,"{'id': 1, 'name': 'Drugs', 'created_at': '-000001-11-30T00:00:00.000000Z', 'updated_at': '2022-03-17T16:53:12.000000Z', 'deleted_at': None}",528,Artemether; Lumefantrine,,A4-101524,1,Tablet,1,Oral,80 mg; 480 mg,1706,Aziel Global Resources Limited,2025-09-24,2030-09-23,Active,"Tablet
",1 x 6&#039;s (in Alu-PVC blister),"Each film-coated tablet: Artemether PhI 80 mg, and Lumefantrine PhI 480 mg
Excipients q.s.",https://admin.greenbook.nafdac.gov.ng/uploadImage/smpc_files/2025/11/12/202511125e0dbbf1-35e7-5525-b002-d2b4d1d2e24e.pdf,P01BF01,https://greenbook.nafdac.gov.ng/products/details/11697,2026-09-27T21:22:20.085187+00:00
Greenbook NAFDAC,845,7852,Azigraf-500 Tablets**,1,Drugs,"{'id': 1, 'name': 'Drugs', 'created_at': '-000001-11-30T00:00:00.000000Z', 'updated_at': '2022-03-17T16:53:12.000000Z', 'deleted_at': None}",475,Azithromycin (Azithromycin Dihydrate),,B4-5631,1,Tablet,1,Oral,500 mg,253,Onifam Laboratories Limited,2021-01-28,2026-01-27,Inactive,Tablet,1 x 10&#039;s (in blister),Each tablet contains: Azithromycin Dihydrate BP equiv. to Azithromycin 500 mg,,,https://greenbook.nafdac.gov.ng/products/details/7852,2026-09-27T21:22:20.085187+00:00
Greenbook NAFDAC,846,2893,Azilide 200 Oral Suspension##,1,Drugs,"{'id': 1, 'name': 'Drugs', 'created_at': '-000001-11-30T00:00:00.000000Z', 'updated_at': '2022-03-17T16:53:12.000000Z', 'deleted_at': None}",475,Azithromycin (Azithromycin Dihydrate),,A4-2018,102,Suspension,1,Oral,200 mg/5 mL,179,Geneith Pharmaceuticals Limited,2020-12-21,2025-12-20,Inactive,Suspension,,Each 5 mL contains: Azithromycin Dihydrate equivalent to Azithromycin 200 mg,,J01FA10,https://greenbook.nafdac.gov.ng/products/details/2893,2026-09-27T21:22:20.085187+00:00
Greenbook NAFDAC,847,7853,Azilide 500 Tablets**,1,Drugs,"{'id': 1, 'name': 'Drugs', 'created_at': '-000001-11-30T00:00:00.000000Z', 'updated_at': '2022-03-17T16:53:12.000000Z', 'deleted_at': None}",475,Azithromycin (Azithromycin Dihydrate),,B4-2306,1,Tablet,1,Oral,500 mg,179,Geneith Pharmaceuticals Limited,2024-08-28,2029-08-27,Active,"Film coated tablet.
White, elongated, biconvex, film coated tablet having breakline on one side &amp; plain on other side of each tablet",1 x 6&#039;s (in Alu/Alu foil blister),"Azithromycin Tablets USP 500 mg.
Each film coated tablet contains: Azithromycin Dihydrate USP equiv. to Azithromycin Anhydrous 500 mg, Excipients Q.S.",https://admin.greenbook.nafdac.gov.ng/uploadImage/smpc_files/2024/09/17/20240917d0efca47-e0d6-5266-8e2f-a499bae14591.pdf,J01FA1,https://greenbook.nafdac.gov.ng/products/details/7853,2026-09-27T21:22:20.085187+00:00
Greenbook NAFDAC,848,2894,Azilide 500 Tablets** (duplicate),1,Drugs,"{'id': 1, 'name': 'Drugs', 'created_at': '-000001-11-30T00:00:00.000000Z', 'updated_at': '2022-03-17T16:53:12.000000Z', 'deleted_at': None}",475,Azithromycin (Azithromycin Dihydrate),,B4-2306,1,Tablet,1,Oral,500 mg,179,Geneith Pharmaceuticals Limited,2020-12-21,2025-12-20,Inactive,,,,,J01FA10,https://greenbook.nafdac.gov.ng/products/details/2894,2026-09-27T21:22:20.085187+00:00
Greenbook NAFDAC,849,2895,Azimore Tablets 500 mg##,1,Drugs,"{'id': 1, 'name': 'Drugs', 'created_at': '-000001-11-30T00:00:00.000000Z', 'updated_at': '2022-03-17T16:53:12.000000Z', 'deleted_at': None}",475,Azithromycin (Azithromycin Dihydrate),,C4-1324,1,Tablet,1,Oral,500 mg,676,Jonco Pharmaceutical Company Ltd,2020-11-30,2025-11-29,Inactive,Tablet,,Each tablet contains: Azithromycin Dihydrate equivalent to Azithromycin 500 mg,,J01FA10,https://greenbook.nafdac.gov.ng/products/details/2895,2026-09-27T21:22:20.085187+00:00
Greenbook NAFDAC,850,7854,Azines 500 Tablets**,1,Drugs,"{'id': 1, 'name': 'Drugs', 'created_at': '-000001-11-30T00:00:00.000000Z', 'updated_at': '2022-03-17T16:53:12.000000Z', 'deleted_at': None}",475,Azithromycin (Azithromycin Dihydrate),,A4-7241,1,Tablet,1,Oral,500 mg,594,Bazreal Global Limited,2024-08-28,2029-08-27,Active,Film-coated tablet,5 x1 x 3&#039;s (in blisters),"Azithromycin Tablets USP 500 mg.
Each film-coated tablet contains: Azithromycin (as dihydrate) 500 mg",https://admin.greenbook.nafdac.gov.ng/uploadImage/smpc_files/2024/09/17/20240917bb785787-819a-54d6-ba2f-2268e7a98461.pdf,J01FA10,https://greenbook.nafdac.gov.ng/products/details/7854,2026-09-27T21:22:20.085187+00:00
Greenbook NAFDAC,851,943,Azinest Tablet##,1,Drugs,"{'id': 1, 'name': 'Drugs', 'created_at': '-000001-11-30T00:00:00.000000Z', 'updated_at': '2022-03-17T16:53:12.000000Z', 'deleted_at': None}",475,Azithromycin (Azithromycin Dihydrate),,B4-5070,1,Tablet,1,Oral,500 mg,1083,Zadip Pharma Nig  Ltd,2021-05-07,2026-05-06,Inactive,Tablet,,Each tablet contains: Azithromycin BP 500 mg,,J01FA10,https://greenbook.nafdac.gov.ng/products/details/943,2026-09-27T21:22:20.085187+00:00
Greenbook NAFDAC,852,4727,Azisure Oral Suspension##,1,Drugs,"{'id': 1, 'name': 'Drugs', 'created_at': '-000001-11-30T00:00:00.000000Z', 'updated_at': '2022-03-17T16:53:12.000000Z', 'deleted_at': None}",475,Azithromycin (Azithromycin Dihydrate),,B4-5713,102,Suspension,1,Oral,200 mg/5 mL,1010,Exagon Pharmaceuticals Limited,2023-07-06,2028-07-05,Active,"Oral suspension
White to off white granular powder suspension with orange flavor

186	RNW-PP-166948	AZISURE ORAL SUSPENSION	AZITHROMYCIN USP 200MG/5ML	AZITHROMYCIN 200MG/5ML	B4-5713	Drugs	Imported Products	1x15ml	POM 1	10/4/2020	EXAGON PHARMACEUTICALS LIMITED, SUITE NO. 502, MKK PLAZA, ODUMEGWU OJUKWU STREET, OFF ABDUSALAM ABUBAKAR WAY GUDU DIST; FCT ABUJA NIGERIA	8060786272	exagonpharmaltd@gmail.com	BRUSSELS LABORATORIES PVT LIMITED, 33, CHANGODUR INDUSTRIAL ESTATE, SARKHEJ BARKA ROAD,CHANGODAR,AHEMADABAD GUJARAT, INDIA, India",1 x 15 mL,"Each 5 mL (after reconstitution) contains: Azithromycin Dihydrate USP equivalent to Azithromycin Base 200 mg, Flavored Syrup Base q.s.",https://admin.greenbook.nafdac.gov.ng/uploadImage/smpc_files/2023/08/23/20230823ed0b4155-f0d7-5d94-80f7-63bedc2b5558.pdf,J01FA10,https://greenbook.nafdac.gov.ng/products/details/4727,2026-09-27T21:22:20.085187+00:00
Greenbook NAFDAC,853,12398,Azisure Tablets 500_,1,Drugs,"{'id': 1, 'name': 'Drugs', 'created_at': '-000001-11-30T00:00:00.000000Z', 'updated_at': '2022-03-17T16:53:12.000000Z', 'deleted_at': None}",2252,Azithromycin,,B4-5230,1,Tablet,1,Oral,500 mg,1010,Exagon Pharmaceuticals Limited,2025-11-26,2030-11-25,Active,"Tablet.
White-colored, capsule-shaped, film-coated tablets with a break line on one side and plain on the other side","1 x 3&#039;s, 1 x 10&#039;s (in Alu-Alu blisters)","Each tablet contains: Azithromycin Dihydrate USP equiv. to Azithromycin base 500 mg
Excipients q.s.",https://admin.greenbook.nafdac.gov.ng/uploadImage/smpc_files/2025/12/17/20251217cd2a366a-0292-5e66-adf9-3b1a1b844744.pdf,J01FA10,https://greenbook.nafdac.gov.ng/products/details/12398,2026-09-27T21:22:20.085187+00:00
Greenbook NAFDAC,854,12399,Azith-500 Tablets_,1,Drugs,"{'id': 1, 'name': 'Drugs', 'created_at': '-000001-11-30T00:00:00.000000Z', 'updated_at': '2022-03-17T16:53:12.000000Z', 'deleted_at': None}",2252,Azithromycin,,A4-2236,1,Tablet,1,Oral,500 mg,1219,Harvad Pharmaceutical Company Ltd,2025-11-26,2030-11-25,Active,"Tablet
",1 x 3&#039;s (in Alu-Alu blister),"Each film-coated tablet contains: Azithromycin Dihydrate USP equiv. to Azithromycin (Anhydrous) 500 mg
Excipients q.s.",https://admin.greenbook.nafdac.gov.ng/uploadImage/smpc_files/2026/01/06/2026010686080d8f-9c3d-55b9-99e8-7525c5181fa6.pdf,J01FA10,https://greenbook.nafdac.gov.ng/products/details/12399,2026-09-27T21:22:20.085187+00:00
Greenbook NAFDAC,855,10054,Azith-500 Tablets_,1,Drugs,"{'id': 1, 'name': 'Drugs', 'created_at': '-000001-11-30T00:00:00.000000Z', 'updated_at': '2022-03-17T16:53:12.000000Z', 'deleted_at': None}",475,Azithromycin (Azithromycin Dihydrate),,A4-2236,1,Tablet,1,Oral,500 mg,1219,Harvad Pharmaceutical Company Ltd,2025-03-27,2030-03-26,Active,Film-coated tablet,1 x 3&#039;s (in Alu-Alu blister),"Each film-coated tablet contains: Azithromycin Dihydrate USP equiv. to  Azithromycin Anhydrous 500 mg
Excipients q.s",https://admin.greenbook.nafdac.gov.ng/uploadImage/smpc_files/2025/05/27/20250527bc7725b6-9692-5efe-8184-f68b62771255.pdf,J01FA10,https://greenbook.nafdac.gov.ng/products/details/10054,2026-09-27T21:22:20.085187+00:00
Greenbook NAFDAC,856,2896,Azithrex-500 Capsule##,1,Drugs,"{'id': 1, 'name': 'Drugs', 'created_at': '-000001-11-30T00:00:00.000000Z', 'updated_at': '2022-03-17T16:53:12.000000Z', 'deleted_at': None}",475,Azithromycin (Azithromycin Dihydrate),,A4-7424,2,Capsule,1,Oral,500 mg,166,Embassy Pharmaceutical and Chemicals Limited,2020-11-10,2025-11-09,Inactive,Capsule,,"Each capsule contains: Azithromycin Dihydrate equivalent to Azithromycin 500 mg
Excipients q.s.",,J01FA10,https://greenbook.nafdac.gov.ng/products/details/2896,2026-09-27T21:22:20.085187+00:00
Greenbook NAFDAC,857,4728,Azithromycin 250 mg Capsules##,1,Drugs,"{'id': 1, 'name': 'Drugs', 'created_at': '-000001-11-30T00:00:00.000000Z', 'updated_at': '2022-03-17T16:53:12.000000Z', 'deleted_at': None}",1574,Azithromycin (Azithromycin Monohydrate),,B4-7131,2,Capsule,1,Oral,250 mg,265,Pharmadeal Nigeria Limited,2023-07-06,2028-07-05,Active,"Capsule
White, hard gelatin capsules marked &quot;Pfizer&quot; and &quot;ZTM 250&quot;

43	RNW-PP-263777	Azithromycin 250mg Capsules	AZITHROMYCIN 250	Azithromycin, Lactose, Sodium lauryl sulphate, Purified talc, Magnesium stearate &amp; Gelatin capsule shell	B4-7131	Drugs	Imported Products	1 x 10 Pack	Prescription Only Medicine (POM)	5/26/2022	PHARMADEAL NIGERIA LIMITED, 1A Oyewole Oshodi street, Ilupeju.	8038510048	ccnwabisi2010@yahoo.com	Beximco Pharmaceutical Ltd, 126, Kathaldia, Auchpara, Tongi, Gazipur, Bangladesh, Bangladesh",1 x 10&#039;s (in Alu-PVC blisters),"Each capsule contains Azithromycin Dihydrate 262.00 mg equivalent to Azithromycin 250 mg base
Excipients with known effect (per capsule): Lactose Anhydrous, Sulfur Dioxide",https://admin.greenbook.nafdac.gov.ng/uploadImage/smpc_files/2023/08/23/20230823323e96d3-35d3-50d1-8619-46c09f09f707.pdf,J01FA10,https://greenbook.nafdac.gov.ng/products/details/4728,2026-09-27T21:22:20.085187+00:00
Greenbook NAFDAC,858,4997,Azithromycin 250 mg Film-Coated Tablets##,1,Drugs,"{'id': 1, 'name': 'Drugs', 'created_at': '-000001-11-30T00:00:00.000000Z', 'updated_at': '2022-03-17T16:53:12.000000Z', 'deleted_at': None}",475,Azithromycin (Azithromycin Dihydrate),,A4-100477,98,Film coated tablet,1,Oral,250 mg,669,World Wide Commercial Ventures Ltd,2023-07-27,2028-07-26,Active,"Film Coated tablet
White, oblong, biconvex film-coated tablet with imprint “AI 250” on one side

83	NF-PP-177973	AZITHROMYCIN 250MG FILM-COATED TABLETS	AZITHROMYCIN	AZITHROMYCIN 250MG, CALCIUM HYDROGEN PHOSPHATE 46.945MG, HYPROMELLOSE 3MG, MAIZE STARCH 24MG, PREGELATINISED STARCH 20MG, CELLULOSE MICROCRYSTALLINE 16.8MG, SODIUM LAURILSULFATE 1.2MG, MAGNESIUM STEARATE 6MG, HYPROMELLOSE 6.8MG, TITANIUM DIOXIDE E171 1.220MG, POLYSORBATE 80 0.28MG, TALC 5.7MG		Drugs	Imported Products	1*4	WORLD WIDE COMMERCIAL VENTURES LTD, ILUPEJU INDUSTRIAL ESTATE ILUPEJU LAGOS	PLIVA HRVATSKA D.O.O , PLIVA HRVATSKA D.O.O, PRILAZ BARUNA FILIPOVICA 25, ZAGREB, HR-10000, CROATIA, Croatia","1 x 2&#039;s,1x 4&#039;s, 1 x 6&#039;s, 1 x 10&#039;s (in PVC-Alu blister)","Each tablet contains: Azithromycin (as dihydrate) 250 mg
Excipients: Calcium Hydrogen Phosphate 46.945 mg, Hypromellose 3 mg, Maize Starch 24 mg, Pregelatinized Starch 20 mg, Cellulose Microcrystalline 16.8 mg, Sodium Lauryl Sulphate 1.2 mg, Magnesium Stearate 6 mg, Hypromellose 6.8 mg, Titanium Dioxide E171 1.220 mg, Polysorbate 80 0.28 mg, Talc 5.7 mg",https://admin.greenbook.nafdac.gov.ng/uploadImage/smpc_files/2023/10/04/20231004ad3f10aa-a8e0-5a3c-b051-011de86591f4.pdf,J01FA10,https://greenbook.nafdac.gov.ng/products/details/4997,2026-09-27T21:22:20.085187+00:00
Greenbook NAFDAC,859,4729,Azithromycin 500 mg Film-Coated Tablets##,1,Drugs,"{'id': 1, 'name': 'Drugs', 'created_at': '-000001-11-30T00:00:00.000000Z', 'updated_at': '2022-03-17T16:53:12.000000Z', 'deleted_at': None}",1574,Azithromycin (Azithromycin Monohydrate),,A4-100419,1,Tablet,1,Oral,500 mg,669,World Wide Commercial Ventures Ltd,2023-07-06,2028-07-05,Active,"Film Coated Tablet
Pale blue, oblong, biconvex film-coated tablet with imprint “AI 500” and score line on one side. The tablet can be divided into equal halves.

125	NF-PP-178753	AZITHROMYCIN 500MG FILM-COATED TABLETS	AZITHROMYCIN	AZITHROMYCIN 500MG, CALCIUM HYDROGEN PHOSPHATE 46.945MG, HYPROMELLOSE 6MG, MAIZE STARCH 48MG, PREGELATINISED STARCH 40MG, CELLULOSE MICROCRYSTALLINE 33.6MG, SODIUM LAURILSULFATE 2.4MG, MAGNESIUM STEARATE 12MG, HYPROMELLOSE 13.6MG, INDIGOTINE LAKE E132 0.4MG, TITANIUM DIOXIDE E171 2.24MG, POLYSORBATE 80 0.56MG, TALC 11.2MG		Drugs	Imported Products	1*3	POM 1	11/30/2020	WORLD WIDE COMMERCIAL VENTURES LTD, ILUPEJU INDUSTRIAL ESTATE ILUPEJU LAGOS	14526126	lucky.ubokor@worldwidehealthcare.com	PLIVA HRVATSKA D.O.O , PLIVA HRVATSKA D.O.O, PRILAZ BARUNA FILIPOVICA 25, ZAGREB, HR-10000, CROATIA, Croatia","1 x 2&#039;s, 3&#039;s, 6&#039;s, 30&#039;s (in PVC-Alu blisters)","Each tablet contains: Azithromycin (as Dihydrate) of 500 mg
Excipients q.s.",https://admin.greenbook.nafdac.gov.ng/uploadImage/smpc_files/2023/10/04/20231004693d5f83-7d2b-5411-9f0a-89881a5cc419.pdf,J01FA10,https://greenbook.nafdac.gov.ng/products/details/4729,2026-09-27T21:22:20.085187+00:00
Greenbook NAFDAC,860,11371,Azithromycin 500 mg Tablet**,1,Drugs,"{'id': 1, 'name': 'Drugs', 'created_at': '-000001-11-30T00:00:00.000000Z', 'updated_at': '2022-03-17T16:53:12.000000Z', 'deleted_at': None}",475,Azithromycin (Azithromycin Dihydrate),,A4-4348,1,Tablet,1,Oral,500 mg,237,Nectar Healthcare Limited,2025-06-25,2030-06-24,Active,"Film-coated Tablet.
White coloured caplet shaped, biconvex, film-coated tablet having a breakline on one side",1 x 3&#039;s (in blister),"Each film-coated tablet contains: Azithromycin (dihydrate) USP equivalent Azithromycin (anhydrous) 500 mg.

Excipients:
Pre-Gelatinized Starch 15 mg, Croscarmellose Sodium 7 mg, Lactose 81.3 mg, Sodium Methyl Paraben 1.8 mg, Sodium Propyl Paraben 0.9 mg, Povidone K-30 mg, Maize Starch (f/p) 35 mg, Colloidal Silicon Dioxide 4 mg, Magnesium Stearate 7 mg, Kyron T-314 14 mg",https://admin.greenbook.nafdac.gov.ng/uploadImage/smpc_files/2025/07/28/20250728b76baccb-1568-5a69-b031-88fc02cbba6a.pdf,J01FA10,https://greenbook.nafdac.gov.ng/products/details/11371,2026-09-27T21:22:20.085187+00:00
Greenbook NAFDAC,861,11111,Azithromycin 500 mg Tablets##,1,Drugs,"{'id': 1, 'name': 'Drugs', 'created_at': '-000001-11-30T00:00:00.000000Z', 'updated_at': '2022-03-17T16:53:12.000000Z', 'deleted_at': None}",475,Azithromycin (Azithromycin Dihydrate),,A4-101277,1,Tablet,1,Oral,500 mg,1665,Arepharm &amp; Agrovet Ltd,2025-04-30,2030-04-29,Active,"Film Coated Tablet
White color, capsule shaped, biconvex, film coated break-line on one side and plain on the other side

",1 x 10&#039;s (in Alu-Alu blister),"Each tablet contains: Azithromycin Dihydrate equivalent to 500 mg Azithromycin USP Base 500 mg
Excipients q.s.
Color: Approved color used",https://admin.greenbook.nafdac.gov.ng/uploadImage/smpc_files/2025/05/25/20250525146ff5d3-7268-5ca5-866a-10beffd5e2f6.pdf,J01FA10,https://greenbook.nafdac.gov.ng/products/details/11111,2026-09-27T21:22:20.085187+00:00
Greenbook NAFDAC,862,6504,Azithromycin 500 mg Tablets##,1,Drugs,"{'id': 1, 'name': 'Drugs', 'created_at': '-000001-11-30T00:00:00.000000Z', 'updated_at': '2022-03-17T16:53:12.000000Z', 'deleted_at': None}",475,Azithromycin (Azithromycin Dihydrate),, B4-7255,1,Tablet,1,Oral,500 mg,761,Anyi-Tex Pharmaceuticals Limited,2023-11-30,2028-11-29,Active,"Tablet

74	RNW-PP-276775	AZITHROMYCIN 500MG TABLETS	AZITHROMYCIN USP 500MG	AZITHROMYCIN TABLETS USP 500MG EXCIPIENTS: q.s.	B4-7255	Drugs	Imported Products	10x1x10TAB ALU ALU	Prescription Only Medicine (POM)	8/6/2022	ANYI-TEX PHARMACEUTICALS LIMITED, ABAZUONU STREET ONITSHA ANAMBRA	9066116994	anyitexpharm@gmail.com	WEST COAST PHARMACEUTICAL WORKS LTD., NO 17 &amp; 16/5 MERDI ESTATE, B/S MELDI MATA TEMPLE, NR. GOTA RAILWAY CROSSING. AT: GOTA, AHMEDABAD - 382 481, GUJARAT, INDIA, India",10 x 1 x 10&#039;s (in Alu-Alu pack),"Each tablet contains: Azithromycin Dihydrate equivalent to Azithromycin 500 mg
Excipients q.s.",https://admin.greenbook.nafdac.gov.ng/uploadImage/smpc_files/2023/12/18/202312188a016cf6-419b-5d29-847d-8b4bce0008aa.pdf,J01FA10,https://greenbook.nafdac.gov.ng/products/details/6504,2026-09-27T21:22:20.085187+00:00
Greenbook NAFDAC,863,11417,Azithromycin 500 mg Tablets_,1,Drugs,"{'id': 1, 'name': 'Drugs', 'created_at': '-000001-11-30T00:00:00.000000Z', 'updated_at': '2022-03-17T16:53:12.000000Z', 'deleted_at': None}",475,Azithromycin (Azithromycin Dihydrate),,A4-101406,1,Tablet,1,Oral,500 mg,1655,Hugo Health Care Limited,2025-07-30,2030-07-29,Active,"Tablet.
White-color, capsule-shaped, film-coated tablets having break line on one side and plain on the other side",10 x 1 x 10&#039;s (in blisters),"Each tablet contains: Azithromycin Dihydrate equiv. to Azithromycin 500 mg
Excipients q.s.",https://admin.greenbook.nafdac.gov.ng/uploadImage/smpc_files/2025/08/14/20250814e9735da5-3b89-508e-b771-d6c12452aa30.pdf,J01FA10,https://greenbook.nafdac.gov.ng/products/details/11417,2026-09-27T21:22:20.085187+00:00
Greenbook NAFDAC,864,10055,Azithromycin 500 mg Tablet_,1,Drugs,"{'id': 1, 'name': 'Drugs', 'created_at': '-000001-11-30T00:00:00.000000Z', 'updated_at': '2022-03-17T16:53:12.000000Z', 'deleted_at': None}",475,Azithromycin (Azithromycin Dihydrate),,A4-101192,1,Tablet,1,Oral,500 mg,169,Evans Therapeutics Limited,2025-02-28,2030-02-27,Active,Oral Tablets,1 x 3&#039;s (in Alu-PVC blister),"Each film-coated tablet contains: Azithromycin Dihydrate USP equiv. to Anhydrous Azithromycin 500 mg
Excipients q.s.",https://admin.greenbook.nafdac.gov.ng/uploadImage/smpc_files/2025/05/11/202505111febfd00-a224-5ceb-8c31-9134b12e5a5d.pdf,J01FA10,https://greenbook.nafdac.gov.ng/products/details/10055,2026-09-27T21:22:20.085187+00:00
Greenbook NAFDAC,865,12137,Azithromycin 500 mg_,1,Drugs,"{'id': 1, 'name': 'Drugs', 'created_at': '-000001-11-30T00:00:00.000000Z', 'updated_at': '2022-03-17T16:53:12.000000Z', 'deleted_at': None}",475,Azithromycin (Azithromycin Dihydrate),,A4-101185,1,Tablet,1,Oral,500 mg,1324,City of Glory Limited,2025-12-17,2030-01-29,Active,Tablet,1 x 10&#039;s (in PVC-Alu blister),"Each tablet contains: Azithromycin Dihydrate USP equiv. to Azithromycin 500 mg
Excipients q.s.",https://admin.greenbook.nafdac.gov.ng/uploadImage/smpc_files/2025/04/02/2025040202c446c8-0ddf-50ae-8e22-9cd8305a82e3.pdf,J01FA10,https://greenbook.nafdac.gov.ng/products/details/12137,2026-09-27T21:22:20.085187+00:00
Greenbook NAFDAC,866,6160,Azithromycin Powder for Oral Suspension##,1,Drugs,"{'id': 1, 'name': 'Drugs', 'created_at': '-000001-11-30T00:00:00.000000Z', 'updated_at': '2022-03-17T16:53:12.000000Z', 'deleted_at': None}",475,Azithromycin (Azithromycin Dihydrate),,B4-7253,72,Powder for suspension,1,Oral,200 mg/5 mL,108,BG Pharma &amp; Healthcare Limited,2023-09-28,2028-09-27,Active,"Oral suspension

49	CMS-PP-340336	AZITHROMYCIN POWDER FOR ORAL SUSPENSION	AZITHROMYCIN 200MG/5ML	EACH 5ML RECONSTITUTED SUSPENSION CONTAINS AZITHROMYCIN DIHYDRATE USP EQ TO AZITHROMYCIN 200MG Excipients arabic gum, artificial aromatic substances, ethyl vanillin,	B4-7253	Drugs	Imported Products	1X30ML	Prescription Only Medicine (POM)	7/8/2023	BG PHARMA &amp; HEALTHCARE LIMITED, DANSVILLE PLAZA, OPP APO LEGISLATIVE QUARTERS, ABUJA FCT FCT	8063803298	stevebg2019@gmail.com	JIANGXI XIER KANGTAI PHARMACEUTICAL CO., LTD, North Zone High-New technology Industrial Zone Pingxiang, Jiangxi china., China",1 x 30 mL (in HDPE bottle),"Each 5 mL contains: Azithromycin 200 mg
Excipients q.s.",https://admin.greenbook.nafdac.gov.ng/uploadImage/smpc_files/2023/10/09/20231009842171f4-5fc7-52e7-8963-60f6af1a524f.pdf,J01FA10,https://greenbook.nafdac.gov.ng/products/details/6160,2026-09-27T21:22:20.085187+00:00
Greenbook NAFDAC,867,4090,Azithromycin Powder for Oral Suspension##,1,Drugs,"{'id': 1, 'name': 'Drugs', 'created_at': '-000001-11-30T00:00:00.000000Z', 'updated_at': '2022-03-17T16:53:12.000000Z', 'deleted_at': None}",475,Azithromycin (Azithromycin Dihydrate),,A11-100019,72,Powder for suspension,1,Oral,200 mg/5 mL,332,Zolon Healthcare Limited,2021-03-01,2026-02-28,Inactive,"Powder for Oral Suspension
White free flowing powder which on reconstitution becomes white colored suspension having a pleasant flavor",1 x 30 mL (in HDPE bottle),"Each 5 mL contains: Azithromycin Dihydrate equivalent to Azithromycin 200 mg
Excipients q.s.",https://admin.greenbook.nafdac.gov.ng/uploadImage/smpc_files/2024/08/30/202408307a706e7a-bcc1-5d53-949b-e0ab800a56d8.pdf,J01FA10,https://greenbook.nafdac.gov.ng/products/details/4090,2026-09-27T21:22:20.085187+00:00
Greenbook NAFDAC,868,4730,Azithromycin Powder for Suspension##,1,Drugs,"{'id': 1, 'name': 'Drugs', 'created_at': '-000001-11-30T00:00:00.000000Z', 'updated_at': '2022-03-17T16:53:12.000000Z', 'deleted_at': None}",1574,Azithromycin (Azithromycin Monohydrate),,B4-7132,72,Powder for suspension,1,Oral,200 mg/5 mL,265,Pharmadeal Nigeria Limited,2023-05-25,2028-05-24,Active,"Powder for Oral Suspension

60	RNW-PP-270574	Azithromycin Powder for suspension	AZITHROMYCIN 200MG/5ML	Azithromycin Powder for suspension USP	B4-7132	Drugs	Imported Products	15ml	POM 1	6/24/2022	PHARMADEAL NIGERIA LIMITED, 1A Oyewole Oshodi street, Ilupeju.	8038510048	ccnwabisi2010@yahoo.com	Beximco Pharmaceutical Ltd, 126, Kathaldia, Auchpara, Tongi, Gazipur, Bangladesh, Bangladesh",1 x 15 mL (in amber bottle),"Each 5 mL contains: Azithromycin Monohydrate equivalent to Azithromycin 200 mg
Excipients q.s.",https://admin.greenbook.nafdac.gov.ng/uploadImage/smpc_files/2023/08/22/20230822fb43a37b-96d5-5d8d-bb8c-ba9be3867994.pdf,J01FA10,https://greenbook.nafdac.gov.ng/products/details/4730,2026-09-27T21:22:20.085187+00:00
Greenbook NAFDAC,869,11698,Azithromycin Tablet 500 mg_,1,Drugs,"{'id': 1, 'name': 'Drugs', 'created_at': '-000001-11-30T00:00:00.000000Z', 'updated_at': '2022-03-17T16:53:12.000000Z', 'deleted_at': None}",2252,Azithromycin,,A4-101453,1,Tablet,1,Oral,500 mg,704,Pharma Aid Ltd,2025-08-27,2030-08-26,Active,Film-Coated Tablet,1 x 10&#039;s (in a carton),"Each film-coated tablet contains: Azithromycin Dihydrate USP equiv. to Azithromycin (Anhydrous) base 500 mg
Excipients q.s.",https://admin.greenbook.nafdac.gov.ng/uploadImage/smpc_files/2025/10/07/202510073b59e347-3f4e-5d33-b014-8b55855749f3.pdf,J01FA10,https://greenbook.nafdac.gov.ng/products/details/11698,2026-09-27T21:22:20.085187+00:00
Greenbook NAFDAC,870,10124,Azithromycin Tablet**,1,Drugs,"{'id': 1, 'name': 'Drugs', 'created_at': '-000001-11-30T00:00:00.000000Z', 'updated_at': '2022-03-17T16:53:12.000000Z', 'deleted_at': None}",475,Azithromycin (Azithromycin Dihydrate),,C4-1913,1,Tablet,1,Oral,500 mg,1248,PKN Pharmaceuticals Limited,2021-10-28,2026-10-27,Active,Tablet																																																																																																																																																																																																													,10 x 1 x 10&#039;s (in blisters),Each tablet contains: Azithromycin Dihydrate USP 500 mg,,J01FA10,https://greenbook.nafdac.gov.ng/products/details/10124,2026-09-27T21:22:20.085187+00:00
Greenbook NAFDAC,871,7839,Azithromycin Tablet**,1,Drugs,"{'id': 1, 'name': 'Drugs', 'created_at': '-000001-11-30T00:00:00.000000Z', 'updated_at': '2022-03-17T16:53:12.000000Z', 'deleted_at': None}",475,Azithromycin (Azithromycin Dihydrate),,A4-4348,1,Tablet,1,Oral,500 mg,253,Onifam Laboratories Limited,2021-05-07,2026-05-06,Inactive,Tablet,1 x 3&#039;s (in blisters),Azithromycin USP 500 mg,,,https://greenbook.nafdac.gov.ng/products/details/7839,2026-09-27T21:22:20.085187+00:00
Greenbook NAFDAC,872,11112,Azithromycin Tablets 500 mg##,1,Drugs,"{'id': 1, 'name': 'Drugs', 'created_at': '-000001-11-30T00:00:00.000000Z', 'updated_at': '2022-03-17T16:53:12.000000Z', 'deleted_at': None}",475,Azithromycin (Azithromycin Dihydrate),,A4-101232,1,Tablet,1,Oral,500 mg,852,Figab Golden Fingers Pharma Ltd,2025-04-30,2030-04-29,Active,Film Coated Tablet,1 x 10&#039;s (in a carton),"Each tablet contains: Azithromycin Dihydrate USP equivalent to Azithromycin Anhydrous Base 500 mg
Excipients q.s.",https://admin.greenbook.nafdac.gov.ng/uploadImage/smpc_files/2025/05/16/20250516baf4d43f-d261-5b82-82dd-19366f62543c.pdf,J01FA10,https://greenbook.nafdac.gov.ng/products/details/11112,2026-09-27T21:22:20.085187+00:00
Greenbook NAFDAC,873,11372,Azithromycin Tablets 500 mg**,1,Drugs,"{'id': 1, 'name': 'Drugs', 'created_at': '-000001-11-30T00:00:00.000000Z', 'updated_at': '2022-03-17T16:53:12.000000Z', 'deleted_at': None}",475,Azithromycin (Azithromycin Dihydrate),,A4-101380,1,Tablet,1,Oral,500 mg,1191,Everliving Pharmacy Ltd,2025-06-25,2030-06-24,Active,Film-coated Tablet,1 x 10&#039;s (in blister),"Azithromycin Tablets USP 500 mg.
Each film-coated tablet contains: Azithromycin Dihydrate USP equiv. to Azithromycin Anhydrous 500 mg

Excipients:
Microcrystalline Cellulose BP, Sodium Starch Glycolate BP, Colloidal Silicon Dioxide BP, Sodium Lauryl Sulphate BP, Magnesium Stearate BP, Instacoat White I.H., Isopropyl Alcohol BP, Methylene Chloride BP",https://admin.greenbook.nafdac.gov.ng/uploadImage/smpc_files/2025/07/25/20250725351dbb71-e41e-5524-9b50-3987cb3eef41.pdf,J01FA10,https://greenbook.nafdac.gov.ng/products/details/11372,2026-09-27T21:22:20.085187+00:00
Greenbook NAFDAC,874,12138,Azithromycin Tablets 500 mg_,1,Drugs,"{'id': 1, 'name': 'Drugs', 'created_at': '-000001-11-30T00:00:00.000000Z', 'updated_at': '2022-03-17T16:53:12.000000Z', 'deleted_at': None}",475,Azithromycin (Azithromycin Dihydrate),,A4-101640,1,Tablet,1,Oral,500 mg,676,Jonco Pharmaceutical Company Ltd,2025-10-29,2030-10-28,Active,Film-Coated Tablet,1 x 10&#039;s ,"Each film-coated tablet contains: Azithromycin Dihydrate USP equiv. to Azithromycin 500 mg
Excipients q.s.",https://admin.greenbook.nafdac.gov.ng/uploadImage/smpc_files/2025/12/01/2025120171ad93ae-7bae-5415-9849-26d36234fc16.pdf,J01FA10,https://greenbook.nafdac.gov.ng/products/details/12138,2026-09-27T21:22:20.085187+00:00
Greenbook NAFDAC,875,10033,Azithromycin Tablets 500 mg_,1,Drugs,"{'id': 1, 'name': 'Drugs', 'created_at': '-000001-11-30T00:00:00.000000Z', 'updated_at': '2022-03-17T16:53:12.000000Z', 'deleted_at': None}",475,Azithromycin (Azithromycin Dihydrate),,A4-101185,1,Tablet,1,Oral,500 mg,1324,City of Glory Limited,2025-01-30,2030-01-29,Active,Film-coated tablet.																,1 x 10&#039;s (in a carton),"Each tablet contains: Azithromycin Dihydrate USP equiv. to  Azithromycin Base 500 mg
Excipients q.s.",https://admin.greenbook.nafdac.gov.ng/uploadImage/smpc_files/2025/05/11/20250511ed05b54c-063e-541b-abd7-e44de5a335b0.pdf,J01FA10,https://greenbook.nafdac.gov.ng/products/details/10033,2026-09-27T21:22:20.085187+00:00
Greenbook NAFDAC,876,10056,Azithromycin Tablets 500 mg_,1,Drugs,"{'id': 1, 'name': 'Drugs', 'created_at': '-000001-11-30T00:00:00.000000Z', 'updated_at': '2022-03-17T16:53:12.000000Z', 'deleted_at': None}",475,Azithromycin (Azithromycin Dihydrate),,A4-101197,1,Tablet,1,Oral,500 mg,642,Fitzking Link Limited,2025-02-28,2030-02-27,Active,Film-coated tablet,1 x 10&#039;s (in a carton),"Each film-coated tablet contains: Azithromycin Dihydrate USP equiv. to Azithromycin Anhydrous 500 mg
Excipients q.s.",https://admin.greenbook.nafdac.gov.ng/uploadImage/smpc_files/2025/04/14/202504147ef082a3-5c93-53f0-b526-b1fefde9c7dc.pdf,J01FA10,https://greenbook.nafdac.gov.ng/products/details/10056,2026-09-27T21:22:20.085187+00:00
Greenbook NAFDAC,877,1423,Azithromycin Tablets##,1,Drugs,"{'id': 1, 'name': 'Drugs', 'created_at': '-000001-11-30T00:00:00.000000Z', 'updated_at': '2022-03-17T16:53:12.000000Z', 'deleted_at': None}",475,Azithromycin (Azithromycin Dihydrate),,C4-1132,1,Tablet,1,Oral,250 mg,367,Excel Charis Pharmaceutical Chemical Limited,2020-11-10,2025-11-09,Inactive,Tablet,,Each tablet contains: Azithromycin Dihydrate equivalent to Azithromycin 250 mg,https://admin.greenbook.nafdac.gov.ng/uploadImage/smpc_files/2025/04/18/20250418cbfec328-3e40-5803-9b4f-d33bee00843f.pdf,J01FA10,https://greenbook.nafdac.gov.ng/products/details/1423,2026-09-27T21:22:20.085187+00:00
Greenbook NAFDAC,878,2898,Azithromycin Tablets##,1,Drugs,"{'id': 1, 'name': 'Drugs', 'created_at': '-000001-11-30T00:00:00.000000Z', 'updated_at': '2022-03-17T16:53:12.000000Z', 'deleted_at': None}",475,Azithromycin (Azithromycin Dihydrate),,C4-1428,1,Tablet,1,Oral,500 mg,864,MacJay Pharmaceutical Co. Ltd,2020-12-21,2025-12-20,Inactive,Tablet,,Each tablet contains: Azithromycin Dihydrate equivalent to Azithromycin 500 mg,,J01FA10,https://greenbook.nafdac.gov.ng/products/details/2898,2026-09-27T21:22:20.085187+00:00
Greenbook NAFDAC,879,6161,Azithromycin Tablets##,1,Drugs,"{'id': 1, 'name': 'Drugs', 'created_at': '-000001-11-30T00:00:00.000000Z', 'updated_at': '2022-03-17T16:53:12.000000Z', 'deleted_at': None}",475,Azithromycin (Azithromycin Dihydrate),,B4-7251,1,Tablet,1,Oral,500 mg,108,BG Pharma &amp; Healthcare Limited,2023-09-28,2028-09-27,Active,"Film Coated Tablet

48	CMS-PP-340335	AZITHROMYCIN TABLETS	AZITHROMYCIN USP 500MG	EACH FILM COATED TABLET CONTAINS AZITHROMYCIN DIHYDRATE USP EQ TO AZITHROMYCIN 500MG EXCIPIENTS dibasic calcium phosphate anhydrous, pregelatinized starch	B4-7251	Drugs	Imported Products	1X10	Prescription Only Medicine (POM)	7/7/2023	BG PHARMA &amp; HEALTHCARE LIMITED, DANSVILLE PLAZA, OPP APO LEGISLATIVE QUARTERS, ABUJA FCT FCT	8063803298	stevebg2019@gmail.com	JIANGXI XIER KANGXI PHARM CO. LTD, NORTH ZONE HIGH NEW TECH IND ZONE PINGXIANG JIANGXI CHINA, China","1 x 2&#039;s, 1 x 3&#039;s (in PVC-Alu blisters)","Each capsule contains: Azithromycin 500 mg
Excipients q.s.",https://admin.greenbook.nafdac.gov.ng/uploadImage/smpc_files/2023/10/09/202310096eb57d28-2a6c-5053-bc8e-b9ccb557d913.pdf,J01FA10,https://greenbook.nafdac.gov.ng/products/details/6161,2026-09-27T21:22:20.085187+00:00
Greenbook NAFDAC,880,8360,Azithromycin Tablets**,1,Drugs,"{'id': 1, 'name': 'Drugs', 'created_at': '-000001-11-30T00:00:00.000000Z', 'updated_at': '2022-03-17T16:53:12.000000Z', 'deleted_at': None}",475,Azithromycin (Azithromycin Dihydrate),,C4-1762,1,Tablet,1,Oral,500 mg,1202,Tim Great Pharmaceutical Ventures Ltd,2021-08-03,2026-08-02,Inactive,Tablet,3 x 10&#039;s (in blisters),Each tablet contains: Azithromycin USP 500 mg,https://admin.greenbook.nafdac.gov.ng/uploadImage/smpc_files/2025/05/02/202505020fa59dd5-5f56-5e50-81bf-276656f84cc2.pdf,,https://greenbook.nafdac.gov.ng/products/details/8360,2026-09-27T21:22:20.085187+00:00
Greenbook NAFDAC,881,4091,Azithropin Powder for Oral Suspension 200 mg/5 mL##,1,Drugs,"{'id': 1, 'name': 'Drugs', 'created_at': '-000001-11-30T00:00:00.000000Z', 'updated_at': '2022-03-17T16:53:12.000000Z', 'deleted_at': None}",475,Azithromycin (Azithromycin Dihydrate),,A4-2711,72,Powder for suspension,1,Oral,200 mg/5 mL,641,Franphino Pharmaceuticals Nigeria Limited,2020-11-30,2025-11-29,Inactive,Powder for Oral Suspension,,Each 5 mL contains: Azithromycin Dihydrate equivalent to Azithromycin 200 mg,,J01FA10,https://greenbook.nafdac.gov.ng/products/details/4091,2026-09-27T21:22:20.085187+00:00
Greenbook NAFDAC,882,2899,Azithroxal 500 Tablets##,1,Drugs,"{'id': 1, 'name': 'Drugs', 'created_at': '-000001-11-30T00:00:00.000000Z', 'updated_at': '2022-03-17T16:53:12.000000Z', 'deleted_at': None}",475,Azithromycin (Azithromycin Dihydrate),,B4-5045,1,Tablet,1,Oral,500 mg,449,Great Timec Pharma Nigeria Limited,2021-03-29,2026-03-28,Inactive,Tablet,,"Each tablet contains: Azithromycin Dihydrate USP equivalent to Azithromycin 500 mg
",,J01FA10,https://greenbook.nafdac.gov.ng/products/details/2899,2026-09-27T21:22:20.085187+00:00
Greenbook NAFDAC,883,7856,Azmal Injection**,1,Drugs,"{'id': 1, 'name': 'Drugs', 'created_at': '-000001-11-30T00:00:00.000000Z', 'updated_at': '2022-03-17T16:53:12.000000Z', 'deleted_at': None}",551,α-β Arteether,Alpha Beta Arteether; Alfa Beta Arteether,A4-5566,107,Solution for injection,9,Intramuscular,150 mg/2 mL,656,Azmu Pharmaceuticals Limited,2021-02-25,2026-02-24,Inactive,Oily solution for injection in 2-mL ampoule,2 mL x 3&#039;s (in ampoules),,,P01BE,https://greenbook.nafdac.gov.ng/products/details/7856,2026-09-27T21:22:20.085187+00:00
Greenbook NAFDAC,884,10616,Azmal Tablets 20 mg + 120 mg_,1,Drugs,"{'id': 1, 'name': 'Drugs', 'created_at': '-000001-11-30T00:00:00.000000Z', 'updated_at': '2022-03-17T16:53:12.000000Z', 'deleted_at': None}",528,Artemether; Lumefantrine,,A4-101210,1,Tablet,1,Oral,20 mg; 120 mg,656,Azmu Pharmaceuticals Limited,2025-03-27,2030-03-26,Active,Tablet,1 x 24&#039;s (in PVC-Alu blister),"Each tablet contains: Artemether (PHI) 20 mg, and Lumefantrine (PHI) 120 mg
Excipients q.s.",https://admin.greenbook.nafdac.gov.ng/uploadImage/smpc_files/2025/04/25/20250425ca15a5dd-5752-559b-b86e-c25b69af322e.pdf,P01BF01,https://greenbook.nafdac.gov.ng/products/details/10616,2026-09-27T21:22:20.085187+00:00
Greenbook NAFDAC,885,10617,Azmal Tablets 80 mg + 480 mg##,1,Drugs,"{'id': 1, 'name': 'Drugs', 'created_at': '-000001-11-30T00:00:00.000000Z', 'updated_at': '2022-03-17T16:53:12.000000Z', 'deleted_at': None}",528,Artemether; Lumefantrine,,A4-101211,1,Tablet,1,Oral,80 mg; 480 mg,656,Azmu Pharmaceuticals Limited,2025-03-27,2030-03-26,Active,"Tablet
Yellow color capsule shaped uncoated tablet

AZMAL TABLETS 80MG + 480MG	ARTEMETHER 80MG LUMEFANTRINE 480MG, LACTOSE MONOHYDRATE BP, MICROCRYSTALLINE CELLULOSE BP, SODIUM LAURYL SULPHATE BP, SODIUM STARCH GLYCOLATE BP, POVIDONE BP, TARTRAZINE SUPRA IN HOUSE, MAGNESIUM STEARATE BP, PURIFIED TALC BP, CROSCARMELLOSE SODIUM BP.	A4-101211	Drugs	Imported Product	1*6	31-05-2024	AZMU PHARMACEUTICALS LIMITED, MANGAL PLAZA,AREA 11,GARKI,FCT. ABUJA FCT	08032860999	azmupharmaceuticalsltd@gmail.com	ASTAMED HEALTHCARE (I) PVT LTD, Plot No. 2 &amp; 3, Pase II, Genesis Ind. Complex, Kolgaon, Palghar - 401405, Maharashtra, India",1 x 6&#039;s (in PVC-Alu blister),"Each tablet contains: Artemether 80 mg, Lumefantrine 480 mg
Excipients q.s.",https://admin.greenbook.nafdac.gov.ng/uploadImage/smpc_files/2025/04/25/2025042520a381e3-59ef-532a-a13b-92e7aed7b8ab.pdf,P01BF01,https://greenbook.nafdac.gov.ng/products/details/10617,2026-09-27T21:22:20.085187+00:00
Greenbook NAFDAC,886,4731,Azmasol Inhaler## (check pack size),1,Drugs,"{'id': 1, 'name': 'Drugs', 'created_at': '-000001-11-30T00:00:00.000000Z', 'updated_at': '2022-03-17T16:53:12.000000Z', 'deleted_at': None}",385,Salbutamol (Salbutamol Sulfate),,A4-2959,39,Inhalation vapour,8,Inhalation,100 mcg,265,Pharmadeal Nigeria Limited,2023-05-25,2028-05-24,Active,"Pressurized Inhalation Aerosol

61	RNW-PP-263743	Azmasol inhaler	SALBUTAMOL 100 MCG	Salbutamol, Oleic acid, Dehydrated alcohol &amp; 1,1,1,2-tetrafluoroethane	A4-2959	Drugs	Imported Products	1 x 1 Pack	Prescription Only Medicine (POM)	5/26/2022	PHARMADEAL NIGERIA LIMITED, 1A Oyewole Oshodi street, Ilupeju.	8038510048	ccnwabisi2010@yahoo.com	Beximco Pharmaceutical Ltd, 126, Kathaldia, Auchpara, Tongi, Gazipur, Bangladesh, Bangladesh",1 x 1&#039;s (200 actuations Inhaler),"Each actuation contains: Salbutamol (as Salbutamol Sulfate BP) 100 mcg
Excipients q.s.",https://admin.greenbook.nafdac.gov.ng/uploadImage/smpc_files/2023/08/22/20230822cfa32397-5613-531e-a5f7-c430a634fa67.pdf,R03AC02,https://greenbook.nafdac.gov.ng/products/details/4731,2026-09-27T21:22:20.085187+00:00
Greenbook NAFDAC,887,4994,Azmucaine Suspension##,1,Drugs,"{'id': 1, 'name': 'Drugs', 'created_at': '-000001-11-30T00:00:00.000000Z', 'updated_at': '2022-03-17T16:53:12.000000Z', 'deleted_at': None}",1266,Aluminium Hydroxide; Magnesium Hydroxide; Sodium Alginate; Oxethazaine; Simeticone,,B4-0950,102,Suspension,1,Oral,300 mg/5 mL; 150 mg/5 mL; 125 mg/5 mL,656,Azmu Pharmaceuticals Limited,2023-07-06,2028-07-05,Active,"Oral Antacid Suspension

170	RNW-PP-252729	AZMUCAINE SUSPENSION	ALUMINIUM HYDROXIDE BP 300MG, MAGNESIUM HYDROXIDE BP 150MG, SODIUM ALGINATE 100MG, OXETACAINE BP 10MG, DIMETHICONE BP 125MG	ALUMINIUM HYDROXIDE BP 300MG, MAGNESIUM HYDROXIDE BP 150MG, SODIUM ALGINATE 100MG, OXETACAINE BP 10MG, DIMETHICONE BP 125MG	B4-0950	Drugs	Imported Products	1X200ML	Over The Counter (OTC)	3/2/2022	AZMU PHARMACEUTICALS LIMITED, MANGAL PLAZA,AREA 11,GARKI,FCT. ABUJA FCT	8032860999	azmupharmaceuticalsltd@gmail.com	ASTAMED HEALTHCARE (1) PVT.LTD, Plot No. 2 &amp; 3, Phase-II, Genesis Ind. Complex, Kolgaon, Palghar-401405, Maharashtra, India., India",1 x 100 mL (in PET bottle),"Each 5 mL contains: Aluminium Hydroxide BP 300 mg, Magnesium Hydroxide BP 150 mg, Sodium Alginate BP 100 mg, Oxetacaine BP 10 mg, Dimethicone BP 125 mg
Excipients q.s. ",https://admin.greenbook.nafdac.gov.ng/uploadImage/smpc_files/2023/08/23/2023082349bc6dbf-4d41-5f81-9274-8f29b5f505d4.pdf,A02AF,https://greenbook.nafdac.gov.ng/products/details/4994,2026-09-27T21:22:20.085187+00:00
Greenbook NAFDAC,888,8573,Azod-500 Tablets**,1,Drugs,"{'id': 1, 'name': 'Drugs', 'created_at': '-000001-11-30T00:00:00.000000Z', 'updated_at': '2022-03-17T16:53:12.000000Z', 'deleted_at': None}",475,Azithromycin (Azithromycin Dihydrate),,A4-8887,1,Tablet,1,Oral,500 mg,230,Micro Nova Pharmaceuticals Ind Ltd,2021-08-26,2026-08-25,Inactive,"Tablets.
White, oblong shaped, film-coated tablets with MICRO engraved on both surface",1 x 3&#039;s (in blister),"Azithromycin Tablets 500 mg.
Each film-coated tablet contains: Azithromycin USP equivalent to Anhydrous Azithromycin 500 mg.

Excipient(s) with known effect: 45.000 mg of Lactose monohydrate/tablet",https://admin.greenbook.nafdac.gov.ng/uploadImage/smpc_files/2024/11/20/20241120351d7605-7777-5dfd-9d12-758ed456a1aa.pdf,J01FA10,https://greenbook.nafdac.gov.ng/products/details/8573,2026-09-27T21:22:20.085187+00:00
Greenbook NAFDAC,889,6826,Azopt Eye Drops**,1,Drugs,"{'id': 1, 'name': 'Drugs', 'created_at': '-000001-11-30T00:00:00.000000Z', 'updated_at': '2022-03-17T16:53:12.000000Z', 'deleted_at': None}",791,Brinzolamide,,04-6817,112,Suspension/Drops,15,Ophthalmic,1%,250,Novartis Nigeria Limited,2023-12-21,2028-12-20,Active,"Eye Drops, Suspension",1 x 5 mL (in LDPE bottle),"Each mL contains: Brinzolamide 10 mg, Excipients q.s.
Excipient(s) with known effect: Benzalkonium Chloride 0.1 mg per mL",https://admin.greenbook.nafdac.gov.ng/uploadImage/smpc_files/2024/11/19/202411199f8acab3-77a3-5ea6-8367-eac371ec444e.pdf,S01EC04,https://greenbook.nafdac.gov.ng/products/details/6826,2026-09-27T21:22:20.085187+00:00
Greenbook NAFDAC,890,5580,Azotek 250 mg Tablet##,1,Drugs,"{'id': 1, 'name': 'Drugs', 'created_at': '-000001-11-30T00:00:00.000000Z', 'updated_at': '2022-03-17T16:53:12.000000Z', 'deleted_at': None}",475,Azithromycin (Azithromycin Dihydrate),,B4-5481,1,Tablet,1,Oral,250 mg,511,Nurushat Ventures Limited,2023-08-31,2028-08-30,Active,"Tablet
White to almost white, round, biconvex film-coated tablet

AZOTEK 250MG TABLET	AZITHROMYCIN DIHYDRATE 250mg	ist of Excipients: PVP K-30, Avicel 200 , Aerosil 200, Primogel, Magnesium, stearate, Methanol , Opadry , White PEG, 6000 Purified Water	B4-5481	Drugs	Imported Products	1x6 Tablets	Prescription Only Medicine (POM)	15/10/2020	NURUSHAT VENTURES LIMITED, FARAMOBI AJIKE STREET ANTHONY VILLAGE ANTHONY VILLAGE LAGOS	12347658	yomee_penners5@yahoo.com	SAFFRON PHARMACEUTICALS (PVT) LTD, 19Km, Sheikhupura Road, Faisalabad-Pakistan, Pakistan",1 x 6&#039;s (in Alu-Alu blister),"Each film coated tablet contains: Azithromycin (as Dihydrate) 250 mg
Excipients: PVP K-30, Avicel 200 , Aerosil 200, Primogel, Magnesium Stearate, Methanol, Opadry White, PEG 6000,  Purified Water",https://admin.greenbook.nafdac.gov.ng/uploadImage/smpc_files/2023/09/05/20230905e8923b48-dc3c-522d-9f67-b4211e679f2f.pdf,J01FA10,https://greenbook.nafdac.gov.ng/products/details/5580,2026-09-27T21:22:20.085187+00:00
Greenbook NAFDAC,891,4926,Azotek 500 mg Tablet##,1,Drugs,"{'id': 1, 'name': 'Drugs', 'created_at': '-000001-11-30T00:00:00.000000Z', 'updated_at': '2022-03-17T16:53:12.000000Z', 'deleted_at': None}",475,Azithromycin (Azithromycin Dihydrate),,B4-5480,1,Tablet,1,Oral,500 mg,511,Nurushat Ventures Limited,2023-07-27,2028-07-26,Active,"Tablet
White to almost white, round, biconvex film-coated tablet

29	RNW-PP-170603	AZOTEK 500MG TABLET	AZITHROMYCIN DIHYDRATE 500mg	List of Excipients: PVP K-30, Avicel 200, Aerosil 200, Primogel, Magnesium stearate, Methanol, Opadry White, PEG 6000, Purified Water	B4-5480	Drugs	Imported Products	1x6Tablets	Prescription Only Medicine (POM)	10/15/2020	NURUSHAT VENTURES LIMITED, FARAMOBI AJIKE STREET ANTHONY VILLAGE ANTHONY VILLAGE LAGOS	12347658	yomee_penners5@yahoo.com	SAFFRON PHARMACEUTICALS (PVT) LTD, 19Km, Sheikhupura Road, Faisalabad-Pakistan, Pakistan
",1 x 6&#039;s (Alu-Alu blister),"Each film-coated tablet contains: Azithromycin (as Dihydrate) 250 mg
Excipients: PVP K-30, Avicel 200, Aerosil 200, Primogel, Magnesium Stearate, Methanol, Opadry White, PEG 6000, Purified Water",https://admin.greenbook.nafdac.gov.ng/uploadImage/smpc_files/2023/08/27/20230827eca628c7-3647-5e55-a9e6-14fd496e9b8a.pdf,J01FA10,https://greenbook.nafdac.gov.ng/products/details/4926,2026-09-27T21:22:20.085187+00:00
Greenbook NAFDAC,892,6505,Azuma 500**,1,Drugs,"{'id': 1, 'name': 'Drugs', 'created_at': '-000001-11-30T00:00:00.000000Z', 'updated_at': '2022-03-17T16:53:12.000000Z', 'deleted_at': None}",475,Azithromycin (Azithromycin Dihydrate),,B4-4451,1,Tablet,1,Oral,500 mg,129,Aspen Pharmacare Nigeria Limited,2023-11-30,2028-12-29,Active,"Film Coated Tablet.
White, capsule shaped, film coated tablets with “AZ500” engraving on one side and plain on the other side",1 x 3&#039;s (in blisters),"Each film coated tablet contains: Azithromycin Dihydrate PhEur equivalent to Anhydrous Azithromycin 500 mg, Excipients q.s.",https://admin.greenbook.nafdac.gov.ng/uploadImage/smpc_files/2023/12/18/20231218804cc51c-baad-59d3-bad5-e1a7de65e17d.pdf,J01FA10,https://greenbook.nafdac.gov.ng/products/details/6505,2026-09-27T21:22:20.085187+00:00
Greenbook NAFDAC,893,6506,Azuma-250 Tablets**,1,Drugs,"{'id': 1, 'name': 'Drugs', 'created_at': '-000001-11-30T00:00:00.000000Z', 'updated_at': '2022-03-17T16:53:12.000000Z', 'deleted_at': None}",475,Azithromycin (Azithromycin Dihydrate),,B4-4450,1,Tablet,1,Oral,250 mg,129,Aspen Pharmacare Nigeria Limited,2023-11-30,2028-11-29,Active,"Film Coated Tablet.
White, capsule shaped, film coated tablets with “AZ500” engraving on one side and plain other side",1 x 6&#039;s (in blister),"Each film coated tablet contains: Azithromycin Dihydrate Ph EUR equivalent to Anhydrous Azithromycin 250 mg

Excipients:
Calcium Hydrogen Phosphate, Magnesium Stearate, Pregelatinized Starch, Croscarmellose Sodium, Colloidal Anhydrous Silica, Titanium Dioxide, Polyethylene Glycol, Sodium Lauryl Sulphate, Hydroxy Propyl Methyl Cellulose",https://admin.greenbook.nafdac.gov.ng/uploadImage/smpc_files/2023/12/18/202312180ecb8a6a-f649-5c14-a26e-ee6dd44f9c18.pdf,J01FA10,https://greenbook.nafdac.gov.ng/products/details/6506,2026-09-27T21:22:20.085187+00:00
Greenbook NAFDAC,894,7134,Babadol Tablets##,1,Drugs,"{'id': 1, 'name': 'Drugs', 'created_at': '-000001-11-30T00:00:00.000000Z', 'updated_at': '2022-03-17T16:53:12.000000Z', 'deleted_at': None}",80,Diclofenac; Paracetamol,,B4-9094,1,Tablet,1,Oral,50 mg; 325 mg,708,Patricklingo Pharmaceuticals Limited,2024-02-28,2029-02-27,Active,"Uncoated Tablet

30	CMS-PP-403092	BABADOL TABLETS	PARACETAMOL BP 325MG AND DICLOFENAC SODIUM BP 50MG	EACH TABLET CONTAINS PARACETAMOL BP 325MG AND DICLOFENAC SODIUM BP 50MG EXCIPIENTS Excipients MAIZE STARCH, METHYL PARABEN, PROPYL PARABEN, TALCUM, SODIUM STARCH GLYCOLATE, MAGNESSIUM STEARTE, COLLODIAL SILICON DIOXIDE	B4-9094	Drugs	Imported Products	1*10	Prescription Only Medicine (POM)	1/29/2024	PATRICKLINGO PHARMACEUTICALS LIMITED, 107, Upper Iweka Road, Onitsha, Anambra State, Nigeria.	8033443825	patricklingopharma@gmail.com	WINTECH PHARMACEUTICALS., PLOT NO. 45-46, STICE, MUSALGAON, SINNAR 422112, DIST. NASHIK, MAHARASHTRA, INDIA, India",10 x 1 x 10&#039;s (in blisters),"Each tablet contains: Diclofenac Sodium BP 50 mg, Paracetamol BP 325 mg
Excipients q.s.
",https://admin.greenbook.nafdac.gov.ng/uploadImage/smpc_files/2024/03/24/20240324dc29ed26-d5f2-50c7-bb7d-2d5f447cd5d2.pdf,M01AB55,https://greenbook.nafdac.gov.ng/products/details/7134,2026-09-27T21:22:20.085187+00:00
Greenbook NAFDAC,895,7135,Baban Tablets##,1,Drugs,"{'id': 1, 'name': 'Drugs', 'created_at': '-000001-11-30T00:00:00.000000Z', 'updated_at': '2022-03-17T16:53:12.000000Z', 'deleted_at': None}",77,Diclofenac Sodium,,B4-7559,1,Tablet,1,Oral,50 mg,708,Patricklingo Pharmaceuticals Limited,2024-02-28,2029-02-27,Active,"Tablet

29	CMS-PP-401264	BABAN TABLETS	DICLOFENAC SODIUM 50MG	EACH UNCOATED TABLETS CONTAINS DICLOFENAC SODIUM BP 50MG EXCIPIENTS Microcrystalline cellulose (MCCP) Starch Cros Carmellose sodium (CCS) Talcum Starch for paste purified water Magnesium Stearate Polyethylene Glycol (PEG) 6000 Aerosil Titanium Dioxide Ethyl Cellulose Hydroxypropyl Methylcellulose (HPMC) Erythrosine Isopropyl Alcohol (IPA) Methylene Dichloride (MDC)	B4-7559	Drugs	Imported Products	1*10	Prescription Only Medicine (POM)	1/29/2024	PATRICKLINGO PHARMACEUTICALS LIMITED, 107, Upper Iweka Road, Onitsha, Anambra State, Nigeria.	8033443825	patricklingopharma@gmail.com	FANTASY DRUGS PVT. LTD, PLOT NO. C-66 TO 69, D-33 TO 36, INDUSTRIAL AREA, HAJIPUR, VAISHALI, BIHAR-844101, INDIA, India",1 x 10&#039;s (in PVC-Alu blister),"Each uncoated tablet contains: Diclofenac Sodium BP 50 mg
Excipient: Starch, DCP, P.V.P K-30, Methyl Paraben, Propyl Paraben, Color: Tartrazine yellow, Talcum, Magnesium Stearate, Sodium Starch Glycolate, Cabosil",https://admin.greenbook.nafdac.gov.ng/uploadImage/smpc_files/2024/03/24/20240324ee571b5d-0fe9-5667-baac-d0b70ec97ae0.pdf,M01AB05,https://greenbook.nafdac.gov.ng/products/details/7135,2026-09-27T21:22:20.085187+00:00
Greenbook NAFDAC,896,11373,Babazoral Cream**,1,Drugs,"{'id': 1, 'name': 'Drugs', 'created_at': '-000001-11-30T00:00:00.000000Z', 'updated_at': '2022-03-17T16:53:12.000000Z', 'deleted_at': None}",522,Ketoconazole,,A4-100880,4,Cream,21,Topical,2%,708,Patricklingo Pharmaceuticals Limited,2025-05-27,2030-05-26,Active,Topical Cream,30 g x 1 x 10&#039;s (in tubes),Ketoconazole Cream BP 2% w/w,https://admin.greenbook.nafdac.gov.ng/uploadImage/smpc_files/2025/06/24/2025062456a87b16-960e-52ef-91fc-07217b866791.pdf,D01AC08,https://greenbook.nafdac.gov.ng/products/details/11373,2026-09-27T21:22:20.085187+00:00
Greenbook NAFDAC,897,6498,Babuflam Paediatric Suspension##,1,Drugs,"{'id': 1, 'name': 'Drugs', 'created_at': '-000001-11-30T00:00:00.000000Z', 'updated_at': '2022-03-17T16:53:12.000000Z', 'deleted_at': None}",57,Ibuprofen,,A11-0307,102,Suspension,1,Oral,100 mg/5 mL,201,Jawa International Limited,2023-11-30,2028-11-29,Active,"Suspension
An orange colored suspension with a pleasant taste

BABUFLAM PAEDIATRIC SUSPENSION	IBUPROFEN SUSPENSION 100MG/ 5ML	Ibuprofen USP 100mg Tween 80, Sodium Benzoate, Sugar, Sodium Citrate, Propyl Paraben, Methyl Paraben, Sodium Chloride, Simethicone, Sunset Orange	A11-0307	Drugs	MUSCULO-SKELETAL SYSTEM	Nigerian Products	100MLS	OTC	09/08/2022	JAWA INTERNATIONAL LIMITED, Plot 6, Abimbola Way, Isolo Industrial Estate	8036887062	spjawasil@gmail.com	JAWA INTERNATIONAL LIMITED, JAWA HOUSE, PLOT 6 ABIMBOLA WAY,ISOLO INDUSTRIAL ESTATE,ISOLO,LAGOS., JAWA INTERNATIONAL LIMITED, JAWA HOUSE, PLOT 6 ABIMBOLA WAY,ISOLO INDUSTRIAL ESTATE,ISOLO,LAGOS., Nigeria",1 x 100 mL (in bottle),"Each 5 mL contains: Ibuprofen USP 100 mg
Excipients q.s.",https://admin.greenbook.nafdac.gov.ng/uploadImage/smpc_files/2023/12/14/202312141fbfb75b-a7b3-5529-97b3-ed4c23825abc.pdf,M01AE01,https://greenbook.nafdac.gov.ng/products/details/6498,2026-09-27T21:22:20.085187+00:00
Greenbook NAFDAC,898,34,Baby Greenlin Cough Linctus##,1,Drugs,"{'id': 1, 'name': 'Drugs', 'created_at': '-000001-11-30T00:00:00.000000Z', 'updated_at': '2022-03-17T16:53:12.000000Z', 'deleted_at': None}",1078,Dilute acetic acid,,A4-1079,103,Syrup,1,Oral,0.42 mL/5 mL,189,Greenlife Pharmaceutical Limited,2021-12-02,2026-12-01,Active,Syrup,,Each 5 mL contains: Diluted Acetic Acid 0.42 mL,https://admin.greenbook.nafdac.gov.ng/uploadImage/smpc_files/2025/03/27/20250327b00d21c5-b6c4-5274-8f98-e385c30fd524.pdf,M01AB,https://greenbook.nafdac.gov.ng/products/details/34,2026-09-27T21:22:20.085187+00:00
Greenbook NAFDAC,899,7136,Baby Tribotan Cream##,1,Drugs,"{'id': 1, 'name': 'Drugs', 'created_at': '-000001-11-30T00:00:00.000000Z', 'updated_at': '2022-03-17T16:53:12.000000Z', 'deleted_at': None}",1111,Clotrimazole; Ichthammol,,04-7018,4,Cream,21,Topical,0.2%; 0.5%,27,Fidson Healthcare PLC,2024-01-31,2029-01-30,Active,"Cream

16	RNW-PP-305475	BABY TRIBOTAN CREAM	CLOTRIMAZOLE 0.5% W/V , ICHTHAMMOL 0.2% W/V	CLOTRIMAZOLE 0.5% W/V , ICHTHAMMOL 0.2% W/V	Apr-18	Drugs	Nigerian Products	20G	Over The Counter (OTC)	12/28/2022	FIDSON HEALTHCARE PLC, IKORODU ROAD, OBANIKORO LAGOS LAGOS	8023067964	nmakaokolo@yahoo.com	Fidson Healthcare Plc., KM 38, Lagos- Abeokuta Expressway Sango-ota, Ogun State., Nigeria",1 x 20 g (in Lami tube),"The Baby Tribotan cream contains: Clotrimazole BP 0.5% w/w, Ichthammol BP 0.2% w/w, Cream Base q.s.
Excipients q.s.",https://admin.greenbook.nafdac.gov.ng/uploadImage/smpc_files/2024/02/17/20240217300463e7-d797-5294-924f-080c749458e9.pdf,D01AC01,https://greenbook.nafdac.gov.ng/products/details/7136,2026-09-27T21:22:20.085187+00:00
Greenbook NAFDAC,900,2911,Bacagin##,1,Drugs,"{'id': 1, 'name': 'Drugs', 'created_at': '-000001-11-30T00:00:00.000000Z', 'updated_at': '2022-03-17T16:53:12.000000Z', 'deleted_at': None}",82,Ibuprofen; Paracetamol,,B4-0787,1,Tablet,1,Oral,200 mg; 350 mg,364,De-Shalom Pharmaceutical Laboratories Nigeria Limited,2020-11-10,2025-11-09,Inactive,Tablet,10 x 10&#039;s (in PVC-Alu blisters),"Each tablet contains: Ibuprofen 200 mg, Paracetamol 350 mg
Excipients q.s.",https://admin.greenbook.nafdac.gov.ng/uploadImage/smpc_files/2025/01/15/202501157f49ed7d-6610-55f9-8066-12631e1e9cce.pdf,N02BE51,https://greenbook.nafdac.gov.ng/products/details/2911,2026-09-27T21:22:20.085187+00:00
Greenbook NAFDAC,901,7857,Baciflox Tablets**,1,Drugs,"{'id': 1, 'name': 'Drugs', 'created_at': '-000001-11-30T00:00:00.000000Z', 'updated_at': '2022-03-17T16:53:12.000000Z', 'deleted_at': None}",557,Ofloxacin; Ornidazole,,C4-1620,1,Tablet,1,Oral,200 mg; 500 mg,746,Uche St. Pharmaceutical Company Limited,2021-02-25,2026-02-24,Inactive,Tablet,1 x 10&#039;s (in blister),"Each tablet contains: Ofloxacin 200 mg, Ornidazole 500 mg",,,https://greenbook.nafdac.gov.ng/products/details/7857,2026-09-27T21:22:20.085187+00:00
Greenbook NAFDAC,902,6511,Bacipec Injection## (strength format and incomplete smpc),1,Drugs,"{'id': 1, 'name': 'Drugs', 'created_at': '-000001-11-30T00:00:00.000000Z', 'updated_at': '2022-03-17T16:53:12.000000Z', 'deleted_at': None}",1722,Penicillin,,04-3638,40,Injection,29,Intravenous; Intramuscular,1MEGA(1000000IU),351,Clarion Medicals Limited,2023-11-30,2028-11-29,Active,"Powder for Injection

37	CMS-PP-130629	BACIPEC INJECTION	CRYSTALLINE PENICILLIN G INJECTION 1 MEGA	BENZYL PENICILLIN SODIUM BP 1000000IU (600MG)	Apr-38	Drugs	Imported Products	1X10 VIALS	Prescription Only Medicine (POM)	6/26/2020	CLARION MEDICALS LTD, AFOLABI LESHI STREET, ILUPEJU ILUPEJU LAGOS	18043564	clarionorder@yahoo.com	CSPC ZHONGNUO PHARMACEUTICAL(SHIJIAZHUANG) CO. LTD., 88, YANGZI ROAD,HIGH INDUSTRY ZONE OF SHIJIAZHUANG, China",1 x 10 mL vial,Benzylpenicillin Sodium 1 Mega,https://admin.greenbook.nafdac.gov.ng/uploadImage/smpc_files/2023/12/17/20231217f56b0ca8-86d7-5098-a5ad-bded346dcbe6.pdf,J01CE01,https://greenbook.nafdac.gov.ng/products/details/6511,2026-09-27T21:22:20.085187+00:00
Greenbook NAFDAC,903,7304,Bacitracin & Neomycin Powder Aerosol Spray**,1,Drugs,"{'id': 1, 'name': 'Drugs', 'created_at': '-000001-11-30T00:00:00.000000Z', 'updated_at': '2022-03-17T16:53:12.000000Z', 'deleted_at': None}",833,Neomycin; Bacitracin zinc,,A4-100772,116,Spray,26,Cutaneous/Topical,"165,000 IU/150 mL; 12,500 IU/150 mL",1150,Smart Way Pharma Ltd Ikeja,2024-03-27,2029-03-26,Active,Powder for topical use,150 mL,"Each 150 mL contains: Neomycin sulphate 165000 IU, Bacitracin zinc 12500 IU, Aerosil-200 200 mg, Talc powder 200 mg, Propane butane to 150 mL",https://admin.greenbook.nafdac.gov.ng/uploadImage/smpc_files/2024/11/28/202411281b0542dc-eb6a-5beb-9a31-9381a5aeaaac.pdf,A07AA51,https://greenbook.nafdac.gov.ng/products/details/7304,2026-09-27T21:22:20.085187+00:00
Greenbook NAFDAC,904,7858,Back-Up Tablet**,1,Drugs,"{'id': 1, 'name': 'Drugs', 'created_at': '-000001-11-30T00:00:00.000000Z', 'updated_at': '2022-03-17T16:53:12.000000Z', 'deleted_at': None}",683,Levonorgestrel,,B4-9214,1,Tablet,1,Oral,1.5 mg,1327,MSI Nigeria Reproductive Choices Ltd/Gte,2024-07-31,2029-07-30,Active,"Film coated tablet.
White to off white, round, biconvex, uncoated tablets, plain on both sides",1 x 1&#039;s (in Alu-PVC blister),"Levonorgestrel Tablets BP 1.5 mg.
Each film coated tablet contains: Levonorgestrel BP 1.5 mg, Excipients q.s.
Colour: Titanium dioxide BP",https://admin.greenbook.nafdac.gov.ng/uploadImage/smpc_files/2024/09/16/202409162c583b0f-4d6b-577a-8346-e32a18c665f7.pdf,G03AD01,https://greenbook.nafdac.gov.ng/products/details/7858,2026-09-27T21:22:20.085187+00:00
Greenbook NAFDAC,905,7859,Bacqure Injection 500 mg**,1,Drugs,"{'id': 1, 'name': 'Drugs', 'created_at': '-000001-11-30T00:00:00.000000Z', 'updated_at': '2022-03-17T16:53:12.000000Z', 'deleted_at': None}",458,Imipenem; Cilastatin (Cilastatin Sodium),,04-9478,70,Powder for injection,12,Intravenous,500 mg; 500 mg,276,Ranbaxy Nigeria Limited,2024-08-28,2029-08-27,Active,Powder for solution for injection in a vial,1 x 1&#039;s (in vial),"Imipenem and Cilastatin for Injection USP 500 mg.
Each vial contains: Imipenem USP (sterile) equivalent to anhydrous Imipenem 500 mg, Cilastatin Sodium USP (sterile) equivalent to anhydrous Imipenem 500 mg",https://admin.greenbook.nafdac.gov.ng/uploadImage/smpc_files/2024/09/12/20240912fc0462a2-d0a1-5fe9-9410-7a6ab708045a.pdf,J01DH51,https://greenbook.nafdac.gov.ng/products/details/7859,2026-09-27T21:22:20.085187+00:00
Greenbook NAFDAC,906,8964,Bactacef 325 Tablets**,1,Drugs,"{'id': 1, 'name': 'Drugs', 'created_at': '-000001-11-30T00:00:00.000000Z', 'updated_at': '2022-03-17T16:53:12.000000Z', 'deleted_at': None}",442,Cefixime; Clavulanic Acid (Clavulanate Potassium),,C4-1898,1,Tablet,1,Oral,200 mg; 125 mg,712,Synermed Nig Ltd,2021-10-28,2026-10-27,Active,Tablet,1 x 10&#039;s (in blister),Each tablet contains 200 mg of Cefixime and 125 mg of Clavulanic acid,,J01DD58,https://greenbook.nafdac.gov.ng/products/details/8964,2026-09-27T21:22:20.085187+00:00
Greenbook NAFDAC,907,6162,Bactaforte Eye Ointment##,1,Drugs,"{'id': 1, 'name': 'Drugs', 'created_at': '-000001-11-30T00:00:00.000000Z', 'updated_at': '2022-03-17T16:53:12.000000Z', 'deleted_at': None}",752,Ciprofloxacin,,A4-100523,25,Eye ointment,27,Ocular,0.3%,424,Mankind Life-Sciences Limited,2023-09-28,2028-09-27,Active,"Eye Ointment

22	NF-PP-181037	BACTAFORTE EYE OINTMENT	CIPROFLOXACIN OPHTHALMIC OINTMENT USP 0.3%W/W	CIPROFLOXACIN OPHTHALMIC OINTMENT USP 0.3%W/W EXCIPIENTS sodium acetate, acetic acid, mannitol 4.6%		Drugs	Imported Products	5GM	Prescription Only Medicine (POM)	11/10/2020	MANKIND LIFE-SCIENCES LIMITED, AGGREY ROAD, FEGGE ONITSHA ANAMBRA	659888884	mankindlifeltd2018@gmail.com	Alpa Laboratories Limited, 33/2, A.B.Road, Pigdamber, 453-446,Indore (M.P.), India., India",1 x 5 g,"Ciprofloxacin Ophthalmic Ointment USP 0.3% w/w
Excipients q.s.",,S01AE03,https://greenbook.nafdac.gov.ng/products/details/6162,2026-09-27T21:22:20.085187+00:00
Greenbook NAFDAC,908,7860,Bactagon Cream**,1,Drugs,"{'id': 1, 'name': 'Drugs', 'created_at': '-000001-11-30T00:00:00.000000Z', 'updated_at': '2022-03-17T16:53:12.000000Z', 'deleted_at': None}",847,Triamcinolone; Econazole; Gentamicin,,C4-1607,4,Cream,21,Topical,0.1%; 1%; 0.1%,1310,HikMeg Pharma Limited,2021-02-25,2026-02-24,Inactive,Topical cream,1 x 30 g (in Aluminum tube),"Econazole Nitrate BP 1 % w/w, Triamcinolone Acetonide BP 0.1 % w/w, Gentamicin Sulfate BP equivalent to Gentamicin 0.1 % w/w, in a cream base q.s.

Excipients: 
Chlorocresol, Cetomacrogol-1000, Cetostearyl Alcohol, Light Liquid Paraffin, White Soft Paraffin, Sodium Dihydrogen Phosphate Dihydrate, Disodium Hydrogen Phosphate (Dihydrate), Disodium Edetate, Sodium Metabisulfite, Propylene Glycol, Purified Water",https://admin.greenbook.nafdac.gov.ng/uploadImage/smpc_files/2024/09/22/2024092205e66e84-fc1c-5c39-a557-7486a6e1d38d.pdf,,https://greenbook.nafdac.gov.ng/products/details/7860,2026-09-27T21:22:20.085187+00:00
Greenbook NAFDAC,909,7861,Bactarid-SB Injection**,1,Drugs,"{'id': 1, 'name': 'Drugs', 'created_at': '-000001-11-30T00:00:00.000000Z', 'updated_at': '2022-03-17T16:53:12.000000Z', 'deleted_at': None}",454,Ceftriaxone (Ceftriaxone Sodium); Sulbactam (Sulbactam Sodium),,C4-1457,70,Powder for injection,29,Intravenous; Intramuscular,1000 mg; 500 mg,1308,St Luke&#039;s Pharmaceuticals Limited,2021-01-28,2026-01-27,Inactive,Powder for Solution for Injection in a vial,1 x 1&#039;s (in vial) + Solvents (in ampoules),"Each vial contains: Ceftriaxone Sodium equiv. to Ceftriaxone 1 g, Sulbactam Sodium 0.5 g",,J01DD63,https://greenbook.nafdac.gov.ng/products/details/7861,2026-09-27T21:22:20.085187+00:00
Greenbook NAFDAC,910,4006,Bactend Ointment 2% w/w**,1,Drugs,"{'id': 1, 'name': 'Drugs', 'created_at': '-000001-11-30T00:00:00.000000Z', 'updated_at': '2022-03-17T16:53:12.000000Z', 'deleted_at': None}",834,Mupirocin,,C4-1282,58,Ointment,21,Topical,2%,179,Geneith Pharmaceuticals Limited,2026-04-28,2031-04-27,Inactive,"BACTEND OINTMENT	MUPIROCIN 2% W/W	MUPIROCIN 2% W/W	C4-1282	Drugs	Imported Product	1X15G	10-06-2025	GENEITH PHARMACEUTICALS LIMITED, 12, ADEWALE CRESCENT OFF EWENLA STREET OSHODI-APAPA EXPRESS, OSHODI, LAGOS STATE	08122912281	regulatory@geneithpharm.com	&quot;FRONT PHARMACEUTICAL PLC., XUANCHENG ECONOMIC AND TECHNICAL DEVELOPMENT ZONE,
ANHUI, CHINA.&quot;
",1X15G,Mupirocin 2% w/w,https://admin.greenbook.nafdac.gov.ng/uploadImage/smpc_files/2026/07/06/2026070654a43faf-1931-5980-b753-08f7f3bc4c09.pdf,D06AX09,https://greenbook.nafdac.gov.ng/products/details/4006,2026-09-27T21:22:20.085187+00:00
Greenbook NAFDAC,911,7862,Bacterostar Powder for Injection**,1,Drugs,"{'id': 1, 'name': 'Drugs', 'created_at': '-000001-11-30T00:00:00.000000Z', 'updated_at': '2022-03-17T16:53:12.000000Z', 'deleted_at': None}",456,Cefuroxime (Cefuroxime Axetil),,A4-100912,70,Powder for injection,29,Intravenous; Intramuscular,1000 mg,1313,Star Apothecary Nigeria Ltd,2024-06-27,2029-06-26,Active,Dry sterile powder for solution for injection in flint glass vial + Solvent in ampoule containing 10 mL Sterile Water for Injections BP,1 x 1&#039;s (in glass vial) + Solvent 10 mL SWFI (in ampoule),"Ceftriaxone for Injection USP.
Each vial contains: Ceftriaxone Sodium USP equivalent to Ceftriaxone 1000 mg",https://admin.greenbook.nafdac.gov.ng/uploadImage/smpc_files/2024/07/20/20240720ed5306ef-ad67-5a5c-b967-4209d7a51058.pdf,J01DD04,https://greenbook.nafdac.gov.ng/products/details/7862,2026-09-27T21:22:20.085187+00:00
Greenbook NAFDAC,912,11374,Bactineal Cream**,1,Drugs,"{'id': 1, 'name': 'Drugs', 'created_at': '-000001-11-30T00:00:00.000000Z', 'updated_at': '2022-03-17T16:53:12.000000Z', 'deleted_at': None}",1106,Betamethasone; Clotrimazole; Neomycin sulfate,,A4-101350,4,Cream,21,Topical,0.05%; 1%; 0.5%,708,Patricklingo Pharmaceuticals Limited,2025-06-25,2030-06-24,Active,"Topical Cream.
White soft mass filled in lami collapsible tube",1 x 30 g (in lami tube),"Each gram of cream contains: Clotrimazole USP 10 mg, Betamethasone Dipropionate USP equiv. to Betamethasone 0.05 mg, Neomycin sulfate USP 5000 IU, Chlorocresol USP (as Preservative) 0.1% w/w, Cream base q.s.",https://admin.greenbook.nafdac.gov.ng/uploadImage/smpc_files/2025/07/24/20250724cb55236e-ce49-5ce3-b348-12236ff1591e.pdf,G01BF,https://greenbook.nafdac.gov.ng/products/details/11374,2026-09-27T21:22:20.085187+00:00
Greenbook NAFDAC,913,7137,Bactofin 500 Tablets##,1,Drugs,"{'id': 1, 'name': 'Drugs', 'created_at': '-000001-11-30T00:00:00.000000Z', 'updated_at': '2022-03-17T16:53:12.000000Z', 'deleted_at': None}",477,Clarithromycin,,A4-100722,1,Tablet,1,Oral,500 mg,723,SJS Life Sciences Limited,2024-01-31,2029-01-30,Active,"White colored caplet shaped, biconvex film coated tablets having on one side a break line and the other side plain

5	NF-PP-351911	BACTOFIN 500 TABLET	CLARITHROMYCIN USP 500MG	CLARITHROMYCIN USP 500 mg, Microcrystalline Cellulose (Plain), Croscarmellose Sodium (Primellose), Povidone (PVP K-30), Purified water, Purified Talc (Talcum), Colloidal Anhydrous Silica (Colloidal Silicon Dioxide) (Light), Magnesium Stearate, Stearic acid (Powder), Hypromellose (H.P.M.C.E 15), Titanium Dioxide, Macrogol 6000 (PEG 6000), Isopropyl Alcohol, Methylene Chloride	A4-100722	Drugs	Imported Products	1*10	POM 1	8/15/2023	SJS LIFE SCIENCES LIMITED, 11, OLU AKERELE STREET, IKEJA, LAGOS	8114441430	sjslifesciencesltd@gmail.com	GLOBELA PHARMA PVT. LTD., 357 358, G.I.D.C., SACHIN, SURAT - 394 230, GUJARAT, INDIA, India",1 x 10&#039;s (in Alu-Alu blister),"Each film coated tablets contains: Clarithromycin USP 500 mg
Excipients q.s.",https://admin.greenbook.nafdac.gov.ng/uploadImage/smpc_files/2024/02/16/2024021690374561-72ab-58a0-8ccd-a5870d1d886a.pdf,J01FA09,https://greenbook.nafdac.gov.ng/products/details/7137,2026-09-27T21:22:20.085187+00:00
Greenbook NAFDAC,914,6510,Bactrosec Tablet 500 mg##,1,Drugs,"{'id': 1, 'name': 'Drugs', 'created_at': '-000001-11-30T00:00:00.000000Z', 'updated_at': '2022-03-17T16:53:12.000000Z', 'deleted_at': None}",558,Secnidazole,,A4-6798,1,Tablet,1,Oral,500 mg,272,Pinnacle Health Pharmaceutical &amp; Stores Ltd,2023-11-30,2028-11-29,Active,"Film coated tablet

48	RNW-PP-240977	BACTROSEC TABLET 500MG	SECNIDAZOLE TABLETS 500MG	List of excipients; Maize Starch BP. Micro Crystalline cellulose(plain) BP. Sodium Starch Glycolate BP. Methyl Paraben BP. Propyl Paraben BP. Purified water BP. Colloidal Silicon Dioxide (light) BP. Magnesium Stearate BP. Talcum BP. H.P.M.C.E 15 BP. Titanium dioxide BP. Isopropyl Alcohol BP. Methylene chloride DCMB BP.	A4-6798	Drugs	Imported Products	1X4	Prescription Only Medicine (POM)	4/19/2022	PINNACLE HEALTH PHARMACEUTICAL &amp; STORES LTD, 16/18, Nuru Oniwo Street, Aguda, Surulere, Lagos	8034707350	phppharma@yahoo.com	GLOBELA PHARMA PVT LTD. 357, GIDC, SACHIN, SURAT, GUJARAT, INDIA, 357,358 sachin road, No., 3Surat-394230,Gujarat, India., India","1 x 4&#039;s,1 x 10&#039;s (in PVC-Alu blisters)","Each film coated tablet contains: Secnidazole 500 mg
Excipients: Maize Starch, Microcrystalline Cellulose (Plain), Sodium Starch Glycolate, Methyl Paraben, Propyl Paraben, Purified Water, Colloidal Anhydrous Silica, Magnesium Stearate, Purified Talc, Hypromellose (H.P.M.C E 15), Titanium Dioxide, Isopropyl Alcohol, Methylene Chloride DCM",https://admin.greenbook.nafdac.gov.ng/uploadImage/smpc_files/2023/12/17/20231217426c44cd-2d96-5fba-b780-b6eac1f75814.pdf,P01AB07,https://greenbook.nafdac.gov.ng/products/details/6510,2026-09-27T21:22:20.085187+00:00
Greenbook NAFDAC,915,8024,Bactrox 20 mg Ointment**,1,Drugs,"{'id': 1, 'name': 'Drugs', 'created_at': '-000001-11-30T00:00:00.000000Z', 'updated_at': '2022-03-17T16:53:12.000000Z', 'deleted_at': None}",834,Mupirocin,,A4-101001,58,Ointment,21,Topical,2%,1050,Akso Pharmaceutical Nigeria Limited,2024-08-28,2029-08-27,Active,"Topical ointment.
A white or almost white ointment",15 g (in collapsible aluminium tube),Each gram contains: Mupirocin 20 mg (2% w/w),https://admin.greenbook.nafdac.gov.ng/uploadImage/smpc_files/2024/09/29/2024092996eb0c02-df8e-5299-b25c-691f5f51f85f.pdf,D06AX09,https://greenbook.nafdac.gov.ng/products/details/8024,2026-09-27T21:22:20.085187+00:00
Greenbook NAFDAC,916,6778,Badruf Cream## (smpc format),1,Drugs,"{'id': 1, 'name': 'Drugs', 'created_at': '-000001-11-30T00:00:00.000000Z', 'updated_at': '2022-03-17T16:53:12.000000Z', 'deleted_at': None}",1106,Betamethasone; Clotrimazole; Neomycin sulfate,,A4-100679,4,Cream,21,Topical,0.05%; 1%; 0.5%,595,Basic Pharmaceutical &amp; Herbal Healthcare Limited,2023-12-21,2028-12-20,Active,"Cream

10	NF-PP-345016	BADRUF CREAM	Clotrimazole BP 1.0% w/w , Betamethasone Dipropionate BP Equivalent to Betamethasone 0.05% w/w , Neomycin Sulphate BP 0.5% w/w, Chlorocresol BP (Preservative) 1%w/w, In a cream base q.s	Clotrimazole BP 1.0%W/W Betamethasone Dipropionate BP Equivalent to Betamethasone 0.05%W/W Neomycin Sulphate BP 0.5%W/W Chlorocresol BP (Preservative) 0.1%W/W In a Cream base q.s.	A4-100679	Drugs	Imported Products	1*30gms	Prescription Only Medicine (POM)	8/24/2023	BASIC PHARMACEUTICAL &amp; HERBAL HEALTH CARE LTD, ODELOLA STREET IKATE SURULERE LAGOS SURULERE LAGOS		BASICPHARMA.NG@GMAIL.COM	BASE MEDICO PVT. LTD., Survey No. 570, Village: Tundav, TAL.: Savli, DIST.: Vadodara, Gujarat, India",1 x 30 g (in Lami tube),"Badruf Cream contains: Clotrimazole, Betamethasone Dipropionate 0.05% w/w, and Neomycin Sulphate 0.05% w/w
Excipients: Sorbitol, Citric Acid Monohydrate, Sodium Methyl Paraben, Sodium Propyl Paraben, Propylene Glycol, Liquid Paraffin Heavy, Chlorocresol, Cetostearyl Alcohol, Cetomacrogol 1000, Purified Water",https://admin.greenbook.nafdac.gov.ng/uploadImage/smpc_files/2023/12/31/202312313c9fbd69-bd92-5702-b0b3-3b05e63a40c6.pdf,D07CC01,https://greenbook.nafdac.gov.ng/products/details/6778,2026-09-27T21:22:20.085187+00:00
Greenbook NAFDAC,917,10618,Bafnacare 200 mg Tablets##,1,Drugs,"{'id': 1, 'name': 'Drugs', 'created_at': '-000001-11-30T00:00:00.000000Z', 'updated_at': '2022-03-17T16:53:12.000000Z', 'deleted_at': None}",748,Aciclovir,,A4-101201,1,Tablet,1,Oral,200 mg,506,AnnyGod Pharmaceutical Company Ltd,2025-02-28,2030-02-27,Active,"Uncoated Tablet
White to off white, capsule shaped, biconvex, uncoated tablets debossed “ACV” on one side and “200” on other side

BAFNACARE  200MG TABLET	ACICLOVIR BP 200MG	ACICLOVIR 200MG, CORN STARCH, MAGNESIUM STEARATE		Drugs	Imported Product	5*5	06-09-2024	ANNYGOD PHARMACEUTICAL COMPANY LTD, 28 UKWULU STREET, AWADA OBOSI, ANAMBRA STATE	046820296	annygod_pharma@hotmail.com	BAFNA PHARMACEUTICAL LTD., NO. 147, MADHAVARAM REDHILLS HIGH ROAD, GRANTLYON VILLAGE, VADAKARI POST, CHENNAI-600 052. INDIA.",5 x 5&#039;s ( in Alu-PVC blisters),"Each uncoated tablet contains: Aciclovir BP 200 mg
Excipients q.s.

",https://admin.greenbook.nafdac.gov.ng/uploadImage/smpc_files/2025/04/15/202504153542a68a-f3b9-534d-901f-415cb851838e.pdf,J05AB01,https://greenbook.nafdac.gov.ng/products/details/10618,2026-09-27T21:22:20.085187+00:00
Greenbook NAFDAC,918,9643,Bafnacare 400 Tablet##,1,Drugs,"{'id': 1, 'name': 'Drugs', 'created_at': '-000001-11-30T00:00:00.000000Z', 'updated_at': '2022-03-17T16:53:12.000000Z', 'deleted_at': None}",748,Aciclovir,,A4-101202,1,Tablet,1,Oral,400 mg,506,AnnyGod Pharmaceutical Company Ltd,2025-02-28,2030-02-27,Active,"Uncoated Tablet
White to off white, capsule shaped, biconvex, uncoated tablets debossed &quot;ACV&quot; on one side and &quot;400&quot; on other side

BAFNACARE 400 TABLET	ACICLOVIR BP 400MG	ACICLOVIR BP 400MG, MAIZE STARCH, COLLOIDAL ANHYDROUS SILICA, MAGNESIUM STEARARTE, PURIFIED TALC, ISOPROPYL ALCOHOL		Drugs	Imported Product	4*14	22-06-2022	ANNYGOD PHARMACEUTICAL COMPANY LTD, 28 UKWULU STREET, AWADA OBOSI, ANAMBRA STATE	046820296	annygod_pharma@hotmail.com	BAFNA PHARMACEUTICAL LTD., NO. 147, MADHAVARAM REDHILLS HIGH ROAD, GRANTLYON VILLAGE, VADAKARI POST, CHENNAI-600 052. INDIA.",4 x 14&#039;s (in Alu-PVC blisters),"Each tablet contains: Aciclovir BP 400 mg
Excipients q.s.",https://admin.greenbook.nafdac.gov.ng/uploadImage/smpc_files/2025/05/11/20250511b26941a5-b4bf-5b09-9b42-95b7a2f56fc9.pdf,J05AB01,https://greenbook.nafdac.gov.ng/products/details/9643,2026-09-27T21:22:20.085187+00:00
Greenbook NAFDAC,919,7863,Bafnacure 2 mg Tablet**,1,Drugs,"{'id': 1, 'name': 'Drugs', 'created_at': '-000001-11-30T00:00:00.000000Z', 'updated_at': '2022-03-17T16:53:12.000000Z', 'deleted_at': None}",16,Risperidone,,A4-100928,1,Tablet,1,Oral,2 mg,506,AnnyGod Pharmaceutical Company Ltd,2024-07-31,2029-07-30,Active,Film coated tablet,10 x 10&#039;s,"Risperidone Tablets BP 2 mg.
Each film-coated tablet contains: Risperidone BP 2 mg",https://admin.greenbook.nafdac.gov.ng/uploadImage/smpc_files/2024/09/14/20240914b6dc4bf1-22d2-5cc4-b073-583658afcdaa.pdf,N05AX08,https://greenbook.nafdac.gov.ng/products/details/7863,2026-09-27T21:22:20.085187+00:00
Greenbook NAFDAC,920,3435,Balerythro Tablet##,1,Drugs,"{'id': 1, 'name': 'Drugs', 'created_at': '-000001-11-30T00:00:00.000000Z', 'updated_at': '2022-03-17T16:53:12.000000Z', 'deleted_at': None}",1535,Erythromycin (Erythromycin Stearate),,C4-1357,1,Tablet,1,Oral,500 mg,253,Onifam Laboratories Limited,2020-12-21,2025-12-20,Inactive,Tablet,,Each tablet contains: Erythromycin Stearate equivalent to Erythromycin 500 mg,,J01FA01,https://greenbook.nafdac.gov.ng/products/details/3435,2026-09-27T21:22:20.085187+00:00
Greenbook NAFDAC,921,11113,Balmal 20/120 Tablets**,1,Drugs,"{'id': 1, 'name': 'Drugs', 'created_at': '-000001-11-30T00:00:00.000000Z', 'updated_at': '2022-03-17T16:53:12.000000Z', 'deleted_at': None}",528,Artemether; Lumefantrine,,A4-101254,1,Tablet,1,Oral,20 mg; 120 mg,1670,Grohe Pharmaceutical Ltd,2025-04-30,2030-04-29,Active,"Uncoated Tablet.
Yellow color, round shaped, uncoated, biconvex tablet plain on both side",1 x 24&#039;s (in Alu-PVC blister),"Each uncoated tablet contains: Artemether 20 mg, Lumefantrine USP 120 mg, Excipients q.s.",https://admin.greenbook.nafdac.gov.ng/uploadImage/smpc_files/2025/05/25/2025052596dcd4eb-d30a-5bef-ba71-1e44d14edea2.pdf,P01BF01,https://greenbook.nafdac.gov.ng/products/details/11113,2026-09-27T21:22:20.085187+00:00
Greenbook NAFDAC,922,11114,Balmal 80/480 Tablets**,1,Drugs,"{'id': 1, 'name': 'Drugs', 'created_at': '-000001-11-30T00:00:00.000000Z', 'updated_at': '2022-03-17T16:53:12.000000Z', 'deleted_at': None}",528,Artemether; Lumefantrine,,A4-101253,1,Tablet,1,Oral,80 mg; 480 mg,1670,Grohe Pharmaceutical Ltd,2025-04-30,2030-04-29,Active,"Uncoated Tablet.
Yellow color, caplet shaped, uncoated tablet having break-line on one side with other side plain",1 x 6&#039;s (in Alu-PVC blister),"Each uncoated tablet contains: Artemether 80 mg, Lumefantrine 480 mg, Excipients q.s.",https://admin.greenbook.nafdac.gov.ng/uploadImage/smpc_files/2025/05/25/202505258010c7df-2f1e-50f6-b3c5-e853af4b7a39.pdf,P01BF01,https://greenbook.nafdac.gov.ng/products/details/11114,2026-09-27T21:22:20.085187+00:00
Greenbook NAFDAC,923,11415,Baltenart 20/120 Dispersible Tablets_,1,Drugs,"{'id': 1, 'name': 'Drugs', 'created_at': '-000001-11-30T00:00:00.000000Z', 'updated_at': '2022-03-17T16:53:12.000000Z', 'deleted_at': None}",528,Artemether; Lumefantrine,,C4-0622,1,Tablet,1,Oral,20 mg; 120 mg,723,SJS Life Sciences Limited,2025-07-30,2030-07-29,Active,"Tablet.
A yellow-coloured, round-shaped, bi-convex, uncoated dispersible tablet, having one side, break-line, and the other side plain",30 x 1 x 24&#039;s (in Alu-PVC blisters),"Each uncoated tablet contains: Artemether 20 mg, and Lumefantrine 120 mg
Excipients q.s.",https://admin.greenbook.nafdac.gov.ng/uploadImage/smpc_files/2025/08/22/2025082268a28fa2-581e-542c-bcd5-c0e5f3436b08.pdf,P01BF01,https://greenbook.nafdac.gov.ng/products/details/11415,2026-09-27T21:22:20.085187+00:00
Greenbook NAFDAC,924,11416,Baltenart Tablets 80/480_,1,Drugs,"{'id': 1, 'name': 'Drugs', 'created_at': '-000001-11-30T00:00:00.000000Z', 'updated_at': '2022-03-17T16:53:12.000000Z', 'deleted_at': None}",528,Artemether; Lumefantrine,,C4-0699,1,Tablet,1,Oral,80 mg; 480 mg,723,SJS Life Sciences Limited,2025-07-30,2030-07-29,Active,"Tablet.
Yellow-coloured, round, bi-convex shaped, uncoated tablet.",10 x 1 x 6&#039;s (in Alu-Alu blisters),"Each uncoated tablet contains: Artemether 80 mg, and Lumefantrine 480 mg
Excipients q.s.",https://admin.greenbook.nafdac.gov.ng/uploadImage/smpc_files/2025/08/22/20250822bde24abd-9a81-5a37-b52c-416fa588891f.pdf,P01BF01,https://greenbook.nafdac.gov.ng/products/details/11416,2026-09-27T21:22:20.085187+00:00
Greenbook NAFDAC,925,7864,Balzit-500 Tablets**,1,Drugs,"{'id': 1, 'name': 'Drugs', 'created_at': '-000001-11-30T00:00:00.000000Z', 'updated_at': '2022-03-17T16:53:12.000000Z', 'deleted_at': None}",475,Azithromycin (Azithromycin Dihydrate),, B4-2657,1,Tablet,1,Oral,500 mg,216,L&#039;PaceMaker Pharmaceuticals Limited,2021-06-24,2026-06-23,Inactive,Tablet,1 x 3&#039;s,Each tablet contains: Azithromycin Dihydrate USP equiv. to Azithromycin 500 mg,,,https://greenbook.nafdac.gov.ng/products/details/7864,2026-09-27T21:22:20.085187+00:00
Greenbook NAFDAC,926,3007,Balzole Tablets## (duplicate),1,Drugs,"{'id': 1, 'name': 'Drugs', 'created_at': '-000001-11-30T00:00:00.000000Z', 'updated_at': '2022-03-17T16:53:12.000000Z', 'deleted_at': None}",570,Albendazole,,B4-5220,1,Tablet,1,Oral,400 mg,393,Krismediks Nigeria Limited,2020-12-21,2025-12-20,Inactive,Chewable Tablet,,"Each tablet contains: Albendazole BP 400 mg
Excipients q.s.
Color: Sunset Yellow
",https://admin.greenbook.nafdac.gov.ng/uploadImage/smpc_files/2023/05/27/20230527b88bd477-a928-56f4-aa55-e3b9c0abd973.pdf,P02CA03,https://greenbook.nafdac.gov.ng/products/details/3007,2026-09-27T21:22:20.085187+00:00
Greenbook NAFDAC,927,12139,Banakeme Tablets 0.5 mg_,1,Drugs,"{'id': 1, 'name': 'Drugs', 'created_at': '-000001-11-30T00:00:00.000000Z', 'updated_at': '2022-03-17T16:53:12.000000Z', 'deleted_at': None}",770,Dexamethasone,,A4-101737,1,Tablet,1,Oral,0.5 mg,1312,Unilink Pharmaceutical Ltd,2025-11-26,2030-11-25,Active,Tablet,1 x 100&#039;s (in jars),"Each tablet contains: Dexamethasone BP 0.5 mg
Excipients q.s.",https://admin.greenbook.nafdac.gov.ng/uploadImage/smpc_files/2025/12/10/202512109c2536c4-8880-5e21-b663-7cfb2637a34d.pdf,H02AB02,https://greenbook.nafdac.gov.ng/products/details/12139,2026-09-27T21:22:20.085187+00:00
Greenbook NAFDAC,928,4732,Banazine Injection**,1,Drugs,"{'id': 1, 'name': 'Drugs', 'created_at': '-000001-11-30T00:00:00.000000Z', 'updated_at': '2022-03-17T16:53:12.000000Z', 'deleted_at': None}",54,Pentazocine (Pentazocine Lactate),,A4-3854,107,Solution for injection,31,Intravenous; Intramuscular; Subcutaneous,30 mg/mL,444,Merit Healthcare Limited,2023-05-25,2028-05-24,Active,Solution for Injection in 1-mL ampoule,1 mL x 2 x 5&#039;s (in ampoules),"Pentazocine Injection BP.
Each mL contains: Pentazocine Lactate BP 30 mg, Benzyl alcohol USP 1.5% v/v (as Preservative), Water for injection BP Q.S.",https://admin.greenbook.nafdac.gov.ng/uploadImage/smpc_files/2023/08/22/202308225b7e846c-21ec-5c44-bc2e-46e1be19a6cb.pdf,N02AD01,https://greenbook.nafdac.gov.ng/products/details/4732,2026-09-27T21:22:20.085187+00:00
Greenbook NAFDAC,929,6534,Banedif Ointment## (strength format),1,Drugs,"{'id': 1, 'name': 'Drugs', 'created_at': '-000001-11-30T00:00:00.000000Z', 'updated_at': '2022-03-17T16:53:12.000000Z', 'deleted_at': None}",1730,Zinc Bacitracin; Neomycin Sulphate; Zinc oxide,,04-2046,58,Ointment,21,Topical,126.90mg; 181.69mg;11.71mg,82,Afrab-Chem Limited,2023-11-30,2028-11-29,Active,"White and soft ointment with a characteristic odor

BANEDIF OINTMENT	ZINC BACITRACIN + NEOMYCIN SULPHATE	Zinc Bacitracin:126.90mg,Neomycin Sulphate:181.69mg,Zinc oxide:11.71mg, Anhydrous Lanolin:5.00mg,Cetyl Alcohol:20.00mg,Paraffin Liquid:8.33mg,Petroleum Jelly:1.85mg/G	Apr-46	Drugs	VARIOUS	Nigerian Products	20G	POM 1	25/07/2022	AFRAB-CHEM LIMITED, 22, ABIMBOLA STREET, ISOLO	12700057	oyeyemiat2005@yahoo.com	AFRAB CHEM LIMITED, 22, ABIMBOLA STREET, ISOLO INDUSTRIAL ESTATE, ISOLO-LAGOS, Nigeria",1 x 20 g (in plastic tube),"Each 1 g contains: Zinc Bacitracin 500 IU and Neomycin Sulphate 5 mg
Excipients: Zinc Oxide, Anhydrous Lanolin, Cetyl Alcohol, Paraffin Liquid, Petroleum Jelly
",https://admin.greenbook.nafdac.gov.ng/uploadImage/smpc_files/2023/12/14/20231214c9758bfb-f249-5eee-9557-536e3107aa10.pdf,D06AX,https://greenbook.nafdac.gov.ng/products/details/6534,2026-09-27T21:22:20.085187+00:00
Greenbook NAFDAC,930,4289,Banedif Powder,1,Drugs,"{'id': 1, 'name': 'Drugs', 'created_at': '-000001-11-30T00:00:00.000000Z', 'updated_at': '2022-03-17T16:53:12.000000Z', 'deleted_at': None}",833,Neomycin; Bacitracin zinc,,04-1271,111,Powder,21,Topical,5 mg/g; 250 IU/g,82,Afrab-Chem Limited,2026-06-30,2031-06-29,Inactive,"BANEDIF POWDER	ZINC BACITRACIN AND NEOMYCIN SULPHATE	ZINC BACITRACIN 250IU + NEOMYCIN SULPHATE 5MG / G	04-1271	Drugs	Nigerian Products	5G	15-08-2025	AFRAB-CHEM LIMITED, NO22ABIMBOLASTREETISOLOINDUSTRIALESTATEISOL,LAGOS,LAGOS	012700057	oyeyemiat2005@yahoo.com	AFRAB CHEM LIMITED, 22, ABIMBOLA STREET, ISOLO INDUSTRIAL ESTATE, ISOLO, LAGOS, NIGERIA.
",5G,"Each gram of powder contains: Zinc Bacitracin 250 IU, Neomycin Sulfate 5 mg",https://admin.greenbook.nafdac.gov.ng/uploadImage/smpc_files/2026/07/23/202607239a878b6b-72a4-55c9-a2d8-2c12eecd7413.pdf,D06AX04,https://greenbook.nafdac.gov.ng/products/details/4289,2026-09-27T21:22:20.085187+00:00
Greenbook NAFDAC,931,9164,Baraxix Tablet**,1,Drugs,"{'id': 1, 'name': 'Drugs', 'created_at': '-000001-11-30T00:00:00.000000Z', 'updated_at': '2022-03-17T16:53:12.000000Z', 'deleted_at': None}",227,Furosemide,Frusemide,B4-6802,1,Tablet,1,Oral,40 mg,651,Global Young Pharma Limited,2025-01-30,2030-01-29,Active,"Uncoated Tablet.
White to off white, flat, uncoated tablets with beveled edges, debossed BARAXIX on one side and plain on the other side",25 x 10&#039;s (in Alu/Alu/PVC strips),"Furosemide 40 mg Tablets.
Each uncoated tablet contains: Furosemide BP 40 mg",https://admin.greenbook.nafdac.gov.ng/uploadImage/smpc_files/2025/05/11/20250511e8d149a7-01f6-5f2a-b2a2-a0b5f29f30ec.pdf,C03CA01,https://greenbook.nafdac.gov.ng/products/details/9164,2026-09-27T21:22:20.085187+00:00
Greenbook NAFDAC,932,11418,Bari Deep Relief Cream_,1,Drugs,"{'id': 1, 'name': 'Drugs', 'created_at': '-000001-11-30T00:00:00.000000Z', 'updated_at': '2022-03-17T16:53:12.000000Z', 'deleted_at': None}",2278,Menthol; Eucalyptus Oil; White Ointment,,A4-101387,4,Cream,21,Topical,"5.91%, 1.97%, 80%",787,Bari Pharmacy Nig Ltd,2025-07-30,2030-07-29,Active,"Cream
",1 x 30 g (in Lami tube),"Each gram cream contains: Menthol BP 5.91% w/w, Eucalyptus Oil BP 1.97% w/w, White Ointment 80% w/w
Excipients q.s.",https://admin.greenbook.nafdac.gov.ng/uploadImage/smpc_files/2025/08/26/20250826a2bf5be2-7487-5b0a-a4c3-43b212c3d1db.pdf,M02A,https://greenbook.nafdac.gov.ng/products/details/11418,2026-09-27T21:22:20.085187+00:00
Greenbook NAFDAC,933,11699,Bari Ketoconazole Cream_,1,Drugs,"{'id': 1, 'name': 'Drugs', 'created_at': '-000001-11-30T00:00:00.000000Z', 'updated_at': '2022-03-17T16:53:12.000000Z', 'deleted_at': None}",522,Ketoconazole,,A4-101464,4,Cream,21,Topical,2%,787,Bari Pharmacy Nig Ltd,2025-08-27,2030-08-26,Active,Cream,1 x 20 g (in Lami tube),"Each gram contains: Ketoconazole BP 2% w/w, Cream Base q.s
Excipients q.s.",https://admin.greenbook.nafdac.gov.ng/uploadImage/smpc_files/2025/10/24/2025102415001716-30e3-5873-bbfc-745749bf7dab.pdf,J01FA10,https://greenbook.nafdac.gov.ng/products/details/11699,2026-09-27T21:22:20.085187+00:00
Greenbook NAFDAC,934,11483,"Bari Ketoconazole, Clobetasol Propionate and Neomycin Sulfate Cream_",1,Drugs,"{'id': 1, 'name': 'Drugs', 'created_at': '-000001-11-30T00:00:00.000000Z', 'updated_at': '2022-03-17T16:53:12.000000Z', 'deleted_at': None}",2190,Ketoconazole; Clobetasol propionate; Neomycin sulphate,,A4-101409,4,Cream,21,Topical,10 mg; 0.25 mg; 5000 IU,787,Bari Pharmacy Nig Ltd,2025-07-30,2030-07-29,Active,Cream,1 x 30 g (in Lami tube),"Each gram contains: Ketoconazole 10 mg, Clobetasol Propionate 0.25 mg, and Neomycin Sulfate 5000 IU,
Cream Base q.s.",,D07CD01,https://greenbook.nafdac.gov.ng/products/details/11483,2026-09-27T21:22:20.085187+00:00
Greenbook NAFDAC,935,5582,Barole I.V. Injection##,1,Drugs,"{'id': 1, 'name': 'Drugs', 'created_at': '-000001-11-30T00:00:00.000000Z', 'updated_at': '2022-03-17T16:53:12.000000Z', 'deleted_at': None}",179,Rabeprazole Sodium,,A4-5749,40,Injection,12,Intravenous,20 mg,226,Mega Lifesciences Nigeria Limited,2023-03-28,2028-03-27,Active,"Injection

93	RNW-PP-261647	BAROLE I.V. INJECTION	RABEPRAZOLE SODIUM 20MG	RABEPRAZOLE SODIUM 20MG, MANNITOL, SODIUM CARBONATE, SODIUM HYDROXIDE, WATER FOR INJECTION	A4-5749	Drugs	ALIMENTARY TRACT AND METABOLISM	Imported Products	I*1 transparent glass vial	Prescription Only Medicine (POM)	4/21/2022	MEGA LIFESCIENCES NIGERIA LIMITED, GUINNESS ROAD, OGBA - IKEJA OGBA LAGOS	8053596201	info.ng@megawecare.com	GUFIC BIOSCIENCES LIMITED, N.H NO. 8, NEAR GRID, KABILPORE, NAVSARI, GUJARAT, INDIA, India",I x 1 (in transparent glass vial),"Barole I.V. Injection contains: Rabeprazole Sodium 20 mg
Excipients: Mannitol, Sodium Carbonate, Sodium Hydroxide, Water for Injection",https://admin.greenbook.nafdac.gov.ng/uploadImage/smpc_files/2025/01/15/20250115e15a2695-4a6f-54ab-9a10-b5e64a2338db.pdf,A02BC04,https://greenbook.nafdac.gov.ng/products/details/5582,2026-09-27T21:22:20.085187+00:00
Greenbook NAFDAC,936,6845,Basedol Gel## (smpc format),1,Drugs,"{'id': 1, 'name': 'Drugs', 'created_at': '-000001-11-30T00:00:00.000000Z', 'updated_at': '2022-03-17T16:53:12.000000Z', 'deleted_at': None}",1149,Diclofenac Sodium (Diclofenac Diethylamine); Methyl salicylate; Menthol; Linseed oil,,A4-100687,29,Gel,0,N/A,1.16%; 3.00%; 10.00%; 5.00%,595,Basic Pharmaceutical &amp; Herbal Healthcare Limited,2023-12-21,2028-12-20,Active,"Gel

25	NF-PP-354416	BASEDOL GEL	Diclofenac Diethylamine BP 1.16% w/w e.q. to Diclofenac Sodium 1.00 % w/w Methyl Salicylate BP 10.0 % w/w Menthol BP 5.0 % w/w Benzyl Alcohol BP (as preservative) 1.0 % w/w Linseed Oil BP 3.0 % w/w Gel base q.s.	Diclofenac Diethylamine BP 1.16% w/w e.q. to Diclofenac Sodium 1.00 % w/w Linseed Oil BP 3.0 % w/w Methyl Salicylate BP 10.0 % w/w Menthol BP 5.0 % w/w Benzyl Alcohol BP (as preservative) 1.0 % w/w Gel base q.s.	A4-100687	Drugs	Imported Products	1*30gms	Over The Counter (OTC)	8/25/2023	BASIC PHARMACEUTICAL &amp; HERBAL HEALTH CARE LTD, ODELOLA STREET IKATE SURULERE LAGOS SURULERE LAGOS",1 x 30 g (in Lami tube),"Basedol Gel contains: Diclofenac Diethylamine BP 1.16% w/w equivalent to Diclofenac Sodium 1.00 % w/w, Linseed Oil BP 3.0 % w/w, Methyl Salicylate BP 10.0 % w/w, Menthol BP 5.0 % w/w
Excipients q.s.",https://admin.greenbook.nafdac.gov.ng/uploadImage/smpc_files/2023/12/31/2023123187069bf7-5880-5892-9ae7-e039259967ad.pdf,D11AX18,https://greenbook.nafdac.gov.ng/products/details/6845,2026-09-27T21:22:20.085187+00:00
Greenbook NAFDAC,937,8731,Baseheal Cream**,1,Drugs,"{'id': 1, 'name': 'Drugs', 'created_at': '-000001-11-30T00:00:00.000000Z', 'updated_at': '2022-03-17T16:53:12.000000Z', 'deleted_at': None}",1112,Clobetasol; Ketoconazole; Neomycin,,A4-101102,4,Cream,21,Topical,0.25 mg/g; 10 mg/g; 5000 IU/g,595,Basic Pharmaceutical &amp; Herbal Healthcare Limited,2024-11-22,2029-11-21,Active,"Topical Cream.
White to off-white coloured, smooth, lumps-free cream",15 g tube,"Ketoconazole, Clobetasol Propionate &amp; Neomycin Sulfate Cream.
Each gram contains: Ketoconazole BP 10 mg, Clobetasol Propionate BP 0.25 mg, Neomycin Sulfate BP 5000 IU, Cream base q.s.",https://admin.greenbook.nafdac.gov.ng/uploadImage/smpc_files/2024/12/10/20241210a6de1eec-a79f-5c2e-a6d6-f07c4650793c.pdf,,https://greenbook.nafdac.gov.ng/products/details/8731,2026-09-27T21:22:20.085187+00:00
Greenbook NAFDAC,938,8973,Baxcef-SB Powder for Injection (I.M)**,1,Drugs,"{'id': 1, 'name': 'Drugs', 'created_at': '-000001-11-30T00:00:00.000000Z', 'updated_at': '2022-03-17T16:53:12.000000Z', 'deleted_at': None}",454,Ceftriaxone (Ceftriaxone Sodium); Sulbactam (Sulbactam Sodium),,C4-1884,70,Powder for injection,9,Intramuscular,1000 mg; 500 mg,184,Global Healthcare Ltd,2021-10-28,2026-10-27,Active,Powder for solution for injection in a vial plus Lidocaine Hydrochloride Injection (1% w/v) as diluent in ampoule,1.5 g x 1&#039;s (in vial) + 3.5 mL Lidocaine HCl 1% (in ampoule),"Each combipack contains:
A. One vial of Sterile Ceftriaxone Sodium equiv. to Ceftriaxone Anhydrous USP 1 g, Sulbactam USP 500 mg
B. One ampoule of Lidocaine Hydrochloride Injection (1% w/v), 3.5 mL",https://admin.greenbook.nafdac.gov.ng/uploadImage/smpc_files/2025/03/10/20250310c6599a4e-17b1-5038-a94f-218384dd6c77.pdf,J01DD63,https://greenbook.nafdac.gov.ng/products/details/8973,2026-09-27T21:22:20.085187+00:00
Greenbook NAFDAC,939,8974,Baxcef-SB Powder for Injection (I.V)**,1,Drugs,"{'id': 1, 'name': 'Drugs', 'created_at': '-000001-11-30T00:00:00.000000Z', 'updated_at': '2022-03-17T16:53:12.000000Z', 'deleted_at': None}",454,Ceftriaxone (Ceftriaxone Sodium); Sulbactam (Sulbactam Sodium),,C4-1885,70,Powder for injection,12,Intravenous,1000 mg; 500 mg,184,Global Healthcare Ltd,2021-10-28,2026-10-27,Active,Powder for solution for injection in a vial plus Sterile Water for Injection (SWFI) as diluent in ampoule,1.5 g x 1&#039;s (in vial) + 10 mL SWFI (in ampoule),"Each combipack contains:
A. One vial of Sterile Ceftriaxone Sodium equiv. to Ceftriaxone Anhydrous USP 1 g, Sulbactam USP 500 mg
B. One ampoule of Sterile Water for Injection 10 mL (as diluent)",https://admin.greenbook.nafdac.gov.ng/uploadImage/smpc_files/2025/03/10/202503108b1d79ff-909a-548d-be4f-782b391e27c3.pdf,J01DD63,https://greenbook.nafdac.gov.ng/products/details/8974,2026-09-27T21:22:20.085187+00:00
Greenbook NAFDAC,940,4421,Baylo Kit Capsules & Tablets##,1,Drugs,"{'id': 1, 'name': 'Drugs', 'created_at': '-000001-11-30T00:00:00.000000Z', 'updated_at': '2022-03-17T16:53:12.000000Z', 'deleted_at': None}",174,Lansoprazole; Clarithromycin; Tinidazole,,A4-100052,1,Tablet,1,Oral,250 mg; 250 mg; 30 mg,367,Excel Charis Pharmaceutical Chemical Limited,2021-05-28,2026-05-27,Inactive,Tablet,,"Each tablet contains: Lansoprazole 250 mg, Clarithromycin 250 mg, Tinidazole 30 mg",https://admin.greenbook.nafdac.gov.ng/uploadImage/smpc_files/2025/04/15/202504159d89f463-08ee-5f94-9eb5-eb6cdcad7337.PDF,A02BD09,https://greenbook.nafdac.gov.ng/products/details/4421,2026-09-27T21:22:20.085187+00:00
Greenbook NAFDAC,941,4290,Baylo Kit Capsules & Tablets## (duplicate),1,Drugs,"{'id': 1, 'name': 'Drugs', 'created_at': '-000001-11-30T00:00:00.000000Z', 'updated_at': '2022-03-17T16:53:12.000000Z', 'deleted_at': None}",174,Lansoprazole; Clarithromycin; Tinidazole,,A4-100052,118,Kit,1,Oral,30 mg; 250 mg; 500 mg,367,Excel Charis Pharmaceutical Chemical Limited,2021-05-28,2026-05-27,Inactive,Kit,,Each Kit contains: Lansoprazole USP 30 mg (2 capsules) + Clarithromycin 250 mg (2 tablets) + Tinidazole 500 mg (2 tablets),https://admin.greenbook.nafdac.gov.ng/uploadImage/smpc_files/2025/04/15/20250415d4adc0ae-f96a-5726-95bb-3fc8404a4810.PDF,A02BD09,https://greenbook.nafdac.gov.ng/products/details/4290,2026-09-27T21:22:20.085187+00:00
Greenbook NAFDAC,942,324,Bazole Tablets##,1,Drugs,"{'id': 1, 'name': 'Drugs', 'created_at': '-000001-11-30T00:00:00.000000Z', 'updated_at': '2022-03-17T16:53:12.000000Z', 'deleted_at': None}",570,Albendazole,,B4-5220,1,Tablet,1,Oral,400 mg,393,Krismediks Nigeria Limited,2021-08-03,2026-08-02,Inactive,Tablet,,Each tablet contains: Albendazole BP 400 mg,,P02CA03,https://greenbook.nafdac.gov.ng/products/details/324,2026-09-27T21:22:20.085187+00:00
Greenbook NAFDAC,943,8586,Bazreal Lisinopril Tablet 5 mg**,1,Drugs,"{'id': 1, 'name': 'Drugs', 'created_at': '-000001-11-30T00:00:00.000000Z', 'updated_at': '2022-03-17T16:53:12.000000Z', 'deleted_at': None}",250,Lisinopril,,A4-1917,1,Tablet,1,Oral,5 mg,594,Bazreal Global Limited,2024-10-31,2029-10-30,Active,Uncoated tablet,2 x 14&#039;s (in Alu-PVC blisters),"Lisinopril Tablets USP 5 mg.
Each uncoated tablet contains: Lisinopril USP 5 mg.
Colour: Titanium dioxide BP",https://admin.greenbook.nafdac.gov.ng/uploadImage/smpc_files/2024/11/23/2024112359972f5b-a321-5b0b-8317-d027abae7071.pdf,,https://greenbook.nafdac.gov.ng/products/details/8586,2026-09-27T21:22:20.085187+00:00
Greenbook NAFDAC,944,8587,Bazreal Lisinopril Tablets 10 mg**,1,Drugs,"{'id': 1, 'name': 'Drugs', 'created_at': '-000001-11-30T00:00:00.000000Z', 'updated_at': '2022-03-17T16:53:12.000000Z', 'deleted_at': None}",250,Lisinopril,,A4-1881,1,Tablet,1,Oral,10 mg,594,Bazreal Global Limited,2024-10-31,2029-10-30,Active,Uncoated tablet,2 x 14&#039;s (in Alu-PVC blisters),"Lisinopril Tablets USP 10 mg.
Each uncoated tablet contains: Lisinopril USP 10 mg.
Colour: Titanium dioxide BP",https://admin.greenbook.nafdac.gov.ng/uploadImage/smpc_files/2024/11/23/202411239f76df5f-fd79-58df-b71e-556e34813745.pdf,,https://greenbook.nafdac.gov.ng/products/details/8587,2026-09-27T21:22:20.085187+00:00
Greenbook NAFDAC,945,8732,Bazreal Oxytocin Injection 10 IU/1 mL**,1,Drugs,"{'id': 1, 'name': 'Drugs', 'created_at': '-000001-11-30T00:00:00.000000Z', 'updated_at': '2022-03-17T16:53:12.000000Z', 'deleted_at': None}",668,Oxytocin,,A4-101088,107,Solution for injection,12,Intravenous,10 IU/mL,594,Bazreal Global Limited,2024-11-22,2029-11-21,Active,"Solution for injection.
A clear, colourless liquid",1 mL x 10&#039;s (in clear glass ampoules),Each mL solution contains: Oxytocin BP 10 IU,https://admin.greenbook.nafdac.gov.ng/uploadImage/smpc_files/2024/12/10/20241210aff8eb58-2ed2-574c-bf10-2b9414de9b82.pdf,H01BB02,https://greenbook.nafdac.gov.ng/products/details/8732,2026-09-27T21:22:20.085187+00:00
Greenbook NAFDAC,946,7865,BCOJ Vitamin B-Complex Tablet**,1,Drugs,"{'id': 1, 'name': 'Drugs', 'created_at': '-000001-11-30T00:00:00.000000Z', 'updated_at': '2022-03-17T16:53:12.000000Z', 'deleted_at': None}",1705,Vitamin B1; Vitamin B2; Vitamin B6; Nicotinamide,,A11-100733,1,Tablet,1,Oral,1 mg; 1 mg; 1 mg; 15 mg,1186,Jessy Pharmaceutical Company Limited,2024-07-31,2029-07-30,Active,Tablet,3 x 10&#039;s (in PVC/Aluminum blisters),"Each tablet contains: Thiamine Hydrochloride (Vitamin B1) 1 mg, Riboflavin (Vitamin B2) 1 mg, Pyridoxine Hcl (Vitamin B6) 1 mg, Nicotinamide (Vitamin B3) 15 mg",https://admin.greenbook.nafdac.gov.ng/uploadImage/smpc_files/2024/09/17/20240917faf8b031-3605-59be-a3a1-c7ac7dc14c84.pdf,,https://greenbook.nafdac.gov.ng/products/details/7865,2026-09-27T21:22:20.085187+00:00
Greenbook NAFDAC,947,7420,"Bcosam Tablet## (duplicate, different product)",1,Drugs,"{'id': 1, 'name': 'Drugs', 'created_at': '-000001-11-30T00:00:00.000000Z', 'updated_at': '2022-03-17T16:53:12.000000Z', 'deleted_at': None}",1499,Vit A; Vit B1; Vit B2; Vit B6; Vit C; Vit D2; Nicotinamide,,04-0268,1,Tablet,1,Oral,NA,729,Sam Pharmaceutical Limited,2021-08-27,2026-08-26,Inactive,"Tablet
Yellow, flat, beveled tablets with &quot;BCO&quot; marked one side and plain on the other side

763	Vitamins + Nicotinamide	04-0268	Bcosam Tablet	Thiamine Hcl (Vit.B) Riboflavine (Vit.B) Nicotinamide Di-Calcium Phosphate, Maize Starch Purified Talc, Magnesium Stearate Gelatine, Methyl Paraben Propyl Paraben	Vitamins	Oral	1.07 mg, 1.07 mg, 16 mg, 58 mg, 64.57 mg, 1.14 mg, 0.86 mg, 5.8 mg, 0.17 mg, 0.06 mg	Tablet	Over The Counter (Otc)	Sam Pharmaceutical Limited	Sam Pharmaceutical Ltd.	Nigeria	2021-08-27	2026-08-26",1 x 1000&#039;s (in container),"Each tablet contains: Thiamine HCl (Vitamin B1) B.P 1 mg, Riboflavin (Vitamin B2) B.P 1 mg, Nicotinamide B.P 15 mg
Excipients q.s.
",https://admin.greenbook.nafdac.gov.ng/uploadImage/smpc_files/2024/12/16/20241216448d06de-7d7f-5574-9b96-7c648944cfbb.pdf,A11A,https://greenbook.nafdac.gov.ng/products/details/7420,2026-09-27T21:22:20.085187+00:00
Greenbook NAFDAC,948,6827,Bebe Lotion##,1,Drugs,"{'id': 1, 'name': 'Drugs', 'created_at': '-000001-11-30T00:00:00.000000Z', 'updated_at': '2022-03-17T16:53:12.000000Z', 'deleted_at': None}",859,Benzyl Benzoate,,04-5917,110,Lotion,21,Topical,25%,360,Ugo Lab Productions (Nig). Ltd,2023-12-21,2028-12-20,Active,"Lotion

40	RNW-PP-347614	BEBE LOTION	BENZYL BENZOATE	BENZYL BENZOATE 25%W/V CRODA WAX	Apr-17	Drugs	Nigerian Products	100ML	Over The Counter (OTC)	12/11/2023	UGO LAB PRODUCTIONS (NIG). LTD, , BURMA ROAD KANO KANO	64944047	ofodilechinedu@ymail.com	UGOLAB PRODUCTION NIGERIA LIMITED, 157/159 CLUB ROAD BOMPAI INDUSTRIAL LAYOUT KANO NIGERIA, Nigeria",1 x 100 mL (in PET bottle),"Bebe Lotion contains: Benzyl Benzoate BP 25% w/v
Excipients: Croda Wax",https://admin.greenbook.nafdac.gov.ng/uploadImage/smpc_files/2024/12/23/202412239ba30ea2-f9a4-56b4-ba77-e804b58d3b4b.pdf,P03AX01,https://greenbook.nafdac.gov.ng/products/details/6827,2026-09-27T21:22:20.085187+00:00
Greenbook NAFDAC,949,7866,Becam Cream**,1,Drugs,"{'id': 1, 'name': 'Drugs', 'created_at': '-000001-11-30T00:00:00.000000Z', 'updated_at': '2022-03-17T16:53:12.000000Z', 'deleted_at': None}",1106,Betamethasone; Clotrimazole; Neomycin sulfate,,A4-100955,4,Cream,21,Topical,0.05%; 1%; 0.5%,760,Anyigold Global Services Nigeria Ltd,2024-07-31,2029-07-30,Active,Topical Cream,30 g (in Lami tube),"Betamethasone Dipropionate, Clotrimazole &amp; Neomycin Sulfate Cream.
Clotrimazole USP 1.0 % w/w, Betamethasone Dipropionate USP equiv. to Betamethasone 0.05 % w/w, Neomycin Sulfate USP equiv. to Neomycin Base 0.5 % w/w, Cream base q.s.",https://admin.greenbook.nafdac.gov.ng/uploadImage/smpc_files/2024/09/14/202409142232d6b1-c60d-5fa7-b3b4-042c3d87d810.pdf,,https://greenbook.nafdac.gov.ng/products/details/7866,2026-09-27T21:22:20.085187+00:00
Greenbook NAFDAC,950,4422,Becomex Injection##,1,Drugs,"{'id': 1, 'name': 'Drugs', 'created_at': '-000001-11-30T00:00:00.000000Z', 'updated_at': '2022-03-17T16:53:12.000000Z', 'deleted_at': None}",1556,Vit B1; Vit B2; Vit B6; Nicotinamide; Dexpanthenol,,04-4509,107,Solution for injection,12,Intravenous,0.1%; 0.44%; 0.12%; 4%,162,Drugfield Pharmaceuticals Limited,2021-05-27,2026-05-26,Inactive,"Solution for Injection

04-4509 BECOMEX INJECTION THIAMINE HYDROCHLORIDE, RIBOFLAVIN - PHOSPHATE SODIUM, PYRIDOXINE HYDROCHLORIDE, NICOTINAMIDE, D-PANTHENOL, BENZYL ALCOHOL, SODIUM FORMALDEHYDE SULPHOXYLATE, WATER FOR INJECTION TO LT/LT VITAMINS INTRAVENOUS ROUTE 4.045KG, 2.157K, 1.676KG, 13.120KG,  1.968KG,13.120KG,  0.442KG,  656.000LT/656.000LT INJECTION PRESCRIPTION ONLY MEDICINE (POM) PREVENTION OF ANAEMIA AND NUTRITIONAL SUPPLEMENTATION OF CERTAIN VITAMINS DRUGFIELD PHARMACEUTICALS LIMITED NIGERIA DRUGFIELD PHARMACEUTICALS LIMITED NIGERIA 2021-05-27 2026-05-26",1 x 10 mL vial,"Each mL contains: Vitamin B1 5 mg, Vitamin B2 2 mg, Vitamin B6 2 mg, Nicotinamide 20 mg
Excipients q.s.
",https://admin.greenbook.nafdac.gov.ng/uploadImage/smpc_files/2024/06/25/20240625115f5855-ea7a-5755-a5e9-4ae49ece58d5.pdf,A11EA,https://greenbook.nafdac.gov.ng/products/details/4422,2026-09-27T21:22:20.085187+00:00
Greenbook NAFDAC,951,5583,Becoten Injection## (check composition),1,Drugs,"{'id': 1, 'name': 'Drugs', 'created_at': '-000001-11-30T00:00:00.000000Z', 'updated_at': '2022-03-17T16:53:12.000000Z', 'deleted_at': None}",1643,Thiamine Hydrochloride; Riboflavin; Pyridoxine Hydrochloride; Niacinamide,,B4-3636,40,Injection,1,Oral,100mg; 2mg; 2mg,222,Maydon Pharmaceuticals Limited,2021-12-16,2026-12-15,Active,"Solution for Injection
A yellow colored, clear solution filled in 10 mL amber glass vial USP T-I

1456	Thiamine Hcl, Riboflavin Sodium	B4-3636	Becoten Injection	Thiamine Hcl, Riboflavin Sodium	Multivitamins	Oral		Injection	Prescription Only Medicine (Pom)	Maydon Pharmaceuticals Limited	Nitin Life Sciences Ltd	India	2021-12-16	2026-12-15",1 x 10 mL vial,"Each mL contains: Thiamine Hydrochloride BP 10 mg, Riboflavin Sodium Phosphate equivalent to Riboflavin 0.5 mg, Pyridoxine Hydrochloride BP 1 mg, Nicotinamide BP 10 mg, Dexpanthenol BP 1 mg, Benzyl Alchohol BP (as preservative) 2% v/v, Water for Injection BP q.s.",https://admin.greenbook.nafdac.gov.ng/uploadImage/smpc_files/2024/09/19/2024091962657b04-de1a-5bca-a54c-6d15b654955e.pdf,A11EA,https://greenbook.nafdac.gov.ng/products/details/5583,2026-09-27T21:22:20.085187+00:00
Greenbook NAFDAC,952,6772,Becovit Syrup##,1,Drugs,"{'id': 1, 'name': 'Drugs', 'created_at': '-000001-11-30T00:00:00.000000Z', 'updated_at': '2022-03-17T16:53:12.000000Z', 'deleted_at': None}",359,Vitamin B Complex,,A11-0793,103,Syrup,1,Oral,30 mg,320,Unique AgroChem Ltd,2023-12-21,2028-12-20,Active,"Syrup
A clear yellow viscous syrup

32	RNW-PP-389414	BECOVIT SYRUP	VITAMIN B-COMPLEX SYRUP	Each 5ml Syrup contains: Vitamin B1(Thiamine Hydrochloride) 5mg, Vitamin B2 (Riboflavin) 2mg, Vitamin B6 (Pyridoxine Hydrochloride) 2mg, Nicotinamide 20mg, Methyl Paraben BP 11.25mg, Propyl Paraben BP 1.25mg, Glycerin BP 302.94mg, Sucrose BP 1700mg, Liquid Sorbitol BP 642.44mg, Orange Flavour 7.50mg, FD &amp; C Yellow 0.005mg, Purified Water BP ... Qs… to 5ml	A11-0793	Drugs	Nigerian Products	1*100ML	OTC	11/21/2023	UNIQUE PHARMACEUTICALS LIMITED, KM 38, ABEOKUTA ROAD, VEEPEE INDUSTRIAL AVENUE, SANGO-OTA,OGUN STATE.	8097421000	mail@uniquepharm.com	UNIQUE PHARMACEUTICALS LIMITED, 11, FATAI ATERE WAY, MATORI, MUSHIN, LAGOS., Nigeria",1 x 100 mL (in PET bottle),"Each 5 mL syrup contains: Vitamin B1 (Thiamine Hydrochloride) 5 mg, Vitamin B2 (Riboflavin) 2 mg, Vitamin B6 (Pyridoxine Hydrochloride) 2 mg, Nicotinamide 20 mg
Excipients q.s.",https://admin.greenbook.nafdac.gov.ng/uploadImage/smpc_files/2025/01/10/20250110cd839925-50b6-51d0-8e6b-078f89dee4ba.pdf,A11EA,https://greenbook.nafdac.gov.ng/products/details/6772,2026-09-27T21:22:20.085187+00:00
Greenbook NAFDAC,953,2917,Bedex Cefuroxime Axetil Tablets##,1,Drugs,"{'id': 1, 'name': 'Drugs', 'created_at': '-000001-11-30T00:00:00.000000Z', 'updated_at': '2022-03-17T16:53:12.000000Z', 'deleted_at': None}",456,Cefuroxime (Cefuroxime Axetil),,C4-1403,1,Tablet,1,Oral,500 mg,565,Uwans Ventures Limited,2020-12-21,2025-12-20,Inactive,Tablet,,Each tablet contains: Cefuroxime (as Cefuroxime Axetil) 500 mg,,J01DC02,https://greenbook.nafdac.gov.ng/products/details/2917,2026-09-27T21:22:20.085187+00:00
Greenbook NAFDAC,954,3426,Bedex Misoprostol Tablets##,1,Drugs,"{'id': 1, 'name': 'Drugs', 'created_at': '-000001-11-30T00:00:00.000000Z', 'updated_at': '2022-03-17T16:53:12.000000Z', 'deleted_at': None}",175,Misoprostol,,C4-1203,1,Tablet,1,Oral,200 mcg,565,Uwans Ventures Limited,2020-11-10,2025-11-09,Inactive,Tablet,,Each tablet contains: Misoprostol 200 mcg,,A02BB01,https://greenbook.nafdac.gov.ng/products/details/3426,2026-09-27T21:22:20.085187+00:00
Greenbook NAFDAC,955,12401,Bedex Spironolactone Tablets 25 mg_,1,Drugs,"{'id': 1, 'name': 'Drugs', 'created_at': '-000001-11-30T00:00:00.000000Z', 'updated_at': '2022-03-17T16:53:12.000000Z', 'deleted_at': None}",235,Spironolactone,,C4-0947,1,Tablet,1,Oral,25 mg,565,Uwans Ventures Limited,2025-11-26,2030-11-25,Active,Tablet,"1 x 500&#039;s (in jars), 5 x 10&#039;s, 2 x 14&#039;s (in blisters)","Each tablet contains: Spironolactone 25 mg
Excipients q.s.",https://admin.greenbook.nafdac.gov.ng/uploadImage/smpc_files/2025/12/30/202512309766233d-c82d-5516-8551-e3c5316248bc.pdf,C03DA01,https://greenbook.nafdac.gov.ng/products/details/12401,2026-09-27T21:22:20.085187+00:00
Greenbook NAFDAC,956,7867,Bedixa 0.5 mg Tablets##,1,Drugs,"{'id': 1, 'name': 'Drugs', 'created_at': '-000001-11-30T00:00:00.000000Z', 'updated_at': '2022-03-17T16:53:12.000000Z', 'deleted_at': None}",770,Dexamethasone,,B4-0703,1,Tablet,1,Oral,0.5 mg,664,Hanbet Pharmaceuticals Limited,2021-05-27,2026-05-26,Inactive,"Tablet
White, round and flat caplets with beveled edges",10 x 10&#039;s (in PVC-Alu blisters),"Each tablet contains: Dexamethasone BP 0.5 mg
Excipients q.s.",https://admin.greenbook.nafdac.gov.ng/uploadImage/smpc_files/2024/09/12/20240912901ae3ad-8eed-52f5-b42f-cd0d4be2cf33.pdf,,https://greenbook.nafdac.gov.ng/products/details/7867,2026-09-27T21:22:20.085187+00:00
Greenbook NAFDAC,957,7868,Bedixa Tablet**,1,Drugs,"{'id': 1, 'name': 'Drugs', 'created_at': '-000001-11-30T00:00:00.000000Z', 'updated_at': '2022-03-17T16:53:12.000000Z', 'deleted_at': None}",770,Dexamethasone,,B4-0718,1,Tablet,1,Oral,1 mg,664,Hanbet Pharmaceuticals Limited,2021-03-29,2026-03-28,Inactive,"Tablet
White, round and flat caplets with bevelled edges",10 x 10&#039;s (in PVC/Alu blisters),Each tablet contains: Dexamethasone BP 1 mg,https://admin.greenbook.nafdac.gov.ng/uploadImage/smpc_files/2024/08/15/202408153de25f26-b2bb-5074-ad99-7fbd29f8256a.pdf,,https://greenbook.nafdac.gov.ng/products/details/7868,2026-09-27T21:22:20.085187+00:00
Greenbook NAFDAC,958,12402,Bedozym 5 Tablets_,1,Drugs,"{'id': 1, 'name': 'Drugs', 'created_at': '-000001-11-30T00:00:00.000000Z', 'updated_at': '2022-03-17T16:53:12.000000Z', 'deleted_at': None}",229,Bendroflumethiazide,Bendrofluazide,B4-5606,1,Tablet,1,Oral,5 mg,751,ZMC International Limited,2025-11-26,2030-11-25,Active,Tablet,"50 x 10&#039;s, 2 x 14&#039;s (in Alu-PVC blisters)","Each tablet contains: Bendrofluazide BP 5 mg
Excipients q.s.

",https://admin.greenbook.nafdac.gov.ng/uploadImage/smpc_files/2025/12/23/20251223914ab536-2b13-595c-8e8e-5fda27134fb7.pdf,C03AA01,https://greenbook.nafdac.gov.ng/products/details/12402,2026-09-27T21:22:20.085187+00:00
Greenbook NAFDAC,959,8398,Bellartem 80/480 Tablets**,1,Drugs,"{'id': 1, 'name': 'Drugs', 'created_at': '-000001-11-30T00:00:00.000000Z', 'updated_at': '2022-03-17T16:53:12.000000Z', 'deleted_at': None}",528,Artemether; Lumefantrine,,C4-0692,1,Tablet,1,Oral,80 mg; 480 mg,1025,BellBag Pharmaceuticals Ltd,2024-09-25,2029-09-24,Active,Tablet,1 x 6&#039;s,"Each tablet contains: Artemether 80 mg, Lumefantrine 120 mg",https://admin.greenbook.nafdac.gov.ng/uploadImage/smpc_files/2024/11/18/202411187d903174-8607-5a15-ad67-bfa87374ccf0.pdf,P01BF01,https://greenbook.nafdac.gov.ng/products/details/8398,2026-09-27T21:22:20.085187+00:00
Greenbook NAFDAC,960,2817,Bellartem Powder For Oral Suspension 20/120 mg##,1,Drugs,"{'id': 1, 'name': 'Drugs', 'created_at': '-000001-11-30T00:00:00.000000Z', 'updated_at': '2022-03-17T16:53:12.000000Z', 'deleted_at': None}",528,Artemether; Lumefantrine,,C4-1302,72,Powder for suspension,1,Oral,20 mg/5 mL; 120 mg/5 mL,1025,BellBag Pharmaceuticals Ltd,2020-11-30,2025-11-29,Inactive,Powder for Oral Suspension,,"Each 5 mL reconstituted suspension contains: Artemether 20 mg, Lumefantrine 120 mg",,P01BF01,https://greenbook.nafdac.gov.ng/products/details/2817,2026-09-27T21:22:20.085187+00:00
Greenbook NAFDAC,961,8399,Bellartem Tablets - 20/120**,1,Drugs,"{'id': 1, 'name': 'Drugs', 'created_at': '-000001-11-30T00:00:00.000000Z', 'updated_at': '2022-03-17T16:53:12.000000Z', 'deleted_at': None}",528,Artemether; Lumefantrine,,C4-0691,1,Tablet,1,Oral,20 mg; 120 mg,1025,BellBag Pharmaceuticals Ltd,2024-09-25,2029-09-24,Active,Tablet,1 x 24&#039;s,"Each tablet contains: Artemether 20 mg, Lumefantrine 120 mg",https://admin.greenbook.nafdac.gov.ng/uploadImage/smpc_files/2024/11/18/20241118af927929-1fcb-536f-bdcf-e9df2526d159.pdf,P01BF01,https://greenbook.nafdac.gov.ng/products/details/8399,2026-09-27T21:22:20.085187+00:00
Greenbook NAFDAC,962,4089,BellBag Azithromycin Tablets 500 mg**,1,Drugs,"{'id': 1, 'name': 'Drugs', 'created_at': '-000001-11-30T00:00:00.000000Z', 'updated_at': '2022-03-17T16:53:12.000000Z', 'deleted_at': None}",475,Azithromycin (Azithromycin Dihydrate),,C4-1304,1,Tablet,1,Oral,500 mg,1025,BellBag Pharmaceuticals Ltd,2020-11-30,2025-11-29,Inactive,Tablet,,Azithromycin 500 mg,,J01FA10,https://greenbook.nafdac.gov.ng/products/details/4089,2026-09-27T21:22:20.085187+00:00
Greenbook NAFDAC,963,8681,BellBag Cefixime**,1,Drugs,"{'id': 1, 'name': 'Drugs', 'created_at': '-000001-11-30T00:00:00.000000Z', 'updated_at': '2022-03-17T16:53:12.000000Z', 'deleted_at': None}",441,Cefixime (Cefixime Trihydrate),,C4-1859,1,Tablet,1,Oral,400 mg,1025,BellBag Pharmaceuticals Ltd,2021-09-28,2026-09-27,Active,"Film Coated Tablets.
A white coloured, oblong shaped, biconvex, film coated tablet with break line on one side and plain on other side",1 x 10&#039;s (in Alu-Alu blister),"Cefixime Tablets USP 400 mg.
Each film coated tablet contains: Cefixime USP as Trihydrate equiv. to Anhydrous Cefixime 400 mg, Excipients q.s.
Colour: Titanium Dioxide BP",https://admin.greenbook.nafdac.gov.ng/uploadImage/smpc_files/2024/11/27/2024112795b8849e-894b-5351-8f98-446eef26a703.pdf,J01DD08,https://greenbook.nafdac.gov.ng/products/details/8681,2026-09-27T21:22:20.085187+00:00
Greenbook NAFDAC,964,8682,BellBag Cefuroxime Tablets**,1,Drugs,"{'id': 1, 'name': 'Drugs', 'created_at': '-000001-11-30T00:00:00.000000Z', 'updated_at': '2022-03-17T16:53:12.000000Z', 'deleted_at': None}",456,Cefuroxime (Cefuroxime Axetil),,C4-1858,1,Tablet,1,Oral,500 mg,1025,BellBag Pharmaceuticals Ltd,2021-09-28,2026-09-27,Active,Tablet,1 x 10&#039;s (in blister),Cefuroxime 500 mg,,,https://greenbook.nafdac.gov.ng/products/details/8682,2026-09-27T21:22:20.085187+00:00
Greenbook NAFDAC,965,4291,BellBag Serratiopeptidase Tablets**,1,Drugs,"{'id': 1, 'name': 'Drugs', 'created_at': '-000001-11-30T00:00:00.000000Z', 'updated_at': '2022-03-17T16:53:12.000000Z', 'deleted_at': None}",123,Serratiopeptidase,,C4-1303,1,Tablet,1,Oral,10 mg,1025,BellBag Pharmaceuticals Ltd,2020-11-30,2025-11-29,Inactive,Tablet,,"Each tablet contains: Serratiopeptidase 10 mg equiv. to 20,000 Serratiopeptidase Units",,A09AA02,https://greenbook.nafdac.gov.ng/products/details/4291,2026-09-27T21:22:20.085187+00:00
Greenbook NAFDAC,966,2818,Benart Tablet##,1,Drugs,"{'id': 1, 'name': 'Drugs', 'created_at': '-000001-11-30T00:00:00.000000Z', 'updated_at': '2022-03-17T16:53:12.000000Z', 'deleted_at': None}",528,Artemether; Lumefantrine,,C4-1349,1,Tablet,1,Oral,80 mg; 480 mg,987,Benochi Pharmaceutical Industry Limited,2020-12-21,2025-12-20,Inactive,Tablet,,"Each tablet contains: Artemether 80 mg, Lumefantrine 480 mg",,P01BF01,https://greenbook.nafdac.gov.ng/products/details/2818,2026-09-27T21:22:20.085187+00:00
Greenbook NAFDAC,967,3176,Bencoreg Tablet##,1,Drugs,"{'id': 1, 'name': 'Drugs', 'created_at': '-000001-11-30T00:00:00.000000Z', 'updated_at': '2022-03-17T16:53:12.000000Z', 'deleted_at': None}",621,Glibenclamide,Glyburide,C4-1358,1,Tablet,1,Oral,5 mg,253,Onifam Laboratories Limited,2020-12-21,2025-12-20,Inactive,Tablet,,Each tablet contains: Glibenclamide 5 mg,,A10BB01,https://greenbook.nafdac.gov.ng/products/details/3176,2026-09-27T21:22:20.085187+00:00
Greenbook NAFDAC,968,6037,Bendex Suspension##,1,Drugs,"{'id': 1, 'name': 'Drugs', 'created_at': '-000001-11-30T00:00:00.000000Z', 'updated_at': '2022-03-17T16:53:12.000000Z', 'deleted_at': None}",576,Pyrantel (Pyrantel Pamoate),, A11-0695,102,Suspension,1,Oral,250 mg/5 mL,320,Unique AgroChem Ltd,2023-09-28,2028-09-27,Active,"Oral Liquid Suspension

37	RNW-PP-338707	BENDEX SUSPENSION	PYRANTEL PAMOATE SUSPENSION	Each 5ml Suspension contains: Pyrantel base (as Pyrantel Pamoate BP) 250mg, Methyl Paraben BP 10mg, Propyl Paraben BP 2.5mg, Sucrose BP 1500mg, Glycerin BP 500mg, Sodium CMC BP 11.61mg, Sodium Citrate BP 70mg, Polysorbate 80 BP 25mg, Citric Acid Monohydrate BP 17.5mg, Tartrazine Yellow 0.75mg, Pineapple Flavour 25mg, Purified Water BP …. Qs… to 5ml	A11-0695	Drugs	Nigerian Products	1*15ML	Prescription Only Medicine (POM)	7/20/2023	UNIQUE PHARMACEUTICALS LIMITED, FATAI ATERE WAY MATORI, MUSHIN LAGOS LAGOS	8097421000	mail@uniquepharm.com	UNIQUE PHARMACEUTICALS LIMITED, 11, FATAI ATERE WAY, MATORI, MUSHIN, LAGOS., Nigeria",1 x 15 mL (in bottle),"Each contains: Pyrantel base (as Pyrantel Pamoate BP) 250 mg
Excipients: Glycerin BP, Sucrose BP, Methyl Paraben BP, Propyl Paraben BP, Sodium CMC BP, Polysorbate 80 BP, Citric Acid ** Monohydrate BP, Citric Acid anhydrous BP, Sodium Citrate BP, Tartrazine Yellow IHS, Pineapple Flavor IHS, Purified Water BP",https://admin.greenbook.nafdac.gov.ng/uploadImage/smpc_files/2023/10/07/20231007b2fc5ea6-b15c-5e44-a109-e2f12a2bc48a.pdf,P02CC01,https://greenbook.nafdac.gov.ng/products/details/6037,2026-09-27T21:22:20.085187+00:00
Greenbook NAFDAC,969,3295,Bendrofluazide Tablets##,1,Drugs,"{'id': 1, 'name': 'Drugs', 'created_at': '-000001-11-30T00:00:00.000000Z', 'updated_at': '2022-03-17T16:53:12.000000Z', 'deleted_at': None}",229,Bendroflumethiazide,Bendrofluazide,B4-5606,1,Tablet,1,Oral,5 mg,751,ZMC International Limited,2020-12-21,2025-12-20,Inactive,Tablet,,Each tablet contains: Bendroflumethiazide 5 mg,,C03AA01,https://greenbook.nafdac.gov.ng/products/details/3295,2026-09-27T21:22:20.085187+00:00
Greenbook NAFDAC,970,7143,Bendroflumethiazide 2.5 mg Tablets##,1,Drugs,"{'id': 1, 'name': 'Drugs', 'created_at': '-000001-11-30T00:00:00.000000Z', 'updated_at': '2022-03-17T16:53:12.000000Z', 'deleted_at': None}",229,Bendroflumethiazide,Bendrofluazide,B4-9204,1,Tablet,1,Oral,2.5 mg,751,ZMC International Limited,2024-01-31,2029-01-30,Active,"Uncoated Tablets

54	RNW-PP-347412	BENDROFLUMETHIAZIDE 2.5MG TABLETS	BENDROFLUMETHIAZIDE 2.5MG	EACH TABLET CONTAINS BENDROFLUMETH47412IAZIDE 2.5MG EXCIPIENTS Lactose, pregelatinised starch, purified talc and stearic acid.	B4-9204	Drugs	Imported Products	2X14	Prescription Only Medicine (POM)	8/9/2023	ZMC INTERNATIONAL LIMITED., 7A NIGER STREET,KANO, KANO STATE, NIGERIA	576768789	zmcinternational18@gmail.com	CAMBRIDGE HEALTH CARE LTD, 257 GIDC PHASE I MODHERA ROAD MEHSANA GUJARAT INDIA, India",2 x 14&#039;s (in PVC-Alu blisters),"Each Uncoated tablets contains; Bendroflumethiazide BP 2.5 mg
Excipients q.s ",https://admin.greenbook.nafdac.gov.ng/uploadImage/smpc_files/2024/02/17/20240217cd8f5b36-0c94-5282-ba4d-0561ca5fc1df.pdf,C03AA01,https://greenbook.nafdac.gov.ng/products/details/7143,2026-09-27T21:22:20.085187+00:00
Greenbook NAFDAC,971,3008,Benochi Albendazole Tablet##,1,Drugs,"{'id': 1, 'name': 'Drugs', 'created_at': '-000001-11-30T00:00:00.000000Z', 'updated_at': '2022-03-17T16:53:12.000000Z', 'deleted_at': None}",570,Albendazole,,C4-1235,1,Tablet,1,Oral,200 mg,987,Benochi Pharmaceutical Industry Limited,2020-11-10,2025-11-09,Inactive,Tablet,,Each tablet contains: Albendazole 200 mg,,P02CA03,https://greenbook.nafdac.gov.ng/products/details/3008,2026-09-27T21:22:20.085187+00:00
Greenbook NAFDAC,972,7984,Bentarpen Injection**,1,Drugs,"{'id': 1, 'name': 'Drugs', 'created_at': '-000001-11-30T00:00:00.000000Z', 'updated_at': '2022-03-17T16:53:12.000000Z', 'deleted_at': None}",427,Benzathine benzylpenicillin,,A4-9168,70,Powder for injection,9,Intramuscular,"2,400,000 IU",985,Sterling Drugs Limited,2021-06-24,2026-06-23,Inactive,Powder for solution for injection in vial,1 x 50&#039;s (in vials),"Benzathine Benzylpenicillin B.P. 2,400,000 IU.
Each Vial contains: Benzathine Benzylpenicillin BP 2,400,000 UNITS (2.0 g) 
Buffering Agent: Anhydrous Sodium Citrate USP",https://admin.greenbook.nafdac.gov.ng/uploadImage/smpc_files/2024/09/29/202409293549f194-2642-523a-963f-c48d3ddefb7a.pdf,J01CE08,https://greenbook.nafdac.gov.ng/products/details/7984,2026-09-27T21:22:20.085187+00:00
Greenbook NAFDAC,973,7398,Benylin 4 Flu Syrup##,1,Drugs,"{'id': 1, 'name': 'Drugs', 'created_at': '-000001-11-30T00:00:00.000000Z', 'updated_at': '2022-03-17T16:53:12.000000Z', 'deleted_at': None}",1599,Paracetamol; Pseudoephedrine Hydrochloride; Diphenhydramine Hydrochloride,,B4-9043,103,Syrup,1,Oral,1000 mg/20 mL; 45 mg/20 mL; 25 mg/20 mL,271,Phillips Pharmaceuticals (Nigeria) Limited,2024-01-31,2029-01-30,Active,"Syrup
A clear, orange liquid with a characteristic honey and lemon odor and taste

51	RNW-PP-344496	Benylin 4 Flu Syrup	DIPHENHYDRAMINE HYDROCHLORIDE 25.0MG, PSEUDOEPHEDRINE 45MG, PARACETAMOL 1000MG	Diphhenylhydramine Hydrochloride 25mg, Pseudo Ephedrine 45mg	B4-9043	Drugs	Imported Products	1*100ml, 1*200ml	Prescription Only Medicine (POM)	7/28/2023	PHILLIPS PHARMACEUTICALS (NIGERIA) LIMITED, PLOT 122-123 AFRIPRINT ESTATE, ISOLO	8035493198	samson.omattah@phillipsnigeria.com	Johnson &amp; Johnson (PTY) Limited, 241, Main Road, Retreat, Cape Town, 7945, South Africa., South Africa","1 x 100 mL, 1 x 200 mL (in amber glass bottles)","Each 20 mL of liquid contains: Diphenhydramine Hydrochloride 25,0 mg, Pseudoephedrine Hydrochloride 45,0 mg, Paracetamol 1 000,0 mg
Excipients with known effect:
Preservatives: Sodium Benzoate 0,2% m/v, Alcohol 9,9% v/v
Each 20 mL contains Sweetener: Saccharin Sodium 112 mg 
Sugar free
Excipients q.s.",https://admin.greenbook.nafdac.gov.ng/uploadImage/smpc_files/2024/02/17/202402175c19a300-a8fd-5333-afe4-0752a7019296.pdf,R01BA52,https://greenbook.nafdac.gov.ng/products/details/7398,2026-09-27T21:22:20.085187+00:00
Greenbook NAFDAC,974,5584,Benylin Children's Wet Cough##,1,Drugs,"{'id': 1, 'name': 'Drugs', 'created_at': '-000001-11-30T00:00:00.000000Z', 'updated_at': '2022-03-17T16:53:12.000000Z', 'deleted_at': None}",409,Guaifenesin,Glyceryl Guaiacolate,B4-8279,103,Syrup,1,Oral,100 mg/10 mL,1084,J &amp; J Company West Africa Limited,2023-04-26,2028-04-25,Active,"Liquid
A clear, colorless to straw-colored, syrupy liquid with a strawberry odor and taste

BENYLIN CHILDREN&#039;S WET COUGH	GUAIFENESIN	Guaifenesin 100,000 mg, Sodium Benzoate 10,000 mg, Glycerine 1894,000 mg, Sodium Citrate Hydrous 57,000 mg, Citric Acid Hydrous 22,000 mg , Saccharin Sodium 16,000 mg, Sodium Cyclamate 13,000 mg, Sorbitol Solution 70% approx. 6710,000 mg, Sodium Carboxymethyl Cellulose 7 MF 96,000 mg, Strawberry Flavour 75051-33 30,90 mg, Water purified 3,500 ml.	B4-8279	Drugs	Imported Products	100ml	Over The Counter (OTC)	28/11/2022	J &amp; J COMPANY WEST AFRICA LIMITED, SINARI DARANIJO STREET, VICTORIA ISLAND LAGOS LAGOS	9062881239	DL-CONZACTCTRegulatoryAffairs@JNJZA.JNJ.com	Johnson &amp; Johnson (PTY) Ltd, 241, Main Road, Retreat, Cape Town, 7945, South Africa, South Africa",1 x 100 mL (in bottle),"Each 10 mL contains: Guaifenesin 100 mg
Preservative: Sodium Benzoate 0,1 % m/v
Contains sweeteners: Each 10 mL contains 16 mg Saccharin Sodium, Sodium Cyclamate 13 mg
Contains sugar alcohol: Each 10 mL contains Sorbitol 6.71 g
Excipients q.s.",https://admin.greenbook.nafdac.gov.ng/uploadImage/smpc_files/2023/09/25/20230925a8d5df3b-ce84-59c9-8df6-9deb3d1c145e.pdf,R05CA03,https://greenbook.nafdac.gov.ng/products/details/5584,2026-09-27T21:22:20.085187+00:00
Greenbook NAFDAC,975,5616,Benylin Dry Cough Syrup## (check composition),1,Drugs,"{'id': 1, 'name': 'Drugs', 'created_at': '-000001-11-30T00:00:00.000000Z', 'updated_at': '2022-03-17T16:53:12.000000Z', 'deleted_at': None}",408,Dextromethorphan Hydrobromide,DXM,B4-7111,103,Syrup,1,Oral,15 mg/5 mL,1084,J &amp; J Company West Africa Limited,2023-04-26,2028-04-25,Active,"Syrup
Dark brown syrup with a faint odor of methanol and raspberries

Benylin Dry Cough Syrup	DEXTROMETHORPHAN 15mg/5ml	DEXTROMETHORPHAN 15mg/5ml, Sodium Benzoate 0.5%m/v, Sugar Free, Alcohol Free, Sorbitol, Glycerine.	B4-7111	Drugs	Imported Products	100ml,200ml	Over The Counter (OTC)	23/03/2022	J &amp; J COMPANY WEST AFRICA LIMITED, SINARI DARANIJO STREET, VICTORIA ISLAND LAGOS LAGOS	9062881239	DL-CONZACTCTRegulatoryAffairs@JNJZA.JNJ.com	Johnson &amp; Johnson (PTY) Ltd, 241, Main Road, Retreat, Cape Town, 7945, South Africa, South Africa				","1 x 100 mL, 1 x 200 mL (in amber glass bottles)","Each 5 mL syrup contains: Dextromethorphan Hydrobromide 15 mg
Excipients with known effects:
Preservative: Sodium Benzoate 0.5% m/v
Each 5 mL contains sweetener: Sodium Cyclamate 20 mg, Saccharin Sodium 1.5 mg 
Each 5 mL contains sugar alcohol: Sorbitol 2.5 mg 
Sugar and Alcohol free
Excipients q.s.",https://admin.greenbook.nafdac.gov.ng/uploadImage/smpc_files/2023/09/29/2023092924e2c82e-b5ce-55d8-bbeb-a5425be792a1.pdf,R05DA09,https://greenbook.nafdac.gov.ng/products/details/5616,2026-09-27T21:22:20.085187+00:00
Greenbook NAFDAC,976,5621,Benylin Original Syrup## (check composition),1,Drugs,"{'id': 1, 'name': 'Drugs', 'created_at': '-000001-11-30T00:00:00.000000Z', 'updated_at': '2022-03-17T16:53:12.000000Z', 'deleted_at': None}",1050,Diphenhydramine HCl; Ammonium chloride,,B4-7109,103,Syrup,1,Oral,12.5 mg/5 mL; 125 mg/5 mL,1084,J &amp; J Company West Africa Limited,2023-04-26,2028-04-25,Active,"Syrup
A clear, dark brown syrup having a raspberry odor and taste

Benylin Original Syrup	DIPHENHYDRAMINE HCL, AMMONIUM CHLORIDE	Alcohol 5%, Sugar 1.0g, Glucose 2.3ml, Preserved with Sodium Benzoate 0.2%m/v	B4-7109	Drugs	Imported Products	100ml,200ml	Over The Counter (OTC)	03/02/2022	J &amp; J COMPANY WEST AFRICA LIMITED, SINARI DARANIJO STREET, VICTORIA ISLAND LAGOS LAGOS	9062881239	DL-CONZACTCTRegulatoryAffairs@JNJZA.JNJ.com	Johnson &amp; Johnson (PTY) Limited, 241, Main Road, Retreat, Cape Town, 7945, South Africa., South Africa							","1 x 100 mL, 1 x 200 mL (in amber glass bottles)","Each 5 mL contains: Diphenhydramine Hydrochloride 12.5 mg, Ammonium Chloride 125 mg
Excipients with known effects: Ethanol 97 % v/v
Preservative: Sodium benzoate 0,2 % v/v
Each 5 mL contains sugar: Sucrose 1 g and Glucose 2.3 mL
Each 5 mL contains sweetener: Saccharin Sodium 15.5 mg and Sodium Cyclamate 20 mg
Excipients q.s.",https://admin.greenbook.nafdac.gov.ng/uploadImage/smpc_files/2023/09/29/202309296d5211b4-8289-5cd5-b5d3-328be4e49678.pdf,R06AA52,https://greenbook.nafdac.gov.ng/products/details/5621,2026-09-27T21:22:20.085187+00:00
Greenbook NAFDAC,977,4733,Benylin Paediatric Syrup## (check composition),1,Drugs,"{'id': 1, 'name': 'Drugs', 'created_at': '-000001-11-30T00:00:00.000000Z', 'updated_at': '2022-03-17T16:53:12.000000Z', 'deleted_at': None}",1234,Diphenhydramine Hydrochloride,,B4-7110,103,Syrup,1,Oral,7 mg/5 mL,1084,J &amp; J Company West Africa Limited,2023-05-25,2028-05-24,Active,"Syrup
A clear, bright red syrup having a raspberry odor and taste

Benylin Paediatric Syrup	DIPHENHYDRAMINE HYDROCHLORIDE 7MG/5M	Diphenhydramine HCL 7mg, Alcohol 5%v/v, Preserved with Sodium Benzoate 0.5%m/v contains Sugar	B4-7110	Drugs	Imported Products	100ml	Over The Counter (OTC)	3/23/2022	J &amp; J COMPANY WEST AFRICA LIMITED, SINARI DARANIJO STREET, VICTORIA ISLAND LAGOS LAGOS	9062881239	DL-CONZACTCTRegulatoryAffairs@JNJZA.JNJ.com	Johnson &amp; Johnson (PTY) Ltd, 241, Main Road, Retreat, Cape Town, 7945, South Africa, South Africa",1 x 100 mL (in amber plastic bottle),"Each 5 mL contains: Diphenhydramine Hydrochloride 7 mg
Excipients with known effect:
Preservative: Sodium Benzoate 0.5 % m/v
Contains Alcohol: Ethanol 95 %: 5 % v/v
Each 5 mL sugar contains: Sucrose 1.5 mg and Glucose 3.5 g
Each 5 mL sweetener contains: Saccharin Sodium 15 mg
Excipients q.s.",https://admin.greenbook.nafdac.gov.ng/uploadImage/smpc_files/2023/08/22/20230822b6af47c2-dbb7-5811-bbd0-794a0c21df53.pdf,R06AA02,https://greenbook.nafdac.gov.ng/products/details/4733,2026-09-27T21:22:20.085187+00:00
Greenbook NAFDAC,978,5585,Benylin Wet Cough Menthol Syrup## (check composition),1,Drugs,"{'id': 1, 'name': 'Drugs', 'created_at': '-000001-11-30T00:00:00.000000Z', 'updated_at': '2022-03-17T16:53:12.000000Z', 'deleted_at': None}",409,Guaifenesin,Glyceryl Guaiacolate,B4-7112,103,Syrup,1,Oral,200 mg,1084,J &amp; J Company West Africa Limited,2023-03-28,2028-03-27,Active,"Liquid
A clear, colorless to straw-colored, syrupy liquid with a strawberry odor and taste

71	RNW-PP-254765	Benylin Wet Cough Menthol Syrup	GUAIFENESIN	Guaifenesin 200 mg, Sugar Granulated 2000 mg, Glucose Liquid 42 Be 5,0 ml, Glycerine 394 mg, Citric Acid Hydrous 24 mg, Sodium Citrate Hydrous 114 mg, Sodium Benzoate 20 mg, Saccharin Sodium 30 mg, Caramel Flavour LR 20984 20 µl, Peppermint Flavour 87080-C 2 µl, * Denatured Alcohol Menthol 0,02 % 1 ml, Menthol 10 mg, F D &amp; C Blue No. 1 (C.I. No. 42090) 0,188 mg, F D &amp; C Red No. 40 (C.I. No. 16035) 1,350 mg, D &amp; C Yellow No. 10 (C.I No. 47005) 2,10, Water Purified approx. 2,4	B4-7112	Drugs	VARIOUS	Imported Products	100ml 50ml	Over The Counter (OTC)	3/17/2022	J &amp; J COMPANY WEST AFRICA LIMITED, SINARI DARANIJO STREET, VICTORIA ISLAND LAGOS LAGOS	9062881239	DL-CONZACTCTRegulatoryAffairs@JNJZA.JNJ.com	Johnson &amp; Johnson (PTY) Limited, 241, Main Road, Retreat, Cape Town, 7945, South Africa., South Africa	","1 x 100 mL, 1 x 50 mL (in amber plastic bottles)","Each 10 mL contains: Guaifenesin 200 mg
Excipients with known effect:
Preservative: Sodium Benzoate 0.1 % m/v
Each 10 mL sweeteners contains: Saccharin Sodium 16 mg, Sodium Cyclamate 13 mg 
Each 10 mL sugar alcohol contains: Sorbitol 4.015 g
Alcohol free and colorant free
Excipients q.s.",https://admin.greenbook.nafdac.gov.ng/uploadImage/smpc_files/2024/12/26/20241226e65c613b-90b3-53e4-a234-7e7b892e7999.pdf,R05CA03,https://greenbook.nafdac.gov.ng/products/details/5585,2026-09-27T21:22:20.085187+00:00
Greenbook NAFDAC,979,5619,Benylin Wet Cough Mucus Relief Syrup## (strength format),1,Drugs,"{'id': 1, 'name': 'Drugs', 'created_at': '-000001-11-30T00:00:00.000000Z', 'updated_at': '2022-03-17T16:53:12.000000Z', 'deleted_at': None}",409,Guaifenesin,Glyceryl Guaiacolate,B4-7113,103,Syrup,1,Oral,200 mg/10mL,1084,J &amp; J Company West Africa Limited,2023-04-26,2028-04-25,Active,"Liquid
A clear, colorless to straw-colored, syrupy liquid with a strawberry odor and taste

Benylin Wet Cough Mucus Relief Syrup	GUAIFENESIN 200MG	Sodium Benzoate 0.1%m/v, Alcohol Free, Sugar Free and Colourant Free.	B4-7113	Drugs	Imported Products	100ML	Over The Counter (OTC)	23/03/2022	J &amp; J COMPANY WEST AFRICA LIMITED, SINARI DARANIJO STREET, VICTORIA ISLAND LAGOS LAGOS	9062881239	DL-CONZACTCTRegulatoryAffairs@JNJZA.JNJ.com	Johnson &amp; Johnson (PTY) Ltd, 241, Main Road, Retreat, Cape Town, 7945, South Africa, South Africa	",1 x 100 mL (in amber glass bottles),"Each 10 mL contains: Guaifenesin 200 mg
Excipients with known effect:
Preservative: Sodium Benzoate 0.1 % m/v
Each 10 mL contains sweeteners: Saccharin Sodium 16 mg, Sodium Cyclamate 13 mg 
Each 10 mL contains sugar alcohol: Sorbitol 4.015 g
Alcohol free and colorant free
Excipients q.s.",https://admin.greenbook.nafdac.gov.ng/uploadImage/smpc_files/2023/09/28/20230928b9c7a581-2d22-5192-b0aa-8cdeb1425d8a.pdf,R05CA03,https://greenbook.nafdac.gov.ng/products/details/5619,2026-09-27T21:22:20.085187+00:00
Greenbook NAFDAC,980,8400,Benzhexol 5 mg Tablet**,1,Drugs,"{'id': 1, 'name': 'Drugs', 'created_at': '-000001-11-30T00:00:00.000000Z', 'updated_at': '2022-03-17T16:53:12.000000Z', 'deleted_at': None}",30,Trihexyphenidyl Hydrochloride (Benzhexol Hydrochloride),Benzhexol,B4-8472,1,Tablet,1,Oral,5 mg,357,Longer Life Health Care Limited,2024-09-25,2029-09-24,Active,Tablet,1 x 500&#039;s,Each tablet contains: Benzhexol BP 5 mg,https://admin.greenbook.nafdac.gov.ng/uploadImage/smpc_files/2024/11/28/20241128de21c3b1-09ba-55de-9223-bfb0f95994a3.pdf,,https://greenbook.nafdac.gov.ng/products/details/8400,2026-09-27T21:22:20.085187+00:00
Greenbook NAFDAC,981,4088,Benzhexol 5 mg Tablets##,1,Drugs,"{'id': 1, 'name': 'Drugs', 'created_at': '-000001-11-30T00:00:00.000000Z', 'updated_at': '2022-03-17T16:53:12.000000Z', 'deleted_at': None}",30,Trihexyphenidyl Hydrochloride (Benzhexol Hydrochloride),Benzhexol,C4-1385,1,Tablet,1,Oral,5 mg,218,Malven Medics International Company Ltd,2020-12-21,2025-12-20,Inactive,Tablet,,Each tablet contains: Trihexyphenidyl Hydrochloride 5 mg,,N04AA01,https://greenbook.nafdac.gov.ng/products/details/4088,2026-09-27T21:22:20.085187+00:00
Greenbook NAFDAC,982,12403,Benzhexol 5 mg Tablets_,1,Drugs,"{'id': 1, 'name': 'Drugs', 'created_at': '-000001-11-30T00:00:00.000000Z', 'updated_at': '2022-03-17T16:53:12.000000Z', 'deleted_at': None}",30,Trihexyphenidyl Hydrochloride (Benzhexol Hydrochloride),Benzhexol,C4-1101,1,Tablet,1,Oral,5 mg,576,All StarBase Pharm Limited,2025-11-26,2030-11-25,Active,"Tablet.
White, circular shaped, flat, uncoated tablet, embossing of &quot;BXL&quot; above break line and &quot;5&quot; below break line one side and plain on other side",1 x 500&#039;s (in LDPE bag),"Each tablet contains: Benzhexol 5 mg
Excipients q.s.",https://admin.greenbook.nafdac.gov.ng/uploadImage/smpc_files/2025/12/30/202512304ace493a-7b52-5c85-a849-911767bfd154.pdf,N04AA01,https://greenbook.nafdac.gov.ng/products/details/12403,2026-09-27T21:22:20.085187+00:00
Greenbook NAFDAC,983,8382,Benzhexol Hydrochloride Tablet**,1,Drugs,"{'id': 1, 'name': 'Drugs', 'created_at': '-000001-11-30T00:00:00.000000Z', 'updated_at': '2022-03-17T16:53:12.000000Z', 'deleted_at': None}",30,Trihexyphenidyl Hydrochloride (Benzhexol Hydrochloride),Benzhexol,A4-101052,1,Tablet,1,Oral,5 mg,186,GoldMoore International Limited,2024-09-25,2029-09-24,Active,"Uncoated tablet.
White coloured, circular, flat, bevelled uncoated tablet having embossed ‘HEXOL/5’ on one side and plain on the other side of each tablet",1 x 500&#039;s (in HDPE jar),"Benzhexol Tablets BP 5 mg.
Each uncoated tablet contains: Benzhexol hydrochloride (Trihexyphenidyl hydrochloride BP) 5 mg, Excipients Q.S.",https://admin.greenbook.nafdac.gov.ng/uploadImage/smpc_files/2024/11/03/20241103fdb4cc85-b2fc-525f-9c6e-bc30f8dcc703.pdf,N04AA01,https://greenbook.nafdac.gov.ng/products/details/8382,2026-09-27T21:22:20.085187+00:00
Greenbook NAFDAC,984,8378,Benzhexol Tablet 5 mg**,1,Drugs,"{'id': 1, 'name': 'Drugs', 'created_at': '-000001-11-30T00:00:00.000000Z', 'updated_at': '2022-03-17T16:53:12.000000Z', 'deleted_at': None}",30,Trihexyphenidyl Hydrochloride (Benzhexol Hydrochloride),Benzhexol,A4-101032,1,Tablet,1,Oral,5 mg,1202,Tim Great Pharmaceutical Ventures Ltd,2024-09-25,2029-09-24,Active,Uncoated tablet,1 x 500&#039;s (in bottle),"Benzhexol hydrochloride (Trihexyphenidyl hydrochloride) BP 5 mg.
Each uncoated tablet contains: Benzhexol hydrochloride BP 5 mg, Excipients Q.S.",https://admin.greenbook.nafdac.gov.ng/uploadImage/smpc_files/2024/11/02/20241102980d5024-6da6-5499-8b2c-67cf117d3212.pdf,N04AA01,https://greenbook.nafdac.gov.ng/products/details/8378,2026-09-27T21:22:20.085187+00:00
Greenbook NAFDAC,985,7870,Benzhexol Tablet**,1,Drugs,"{'id': 1, 'name': 'Drugs', 'created_at': '-000001-11-30T00:00:00.000000Z', 'updated_at': '2022-03-17T16:53:12.000000Z', 'deleted_at': None}",30,Trihexyphenidyl Hydrochloride (Benzhexol Hydrochloride),Benzhexol,C4-1581,1,Tablet,1,Oral,5 mg,367,Excel Charis Pharmaceutical Chemical Limited,2021-02-25,2026-02-24,Inactive,Uncoated tablets,1 x 500&#039;s (in a jar),"Benzhexol Tablets BP 5 mg.
Each uncoated tablet contains: Benzhexol Hydrochloride BP 5 mg, Excipients Q.S.",https://admin.greenbook.nafdac.gov.ng/uploadImage/smpc_files/2024/09/22/20240922fd34d889-b688-5b94-9447-718dbac5116c.pdf,N04AA01,https://greenbook.nafdac.gov.ng/products/details/7870,2026-09-27T21:22:20.085187+00:00
Greenbook NAFDAC,986,3994,Benzhexol Tablets##,1,Drugs,"{'id': 1, 'name': 'Drugs', 'created_at': '-000001-11-30T00:00:00.000000Z', 'updated_at': '2022-03-17T16:53:12.000000Z', 'deleted_at': None}",30,Trihexyphenidyl Hydrochloride (Benzhexol Hydrochloride),Benzhexol,B4-6017,1,Tablet,1,Oral,5 mg,449,Great Timec Pharma Nigeria Limited,2021-08-26,2026-08-25,Inactive,"Tablet
White colored round, flat, beveled, uncoated tablets with &quot;Bnxol/5&quot; embossed on one side &amp; other side plain of each tablet",1 x 500&#039;s (in a jar),Each uncoated tablet contains: Trihexyphenidyl Hydrochloride BP 5 mg,https://admin.greenbook.nafdac.gov.ng/uploadImage/smpc_files/2023/05/28/20230528927bcf79-754d-5680-b0a0-7fd4a2d58416.pdf,N04AA01,https://greenbook.nafdac.gov.ng/products/details/3994,2026-09-27T21:22:20.085187+00:00
Greenbook NAFDAC,987,7307,Benzylpenicillin Injection**,1,Drugs,"{'id': 1, 'name': 'Drugs', 'created_at': '-000001-11-30T00:00:00.000000Z', 'updated_at': '2022-03-17T16:53:12.000000Z', 'deleted_at': None}",428,Benzylpenicillin sodium,Penicillin G sodium,B4-8000,70,Powder for injection,29,Intravenous; Intramuscular,1 MU,179,Geneith Pharmaceuticals Limited,2024-04-30,2029-05-01,Active,White or almost white crystalline powder for solution for injection in a glass vial,1 x 10&#039;s (in glass vial),"Each vial contains: Benzylpenicillin Sodium BP equiv. to Benzylpenicillin 1,000,000 I.U. (600 mg), Excipients q.s.
1 MU = 1,000,000 IU = 600 mg",https://admin.greenbook.nafdac.gov.ng/uploadImage/smpc_files/2024/05/13/2024051348284b34-f067-510a-9d52-f445b07ba317.pdf,J01CE01,https://greenbook.nafdac.gov.ng/products/details/7307,2026-09-27T21:22:20.085187+00:00
Greenbook NAFDAC,988,6828,Benzylpenicillin Sodium for Injection 1 Meg**,1,Drugs,"{'id': 1, 'name': 'Drugs', 'created_at': '-000001-11-30T00:00:00.000000Z', 'updated_at': '2022-03-17T16:53:12.000000Z', 'deleted_at': None}",428,Benzylpenicillin sodium,Penicillin G sodium,A4-100683,70,Powder for injection,29,Intravenous; Intramuscular,1 MU,1242,Grace Lifesciences Limited,2023-12-21,2028-12-20,Active,Powder for Solution Injection in vial,1 x 10&#039;s (in vials),"Each vial contains: Benzylpenicillin Sodium BP equiv. to Benzylpenicillin 1,000,000 I.U. (1 mega or 600 mg), Excipients q.s.
1 MU = 1,000,000 IU = 600 mg

Excipient with known effect: Sodium approximately 17 mmol",https://admin.greenbook.nafdac.gov.ng/uploadImage/smpc_files/2023/12/31/20231231a89411cf-a6c6-5a40-9c7a-f4a4015e4ec2.pdf,J01CE01,https://greenbook.nafdac.gov.ng/products/details/6828,2026-09-27T21:22:20.085187+00:00
Greenbook NAFDAC,989,3954,Beoptic-N Eye Ointment##,1,Drugs,"{'id': 1, 'name': 'Drugs', 'created_at': '-000001-11-30T00:00:00.000000Z', 'updated_at': '2022-03-17T16:53:12.000000Z', 'deleted_at': None}",769,Betamethasone (Betamethasone Sodium Phosphate); Neomycin sulfate,,04-3554,58,Ointment,15,Ophthalmic,0.1%; 0.5%,408,Lin-Kabs Pharmaceutical Limited,2021-10-28,2026-10-27,Active,"Ophthalmic Ointment
White soft mass in collapsible tube",1 x 5 g (in Alu tube),"Beoptic-N Eye Ointment contains: Betamethasone Sodium Phosphate BP 0.1% w/w, Neomycin Sulfate 0.5% w/w, Paraffin Base q.s.
Excipients q.s.",https://admin.greenbook.nafdac.gov.ng/uploadImage/smpc_files/2023/05/27/202305274b7f49a2-37d2-54a2-94c3-0f67373b3154.pdf,S01CA05,https://greenbook.nafdac.gov.ng/products/details/3954,2026-09-27T21:22:20.085187+00:00
Greenbook NAFDAC,990,243,Beoptic-N Eye/Ear Drops##,1,Drugs,"{'id': 1, 'name': 'Drugs', 'created_at': '-000001-11-30T00:00:00.000000Z', 'updated_at': '2022-03-17T16:53:12.000000Z', 'deleted_at': None}",769,Betamethasone (Betamethasone Sodium Phosphate); Neomycin sulfate,,04-3555,104,Solution/Drops,28,Ophthalmic/Otic,0.1%; 0.5%,408,Lin-Kabs Pharmaceutical Limited,2021-10-28,2026-10-27,Active,"Eye Drops
Clear, colorless solution",1 x 5&#039;s (in plastic bottle),"Beoptic-N Eye/Ear Drops contains: Betamethasone Sodium Phosphate BP 0.1% w/v, Neomycin Sulfate BP 0.5% w/v, Phenyl Mercuric Nitrate (as preservative) 0,002% w/v, Aqueous Base q.s.
Excipients q.s.",https://admin.greenbook.nafdac.gov.ng/uploadImage/smpc_files/2023/05/27/202305274516ee94-ecfb-5b6c-bc32-1d98949e4e74.pdf,S03CA06,https://greenbook.nafdac.gov.ng/products/details/243,2026-09-27T21:22:20.085187+00:00
Greenbook NAFDAC,991,4860,Berlin Ciprofloxacin Tablets**,1,Drugs,"{'id': 1, 'name': 'Drugs', 'created_at': '-000001-11-30T00:00:00.000000Z', 'updated_at': '2022-03-17T16:53:12.000000Z', 'deleted_at': None}",461,Ciprofloxacin (Ciprofloxacin Hydrochloride),,B4-7283,1,Tablet,1,Oral,500 mg,786,Berlin Pharma &amp; Healthcare Ltd,2023-07-27,2028-07-26,Active,"Each tablet contains: Ciprofloxacin Hydrochloride USP equiv. to Ciprofloxacin 500 mg, Excipients q.s.
Colour: Titanium Dioxide BP",1 x 10&#039;s (in Alu-Alu blister),,https://admin.greenbook.nafdac.gov.ng/uploadImage/smpc_files/2023/08/27/202308274debaba5-5453-5eb3-abb9-ebac1320df81.pdf,J01MA02,https://greenbook.nafdac.gov.ng/products/details/4860,2026-09-27T21:22:20.085187+00:00
Greenbook NAFDAC,992,7871,Berlin Clarithromycin Tablets**,1,Drugs,"{'id': 1, 'name': 'Drugs', 'created_at': '-000001-11-30T00:00:00.000000Z', 'updated_at': '2022-03-17T16:53:12.000000Z', 'deleted_at': None}",477,Clarithromycin,,A4-100904,1,Tablet,1,Oral,500 mg,786,Berlin Pharma &amp; Healthcare Ltd,2024-06-27,2029-06-26,Active,Film-coated tablet,1 x 10&#039;s (in blister),"Each tablet contains: Clarithromycin USP 500 mg, Excipients q.s.",https://admin.greenbook.nafdac.gov.ng/uploadImage/smpc_files/2024/07/20/20240720cd50ac29-d81a-5422-b355-5c4be596f3dc.pdf,J01FA01,https://greenbook.nafdac.gov.ng/products/details/7871,2026-09-27T21:22:20.085187+00:00
Greenbook NAFDAC,993,5009,Berlin Deep Heat Cream**,1,Drugs,"{'id': 1, 'name': 'Drugs', 'created_at': '-000001-11-30T00:00:00.000000Z', 'updated_at': '2022-03-17T16:53:12.000000Z', 'deleted_at': None}",1149,Diclofenac Sodium (Diclofenac Diethylamine); Methyl salicylate; Menthol; Linseed oil,,A4-100480,4,Cream,21,Topical,1%; 10%; 5%; 3%,786,Berlin Pharma &amp; Healthcare Ltd,2023-07-27,2028-07-26,Active,"Diclofenac Diethylamine, Methyl Salicylate, Menthol &amp; Linseed Oil Gel.
Composition: Diclofenac Diethylamine BP 1.16 % w/w equiv. to Diclofenac Sodium 1.0 % w/w, Methyl Salicylate BP 10.0 % w/w, Menthol BP 5.0 % w/w, Linseed Oil BP 3.0% w/w, Benzyl Alcohol BP 1.0% w/w (as preservative) Gel Base q.s.",30 g (in Lami tube),,https://admin.greenbook.nafdac.gov.ng/uploadImage/smpc_files/2023/08/27/20230827b2ffbb18-38d1-5c26-a7b1-63e5cd35cee6.pdf,M01AB55,https://greenbook.nafdac.gov.ng/products/details/5009,2026-09-27T21:22:20.085187+00:00
Greenbook NAFDAC,994,3436,Berlin Erythromycin Tablets**,1,Drugs,"{'id': 1, 'name': 'Drugs', 'created_at': '-000001-11-30T00:00:00.000000Z', 'updated_at': '2022-03-17T16:53:12.000000Z', 'deleted_at': None}",1164,Erythromycin,,C4-1182,1,Tablet,1,Oral,500 mg,786,Berlin Pharma &amp; Healthcare Ltd,2020-11-10,2025-11-09,Inactive,,,,,J01FA01,https://greenbook.nafdac.gov.ng/products/details/3436,2026-09-27T21:22:20.085187+00:00
Greenbook NAFDAC,995,7770,Berlin Fluconazole 200 mg Tablets**,1,Drugs,"{'id': 1, 'name': 'Drugs', 'created_at': '-000001-11-30T00:00:00.000000Z', 'updated_at': '2022-03-17T16:53:12.000000Z', 'deleted_at': None}",513,Fluconazole,,A4-100901,1,Tablet,1,Oral,200 mg,786,Berlin Pharma &amp; Healthcare Ltd,2024-06-27,2029-06-26,Active,Uncoated tablet,10 x 1 x 10&#039;s (in PVC/Aluminium blisters),"Fluconazole Tablets USP 200 mg.
Each uncoated tablet contains: Fluconazole USP 200 mg",https://admin.greenbook.nafdac.gov.ng/uploadImage/smpc_files/2024/07/20/20240720ff87ce8d-cd94-5c56-a040-94ce9d8f2478.pdf,J02AC01,https://greenbook.nafdac.gov.ng/products/details/7770,2026-09-27T21:22:20.085187+00:00
Greenbook NAFDAC,996,8588,Berlin Mupirocin 2% w/w Cream**,1,Drugs,"{'id': 1, 'name': 'Drugs', 'created_at': '-000001-11-30T00:00:00.000000Z', 'updated_at': '2022-03-17T16:53:12.000000Z', 'deleted_at': None}",834,Mupirocin,,A4-101070,4,Cream,21,Topical,2%,786,Berlin Pharma &amp; Healthcare Ltd,2024-10-31,2029-10-30,Active,Topical Cream,15 g tube,"Mupirocin 2% w/w Cream.
Each gram contains: Mupirocin 20 mg (2% w/w)

Excipients:
Polyethylene Glycol (PEG) 35% w/w, Soft White Paraffin 15% w/w, Glycerin 5% w/w, Liquid Paraffin (Mineral Oil) 43% w/w",https://admin.greenbook.nafdac.gov.ng/uploadImage/smpc_files/2024/11/22/20241122c07fe7e9-54a3-510a-a942-df3bf1f80982.pdf,DA6AX09,https://greenbook.nafdac.gov.ng/products/details/8588,2026-09-27T21:22:20.085187+00:00
Greenbook NAFDAC,997,11375,Berlin Pentazocine Injection 30 mg/mL**,1,Drugs,"{'id': 1, 'name': 'Drugs', 'created_at': '-000001-11-30T00:00:00.000000Z', 'updated_at': '2022-03-17T16:53:12.000000Z', 'deleted_at': None}",54,Pentazocine (Pentazocine Lactate),,A4-101323,107,Solution for injection,31,Intravenous; Intramuscular; Subcutaneous,30 mg/mL,786,Berlin Pharma &amp; Healthcare Ltd,2025-05-27,2030-05-26,Active,Liquid Injection,1 mL x 10&#039;s (in ampoules),"Each mL contains: Pentazocine BP 30 mg (as Lactate), Sodium Chloride BP 2.8 mg, Lactic Acid BP, Water for Injection BP q.s. to 1 mL",https://admin.greenbook.nafdac.gov.ng/uploadImage/smpc_files/2025/06/23/20250623372f1429-1b87-5035-b7b0-87ce059c4169.pdf,N02AD01,https://greenbook.nafdac.gov.ng/products/details/11375,2026-09-27T21:22:20.085187+00:00
Greenbook NAFDAC,998,5010,Berlinbact Cream**,1,Drugs,"{'id': 1, 'name': 'Drugs', 'created_at': '-000001-11-30T00:00:00.000000Z', 'updated_at': '2022-03-17T16:53:12.000000Z', 'deleted_at': None}",1110,Betamethasone; Clotrimazole,,A4-100479,4,Cream,21,Topical,0.05%; 1%,786,Berlin Pharma &amp; Healthcare Ltd,2023-07-27,2028-07-26,Active,"Clotrimazole and Betamethasone Dipropionate Cream USP.
Composition: Clotrimazole USP 1.0 % w/w, Betamethasone Dipropionate USP equiv. to Betamethasone 0.05% w/w, Cream Base q.s.",30 g (in Lami tube),,https://admin.greenbook.nafdac.gov.ng/uploadImage/smpc_files/2023/08/27/20230827154c45b0-0c8e-5bde-a636-730c7cea15ad.pdf,D07CC01,https://greenbook.nafdac.gov.ng/products/details/5010,2026-09-27T21:22:20.085187+00:00
Greenbook NAFDAC,999,7872,Berlinbact N Cream**,1,Drugs,"{'id': 1, 'name': 'Drugs', 'created_at': '-000001-11-30T00:00:00.000000Z', 'updated_at': '2022-03-17T16:53:12.000000Z', 'deleted_at': None}",1106,Betamethasone; Clotrimazole; Neomycin sulfate,,A4-100900,4,Cream,21,Topical,0.05%; 1%; 0.1%,786,Berlin Pharma &amp; Healthcare Ltd,2024-06-27,2029-06-26,Active,Topical Cream,30 g (in Lami tube),"Clotrimazole, Betamethasone Dipropionate &amp; Neomycin Sulfate Cream USP.
Clotrimazole USP 1.0% w/w, Betamethasone Dipropionate USP equiv. to Betamethasone 0.05% w/w, Neomycin Sulfate USP 0.1% w/w, Cream base q.s.
Each gm cream contains: Clotrimazole USP 10 mg, Betamethasone Dipropionate USP equiv. to Betamethasone 0.5 mg, Neomycin Sulfate USP 5000 IU, Cream base q.s.",https://admin.greenbook.nafdac.gov.ng/uploadImage/smpc_files/2024/07/20/20240720646236db-a8d4-5c23-9840-5852c6c543db.pdf,D07CC01,https://greenbook.nafdac.gov.ng/products/details/7872,2026-09-27T21:22:20.085187+00:00
Greenbook NAFDAC,1000,8401,Beta-N Eye/Ear Drop**,1,Drugs,"{'id': 1, 'name': 'Drugs', 'created_at': '-000001-11-30T00:00:00.000000Z', 'updated_at': '2022-03-17T16:53:12.000000Z', 'deleted_at': None}",769,Betamethasone (Betamethasone Sodium Phosphate); Neomycin sulfate,,A4-4891,104,Solution/Drops,28,Ophthalmic/Otic,0.1%; 0.5%,166,Embassy Pharmaceutical and Chemicals Limited,2021-08-26,2026-08-25,Inactive,Eye/Ear Drops,10 mL (in dropper bottle),"Betamethasone Sodium Phosphate and Neomycin Sulphate Eye/Ear Drops.
Betamethasone sodium phosphate BP 0.1% w/v and Neomycin Sulphate BP 0.5% w/v",https://admin.greenbook.nafdac.gov.ng/uploadImage/smpc_files/2024/11/05/20241105c5cf14b2-ebb3-5edf-a961-dd04b518d5aa.pdf,,https://greenbook.nafdac.gov.ng/products/details/8401,2026-09-27T21:22:20.085187+00:00
